date,open,high,low,close,adj_close,volume
2007-04-11,104.3499984741211,104.38999938964844,104.3499984741211,104.3499984741211,31.394187927246094,1900
2007-04-12,104.41999816894531,104.41999816894531,104.3499984741211,104.41999816894531,31.415246963500977,6100
2007-04-13,104.38999938964844,104.48999786376953,104.2300033569336,104.2300033569336,31.35808563232422,3400
2007-04-16,104.2699966430664,104.2699966430664,104.1500015258789,104.19000244140625,31.346044540405273,7600
2007-04-17,104.1500015258789,104.4000015258789,104.13999938964844,104.13999938964844,31.331010818481445,28100
2007-04-18,104.19000244140625,104.2699966430664,104.1500015258789,104.16999816894531,31.340024948120117,6300
2007-04-19,104.19999694824219,104.56999969482422,104.05999755859375,104.52999877929688,31.448347091674805,47500
2007-04-20,104.54000091552734,104.54000091552734,104.44999694824219,104.47000122070312,31.430286407470703,4900
2007-04-23,104.58999633789062,104.66000366210938,104.44999694824219,104.52999877929688,31.448347091674805,1700
2007-04-24,104.58999633789062,105.30999755859375,104.41999816894531,105.25,31.66497039794922,398500
2007-04-25,105.27999877929688,105.41000366210938,105.27999877929688,105.41000366210938,31.713088989257812,16300
2007-04-26,105.43000030517578,105.5999984741211,105.29000091552734,105.5999984741211,31.770263671875,48200
2007-04-27,105.51000213623047,105.5999984741211,105.51000213623047,105.5999984741211,31.770263671875,8300
2007-04-30,105.55999755859375,105.62999725341797,105.33000183105469,105.61000061035156,31.77326011657715,15500
2007-05-01,105.2699966430664,105.43000030517578,105.2699966430664,105.33000183105469,31.777196884155273,8600
2007-05-02,105.3499984741211,105.38999938964844,105.19999694824219,105.29000091552734,31.765106201171875,4700
2007-05-03,105.37000274658203,105.4800033569336,105.19999694824219,105.30000305175781,31.768125534057617,17200
2007-05-04,105.3499984741211,105.44000244140625,105.20999908447266,105.43000030517578,31.80735206604004,4600
2007-05-07,105.31999969482422,105.41999816894531,105.30000305175781,105.41999816894531,31.804338455200195,4200
2007-05-08,105.54000091552734,105.55000305175781,105.44999694824219,105.5,31.828453063964844,16100
2007-05-09,105.58999633789062,105.5999984741211,105.16000366210938,105.22000122070312,31.74396324157715,9400
2007-05-10,105.69999694824219,105.80999755859375,105.51000213623047,105.5999984741211,31.858638763427734,17400
2007-05-11,105.63999938964844,105.77999877929688,105.55999755859375,105.66000366210938,31.87676239013672,12200
2007-05-14,105.69000244140625,105.69999694824219,105.55000305175781,105.6500015258789,31.87371063232422,11600
2007-05-15,105.69999694824219,105.93000030517578,105.56999969482422,105.56999969482422,31.84958839416504,39400
2007-05-16,105.83000183105469,105.86000061035156,105.81999969482422,105.8499984741211,31.934066772460938,78100
2007-05-17,105.88999938964844,105.93000030517578,105.69000244140625,105.81999969482422,31.925031661987305,14500
2007-05-18,105.94999694824219,105.94999694824219,105.8499984741211,105.8499984741211,31.934066772460938,5200
2007-05-21,105.94000244140625,105.95999908447266,105.8499984741211,105.94999694824219,31.9642333984375,14600
2007-05-22,106.08000183105469,106.08999633789062,105.7300033569336,105.95999908447266,31.967235565185547,10200
2007-05-23,105.91999816894531,106.11000061035156,105.69999694824219,105.87999725341797,31.943124771118164,22500
2007-05-24,106.04000091552734,106.04000091552734,105.8499984741211,105.91000366210938,31.95215606689453,17100
2007-05-25,105.97000122070312,106.47000122070312,105.80000305175781,106.05999755859375,31.99742889404297,7400
2007-05-29,105.69999694824219,105.72000122070312,105.58000183105469,105.63999938964844,31.8707218170166,4900
2007-05-30,105.87000274658203,105.94000244140625,105.75,105.87999725341797,31.943124771118164,4300
2007-05-31,105.88999938964844,105.88999938964844,105.6500015258789,105.70999908447266,31.891826629638672,6200
2007-06-01,105.11000061035156,105.12999725341797,104.94999694824219,105.11000061035156,31.887561798095703,13500
2007-06-04,105.19999694824219,105.22000122070312,105.0199966430664,105.19999694824219,31.914873123168945,21800
2007-06-05,105.20999908447266,105.20999908447266,105.05000305175781,105.05000305175781,31.869384765625,4500
2007-06-06,105.0,105.05999755859375,104.87999725341797,104.91999816894531,31.829931259155273,74600
2007-06-07,104.73999786376953,104.73999786376953,104.19999694824219,104.43000030517578,31.6812686920166,12100
2007-06-08,104.20999908447266,104.2699966430664,103.91999816894531,104.1500015258789,31.59635353088379,17800
2007-06-11,103.9000015258789,104.06999969482422,103.5999984741211,103.93000030517578,31.52960777282715,2900
2007-06-12,103.7699966430664,103.77999877929688,103.06999969482422,103.4000015258789,31.368812561035156,67300
2007-06-13,103.62999725341797,103.80999755859375,102.87000274658203,103.58000183105469,31.42342185974121,24600
2007-06-14,103.33999633789062,103.66000366210938,103.16000366210938,103.66000366210938,31.447675704956055,18200
2007-06-15,103.5,103.68000030517578,103.5,103.63999938964844,31.44163703918457,13500
2007-06-18,103.91000366210938,103.91000366210938,103.4000015258789,103.69999694824219,31.459806442260742,14600
2007-06-19,103.83999633789062,103.83999633789062,103.36000061035156,103.83000183105469,31.499265670776367,19600
2007-06-20,103.83999633789062,103.83999633789062,102.91000366210938,102.91000366210938,31.22016716003418,16900
2007-06-21,103.0,103.43000030517578,103.0,103.0999984741211,31.27779769897461,13900
2007-06-22,103.22000122070312,103.36000061035156,102.83999633789062,103.30000305175781,31.338464736938477,27800
2007-06-25,103.30000305175781,103.33999633789062,102.6500015258789,102.69999694824219,31.156457901000977,29000
2007-06-26,102.94000244140625,103.19000244140625,102.69999694824219,103.0,31.247472763061523,43600
2007-06-27,102.79000091552734,102.80000305175781,102.4800033569336,102.63999938964844,31.13825035095215,6800
2007-06-28,102.55000305175781,102.63999938964844,101.93000030517578,102.0999984741211,30.974407196044922,9500
2007-06-29,102.0999984741211,102.5,101.80999755859375,101.80999755859375,30.88642692565918,14600
2007-07-02,101.69999694824219,102.2699966430664,101.4000015258789,102.0,31.128459930419922,19600
2007-07-03,101.9000015258789,101.9000015258789,101.5999984741211,101.80999755859375,31.070478439331055,11700
2007-07-05,101.8499984741211,101.86000061035156,100.9800033569336,101.44000244140625,30.95754623413086,14600
2007-07-06,101.43000030517578,101.79000091552734,101.11000061035156,101.55000305175781,30.991138458251953,8200
2007-07-09,101.43000030517578,101.9800033569336,101.38999938964844,101.86000061035156,31.08571434020996,8400
2007-07-10,101.4800033569336,101.75,101.0,101.58999633789062,31.003341674804688,19700
2007-07-11,101.62000274658203,101.62999725341797,100.55999755859375,100.83000183105469,30.771398544311523,17200
2007-07-12,101.0,101.12999725341797,100.70999908447266,101.12999725341797,30.862932205200195,8300
2007-07-13,101.30000305175781,101.55999755859375,101.0,101.55000305175781,30.991138458251953,5200
2007-07-16,101.37000274658203,101.80999755859375,101.26000213623047,101.58999633789062,31.003341674804688,17100
2007-07-17,101.69999694824219,101.70999908447266,101.22000122070312,101.70999908447266,31.039936065673828,10600
2007-07-18,101.66999816894531,101.66999816894531,100.80000305175781,100.94999694824219,30.807992935180664,15600
2007-07-19,101.02999877929688,101.05999755859375,101.02999877929688,101.05999755859375,30.841585159301758,6400
2007-07-20,100.9800033569336,101.31999969482422,100.58999633789062,100.80000305175781,30.762256622314453,18600
2007-07-23,100.69999694824219,100.70999908447266,100.5,100.58000183105469,30.69510841369629,9000
2007-07-24,100.5,100.51000213623047,99.86000061035156,100.0,30.518075942993164,44900
2007-07-25,99.9000015258789,99.9000015258789,98.68000030517578,99.05000305175781,30.228178024291992,28100
2007-07-26,98.5,99.5,96.38999938964844,97.6500015258789,29.80091667175293,43200
2007-07-27,97.0,97.0,95.48999786376953,96.0199966430664,29.3034725189209,44600
2007-07-30,96.98999786376953,97.0199966430664,96.3499984741211,96.94999694824219,29.587284088134766,24600
2007-07-31,97.0,98.19999694824219,97.0,97.27999877929688,29.688003540039062,34000
2007-08-01,96.83999633789062,96.83999633789062,95.26000213623047,96.44999694824219,29.62657356262207,33500
2007-08-02,96.98999786376953,97.33000183105469,96.98999786376953,97.0,29.79552459716797,28800
2007-08-03,97.3499984741211,97.3499984741211,96.37999725341797,97.0,29.79552459716797,20100
2007-08-06,98.75,98.75,96.05000305175781,96.79000091552734,29.73102378845215,30400
2007-08-07,99.25,99.25,96.80000305175781,97.4800033569336,29.94296646118164,68800
2007-08-08,99.0,100.5,98.0,98.62999725341797,30.296201705932617,30300
2007-08-09,98.62000274658203,98.91999816894531,98.01000213623047,98.52999877929688,30.265478134155273,12800
2007-08-10,98.19999694824219,98.37000274658203,97.75,98.33000183105469,30.204042434692383,18800
2007-08-13,99.0199966430664,99.05000305175781,98.4000015258789,99.05000305175781,30.425193786621094,21300
2007-08-14,99.31999969482422,99.31999969482422,98.16999816894531,98.27999877929688,30.188705444335938,12400
2007-08-15,98.3499984741211,99.04000091552734,98.27999877929688,98.83000183105469,30.357595443725586,9100
2007-08-16,100.0,100.0,97.9800033569336,98.69999694824219,30.317712783813477,15300
2007-08-17,99.0,100.0,98.5999984741211,99.69999694824219,30.624866485595703,30000
2007-08-20,100.0,100.0,98.75,98.75,30.333066940307617,49300
2007-08-21,99.25,99.8499984741211,98.05999755859375,98.23999786376953,30.176414489746094,33700
2007-08-22,98.5999984741211,99.19999694824219,98.0999984741211,99.0,30.409835815429688,52700
2007-08-23,99.16999816894531,99.80000305175781,99.0,99.5999984741211,30.594139099121094,59400
2007-08-24,99.69999694824219,99.8499984741211,99.16000366210938,99.8499984741211,30.670940399169922,11600
2007-08-27,100.0,100.5,99.9000015258789,100.5,30.8706111907959,11800
2007-08-28,100.5,100.9000015258789,100.0,100.1500015258789,30.763097763061523,55800
2007-08-29,100.0,100.9000015258789,99.66999816894531,100.55000305175781,30.88599967956543,18300
2007-08-30,100.73999786376953,101.04000091552734,100.22000122070312,100.76000213623047,30.950471878051758,42900
2007-08-31,101.4800033569336,101.68000030517578,101.01000213623047,101.66999816894531,31.230005264282227,11300
2007-09-04,101.97000122070312,101.97000122070312,101.0,101.75,31.44727325439453,13500
2007-09-05,101.6500015258789,101.87999725341797,101.2300033569336,101.79000091552734,31.459651947021484,14400
2007-09-06,101.48999786376953,101.73999786376953,101.48999786376953,101.7300033569336,31.441064834594727,16400
2007-09-07,101.9000015258789,101.9000015258789,100.44999694824219,100.56999969482422,31.082582473754883,50700
2007-09-10,101.5,101.5,100.61000061035156,101.0,31.215482711791992,10000
2007-09-11,101.4800033569336,102.0,101.0,101.83000183105469,31.47199058532715,24100
2007-09-12,102.0,102.5,101.37999725341797,102.29000091552734,31.614185333251953,32000
2007-09-13,102.25,102.25,101.22000122070312,101.93000030517578,31.502883911132812,10900
2007-09-14,101.94999694824219,102.94000244140625,101.22000122070312,102.88999938964844,31.79958724975586,33900
2007-09-17,103.0,103.5,102.36000061035156,103.36000061035156,31.944866180419922,20100
2007-09-18,103.75,104.36000061035156,102.9800033569336,104.0999984741211,32.17356491088867,31400
2007-09-19,104.25,106.0999984741211,104.19999694824219,106.08999633789062,32.78860855102539,85900
2007-09-20,106.04000091552734,106.04000091552734,103.0,103.48999786376953,31.98502540588379,410400
2007-09-21,104.98999786376953,105.4000015258789,102.0999984741211,103.75,32.06536865234375,105100
2007-09-24,102.68000030517578,104.44999694824219,102.6500015258789,104.44999694824219,32.28171920776367,45500
2007-09-25,103.0,104.69999694824219,103.0,104.69999694824219,32.35899353027344,167500
2007-09-26,104.69999694824219,104.69999694824219,104.12999725341797,104.31999969482422,32.2415885925293,25300
2007-09-27,104.5,104.55000305175781,101.16000366210938,104.0,32.142662048339844,49200
2007-09-28,104.47000122070312,104.4800033569336,103.5999984741211,104.0,32.142662048339844,46700
2007-10-01,104.47000122070312,104.5,103.33000183105469,103.75,32.265506744384766,50300
2007-10-02,102.52999877929688,103.98999786376953,102.52999877929688,103.94999694824219,32.32769012451172,72100
2007-10-03,104.0,104.47000122070312,103.31999969482422,103.4000015258789,32.156654357910156,35300
2007-10-04,103.80000305175781,103.94999694824219,103.29000091552734,103.83999633789062,32.29348373413086,17600
2007-10-05,103.97000122070312,104.0,103.5199966430664,103.9000015258789,32.312156677246094,22900
2007-10-08,104.22000122070312,104.38999938964844,103.86000061035156,104.25,32.42100143432617,18600
2007-10-09,104.31999969482422,104.33999633789062,104.0,104.33000183105469,32.44588851928711,14600
2007-10-10,104.4800033569336,104.4800033569336,104.1500015258789,104.23999786376953,32.41791915893555,21200
2007-10-11,104.48999786376953,104.5,104.0,104.38999938964844,32.46452331542969,22300
2007-10-12,104.41999816894531,104.5999984741211,104.41999816894531,104.5,32.49872589111328,73700
2007-10-15,105.19999694824219,105.19999694824219,104.5,105.0,32.65425491333008,24600
2007-10-16,104.5,104.68000030517578,104.0999984741211,104.5999984741211,32.52984619140625,60600
2007-10-17,104.02999877929688,104.6500015258789,103.30999755859375,103.30999755859375,32.12867736816406,15200
2007-10-18,104.2300033569336,104.25,103.25,103.26000213623047,32.11313247680664,13200
2007-10-19,103.25,103.94000244140625,102.0,102.80000305175781,31.970050811767578,40200
2007-10-22,102.80000305175781,102.80000305175781,101.8499984741211,101.8499984741211,31.67462921142578,64600
2007-10-23,102.19000244140625,102.69999694824219,101.94999694824219,102.69999694824219,31.93897247314453,27000
2007-10-24,102.5999984741211,102.75,102.30000305175781,102.69999694824219,31.93897247314453,22200
2007-10-25,102.98999786376953,102.98999786376953,102.63999938964844,102.8499984741211,31.985620498657227,16600
2007-10-26,102.69999694824219,103.08999633789062,102.5999984741211,103.08999633789062,32.06024169921875,10800
2007-10-29,103.48999786376953,103.5,103.05999755859375,103.4000015258789,32.156654357910156,19900
2007-10-30,103.30000305175781,103.30000305175781,102.69999694824219,103.19999694824219,32.094451904296875,10500
2007-10-31,103.61000061035156,104.0,103.04000091552734,103.8499984741211,32.296627044677734,12000
2007-11-01,102.70999908447266,102.9000015258789,102.0,102.5,32.08686447143555,29400
2007-11-02,102.48999786376953,102.5,101.91999816894531,102.25,32.00861740112305,32300
2007-11-05,106.0,106.0,101.5,102.19999694824219,31.992944717407227,13800
2007-11-06,102.19999694824219,103.1500015258789,102.19999694824219,102.7300033569336,32.15888214111328,34900
2007-11-07,101.81999969482422,103.0999984741211,101.81999969482422,102.5999984741211,32.118202209472656,11900
2007-11-08,102.8499984741211,102.8499984741211,100.41000366210938,101.30000305175781,31.71123504638672,121000
2007-11-09,101.56999969482422,101.75,100.51000213623047,101.75,31.85207748413086,38400
2007-11-12,103.0199966430664,103.0199966430664,101.9000015258789,102.1500015258789,31.977298736572266,41400
2007-11-13,102.94999694824219,102.94999694824219,101.55999755859375,101.75,31.85207748413086,15300
2007-11-14,102.75,102.75,101.69999694824219,102.0,31.930347442626953,7800
2007-11-15,101.98999786376953,102.33999633789062,101.68000030517578,101.97000122070312,31.920970916748047,15500
2007-11-16,103.0,103.0,101.52999877929688,102.0,31.930347442626953,18400
2007-11-19,102.69999694824219,102.69999694824219,101.77999877929688,102.0,31.930347442626953,16700
2007-11-20,101.75,102.38999938964844,100.41000366210938,101.0,31.617311477661133,26500
2007-11-21,100.69999694824219,100.69999694824219,97.0,99.0999984741211,31.022518157958984,139600
2007-11-23,99.19999694824219,100.5,98.91000366210938,98.91000366210938,30.963058471679688,3100
2007-11-26,98.0,101.0,98.0,100.0,31.30425262451172,69500
2007-11-27,100.5,101.4800033569336,99.5,100.1500015258789,31.351234436035156,25700
2007-11-28,99.58000183105469,101.19999694824219,99.58000183105469,101.0999984741211,31.648611068725586,11700
2007-11-29,101.75,101.75,100.0999984741211,101.5999984741211,31.805137634277344,20200
2007-11-30,102.0,102.5,101.51000213623047,102.01000213623047,31.9334774017334,34900
2007-12-03,103.0,103.0,101.0999984741211,102.38999938964844,32.25543975830078,31400
2007-12-04,103.0,103.0,102.0,102.0,32.132572174072266,16300
2007-12-05,101.68000030517578,102.5,100.26000213623047,100.80000305175781,31.754520416259766,270600
2007-12-06,101.61000061035156,101.75,100.0,101.69999694824219,32.03805923461914,33200
2007-12-07,100.5999984741211,102.48999786376953,100.5999984741211,101.6500015258789,32.02231979370117,27100
2007-12-10,100.7300033569336,101.63999938964844,100.7300033569336,101.5,31.97504425048828,23500
2007-12-11,102.16999816894531,102.4800033569336,100.8499984741211,101.4000015258789,31.943559646606445,30300
2007-12-12,102.5,103.75,101.5,101.94999694824219,32.1168098449707,29400
2007-12-13,101.75,102.27999877929688,101.2300033569336,101.9000015258789,32.1010856628418,44500
2007-12-14,102.5,102.5,101.19000244140625,102.05000305175781,32.14832305908203,15600
2007-12-17,102.5,102.5,101.12000274658203,101.5,31.97504425048828,18900
2007-12-18,101.41000366210938,102.0,101.41000366210938,101.5999984741211,32.00657272338867,53200
2007-12-19,101.11000061035156,102.0999984741211,101.11000061035156,102.0999984741211,32.164085388183594,24000
2007-12-20,101.4000015258789,101.94999694824219,101.4000015258789,101.87999725341797,32.09476852416992,31300
2007-12-21,102.4800033569336,102.4800033569336,101.38999938964844,102.19999694824219,32.195579528808594,37600
2007-12-24,102.0199966430664,102.26000213623047,101.19999694824219,101.83999633789062,32.0821533203125,66800
2007-12-26,101.52999877929688,101.69999694824219,101.19999694824219,101.38999938964844,31.940410614013672,48400
2007-12-27,101.18000030517578,101.5999984741211,101.18000030517578,101.48999786376953,32.151065826416016,22900
2007-12-28,101.4000015258789,101.62000274658203,100.25,100.5,31.837453842163086,88500
2007-12-31,100.20999908447266,100.73999786376953,99.87000274658203,100.72000122070312,31.90713882446289,38800
2008-01-02,99.55999755859375,100.9000015258789,99.30000305175781,99.5,31.520647048950195,61800
2008-01-03,99.5999984741211,99.94999694824219,99.26000213623047,99.30999755859375,31.460458755493164,64800
2008-01-04,100.01000213623047,100.05000305175781,98.83999633789062,99.19999694824219,31.425622940063477,48600
2008-01-07,99.48999786376953,99.48999786376953,98.30000305175781,98.61000061035156,31.23874282836914,177200
2008-01-08,99.48999786376953,99.48999786376953,98.0,98.04000091552734,31.058164596557617,42100
2008-01-09,98.48999786376953,98.48999786376953,96.93000030517578,96.97000122070312,30.719160079956055,51600
2008-01-10,97.16999816894531,98.16999816894531,96.94999694824219,97.69000244140625,30.947250366210938,154800
2008-01-11,97.83999633789062,98.5,97.30999755859375,97.9000015258789,31.0137996673584,71700
2008-01-14,97.63999938964844,98.06999969482422,97.37999725341797,97.55999755859375,30.90610122680664,20600
2008-01-15,97.94999694824219,97.94999694824219,97.5999984741211,97.80999755859375,30.98526382446289,20000
2008-01-16,97.83999633789062,97.9000015258789,97.41000366210938,97.69999694824219,30.9504337310791,20700
2008-01-17,97.5,97.5,97.01000213623047,97.01000213623047,30.731861114501953,31600
2008-01-18,97.47000122070312,98.94999694824219,97.02999877929688,97.7699966430664,30.97258949279785,84500
2008-01-22,96.69999694824219,97.86000061035156,93.30000305175781,97.08999633789062,30.757184982299805,192400
2008-01-23,96.83999633789062,97.58999633789062,95.0199966430664,97.27999877929688,30.817386627197266,59600
2008-01-24,97.26000213623047,98.5,96.87999725341797,98.5,31.203840255737305,62700
2008-01-25,98.11000061035156,99.5,97.05999755859375,98.6500015258789,31.25136375427246,43700
2008-01-28,98.5,98.5,97.5,98.19999694824219,31.10880470275879,44800
2008-01-29,97.77999877929688,98.3499984741211,97.77999877929688,98.30000305175781,31.140512466430664,39200
2008-01-30,98.41999816894531,98.73999786376953,97.93000030517578,98.68000030517578,31.260900497436523,27400
2008-01-31,98.13999938964844,98.87999725341797,97.75,98.87999725341797,31.32423210144043,76500
2008-02-01,98.44000244140625,98.5,97.0,98.2699966430664,31.341468811035156,83100
2008-02-04,97.25,98.37999725341797,97.25,98.29000091552734,31.347856521606445,44900
2008-02-05,97.79000091552734,97.79000091552734,97.0,97.5,31.09587860107422,66300
2008-02-06,97.68000030517578,97.70999908447266,97.18000030517578,97.30000305175781,31.032108306884766,101100
2008-02-07,96.9000015258789,97.30000305175781,96.0,96.88999938964844,30.901336669921875,58100
2008-02-08,96.5,96.5,96.0,96.16000366210938,30.668546676635742,80400
2008-02-11,95.26000213623047,96.20999908447266,95.26000213623047,95.4000015258789,30.42612648010254,74500
2008-02-12,95.25,96.29000091552734,95.25,95.76000213623047,30.54097557067871,85200
2008-02-13,95.98999786376953,96.05999755859375,95.51000213623047,95.51000213623047,30.461217880249023,60700
2008-02-14,96.56999969482422,96.56999969482422,95.44999694824219,95.9800033569336,30.61111831665039,48800
2008-02-15,95.75,95.75,95.3499984741211,95.73999786376953,30.534563064575195,49700
2008-02-19,95.75,96.0,95.0,95.25,30.378284454345703,102900
2008-02-20,95.83999633789062,95.83999633789062,95.02999877929688,95.5,30.458032608032227,65800
2008-02-21,95.9000015258789,96.0,95.5,95.83000183105469,30.56329345703125,55800
2008-02-22,95.94000244140625,96.08000183105469,95.6500015258789,96.0,30.617502212524414,48200
2008-02-25,95.80000305175781,96.43000030517578,95.70999908447266,96.29000091552734,30.70998191833496,81000
2008-02-26,96.30000305175781,96.94999694824219,96.19999694824219,96.91000366210938,30.907711029052734,80200
2008-02-27,96.97000122070312,96.9800033569336,96.48999786376953,96.88999938964844,30.901336669921875,75900
2008-02-28,96.5,96.93000030517578,95.69000244140625,96.75,30.856693267822266,61300
2008-02-29,96.37999725341797,96.45999908447266,95.69000244140625,96.37999725341797,30.738706588745117,72900
2008-03-03,96.19000244140625,96.19000244140625,95.5,95.79000091552734,30.747020721435547,53500
2008-03-04,95.80000305175781,95.94999694824219,95.51000213623047,95.68000030517578,30.71172523498535,29900
2008-03-05,95.5,96.0,95.5,95.94999694824219,30.798377990722656,73300
2008-03-06,95.94000244140625,95.94000244140625,95.5,95.69999694824219,30.71814727783203,21000
2008-03-07,95.2300033569336,95.5,95.2300033569336,95.5,30.653947830200195,44200
2008-03-10,95.45999908447266,95.55000305175781,95.25,95.27999877929688,30.583343505859375,26800
2008-03-11,95.13999938964844,95.69999694824219,95.05000305175781,95.5199966430664,30.660371780395508,36200
2008-03-12,95.26000213623047,95.51000213623047,95.25,95.5,30.653947830200195,53200
2008-03-13,95.22000122070312,95.22000122070312,93.80000305175781,94.83000183105469,30.438888549804688,80100
2008-03-14,94.83000183105469,95.0,94.05000305175781,94.26000213623047,30.25591278076172,37300
2008-03-17,94.02999877929688,94.02999877929688,93.30000305175781,93.81999969482422,30.114694595336914,55100
2008-03-18,94.45999908447266,96.98999786376953,94.29000091552734,95.19999694824219,30.55763816833496,46700
2008-03-19,95.45999908447266,95.58000183105469,95.0999984741211,95.30000305175781,30.589765548706055,75800
2008-03-20,95.26000213623047,95.75,95.19999694824219,95.75,30.734180450439453,55600
2008-03-24,95.98999786376953,96.5999984741211,95.79000091552734,96.4800033569336,30.96851921081543,104900
2008-03-25,96.5,96.75,96.22000122070312,96.7300033569336,31.048744201660156,90200
2008-03-26,96.5999984741211,96.7699966430664,96.4000015258789,96.5,30.974952697753906,149700
2008-03-27,96.5999984741211,96.5999984741211,96.11000061035156,96.19000244140625,30.87542724609375,97800
2008-03-28,96.19999694824219,96.23999786376953,96.01000213623047,96.23999786376953,30.891481399536133,46400
2008-03-31,96.0199966430664,96.69999694824219,95.62999725341797,96.66999816894531,31.02950096130371,246500
2008-04-01,95.87999725341797,96.45999908447266,95.87999725341797,96.44999694824219,31.165842056274414,988000
2008-04-02,96.41999816894531,96.6500015258789,96.25,96.5,31.182024002075195,92200
2008-04-03,96.66000366210938,96.66000366210938,95.5999984741211,96.33000183105469,31.127065658569336,98300
2008-04-04,96.5,98.2300033569336,96.20999908447266,96.69999694824219,31.24662971496582,142200
2008-04-07,96.80000305175781,97.52999877929688,96.69999694824219,97.47000122070312,31.495464324951172,117300
2008-04-08,97.1500015258789,97.80000305175781,96.9000015258789,97.80000305175781,31.60208511352539,85300
2008-04-09,97.0,97.19999694824219,96.77999877929688,96.94999694824219,31.32741355895996,79400
2008-04-10,96.91000366210938,98.51000213623047,96.83999633789062,97.30000305175781,31.440523147583008,176900
2008-04-11,97.0999984741211,97.12999725341797,96.5,96.5199966430664,31.18848991394043,59600
2008-04-14,96.79000091552734,96.9000015258789,96.5199966430664,96.86000061035156,31.298341751098633,54700
2008-04-15,96.79000091552734,97.19999694824219,96.63999938964844,96.8499984741211,31.29511833190918,59400
2008-04-16,97.18000030517578,97.41999816894531,96.83999633789062,97.2699966430664,31.43082046508789,84700
2008-04-17,97.37000274658203,97.37000274658203,97.0999984741211,97.37000274658203,31.46316909790039,61900
2008-04-18,97.81999969482422,98.05000305175781,97.33000183105469,98.02999877929688,31.676389694213867,123700
2008-04-21,97.9800033569336,97.9800033569336,97.76000213623047,97.87000274658203,31.624717712402344,70500
2008-04-22,98.13999938964844,98.31999969482422,97.52999877929688,98.0,31.666728973388672,77600
2008-04-23,98.4000015258789,98.69000244140625,97.77999877929688,98.4000015258789,31.795963287353516,103800
2008-04-24,98.55000305175781,98.55000305175781,97.9000015258789,98.43000030517578,31.805660247802734,114400
2008-04-25,98.77999877929688,98.9000015258789,98.5999984741211,98.9000015258789,31.957544326782227,87600
2008-04-28,99.16999816894531,99.5,98.48999786376953,99.4800033569336,32.14493942260742,595700
2008-04-29,99.47000122070312,99.47000122070312,98.91000366210938,99.19000244140625,32.051231384277344,144500
2008-04-30,99.20999908447266,99.95999908447266,98.5,99.29000091552734,32.08354568481445,113400
2008-05-01,99.19999694824219,100.81999969482422,99.19999694824219,100.81999969482422,32.765380859375,428500
2008-05-02,100.31999969482422,100.38999938964844,99.61000061035156,99.80000305175781,32.433895111083984,133900
2008-05-05,99.51000213623047,99.69999694824219,99.51000213623047,99.63999938964844,32.38190841674805,121900
2008-05-06,99.27999877929688,99.27999877929688,98.68000030517578,98.93000030517578,32.151119232177734,121400
2008-05-07,99.22000122070312,99.2300033569336,98.62000274658203,99.0,32.17388916015625,65700
2008-05-08,99.16999816894531,99.19000244140625,98.75,98.79000091552734,32.10566329956055,59700
2008-05-09,98.87000274658203,99.0,98.48999786376953,99.0,32.17388916015625,73100
2008-05-12,98.91999816894531,98.93000030517578,98.5,98.87000274658203,32.13167190551758,91900
2008-05-13,98.9800033569336,99.04000091552734,98.70999908447266,98.83999633789062,32.12190628051758,59500
2008-05-14,98.94000244140625,99.13999938964844,98.0999984741211,98.69999694824219,32.0764045715332,153100
2008-05-15,99.16000366210938,99.25,98.25,98.95999908447266,32.16089630126953,146600
2008-05-16,98.72000122070312,99.13999938964844,98.5999984741211,99.0999984741211,32.20638656616211,79300
2008-05-19,99.3499984741211,99.58000183105469,99.19999694824219,99.48999786376953,32.33313751220703,58900
2008-05-20,99.5,99.5,99.06999969482422,99.30000305175781,32.27138137817383,49300
2008-05-21,99.3499984741211,99.3499984741211,99.0199966430664,99.12000274658203,32.212894439697266,97300
2008-05-22,99.0,99.23999786376953,98.7300033569336,98.97000122070312,32.16413497924805,51700
2008-05-23,98.69999694824219,98.80999755859375,97.69999694824219,98.37999725341797,31.972400665283203,401400
2008-05-27,98.36000061035156,98.36000061035156,97.54000091552734,97.83000183105469,31.793659210205078,65800
2008-05-28,97.5999984741211,98.33999633789062,97.5999984741211,98.30999755859375,31.949649810791016,73700
2008-05-29,98.25,98.4000015258789,98.0,98.20999908447266,31.917163848876953,76300
2008-05-30,98.2300033569336,98.2300033569336,98.06999969482422,98.22000122070312,31.92039680480957,53600
2008-06-02,97.58999633789062,97.66999816894531,95.81999969482422,96.77999877929688,31.656761169433594,374500
2008-06-03,97.30000305175781,97.30000305175781,96.30000305175781,96.8499984741211,31.679683685302734,80200
2008-06-04,96.93000030517578,96.93000030517578,96.44999694824219,96.75,31.64697265625,46100
2008-06-05,97.0,97.19999694824219,96.87999725341797,97.16999816894531,31.784317016601562,49200
2008-06-06,96.97000122070312,97.37999725341797,96.77999877929688,96.9000015258789,31.696022033691406,43100
2008-06-09,97.2699966430664,97.37000274658203,96.61000061035156,97.20999908447266,31.797420501708984,47100
2008-06-10,97.0,97.26000213623047,96.86000061035156,97.25,31.810503005981445,52400
2008-06-11,97.5,97.9800033569336,97.0,97.2300033569336,31.8039608001709,66500
2008-06-12,96.93000030517578,97.3499984741211,96.70999908447266,97.06999969482422,31.751615524291992,41200
2008-06-13,97.0999984741211,97.5,96.3499984741211,97.5,31.892274856567383,58900
2008-06-16,96.5999984741211,97.06999969482422,96.11000061035156,96.1500015258789,31.45070457458496,61200
2008-06-17,96.02999877929688,96.80000305175781,95.97000122070312,96.31999969482422,31.50629425048828,87300
2008-06-18,96.30000305175781,96.8499984741211,96.05000305175781,96.52999877929688,31.574989318847656,67200
2008-06-19,96.22000122070312,96.22000122070312,95.6500015258789,95.91999816894531,31.37543296813965,86600
2008-06-20,95.80000305175781,95.87999725341797,95.25,95.54000091552734,31.251117706298828,40500
2008-06-23,95.58999633789062,95.63999938964844,95.08999633789062,95.19000244140625,31.136672973632812,37800
2008-06-24,95.0999984741211,95.62999725341797,94.48999786376953,94.79000091552734,31.005842208862305,176700
2008-06-25,94.63999938964844,95.13999938964844,94.5,95.11000061035156,31.11049461364746,92900
2008-06-26,94.18000030517578,94.5999984741211,93.80000305175781,94.36000061035156,30.865182876586914,96000
2008-06-27,94.0199966430664,94.19999694824219,93.58999633789062,94.0999984741211,30.780126571655273,58300
2008-06-30,93.9000015258789,94.0999984741211,93.54000091552734,94.0,30.747432708740234,84900
2008-07-01,92.43000030517578,94.0,92.3499984741211,93.25,30.714807510375977,957200
2008-07-02,93.0199966430664,93.5,92.56999969482422,93.18000030517578,30.6917724609375,81800
2008-07-03,93.37000274658203,93.58000183105469,92.98999786376953,93.13999938964844,30.678569793701172,41700
2008-07-07,93.56999969482422,93.56999969482422,92.70999908447266,93.22000122070312,30.70490837097168,102500
2008-07-08,93.1500015258789,93.20999908447266,92.66000366210938,92.97000122070312,30.622577667236328,170000
2008-07-09,92.80000305175781,93.19999694824219,92.55000305175781,92.6500015258789,30.51718521118164,79000
2008-07-10,92.41999816894531,93.08999633789062,92.33999633789062,92.7699966430664,30.556713104248047,99100
2008-07-11,92.30999755859375,92.80999755859375,92.2300033569336,92.6500015258789,30.51718521118164,310000
2008-07-14,93.16000366210938,93.16000366210938,91.9000015258789,92.43000030517578,30.44471549987793,41200
2008-07-15,91.70999908447266,91.80000305175781,90.7300033569336,91.0,29.973705291748047,149100
2008-07-16,91.19999694824219,91.56999969482422,91.0,91.30000305175781,30.072528839111328,25300
2008-07-17,91.69999694824219,92.55000305175781,91.45999908447266,91.56999969482422,30.16144371032715,41900
2008-07-18,92.08999633789062,93.04000091552734,91.7699966430664,93.04000091552734,30.6456356048584,48800
2008-07-21,93.5199966430664,93.69000244140625,93.0,93.5,30.797164916992188,49500
2008-07-22,93.30000305175781,93.88999938964844,93.12000274658203,93.81999969482422,30.90256690979004,103000
2008-07-23,93.6500015258789,93.93000030517578,93.55000305175781,93.56999969482422,30.82020378112793,193500
2008-07-24,93.80999755859375,94.23999786376953,93.26000213623047,93.79000091552734,30.892675399780273,64100
2008-07-25,93.75,94.52999877929688,93.69999694824219,93.98999786376953,30.958555221557617,188000
2008-07-28,93.44000244140625,93.7300033569336,93.30000305175781,93.66999816894531,30.8531436920166,75200
2008-07-29,93.55999755859375,93.83000183105469,93.19999694824219,93.69000244140625,30.85975456237793,65900
2008-07-30,93.3499984741211,93.73999786376953,93.0,93.70999908447266,30.866344451904297,103900
2008-07-31,93.37000274658203,93.9000015258789,93.0,93.9000015258789,30.928895950317383,82000
2008-08-01,92.69999694824219,93.06999969482422,92.4000015258789,92.81999969482422,30.79054832458496,25200
2008-08-04,92.37999725341797,92.4800033569336,92.04000091552734,92.18000030517578,30.578279495239258,75800
2008-08-05,92.33000183105469,93.69999694824219,92.0199966430664,92.83000183105469,30.79390525817871,70600
2008-08-06,92.26000213623047,92.3499984741211,92.0,92.20999908447266,30.58824348449707,44200
2008-08-07,92.16999816894531,92.26000213623047,92.0,92.0999984741211,30.55173683166504,42700
2008-08-08,92.06999969482422,92.27999877929688,91.97000122070312,92.26000213623047,30.60482406616211,62300
2008-08-11,91.8499984741211,92.1500015258789,91.36000061035156,92.0,30.51856231689453,49800
2008-08-12,92.18000030517578,92.47000122070312,91.9000015258789,92.36000061035156,30.63802146911621,95000
2008-08-13,92.30000305175781,92.5,92.0,92.5,30.684436798095703,47200
2008-08-14,92.4000015258789,92.5,92.16000366210938,92.5,30.684436798095703,58400
2008-08-15,92.44000244140625,92.73999786376953,92.41999816894531,92.70999908447266,30.754098892211914,39900
2008-08-18,92.75,92.98999786376953,92.0199966430664,92.5,30.684436798095703,91100
2008-08-19,92.6500015258789,92.75,92.25,92.68000030517578,30.744150161743164,101400
2008-08-20,92.68000030517578,92.81999969482422,92.33000183105469,92.66000366210938,30.737512588500977,30700
2008-08-21,92.37000274658203,92.5999984741211,92.25,92.52999877929688,30.694393157958984,103100
2008-08-22,92.44999694824219,92.75,92.0,92.0,30.51856231689453,58300
2008-08-25,92.11000061035156,92.5199966430664,92.11000061035156,92.5,30.684436798095703,60600
2008-08-26,92.55999755859375,92.55999755859375,91.9000015258789,92.0,30.51856231689453,259900
2008-08-27,92.37999725341797,92.37999725341797,91.83000183105469,92.0999984741211,30.55173683166504,68400
2008-08-28,92.37999725341797,92.41999816894531,92.0199966430664,92.2300033569336,30.594881057739258,74100
2008-08-29,92.44999694824219,92.58999633789062,92.0,92.4000015258789,30.651254653930664,59500
2008-09-02,92.23999786376953,92.52999877929688,91.62000274658203,91.80000305175781,30.657947540283203,57200
2008-09-03,92.0,92.0999984741211,91.83000183105469,92.0999984741211,30.75811004638672,50200
2008-09-04,92.5,92.5,92.30999755859375,92.5,30.891719818115234,46700
2008-09-05,92.26000213623047,92.43000030517578,91.5199966430664,92.41999816894531,30.86501693725586,62400
2008-09-08,93.13999938964844,93.13999938964844,92.1500015258789,92.30999755859375,30.828262329101562,59300
2008-09-09,92.56999969482422,92.91000366210938,92.19999694824219,92.51000213623047,30.89506721496582,168700
2008-09-10,92.4800033569336,92.4800033569336,92.0,92.0,30.724708557128906,61200
2008-09-11,92.16999816894531,92.33999633789062,91.66000366210938,92.0,30.724708557128906,101600
2008-09-12,91.87999725341797,92.02999877929688,91.4800033569336,92.0,30.724708557128906,121100
2008-09-15,91.87999725341797,91.87999725341797,88.0,88.62000274658203,29.595937728881836,377800
2008-09-16,87.04000091552734,87.41000366210938,82.23999786376953,86.58000183105469,28.91463851928711,283800
2008-09-17,86.16999816894531,86.4000015258789,79.25,81.37999725341797,27.17799949645996,283100
2008-09-18,82.98999786376953,88.19999694824219,81.41000366210938,87.80000305175781,29.32207679748535,226400
2008-09-19,89.0,92.05000305175781,88.0999984741211,88.91999816894531,29.69614028930664,77800
2008-09-22,89.0999984741211,90.19999694824219,88.5999984741211,88.83999633789062,29.669397354125977,34600
2008-09-23,89.56999969482422,89.75,87.0,87.97000122070312,29.37885856628418,64200
2008-09-24,88.05000305175781,89.69000244140625,88.05000305175781,88.76000213623047,29.642681121826172,57700
2008-09-25,88.8499984741211,88.8499984741211,86.5,86.5,28.887903213500977,73600
2008-09-26,85.4800033569336,86.94000244140625,84.93000030517578,86.19999694824219,28.787738800048828,50900
2008-09-29,86.2300033569336,86.2300033569336,76.0,79.22000122070312,26.456653594970703,174700
2008-09-30,82.51000213623047,82.63999938964844,80.5999984741211,82.0,27.385089874267578,113200
2008-10-01,82.33000183105469,85.19999694824219,82.0,84.8499984741211,28.577373504638672,991400
2008-10-02,84.87000274658203,84.87000274658203,81.01000213623047,82.63999938964844,27.833026885986328,230900
2008-10-03,83.2300033569336,83.76000213623047,81.75,82.33999633789062,27.731983184814453,51400
2008-10-06,80.5,81.75,77.55000305175781,79.3499984741211,26.724973678588867,134200
2008-10-07,79.51000213623047,82.66999816894531,77.88999938964844,78.01000213623047,26.273658752441406,240800
2008-10-08,76.62000274658203,78.19999694824219,74.22000122070312,74.75,25.175701141357422,157800
2008-10-09,75.19999694824219,78.26000213623047,73.01000213623047,73.01000213623047,24.589651107788086,113800
2008-10-10,71.37000274658203,71.37000274658203,63.959999084472656,68.13999938964844,22.949453353881836,274300
2008-10-13,70.55000305175781,76.5,70.45999908447266,76.5,25.765104293823242,230000
2008-10-14,78.25,79.33000183105469,75.5,77.0,25.933483123779297,372300
2008-10-15,75.98999786376953,75.98999786376953,71.87999725341797,73.63999938964844,24.80183219909668,374900
2008-10-16,74.31999969482422,74.33000183105469,70.0,70.8499984741211,23.86217498779297,167400
2008-10-17,70.51000213623047,70.83999633789062,69.5,70.0,23.575916290283203,120700
2008-10-20,71.55000305175781,71.80000305175781,70.0,71.4000015258789,24.047401428222656,1460200
2008-10-21,71.22000122070312,72.88999938964844,70.45999908447266,70.98999786376953,23.90931510925293,398300
2008-10-22,71.68000030517578,71.68000030517578,70.2699966430664,70.4000015258789,23.71061134338379,113300
2008-10-23,70.4000015258789,71.88999938964844,70.0999984741211,71.58999633789062,24.11139488220215,157700
2008-10-24,70.4000015258789,70.80000305175781,69.05999755859375,69.80000305175781,23.508533477783203,155600
2008-10-27,70.04000091552734,70.37999725341797,66.25,66.25,22.312908172607422,1313600
2008-10-28,67.69000244140625,68.69999694824219,67.0,67.0,22.565502166748047,158600
2008-10-29,67.41000366210938,71.0,67.41000366210938,70.05000305175781,23.592737197875977,318700
2008-10-30,70.94999694824219,71.97000122070312,70.5,71.97000122070312,24.239383697509766,169900
2008-10-31,71.5999984741211,72.26000213623047,71.58999633789062,72.0,24.249494552612305,126500
2008-11-03,72.26000213623047,72.26000213623047,71.69999694824219,71.88999938964844,24.446714401245117,168900
2008-11-04,72.77999877929688,72.77999877929688,71.75,72.69999694824219,24.722156524658203,430300
2008-11-05,72.77999877929688,73.22000122070312,72.0,72.0999984741211,24.518156051635742,392100
2008-11-06,71.01000213623047,72.5,71.0,72.0999984741211,24.518156051635742,198100
2008-11-07,72.62999725341797,72.94000244140625,72.0,72.8499984741211,24.773168563842773,221000
2008-11-10,73.05000305175781,73.41999816894531,72.0,72.86000061035156,24.776586532592773,148600
2008-11-11,73.58999633789062,73.58999633789062,72.05000305175781,72.7300033569336,24.732372283935547,107100
2008-11-12,72.69000244140625,72.69000244140625,71.54000091552734,71.69999694824219,24.38210105895996,129400
2008-11-13,71.12000274658203,71.86000061035156,70.66999816894531,71.31999969482422,24.252897262573242,211900
2008-11-14,71.37999725341797,71.37999725341797,70.0,70.44999694824219,23.95703125,115200
2008-11-17,70.44999694824219,70.94000244140625,69.11000061035156,69.36000061035156,23.58636474609375,157200
2008-11-18,69.0,69.44000244140625,67.5999984741211,67.9000015258789,23.089914321899414,174700
2008-11-19,67.04000091552734,67.7699966430664,65.05999755859375,65.58000183105469,22.30095672607422,174100
2008-11-20,65.0199966430664,65.33999633789062,62.5,63.400001525878906,21.55964469909668,606400
2008-11-21,64.91999816894531,65.2699966430664,63.209999084472656,64.02999877929688,21.77387046813965,238500
2008-11-24,65.16000366210938,65.69000244140625,64.02999877929688,64.31999969482422,21.872488021850586,232500
2008-11-25,65.83999633789062,65.83999633789062,63.77000045776367,64.98999786376953,22.100330352783203,313500
2008-11-26,66.05999755859375,66.54000091552734,65.0999984741211,66.5,22.613811492919922,256400
2008-11-28,65.37999725341797,66.52999877929688,65.37999725341797,66.25,22.52879524230957,420700
2008-12-01,65.11000061035156,65.66000366210938,63.66999816894531,64.19999694824219,22.064138412475586,409700
2008-12-02,65.2699966430664,65.2699966430664,64.25,64.88999938964844,22.301286697387695,501700
2008-12-03,64.80000305175781,64.93000030517578,64.41000366210938,64.9000015258789,22.30472183227539,247800
2008-12-04,64.91000366210938,65.0,64.16999816894531,64.5199966430664,22.174131393432617,214200
2008-12-05,64.12000274658203,64.55000305175781,63.5,64.55000305175781,22.18442726135254,485500
2008-12-08,64.55000305175781,65.37999725341797,63.79999923706055,65.30000305175781,22.442182540893555,703700
2008-12-09,65.20999908447266,65.33999633789062,64.5,64.80999755859375,22.273805618286133,631800
2008-12-10,65.05999755859375,65.12999725341797,64.0,64.76000213623047,22.25661277770996,379100
2008-12-11,64.52999877929688,65.0,64.26000213623047,64.26000213623047,22.08477020263672,914500
2008-12-12,64.3499984741211,65.30000305175781,64.05000305175781,65.1500015258789,22.390644073486328,320000
2008-12-15,64.41999816894531,65.63999938964844,64.41999816894531,64.80999755859375,22.273805618286133,611300
2008-12-16,66.01000213623047,66.02999877929688,64.5999984741211,66.01000213623047,22.68621253967285,523700
2008-12-17,66.37999725341797,68.0999984741211,65.5999984741211,67.69999694824219,23.267030715942383,1671500
2008-12-18,68.72000122070312,72.45999908447266,68.08999633789062,71.62999725341797,24.6176700592041,2134800
2008-12-19,70.98999786376953,71.25,70.12999725341797,71.1500015258789,24.452714920043945,1174700
2008-12-22,71.33999633789062,74.36000061035156,70.80000305175781,74.0,25.432209014892578,1764700
2008-12-23,74.37999725341797,75.29000091552734,73.80999755859375,75.08000183105469,25.803346633911133,1220400
2008-12-24,74.68000030517578,75.5,73.4800033569336,73.9000015258789,25.3978214263916,787700
2008-12-26,73.98999786376953,75.33999633789062,73.02999877929688,75.30999755859375,25.88241195678711,1291200
2008-12-29,75.25,75.79000091552734,74.5,75.29000091552734,26.056835174560547,1020000
2008-12-30,76.16000366210938,76.16000366210938,74.80999755859375,75.5199966430664,26.136438369750977,530100
2008-12-31,75.54000091552734,76.1500015258789,75.06999969482422,76.01000213623047,26.306018829345703,707400
2009-01-02,75.58000183105469,76.44999694824219,75.58000183105469,75.7699966430664,26.22296142578125,673600
2009-01-05,75.41999816894531,81.87000274658203,75.37000274658203,79.43000030517578,27.489646911621094,1907500
2009-01-06,80.19000244140625,80.61000061035156,79.5199966430664,80.0999984741211,27.72148895263672,2267000
2009-01-07,79.94000244140625,80.36000061035156,77.75,78.6500015258789,27.219680786132812,1748100
2009-01-08,78.30999755859375,78.30999755859375,76.86000061035156,77.51000213623047,26.82514762878418,972100
2009-01-09,78.86000061035156,78.86000061035156,77.55000305175781,78.6500015258789,27.219680786132812,826600
2009-01-12,78.98999786376953,79.0999984741211,76.20999908447266,76.94000244140625,26.627880096435547,867700
2009-01-13,77.80999755859375,77.80999755859375,75.81999969482422,76.66000366210938,26.530963897705078,613500
2009-01-14,75.55000305175781,76.19999694824219,73.68000030517578,75.68000030517578,26.191822052001953,1006000
2009-01-15,75.11000061035156,75.52999877929688,74.5199966430664,75.37999725341797,26.087982177734375,1122500
2009-01-16,75.23999786376953,76.12000274658203,73.79000091552734,75.98999786376953,26.299108505249023,574800
2009-01-20,75.01000213623047,75.52999877929688,74.0199966430664,74.69000244140625,25.849191665649414,544100
2009-01-21,74.81999969482422,75.04000091552734,73.68000030517578,74.69999694824219,25.8526611328125,534200
2009-01-22,74.87000274658203,74.87000274658203,73.76000213623047,74.5,25.783432006835938,454800
2009-01-23,73.81999969482422,74.33000183105469,72.4000015258789,73.30999755859375,25.371599197387695,1556100
2009-01-26,73.77999877929688,74.23999786376953,73.06999969482422,73.5,25.43734359741211,573600
2009-01-27,74.16999816894531,74.44000244140625,73.56999969482422,74.18000030517578,25.672687530517578,637500
2009-01-28,74.94000244140625,76.87000274658203,74.7699966430664,76.80999755859375,26.582901000976562,1549400
2009-01-29,75.94999694824219,76.36000061035156,74.5199966430664,74.9000015258789,25.92186737060547,685200
2009-01-30,75.58999633789062,75.58999633789062,74.61000061035156,75.23999786376953,26.0395450592041,469800
2009-02-02,73.87999725341797,74.20999908447266,72.4000015258789,72.9000015258789,25.484743118286133,1037900
2009-02-03,73.47000122070312,73.51000213623047,72.51000213623047,73.02999877929688,25.530193328857422,642100
2009-02-04,73.4800033569336,73.56999969482422,72.83999633789062,72.97000122070312,25.50922203063965,891500
2009-02-05,73.33000183105469,73.76000213623047,72.02999877929688,72.37000274658203,25.29947280883789,836600
2009-02-06,72.9000015258789,73.83999633789062,72.5999984741211,73.83000183105469,25.809864044189453,830900
2009-02-09,73.69999694824219,74.58999633789062,73.55999755859375,74.4000015258789,26.009126663208008,831400
2009-02-10,74.55000305175781,74.56999969482422,73.5199966430664,73.91000366210938,25.837827682495117,831000
2009-02-11,74.25,74.33999633789062,73.5999984741211,73.73999786376953,25.778398513793945,592100
2009-02-12,73.08999633789062,73.51000213623047,72.83999633789062,73.51000213623047,25.697988510131836,509200
2009-02-13,73.66999816894531,73.80000305175781,73.0999984741211,73.80000305175781,25.799379348754883,299100
2009-02-17,73.77999877929688,73.83999633789062,71.5999984741211,71.91999816894531,25.142147064208984,1521100
2009-02-18,72.31999969482422,72.47000122070312,69.5,71.48999786376953,24.991832733154297,1414600
2009-02-19,71.81999969482422,72.33999633789062,71.5199966430664,71.8499984741211,25.117677688598633,385300
2009-02-20,70.19000244140625,71.16999816894531,69.52999877929688,70.80000305175781,24.75063705444336,647700
2009-02-23,70.81999969482422,71.69000244140625,68.26000213623047,69.0199966430664,24.128366470336914,884500
2009-02-24,69.30999755859375,70.5,69.0,70.0,24.470951080322266,647300
2009-02-25,70.16000366210938,70.16000366210938,69.19999694824219,69.66000366210938,24.352081298828125,567600
2009-02-26,69.75,69.87000274658203,67.62999725341797,68.27999877929688,23.86965560913086,603200
2009-02-27,68.01000213623047,68.44999694824219,67.0,67.25,23.509605407714844,824700
2009-03-02,66.33000183105469,66.80999755859375,64.80000305175781,65.1500015258789,23.021591186523438,993600
2009-03-03,65.70999908447266,66.30000305175781,64.9000015258789,65.41000366210938,23.113479614257812,752700
2009-03-04,65.63999938964844,66.44999694824219,64.80999755859375,65.4000015258789,23.109943389892578,572900
2009-03-05,65.3499984741211,65.4000015258789,62.2400016784668,62.29999923706055,22.014509201049805,1117900
2009-03-06,62.70000076293945,63.7400016784668,61.869998931884766,62.0,21.90850257873535,1216800
2009-03-09,62.31999969482422,62.83000183105469,61.5,61.63999938964844,21.781288146972656,645100
2009-03-10,62.349998474121094,64.91000366210938,62.349998474121094,64.69000244140625,22.859050750732422,1111400
2009-03-11,65.45999908447266,65.94999694824219,64.94000244140625,65.72000122070312,23.22301483154297,769500
2009-03-12,65.75,66.83999633789062,65.5199966430664,66.80999755859375,23.608173370361328,762800
2009-03-13,67.0199966430664,67.11000061035156,66.5,66.95999908447266,23.661191940307617,632300
2009-03-16,67.16999816894531,67.83000183105469,67.05999755859375,67.33999633789062,23.79546356201172,514600
2009-03-17,67.30000305175781,67.4000015258789,66.41999816894531,66.95999908447266,23.661191940307617,460100
2009-03-18,66.97000122070312,68.62000274658203,66.58000183105469,68.5,24.205368041992188,611000
2009-03-19,68.45999908447266,68.62000274658203,67.25,67.9000015258789,23.993366241455078,711800
2009-03-20,67.98999786376953,68.37999725341797,67.52999877929688,67.7699966430664,23.9473934173584,394900
2009-03-23,68.61000061035156,69.19999694824219,67.62999725341797,69.16999816894531,24.44210433959961,461200
2009-03-24,69.06999969482422,69.45999908447266,68.62999725341797,69.30000305175781,24.488065719604492,425000
2009-03-25,69.38999938964844,70.05000305175781,69.38999938964844,69.66999816894531,24.618783950805664,800700
2009-03-26,70.11000061035156,70.7699966430664,69.7300033569336,70.75,25.00044059753418,660200
2009-03-27,70.5999984741211,70.5999984741211,68.91000366210938,70.02999877929688,24.746009826660156,1157900
2009-03-30,69.6500015258789,69.6500015258789,66.75,66.75,23.586977005004883,1299900
2009-03-31,68.13999938964844,68.7699966430664,67.5,67.80000305175781,23.95802116394043,632700
2009-04-01,67.66999816894531,67.93000030517578,66.91000366210938,67.0999984741211,23.99591064453125,654300
2009-04-02,68.04000091552734,69.63999938964844,67.41000366210938,69.54000091552734,24.868486404418945,1469600
2009-04-03,69.70999908447266,70.80000305175781,69.5,70.5199966430664,25.218944549560547,1355600
2009-04-06,70.12000274658203,70.88999938964844,69.44999694824219,70.29000091552734,25.136695861816406,648200
2009-04-07,70.08999633789062,70.08999633789062,69.12000274658203,69.4800033569336,24.8470401763916,459900
2009-04-08,68.80000305175781,70.5999984741211,68.80000305175781,70.30000305175781,25.14027976989746,721600
2009-04-09,71.0,72.55000305175781,71.0,72.30000305175781,25.855510711669922,1123800
2009-04-13,71.44999694824219,72.4800033569336,71.0,72.25,25.837617874145508,801800
2009-04-14,72.23999786376953,72.23999786376953,71.51000213623047,71.87999725341797,25.70531463623047,617000
2009-04-15,72.22000122070312,72.5,71.66999816894531,72.48999786376953,25.92344093322754,501700
2009-04-16,72.70999908447266,74.33000183105469,72.66999816894531,73.63999938964844,26.33472442626953,1109500
2009-04-17,73.88999938964844,75.75,73.5,75.25,26.910486221313477,683000
2009-04-20,74.62999725341797,74.94999694824219,72.37999725341797,72.5,25.927021026611328,1003100
2009-04-21,72.41000366210938,73.80000305175781,71.52999877929688,73.31999969482422,26.22028923034668,264800
2009-04-22,73.02999877929688,74.16000366210938,72.12000274658203,73.66999816894531,26.345434188842773,715200
2009-04-23,73.70999908447266,74.0,73.2699966430664,73.58999633789062,26.31683921813965,701300
2009-04-24,73.98999786376953,74.83999633789062,73.69999694824219,74.7300033569336,26.724512100219727,522500
2009-04-27,74.19999694824219,74.5199966430664,73.80999755859375,74.13999938964844,26.513530731201172,813400
2009-04-28,73.9000015258789,74.86000061035156,73.3499984741211,74.30000305175781,26.57074737548828,460200
2009-04-29,74.98999786376953,75.80000305175781,74.86000061035156,75.68000030517578,27.06424331665039,1167900
2009-04-30,76.31999969482422,76.48999786376953,75.55000305175781,76.2699966430664,27.275253295898438,919500
2009-05-01,75.7699966430664,76.08999633789062,74.61000061035156,75.55999755859375,27.232336044311523,609400
2009-05-04,75.88999938964844,75.94999694824219,75.0,75.37999725341797,27.167476654052734,1043400
2009-05-05,75.4000015258789,76.04000091552734,75.3499984741211,76.02999877929688,27.401737213134766,799800
2009-05-06,76.33000183105469,76.79000091552734,75.55000305175781,76.66000366210938,27.628793716430664,738600
2009-05-07,77.55000305175781,77.66000366210938,74.79000091552734,75.4000015258789,27.174692153930664,1546800
2009-05-08,76.43000030517578,77.0999984741211,76.20999908447266,76.75,27.661256790161133,1375800
2009-05-11,76.56999969482422,76.7699966430664,75.41999816894531,76.3499984741211,27.51707649230957,531000
2009-05-12,76.0,76.6500015258789,75.69999694824219,76.6500015258789,27.625192642211914,682300
2009-05-13,76.4800033569336,76.5199966430664,75.5,75.6500015258789,27.26478385925293,1118700
2009-05-14,75.51000213623047,75.62999725341797,74.38999938964844,74.8499984741211,26.97646141052246,966300
2009-05-15,74.8499984741211,74.88999938964844,73.08000183105469,73.80000305175781,26.598026275634766,1007100
2009-05-18,74.33999633789062,75.44000244140625,74.16999816894531,75.37000274658203,27.163856506347656,831000
2009-05-19,75.44999694824219,76.12999725341797,74.86000061035156,75.87000274658203,27.344066619873047,902800
2009-05-20,76.11000061035156,77.19000244140625,75.87000274658203,76.98999786376953,27.74773597717285,1158400
2009-05-21,76.69000244140625,76.93000030517578,76.0,76.0,27.390911102294922,1274700
2009-05-22,76.33000183105469,77.38999938964844,76.02999877929688,77.05000305175781,27.769344329833984,762300
2009-05-26,76.80999755859375,77.29000091552734,76.37999725341797,76.8499984741211,27.697267532348633,855100
2009-05-27,77.33999633789062,77.51000213623047,76.98999786376953,76.98999786376953,27.74773597717285,757300
2009-05-28,77.48999786376953,77.69999694824219,76.98999786376953,77.26000213623047,27.84503746032715,583900
2009-05-29,77.79000091552734,78.16999816894531,77.44999694824219,77.83999633789062,28.05409812927246,621200
2009-06-01,77.79000091552734,78.9800033569336,77.79000091552734,78.94999694824219,28.717914581298828,1293700
2009-06-02,78.66000366210938,78.7300033569336,77.93000030517578,78.72000122070312,28.634244918823242,782200
2009-06-03,78.91999816894531,78.94000244140625,78.01000213623047,78.2699966430664,28.470548629760742,776100
2009-06-04,78.0199966430664,78.69999694824219,78.0199966430664,78.51000213623047,28.5578670501709,638100
2009-06-05,78.98999786376953,78.98999786376953,78.30999755859375,78.76000213623047,28.648815155029297,704400
2009-06-08,78.97000122070312,79.25,78.31999969482422,78.9000015258789,28.69974136352539,593000
2009-06-09,78.61000061035156,79.2300033569336,78.61000061035156,79.05000305175781,28.754304885864258,559600
2009-06-10,79.2699966430664,79.5,78.72000122070312,79.1500015258789,28.790668487548828,636700
2009-06-11,79.12999725341797,79.95999908447266,79.12999725341797,79.33000183105469,28.85612678527832,524400
2009-06-12,79.61000061035156,79.87000274658203,79.33000183105469,79.73999786376953,29.005273818969727,566000
2009-06-15,79.6500015258789,79.70999908447266,78.4800033569336,78.55999755859375,28.576061248779297,574500
2009-06-16,78.98999786376953,79.2300033569336,77.27999877929688,77.80999755859375,28.303264617919922,1180400
2009-06-17,77.79000091552734,78.2699966430664,77.0199966430664,77.36000061035156,28.139562606811523,1240800
2009-06-18,77.05000305175781,78.20999908447266,77.05000305175781,78.0999984741211,28.408748626708984,766200
2009-06-19,77.70999908447266,78.29000091552734,77.70999908447266,78.18000030517578,28.437841415405273,667900
2009-06-22,78.08000183105469,78.08000183105469,76.5,77.12000274658203,28.052263259887695,1096700
2009-06-23,76.86000061035156,77.73999786376953,76.86000061035156,77.25,28.099529266357422,582200
2009-06-24,77.48999786376953,78.30000305175781,77.25,77.63999938964844,28.241422653198242,576400
2009-06-25,77.88999938964844,78.44000244140625,77.61000061035156,78.37999725341797,28.51057243347168,647900
2009-06-26,78.33999633789062,78.38999938964844,77.79000091552734,78.36000061035156,28.503311157226562,495900
2009-06-29,78.44000244140625,79.33999633789062,78.41000366210938,79.33999633789062,28.859790802001953,647700
2009-06-30,79.5,79.8499984741211,79.22000122070312,79.70999908447266,28.99437141418457,538900
2009-07-01,79.25,79.51000213623047,78.79000091552734,79.18000030517578,29.065959930419922,922100
2009-07-02,78.91999816894531,78.94999694824219,77.70999908447266,77.80000305175781,28.559377670288086,651200
2009-07-06,77.5199966430664,78.04000091552734,76.61000061035156,76.63999938964844,28.1335506439209,794500
2009-07-07,77.12999725341797,77.31999969482422,75.56999969482422,75.56999969482422,27.740760803222656,886300
2009-07-08,75.61000061035156,76.88999938964844,75.55000305175781,76.02999877929688,27.909616470336914,1382300
2009-07-09,76.62999725341797,77.37999725341797,76.19000244140625,77.12000274658203,28.30974006652832,544900
2009-07-10,76.94999694824219,77.9000015258789,76.12999725341797,76.52999877929688,28.093156814575195,393700
2009-07-13,77.20999908447266,77.20999908447266,76.27999877929688,76.69999694824219,28.155567169189453,521500
2009-07-14,76.5999984741211,77.4000015258789,76.48999786376953,77.0,28.265697479248047,506600
2009-07-15,77.4000015258789,78.69999694824219,77.27999877929688,78.69999694824219,28.889739990234375,1040200
2009-07-16,78.52999877929688,79.0,78.0,78.94000244140625,28.97784423828125,515600
2009-07-17,78.83000183105469,79.0199966430664,78.6500015258789,79.01000213623047,29.00353240966797,597100
2009-07-20,79.2300033569336,80.20999908447266,79.2300033569336,80.11000061035156,29.407352447509766,784700
2009-07-21,80.33999633789062,80.8499984741211,79.80999755859375,80.5,29.550508499145508,938600
2009-07-22,80.4000015258789,80.76000213623047,80.0,80.5999984741211,29.58721351623535,483000
2009-07-23,81.0,81.79000091552734,80.41999816894531,81.41999816894531,29.888235092163086,750700
2009-07-24,81.80000305175781,82.01000213623047,80.7300033569336,81.9000015258789,30.06441307067871,639300
2009-07-27,82.16999816894531,82.29000091552734,81.62000274658203,82.05000305175781,30.119474411010742,512700
2009-07-28,82.13999938964844,82.41999816894531,81.80000305175781,82.13999938964844,30.152524948120117,591800
2009-07-29,82.44000244140625,82.76000213623047,82.05999755859375,82.41999816894531,30.25530242919922,627900
2009-07-30,82.8499984741211,83.91000366210938,82.6500015258789,83.0999984741211,30.504941940307617,976900
2009-07-31,83.75,84.6500015258789,83.37999725341797,84.44999694824219,31.00050926208496,740700
2009-08-03,83.7699966430664,84.19000244140625,83.69000244140625,83.9000015258789,31.059362411499023,880400
2009-08-04,84.30000305175781,84.33999633789062,83.0199966430664,83.72000122070312,30.992725372314453,615100
2009-08-05,83.54000091552734,83.9800033569336,82.80999755859375,83.44999694824219,30.892765045166016,756000
2009-08-06,83.70999908447266,83.80000305175781,82.5999984741211,82.79000091552734,30.648454666137695,619500
2009-08-07,83.22000122070312,84.11000061035156,82.79000091552734,83.37000274658203,30.863143920898438,711300
2009-08-10,83.62999725341797,83.7699966430664,83.05999755859375,83.75,31.003833770751953,527800
2009-08-11,83.75,84.05000305175781,83.23999786376953,83.55000305175781,30.929777145385742,623000
2009-08-12,83.27999877929688,83.63999938964844,83.0,83.33999633789062,30.85207748413086,491400
2009-08-13,83.33999633789062,83.3499984741211,82.08000183105469,82.27999877929688,30.45966148376465,825300
2009-08-14,82.62000274658203,82.62000274658203,81.75,81.87000274658203,30.30786895751953,585500
2009-08-17,81.38999938964844,81.6500015258789,79.62999725341797,79.87000274658203,29.567474365234375,1160800
2009-08-18,80.55000305175781,81.38999938964844,80.0,81.25,30.078367233276367,639200
2009-08-19,81.13999938964844,81.58000183105469,80.5,81.58000183105469,30.200498580932617,501700
2009-08-20,81.66000366210938,81.83999633789062,81.26000213623047,81.33000183105469,30.10797119140625,601200
2009-08-21,81.69999694824219,82.44000244140625,81.5199966430664,82.44000244140625,30.51888084411621,570400
2009-08-24,82.4800033569336,82.5,81.72000122070312,82.01000213623047,30.35968017578125,874600
2009-08-25,82.37999725341797,82.37999725341797,81.80000305175781,82.0,30.355987548828125,565000
2009-08-26,82.33999633789062,82.44999694824219,81.97000122070312,82.31999969482422,30.474464416503906,476100
2009-08-27,82.55000305175781,82.63999938964844,81.87999725341797,81.9000015258789,30.31895637512207,968500
2009-08-28,82.5,82.5,82.12000274658203,82.30999755859375,30.470746994018555,595800
2009-08-31,82.4000015258789,82.5,82.0199966430664,82.31999969482422,30.474464416503906,498500
2009-09-01,81.68000030517578,81.68000030517578,80.5999984741211,80.8499984741211,30.18804359436035,742300
2009-09-02,80.8499984741211,80.88999938964844,80.0999984741211,80.41999816894531,30.02751922607422,698800
2009-09-03,80.69000244140625,81.08000183105469,80.44999694824219,80.94000244140625,30.221662521362305,486000
2009-09-04,81.18000030517578,81.91000366210938,80.98999786376953,81.55999755859375,30.453174591064453,667000
2009-09-08,81.93000030517578,82.72000122070312,81.83000183105469,82.72000122070312,30.88628578186035,974200
2009-09-09,82.48999786376953,82.80000305175781,81.75,81.94000244140625,30.595069885253906,1454000
2009-09-10,82.37000274658203,83.25,82.0199966430664,83.20999908447266,31.069265365600586,695600
2009-09-11,83.55000305175781,84.13999938964844,83.2699966430664,84.0,31.364238739013672,607200
2009-09-14,84.06999969482422,84.1500015258789,83.51000213623047,84.0999984741211,31.401569366455078,579300
2009-09-15,84.37000274658203,84.72000122070312,84.12000274658203,84.69999694824219,31.625606536865234,1289500
2009-09-16,85.31999969482422,85.81999969482422,85.05000305175781,85.79000091552734,32.032588958740234,1143900
2009-09-17,85.79000091552734,85.94000244140625,85.16000366210938,85.94000244140625,32.08858871459961,733400
2009-09-18,85.72000122070312,86.05999755859375,84.86000061035156,85.69999694824219,31.998973846435547,565700
2009-09-21,85.5,85.75,84.93000030517578,85.75,32.017635345458984,510600
2009-09-22,86.0199966430664,86.12999725341797,85.5,85.6500015258789,31.980289459228516,413400
2009-09-23,85.9000015258789,86.36000061035156,85.80000305175781,85.91000366210938,32.0773811340332,464900
2009-09-24,86.30000305175781,86.48999786376953,85.70999908447266,86.06999969482422,32.137123107910156,774000
2009-09-25,86.0999984741211,86.37999725341797,85.44999694824219,85.79000091552734,32.032588958740234,454800
2009-09-28,86.1500015258789,86.54000091552734,85.36000061035156,86.47000122070312,32.28647232055664,455200
2009-09-29,86.44999694824219,86.48999786376953,86.19000244140625,86.37000274658203,32.24915313720703,693000
2009-09-30,86.3499984741211,86.69000244140625,85.94000244140625,86.3499984741211,32.24168014526367,688000
2009-10-01,85.36000061035156,85.41000366210938,83.38999938964844,83.38999938964844,31.392789840698242,3014800
2009-10-02,83.04000091552734,83.61000061035156,82.0,83.41999816894531,31.4040584564209,1694100
2009-10-05,83.66999816894531,84.54000091552734,83.55000305175781,84.54000091552734,31.82570457458496,556200
2009-10-06,84.79000091552734,85.16999816894531,84.19999694824219,84.25,31.716506958007812,813300
2009-10-07,84.12000274658203,85.08000183105469,84.12000274658203,84.87000274658203,31.94989776611328,637400
2009-10-08,84.87000274658203,85.41999816894531,84.87000274658203,85.41000366210938,32.15321350097656,824700
2009-10-09,85.11000061035156,85.73999786376953,84.94999694824219,85.73999786376953,32.277442932128906,680100
2009-10-12,85.87000274658203,85.87999725341797,85.55000305175781,85.72000122070312,32.26990509033203,354200
2009-10-13,85.87000274658203,85.87000274658203,85.19000244140625,85.69999694824219,32.26237869262695,295500
2009-10-14,86.0,86.12000274658203,85.72000122070312,86.04000091552734,32.3903923034668,749900
2009-10-15,86.06999969482422,86.0999984741211,85.75,86.0199966430664,32.382850646972656,382100
2009-10-16,86.06999969482422,86.08999633789062,85.5999984741211,86.01000213623047,32.37908172607422,443100
2009-10-19,86.16999816894531,86.2699966430664,85.94999694824219,86.02999877929688,32.38661193847656,534700
2009-10-20,86.12999725341797,86.43000030517578,86.01000213623047,86.19000244140625,32.44683074951172,419300
2009-10-21,86.33000183105469,86.93000030517578,86.1500015258789,86.33999633789062,32.50331497192383,869100
2009-10-22,86.66999816894531,87.0,86.47000122070312,87.0,32.75177001953125,646200
2009-10-23,87.19999694824219,87.19999694824219,86.61000061035156,86.8499984741211,32.695281982421875,420200
2009-10-26,86.66000366210938,87.04000091552734,86.62000274658203,86.9000015258789,32.71412658691406,779800
2009-10-27,86.9000015258789,86.9000015258789,86.05000305175781,86.22000122070312,32.45815658569336,1527900
2009-10-28,86.37999725341797,86.4800033569336,84.79000091552734,84.80000305175781,31.9235782623291,1266000
2009-10-29,85.18000030517578,86.44999694824219,85.05000305175781,85.98999786376953,32.37156677246094,1350500
2009-10-30,86.0,86.20999908447266,84.87000274658203,85.18000030517578,32.06660842895508,1466000
2009-11-02,84.93000030517578,85.56999969482422,84.6500015258789,85.13999938964844,32.31828308105469,1437000
2009-11-03,84.58999633789062,85.58000183105469,84.58999633789062,85.33000183105469,32.390411376953125,1135400
2009-11-04,85.9000015258789,86.0,85.30000305175781,85.45999908447266,32.43976974487305,687800
2009-11-05,85.62999725341797,85.66000366210938,85.23999786376953,85.52999877929688,32.46634292602539,506800
2009-11-06,85.47000122070312,85.6500015258789,85.37000274658203,85.61000061035156,32.496707916259766,547700
2009-11-09,85.79000091552734,85.9800033569336,85.69999694824219,85.94999694824219,32.6257438659668,571400
2009-11-10,85.87000274658203,85.9800033569336,85.66000366210938,85.91999816894531,32.61436462402344,667800
2009-11-11,85.95999908447266,86.19999694824219,85.87999725341797,85.97000122070312,32.63335037231445,509500
2009-11-12,86.08999633789062,86.11000061035156,85.75,86.06999969482422,32.67129898071289,619900
2009-11-13,85.88999938964844,86.25,85.75,85.9000015258789,32.60675811767578,491100
2009-11-16,86.33000183105469,86.6500015258789,86.05000305175781,86.30000305175781,32.75863265991211,714900
2009-11-17,86.4800033569336,86.4800033569336,86.1500015258789,86.27999877929688,32.751007080078125,438400
2009-11-18,86.36000061035156,86.44000244140625,86.05999755859375,86.05999755859375,32.66750717163086,630200
2009-11-19,86.19999694824219,86.30000305175781,85.87000274658203,86.23999786376953,32.73583984375,679700
2009-11-20,86.13999938964844,86.33999633789062,86.0,86.22000122070312,32.72826385498047,544200
2009-11-23,86.27999877929688,86.37000274658203,86.0999984741211,86.12999725341797,32.69409942626953,428600
2009-11-24,86.26000213623047,86.30000305175781,86.05000305175781,86.18000030517578,32.713069915771484,526800
2009-11-25,86.25,86.6500015258789,86.20999908447266,86.22000122070312,32.72826385498047,548900
2009-11-27,85.36000061035156,85.8499984741211,85.05000305175781,85.62000274658203,32.500492095947266,570000
2009-11-30,85.5999984741211,86.0999984741211,85.5999984741211,85.9000015258789,32.60675811767578,674100
2009-12-01,85.58999633789062,85.83000183105469,85.3499984741211,85.69999694824219,32.76813507080078,749100
2009-12-02,85.69999694824219,85.95999908447266,85.5999984741211,85.79000091552734,32.80255889892578,537400
2009-12-03,85.93000030517578,86.26000213623047,85.86000061035156,85.9000015258789,32.84461212158203,489600
2009-12-04,86.20999908447266,86.55999755859375,86.20999908447266,86.25,32.97840118408203,532000
2009-12-07,86.33999633789062,86.44000244140625,86.16000366210938,86.36000061035156,33.02048110961914,397200
2009-12-08,86.3499984741211,86.5,86.19000244140625,86.45999908447266,33.05870056152344,359000
2009-12-09,86.5199966430664,86.62999725341797,86.43000030517578,86.45999908447266,33.05870056152344,357000
2009-12-10,86.62000274658203,86.88999938964844,86.61000061035156,86.88999938964844,33.22315979003906,401000
2009-12-11,87.0,87.05999755859375,86.83999633789062,86.94000244140625,33.24225997924805,444100
2009-12-14,87.0,87.76000213623047,87.0,87.63999938964844,33.50989532470703,1132700
2009-12-15,87.5999984741211,87.69999694824219,87.26000213623047,87.55000305175781,33.47551345825195,417600
2009-12-16,87.75,87.79000091552734,87.30999755859375,87.75,33.55195236206055,621100
2009-12-17,87.5999984741211,87.77999877929688,87.48999786376953,87.69999694824219,33.53286361694336,350200
2009-12-18,87.77999877929688,87.83000183105469,87.61000061035156,87.6500015258789,33.51371765136719,281600
2009-12-21,87.80999755859375,87.94000244140625,87.6500015258789,87.91000366210938,33.61314392089844,646800
2009-12-22,88.0,88.12000274658203,87.87000274658203,88.0999984741211,33.685787200927734,432500
2009-12-23,88.1500015258789,88.44999694824219,88.12000274658203,88.30999755859375,33.76608657836914,440100
2009-12-24,88.38999938964844,88.7699966430664,88.30000305175781,88.63999938964844,33.89229202270508,188800
2009-12-28,88.7300033569336,88.80000305175781,88.25,88.37999725341797,33.79283905029297,532400
2009-12-29,87.8499984741211,87.9000015258789,87.30000305175781,87.33000183105469,33.6119499206543,494600
2009-12-30,87.5,87.77999877929688,87.43000030517578,87.69999694824219,33.754371643066406,421600
2009-12-31,87.83999633789062,87.9000015258789,87.58000183105469,87.83999633789062,33.80827331542969,346000
2010-01-04,88.0,88.52999877929688,88.0,88.52999877929688,34.073822021484375,1316800
2010-01-05,88.75,89.08000183105469,88.41999816894531,88.94999694824219,34.2354850769043,733000
2010-01-06,89.04000091552734,89.26000213623047,89.0,89.18000030517578,34.3239860534668,715700
2010-01-07,89.37999725341797,89.62999725341797,89.11000061035156,89.54000091552734,34.462562561035156,956000
2010-01-08,89.55999755859375,89.80999755859375,89.51000213623047,89.68000030517578,34.51643753051758,711400
2010-01-11,89.5,89.70999908447266,89.4800033569336,89.5999984741211,34.485660552978516,895800
2010-01-12,89.5,90.29000091552734,89.05000305175781,89.13999938964844,34.3085823059082,1133900
2010-01-13,89.0999984741211,89.41999816894531,89.0999984741211,89.33999633789062,34.38557815551758,868900
2010-01-14,89.44000244140625,89.4800033569336,89.20999908447266,89.44000244140625,34.4240608215332,394600
2010-01-15,89.5199966430664,89.5199966430664,88.98999786376953,89.08000183105469,34.285484313964844,835300
2010-01-19,89.0,89.19999694824219,88.97000122070312,89.12000274658203,34.30089569091797,796900
2010-01-20,89.1500015258789,89.20999908447266,88.86000061035156,88.98999786376953,34.25086975097656,588500
2010-01-21,89.16000366210938,89.16000366210938,87.5999984741211,87.5999984741211,33.71586990356445,1416800
2010-01-22,87.98999786376953,88.04000091552734,86.61000061035156,86.7699966430664,33.39645004272461,1394400
2010-01-25,87.23999786376953,87.44000244140625,86.75,86.9000015258789,33.44645309448242,711300
2010-01-26,87.19999694824219,87.43000030517578,86.9000015258789,87.01000213623047,33.48883056640625,576000
2010-01-27,86.95999908447266,87.41999816894531,86.91999816894531,87.04000091552734,33.50033950805664,876500
2010-01-28,87.11000061035156,87.23999786376953,86.55000305175781,86.66999816894531,33.357940673828125,833700
2010-01-29,87.2699966430664,87.2699966430664,86.22000122070312,86.2300033569336,33.18857955932617,1357000
2010-02-01,85.94999694824219,86.27999877929688,85.6500015258789,85.9800033569336,33.348793029785156,924700
2010-02-02,86.2699966430664,86.61000061035156,86.0,86.23999786376953,33.449642181396484,1238500
2010-02-03,86.4000015258789,86.70999908447266,86.22000122070312,86.68000030517578,33.62030029296875,641200
2010-02-04,86.30000305175781,86.3499984741211,85.37999725341797,85.44999694824219,33.14320755004883,1762600
2010-02-05,85.33000183105469,85.33000183105469,83.44999694824219,84.94999694824219,32.949283599853516,3261500
2010-02-08,84.80000305175781,85.12999725341797,84.38999938964844,84.58000183105469,32.80577087402344,1202400
2010-02-09,84.86000061035156,85.05000305175781,84.45999908447266,84.75,32.87167739868164,853800
2010-02-10,84.69999694824219,84.91999816894531,83.5999984741211,83.61000061035156,32.429527282714844,1463200
2010-02-11,83.91000366210938,84.41999816894531,83.38999938964844,83.94999694824219,32.5614128112793,1157700
2010-02-12,83.95999908447266,84.16999816894531,83.37999725341797,83.9000015258789,32.542022705078125,743100
2010-02-16,83.66999816894531,85.0199966430664,83.66999816894531,84.7300033569336,32.86394119262695,1061300
2010-02-17,85.16999816894531,85.47000122070312,85.12999725341797,85.37999725341797,33.11606979370117,1400200
2010-02-18,85.48999786376953,86.38999938964844,85.48999786376953,86.19000244140625,33.43022155761719,1153400
2010-02-19,86.37000274658203,86.77999877929688,86.30000305175781,86.7699966430664,33.65520095825195,1485600
2010-02-22,86.88999938964844,87.05999755859375,86.70999908447266,86.87999725341797,33.69784927368164,1596200
2010-02-23,87.0199966430664,87.0999984741211,85.94999694824219,86.25,33.453468322753906,1014900
2010-02-24,86.56999969482422,86.9800033569336,86.3499984741211,86.58000183105469,33.58151626586914,1047000
2010-02-25,86.27999877929688,86.6500015258789,86.0,86.58999633789062,33.58536911010742,503400
2010-02-26,86.75,87.22000122070312,86.66000366210938,87.16999816894531,33.81034469604492,697900
2010-03-01,86.69000244140625,86.77999877929688,86.5,86.58999633789062,33.83613967895508,1468800
2010-03-02,86.87999725341797,87.19999694824219,86.69000244140625,87.1500015258789,34.054954528808594,1291800
2010-03-03,87.27999877929688,87.37999725341797,87.08999633789062,87.23999786376953,34.09014129638672,986800
2010-03-04,87.43000030517578,87.43000030517578,87.08000183105469,87.30999755859375,34.11749267578125,641100
2010-03-05,87.58999633789062,87.83999633789062,87.29000091552734,87.83000183105469,34.320674896240234,975800
2010-03-08,87.97000122070312,88.0999984741211,87.79000091552734,87.8499984741211,34.3284912109375,937900
2010-03-09,87.81999969482422,88.2300033569336,87.80000305175781,88.2300033569336,34.47697830200195,630800
2010-03-10,88.0199966430664,88.30000305175781,88.0,88.26000213623047,34.48871612548828,640200
2010-03-11,88.16999816894531,88.25,88.0199966430664,88.18000030517578,34.457435607910156,488500
2010-03-12,88.19000244140625,88.37000274658203,88.1500015258789,88.19999694824219,34.46525192260742,636700
2010-03-15,88.20999908447266,88.25,87.93000030517578,88.0999984741211,34.426185607910156,471400
2010-03-16,88.22000122070312,88.4800033569336,87.98999786376953,88.4000015258789,34.543426513671875,923300
2010-03-17,88.47000122070312,88.63999938964844,88.33999633789062,88.4000015258789,34.543426513671875,918300
2010-03-18,88.4800033569336,88.63999938964844,88.41000366210938,88.52999877929688,34.59422302246094,637200
2010-03-19,88.08999633789062,88.5999984741211,87.97000122070312,88.08999633789062,34.42226791381836,674600
2010-03-22,87.94999694824219,88.5199966430664,87.80999755859375,88.51000213623047,34.586395263671875,759000
2010-03-23,88.5199966430664,88.5999984741211,88.33000183105469,88.5,34.58249282836914,699200
2010-03-24,88.4800033569336,88.58999633789062,88.3499984741211,88.44999694824219,34.56295394897461,430800
2010-03-25,88.63999938964844,88.80999755859375,88.51000213623047,88.66000366210938,34.644996643066406,1005200
2010-03-26,88.62000274658203,88.69999694824219,88.5,88.62999725341797,34.63329315185547,1312500
2010-03-29,88.73999786376953,88.76000213623047,88.69999694824219,88.73999786376953,34.676273345947266,546200
2010-03-30,88.75,88.87000274658203,88.55999755859375,88.6500015258789,34.64109420776367,605600
2010-03-31,88.56999969482422,88.5999984741211,87.80999755859375,88.37000274658203,34.53167724609375,1255400
2010-04-01,87.83999633789062,88.0,87.5,87.5,34.448246002197266,773100
2010-04-05,87.6500015258789,87.9800033569336,87.41000366210938,87.45999908447266,34.4324836730957,930200
2010-04-06,87.51000213623047,88.08000183105469,87.44999694824219,88.02999877929688,34.656883239746094,679100
2010-04-07,87.91000366210938,88.23999786376953,87.9000015258789,88.16000366210938,34.708091735839844,859000
2010-04-08,88.0999984741211,88.3499984741211,88.01000213623047,88.30999755859375,34.76713180541992,736100
2010-04-09,88.30000305175781,88.56999969482422,88.26000213623047,88.44000244140625,34.81829071044922,679800
2010-04-12,88.55000305175781,88.66000366210938,88.44000244140625,88.45999908447266,34.826148986816406,443300
2010-04-13,88.63999938964844,88.81999969482422,88.63999938964844,88.69999694824219,34.920654296875,1162900
2010-04-14,88.9000015258789,89.0199966430664,88.80000305175781,88.94000244140625,35.01515197753906,857700
2010-04-15,89.0199966430664,89.47000122070312,88.91999816894531,89.18000030517578,35.109642028808594,1251000
2010-04-16,89.1500015258789,89.3499984741211,88.0999984741211,88.45999908447266,34.826148986816406,1334100
2010-04-19,88.26000213623047,88.48999786376953,88.05000305175781,88.29000091552734,34.75924301147461,757200
2010-04-20,88.66000366210938,90.33000183105469,88.51000213623047,89.23999786376953,35.13326644897461,1299400
2010-04-21,89.33999633789062,89.41000366210938,89.08999633789062,89.25,35.13720703125,553100
2010-04-22,89.22000122070312,89.22000122070312,88.77999877929688,88.98999786376953,35.034820556640625,250700
2010-04-23,89.0,89.5999984741211,88.87000274658203,89.56999969482422,35.26316452026367,676000
2010-04-26,89.4000015258789,89.69999694824219,89.4000015258789,89.56999969482422,35.26316452026367,440100
2010-04-27,89.56999969482422,89.7300033569336,88.37000274658203,88.44000244140625,34.81829071044922,1220700
2010-04-28,88.80000305175781,88.91999816894531,88.5,88.5,34.84192657470703,988000
2010-04-29,88.91000366210938,89.2300033569336,88.88999938964844,89.11000061035156,35.082061767578125,812200
2010-04-30,88.95999908447266,89.5199966430664,88.95999908447266,89.4000015258789,35.19624328613281,809800
2010-05-03,88.80000305175781,89.08999633789062,88.75,88.75,35.192264556884766,639000
2010-05-04,88.55999755859375,88.62999725341797,87.80999755859375,87.83999633789062,34.8314323425293,786100
2010-05-05,87.25,87.3499984741211,86.0999984741211,86.63999938964844,34.3555793762207,2567500
2010-05-06,86.27999877929688,86.51000213623047,78.95999908447266,84.48999786376953,33.503047943115234,6587300
2010-05-07,84.44999694824219,85.12000274658203,82.51000213623047,84.4800033569336,33.499107360839844,2584000
2010-05-10,86.88999938964844,87.4000015258789,85.61000061035156,86.05999755859375,34.1255989074707,1670100
2010-05-11,85.66999816894531,86.87999725341797,85.58000183105469,85.95999908447266,34.0859375,1524400
2010-05-12,86.5,87.02999877929688,86.43000030517578,87.01000213623047,34.50232696533203,1031200
2010-05-13,87.08999633789062,87.25,86.47000122070312,86.47000122070312,34.28818893432617,1151600
2010-05-14,86.20999908447266,86.45999908447266,85.36000061035156,85.97000122070312,34.08991622924805,1050700
2010-05-17,85.94999694824219,86.19000244140625,85.12000274658203,85.86000061035156,34.046287536621094,1120800
2010-05-18,86.31999969482422,86.45999908447266,85.41000366210938,85.68000030517578,33.97492218017578,1067400
2010-05-19,85.41000366210938,85.6500015258789,84.26000213623047,85.18000030517578,33.77666091918945,1565100
2010-05-20,83.88999938964844,83.88999938964844,81.33000183105469,82.63999938964844,32.76945877075195,3092800
2010-05-21,81.48999786376953,84.4000015258789,81.43000030517578,84.30000305175781,33.4277229309082,1815000
2010-05-24,84.0999984741211,85.19999694824219,83.98999786376953,84.43000030517578,33.47927474975586,1266200
2010-05-25,83.19999694824219,84.33000183105469,82.01000213623047,84.33000183105469,33.43960189819336,1507500
2010-05-26,84.63999938964844,85.05000305175781,83.19000244140625,83.31999969482422,33.03908157348633,1738300
2010-05-27,84.13999938964844,84.87999725341797,84.13999938964844,84.47000122070312,33.49510955810547,828500
2010-05-28,84.79000091552734,84.83999633789062,84.31999969482422,84.61000061035156,33.55064392089844,1253900
2010-06-01,83.61000061035156,84.3499984741211,83.37000274658203,83.56999969482422,33.39200973510742,770300
2010-06-02,83.93000030517578,84.13999938964844,83.69999694824219,84.0,33.56383514404297,1414500
2010-06-03,84.22000122070312,84.4000015258789,83.70999908447266,84.02999877929688,33.57581329345703,877200
2010-06-04,83.51000213623047,84.1500015258789,83.33000183105469,83.55999755859375,33.388023376464844,1439000
2010-06-07,83.47000122070312,84.2699966430664,82.9800033569336,82.9800033569336,33.15623474121094,992900
2010-06-08,83.5199966430664,83.5199966430664,82.55000305175781,83.11000061035156,33.208194732666016,1085200
2010-06-09,83.30000305175781,83.44999694824219,83.01000213623047,83.29000091552734,33.28012466430664,1081900
2010-06-10,83.61000061035156,84.13999938964844,83.37000274658203,84.13999938964844,33.619754791259766,588200
2010-06-11,83.69000244140625,84.27999877929688,83.58999633789062,84.26000213623047,33.667694091796875,468300
2010-06-14,84.3499984741211,84.69999694824219,84.25,84.37000274658203,33.711669921875,843100
2010-06-15,84.6500015258789,85.43000030517578,84.55999755859375,85.19000244140625,34.03932189941406,1387200
2010-06-16,84.98999786376953,85.31999969482422,84.80000305175781,85.26000213623047,34.06727981567383,1877200
2010-06-17,85.5,85.94000244140625,85.36000061035156,85.9000015258789,34.32300567626953,1097000
2010-06-18,85.9800033569336,86.33000183105469,85.93000030517578,86.2699966430664,34.4708251953125,734300
2010-06-21,86.7699966430664,86.81999969482422,86.47000122070312,86.58000183105469,34.594730377197266,1094400
2010-06-22,86.5,86.5999984741211,85.62000274658203,85.95999908447266,34.346961975097656,1011000
2010-06-23,86.02999877929688,86.08999633789062,85.29000091552734,85.9000015258789,34.32300567626953,882300
2010-06-24,85.72000122070312,85.7699966430664,85.19999694824219,85.30999755859375,34.08726501464844,613600
2010-06-25,85.62999725341797,85.73999786376953,85.25,85.69999694824219,34.24309158325195,536500
2010-06-28,85.81999969482422,86.19999694824219,85.66999816894531,85.88999938964844,34.3189811706543,682200
2010-06-29,85.56999969482422,85.58000183105469,84.52999877929688,85.02999877929688,33.97537612915039,1354400
2010-06-30,84.8499984741211,85.12000274658203,84.51000213623047,84.9000015258789,33.92341613769531,1111300
2010-07-01,84.45999908447266,84.72000122070312,83.45999908447266,84.68000030517578,34.08564758300781,2044000
2010-07-02,84.55999755859375,85.1500015258789,84.5,84.69999694824219,34.09368896484375,880400
2010-07-06,85.20999908447266,85.41000366210938,84.86000061035156,85.37000274658203,34.363380432128906,1176600
2010-07-07,85.37999725341797,86.4800033569336,85.19999694824219,86.4000015258789,34.77799606323242,1173900
2010-07-08,86.66000366210938,86.83999633789062,86.12000274658203,86.80000305175781,34.938987731933594,1525200
2010-07-09,86.80000305175781,86.80000305175781,86.47000122070312,86.5999984741211,34.85848617553711,778800
2010-07-12,86.70999908447266,86.72000122070312,85.86000061035156,86.52999877929688,34.83031463623047,786500
2010-07-13,86.75,87.3499984741211,86.5199966430664,87.19999694824219,35.10000991821289,1464900
2010-07-14,87.05000305175781,87.26000213623047,86.87999725341797,87.12000274658203,35.06782150268555,640400
2010-07-15,86.95999908447266,87.30000305175781,86.91999816894531,87.25,35.12013626098633,565900
2010-07-16,87.19000244140625,87.20999908447266,86.4800033569336,86.72000122070312,34.90680694580078,1215300
2010-07-19,86.9800033569336,87.22000122070312,86.7300033569336,87.01000213623047,35.02354431152344,556000
2010-07-20,87.0,88.16000366210938,86.86000061035156,87.70999908447266,35.30528259277344,2442800
2010-07-21,88.08000183105469,88.44000244140625,87.37000274658203,87.66999816894531,35.2891731262207,1376100
2010-07-22,87.94999694824219,88.45999908447266,87.94999694824219,88.44999694824219,35.603172302246094,809300
2010-07-23,88.38999938964844,88.8499984741211,88.04000091552734,88.8499984741211,35.76418685913086,985400
2010-07-26,88.80000305175781,88.95999908447266,88.47000122070312,88.88999938964844,35.78026580810547,887200
2010-07-27,88.98999786376953,89.0999984741211,88.4800033569336,88.7699966430664,35.731990814208984,887100
2010-07-28,88.87999725341797,88.94999694824219,88.5199966430664,88.58000183105469,35.65550231933594,603100
2010-07-29,88.87999725341797,88.93000030517578,88.58000183105469,88.8499984741211,35.76418685913086,628800
2010-07-30,88.5999984741211,88.87000274658203,88.3499984741211,88.62000274658203,35.67159652709961,1038700
2010-08-02,88.38999938964844,88.55000305175781,88.19999694824219,88.4800033569336,35.85758972167969,1021600
2010-08-03,88.16999816894531,88.62999725341797,88.08999633789062,88.4800033569336,35.85758972167969,1705900
2010-08-04,88.58000183105469,88.58999633789062,88.29000091552734,88.43000030517578,35.837337493896484,1844200
2010-08-05,88.33999633789062,88.41000366210938,88.1500015258789,88.38999938964844,35.821136474609375,708100
2010-08-06,88.33999633789062,88.38999938964844,87.87000274658203,88.37000274658203,35.813018798828125,830300
2010-08-09,88.58999633789062,88.58999633789062,88.08999633789062,88.20999908447266,35.7481803894043,1266200
2010-08-10,88.2300033569336,88.30000305175781,87.94999694824219,88.18000030517578,35.73604202270508,1271500
2010-08-11,87.58999633789062,87.69999694824219,86.9000015258789,87.02999877929688,35.269962310791016,1558600
2010-08-12,86.6500015258789,87.13999938964844,86.19999694824219,86.7300033569336,35.148414611816406,1261600
2010-08-13,86.97000122070312,87.33000183105469,86.6500015258789,87.11000061035156,35.30237579345703,776300
2010-08-16,86.98999786376953,87.47000122070312,86.9800033569336,87.22000122070312,35.34698486328125,1087600
2010-08-17,87.55000305175781,87.77999877929688,87.47000122070312,87.55000305175781,35.480690002441406,860800
2010-08-18,87.5999984741211,87.76000213623047,87.5,87.69999694824219,35.5414924621582,717000
2010-08-19,87.69999694824219,87.80999755859375,87.27999877929688,87.5199966430664,35.46854782104492,882800
2010-08-20,87.5199966430664,87.7699966430664,87.45999908447266,87.7300033569336,35.553646087646484,557700
2010-08-23,87.80000305175781,87.80999755859375,87.56999969482422,87.7300033569336,35.553646087646484,633300
2010-08-24,87.51000213623047,87.56999969482422,87.25,87.2699966430664,35.36722183227539,1000800
2010-08-25,87.19999694824219,87.31999969482422,86.79000091552734,87.1500015258789,35.3185920715332,788400
2010-08-26,87.22000122070312,87.44000244140625,86.80000305175781,87.02999877929688,35.269962310791016,1012400
2010-08-27,87.19999694824219,87.43000030517578,86.91000366210938,87.0199966430664,35.26591491699219,1302000
2010-08-30,87.02999877929688,87.43000030517578,87.02999877929688,87.18000030517578,35.33073043823242,620800
2010-08-31,87.19999694824219,87.37999725341797,87.0999984741211,87.1500015258789,35.3185920715332,1154800
2010-09-01,86.91000366210938,87.45999908447266,86.88999938964844,87.45999908447266,35.70027160644531,1697900
2010-09-02,87.5199966430664,87.61000061035156,87.33999633789062,87.5999984741211,35.757389068603516,603900
2010-09-03,87.7300033569336,87.86000061035156,87.4800033569336,87.86000061035156,35.86354446411133,999600
2010-09-07,87.68000030517578,87.73999786376953,87.3499984741211,87.7300033569336,35.81047821044922,883500
2010-09-08,87.7300033569336,87.86000061035156,87.66000366210938,87.75,35.818626403808594,835500
2010-09-09,88.12999725341797,88.12999725341797,87.83000183105469,88.0999984741211,35.96150588989258,789300
2010-09-10,88.2300033569336,88.37000274658203,88.0199966430664,88.33000183105469,36.055381774902344,957600
2010-09-13,88.58000183105469,88.81999969482422,88.44999694824219,88.79000091552734,36.243141174316406,1103500
2010-09-14,88.77999877929688,88.77999877929688,88.5199966430664,88.7699966430664,36.23497009277344,658700
2010-09-15,88.47000122070312,88.73999786376953,88.47000122070312,88.69000244140625,36.20235824584961,570800
2010-09-16,88.73999786376953,88.9000015258789,88.6500015258789,88.83999633789062,36.263553619384766,751400
2010-09-17,89.05000305175781,89.05000305175781,88.9000015258789,89.0,36.32884979248047,922800
2010-09-20,89.0999984741211,89.22000122070312,89.05000305175781,89.13999938964844,36.38603210449219,631900
2010-09-21,89.2300033569336,89.2300033569336,88.87000274658203,88.98999786376953,36.32478713989258,810900
2010-09-22,89.0999984741211,89.0999984741211,88.62000274658203,88.62999725341797,36.177833557128906,832700
2010-09-23,88.5,88.5199966430664,88.25,88.4000015258789,36.0839729309082,758800
2010-09-24,88.52999877929688,88.88999938964844,88.52999877929688,88.75,36.2268180847168,917200
2010-09-27,88.93000030517578,89.08000183105469,88.83999633789062,88.9000015258789,36.288063049316406,615900
2010-09-28,89.16000366210938,89.16000366210938,88.80000305175781,89.02999877929688,36.34115219116211,1038800
2010-09-29,89.19999694824219,89.41000366210938,89.11000061035156,89.23999786376953,36.42685317993164,826600
2010-09-30,89.4800033569336,89.73999786376953,89.2300033569336,89.69000244140625,36.61052703857422,2290800
2010-10-01,89.20999908447266,89.33000183105469,88.98999786376953,89.22000122070312,36.658599853515625,837800
2010-10-04,89.27999877929688,89.27999877929688,88.88999938964844,88.91000366210938,36.531246185302734,2490600
2010-10-05,89.25,89.31999969482422,89.05999755859375,89.2300033569336,36.662715911865234,993500
2010-10-06,89.22000122070312,89.33000183105469,89.05000305175781,89.1500015258789,36.62984085083008,1990200
2010-10-07,89.3499984741211,89.5,89.12999725341797,89.33000183105469,36.70378112792969,1371700
2010-10-08,89.45999908447266,89.68000030517578,89.36000061035156,89.62999725341797,36.82704544067383,1524800
2010-10-11,89.66000366210938,89.88999938964844,89.62999725341797,89.81999969482422,36.90510177612305,644900
2010-10-12,89.7699966430664,89.94999694824219,89.66999816894531,89.73999786376953,36.87224578857422,855200
2010-10-13,89.93000030517578,90.25,89.81999969482422,90.04000091552734,36.99551773071289,880300
2010-10-14,90.12000274658203,90.12999725341797,89.55000305175781,89.61000061035156,36.8188362121582,994400
2010-10-15,89.79000091552734,90.0,89.73999786376953,89.83999633789062,36.913352966308594,524200
2010-10-18,89.94999694824219,90.0999984741211,89.72000122070312,89.72000122070312,36.864051818847656,516300
2010-10-19,89.79000091552734,89.94999694824219,89.68000030517578,89.70999908447266,36.859928131103516,601800
2010-10-20,89.81999969482422,90.0199966430664,89.63999938964844,89.98999786376953,36.97495651245117,965600
2010-10-21,90.08999633789062,90.12000274658203,89.8499984741211,89.8499984741211,36.91747283935547,521000
2010-10-22,90.06999969482422,90.27999877929688,90.01000213623047,90.26000213623047,37.08589172363281,418000
2010-10-25,90.47000122070312,90.7699966430664,90.44999694824219,90.61000061035156,37.2297248840332,1051500
2010-10-26,90.58999633789062,90.7699966430664,90.55000305175781,90.75,37.28723907470703,568100
2010-10-27,90.69999694824219,90.80000305175781,90.52999877929688,90.6500015258789,37.24616622924805,910700
2010-10-28,90.88999938964844,90.9000015258789,90.55000305175781,90.69999694824219,37.266693115234375,1078600
2010-10-29,90.80999755859375,90.9000015258789,90.66000366210938,90.73999786376953,37.28313446044922,898000
2010-11-01,90.30000305175781,90.4000015258789,89.94999694824219,89.97000122070312,37.21320343017578,921400
2010-11-02,90.19999694824219,90.41999816894531,90.06999969482422,90.41000366210938,37.395233154296875,859800
2010-11-03,90.44999694824219,90.80000305175781,90.33999633789062,90.70999908447266,37.51932144165039,1301600
2010-11-04,91.06999969482422,91.97000122070312,91.05999755859375,91.88999938964844,38.00736618041992,1495800
2010-11-05,91.77999877929688,91.88999938964844,91.5199966430664,91.79000091552734,37.96601867675781,1281500
2010-11-08,91.69999694824219,91.79000091552734,91.44999694824219,91.5199966430664,37.85431671142578,1178800
2010-11-09,91.69000244140625,91.69000244140625,91.0999984741211,91.26000213623047,37.74678039550781,705400
2010-11-10,91.25,91.25,90.4800033569336,90.51000213623047,37.436607360839844,1250800
2010-11-11,90.44000244140625,90.52999877929688,89.80999755859375,90.1500015258789,37.28767776489258,1051000
2010-11-12,90.13999938964844,90.25,89.81999969482422,89.81999969482422,37.15116882324219,1088500
2010-11-15,90.16999816894531,90.19999694824219,89.58999633789062,89.6500015258789,37.08086013793945,1071300
2010-11-16,89.58000183105469,89.69999694824219,88.48999786376953,88.66000366210938,36.67140197753906,1674100
2010-11-17,89.25,89.37000274658203,89.0,89.11000061035156,36.85751724243164,1827000
2010-11-18,89.81999969482422,90.23999786376953,89.58000183105469,90.23999786376953,37.324920654296875,1197000
2010-11-19,90.0,90.20999908447266,89.83999633789062,90.20999908447266,37.31248474121094,592000
2010-11-22,89.76000213623047,89.94999694824219,89.54000091552734,89.58000183105469,37.05192565917969,424600
2010-11-23,89.37999725341797,89.37999725341797,88.31999969482422,88.3499984741211,36.543174743652344,1975700
2010-11-24,88.56999969482422,89.0199966430664,88.56999969482422,88.87999725341797,36.762386322021484,690700
2010-11-26,88.7699966430664,88.87000274658203,88.51000213623047,88.55999755859375,36.630008697509766,365000
2010-11-29,88.51000213623047,89.0199966430664,88.4800033569336,88.79000091552734,36.725154876708984,598300
2010-11-30,88.58999633789062,89.12000274658203,88.41999816894531,88.98999786376953,36.807891845703125,1459300
2010-12-01,88.9800033569336,89.25,88.79000091552734,89.22000122070312,37.148468017578125,1710800
2010-12-02,89.26000213623047,89.31999969482422,89.0,89.2699966430664,37.16929626464844,775600
2010-12-03,89.19999694824219,89.44999694824219,89.16000366210938,89.41999816894531,37.23174285888672,1621000
2010-12-06,89.41999816894531,89.41999816894531,89.2300033569336,89.37000274658203,37.2109260559082,776300
2010-12-07,89.81999969482422,89.91000366210938,89.66999816894531,89.83000183105469,37.40245819091797,946300
2010-12-08,89.7300033569336,90.0,89.41000366210938,89.54000091552734,37.28170394897461,1216200
2010-12-09,89.66999816894531,89.66999816894531,89.33999633789062,89.3499984741211,37.20260238647461,457200
2010-12-10,89.5,89.61000061035156,89.30999755859375,89.38999938964844,37.219261169433594,613100
2010-12-13,89.4000015258789,89.56999969482422,88.81999969482422,88.94000244140625,37.031898498535156,1176600
2010-12-14,89.4000015258789,89.4000015258789,88.87999725341797,89.37999725341797,37.21506118774414,1366900
2010-12-15,89.4000015258789,89.4000015258789,88.91000366210938,89.02999877929688,37.06936264038086,566500
2010-12-16,88.9000015258789,89.36000061035156,88.77999877929688,89.36000061035156,37.206764221191406,498600
2010-12-17,89.3499984741211,89.52999877929688,89.2300033569336,89.48999786376953,37.26089859008789,989700
2010-12-20,89.62999725341797,89.6500015258789,89.5,89.6500015258789,37.327510833740234,587700
2010-12-21,89.80999755859375,89.88999938964844,89.66000366210938,89.83999633789062,37.4066162109375,785400
2010-12-22,89.8499984741211,90.13999938964844,89.7699966430664,90.08999633789062,37.510719299316406,803000
2010-12-23,90.1500015258789,90.25,90.12000274658203,90.18000030517578,37.54818344116211,560500
2010-12-27,90.31999969482422,90.36000061035156,90.12000274658203,90.25,37.577327728271484,590800
2010-12-28,89.87000274658203,89.9000015258789,89.54000091552734,89.7300033569336,37.60121154785156,575100
2010-12-29,89.83999633789062,90.05999755859375,89.72000122070312,90.02999877929688,37.7269287109375,535700
2010-12-30,90.13999938964844,90.13999938964844,89.95999908447266,90.12999725341797,37.76884841918945,335400
2010-12-31,90.12999725341797,90.30999755859375,90.05000305175781,90.29000091552734,37.83588790893555,715700
2011-01-03,90.29000091552734,90.70999908447266,90.2699966430664,90.36000061035156,37.865203857421875,1448800
2011-01-04,90.55999755859375,90.77999877929688,90.4800033569336,90.7699966430664,38.03702926635742,1077800
2011-01-05,90.63999938964844,91.01000213623047,90.62999725341797,91.0,38.1334342956543,2537800
2011-01-06,91.04000091552734,91.12000274658203,90.69000244140625,91.11000061035156,38.179508209228516,2046600
2011-01-07,91.12000274658203,91.12000274658203,90.69999694824219,90.76000213623047,38.0328369140625,917900
2011-01-10,90.61000061035156,90.7300033569336,90.56999969482422,90.69000244140625,38.00349426269531,517400
2011-01-11,90.91000366210938,91.08999633789062,90.8499984741211,91.04000091552734,38.15018081665039,493300
2011-01-12,91.05000305175781,91.33000183105469,91.05000305175781,91.2300033569336,38.229793548583984,609600
2011-01-13,91.23999786376953,91.44999694824219,91.16999816894531,91.20999908447266,38.221405029296875,1563900
2011-01-14,91.3499984741211,91.4000015258789,91.23999786376953,91.36000061035156,38.2842903137207,912500
2011-01-18,91.5,91.5,91.25,91.3499984741211,38.28007888793945,1186800
2011-01-19,91.2699966430664,91.38999938964844,91.05999755859375,91.06999969482422,38.162750244140625,1073200
2011-01-20,91.06999969482422,91.12999725341797,90.76000213623047,90.88999938964844,38.087318420410156,766000
2011-01-21,90.9800033569336,91.33999633789062,90.9800033569336,91.26000213623047,38.242366790771484,681100
2011-01-24,91.29000091552734,91.44999694824219,91.29000091552734,91.38999938964844,38.29683303833008,697300
2011-01-25,91.43000030517578,91.52999877929688,91.33000183105469,91.52999877929688,38.35548782348633,686400
2011-01-26,91.63999938964844,91.72000122070312,91.52999877929688,91.72000122070312,38.43510437011719,985500
2011-01-27,91.7699966430664,91.8499984741211,91.69000244140625,91.83999633789062,38.485443115234375,679400
2011-01-28,91.87999725341797,91.88999938964844,91.2699966430664,91.29000091552734,38.254940032958984,2015100
2011-01-31,91.52999877929688,91.77999877929688,91.36000061035156,91.77999877929688,38.46027374267578,1183200
2011-02-01,91.30999755859375,91.44999694824219,91.20999908447266,91.37000274658203,38.53575134277344,944600
2011-02-02,91.48999786376953,91.51000213623047,91.37000274658203,91.47000122070312,38.577938079833984,550400
2011-02-03,91.4800033569336,91.55999755859375,91.2699966430664,91.47000122070312,38.577938079833984,1240800
2011-02-04,91.69999694824219,91.88999938964844,91.5199966430664,91.87000274658203,38.74663162231445,1667600
2011-02-07,92.01000213623047,92.05000305175781,91.79000091552734,92.04000091552734,38.81835174560547,2260600
2011-02-08,92.12000274658203,92.16000366210938,92.0,92.13999938964844,38.86052322387695,2632400
2011-02-09,92.13999938964844,92.13999938964844,91.62000274658203,91.62000274658203,38.64120101928711,936900
2011-02-10,91.5999984741211,91.91000366210938,91.5,91.72000122070312,38.683349609375,801800
2011-02-11,91.87000274658203,91.94999694824219,91.62999725341797,91.94999694824219,38.78036880493164,586700
2011-02-14,91.86000061035156,92.0199966430664,91.86000061035156,92.0199966430664,38.809932708740234,660000
2011-02-15,92.05999755859375,92.05999755859375,91.7699966430664,91.83999633789062,38.734004974365234,1109100
2011-02-16,92.01000213623047,92.08999633789062,91.87000274658203,91.87000274658203,38.74663162231445,1378100
2011-02-17,92.0,92.0999984741211,91.95999908447266,92.08000183105469,38.835201263427734,658800
2011-02-18,92.18000030517578,92.37000274658203,92.11000061035156,92.36000061035156,38.953338623046875,870300
2011-02-22,92.19000244140625,92.23999786376953,91.58999633789062,91.5999984741211,38.63275146484375,1305600
2011-02-23,91.62999725341797,91.83000183105469,91.58999633789062,91.69000244140625,38.67072296142578,1062700
2011-02-24,91.8499984741211,91.91000366210938,91.70999908447266,91.76000213623047,38.70026397705078,857300
2011-02-25,91.80999755859375,92.08000183105469,91.77999877929688,92.04000091552734,38.81835174560547,1907800
2011-02-28,92.13999938964844,92.52999877929688,91.9800033569336,92.5,39.0123405456543,4044100
2011-03-01,91.97000122070312,91.9800033569336,91.68000030517578,91.77999877929688,38.952510833740234,1692100
2011-03-02,91.75,91.87999725341797,91.69999694824219,91.86000061035156,38.986454010009766,1271400
2011-03-03,91.91000366210938,92.22000122070312,91.91000366210938,92.19000244140625,39.12653732299805,1615300
2011-03-04,92.19000244140625,92.20999908447266,91.93000030517578,92.0,39.0458869934082,1057200
2011-03-07,92.12999725341797,92.13999938964844,91.91999816894531,92.0199966430664,39.05437088012695,1086800
2011-03-08,92.0,92.05999755859375,91.91000366210938,91.94000244140625,39.020416259765625,971400
2011-03-09,91.95999908447266,92.01000213623047,91.6500015258789,91.68000030517578,38.910057067871094,1241700
2011-03-10,91.73999786376953,91.80000305175781,91.16999816894531,91.19999694824219,38.70634460449219,1098400
2011-03-11,91.11000061035156,91.3499984741211,91.05999755859375,91.18000030517578,38.69785690307617,1023500
2011-03-14,91.08999633789062,91.26000213623047,90.76000213623047,90.80999755859375,38.54084014892578,1643400
2011-03-15,89.9000015258789,90.48999786376953,89.5,90.33999633789062,38.34136199951172,1598300
2011-03-16,90.36000061035156,90.62000274658203,89.72000122070312,89.77999877929688,38.10367202758789,2882900
2011-03-17,90.22000122070312,90.76000213623047,90.22000122070312,90.75,38.5153694152832,1634200
2011-03-18,91.13999938964844,91.47000122070312,91.0199966430664,91.18000030517578,38.69785690307617,1300400
2011-03-21,91.48999786376953,91.77999877929688,91.41000366210938,91.73999786376953,38.93553161621094,943800
2011-03-22,91.62000274658203,91.83000183105469,91.52999877929688,91.79000091552734,38.95673751831055,2285400
2011-03-23,91.69000244140625,91.81999969482422,91.52999877929688,91.68000030517578,38.910057067871094,749400
2011-03-24,91.76000213623047,91.8499984741211,91.6500015258789,91.76000213623047,38.94401550292969,923100
2011-03-25,91.83999633789062,91.86000061035156,91.76000213623047,91.79000091552734,38.95673751831055,478500
2011-03-28,91.9000015258789,91.9000015258789,91.69000244140625,91.81999969482422,38.96946716308594,844000
2011-03-29,91.69999694824219,91.91000366210938,91.68000030517578,91.87000274658203,38.9907112121582,1010700
2011-03-30,91.94999694824219,92.05999755859375,91.75,92.01000213623047,39.05013656616211,1868800
2011-03-31,92.02999877929688,92.02999877929688,91.87000274658203,91.95999908447266,39.02888488769531,924100
2011-04-01,91.38999938964844,91.52999877929688,91.27999877929688,91.27999877929688,38.98194122314453,1322400
2011-04-04,91.44000244140625,91.86000061035156,91.3499984741211,91.83999633789062,39.22106170654297,3254100
2011-04-05,91.63999938964844,91.91000366210938,91.63999938964844,91.73999786376953,39.178382873535156,1338100
2011-04-06,91.91000366210938,91.9800033569336,91.83999633789062,91.94000244140625,39.26378631591797,835300
2011-04-07,91.93000030517578,92.06999969482422,91.91999816894531,92.02999877929688,39.302223205566406,1156700
2011-04-08,92.08999633789062,92.12000274658203,91.91000366210938,92.02999877929688,39.302223205566406,1168900
2011-04-11,92.08000183105469,92.16999816894531,91.93000030517578,91.94000244140625,39.26378631591797,1045900
2011-04-12,91.9800033569336,91.9800033569336,91.62000274658203,91.6500015258789,39.13993453979492,940100
2011-04-13,91.87000274658203,92.08999633789062,91.83000183105469,92.08999633789062,39.327842712402344,1128100
2011-04-14,92.0,92.0199966430664,91.63999938964844,91.72000122070312,39.16981887817383,1538700
2011-04-15,91.8499984741211,91.9000015258789,91.76000213623047,91.83999633789062,39.22106170654297,658300
2011-04-18,91.69999694824219,91.69999694824219,91.41999816894531,91.5199966430664,39.08440017700195,1736400
2011-04-19,91.63999938964844,91.86000061035156,91.61000061035156,91.83999633789062,39.22106170654297,1020800
2011-04-20,92.0,92.2300033569336,91.91000366210938,92.19000244140625,39.370574951171875,716400
2011-04-21,92.31999969482422,92.43000030517578,92.11000061035156,92.41000366210938,39.4644889831543,632000
2011-04-25,92.44999694824219,92.44999694824219,92.30000305175781,92.30999755859375,39.42181396484375,978700
2011-04-26,92.44999694824219,92.5199966430664,92.33000183105469,92.5199966430664,39.51149368286133,575400
2011-04-27,92.48999786376953,92.58000183105469,92.4800033569336,92.58000183105469,39.537078857421875,738800
2011-04-28,92.58000183105469,92.66000366210938,92.55000305175781,92.62999725341797,39.55844497680664,697600
2011-04-29,92.76000213623047,92.8499984741211,92.68000030517578,92.8499984741211,39.652400970458984,799000
2011-05-02,92.30999755859375,92.41999816894531,92.20999908447266,92.2300033569336,39.632198333740234,848700
2011-05-03,92.41999816894531,92.43000030517578,92.0999984741211,92.25,39.640804290771484,977700
2011-05-04,92.37999725341797,92.37999725341797,92.12000274658203,92.22000122070312,39.6279182434082,959400
2011-05-05,92.22000122070312,92.22000122070312,91.79000091552734,91.83999633789062,39.464595794677734,1300000
2011-05-06,92.11000061035156,92.44999694824219,92.11000061035156,92.30999755859375,39.666603088378906,968900
2011-05-09,92.38999938964844,92.51000213623047,92.29000091552734,92.43000030517578,39.718170166015625,620500
2011-05-10,92.33000183105469,92.62999725341797,92.33000183105469,92.62999725341797,39.804073333740234,723600
2011-05-11,92.69000244140625,92.7300033569336,92.37000274658203,92.48999786376953,39.74394226074219,595200
2011-05-12,92.47000122070312,92.58000183105469,92.26000213623047,92.58000183105469,39.78261947631836,1129800
2011-05-13,92.5999984741211,92.5999984741211,92.19999694824219,92.19999694824219,39.619327545166016,1053400
2011-05-16,92.26000213623047,92.47000122070312,92.26000213623047,92.37999725341797,39.69666290283203,540400
2011-05-17,92.37000274658203,92.58999633789062,92.11000061035156,92.54000091552734,39.76542282104492,1674000
2011-05-18,92.4800033569336,92.66000366210938,92.43000030517578,92.6500015258789,39.81270217895508,813000
2011-05-19,92.66999816894531,92.66999816894531,92.51000213623047,92.61000061035156,39.795528411865234,715900
2011-05-20,92.61000061035156,92.61000061035156,92.41000366210938,92.54000091552734,39.76542282104492,538900
2011-05-23,92.26000213623047,92.3499984741211,92.08000183105469,92.0999984741211,39.576358795166016,1204800
2011-05-24,92.30999755859375,92.37000274658203,91.93000030517578,91.94999694824219,39.511898040771484,808100
2011-05-25,92.02999877929688,92.05000305175781,91.9000015258789,91.94999694824219,39.511898040771484,1407900
2011-05-26,91.97000122070312,92.0,91.87000274658203,91.87000274658203,39.477500915527344,787900
2011-05-27,91.94999694824219,92.26000213623047,91.9000015258789,92.1500015258789,39.59784698486328,1225700
2011-05-31,92.4000015258789,92.45999908447266,92.26000213623047,92.4000015258789,39.705284118652344,1848000
2011-06-01,91.76000213623047,91.88999938964844,91.1500015258789,91.30000305175781,39.474369049072266,2091600
2011-06-02,91.36000061035156,91.4000015258789,91.19999694824219,91.23999786376953,39.44843673706055,1177000
2011-06-03,90.95999908447266,91.08000183105469,90.81999969482422,90.87999725341797,39.292789459228516,1141100
2011-06-06,90.94000244140625,91.01000213623047,90.56999969482422,90.66000366210938,39.19768524169922,1660100
2011-06-07,90.9000015258789,90.93000030517578,90.54000091552734,90.58999633789062,39.16740417480469,995500
2011-06-08,90.55999755859375,90.58000183105469,90.13999938964844,90.16000366210938,38.98149871826172,1642600
2011-06-09,90.20999908447266,90.44000244140625,90.12000274658203,90.22000122070312,39.0074348449707,1480700
2011-06-10,90.2699966430664,90.3499984741211,89.44000244140625,89.62999725341797,38.75232696533203,3870000
2011-06-13,89.75,89.98999786376953,89.29000091552734,89.29000091552734,38.60535430908203,2015400
2011-06-14,89.97000122070312,90.0199966430664,89.80000305175781,89.8499984741211,38.84744644165039,1253000
2011-06-15,89.58000183105469,89.8499984741211,89.37000274658203,89.47000122070312,38.68319320678711,1319400
2011-06-16,89.41000366210938,89.69999694824219,87.62999725341797,87.87999725341797,37.99570083618164,7149900
2011-06-17,88.88999938964844,89.18000030517578,88.30000305175781,88.8499984741211,38.41510772705078,3486900
2011-06-20,88.94999694824219,89.56999969482422,88.94000244140625,89.47000122070312,38.68319320678711,1555600
2011-06-21,89.62000274658203,90.08000183105469,89.55999755859375,90.06999969482422,38.942596435546875,2212000
2011-06-22,89.9000015258789,90.04000091552734,89.41000366210938,89.41999816894531,38.66154479980469,1667400
2011-06-23,89.25,90.0,88.83000183105469,89.9000015258789,38.869083404541016,2999800
2011-06-24,90.05000305175781,90.05000305175781,89.33000183105469,89.47000122070312,38.68319320678711,1416400
2011-06-27,89.51000213623047,89.5999984741211,89.36000061035156,89.44999694824219,38.674522399902344,1137600
2011-06-28,89.69999694824219,89.80999755859375,89.62000274658203,89.80999755859375,38.830177307128906,1477500
2011-06-29,90.0999984741211,90.75,89.94999694824219,90.69999694824219,39.21497344970703,1752700
2011-06-30,90.69999694824219,91.5999984741211,90.69999694824219,91.30999755859375,39.478675842285156,2514300
2011-07-01,91.38999938964844,91.44999694824219,90.83999633789062,91.20999908447266,39.68843460083008,1749800
2011-07-05,91.05999755859375,91.33999633789062,90.91000366210938,91.33000183105469,39.740665435791016,2253200
2011-07-06,90.98999786376953,91.37999725341797,90.91999816894531,91.37000274658203,39.75809097290039,1969400
2011-07-07,91.58000183105469,91.7300033569336,91.30999755859375,91.7300033569336,39.91471481323242,2662100
2011-07-08,91.16000366210938,91.5199966430664,91.13999938964844,91.4800033569336,39.80591583251953,1771000
2011-07-11,91.01000213623047,91.12999725341797,90.55000305175781,90.58000183105469,39.41429901123047,1967100
2011-07-12,90.5199966430664,90.66000366210938,90.31999969482422,90.33000183105469,39.30553436279297,1407200
2011-07-13,90.5999984741211,91.06999969482422,90.54000091552734,91.02999877929688,39.6101188659668,1056800
2011-07-14,90.87000274658203,91.5,90.80999755859375,90.9800033569336,39.588375091552734,823300
2011-07-15,91.16999816894531,91.16999816894531,90.88999938964844,90.94999694824219,39.575294494628906,688800
2011-07-18,90.75,91.0,90.51000213623047,90.79000091552734,39.505699157714844,2103500
2011-07-19,90.77999877929688,91.2300033569336,90.70999908447266,91.19999694824219,39.6840705871582,894100
2011-07-20,91.41000366210938,91.41000366210938,91.19999694824219,91.27999877929688,39.718902587890625,878500
2011-07-21,91.44999694824219,91.7699966430664,91.3499984741211,91.72000122070312,39.91035842895508,936300
2011-07-22,91.5999984741211,91.86000061035156,91.54000091552734,91.83999633789062,39.96254348754883,670000
2011-07-25,91.55000305175781,91.73999786376953,91.33999633789062,91.3499984741211,39.749359130859375,1050600
2011-07-26,91.44000244140625,91.63999938964844,91.33000183105469,91.54000091552734,39.8320426940918,570200
2011-07-27,91.5199966430664,91.58000183105469,90.81999969482422,90.81999969482422,39.518707275390625,1158100
2011-07-28,90.91999816894531,91.18000030517578,90.83000183105469,90.95999908447266,39.579673767089844,689700
2011-07-29,90.4800033569336,91.08000183105469,90.41000366210938,91.05000305175781,39.61880874633789,1199100
2011-08-01,90.79000091552734,91.01000213623047,90.25,90.69999694824219,39.70681381225586,907000
2011-08-02,90.48999786376953,90.5,89.56999969482422,89.58000183105469,39.21647644042969,1286700
2011-08-03,89.61000061035156,89.95999908447266,88.80999755859375,89.52999877929688,39.19459915161133,2361600
2011-08-04,89.0,89.3499984741211,86.91000366210938,86.94999694824219,38.065128326416016,3396500
2011-08-05,87.44000244140625,88.12999725341797,84.61000061035156,86.86000061035156,38.025733947753906,4671900
2011-08-08,83.87000274658203,85.86000061035156,82.33000183105469,83.16000366210938,36.405921936035156,6491600
2011-08-09,84.25,85.69999694824219,83.05000305175781,85.69999694824219,37.51791000366211,5124100
2011-08-10,85.1500015258789,85.29000091552734,83.88999938964844,84.25,36.883148193359375,3395000
2011-08-11,83.66000366210938,85.91000366210938,83.66000366210938,85.77999877929688,37.55292892456055,2916900
2011-08-12,85.9800033569336,86.20999908447266,85.02999877929688,85.37999725341797,37.377838134765625,2273600
2011-08-15,85.97000122070312,86.88999938964844,85.68000030517578,86.7699966430664,37.98633575439453,3280700
2011-08-16,86.52999877929688,86.77999877929688,86.12000274658203,86.22000122070312,37.74554443359375,2712000
2011-08-17,86.62999725341797,87.18000030517578,86.5999984741211,87.16999816894531,38.16143035888672,1668900
2011-08-18,86.18000030517578,86.2300033569336,85.11000061035156,86.11000061035156,37.697383880615234,2342700
2011-08-19,85.2699966430664,86.58000183105469,85.08999633789062,85.36000061035156,37.369041442871094,1879400
2011-08-22,86.0,86.36000061035156,85.3499984741211,85.45999908447266,37.412837982177734,1681100
2011-08-23,85.27999877929688,86.23999786376953,84.69999694824219,86.0999984741211,37.69301986694336,2588800
2011-08-24,85.5,86.05999755859375,85.19000244140625,85.70999908447266,37.52227783203125,2550900
2011-08-25,86.22000122070312,86.45999908447266,85.0,85.0199966430664,37.2202033996582,1678800
2011-08-26,85.05000305175781,86.05000305175781,84.30000305175781,85.87999725341797,37.59669494628906,1629000
2011-08-29,86.47000122070312,86.8499984741211,86.18000030517578,86.75,37.97758483886719,2082100
2011-08-30,86.61000061035156,86.95999908447266,86.48999786376953,86.91000366210938,38.04766082763672,1774500
2011-08-31,87.79000091552734,88.37999725341797,87.56999969482422,88.02999877929688,38.53792190551758,3213700
2011-09-01,87.48999786376953,87.61000061035156,87.2300033569336,87.41000366210938,38.512821197509766,1624000
2011-09-02,86.56999969482422,87.55999755859375,86.56999969482422,87.0,38.33218765258789,1814600
2011-09-06,85.76000213623047,86.30000305175781,85.5199966430664,85.97000122070312,37.878379821777344,3004100
2011-09-07,86.58999633789062,86.76000213623047,86.11000061035156,86.38999938964844,38.06343078613281,916900
2011-09-08,86.55999755859375,86.8499984741211,86.38999938964844,86.66000366210938,38.182376861572266,1533100
2011-09-09,86.55000305175781,86.80000305175781,85.62999725341797,85.87999725341797,37.83869171142578,1978400
2011-09-12,85.30999755859375,85.45999908447266,84.80999755859375,85.13999938964844,37.512657165527344,2110000
2011-09-13,85.33999633789062,86.0,85.13999938964844,85.79000091552734,37.79902648925781,2331900
2011-09-14,86.06999969482422,86.55999755859375,85.66000366210938,86.36000061035156,38.050167083740234,1648300
2011-09-15,86.55999755859375,86.95999908447266,86.37000274658203,86.94000244140625,38.305702209472656,1534000
2011-09-16,87.1500015258789,87.1500015258789,86.5999984741211,86.88999938964844,38.2837028503418,1217200
2011-09-19,86.73999786376953,86.93000030517578,86.37999725341797,86.76000213623047,38.2264404296875,1251000
2011-09-20,86.91999816894531,87.08000183105469,86.56999969482422,86.9000015258789,38.28810119628906,1509100
2011-09-21,86.9000015258789,87.08000183105469,86.13999938964844,86.1500015258789,37.957664489746094,2524900
2011-09-22,85.16999816894531,85.5199966430664,84.77999877929688,84.9800033569336,37.442161560058594,2295700
2011-09-23,84.7300033569336,85.62000274658203,84.69999694824219,85.20999908447266,37.543479919433594,2251300
2011-09-26,85.38999938964844,86.37999725341797,85.01000213623047,85.52999877929688,37.68449783325195,2451400
2011-09-27,86.04000091552734,86.04000091552734,85.5,85.62999725341797,37.72855758666992,3481300
2011-09-28,85.58000183105469,85.5999984741211,84.51000213623047,84.66999816894531,37.305564880371094,2696800
2011-09-29,85.0,85.27999877929688,84.36000061035156,84.51000213623047,37.235084533691406,1643100
2011-09-30,83.9800033569336,83.9800033569336,82.7300033569336,82.83000183105469,36.49486541748047,2510700
2011-10-03,81.91999816894531,82.45999908447266,81.30000305175781,81.30000305175781,36.05495834350586,2560600
2011-10-04,80.61000061035156,81.18000030517578,77.9000015258789,81.05000305175781,35.94407272338867,4870500
2011-10-05,81.43000030517578,82.11000061035156,80.7300033569336,82.04000091552734,36.38312911987305,2563800
2011-10-06,82.29000091552734,83.31999969482422,81.9000015258789,83.30999755859375,36.94632339477539,2317200
2011-10-07,83.77999877929688,83.80000305175781,82.66999816894531,83.37999725341797,36.97736358642578,2686900
2011-10-10,84.37999725341797,85.18000030517578,83.87000274658203,85.16999816894531,37.77120590209961,2014300
2011-10-11,85.02999877929688,85.02999877929688,84.18000030517578,84.2300033569336,37.35434341430664,2278800
2011-10-12,84.7699966430664,86.27999877929688,84.41999816894531,86.19000244140625,38.22355270385742,4223000
2011-10-13,85.83999633789062,86.0199966430664,85.11000061035156,85.83000183105469,38.06389617919922,3361300
2011-10-14,86.30999755859375,86.45999908447266,86.0,86.43000030517578,38.32996368408203,2760400
2011-10-17,86.0199966430664,86.06999969482422,85.7300033569336,85.93000030517578,38.108245849609375,1904100
2011-10-18,85.91999816894531,86.58000183105469,85.43000030517578,86.38999938964844,38.312278747558594,2890000
2011-10-19,86.55000305175781,87.22000122070312,86.05999755859375,86.11000061035156,38.18806838989258,3574500
2011-10-20,86.4000015258789,86.87999725341797,86.19999694824219,86.87000274658203,38.52513122558594,1759800
2011-10-21,87.44999694824219,87.94000244140625,87.25,87.91999816894531,38.990779876708984,2405600
2011-10-24,88.0,90.4800033569336,87.8499984741211,90.30000305175781,40.04624938964844,5630300
2011-10-25,89.41000366210938,89.83000183105469,88.66000366210938,88.69999694824219,39.33667755126953,4506500
2011-10-26,89.5,89.5,88.44999694824219,89.08000183105469,39.505210876464844,2839500
2011-10-27,90.73999786376953,91.41999816894531,90.0,90.38999938964844,40.0861930847168,5132100
2011-10-28,90.16000366210938,90.19999694824219,89.83999633789062,90.12000274658203,39.9664306640625,2820700
2011-10-31,89.66000366210938,89.66999816894531,89.19999694824219,89.27999877929688,39.59388732910156,2972600
2011-11-01,87.52999877929688,88.12000274658203,86.75,87.16999816894531,38.887290954589844,3132800
2011-11-02,87.62999725341797,88.18000030517578,87.45999908447266,88.0,39.25753402709961,1812500
2011-11-03,88.69000244140625,88.98999786376953,88.12000274658203,88.87000274658203,39.64563751220703,1409900
2011-11-04,88.37999725341797,88.86000061035156,88.06999969482422,88.77999877929688,39.605499267578125,3759500
2011-11-07,88.7300033569336,88.79000091552734,88.0199966430664,88.4800033569336,39.4716682434082,1756000
2011-11-08,88.75,88.81999969482422,88.33000183105469,88.68000030517578,39.5609016418457,1823800
2011-11-09,87.70999908447266,87.97000122070312,86.80000305175781,86.80000305175781,38.72221374511719,2151500
2011-11-10,87.56999969482422,87.70999908447266,86.87000274658203,86.88999938964844,38.762367248535156,2487700
2011-11-11,87.4000015258789,88.11000061035156,87.33000183105469,88.04000091552734,39.275390625,1270200
2011-11-14,87.87999725341797,87.87999725341797,87.0,87.44999694824219,39.01217269897461,1603100
2011-11-15,87.30999755859375,87.4000015258789,86.9000015258789,87.22000122070312,38.909584045410156,1450000
2011-11-16,86.97000122070312,87.12000274658203,86.3499984741211,86.37000274658203,38.530399322509766,1788500
2011-11-17,86.51000213623047,86.7699966430664,85.52999877929688,85.94999694824219,38.34302520751953,2131700
2011-11-18,86.27999877929688,86.30999755859375,85.79000091552734,85.88999938964844,38.316280364990234,2226100
2011-11-21,85.79000091552734,85.91999816894531,84.81999969482422,84.91999816894531,37.883514404296875,3219000
2011-11-22,84.9000015258789,85.13999938964844,84.19000244140625,84.2699966430664,37.59356689453125,4123400
2011-11-23,84.01000213623047,84.19999694824219,82.62999725341797,82.75,36.91546630859375,4483000
2011-11-25,82.98999786376953,83.69000244140625,82.52999877929688,82.75,36.91546630859375,1476200
2011-11-28,84.52999877929688,84.91999816894531,84.0199966430664,84.5999984741211,37.74076843261719,2455000
2011-11-29,84.91999816894531,85.1500015258789,84.62000274658203,85.1500015258789,37.98616027832031,2010300
2011-11-30,86.30000305175781,86.68000030517578,86.06999969482422,86.5999984741211,38.632991790771484,2944100
2011-12-01,86.0,86.5199966430664,85.83999633789062,86.43000030517578,38.80315017700195,2442000
2011-12-02,86.69000244140625,87.0,86.43000030517578,86.91999816894531,39.023136138916016,2664700
2011-12-05,87.44000244140625,87.63999938964844,87.12000274658203,87.41000366210938,39.24312973022461,2719200
2011-12-06,87.37000274658203,87.86000061035156,87.12999725341797,87.80000305175781,39.418190002441406,2355600
2011-12-07,87.58000183105469,87.68000030517578,87.19000244140625,87.5199966430664,39.292503356933594,1740600
2011-12-08,87.38999938964844,87.5199966430664,86.94000244140625,86.94999694824219,39.036590576171875,1994200
2011-12-09,87.0999984741211,87.75,87.0,87.69999694824219,39.373321533203125,1355900
2011-12-12,87.37999725341797,87.37999725341797,87.05000305175781,87.2300033569336,39.16230392456055,1772000
2011-12-13,87.51000213623047,87.70999908447266,86.87000274658203,86.9000015258789,39.0141487121582,1742400
2011-12-14,86.93000030517578,86.9800033569336,86.47000122070312,86.75,38.946815490722656,1317700
2011-12-15,87.33999633789062,87.3499984741211,86.93000030517578,87.05999755859375,39.08597183227539,1562200
2011-12-16,87.25,87.51000213623047,87.0,87.47000122070312,39.270057678222656,1383900
2011-12-19,87.54000091552734,87.94999694824219,87.3499984741211,87.36000061035156,39.22067642211914,2268000
2011-12-20,87.94000244140625,88.5199966430664,87.86000061035156,88.44999694824219,39.710052490234375,1957100
2011-12-21,88.20999908447266,88.69999694824219,88.0999984741211,88.69999694824219,39.822269439697266,1792300
2011-12-22,88.62999725341797,89.16000366210938,88.45999908447266,89.04000091552734,39.974945068359375,1885800
2011-12-23,88.98999786376953,89.51000213623047,88.87000274658203,89.44999694824219,40.158966064453125,1255200
2011-12-27,89.02999877929688,89.30000305175781,88.80000305175781,89.2699966430664,40.3193359375,2282000
2011-12-28,89.41000366210938,89.48999786376953,88.76000213623047,88.8499984741211,40.129638671875,1899200
2011-12-29,89.0999984741211,89.44000244140625,88.86000061035156,89.37999725341797,40.368988037109375,1558600
2011-12-30,89.37000274658203,89.6500015258789,89.26000213623047,89.43000030517578,40.391597747802734,1553400
2012-01-03,89.81999969482422,89.98999786376953,89.44999694824219,89.72000122070312,40.52256774902344,3118800
2012-01-04,89.69999694824219,89.70999908447266,89.11000061035156,89.56999969482422,40.454833984375,3010000
2012-01-05,89.54000091552734,89.58000183105469,88.98999786376953,89.18000030517578,40.27866744995117,2579700
2012-01-06,89.38999938964844,89.38999938964844,88.75,88.9000015258789,40.15221405029297,1916400
2012-01-09,88.91000366210938,89.2300033569336,88.91000366210938,89.0199966430664,40.20642852783203,2157800
2012-01-10,89.4000015258789,89.4800033569336,89.19999694824219,89.33000183105469,40.3464241027832,2318000
2012-01-11,89.2699966430664,89.33000183105469,89.04000091552734,89.23999786376953,40.30575942993164,1191100
2012-01-12,89.23999786376953,89.44000244140625,89.04000091552734,89.12000274658203,40.25157165527344,1558100
2012-01-13,89.06999969482422,89.12999725341797,88.55000305175781,89.0199966430664,40.20642852783203,1929400
2012-01-17,89.37999725341797,89.37999725341797,89.05999755859375,89.19999694824219,40.28771209716797,4144200
2012-01-18,89.20999908447266,89.45999908447266,88.94999694824219,89.44999694824219,40.400611877441406,2725800
2012-01-19,89.72000122070312,89.8499984741211,89.45999908447266,89.58000183105469,40.459327697753906,2953000
2012-01-20,89.61000061035156,89.73999786376953,89.54000091552734,89.58000183105469,40.459327697753906,2037500
2012-01-23,89.7699966430664,90.0199966430664,89.66000366210938,89.88999938964844,40.59934616088867,1680100
2012-01-24,89.88999938964844,90.16999816894531,89.72000122070312,90.12000274658203,40.70323181152344,2863800
2012-01-25,90.30000305175781,91.0,89.91999816894531,90.91000366210938,41.06004333496094,3882800
2012-01-26,91.30000305175781,91.4800033569336,90.91999816894531,91.12999725341797,41.159400939941406,6487500
2012-01-27,91.01000213623047,91.18000030517578,90.80000305175781,90.80000305175781,41.0103645324707,2431100
2012-01-30,90.45999908447266,90.7300033569336,90.3499984741211,90.51000213623047,40.87934494018555,2553000
2012-01-31,90.75,90.87000274658203,90.52999877929688,90.73999786376953,40.983238220214844,2864400
2012-02-01,90.27999877929688,90.72000122070312,90.27999877929688,90.4000015258789,41.05909729003906,4284200
2012-02-02,90.58999633789062,90.62000274658203,90.41000366210938,90.45999908447266,41.08635330200195,2079600
2012-02-03,91.22000122070312,91.23999786376953,90.58000183105469,90.72000122070312,41.204444885253906,2312900
2012-02-06,90.63999938964844,90.76000213623047,90.5,90.73999786376953,41.21350860595703,2270500
2012-02-07,90.79000091552734,90.98999786376953,90.66999816894531,90.91999816894531,41.29527282714844,2467000
2012-02-08,91.04000091552734,91.08999633789062,90.80999755859375,91.0,41.331626892089844,3336000
2012-02-09,91.05999755859375,91.08999633789062,90.66999816894531,91.04000091552734,41.349796295166016,3258700
2012-02-10,90.58000183105469,90.62000274658203,90.25,90.25,40.99098587036133,2909600
2012-02-13,90.5,90.72000122070312,90.33000183105469,90.51000213623047,41.109039306640625,2193100
2012-02-14,90.45999908447266,90.6500015258789,90.38999938964844,90.51000213623047,41.109039306640625,3000100
2012-02-15,90.52999877929688,90.7699966430664,90.19999694824219,90.22000122070312,40.97737121582031,1986600
2012-02-16,90.22000122070312,90.62000274658203,89.98999786376953,90.5999984741211,41.14997100830078,2514100
2012-02-17,90.83999633789062,90.86000061035156,90.44999694824219,90.56999969482422,41.13632583618164,2402700
2012-02-21,90.68000030517578,91.08999633789062,90.6500015258789,90.91000366210938,41.29075241088867,2265100
2012-02-22,91.02999877929688,91.25,90.97000122070312,91.19999694824219,41.422462463378906,3570600
2012-02-23,91.26000213623047,91.73999786376953,91.19999694824219,91.52999877929688,41.5723762512207,3212300
2012-02-24,91.55000305175781,91.8499984741211,91.4800033569336,91.80999755859375,41.69953536987305,1795500
2012-02-27,91.58999633789062,91.94999694824219,91.58999633789062,91.83000183105469,41.70859909057617,1608100
2012-02-28,91.9000015258789,92.12000274658203,91.8499984741211,92.01000213623047,41.79035186767578,2813200
2012-02-29,92.0999984741211,92.26000213623047,91.7699966430664,92.12999725341797,41.844852447509766,3085800
2012-03-01,91.6500015258789,91.83999633789062,91.5,91.75,41.916568756103516,3802800
2012-03-02,91.7300033569336,91.7300033569336,91.33999633789062,91.37000274658203,41.74300003051758,1709000
2012-03-05,91.44999694824219,91.4800033569336,90.8499984741211,90.86000061035156,41.509986877441406,2333700
2012-03-06,90.54000091552734,90.73999786376953,89.6500015258789,89.6500015258789,40.95717239379883,5792700
2012-03-07,89.93000030517578,90.01000213623047,89.63999938964844,89.9000015258789,41.07140350341797,5840700
2012-03-08,90.25,90.62000274658203,90.04000091552734,90.5999984741211,41.3912353515625,2249700
2012-03-09,90.69000244140625,90.94000244140625,90.62999725341797,90.69999694824219,41.4368896484375,2531300
2012-03-12,90.62000274658203,90.72000122070312,90.5,90.69999694824219,41.4368896484375,2153000
2012-03-13,90.9800033569336,91.36000061035156,90.76000213623047,91.36000061035156,41.738433837890625,2890700
2012-03-14,91.30999755859375,91.3499984741211,90.66999816894531,91.12999725341797,41.63335418701172,2928800
2012-03-15,91.19999694824219,91.19999694824219,90.73999786376953,90.81999969482422,41.49170684814453,1726800
2012-03-16,90.91000366210938,91.0,90.30000305175781,90.48999786376953,41.3409309387207,3570300
2012-03-19,90.48999786376953,90.86000061035156,90.33000183105469,90.83000183105469,41.49628829956055,2283900
2012-03-20,90.76000213623047,90.91999816894531,90.61000061035156,90.76000213623047,41.46427917480469,2756600
2012-03-21,90.93000030517578,90.93000030517578,90.44999694824219,90.47000122070312,41.33182144165039,3280100
2012-03-22,90.44999694824219,90.77999877929688,90.43000030517578,90.69000244140625,41.432334899902344,3500900
2012-03-23,90.66000366210938,90.75,90.4000015258789,90.5,41.34552001953125,3465200
2012-03-26,90.62000274658203,91.05999755859375,90.56999969482422,91.05000305175781,41.59675598144531,2081200
2012-03-27,91.01000213623047,91.30999755859375,90.94000244140625,91.20999908447266,41.66989517211914,4196700
2012-03-28,91.25,91.25,90.7699966430664,90.91000366210938,41.53284454345703,2803700
2012-03-29,90.81999969482422,90.94999694824219,90.5999984741211,90.9000015258789,41.52825927734375,2158600
2012-03-30,90.97000122070312,91.06999969482422,90.58999633789062,90.72000122070312,41.4460334777832,4020300
2012-04-02,90.36000061035156,90.47000122070312,90.19999694824219,90.33000183105469,41.51727294921875,5883800
2012-04-03,90.30999755859375,90.5199966430664,90.23999786376953,90.25,41.48049545288086,4099700
2012-04-04,89.97000122070312,90.0999984741211,89.79000091552734,89.91999816894531,41.328834533691406,2297600
2012-04-05,89.87000274658203,89.9000015258789,89.58999633789062,89.69999694824219,41.22771453857422,3658900
2012-04-09,89.52999877929688,89.56999969482422,89.13999938964844,89.23999786376953,41.01628494262695,2692500
2012-04-10,89.2699966430664,89.43000030517578,88.72000122070312,88.80000305175781,40.81403732299805,4471100
2012-04-11,89.23999786376953,89.38999938964844,89.06999969482422,89.33999633789062,41.062217712402344,2003700
2012-04-12,89.41999816894531,90.20999908447266,89.33999633789062,90.13999938964844,41.4299430847168,2753500
2012-04-13,90.11000061035156,90.19999694824219,89.79000091552734,89.8499984741211,41.296661376953125,2767400
2012-04-16,90.04000091552734,90.16999816894531,89.70999908447266,89.98999786376953,41.361000061035156,3804300
2012-04-17,90.26000213623047,90.48999786376953,90.1500015258789,90.37999725341797,41.54026412963867,2787400
2012-04-18,90.23999786376953,90.45999908447266,90.19000244140625,90.3499984741211,41.52644729614258,3322600
2012-04-19,90.31999969482422,90.48999786376953,90.08000183105469,90.18000030517578,41.44832992553711,2597800
2012-04-20,90.45999908447266,90.45999908447266,90.11000061035156,90.31999969482422,41.51267623901367,2241500
2012-04-23,90.0199966430664,90.16000366210938,89.8499984741211,90.12999725341797,41.42536926269531,2850700
2012-04-24,90.2300033569336,90.33999633789062,90.0999984741211,90.33999633789062,41.521881103515625,2049300
2012-04-25,90.56999969482422,91.0,90.45999908447266,91.0,41.825218200683594,3351000
2012-04-26,91.0,91.13999938964844,90.95999908447266,91.05999755859375,41.852779388427734,2641100
2012-04-27,91.13999938964844,91.1500015258789,90.9000015258789,91.0199966430664,41.834407806396484,2413000
2012-04-30,91.02999877929688,91.22000122070312,90.80000305175781,91.19999694824219,41.917144775390625,3989000
2012-05-01,90.8499984741211,91.16999816894531,90.7300033569336,90.76000213623047,41.949012756347656,3624600
2012-05-02,90.66000366210938,91.18000030517578,90.5999984741211,91.11000061035156,42.11079406738281,2040700
2012-05-03,91.19999694824219,91.25,90.94999694824219,91.05000305175781,42.08305740356445,1871900
2012-05-04,90.94000244140625,91.08000183105469,90.80000305175781,90.87000274658203,41.99986267089844,2381400
2012-05-07,90.83999633789062,91.23999786376953,90.61000061035156,91.0199966430664,42.06919860839844,1906100
2012-05-08,90.88999938964844,91.06999969482422,90.72000122070312,91.0,42.05995178222656,1688900
2012-05-09,90.7699966430664,90.86000061035156,90.44000244140625,90.68000030517578,41.91206359863281,3146800
2012-05-10,90.9800033569336,91.02999877929688,90.5199966430664,90.58000183105469,41.86581802368164,3354000
2012-05-11,90.54000091552734,91.1500015258789,90.4800033569336,90.80999755859375,41.97209930419922,2765200
2012-05-14,90.5,90.56999969482422,90.0,90.13999938964844,41.66246795654297,4544000
2012-05-15,90.0999984741211,90.18000030517578,89.69999694824219,89.69999694824219,41.459102630615234,5242100
2012-05-16,89.80999755859375,90.05000305175781,88.79000091552734,88.81999969482422,41.052364349365234,6224400
2012-05-17,88.81999969482422,88.83000183105469,87.37000274658203,87.58999633789062,40.48386001586914,8867800
2012-05-18,88.01000213623047,88.29000091552734,87.4800033569336,87.58999633789062,40.48386001586914,6525600
2012-05-21,87.69000244140625,88.55999755859375,87.68000030517578,88.5,40.90446853637695,4276900
2012-05-22,88.76000213623047,89.11000061035156,88.37999725341797,88.48999786376953,40.899837493896484,3675300
2012-05-23,88.29000091552734,88.68000030517578,87.94999694824219,88.4000015258789,40.858238220214844,4320900
2012-05-24,88.25,88.6500015258789,88.25,88.41999816894531,40.86748123168945,2183000
2012-05-25,88.56999969482422,88.63999938964844,88.08999633789062,88.13999938964844,40.738059997558594,1651500
2012-05-29,88.52999877929688,89.25,88.44999694824219,89.11000061035156,41.1864013671875,4380300
2012-05-30,88.7300033569336,88.80999755859375,88.52999877929688,88.70999908447266,41.00153350830078,2543300
2012-05-31,88.80000305175781,88.80000305175781,87.75,87.7699966430664,40.56706237792969,10706100
2012-06-01,86.58000183105469,87.16000366210938,86.36000061035156,86.47000122070312,40.214561462402344,5945600
2012-06-04,86.54000091552734,86.8499984741211,86.43000030517578,86.54000091552734,40.24711227416992,3125700
2012-06-05,86.54000091552734,87.37999725341797,86.44999694824219,87.08999633789062,40.50288009643555,2970100
2012-06-06,87.48999786376953,88.04000091552734,87.30999755859375,88.0199966430664,40.9354133605957,2334800
2012-06-07,88.5,88.73999786376953,88.04000091552734,88.3499984741211,41.088890075683594,5454300
2012-06-08,88.33000183105469,88.9000015258789,88.19000244140625,88.69000244140625,41.247005462646484,3738100
2012-06-11,88.9000015258789,88.98999786376953,88.0999984741211,88.11000061035156,40.97724533081055,5266700
2012-06-12,88.41000366210938,88.81999969482422,88.26000213623047,88.7300033569336,41.26557540893555,3648400
2012-06-13,88.5999984741211,88.91999816894531,88.26000213623047,88.47000122070312,41.144676208496094,3527200
2012-06-14,88.48999786376953,89.23999786376953,88.43000030517578,89.12999725341797,41.451622009277344,3874100
2012-06-15,89.0,89.37999725341797,89.0,89.29000091552734,41.526039123535156,2683200
2012-06-18,89.08999633789062,89.33999633789062,89.0,89.31999969482422,41.539981842041016,3628200
2012-06-19,89.69000244140625,90.11000061035156,89.33999633789062,89.94999694824219,41.83296585083008,2809100
2012-06-20,90.18000030517578,90.33999633789062,89.81999969482422,90.30000305175781,41.995750427246094,3719000
2012-06-21,90.4000015258789,90.69999694824219,89.41999816894531,89.55999755859375,41.651611328125,4843700
2012-06-22,89.87000274658203,90.27999877929688,89.8499984741211,90.16999816894531,41.93526840209961,3211700
2012-06-25,89.80999755859375,90.05000305175781,89.66999816894531,90.02999877929688,41.87017059326172,3385600
2012-06-26,90.11000061035156,90.12000274658203,89.66000366210938,89.9000015258789,41.80973434448242,2357900
2012-06-27,90.05999755859375,90.45999908447266,90.05999755859375,90.44000244140625,42.06087112426758,1918000
2012-06-28,90.19000244140625,90.48999786376953,90.08000183105469,90.43000030517578,42.056209564208984,3068700
2012-06-29,90.9800033569336,91.29000091552734,90.77999877929688,91.29000091552734,42.456180572509766,3394900
2012-07-02,90.80000305175781,90.87000274658203,90.4000015258789,90.87000274658203,42.50201416015625,3810700
2012-07-03,90.94999694824219,91.26000213623047,90.83000183105469,91.19999694824219,42.6563606262207,1987500
2012-07-05,91.0,91.41000366210938,90.72000122070312,91.20999908447266,42.661048889160156,2221300
2012-07-06,90.73999786376953,91.12999725341797,90.69999694824219,91.08999633789062,42.604915618896484,2612400
2012-07-09,90.98999786376953,91.23999786376953,90.88999938964844,91.12000274658203,42.61894989013672,1916600
2012-07-10,91.19999694824219,91.33999633789062,90.5999984741211,90.72000122070312,42.43185806274414,1832600
2012-07-11,90.86000061035156,91.08000183105469,90.63999938964844,91.01000213623047,42.56748962402344,3188700
2012-07-12,90.93000030517578,90.95999908447266,90.45999908447266,90.80999755859375,42.47395324707031,1989100
2012-07-13,90.91000366210938,91.12999725341797,90.76000213623047,91.08999633789062,42.604915618896484,2316400
2012-07-16,90.69000244140625,91.02999877929688,90.66000366210938,90.73999786376953,42.441200256347656,2178900
2012-07-17,91.0,91.19000244140625,90.69000244140625,91.16999816894531,42.6423225402832,4036500
2012-07-18,91.12999725341797,91.55000305175781,91.08999633789062,91.55000305175781,42.820064544677734,3958600
2012-07-19,91.51000213623047,91.88999938964844,91.4800033569336,91.77999877929688,42.92765426635742,4718200
2012-07-20,91.51000213623047,91.61000061035156,91.2300033569336,91.3499984741211,42.72652816772461,2733500
2012-07-23,90.83999633789062,91.29000091552734,90.58000183105469,91.19999694824219,42.6563606262207,4561700
2012-07-24,91.12000274658203,91.16000366210938,90.56999969482422,90.63999938964844,42.3944206237793,3447700
2012-07-25,90.88999938964844,90.93000030517578,90.44000244140625,90.44999694824219,42.30558776855469,2891000
2012-07-26,90.88999938964844,91.41999816894531,90.83000183105469,91.37999725341797,42.740543365478516,4330900
2012-07-27,91.37000274658203,91.94000244140625,91.37000274658203,91.91999816894531,42.99311447143555,5556800
2012-07-30,91.9000015258789,91.94999694824219,91.6500015258789,91.91999816894531,42.99311447143555,3889700
2012-07-31,91.94999694824219,91.98999786376953,91.54000091552734,91.69999694824219,42.89023971557617,3530800
2012-08-01,91.41000366210938,91.69000244140625,91.1500015258789,91.69000244140625,43.123046875,3598100
2012-08-02,91.45999908447266,91.58999633789062,91.1500015258789,91.31999969482422,42.9489860534668,4516600
2012-08-03,91.5999984741211,91.9000015258789,91.56999969482422,91.69999694824219,43.12773513793945,4602000
2012-08-06,91.6500015258789,91.98999786376953,91.63999938964844,91.63999938964844,43.099510192871094,2864400
2012-08-07,91.81999969482422,91.9000015258789,91.36000061035156,91.45999908447266,43.01483154296875,3680600
2012-08-08,91.58000183105469,91.70999908447266,91.4800033569336,91.5199966430664,43.04304504394531,3162100
2012-08-09,91.62000274658203,91.66000366210938,91.37999725341797,91.52999877929688,43.04777908325195,2975600
2012-08-10,91.41999816894531,91.58000183105469,91.30999755859375,91.44999694824219,43.010128021240234,1533600
2012-08-13,91.41000366210938,91.5,91.25,91.5,43.03367614746094,2007800
2012-08-14,91.5,91.79000091552734,91.47000122070312,91.63999938964844,43.099510192871094,2381000
2012-08-15,91.7300033569336,91.7300033569336,91.19999694824219,91.19999694824219,42.892574310302734,2580400
2012-08-16,91.33999633789062,91.58000183105469,91.08000183105469,91.54000091552734,43.05249786376953,2914300
2012-08-17,91.48999786376953,91.6500015258789,91.38999938964844,91.54000091552734,43.05249786376953,2222000
2012-08-20,91.55999755859375,91.69999694824219,91.41000366210938,91.6500015258789,43.104209899902344,2333200
2012-08-21,91.7300033569336,91.86000061035156,91.69999694824219,91.8499984741211,43.19825744628906,2531200
2012-08-22,91.76000213623047,91.87000274658203,91.68000030517578,91.76000213623047,43.15596008300781,1889100
2012-08-23,91.7699966430664,91.8499984741211,91.61000061035156,91.73999786376953,43.146522521972656,1141700
2012-08-24,91.7699966430664,92.16000366210938,91.69000244140625,92.1500015258789,43.33937072753906,2082100
2012-08-27,92.12000274658203,92.22000122070312,91.91999816894531,92.08000183105469,43.30643844604492,1883600
2012-08-28,92.06999969482422,92.1500015258789,91.94999694824219,92.0,43.26882553100586,1795700
2012-08-29,92.12999725341797,92.16999816894531,92.0,92.12999725341797,43.3299446105957,1617600
2012-08-30,92.08000183105469,92.18000030517578,92.0,92.08999633789062,43.311180114746094,2022400
2012-08-31,92.25,92.4000015258789,92.08999633789062,92.33000183105469,43.424034118652344,1801800
2012-09-04,91.87000274658203,91.87000274658203,91.55999755859375,91.81999969482422,43.423091888427734,3921500
2012-09-05,91.91000366210938,91.91999816894531,91.76000213623047,91.83000183105469,43.427799224853516,1541000
2012-09-06,91.86000061035156,92.37999725341797,91.86000061035156,92.37000274658203,43.68318557739258,3306000
2012-09-07,92.5,92.5999984741211,92.37000274658203,92.52999877929688,43.758846282958984,3403300
2012-09-10,92.4800033569336,92.70999908447266,92.31999969482422,92.37999725341797,43.687904357910156,2138600
2012-09-11,92.43000030517578,93.01000213623047,92.43000030517578,93.01000213623047,43.98583221435547,4400300
2012-09-12,93.12999725341797,93.30999755859375,93.08000183105469,93.29000091552734,44.118263244628906,1957400
2012-09-13,93.33000183105469,93.91000366210938,93.26000213623047,93.88999938964844,44.40202331542969,5946800
2012-09-14,93.9000015258789,94.04000091552734,93.70999908447266,93.87999725341797,44.397281646728516,3467200
2012-09-17,93.77999877929688,93.9800033569336,93.69999694824219,93.80000305175781,44.35947036743164,3075500
2012-09-18,93.83000183105469,93.91999816894531,93.62000274658203,93.83999633789062,44.378379821777344,4099400
2012-09-19,93.94000244140625,93.94000244140625,93.72000122070312,93.72000122070312,44.32164001464844,3306500
2012-09-20,93.62999725341797,93.63999938964844,93.2699966430664,93.27999877929688,44.11351776123047,2122200
2012-09-21,93.47000122070312,93.47000122070312,93.02999877929688,93.1500015258789,44.052040100097656,3121700
2012-09-24,93.0199966430664,93.12000274658203,92.94000244140625,93.02999877929688,43.99531555175781,1867200
2012-09-25,93.05000305175781,93.0999984741211,92.12999725341797,92.19999694824219,43.602806091308594,5726800
2012-09-26,92.18000030517578,92.19999694824219,91.4800033569336,91.73999786376953,43.385223388671875,6554200
2012-09-27,92.18000030517578,92.73999786376953,92.0,92.73999786376953,43.85816192626953,3882600
2012-09-28,92.66000366210938,92.66999816894531,92.29000091552734,92.30000305175781,43.65005874633789,3668200
2012-10-01,92.2699966430664,92.2699966430664,91.5999984741211,91.66000366210938,43.57639694213867,5386700
2012-10-02,91.83999633789062,91.97000122070312,91.63999938964844,91.88999938964844,43.685733795166016,3151900
2012-10-03,91.97000122070312,92.3499984741211,91.91000366210938,92.12000274658203,43.795082092285156,3201000
2012-10-04,92.2300033569336,92.56999969482422,92.18000030517578,92.51000213623047,43.98049545288086,1847200
2012-10-05,92.77999877929688,92.79000091552734,92.27999877929688,92.45999908447266,43.95671844482422,2513500
2012-10-08,92.26000213623047,92.4000015258789,92.19000244140625,92.33000183105469,43.89488983154297,1143300
2012-10-09,92.51000213623047,92.51000213623047,92.05000305175781,92.06999969482422,43.77130889892578,5777300
2012-10-10,92.1500015258789,92.20999908447266,91.80000305175781,91.8499984741211,43.66670608520508,5431800
2012-10-11,92.19999694824219,92.37000274658203,92.12000274658203,92.3499984741211,43.9044303894043,2811000
2012-10-12,92.44000244140625,92.76000213623047,92.30999755859375,92.51000213623047,43.98049545288086,3696800
2012-10-15,92.76000213623047,92.97000122070312,92.58000183105469,92.93000030517578,44.180145263671875,2378500
2012-10-16,93.05999755859375,93.33000183105469,92.94000244140625,93.2699966430664,44.341796875,3536300
2012-10-17,93.4000015258789,93.55999755859375,93.30000305175781,93.4800033569336,44.4416618347168,2971500
2012-10-18,93.3499984741211,93.52999877929688,93.30000305175781,93.43000030517578,44.41787338256836,1676300
2012-10-19,93.37000274658203,93.41999816894531,92.87999725341797,92.95999908447266,44.194435119628906,2041200
2012-10-22,93.0,93.19000244140625,92.91999816894531,92.9800033569336,44.20392608642578,3021700
2012-10-23,92.69999694824219,92.80999755859375,92.5,92.62999725341797,44.03754425048828,3916900
2012-10-24,92.83999633789062,92.87000274658203,92.5,92.55000305175781,43.999507904052734,4332900
2012-10-25,92.91999816894531,92.95999908447266,92.5999984741211,92.69999694824219,44.070804595947266,2005600
2012-10-26,92.7300033569336,92.79000091552734,92.27999877929688,92.4800033569336,43.96621322631836,4591800
2012-10-31,92.4800033569336,92.66999816894531,92.44000244140625,92.58999633789062,44.01852798461914,2914100
2012-11-01,92.18000030517578,92.62999725341797,92.05999755859375,92.54000091552734,43.99475860595703,2092300
2012-11-02,92.66000366210938,92.75,92.38999938964844,92.41000366210938,43.93294906616211,2829300
2012-11-05,92.4000015258789,92.58999633789062,92.11000061035156,92.26000213623047,43.86164093017578,3361700
2012-11-06,92.43000030517578,92.5199966430664,92.2699966430664,92.4000015258789,43.9282112121582,1409000
2012-11-07,92.25,92.2699966430664,91.80000305175781,91.8499984741211,43.66670608520508,3698200
2012-11-08,91.95999908447266,92.16000366210938,91.5,91.55000305175781,43.524085998535156,5829400
2012-11-09,91.27999877929688,91.68000030517578,91.25,91.38999938964844,43.448036193847656,3953900
2012-11-12,91.48999786376953,91.56999969482422,91.31999969482422,91.41999816894531,43.462284088134766,2066000
2012-11-13,91.27999877929688,91.37999725341797,91.06999969482422,91.20999908447266,43.362457275390625,4347400
2012-11-14,91.45999908447266,91.5,90.63999938964844,90.70999908447266,43.124732971191406,5017500
2012-11-15,90.55000305175781,90.91999816894531,90.08999633789062,90.66999816894531,43.10572052001953,6989700
2012-11-16,90.76000213623047,91.0,90.52999877929688,90.93000030517578,43.229347229003906,4730200
2012-11-19,91.2300033569336,92.12000274658203,91.20999908447266,92.08000183105469,43.77605056762695,9498500
2012-11-20,92.08000183105469,92.18000030517578,91.83999633789062,92.08999633789062,43.780818939208984,4010400
2012-11-21,92.0,92.2300033569336,91.97000122070312,92.05999755859375,43.76654815673828,2984700
2012-11-23,92.25,92.44000244140625,92.11000061035156,92.37000274658203,43.9139289855957,1041100
2012-11-26,92.30999755859375,92.38999938964844,92.01000213623047,92.38999938964844,43.92343521118164,2160700
2012-11-27,92.26000213623047,92.56999969482422,92.26000213623047,92.4800033569336,43.96621322631836,4194100
2012-11-28,92.41000366210938,92.73999786376953,92.23999786376953,92.5,43.97575759887695,6528000
2012-11-29,92.7300033569336,92.94999694824219,92.5999984741211,92.91000366210938,44.1706657409668,3870500
2012-11-30,92.9000015258789,93.1500015258789,92.87000274658203,93.05000305175781,44.23723602294922,3276200
2012-12-03,92.86000061035156,93.02999877929688,92.66000366210938,93.02999877929688,44.46136474609375,5444400
2012-12-04,92.98999786376953,93.16999816894531,92.8499984741211,93.02999877929688,44.46136474609375,3121100
2012-12-05,93.2699966430664,93.29000091552734,92.8499984741211,93.18000030517578,44.53303909301758,4580900
2012-12-06,93.1500015258789,93.38999938964844,93.1500015258789,93.3499984741211,44.61428451538086,2261500
2012-12-07,93.44999694824219,93.5,93.16000366210938,93.20999908447266,44.54740905761719,2294400
2012-12-10,93.5,93.5,93.16999816894531,93.29000091552734,44.58562088012695,2140700
2012-12-11,93.52999877929688,93.70999908447266,93.3499984741211,93.37999725341797,44.62863540649414,3206300
2012-12-12,93.55000305175781,93.80000305175781,93.44000244140625,93.66000366210938,44.762451171875,3305600
2012-12-13,93.5999984741211,93.80000305175781,93.30000305175781,93.33000183105469,44.6047477722168,4898700
2012-12-14,93.36000061035156,93.5,93.26000213623047,93.26000213623047,44.571266174316406,2741400
2012-12-17,93.31999969482422,93.69999694824219,93.31999969482422,93.62000274658203,44.74332809448242,2195600
2012-12-18,93.7699966430664,93.80999755859375,93.58000183105469,93.66999816894531,44.76723861694336,3409800
2012-12-19,93.73999786376953,93.73999786376953,93.56999969482422,93.56999969482422,44.71945571899414,2566400
2012-12-20,93.5999984741211,93.91000366210938,93.58999633789062,93.9000015258789,44.87711715698242,3191200
2012-12-21,93.44000244140625,93.68000030517578,93.44000244140625,93.62999725341797,44.74809265136719,3187900
2012-12-24,93.43000030517578,93.55000305175781,93.19000244140625,93.29000091552734,44.58562088012695,1221400
2012-12-26,93.0,93.13999938964844,92.79000091552734,93.01000213623047,44.69375991821289,2257200
2012-12-27,93.05000305175781,93.19999694824219,92.88999938964844,93.19999694824219,44.78504180908203,2332600
2012-12-28,93.01000213623047,93.23999786376953,92.86000061035156,92.94999694824219,44.6649055480957,2426100
2012-12-31,92.97000122070312,93.4000015258789,92.93000030517578,93.3499984741211,44.85710906982422,2918500
2013-01-02,94.06999969482422,94.2300033569336,93.80000305175781,94.2300033569336,45.279964447021484,3975200
2013-01-03,94.08000183105469,94.29000091552734,93.87999725341797,93.94000244140625,45.14060974121094,3950700
2013-01-04,93.9800033569336,94.08000183105469,93.83000183105469,94.0,45.16946792602539,2968000
2013-01-07,94.0199966430664,94.08999633789062,93.83000183105469,94.08000183105469,45.20790100097656,4137300
2013-01-08,94.0999984741211,94.12000274658203,93.93000030517578,94.01000213623047,45.17427062988281,2179100
2013-01-09,94.23999786376953,94.23999786376953,94.01000213623047,94.19000244140625,45.26074981689453,2183900
2013-01-10,94.33000183105469,94.37999725341797,94.19999694824219,94.3499984741211,45.3376350402832,1684300
2013-01-11,94.30000305175781,94.5199966430664,94.20999908447266,94.5199966430664,45.419307708740234,1982600
2013-01-14,94.44999694824219,94.47000122070312,94.22000122070312,94.38999938964844,45.35684585571289,2182400
2013-01-15,94.22000122070312,94.41999816894531,94.16999816894531,94.41000366210938,45.366493225097656,2136000
2013-01-16,94.27999877929688,94.4000015258789,94.16999816894531,94.25,45.28959655761719,3272700
2013-01-17,94.41999816894531,94.61000061035156,94.30999755859375,94.58999633789062,45.45298767089844,6058900
2013-01-18,94.54000091552734,94.72000122070312,94.4800033569336,94.72000122070312,45.51543045043945,2836800
2013-01-22,94.6500015258789,94.87000274658203,94.54000091552734,94.77999877929688,45.544254302978516,2295200
2013-01-23,94.70999908447266,94.79000091552734,94.6500015258789,94.66999816894531,45.491416931152344,2227900
2013-01-24,94.7699966430664,94.93000030517578,94.69000244140625,94.87999725341797,45.59232711791992,3175400
2013-01-25,94.97000122070312,94.97000122070312,94.77999877929688,94.8499984741211,45.5778923034668,2525100
2013-01-28,94.7699966430664,94.83999633789062,94.69000244140625,94.80000305175781,45.55385971069336,2331000
2013-01-29,94.70999908447266,94.75,94.54000091552734,94.63999938964844,45.47700500488281,1514300
2013-01-30,94.44999694824219,94.51000213623047,93.88999938964844,93.95999908447266,45.15022659301758,6595600
2013-01-31,93.93000030517578,94.11000061035156,93.62000274658203,93.66999816894531,45.01084518432617,5963700
2013-02-01,93.54000091552734,93.76000213623047,93.45999908447266,93.4800033569336,45.16017150878906,5713000
2013-02-04,93.29000091552734,93.4000015258789,93.01000213623047,93.08999633789062,44.971763610839844,3878000
2013-02-05,93.23999786376953,93.4000015258789,93.19999694824219,93.30000305175781,45.07320785522461,2590900
2013-02-06,93.16000366210938,93.29000091552734,93.05999755859375,93.16000366210938,45.00557327270508,2850500
2013-02-07,93.11000061035156,93.12999725341797,92.80999755859375,92.9800033569336,44.918601989746094,4071400
2013-02-08,92.91999816894531,93.0999984741211,92.91000366210938,93.0,44.928306579589844,3220400
2013-02-11,92.88999938964844,93.08000183105469,92.86000061035156,92.98999786376953,44.92341613769531,3146100
2013-02-12,92.91999816894531,93.36000061035156,92.91000366210938,93.30999755859375,45.07802963256836,3490600
2013-02-13,93.41999816894531,93.4800033569336,93.16999816894531,93.44999694824219,45.14567184448242,3672200
2013-02-14,93.25,93.55000305175781,93.25,93.41000366210938,45.1263427734375,2731800
2013-02-15,93.45999908447266,93.66000366210938,93.26000213623047,93.41999816894531,45.131168365478516,2483000
2013-02-19,93.5,93.58999633789062,93.41000366210938,93.51000213623047,45.174652099609375,3074300
2013-02-20,93.58000183105469,93.72000122070312,93.4000015258789,93.41999816894531,45.131168365478516,3830300
2013-02-21,93.41999816894531,93.58999633789062,93.30000305175781,93.5199966430664,45.17949295043945,7185300
2013-02-22,93.62999725341797,93.75,93.51000213623047,93.75,45.29059600830078,3367000
2013-02-25,93.77999877929688,93.93000030517578,93.44999694824219,93.45999908447266,45.15049362182617,5259300
2013-02-26,93.63999938964844,93.91999816894531,93.47000122070312,93.91999816894531,45.37272644042969,4075600
2013-02-27,93.8499984741211,94.1500015258789,93.75,94.08000183105469,45.4500617980957,3681600
2013-02-28,94.06999969482422,94.12999725341797,93.94000244140625,94.04000091552734,45.43070983886719,3822000
2013-03-01,93.48999786376953,93.98999786376953,93.4800033569336,93.72000122070312,45.52103042602539,4833200
2013-03-04,93.6500015258789,93.80000305175781,93.61000061035156,93.7300033569336,45.5258903503418,2222500
2013-03-05,93.79000091552734,94.0199966430664,93.79000091552734,93.91999816894531,45.61819839477539,3733400
2013-03-06,94.02999877929688,94.05999755859375,93.83999633789062,93.86000061035156,45.58903503417969,2118000
2013-03-07,93.94999694824219,94.0,93.9000015258789,94.0,45.65706253051758,2124900
2013-03-08,94.16999816894531,94.19000244140625,93.91999816894531,94.11000061035156,45.71049118041992,2464100
2013-03-11,94.08000183105469,94.1500015258789,94.0,94.05000305175781,45.68130111694336,2782800
2013-03-12,93.98999786376953,94.0999984741211,93.95999908447266,94.01000213623047,45.661903381347656,1526200
2013-03-13,94.0999984741211,94.16999816894531,93.94999694824219,94.02999877929688,45.671627044677734,1431200
2013-03-14,94.16999816894531,94.38999938964844,94.06999969482422,94.38999938964844,45.84646224975586,2954100
2013-03-15,94.25,94.4000015258789,94.19999694824219,94.37999725341797,45.841590881347656,2024300
2013-03-18,94.0,94.45999908447266,94.0,94.4000015258789,45.851322174072266,3000600
2013-03-19,94.44999694824219,94.52999877929688,94.20999908447266,94.23999786376953,45.773616790771484,3742800
2013-03-20,94.33000183105469,94.5999984741211,94.31999969482422,94.55000305175781,45.92416763305664,2553200
2013-03-21,94.37000274658203,94.55999755859375,94.22000122070312,94.37999725341797,45.841590881347656,3532400
2013-03-22,94.37999725341797,94.45999908447266,94.25,94.30999755859375,45.807621002197266,2201500
2013-03-25,94.30000305175781,94.44000244140625,94.1500015258789,94.16999816894531,45.739601135253906,2131700
2013-03-26,94.38999938964844,94.4000015258789,94.25,94.33999633789062,45.82218551635742,1169400
2013-03-27,94.19000244140625,94.29000091552734,94.16999816894531,94.18000030517578,45.744503021240234,2195100
2013-03-28,94.23999786376953,94.37999725341797,94.16000366210938,94.3499984741211,45.82704544067383,1959100
2013-04-01,93.83000183105469,94.08999633789062,93.6500015258789,94.02999877929688,45.90907669067383,3823000
2013-04-02,93.94999694824219,94.18000030517578,93.91999816894531,93.95999908447266,45.874908447265625,2528700
2013-04-03,93.98999786376953,94.05000305175781,93.77999877929688,93.95999908447266,45.874908447265625,2773100
2013-04-04,93.91999816894531,94.1500015258789,93.87000274658203,93.93000030517578,45.86024475097656,3040600
2013-04-05,93.7699966430664,94.0199966430664,93.68000030517578,94.0199966430664,45.9041862487793,2243800
2013-04-08,94.06999969482422,94.1500015258789,93.94999694824219,94.12000274658203,45.95302963256836,2346800
2013-04-09,94.19999694824219,94.41999816894531,94.12000274658203,94.41999816894531,46.09944534301758,2985400
2013-04-10,94.3499984741211,94.76000213623047,94.3499984741211,94.72000122070312,46.24592590332031,2932600
2013-04-11,94.75,94.79000091552734,94.63999938964844,94.72000122070312,46.24592590332031,2676200
2013-04-12,94.63999938964844,94.80999755859375,94.55000305175781,94.75,46.260597229003906,2040900
2013-04-15,94.75,94.75,94.12999725341797,94.1500015258789,45.96770095825195,3910600
2013-04-16,94.41000366210938,94.80999755859375,94.31999969482422,94.80000305175781,46.28500747680664,4138300
2013-04-17,94.61000061035156,94.66999816894531,94.4000015258789,94.6500015258789,46.211761474609375,5778600
2013-04-18,94.61000061035156,94.66999816894531,94.45999908447266,94.5,46.13854217529297,2476900
2013-04-19,94.5999984741211,94.66000366210938,94.43000030517578,94.44999694824219,46.11412048339844,2474800
2013-04-22,94.69000244140625,94.88999938964844,94.52999877929688,94.66999816894531,46.22153854370117,3641900
2013-04-23,94.7699966430664,95.05000305175781,94.7699966430664,95.04000091552734,46.402191162109375,2217400
2013-04-24,95.08999633789062,95.26000213623047,95.01000213623047,95.20999908447266,46.48517608642578,3872600
2013-04-25,95.22000122070312,95.5199966430664,95.13999938964844,95.47000122070312,46.61215591430664,2453100
2013-04-26,95.45999908447266,95.4800033569336,95.33000183105469,95.37000274658203,46.563316345214844,2679000
2013-04-29,95.38999938964844,95.58999633789062,95.37999725341797,95.55000305175781,46.65118408203125,1785300
2013-04-30,95.62999725341797,95.8499984741211,95.55000305175781,95.8499984741211,46.79767990112305,2953100
2013-05-01,95.33999633789062,95.55999755859375,95.18000030517578,95.19999694824219,46.708370208740234,4812400
2013-05-02,95.5,95.83000183105469,95.37000274658203,95.80999755859375,47.00764465332031,3368200
2013-05-03,95.97000122070312,96.12999725341797,95.86000061035156,95.95999908447266,47.081260681152344,2407400
2013-05-06,95.91999816894531,96.05999755859375,95.87999725341797,96.0199966430664,47.110694885253906,1458700
2013-05-07,96.12000274658203,96.1500015258789,95.91999816894531,95.94999694824219,47.076358795166016,2590900
2013-05-08,96.0199966430664,96.30000305175781,96.0199966430664,96.29000091552734,47.2431640625,3801200
2013-05-09,96.19999694824219,96.29000091552734,96.0,96.01000213623047,47.10578155517578,1644900
2013-05-10,96.05000305175781,96.05000305175781,95.45999908447266,95.51000213623047,46.86045837402344,4654400
2013-05-13,95.41000366210938,95.5,95.11000061035156,95.12000274658203,46.66911315917969,2710000
2013-05-14,95.19999694824219,95.45999908447266,95.11000061035156,95.22000122070312,46.718177795410156,4473900
2013-05-15,95.22000122070312,95.33999633789062,95.08999633789062,95.2300033569336,46.723087310791016,3179800
2013-05-16,95.29000091552734,95.63999938964844,95.18000030517578,95.45999908447266,46.83594512939453,6036800
2013-05-17,95.5999984741211,95.62999725341797,95.33999633789062,95.45999908447266,46.83594512939453,4313300
2013-05-20,95.45999908447266,95.63999938964844,95.36000061035156,95.55999755859375,46.884986877441406,2086200
2013-05-21,95.55999755859375,95.77999877929688,95.54000091552734,95.73999786376953,46.97328567504883,4666500
2013-05-22,95.72000122070312,95.87999725341797,95.0999984741211,95.1500015258789,46.68381881713867,5243800
2013-05-23,95.0,95.0199966430664,94.69000244140625,94.88999938964844,46.55625534057617,3294400
2013-05-24,94.75,94.79000091552734,94.66999816894531,94.70999908447266,46.46794128417969,3420400
2013-05-28,95.02999877929688,95.02999877929688,94.30999755859375,94.36000061035156,46.29621505737305,3486700
2013-05-29,94.04000091552734,94.26000213623047,93.55000305175781,93.9800033569336,46.10980987548828,10958100
2013-05-30,94.0,94.36000061035156,93.69000244140625,94.16999816894531,46.20297622680664,5462100
2013-05-31,93.97000122070312,94.11000061035156,92.9000015258789,92.91999816894531,45.58972930908203,6809400
2013-06-03,92.37999725341797,92.5199966430664,91.80000305175781,92.36000061035156,45.549774169921875,14320900
2013-06-04,92.5,93.05000305175781,92.19000244140625,92.36000061035156,45.549774169921875,7927000
2013-06-05,92.19000244140625,92.23999786376953,91.44000244140625,91.55999755859375,45.155208587646484,10309200
2013-06-06,91.4000015258789,92.58999633789062,91.31999969482422,92.27999877929688,45.510337829589844,11849800
2013-06-07,92.44000244140625,92.97000122070312,92.19999694824219,92.33999633789062,45.539920806884766,8879800
2013-06-10,92.33999633789062,92.58999633789062,92.08000183105469,92.1500015258789,45.44620895385742,7678000
2013-06-11,91.58000183105469,92.23999786376953,91.29000091552734,91.58000183105469,45.165096282958984,9065200
2013-06-12,91.93000030517578,92.12000274658203,91.62999725341797,91.6500015258789,45.199623107910156,9193300
2013-06-13,91.6500015258789,92.81999969482422,91.6500015258789,92.69999694824219,45.71745300292969,7526400
2013-06-14,92.77999877929688,92.94000244140625,92.55000305175781,92.80999755859375,45.77170944213867,3909200
2013-06-17,92.93000030517578,93.44999694824219,92.80000305175781,92.80000305175781,45.76677703857422,3830700
2013-06-18,92.76000213623047,93.11000061035156,92.76000213623047,93.02999877929688,45.88022994995117,3609700
2013-06-19,92.94999694824219,93.2699966430664,91.62000274658203,91.63999938964844,45.19468688964844,7971700
2013-06-20,91.08999633789062,91.58000183105469,90.27999877929688,90.73999786376953,44.7508430480957,11094000
2013-06-21,91.01000213623047,91.11000061035156,90.12000274658203,90.1500015258789,44.45985412597656,9245400
2013-06-24,89.44999694824219,90.0,88.2699966430664,89.04000091552734,43.912418365478516,12116100
2013-06-25,89.5,90.30999755859375,89.5,90.30999755859375,44.53877639770508,6233300
2013-06-26,90.69999694824219,91.18000030517578,90.56999969482422,91.05999755859375,44.90863800048828,5527200
2013-06-27,91.4000015258789,91.94000244140625,91.4000015258789,91.5,45.12563705444336,5578600
2013-06-28,91.30000305175781,91.31999969482422,90.47000122070312,90.87999725341797,44.819854736328125,6112000
2013-07-01,90.56999969482422,90.98999786376953,90.5,90.88999938964844,45.062808990478516,5213400
2013-07-02,90.79000091552734,91.05000305175781,90.3499984741211,90.61000061035156,44.92401885986328,3799800
2013-07-03,90.29000091552734,90.86000061035156,90.27999877929688,90.81999969482422,45.028114318847656,1679600
2013-07-05,90.38999938964844,90.44000244140625,89.62999725341797,89.8499984741211,44.547176361083984,3312600
2013-07-08,90.08999633789062,91.08999633789062,90.0,91.08999633789062,45.1619758605957,5638400
2013-07-09,91.0999984741211,91.19000244140625,90.87000274658203,91.13999938964844,45.18678283691406,6127700
2013-07-10,91.18000030517578,91.54000091552734,91.08000183105469,91.5,45.36525344848633,6529900
2013-07-11,92.18000030517578,92.66999816894531,92.0,92.6500015258789,45.9354248046875,5865400
2013-07-12,92.41000366210938,92.66999816894531,92.25,92.55999755859375,45.89080810546875,5788300
2013-07-15,92.66999816894531,93.08999633789062,92.55999755859375,92.94999694824219,46.08415603637695,6791500
2013-07-16,93.08999633789062,93.08999633789062,92.47000122070312,92.72000122070312,45.97011947631836,3292100
2013-07-17,93.02999877929688,93.5199966430664,93.0,93.4000015258789,46.30725860595703,8660500
2013-07-18,93.5,94.0,93.44000244140625,93.95999908447266,46.58491516113281,6825000
2013-07-19,93.94999694824219,93.97000122070312,93.7699966430664,93.9000015258789,46.55516815185547,2603100
2013-07-22,93.93000030517578,94.01000213623047,93.75,93.97000122070312,46.58985900878906,3888200
2013-07-23,93.88999938964844,93.9800033569336,93.66999816894531,93.73999786376953,46.475807189941406,2483700
2013-07-24,93.54000091552734,93.63999938964844,92.66000366210938,92.94999694824219,46.08415603637695,5249800
2013-07-25,92.51000213623047,92.87999725341797,92.44000244140625,92.73999786376953,45.98003005981445,5995400
2013-07-26,92.4800033569336,92.77999877929688,92.38999938964844,92.77999877929688,45.99986267089844,4213600
2013-07-29,92.5999984741211,92.7300033569336,92.41999816894531,92.58000183105469,45.90070343017578,3850100
2013-07-30,92.5199966430664,92.87000274658203,92.5199966430664,92.70999908447266,45.96512985229492,4239400
2013-07-31,92.48999786376953,93.01000213623047,92.27999877929688,92.9800033569336,46.099037170410156,4076500
2013-08-01,92.41999816894531,92.58999633789062,91.61000061035156,91.6500015258789,45.66206741333008,4616600
2013-08-02,91.95999908447266,92.26000213623047,91.80999755859375,92.20999908447266,45.94109344482422,4309400
2013-08-05,92.18000030517578,92.18000030517578,91.69999694824219,91.73999786376953,45.70694351196289,2231000
2013-08-06,91.93000030517578,91.93000030517578,91.36000061035156,91.6500015258789,45.66206741333008,3398800
2013-08-07,91.44999694824219,91.54000091552734,91.29000091552734,91.36000061035156,45.51759719848633,2253300
2013-08-08,91.41999816894531,91.58999633789062,91.37999725341797,91.55999755859375,45.61726379394531,2857100
2013-08-09,91.43000030517578,91.66999816894531,91.12000274658203,91.56999969482422,45.622230529785156,1765600
2013-08-12,91.44000244140625,91.72000122070312,91.41999816894531,91.48999786376953,45.58236312866211,3840800
2013-08-13,91.4800033569336,91.56999969482422,91.30000305175781,91.48999786376953,45.58236312866211,2290500
2013-08-14,91.43000030517578,91.48999786376953,91.26000213623047,91.30999755859375,45.492706298828125,4605800
2013-08-15,91.0,91.08999633789062,90.75,90.83999633789062,45.25851821899414,6446100
2013-08-16,90.97000122070312,91.0999984741211,90.41999816894531,90.52999877929688,45.10407638549805,6922400
2013-08-19,90.56999969482422,90.62999725341797,89.80000305175781,89.93000030517578,44.805145263671875,6536300
2013-08-20,90.30000305175781,90.86000061035156,90.27999877929688,90.76000213623047,45.21866226196289,4208300
2013-08-21,90.66999816894531,90.77999877929688,90.37000274658203,90.43000030517578,45.05424499511719,3098100
2013-08-22,90.56999969482422,90.91999816894531,90.48999786376953,90.91999816894531,45.29835510253906,4049900
2013-08-23,90.9000015258789,91.36000061035156,90.8499984741211,91.30000305175781,45.487693786621094,3370400
2013-08-26,91.31999969482422,91.38999938964844,91.12999725341797,91.30999755859375,45.492706298828125,2365400
2013-08-27,91.05000305175781,91.12999725341797,90.70999908447266,90.72000122070312,45.198707580566406,3578500
2013-08-28,90.76000213623047,91.08999633789062,90.66000366210938,91.05999755859375,45.36812973022461,3860600
2013-08-29,90.91000366210938,91.5,90.81999969482422,91.43000030517578,45.55248260498047,4012900
2013-08-30,91.47000122070312,91.58999633789062,91.19000244140625,91.3499984741211,45.512611389160156,2486900
2013-09-03,90.94000244140625,91.18000030517578,90.30999755859375,90.38999938964844,45.27219772338867,9986800
2013-09-04,90.52999877929688,90.83999633789062,90.51000213623047,90.7300033569336,45.44247817993164,3507400
2013-09-05,90.56999969482422,90.6500015258789,90.2699966430664,90.2699966430664,45.21212387084961,3622300
2013-09-06,90.79000091552734,91.0999984741211,90.41999816894531,90.56999969482422,45.362342834472656,4713800
2013-09-09,90.7300033569336,91.0,90.70999908447266,90.80000305175781,45.477542877197266,4227400
2013-09-10,90.87999725341797,91.12999725341797,90.87000274658203,91.12000274658203,45.63784408569336,5287100
2013-09-11,90.98999786376953,91.26000213623047,90.9000015258789,91.23999786376953,45.69791793823242,3514200
2013-09-12,91.19000244140625,91.30999755859375,91.0999984741211,91.12999725341797,45.642826080322266,3594500
2013-09-13,91.23999786376953,91.31999969482422,90.9800033569336,91.05999755859375,45.607765197753906,2789300
2013-09-16,91.70999908447266,91.80999755859375,91.44999694824219,91.55999755859375,45.858211517333984,4331300
2013-09-17,91.66999816894531,91.9800033569336,91.61000061035156,91.86000061035156,46.00846481323242,5978600
2013-09-18,91.83999633789062,92.87999725341797,91.70999908447266,92.73999786376953,46.449214935302734,7476300
2013-09-19,92.98999786376953,92.98999786376953,92.4000015258789,92.47000122070312,46.313995361328125,5821100
2013-09-20,92.44000244140625,92.48999786376953,92.27999877929688,92.36000061035156,46.25886917114258,4033900
2013-09-23,92.3499984741211,92.45999908447266,92.22000122070312,92.3499984741211,46.253883361816406,6564600
2013-09-24,92.2699966430664,92.41000366210938,92.05999755859375,92.1500015258789,46.15371322631836,7947700
2013-09-25,92.13999938964844,92.26000213623047,91.94999694824219,91.98999786376953,46.07358932495117,3535700
2013-09-26,92.11000061035156,92.12999725341797,91.7699966430664,91.94000244140625,46.04852294921875,4751200
2013-09-27,91.87000274658203,91.94000244140625,91.61000061035156,91.83999633789062,45.9984130859375,6779700
2013-09-30,91.58999633789062,91.94999694824219,91.5,91.58000183105469,45.868228912353516,6248900
2013-10-01,91.16000366210938,91.55000305175781,91.05999755859375,91.52999877929688,46.067047119140625,5743900
2013-10-02,91.45999908447266,91.56999969482422,91.25,91.56999969482422,46.08715057373047,2765700
2013-10-03,91.6500015258789,91.69000244140625,91.43000030517578,91.62999725341797,46.11735153198242,3169700
2013-10-04,91.5999984741211,91.87000274658203,91.54000091552734,91.79000091552734,46.1978874206543,2048300
2013-10-07,91.45999908447266,91.76000213623047,91.45999908447266,91.55000305175781,46.07707595825195,2391700
2013-10-08,91.75,91.86000061035156,91.48999786376953,91.51000213623047,46.05694580078125,2944700
2013-10-09,91.77999877929688,91.77999877929688,91.51000213623047,91.58999633789062,46.097198486328125,2973700
2013-10-10,91.81999969482422,92.0999984741211,91.81999969482422,92.01000213623047,46.3086051940918,2899500
2013-10-11,92.16000366210938,92.23999786376953,92.01000213623047,92.18000030517578,46.39414978027344,3293900
2013-10-14,92.0,92.41000366210938,92.0,92.31999969482422,46.46464538574219,1003900
2013-10-15,92.4000015258789,92.4000015258789,92.05000305175781,92.29000091552734,46.44957733154297,2310100
2013-10-16,92.33000183105469,92.79000091552734,92.31999969482422,92.77999877929688,46.69615936279297,6949700
2013-10-17,92.75,93.25,92.7300033569336,93.2300033569336,46.92262268066406,7277900
2013-10-18,93.27999877929688,93.5,93.25,93.41999816894531,47.018226623535156,2873800
2013-10-21,93.44999694824219,93.45999908447266,93.20999908447266,93.20999908447266,46.912574768066406,2471400
2013-10-22,93.37999725341797,93.61000061035156,93.36000061035156,93.48999786376953,47.053497314453125,5488400
2013-10-23,93.56999969482422,93.58999633789062,93.31999969482422,93.56999969482422,47.093772888183594,2434200
2013-10-24,93.5999984741211,93.69000244140625,93.45999908447266,93.5999984741211,47.108856201171875,2284400
2013-10-25,93.63999938964844,93.69999694824219,93.55000305175781,93.62999725341797,47.12394332885742,2026000
2013-10-28,93.6500015258789,93.69999694824219,93.58000183105469,93.61000061035156,47.11389923095703,1697900
2013-10-29,93.58999633789062,93.79000091552734,93.56999969482422,93.76000213623047,47.18938064575195,1864600
2013-10-30,93.76000213623047,93.83000183105469,93.30999755859375,93.37999725341797,46.998138427734375,3691100
2013-10-31,93.44000244140625,93.54000091552734,93.22000122070312,93.43000030517578,47.023319244384766,5846500
2013-11-01,93.0,93.26000213623047,92.80000305175781,92.81999969482422,46.94236755371094,7882000
2013-11-04,93.08000183105469,93.08000183105469,92.93000030517578,92.9800033569336,47.0233154296875,2025500
2013-11-05,92.91999816894531,92.91999816894531,92.7300033569336,92.7300033569336,46.89684295654297,2770300
2013-11-06,92.88999938964844,93.01000213623047,92.81999969482422,93.0,47.03343200683594,4936700
2013-11-07,93.0999984741211,93.13999938964844,92.91999816894531,93.05999755859375,47.063751220703125,4802700
2013-11-08,92.69000244140625,92.95999908447266,92.66000366210938,92.9000015258789,46.98283004760742,4191100
2013-11-11,92.94000244140625,92.94000244140625,92.52999877929688,92.55000305175781,46.80583190917969,1607600
2013-11-12,92.55999755859375,92.58999633789062,92.37000274658203,92.41999816894531,46.74006271362305,2148900
2013-11-13,92.37000274658203,92.77999877929688,92.31999969482422,92.7699966430664,46.917091369628906,2795100
2013-11-14,92.75,93.05000305175781,92.6500015258789,93.04000091552734,47.053611755371094,4216800
2013-11-15,93.05999755859375,93.18000030517578,92.95999908447266,93.18000030517578,47.12444305419922,2990600
2013-11-18,93.2300033569336,93.25,92.83000183105469,92.91000366210938,46.98787307739258,3694600
2013-11-19,92.87999725341797,93.01000213623047,92.79000091552734,92.87000274658203,46.96766662597656,1415800
2013-11-20,92.83000183105469,93.06999969482422,92.66999816894531,92.77999877929688,46.92213439941406,2470600
2013-11-21,92.83000183105469,93.0999984741211,92.76000213623047,93.0999984741211,47.0839958190918,1895800
2013-11-22,93.05999755859375,93.19999694824219,92.98999786376953,93.16999816894531,47.11936569213867,1649200
2013-11-25,93.19999694824219,93.33999633789062,93.05999755859375,93.30999755859375,47.19017791748047,2813900
2013-11-26,93.22000122070312,93.43000030517578,93.1500015258789,93.37999725341797,47.22560501098633,2835300
2013-11-27,93.63999938964844,93.63999938964844,93.30000305175781,93.31999969482422,47.195255279541016,1845300
2013-11-29,93.33000183105469,93.44999694824219,93.30999755859375,93.41999816894531,47.245811462402344,958700
2013-12-02,92.88999938964844,93.02999877929688,92.8499984741211,93.0,47.26107406616211,5748100
2013-12-03,92.86000061035156,93.0,92.76000213623047,92.91000366210938,47.2153205871582,2710300
2013-12-04,92.75,92.87000274658203,92.54000091552734,92.66999816894531,47.09336471557617,3076100
2013-12-05,92.66999816894531,92.76000213623047,92.54000091552734,92.5999984741211,47.057804107666016,5354700
2013-12-06,92.83000183105469,92.9800033569336,92.6500015258789,92.86000061035156,47.189937591552734,2487900
2013-12-09,93.05000305175781,93.25,92.9000015258789,93.19999694824219,47.362693786621094,4313000
2013-12-10,93.19999694824219,93.23999786376953,93.08999633789062,93.19999694824219,47.362693786621094,1473200
2013-12-11,93.19999694824219,93.19999694824219,92.79000091552734,92.91999816894531,47.22043228149414,3586600
2013-12-12,92.93000030517578,93.01000213623047,92.75,92.75,47.13401412963867,4268800
2013-12-13,92.86000061035156,92.97000122070312,92.79000091552734,92.9000015258789,47.21024703979492,3523200
2013-12-16,92.87000274658203,93.04000091552734,92.87000274658203,92.9800033569336,47.250892639160156,3108500
2013-12-17,93.08000183105469,93.08000183105469,92.87999725341797,92.98999786376953,47.2559814453125,2799900
2013-12-18,93.0,93.27999877929688,92.75,93.1500015258789,47.3372802734375,4893500
2013-12-19,93.0,93.08999633789062,92.91000366210938,93.05000305175781,47.28645324707031,5775500
2013-12-20,93.05000305175781,93.11000061035156,92.93000030517578,93.11000061035156,47.316932678222656,12743900
2013-12-23,93.08999633789062,93.33000183105469,93.01000213623047,93.18000030517578,47.352535247802734,5525100
2013-12-24,93.0999984741211,93.20999908447266,93.0999984741211,93.12999725341797,47.32714080810547,1281600
2013-12-26,92.61000061035156,92.7699966430664,92.61000061035156,92.75,47.37155532836914,1577400
2013-12-27,92.77999877929688,92.77999877929688,92.6500015258789,92.73999786376953,47.3664665222168,1357300
2013-12-30,92.7699966430664,92.87000274658203,92.66999816894531,92.81999969482422,47.40731430053711,1888600
2013-12-31,92.8499984741211,92.95999908447266,92.7699966430664,92.87999725341797,47.43795394897461,2413400
2014-01-02,92.86000061035156,93.05000305175781,92.70999908447266,93.04000091552734,47.51967239379883,7412500
2014-01-03,92.98999786376953,93.11000061035156,92.94000244140625,93.01000213623047,47.50434875488281,1903300
2014-01-06,93.1500015258789,93.2300033569336,93.05999755859375,93.20999908447266,47.60650634765625,2622700
2014-01-07,93.2300033569336,93.30999755859375,93.16000366210938,93.20999908447266,47.60650634765625,3953000
2014-01-08,93.20999908447266,93.29000091552734,93.12000274658203,93.1500015258789,47.57584762573242,4540500
2014-01-09,93.25,93.30000305175781,93.19000244140625,93.29000091552734,47.64736557006836,3036600
2014-01-10,93.41000366210938,93.56999969482422,93.3499984741211,93.56999969482422,47.79035568237305,2423900
2014-01-13,93.55000305175781,93.61000061035156,93.41000366210938,93.47000122070312,47.73934555053711,4716600
2014-01-14,93.4800033569336,93.68000030517578,93.4800033569336,93.61000061035156,47.81080627441406,2636100
2014-01-15,93.69999694824219,93.80000305175781,93.61000061035156,93.80000305175781,47.9078483581543,1797400
2014-01-16,93.79000091552734,93.83000183105469,93.7300033569336,93.76000213623047,47.88740921020508,1269800
2014-01-17,93.83000183105469,93.88999938964844,93.72000122070312,93.77999877929688,47.89761734008789,2192300
2014-01-21,93.9000015258789,93.94999694824219,93.81999969482422,93.9000015258789,47.95890808105469,2056000
2014-01-22,93.93000030517578,93.94000244140625,93.7300033569336,93.76000213623047,47.88740921020508,3235400
2014-01-23,93.77999877929688,93.80999755859375,93.58000183105469,93.63999938964844,47.82614517211914,4989500
2014-01-24,93.45999908447266,93.47000122070312,92.98999786376953,93.0199966430664,47.509464263916016,7575400
2014-01-27,93.1500015258789,93.22000122070312,92.94999694824219,92.98999786376953,47.494136810302734,5482900
2014-01-28,93.11000061035156,93.4800033569336,93.04000091552734,93.4000015258789,47.70355987548828,5393600
2014-01-29,93.25,93.26000213623047,93.0999984741211,93.12000274658203,47.560546875,5781700
2014-01-30,93.30000305175781,93.43000030517578,93.20999908447266,93.27999877929688,47.642234802246094,3940200
2014-01-31,93.12999725341797,93.37000274658203,93.12000274658203,93.25,47.62694549560547,7756900
2014-02-03,93.0199966430664,93.0199966430664,92.30000305175781,92.51000213623047,47.484256744384766,16150600
2014-02-04,92.75,92.80000305175781,92.58000183105469,92.62000274658203,47.540706634521484,5246900
2014-02-05,92.62000274658203,92.69999694824219,92.52999877929688,92.62000274658203,47.540706634521484,3893000
2014-02-06,92.77999877929688,92.97000122070312,92.66000366210938,92.94999694824219,47.71009826660156,3426100
2014-02-07,93.05999755859375,93.41999816894531,93.05999755859375,93.41999816894531,47.951324462890625,5193300
2014-02-10,93.41999816894531,93.54000091552734,93.30999755859375,93.4800033569336,47.982139587402344,5199700
2014-02-11,93.52999877929688,93.75,93.44000244140625,93.63999938964844,48.06427001953125,3950800
2014-02-12,93.66999816894531,93.72000122070312,93.45999908447266,93.48999786376953,47.98724365234375,2432100
2014-02-13,93.44000244140625,93.77999877929688,93.44000244140625,93.76000213623047,48.12583923339844,3078400
2014-02-14,93.69999694824219,93.94999694824219,93.69000244140625,93.91000366210938,48.20287322998047,2158700
2014-02-18,93.81999969482422,94.08999633789062,93.81999969482422,94.04000091552734,48.26957321166992,3734700
2014-02-19,94.11000061035156,94.19000244140625,93.77999877929688,93.80000305175781,48.14634704589844,7273600
2014-02-20,93.88999938964844,94.08999633789062,93.87000274658203,94.08999633789062,48.29522705078125,3756900
2014-02-21,94.0999984741211,94.2300033569336,94.0999984741211,94.16999816894531,48.336273193359375,2574600
2014-02-24,94.25,94.44000244140625,94.25,94.37999725341797,48.44407653808594,3531600
2014-02-25,94.4000015258789,94.5199966430664,94.37999725341797,94.48999786376953,48.50051498413086,2979500
2014-02-26,94.56999969482422,94.6500015258789,94.5,94.6500015258789,48.582637786865234,2722100
2014-02-27,94.6500015258789,94.83999633789062,94.6500015258789,94.83000183105469,48.67505645751953,4377300
2014-02-28,94.81999969482422,95.0199966430664,94.72000122070312,94.93000030517578,48.7264289855957,3919300
2014-03-03,94.37000274658203,94.5,94.11000061035156,94.37999725341797,48.68151092529297,9488700
2014-03-04,94.61000061035156,94.75,94.4800033569336,94.72000122070312,48.856903076171875,9313600
2014-03-05,94.69000244140625,94.69999694824219,94.5,94.55000305175781,48.769222259521484,4531600
2014-03-06,94.62999725341797,94.66999816894531,94.37000274658203,94.41000366210938,48.6970100402832,4075500
2014-03-07,94.30999755859375,94.37999725341797,94.01000213623047,94.05000305175781,48.511295318603516,4552000
2014-03-10,94.04000091552734,94.08999633789062,93.91999816894531,94.05999755859375,48.516475677490234,1908200
2014-03-11,94.13999938964844,94.16000366210938,93.94000244140625,93.95999908447266,48.46489334106445,1618500
2014-03-12,93.9800033569336,94.13999938964844,93.97000122070312,94.12000274658203,48.54741668701172,2595000
2014-03-13,94.18000030517578,94.18000030517578,93.83000183105469,93.87000274658203,48.41844940185547,4829700
2014-03-14,93.88999938964844,94.01000213623047,93.73999786376953,93.80000305175781,48.382328033447266,4088200
2014-03-17,93.91000366210938,94.01000213623047,93.8499984741211,93.93000030517578,48.449405670166016,2943100
2014-03-18,94.02999877929688,94.2300033569336,93.93000030517578,94.20999908447266,48.59379577636719,2903500
2014-03-19,94.19000244140625,94.29000091552734,93.54000091552734,93.7300033569336,48.346256256103516,9983600
2014-03-20,93.9000015258789,94.06999969482422,93.66999816894531,94.05000305175781,48.511295318603516,4872300
2014-03-21,94.01000213623047,94.16000366210938,93.95999908447266,93.98999786376953,48.48036575317383,6106500
2014-03-24,94.19999694824219,94.19999694824219,93.95999908447266,94.0199966430664,48.495826721191406,5986100
2014-03-25,94.08999633789062,94.29000091552734,94.08999633789062,94.20999908447266,48.59379577636719,3468800
2014-03-26,94.3499984741211,94.3499984741211,94.16000366210938,94.2300033569336,48.6041374206543,3887200
2014-03-27,94.16999816894531,94.23999786376953,94.06999969482422,94.08999633789062,48.531925201416016,2255400
2014-03-28,94.2300033569336,94.3499984741211,94.16999816894531,94.25,48.61449432373047,2732600
2014-03-31,94.44999694824219,94.48999786376953,94.33999633789062,94.38999938964844,48.68669891357422,2641400
2014-04-01,94.05000305175781,94.12000274658203,93.97000122070312,94.12000274658203,48.77739715576172,4514900
2014-04-02,94.13999938964844,94.13999938964844,93.9800033569336,94.0199966430664,48.72555160522461,2285900
2014-04-03,94.0999984741211,94.1500015258789,94.04000091552734,94.05999755859375,48.74627685546875,2812400
2014-04-04,94.18000030517578,94.36000061035156,94.1500015258789,94.27999877929688,48.86029052734375,4555000
2014-04-07,94.2699966430664,94.30000305175781,94.06999969482422,94.08000183105469,48.75663757324219,1520900
2014-04-08,94.1500015258789,94.30000305175781,94.08000183105469,94.30000305175781,48.87065505981445,2804400
2014-04-09,94.30000305175781,94.45999908447266,94.19999694824219,94.44999694824219,48.94838333129883,4383400
2014-04-10,94.5,94.5,94.18000030517578,94.18000030517578,48.80845642089844,3226900
2014-04-11,94.22000122070312,94.22000122070312,93.7699966430664,93.77999877929688,48.601158142089844,7228500
2014-04-14,93.83999633789062,94.13999938964844,93.83999633789062,94.08000183105469,48.75663757324219,3355800
2014-04-15,94.22000122070312,94.22000122070312,94.0,94.18000030517578,48.80845642089844,3104900
2014-04-16,94.22000122070312,94.25,94.0999984741211,94.2300033569336,48.834388732910156,3450100
2014-04-17,94.18000030517578,94.25,94.0999984741211,94.12000274658203,48.77739715576172,2443800
2014-04-21,94.23999786376953,94.27999877929688,94.0999984741211,94.12000274658203,48.77739715576172,1682200
2014-04-22,94.25,94.2699966430664,94.12000274658203,94.22000122070312,48.82919692993164,2442800
2014-04-23,94.23999786376953,94.44000244140625,94.19999694824219,94.25,48.84476089477539,1591300
2014-04-24,94.25,94.4000015258789,94.1500015258789,94.2699966430664,48.85511779785156,1021700
2014-04-25,94.30999755859375,94.31999969482422,94.16000366210938,94.23999786376953,48.8395881652832,1195400
2014-04-28,94.26000213623047,94.30000305175781,94.12999725341797,94.22000122070312,48.82919692993164,1903900
2014-04-29,94.36000061035156,94.37999725341797,94.19000244140625,94.36000061035156,48.90175247192383,1775300
2014-04-30,94.36000061035156,94.41999816894531,94.19999694824219,94.33999633789062,48.89138412475586,4393100
2014-05-01,94.01000213623047,94.05000305175781,93.81999969482422,93.81999969482422,48.840904235839844,7322200
2014-05-02,94.04000091552734,94.04000091552734,93.83000183105469,94.04000091552734,48.955421447753906,2146000
2014-05-05,93.7699966430664,94.08000183105469,93.75,94.0,48.9345588684082,3541300
2014-05-06,94.1500015258789,94.1500015258789,93.9800033569336,94.0199966430664,48.945003509521484,2567800
2014-05-07,94.08999633789062,94.26000213623047,94.05000305175781,94.16000366210938,49.01789855957031,1578600
2014-05-08,94.2699966430664,94.30999755859375,94.08999633789062,94.13999938964844,49.00747299194336,4522400
2014-05-09,94.16000366210938,94.30000305175781,94.13999938964844,94.2300033569336,49.054325103759766,1736600
2014-05-12,94.37999725341797,94.37999725341797,94.22000122070312,94.33000183105469,49.10640335083008,1123000
2014-05-13,94.2699966430664,94.62000274658203,94.25,94.4800033569336,49.18448257446289,1933600
2014-05-14,94.4000015258789,94.58999633789062,94.38999938964844,94.52999877929688,49.21051788330078,1721400
2014-05-15,94.5999984741211,94.5999984741211,94.33999633789062,94.44000244140625,49.16365051269531,4240700
2014-05-16,94.5,94.6500015258789,94.37999725341797,94.62999725341797,49.26253128051758,3185000
2014-05-19,94.5999984741211,94.8499984741211,94.51000213623047,94.7699966430664,49.33540725708008,7351000
2014-05-20,94.7699966430664,94.77999877929688,94.63999938964844,94.6500015258789,49.27296447753906,4217800
2014-05-21,94.7300033569336,94.7699966430664,94.5,94.63999938964844,49.26776123046875,2925900
2014-05-22,94.66000366210938,94.7300033569336,94.58999633789062,94.70999908447266,49.30421829223633,1950900
2014-05-23,94.66000366210938,94.83999633789062,94.66000366210938,94.73999786376953,49.3198127746582,2289100
2014-05-27,94.7699966430664,94.8499984741211,94.72000122070312,94.83000183105469,49.36666488647461,4384700
2014-05-28,94.8499984741211,94.9000015258789,94.80999755859375,94.86000061035156,49.3823127746582,3904400
2014-05-29,94.9000015258789,95.0,94.83999633789062,94.94999694824219,49.42912292480469,4734800
2014-05-30,94.9800033569336,95.06999969482422,94.93000030517578,95.05000305175781,49.481178283691406,4445800
2014-06-02,94.75,94.75,94.30999755859375,94.31999969482422,49.32380294799805,5722500
2014-06-03,94.41000366210938,94.43000030517578,94.30999755859375,94.33000183105469,49.329036712646484,2978300
2014-06-04,94.30999755859375,94.4000015258789,94.26000213623047,94.33000183105469,49.329036712646484,2527200
2014-06-05,94.41999816894531,94.58999633789062,94.33000183105469,94.55999755859375,49.449310302734375,2034100
2014-06-06,94.5999984741211,94.91000366210938,94.58999633789062,94.83000183105469,49.590492248535156,3059100
2014-06-09,94.97000122070312,94.9800033569336,94.77999877929688,94.94000244140625,49.64801025390625,2906800
2014-06-10,94.76000213623047,95.0,94.76000213623047,94.88999938964844,49.62187957763672,2091000
2014-06-11,94.87999725341797,94.91999816894531,94.77999877929688,94.9000015258789,49.62712097167969,1699500
2014-06-12,94.80999755859375,94.93000030517578,94.80999755859375,94.83999633789062,49.5957145690918,1354000
2014-06-13,94.9800033569336,94.9800033569336,94.83000183105469,94.94999694824219,49.65324401855469,1276500
2014-06-16,94.91999816894531,95.0,94.88999938964844,94.9000015258789,49.62712097167969,1869500
2014-06-17,94.88999938964844,95.0,94.77999877929688,94.83000183105469,49.590492248535156,7251700
2014-06-18,94.83999633789062,95.30999755859375,94.83999633789062,95.26000213623047,49.81534194946289,4284800
2014-06-19,95.2699966430664,95.30999755859375,95.1500015258789,95.23999786376953,49.804901123046875,2882500
2014-06-20,95.26000213623047,95.4000015258789,95.23999786376953,95.33000183105469,49.85200500488281,2372300
2014-06-23,95.33999633789062,95.43000030517578,95.29000091552734,95.31999969482422,49.846744537353516,1551000
2014-06-24,95.2699966430664,95.41000366210938,95.23999786376953,95.23999786376953,49.804901123046875,1839300
2014-06-25,95.30000305175781,95.4000015258789,95.25,95.37999725341797,49.87811279296875,2385000
2014-06-26,95.33999633789062,95.38999938964844,95.19999694824219,95.27999877929688,49.8258171081543,1806400
2014-06-27,95.30999755859375,95.33000183105469,95.19000244140625,95.27999877929688,49.8258171081543,1702700
2014-06-30,95.11000061035156,95.31999969482422,95.11000061035156,95.19999694824219,49.783958435058594,2647600
2014-07-01,94.93000030517578,95.02999877929688,94.77999877929688,94.80999755859375,49.79712677001953,3472700
2014-07-02,94.87000274658203,95.0,94.80999755859375,94.87000274658203,49.82863998413086,2819400
2014-07-03,94.86000061035156,94.91000366210938,94.69999694824219,94.7300033569336,49.755088806152344,2776100
2014-07-07,94.69999694824219,94.80000305175781,94.6500015258789,94.66000366210938,49.71833419799805,1941300
2014-07-08,94.73999786376953,94.77999877929688,94.66000366210938,94.68000030517578,49.72883605957031,2035300
2014-07-09,94.75,94.80000305175781,94.58000183105469,94.61000061035156,49.69205856323242,3945400
2014-07-10,94.54000091552734,94.54000091552734,94.29000091552734,94.31999969482422,49.539772033691406,6011600
2014-07-11,94.33000183105469,94.52999877929688,94.33000183105469,94.4800033569336,49.62380599975586,2071400
2014-07-14,94.80000305175781,94.80000305175781,94.44000244140625,94.44999694824219,49.6080322265625,2632700
2014-07-15,94.45999908447266,94.51000213623047,94.29000091552734,94.30000305175781,49.529232025146484,2888400
2014-07-16,94.41000366210938,94.41000366210938,94.12999725341797,94.1500015258789,49.45048141479492,4264900
2014-07-17,94.11000061035156,94.13999938964844,93.4800033569336,93.48999786376953,49.10380172729492,5767800
2014-07-18,93.7699966430664,93.9800033569336,93.6500015258789,93.87999725341797,49.308658599853516,1994800
2014-07-21,93.8499984741211,93.87999725341797,93.62999725341797,93.72000122070312,49.224609375,3111700
2014-07-22,93.7699966430664,94.0,93.76000213623047,93.8499984741211,49.2928581237793,3707100
2014-07-23,93.95999908447266,94.08000183105469,93.93000030517578,94.02999877929688,49.38743591308594,1995900
2014-07-24,94.06999969482422,94.29000091552734,93.98999786376953,94.19999694824219,49.47671890258789,3089100
2014-07-25,94.18000030517578,94.2300033569336,94.01000213623047,94.04000091552734,49.39268493652344,3072300
2014-07-28,94.01000213623047,94.04000091552734,93.73999786376953,93.76000213623047,49.24562072753906,5355100
2014-07-29,93.81999969482422,94.0,93.61000061035156,93.62999725341797,49.17734146118164,3877100
2014-07-30,93.7300033569336,93.7699966430664,93.0999984741211,93.23999786376953,48.97248077392578,5415100
2014-07-31,92.83000183105469,92.97000122070312,92.44000244140625,92.4800033569336,48.573341369628906,7460000
2014-08-01,92.05999755859375,92.3499984741211,91.31999969482422,92.04000091552734,48.568572998046875,10942000
2014-08-04,92.05999755859375,92.62999725341797,92.02999877929688,92.5999984741211,48.86408615112305,7020400
2014-08-05,92.61000061035156,92.62999725341797,92.27999877929688,92.41999816894531,48.769107818603516,3612500
2014-08-06,92.37999725341797,92.7300033569336,92.3499984741211,92.63999938964844,48.88519287109375,4167700
2014-08-07,92.69000244140625,92.94999694824219,92.66999816894531,92.69999694824219,48.91685104370117,3833900
2014-08-08,92.5,93.05999755859375,92.5,92.98999786376953,49.069862365722656,3426300
2014-08-11,93.12000274658203,93.48999786376953,92.98999786376953,93.43000030517578,49.302093505859375,6908300
2014-08-12,93.47000122070312,93.55999755859375,93.31999969482422,93.41000366210938,49.291507720947266,4231700
2014-08-13,93.6500015258789,93.69999694824219,93.45999908447266,93.68000030517578,49.43400192260742,4960200
2014-08-14,93.72000122070312,93.95999908447266,93.70999908447266,93.86000061035156,49.528961181640625,4246600
2014-08-15,94.0199966430664,94.11000061035156,93.87000274658203,94.05000305175781,49.629241943359375,6051300
2014-08-18,94.06999969482422,94.33999633789062,94.01000213623047,94.31999969482422,49.771728515625,5112800
2014-08-19,94.37000274658203,94.37999725341797,94.23999786376953,94.29000091552734,49.75587463378906,2747200
2014-08-20,94.31999969482422,94.4800033569336,94.16999816894531,94.36000061035156,49.792823791503906,2470000
2014-08-21,94.36000061035156,94.45999908447266,94.33999633789062,94.36000061035156,49.792823791503906,1869100
2014-08-22,94.3499984741211,94.41000366210938,94.08999633789062,94.12999725341797,49.671424865722656,3065500
2014-08-25,94.26000213623047,94.37999725341797,94.08000183105469,94.33000183105469,49.777000427246094,1958000
2014-08-26,94.33000183105469,94.47000122070312,94.30999755859375,94.4000015258789,49.81394577026367,1562400
2014-08-27,94.47000122070312,94.4800033569336,94.30000305175781,94.30999755859375,49.76642990112305,3685200
2014-08-28,94.27999877929688,94.38999938964844,94.12999725341797,94.16999816894531,49.69253158569336,1815400
2014-08-29,94.23999786376953,94.27999877929688,94.12000274658203,94.23999786376953,49.7294921875,2046000
2014-09-02,93.7699966430664,93.9800033569336,93.75,93.91999816894531,49.78782653808594,4484800
2014-09-03,93.91999816894531,93.91999816894531,93.66999816894531,93.68000030517578,49.660579681396484,3200200
2014-09-04,93.7300033569336,93.7699966430664,93.26000213623047,93.37000274658203,49.49626159667969,4754500
2014-09-05,93.37999725341797,93.44999694824219,93.25,93.26000213623047,49.437931060791016,4752700
2014-09-08,93.23999786376953,93.3499984741211,93.08000183105469,93.16999816894531,49.390262603759766,2549200
2014-09-09,93.13999938964844,93.13999938964844,92.70999908447266,92.73999786376953,49.16230392456055,4647900
2014-09-10,92.75,92.81999969482422,92.55000305175781,92.77999877929688,49.183467864990234,3290600
2014-09-11,92.68000030517578,92.83999633789062,92.58000183105469,92.77999877929688,49.183467864990234,2822400
2014-09-12,92.69999694824219,92.80000305175781,92.5199966430664,92.66999816894531,49.12518310546875,5372500
2014-09-15,92.75,92.76000213623047,92.47000122070312,92.5,49.035057067871094,3592400
2014-09-16,92.44999694824219,92.86000061035156,92.43000030517578,92.69000244140625,49.13578796386719,5132200
2014-09-17,92.87000274658203,93.08999633789062,92.76000213623047,92.98999786376953,49.2947998046875,4399300
2014-09-18,92.9800033569336,93.08000183105469,92.91000366210938,93.0199966430664,49.31071472167969,3640300
2014-09-19,93.0999984741211,93.19000244140625,93.0199966430664,93.16000366210938,49.38494873046875,6000600
2014-09-22,93.16000366210938,93.23999786376953,92.91000366210938,92.98999786376953,49.2947998046875,4355300
2014-09-23,92.79000091552734,92.91999816894531,92.44000244140625,92.5199966430664,49.045654296875,3573100
2014-09-24,92.5,92.5,92.05999755859375,92.23999786376953,48.897220611572266,6342700
2014-09-25,92.0999984741211,92.0999984741211,91.5,91.61000061035156,48.56327438354492,7348000
2014-09-26,91.22000122070312,91.7300033569336,90.94999694824219,91.55000305175781,48.5314826965332,11842500
2014-09-29,91.04000091552734,91.37000274658203,90.88999938964844,91.36000061035156,48.430721282958984,6289400
2014-09-30,91.63999938964844,92.02999877929688,91.55000305175781,91.94999694824219,48.74350357055664,6905400
2014-10-01,91.75,91.9000015258789,91.5199966430664,91.66000366210938,48.79726028442383,9996600
2014-10-02,91.62000274658203,91.87999725341797,91.4000015258789,91.83999633789062,48.893104553222656,6197300
2014-10-03,92.0999984741211,92.43000030517578,91.97000122070312,92.1500015258789,49.058128356933594,6371600
2014-10-06,92.30000305175781,92.44000244140625,92.13999938964844,92.25,49.11137008666992,4213800
2014-10-07,92.12999725341797,92.20999908447266,91.80999755859375,91.9000015258789,48.92503356933594,4994200
2014-10-08,91.87999725341797,92.37999725341797,91.7300033569336,92.33999633789062,49.15926742553711,7589400
2014-10-09,92.1500015258789,92.2300033569336,91.2699966430664,91.36000061035156,48.63751983642578,7177500
2014-10-10,91.18000030517578,91.30999755859375,90.51000213623047,90.62000274658203,48.24359893798828,14239800
2014-10-13,90.55000305175781,90.95999908447266,90.1500015258789,90.16999816894531,48.00404739379883,7908500
2014-10-14,90.5,90.7699966430664,90.22000122070312,90.47000122070312,48.16373825073242,11695300
2014-10-15,90.20999908447266,90.48999786376953,89.20999908447266,90.48999786376953,48.174373626708984,11711300
2014-10-16,89.98999786376953,91.0999984741211,89.8499984741211,91.0,48.44588851928711,12623100
2014-10-17,91.73999786376953,92.23999786376953,91.4000015258789,91.7699966430664,48.8558235168457,13575900
2014-10-20,91.83000183105469,92.5,91.7300033569336,92.43000030517578,49.20720672607422,7331400
2014-10-21,92.62000274658203,93.19999694824219,92.62000274658203,93.18000030517578,49.6064453125,7453700
2014-10-22,93.16000366210938,93.19999694824219,92.44999694824219,92.56999969482422,49.28171920776367,8363900
2014-10-23,92.87000274658203,94.91999816894531,92.51000213623047,92.52999877929688,49.260433197021484,9482300
2014-10-24,92.44999694824219,92.91999816894531,92.44999694824219,92.79000091552734,49.39883041381836,5764300
2014-10-27,92.7300033569336,92.75,92.33999633789062,92.41000366210938,49.1965446472168,4911400
2014-10-28,92.54000091552734,92.70999908447266,92.37999725341797,92.55999755859375,49.27641296386719,6024200
2014-10-29,92.62999725341797,92.68000030517578,92.20999908447266,92.48999786376953,49.23914337158203,5320700
2014-10-30,92.5,94.94999694824219,92.38999938964844,92.44999694824219,49.21781539916992,3341700
2014-10-31,92.80999755859375,92.80999755859375,92.5,92.52999877929688,49.260433197021484,5065400
2014-11-03,92.22000122070312,92.51000213623047,92.18000030517578,92.31999969482422,49.36418533325195,4936200
2014-11-04,92.29000091552734,92.29000091552734,91.95999908447266,92.02999877929688,49.209102630615234,5886200
2014-11-05,92.16000366210938,92.18000030517578,91.91000366210938,92.01000213623047,49.19841766357422,4399300
2014-11-06,92.08000183105469,92.2699966430664,92.06999969482422,92.25,49.32674026489258,3747700
2014-11-07,92.25,92.37999725341797,92.13999938964844,92.33999633789062,49.374847412109375,3456300
2014-11-10,92.30999755859375,92.41999816894531,92.29000091552734,92.37999725341797,49.3962516784668,2680400
2014-11-11,92.37999725341797,92.62000274658203,92.25,92.58999633789062,49.5085334777832,2730700
2014-11-12,92.4800033569336,92.51000213623047,92.26000213623047,92.29000091552734,49.3481559753418,3218900
2014-11-13,92.37999725341797,92.37999725341797,91.80000305175781,91.91000366210938,49.14494323730469,5081300
2014-11-14,91.80999755859375,91.94000244140625,91.41000366210938,91.44999694824219,48.898983001708984,7868000
2014-11-17,91.5199966430664,91.66999816894531,91.3499984741211,91.44000244140625,48.893611907958984,5213700
2014-11-18,91.41000366210938,91.55999755859375,91.25,91.26000213623047,48.79740524291992,5227200
2014-11-19,91.0999984741211,91.26000213623047,90.86000061035156,91.23999786376953,48.78668975830078,7733300
2014-11-20,91.0,91.30000305175781,90.91999816894531,91.25,48.79200744628906,3274300
2014-11-21,91.62000274658203,92.01000213623047,91.52999877929688,91.75,49.059391021728516,7983000
2014-11-24,91.87000274658203,91.94000244140625,91.62999725341797,91.73999786376953,49.054054260253906,4569100
2014-11-25,91.69999694824219,91.94999694824219,91.66000366210938,91.88999938964844,49.13424301147461,4878500
2014-11-26,91.94999694824219,92.12999725341797,91.9000015258789,92.01000213623047,49.19841766357422,3055800
2014-11-28,91.58999633789062,91.6500015258789,91.04000091552734,91.12999725341797,48.727867126464844,5290500
2014-12-01,90.66999816894531,90.66999816894531,89.73999786376953,89.80000305175781,48.23741912841797,12432400
2014-12-02,90.05000305175781,90.31999969482422,89.87000274658203,90.29000091552734,48.50066375732422,6821200
2014-12-03,90.31999969482422,90.51000213623047,90.19999694824219,90.44000244140625,48.581207275390625,7627000
2014-12-04,90.36000061035156,90.5,90.30000305175781,90.37999725341797,48.54898452758789,4581600
2014-12-05,90.26000213623047,90.38999938964844,90.04000091552734,90.30999755859375,48.51139831542969,5237400
2014-12-08,90.12999725341797,90.19999694824219,89.69999694824219,89.8499984741211,48.26428985595703,6770800
2014-12-09,89.30999755859375,89.87999725341797,89.2300033569336,89.80000305175781,48.23741912841797,9702100
2014-12-10,89.37000274658203,89.5,88.41999816894531,88.7699966430664,47.68415832519531,15409400
2014-12-11,88.62000274658203,88.91000366210938,87.91999816894531,88.44999694824219,47.512245178222656,12053000
2014-12-12,87.80000305175781,87.94000244140625,87.0999984741211,87.25,46.867645263671875,11563300
2014-12-15,87.44000244140625,87.5999984741211,86.45999908447266,87.19999694824219,46.84078598022461,14114000
2014-12-16,86.44000244140625,87.66000366210938,86.12000274658203,86.88999938964844,46.67430114746094,14875500
2014-12-17,86.95999908447266,88.9800033569336,86.88999938964844,88.66000366210938,47.625064849853516,16864000
2014-12-18,90.0,90.30999755859375,88.72000122070312,89.37000274658203,48.00646209716797,16638700
2014-12-19,89.62000274658203,90.30999755859375,89.5199966430664,90.2300033569336,48.46841049194336,9952800
2014-12-22,90.1500015258789,90.30000305175781,89.69999694824219,90.01000213623047,48.35024642944336,6622400
2014-12-23,90.23999786376953,90.41000366210938,89.94999694824219,90.33000183105469,48.52212142944336,5314400
2014-12-24,89.9800033569336,90.30000305175781,89.91999816894531,90.25,48.6872444152832,2285700
2014-12-26,90.3499984741211,90.5,89.9000015258789,89.97000122070312,48.536136627197266,1815500
2014-12-29,90.0199966430664,90.23999786376953,89.7300033569336,90.0199966430664,48.56312561035156,4717100
2014-12-30,89.7699966430664,89.95999908447266,89.66000366210938,89.83999633789062,48.46603012084961,3624300
2014-12-31,89.87999725341797,90.0,89.44000244140625,89.5999984741211,48.33655548095703,4185400
2015-01-02,89.69000244140625,89.93000030517578,89.48999786376953,89.5999984741211,48.33655548095703,3271900
2015-01-05,89.0999984741211,89.23999786376953,88.6500015258789,88.7699966430664,47.888790130615234,7523100
2015-01-06,88.5999984741211,88.95999908447266,88.33999633789062,88.43000030517578,47.70537185668945,9489700
2015-01-07,89.12000274658203,89.27999877929688,88.87000274658203,88.9800033569336,48.0020866394043,8353100
2015-01-08,89.30999755859375,89.83000183105469,88.9800033569336,89.6500015258789,48.36349105834961,8388600
2015-01-09,89.72000122070312,90.13999938964844,89.37000274658203,90.0999984741211,48.606285095214844,6766700
2015-01-12,90.16999816894531,90.16999816894531,89.63999938964844,89.98999786376953,48.54695129394531,8698500
2015-01-13,90.0,90.2300033569336,89.54000091552734,89.98999786376953,48.54695129394531,7738700
2015-01-14,89.51000213623047,89.83999633789062,89.3499984741211,89.77999877929688,48.43364715576172,7415500
2015-01-15,89.9800033569336,89.9800033569336,89.20999908447266,89.2300033569336,48.13692092895508,7061300
2015-01-16,89.33999633789062,89.69999694824219,89.33000183105469,89.56999969482422,48.320377349853516,7685500
2015-01-20,89.83999633789062,89.83999633789062,89.26000213623047,89.41000366210938,48.234031677246094,5915300
2015-01-21,89.36000061035156,89.91000366210938,89.30000305175781,89.88999938964844,48.49300003051758,6110700
2015-01-22,90.0199966430664,90.16999816894531,89.77999877929688,90.01000213623047,48.55775451660156,6940100
2015-01-23,90.01000213623047,90.13999938964844,89.93000030517578,90.01000213623047,48.55775451660156,5134500
2015-01-26,90.06999969482422,90.48999786376953,89.93000030517578,90.41999816894531,48.77893829345703,8252300
2015-01-27,90.08000183105469,90.43000030517578,90.01000213623047,90.3499984741211,48.74116897583008,8771100
2015-01-28,90.41000366210938,90.5,90.01000213623047,90.16000366210938,48.638641357421875,5622400
2015-01-29,90.33999633789062,90.5199966430664,90.1500015258789,90.4800033569336,48.81131362915039,4923200
2015-01-30,90.37999725341797,90.4800033569336,90.19000244140625,90.2300033569336,48.67639923095703,6383000
2015-02-02,90.02999877929688,90.20999908447266,89.87999725341797,90.20999908447266,48.8632926940918,4120600
2015-02-03,90.37999725341797,90.83000183105469,90.30000305175781,90.72000122070312,49.13956069946289,11682400
2015-02-04,90.63999938964844,90.63999938964844,90.30000305175781,90.33999633789062,48.933692932128906,8333900
2015-02-05,90.55000305175781,90.87999725341797,90.4000015258789,90.87000274658203,49.22077941894531,10172500
2015-02-06,91.06999969482422,91.08000183105469,90.77999877929688,90.94000244140625,49.25871276855469,6076700
2015-02-09,90.87999725341797,90.98999786376953,90.69999694824219,90.72000122070312,49.13956069946289,4672800
2015-02-10,90.9000015258789,91.02999877929688,90.88999938964844,91.02999877929688,49.30746078491211,6846600
2015-02-11,90.9800033569336,91.02999877929688,90.83000183105469,91.0,49.29118347167969,5688000
2015-02-12,91.13999938964844,91.13999938964844,90.94000244140625,90.98999786376953,49.28578186035156,3185400
2015-02-13,91.01000213623047,91.19000244140625,90.94000244140625,91.12000274658203,49.356201171875,4676600
2015-02-17,91.23999786376953,91.27999877929688,91.02999877929688,91.05999755859375,49.32369613647461,6624200
2015-02-18,91.1500015258789,91.38999938964844,91.04000091552734,91.37000274658203,49.49160385131836,4744400
2015-02-19,91.2699966430664,91.31999969482422,91.13999938964844,91.16000366210938,49.37787628173828,2964800
2015-02-20,91.1500015258789,91.41999816894531,91.08000183105469,91.41000366210938,49.51325988769531,5470600
2015-02-23,91.44999694824219,91.4800033569336,91.2699966430664,91.4800033569336,49.55119705200195,4165700
2015-02-24,91.45999908447266,91.5999984741211,91.38999938964844,91.56999969482422,49.59996795654297,3689300
2015-02-25,91.62999725341797,91.9000015258789,91.56999969482422,91.87000274658203,49.76243209838867,9048500
2015-02-26,91.83999633789062,91.97000122070312,91.73999786376953,91.8499984741211,49.7515983581543,7928200
2015-02-27,91.9000015258789,91.94999694824219,91.80999755859375,91.87000274658203,49.76243209838867,4521800
2015-03-02,91.55999755859375,91.5999984741211,91.30000305175781,91.45999908447266,49.75319290161133,6933000
2015-03-03,91.31999969482422,91.4000015258789,91.12000274658203,91.19999694824219,49.61177444458008,10032000
2015-03-04,91.05000305175781,91.16000366210938,90.9800033569336,91.02999877929688,49.519290924072266,7832800
2015-03-05,91.16999816894531,91.19999694824219,91.04000091552734,91.19999694824219,49.61177444458008,6412500
2015-03-06,90.94999694824219,90.97000122070312,90.52999877929688,90.62000274658203,49.29623794555664,9271900
2015-03-09,90.7300033569336,90.73999786376953,90.37999725341797,90.43000030517578,49.19289779663086,9607500
2015-03-10,90.27999877929688,90.33999633789062,89.9000015258789,90.08000183105469,49.00247573852539,12447300
2015-03-11,90.3499984741211,90.45999908447266,90.06999969482422,90.33000183105469,49.138484954833984,9214800
2015-03-12,90.5999984741211,90.63999938964844,90.36000061035156,90.51000213623047,49.23640060424805,4469900
2015-03-13,90.36000061035156,90.4000015258789,89.97000122070312,90.19999694824219,49.067771911621094,6184500
2015-03-16,90.2699966430664,90.33999633789062,90.05000305175781,90.11000061035156,49.018798828125,4772600
2015-03-17,89.87999725341797,90.0199966430664,89.48999786376953,89.66000366210938,48.77403259277344,13059600
2015-03-18,89.66000366210938,90.47000122070312,89.48999786376953,90.45999908447266,49.20920181274414,11633900
2015-03-19,90.16999816894531,90.36000061035156,89.68000030517578,89.73999786376953,48.81754684448242,9226000
2015-03-20,90.0999984741211,90.4800033569336,89.97000122070312,90.44000244140625,49.198341369628906,9127300
2015-03-23,90.43000030517578,90.54000091552734,90.30999755859375,90.51000213623047,49.23640060424805,5459200
2015-03-24,90.4800033569336,90.72000122070312,90.44999694824219,90.6500015258789,49.31256866455078,6767200
2015-03-25,90.70999908447266,90.83000183105469,90.4000015258789,90.41000366210938,49.18199157714844,5364600
2015-03-26,90.51000213623047,90.52999877929688,90.2300033569336,90.4000015258789,49.17656326293945,4876400
2015-03-27,90.38999938964844,90.55999755859375,90.3499984741211,90.47000122070312,49.214664459228516,3822000
2015-03-30,90.51000213623047,90.79000091552734,90.5,90.72000122070312,49.350669860839844,4197700
2015-03-31,90.69000244140625,90.83999633789062,90.55999755859375,90.61000061035156,49.290809631347656,4498400
2015-04-01,90.3499984741211,90.43000030517578,90.0999984741211,90.38999938964844,49.3924446105957,9298200
2015-04-02,90.45999908447266,90.58999633789062,90.3499984741211,90.45999908447266,49.430686950683594,4774400
2015-04-06,90.37999725341797,90.80999755859375,90.37999725341797,90.69000244140625,49.55637741088867,5020700
2015-04-07,90.7699966430664,91.19999694824219,90.69000244140625,91.16999816894531,49.81867599487305,8659800
2015-04-08,91.20999908447266,91.30000305175781,91.01000213623047,91.1500015258789,49.807735443115234,7151900
2015-04-09,91.19000244140625,91.26000213623047,91.0,91.05999755859375,49.7585563659668,3415700
2015-04-10,91.05000305175781,91.27999877929688,91.05000305175781,91.2699966430664,49.8733024597168,3012700
2015-04-13,91.2699966430664,91.31999969482422,91.08000183105469,91.0999984741211,49.780399322509766,2866600
2015-04-14,91.12999725341797,91.19999694824219,90.93000030517578,91.13999938964844,49.80228805541992,2830000
2015-04-15,91.23999786376953,91.55999755859375,91.20999908447266,91.5,49.99898910522461,4438300
2015-04-16,91.44000244140625,91.44000244140625,91.2699966430664,91.30999755859375,49.895179748535156,5285400
2015-04-17,91.23999786376953,91.23999786376953,91.0,91.02999877929688,49.74216842651367,3901300
2015-04-20,91.23999786376953,91.37999725341797,91.11000061035156,91.2300033569336,49.8514518737793,3641000
2015-04-21,91.4800033569336,91.4800033569336,91.23999786376953,91.29000091552734,49.88423156738281,3730700
2015-04-22,91.43000030517578,91.44000244140625,91.18000030517578,91.19999694824219,49.835060119628906,4031100
2015-04-23,91.26000213623047,91.36000061035156,91.08000183105469,91.16999816894531,49.81867599487305,4755200
2015-04-24,91.19000244140625,91.33999633789062,91.19000244140625,91.31999969482422,49.900611877441406,4221400
2015-04-27,91.44999694824219,91.48999786376953,91.2699966430664,91.3499984741211,49.9170036315918,5049600
2015-04-28,91.27999877929688,91.30999755859375,91.16999816894531,91.20999908447266,49.840538024902344,4697400
2015-04-29,91.0,91.19999694824219,90.91999816894531,91.04000091552734,49.74764633178711,8152700
2015-04-30,91.0,91.08000183105469,90.80999755859375,90.98999786376953,49.72030258178711,11463800
2015-05-01,90.66000366210938,90.80999755859375,90.61000061035156,90.79000091552734,49.831172943115234,8053700
2015-05-04,90.94999694824219,90.97000122070312,90.6500015258789,90.7699966430664,49.8202018737793,6683700
2015-05-05,90.69000244140625,90.77999877929688,90.48999786376953,90.6500015258789,49.75432205200195,12736900
2015-05-06,90.6500015258789,90.69000244140625,90.31999969482422,90.37999725341797,49.60612487792969,13677500
2015-05-07,90.30000305175781,90.58000183105469,90.2699966430664,90.37000274658203,49.60067367553711,8676400
2015-05-08,90.86000061035156,91.08000183105469,90.80000305175781,91.08000183105469,49.9903678894043,10319600
2015-05-11,91.01000213623047,91.05999755859375,90.4800033569336,90.51000213623047,49.677494049072266,5499200
2015-05-12,90.36000061035156,90.7300033569336,90.29000091552734,90.5,49.67201232910156,6569200
2015-05-13,90.62000274658203,90.7699966430664,90.33000183105469,90.37000274658203,49.60067367553711,4349000
2015-05-14,90.58999633789062,90.87000274658203,90.58999633789062,90.80999755859375,49.84213638305664,5147100
2015-05-15,90.9000015258789,91.08000183105469,90.80999755859375,91.01000213623047,49.95192337036133,8939400
2015-05-18,91.0,91.0,90.75,90.86000061035156,49.86958694458008,2843700
2015-05-19,90.87999725341797,90.87999725341797,90.63999938964844,90.72000122070312,49.792755126953125,4743200
2015-05-20,90.7300033569336,90.86000061035156,90.61000061035156,90.61000061035156,49.732398986816406,2841700
2015-05-21,90.5999984741211,90.83000183105469,90.5999984741211,90.73999786376953,49.80374526977539,3709300
2015-05-22,90.7300033569336,90.8499984741211,90.69000244140625,90.80999755859375,49.84213638305664,3716900
2015-05-26,90.66999816894531,90.79000091552734,90.61000061035156,90.62000274658203,49.73788833618164,3951500
2015-05-27,90.77999877929688,90.9000015258789,90.68000030517578,90.81999969482422,49.847633361816406,3737800
2015-05-28,90.80999755859375,90.83000183105469,90.69000244140625,90.77999877929688,49.82570266723633,5440700
2015-05-29,90.76000213623047,90.97000122070312,90.76000213623047,90.91000366210938,49.89701461791992,4764000
2015-06-01,90.6500015258789,90.7699966430664,90.45999908447266,90.66000366210938,49.98085021972656,9372600
2015-06-02,90.75,90.75,90.33999633789062,90.48999786376953,49.887107849121094,5203700
2015-06-03,90.38999938964844,90.44999694824219,89.94000244140625,90.0,49.61697769165039,9532700
2015-06-04,89.93000030517578,90.01000213623047,89.70999908447266,89.70999908447266,49.457096099853516,11381700
2015-06-05,89.48999786376953,89.62999725341797,89.33000183105469,89.44000244140625,49.308250427246094,7747600
2015-06-08,89.5199966430664,89.61000061035156,89.33999633789062,89.44000244140625,49.308250427246094,6487800
2015-06-09,89.41999816894531,89.44000244140625,89.16999816894531,89.29000091552734,49.225547790527344,11416200
2015-06-10,89.30999755859375,89.4800033569336,89.26000213623047,89.41000366210938,49.291717529296875,5187500
2015-06-11,89.47000122070312,89.5999984741211,89.37999725341797,89.58999633789062,49.390933990478516,5202100
2015-06-12,89.41999816894531,89.5199966430664,89.23999786376953,89.26000213623047,49.20901870727539,5713500
2015-06-15,89.06999969482422,89.22000122070312,88.80999755859375,88.83999633789062,48.97748947143555,12726200
2015-06-16,88.80999755859375,89.33999633789062,88.80999755859375,89.33999633789062,49.25313949584961,5249800
2015-06-17,89.19999694824219,89.4000015258789,88.94000244140625,89.26000213623047,49.20901870727539,5660400
2015-06-18,89.29000091552734,89.69000244140625,89.29000091552734,89.58999633789062,49.390933990478516,6869900
2015-06-19,89.76000213623047,89.76000213623047,89.45999908447266,89.63999938964844,49.41851806640625,12585700
2015-06-22,89.88999938964844,89.98999786376953,89.63999938964844,89.81999969482422,49.51776885986328,5035400
2015-06-23,89.7699966430664,89.80000305175781,89.63999938964844,89.76000213623047,49.484683990478516,3474800
2015-06-24,89.69999694824219,89.79000091552734,89.5199966430664,89.5199966430664,49.35234832763672,2636900
2015-06-25,89.56999969482422,89.63999938964844,89.25,89.25,49.20350646972656,5176700
2015-06-26,89.25,89.31999969482422,88.94999694824219,88.98999786376953,49.0601806640625,6683200
2015-06-29,88.6500015258789,88.80000305175781,88.37000274658203,88.37999725341797,48.723846435546875,10156900
2015-06-30,88.76000213623047,88.86000061035156,88.58000183105469,88.80000305175781,48.95542526245117,4912700
2015-07-01,88.80999755859375,88.80999755859375,88.36000061035156,88.41999816894531,48.96371841430664,13614700
2015-07-02,88.6500015258789,88.8499984741211,88.5199966430664,88.75,49.146480560302734,5586300
2015-07-06,88.58000183105469,88.75,88.41000366210938,88.45999908447266,48.985897064208984,4719100
2015-07-07,88.33000183105469,88.62999725341797,88.12999725341797,88.52999877929688,49.024627685546875,8406300
2015-07-08,88.16999816894531,88.41999816894531,88.05999755859375,88.08999633789062,48.78098678588867,5744800
2015-07-09,88.44999694824219,88.7300033569336,88.29000091552734,88.29000091552734,48.89174270629883,6291000
2015-07-10,88.58999633789062,88.87000274658203,88.55999755859375,88.80000305175781,49.17417526245117,7097900
2015-07-13,88.91000366210938,88.94000244140625,88.72000122070312,88.87999725341797,49.21845626831055,6119200
2015-07-14,88.73999786376953,88.83000183105469,88.63999938964844,88.79000091552734,49.16862106323242,6354100
2015-07-15,88.77999877929688,88.9000015258789,88.6500015258789,88.79000091552734,49.16862106323242,5983300
2015-07-16,88.88999938964844,89.02999877929688,88.87999725341797,88.93000030517578,49.24612808227539,7523600
2015-07-17,88.98999786376953,88.98999786376953,88.5999984741211,88.69000244140625,49.11324691772461,7788400
2015-07-20,88.6500015258789,88.66000366210938,88.2699966430664,88.27999877929688,48.88618850708008,6740400
2015-07-21,88.20999908447266,88.31999969482422,88.11000061035156,88.12000274658203,48.797607421875,4904800
2015-07-22,87.87000274658203,87.93000030517578,87.5199966430664,87.55000305175781,48.48196792602539,10578500
2015-07-23,87.5199966430664,87.70999908447266,87.5,87.5,48.45425796508789,4918400
2015-07-24,87.5,87.55000305175781,87.19999694824219,87.25,48.315818786621094,4702900
2015-07-27,87.01000213623047,87.2699966430664,86.80999755859375,86.87999725341797,48.110923767089844,11061700
2015-07-28,86.97000122070312,87.44999694824219,86.93000030517578,87.3499984741211,48.37122344970703,10471000
2015-07-29,87.3499984741211,87.93000030517578,87.3499984741211,87.86000061035156,48.65360641479492,8839500
2015-07-30,87.80999755859375,88.16999816894531,87.80999755859375,88.12000274658203,48.797607421875,6127600
2015-07-31,88.01000213623047,88.23999786376953,87.94000244140625,87.97000122070312,48.71452713012695,5936500
2015-08-03,87.58999633789062,87.5999984741211,87.37000274658203,87.41000366210938,48.62331008911133,5416900
2015-08-04,87.5,87.62999725341797,87.44000244140625,87.45999908447266,48.65111541748047,3691400
2015-08-05,87.63999938964844,87.7300033569336,87.33000183105469,87.33999633789062,48.58437728881836,7778300
2015-08-06,87.2300033569336,87.33000183105469,86.95999908447266,86.9800033569336,48.38414001464844,10794800
2015-08-07,86.8499984741211,86.88999938964844,86.68000030517578,86.70999908447266,48.23390579223633,5483500
2015-08-10,86.7699966430664,86.97000122070312,86.7300033569336,86.95999908447266,48.37300491333008,3234500
2015-08-11,86.62999725341797,86.69999694824219,86.45999908447266,86.55999755859375,48.150474548339844,4598600
2015-08-12,86.26000213623047,86.4800033569336,86.04000091552734,86.44000244140625,48.08372497558594,6371900
2015-08-13,86.37000274658203,86.44000244140625,86.27999877929688,86.33000183105469,48.02253341674805,7422100
2015-08-14,86.29000091552734,86.51000213623047,86.27999877929688,86.37999725341797,48.050323486328125,3437900
2015-08-17,86.29000091552734,86.51000213623047,86.19999694824219,86.37999725341797,48.050323486328125,4153600
2015-08-18,86.2699966430664,86.4000015258789,86.18000030517578,86.2699966430664,47.98916244506836,5471300
2015-08-19,86.20999908447266,86.44999694824219,86.0199966430664,86.19000244140625,47.94465637207031,7208500
2015-08-20,85.9000015258789,85.97000122070312,85.6500015258789,85.7699966430664,47.71101379394531,11099100
2015-08-21,85.52999877929688,85.75,85.37000274658203,85.45999908447266,47.53858184814453,13158600
2015-08-24,83.80999755859375,85.37999725341797,83.43000030517578,84.76000213623047,47.14918899536133,19116200
2015-08-25,85.55999755859375,85.69000244140625,84.91000366210938,84.93000030517578,47.24375915527344,18194700
2015-08-26,85.26000213623047,85.80000305175781,85.19000244140625,85.63999938964844,47.638710021972656,10654800
2015-08-27,85.86000061035156,86.44999694824219,85.86000061035156,86.27999877929688,47.99473190307617,12772100
2015-08-28,86.22000122070312,86.5,86.05999755859375,86.36000061035156,48.03925323486328,9100000
2015-08-31,86.23999786376953,86.30000305175781,85.7300033569336,86.23999786376953,47.97245407104492,5408800
2015-09-01,85.69999694824219,85.7699966430664,85.44000244140625,85.58000183105469,47.81769943237305,4739100
2015-09-02,85.93000030517578,85.95999908447266,85.68000030517578,85.93000030517578,48.013275146484375,5259700
2015-09-03,86.0,86.2300033569336,85.86000061035156,86.05000305175781,48.080318450927734,8779000
2015-09-04,85.86000061035156,86.06999969482422,85.8499984741211,85.95999908447266,48.03001022338867,4671000
2015-09-08,86.3499984741211,86.44000244140625,86.23999786376953,86.43000030517578,48.29261779785156,5450300
2015-09-09,86.5999984741211,86.62000274658203,86.23999786376953,86.31999969482422,48.231143951416016,4914800
2015-09-10,86.27999877929688,86.5999984741211,86.27999877929688,86.52999877929688,48.34851837158203,4744100
2015-09-11,86.1500015258789,86.55000305175781,86.11000061035156,86.5,48.33174514770508,4834900
2015-09-14,86.36000061035156,86.44000244140625,86.22000122070312,86.3499984741211,48.24793243408203,4383100
2015-09-15,86.25,86.41000366210938,86.19999694824219,86.33000183105469,48.23676300048828,4247800
2015-09-16,86.02999877929688,86.2300033569336,85.94000244140625,86.0199966430664,48.063560485839844,5026700
2015-09-17,86.01000213623047,86.41000366210938,85.8499984741211,86.08999633789062,48.102657318115234,6576800
2015-09-18,85.83999633789062,86.05000305175781,85.69000244140625,85.8499984741211,47.96854782104492,10827600
2015-09-21,85.86000061035156,85.9000015258789,85.61000061035156,85.69000244140625,47.87916946411133,7579000
2015-09-22,85.3499984741211,85.69000244140625,84.95999908447266,85.06999969482422,47.53273010253906,7366900
2015-09-23,85.05000305175781,85.11000061035156,84.86000061035156,84.91999816894531,47.448917388916016,7686000
2015-09-24,84.75,84.75,84.3499984741211,84.5,47.21424102783203,9167500
2015-09-25,84.5999984741211,84.76000213623047,84.04000091552734,84.06999969482422,46.97399139404297,8384200
2015-09-28,83.66999816894531,84.0199966430664,82.72000122070312,82.77999877929688,46.253204345703125,12416300
2015-09-29,82.70999908447266,83.08999633789062,82.62999725341797,82.7699966430664,46.24760055541992,11417600
2015-09-30,83.12999725341797,83.33999633789062,82.83000183105469,83.29000091552734,46.538150787353516,14539800
2015-10-01,82.75,82.87999725341797,82.31999969482422,82.36000061035156,46.23946762084961,12179800
2015-10-02,81.88999938964844,82.47000122070312,81.66000366210938,82.44000244140625,46.28438949584961,14060200
2015-10-05,82.87000274658203,83.47000122070312,82.80999755859375,83.43000030517578,46.84020233154297,13531400
2015-10-06,83.4800033569336,83.9800033569336,83.36000061035156,83.88999938964844,47.098472595214844,13985800
2015-10-07,84.3499984741211,84.83000183105469,84.19999694824219,84.75,47.58131790161133,18000700
2015-10-08,84.62000274658203,85.12999725341797,84.45999908447266,85.0999984741211,47.77779769897461,9466900
2015-10-09,85.2300033569336,85.5999984741211,84.9800033569336,85.11000061035156,47.7834358215332,9900600
2015-10-12,85.18000030517578,85.25,84.83000183105469,84.94999694824219,47.6935920715332,3867000
2015-10-13,84.79000091552734,84.94999694824219,84.62999725341797,84.75,47.58131790161133,7772600
2015-10-14,84.76000213623047,84.94999694824219,84.63999938964844,84.69000244140625,47.54764175415039,7748100
2015-10-15,84.81999969482422,84.94999694824219,84.61000061035156,84.88999938964844,47.65992736816406,8049200
2015-10-16,84.91000366210938,85.29000091552734,84.88999938964844,85.27999877929688,47.878841400146484,5978200
2015-10-19,85.1500015258789,85.56999969482422,85.08000183105469,85.51000213623047,48.00798034667969,10347000
2015-10-20,85.37999725341797,85.69000244140625,85.29000091552734,85.58999633789062,48.05290603637695,10294800
2015-10-21,85.6500015258789,85.7699966430664,85.26000213623047,85.5,48.002376556396484,14332200
2015-10-22,85.58000183105469,85.68000030517578,85.41000366210938,85.52999877929688,48.01923751831055,11805100
2015-10-23,85.9000015258789,86.08999633789062,85.58000183105469,85.83000183105469,48.187644958496094,13201700
2015-10-26,85.93000030517578,85.94000244140625,85.68000030517578,85.73999786376953,48.137115478515625,9354100
2015-10-27,85.66999816894531,85.68000030517578,85.33999633789062,85.45999908447266,47.97991180419922,5585800
2015-10-28,85.45999908447266,85.70999908447266,85.30000305175781,85.69000244140625,48.109046936035156,8637000
2015-10-29,85.44999694824219,85.68000030517578,85.43000030517578,85.47000122070312,47.98552703857422,6064500
2015-10-30,85.52999877929688,85.76000213623047,85.38999938964844,85.56999969482422,48.04167556762695,8803100
2015-11-02,85.18000030517578,85.4800033569336,85.11000061035156,85.44000244140625,48.19059371948242,5476000
2015-11-03,85.36000061035156,85.58000183105469,85.36000061035156,85.52999877929688,48.24135971069336,5873700
2015-11-04,85.56999969482422,85.56999969482422,85.23999786376953,85.27999877929688,48.100318908691406,6082100
2015-11-05,85.25,85.33999633789062,84.94000244140625,84.94999694824219,47.91421127319336,8529600
2015-11-06,84.62000274658203,84.69000244140625,84.33999633789062,84.54000091552734,47.6829833984375,8207700
2015-11-09,84.36000061035156,84.44000244140625,84.12999725341797,84.19000244140625,47.48553466796875,10127900
2015-11-10,84.0999984741211,84.19000244140625,83.87000274658203,84.0,47.37836456298828,9673000
2015-11-11,84.04000091552734,84.0999984741211,83.75,83.80000305175781,47.26557159423828,3943900
2015-11-12,83.47000122070312,83.68000030517578,83.22000122070312,83.23999786376953,46.94970703125,11570600
2015-11-13,83.27999877929688,83.36000061035156,82.98999786376953,83.0,46.814369201660156,7487900
2015-11-16,82.91000366210938,83.44000244140625,82.80999755859375,83.38999938964844,47.034339904785156,8228200
2015-11-17,83.5999984741211,83.73999786376953,83.37000274658203,83.44999694824219,47.068145751953125,9106400
2015-11-18,83.4000015258789,83.66000366210938,83.4000015258789,83.61000061035156,47.15843200683594,7479000
2015-11-19,83.33000183105469,83.48999786376953,82.8499984741211,82.86000061035156,46.73539733886719,9428300
2015-11-20,82.87999725341797,83.20999908447266,82.80999755859375,82.83999633789062,46.7241096496582,9763700
2015-11-23,82.73999786376953,82.88999938964844,82.69000244140625,82.7699966430664,46.68461608886719,5138900
2015-11-24,82.6500015258789,82.91000366210938,82.56999969482422,82.87999725341797,46.746673583984375,9529200
2015-11-25,82.83999633789062,82.98999786376953,82.83999633789062,82.97000122070312,46.797420501708984,7132500
2015-11-27,83.0199966430664,83.1500015258789,82.94000244140625,83.0999984741211,46.87075424194336,2259900
2015-11-30,83.0999984741211,83.1500015258789,82.98999786376953,83.05000305175781,46.842552185058594,5356300
2015-12-01,82.8499984741211,83.27999877929688,82.80000305175781,83.23999786376953,47.175785064697266,9849200
2015-12-02,83.18000030517578,83.44000244140625,83.02999877929688,83.06999969482422,47.07943344116211,11871300
2015-12-03,82.91999816894531,83.12999725341797,82.72000122070312,82.8499984741211,46.95475387573242,15290200
2015-12-04,82.80000305175781,82.93000030517578,82.5,82.66000366210938,46.84709548950195,14027900
2015-12-07,82.33000183105469,82.5,82.0199966430664,82.08000183105469,46.51835632324219,11989900
2015-12-08,81.43000030517578,81.62000274658203,80.95999908447266,81.05999755859375,45.940284729003906,25199100
2015-12-09,81.05999755859375,81.69999694824219,81.05000305175781,81.4800033569336,46.17832946777344,16703900
2015-12-10,81.2699966430664,81.56999969482422,81.0,81.13999938964844,45.985626220703125,14206800
2015-12-11,80.54000091552734,80.54000091552734,78.62000274658203,79.5199966430664,45.06752395629883,54233300
2015-12-14,79.4000015258789,79.51000213623047,78.20999908447266,78.83000183105469,44.67644119262695,38540500
2015-12-15,79.80000305175781,80.44999694824219,79.76000213623047,80.12000274658203,45.407554626464844,36337800
2015-12-16,80.38999938964844,80.88999938964844,80.05999755859375,80.7300033569336,45.75327682495117,30575300
2015-12-17,80.69999694824219,80.80999755859375,79.80000305175781,79.83000183105469,45.24319839477539,17345300
2015-12-18,79.55999755859375,79.79000091552734,79.33999633789062,79.52999877929688,45.073150634765625,23548900
2015-12-21,79.69999694824219,79.9000015258789,79.06999969482422,79.27999877929688,44.93150329589844,14468700
2015-12-22,79.4000015258789,80.26000213623047,79.36000061035156,80.23999786376953,45.475547790527344,12569500
2015-12-23,80.51000213623047,80.88999938964844,80.41999816894531,80.75,45.76459503173828,12824900
2015-12-24,80.3499984741211,80.69999694824219,80.2699966430664,80.48999786376953,45.85803985595703,5284300
2015-12-28,80.23999786376953,80.25,79.87999725341797,80.01000213623047,45.58457946777344,7151600
2015-12-29,80.16000366210938,80.52999877929688,80.1500015258789,80.47000122070312,45.846641540527344,7485500
2015-12-30,80.37000274658203,80.63999938964844,80.18000030517578,80.52999877929688,45.880836486816406,13145300
2015-12-31,80.4800033569336,80.87999725341797,80.38999938964844,80.58000183105469,45.9093017578125,7935200
2016-01-04,80.01000213623047,80.16000366210938,79.66999816894531,80.0999984741211,45.63583755493164,14787700
2016-01-05,80.33999633789062,80.52999877929688,80.06999969482422,80.25,45.7213134765625,11491300
2016-01-06,79.93000030517578,80.33000183105469,79.93000030517578,80.25,45.7213134765625,11320100
2016-01-07,79.66999816894531,80.0,79.62000274658203,79.7300033569336,45.425025939941406,11004700
2016-01-08,80.04000091552734,80.22000122070312,79.5,79.5199966430664,45.30539321899414,17902100
2016-01-11,79.86000061035156,79.94999694824219,79.30999755859375,79.4000015258789,45.23703384399414,16917700
2016-01-12,79.88999938964844,79.94999694824219,79.30000305175781,79.4800033569336,45.28258514404297,15217700
2016-01-13,79.54000091552734,79.62000274658203,78.48999786376953,78.5999984741211,44.78123474121094,20352700
2016-01-14,78.66000366210938,79.04000091552734,78.27999877929688,78.94999694824219,44.98066329956055,18572700
2016-01-15,77.66999816894531,78.68000030517578,77.41999816894531,77.91000366210938,44.38810729980469,27309900
2016-01-19,77.94999694824219,78.12999725341797,77.38999938964844,77.63999938964844,44.234283447265625,15975700
2016-01-20,77.02999877929688,77.41999816894531,75.81999969482422,77.12000274658203,43.938026428222656,25973500
2016-01-21,77.12000274658203,77.95999908447266,76.80000305175781,77.63999938964844,44.234283447265625,20065800
2016-01-22,78.4000015258789,78.91999816894531,78.23999786376953,78.83000183105469,44.91228103637695,17653100
2016-01-25,78.58999633789062,78.73999786376953,78.02999877929688,78.05000305175781,44.46788787841797,16448400
2016-01-26,78.36000061035156,78.79000091552734,78.18000030517578,78.75,44.866695404052734,12010900
2016-01-27,78.72000122070312,79.08000183105469,78.37999725341797,78.62999725341797,44.79831314086914,14563000
2016-01-28,79.11000061035156,79.29000091552734,78.73999786376953,79.02999877929688,45.026206970214844,14622600
2016-01-29,79.19999694824219,79.44999694824219,79.12999725341797,79.29000091552734,45.17434310913086,14218700
2016-02-01,78.76000213623047,78.79000091552734,78.30999755859375,78.43000030517578,44.90583801269531,8865500
2016-02-02,78.05000305175781,78.22000122070312,77.83000183105469,77.87000274658203,44.5851936340332,15442100
2016-02-03,78.11000061035156,78.4000015258789,77.62999725341797,78.25,44.80275344848633,15465200
2016-02-04,78.22000122070312,78.38999938964844,77.93000030517578,78.0,44.65960693359375,8989700
2016-02-05,77.98999786376953,77.98999786376953,77.27999877929688,77.4000015258789,44.31609344482422,14632300
2016-02-08,76.7699966430664,76.80000305175781,76.27999877929688,76.5,43.800785064697266,15649900
2016-02-09,76.08999633789062,76.55999755859375,75.87000274658203,76.20999908447266,43.634727478027344,18685000
2016-02-10,76.41000366210938,76.7300033569336,75.94999694824219,76.0999984741211,43.57176971435547,13086000
2016-02-11,75.3499984741211,75.87000274658203,75.08999633789062,75.58999633789062,43.279762268066406,22158200
2016-02-12,75.86000061035156,76.79000091552734,75.7699966430664,76.72000122070312,43.92675018310547,17751500
2016-02-16,76.80999755859375,77.02999877929688,76.69000244140625,76.79000091552734,43.966854095458984,14106000
2016-02-17,77.18000030517578,77.58999633789062,77.11000061035156,77.41999816894531,44.32756042480469,16353000
2016-02-18,77.69999694824219,77.75,77.44000244140625,77.48999786376953,44.36763000488281,13247300
2016-02-19,77.1500015258789,77.68000030517578,77.05000305175781,77.63999938964844,44.453521728515625,12879900
2016-02-22,78.04000091552734,78.3499984741211,77.94999694824219,78.30999755859375,44.837127685546875,13826600
2016-02-23,78.05999755859375,78.27999877929688,77.73999786376953,78.1500015258789,44.74551010131836,16809700
2016-02-24,77.55999755859375,78.37000274658203,77.45999908447266,78.27999877929688,44.8199348449707,13622100
2016-02-25,78.33000183105469,78.7300033569336,78.05999755859375,78.69999694824219,45.0604133605957,10699100
2016-02-26,78.94999694824219,79.30000305175781,78.86000061035156,79.2300033569336,45.36387252807617,12060200
2016-02-29,79.27999877929688,80.12999725341797,79.26000213623047,80.08000183105469,45.850547790527344,23746800
2016-03-01,79.83000183105469,81.01000213623047,79.54000091552734,80.91999816894531,46.57518768310547,24023200
2016-03-02,80.5,80.61000061035156,80.22000122070312,80.37000274658203,46.25864028930664,14987400
2016-03-03,80.2699966430664,80.87000274658203,79.98999786376953,80.63999938964844,46.41405487060547,12018400
2016-03-04,80.77999877929688,81.23999786376953,80.5,80.87000274658203,46.546424865722656,18029900
2016-03-07,80.68000030517578,81.0,80.66999816894531,80.97000122070312,46.603973388671875,12656200
2016-03-08,80.79000091552734,80.8499984741211,80.36000061035156,80.4000015258789,46.27589416503906,17813700
2016-03-09,80.55000305175781,80.69999694824219,80.36000061035156,80.5999984741211,46.390995025634766,7699600
2016-03-10,81.05999755859375,81.19000244140625,80.55000305175781,81.16000366210938,46.713340759277344,18167000
2016-03-11,81.72000122070312,82.26000213623047,81.63999938964844,82.13999938964844,47.27738952636719,18662700
2016-03-14,81.87999725341797,82.05999755859375,81.52999877929688,81.91000366210938,47.14499282836914,12512400
2016-03-15,81.4000015258789,81.4800033569336,81.11000061035156,81.1500015258789,46.707584381103516,16442600
2016-03-16,80.93000030517578,81.98999786376953,80.81999969482422,81.69000244140625,47.018394470214844,21567100
2016-03-17,81.87999725341797,82.3499984741211,81.72000122070312,82.20999908447266,47.317657470703125,18423000
2016-03-18,82.30000305175781,82.61000061035156,82.27999877929688,82.4000015258789,47.427024841308594,12922000
2016-03-21,82.38999938964844,82.45999908447266,82.13999938964844,82.30999755859375,47.3752326965332,12653600
2016-03-22,82.13999938964844,82.25,81.9800033569336,82.08999633789062,47.24861526489258,8941200
2016-03-23,82.06999969482422,82.06999969482422,81.68000030517578,81.70999908447266,47.02988052368164,11354200
2016-03-24,81.12000274658203,81.48999786376953,81.08000183105469,81.3499984741211,46.82268524169922,13497800
2016-03-28,81.26000213623047,81.43000030517578,80.94000244140625,80.9800033569336,46.609737396240234,11298900
2016-03-29,80.73999786376953,81.31999969482422,80.68000030517578,81.29000091552734,46.788169860839844,11348400
2016-03-30,81.44000244140625,81.70999908447266,81.38999938964844,81.58000183105469,46.95506286621094,11796400
2016-03-31,81.48999786376953,81.9000015258789,81.4800033569336,81.69000244140625,47.018394470214844,9436700
2016-04-01,80.9800033569336,81.51000213623047,80.80000305175781,81.37000274658203,47.0525016784668,10822400
2016-04-04,81.26000213623047,81.51000213623047,81.08000183105469,81.16999816894531,46.936851501464844,9269700
2016-04-05,80.81999969482422,81.06999969482422,80.77999877929688,80.87000274658203,46.763389587402344,13254500
2016-04-06,81.01000213623047,81.62000274658203,80.9800033569336,81.55000305175781,47.15657424926758,13935000
2016-04-07,81.22000122070312,81.41000366210938,81.05999755859375,81.1500015258789,46.9252815246582,11306100
2016-04-08,81.58000183105469,81.63999938964844,81.41999816894531,81.5199966430664,47.13923645019531,7953000
2016-04-11,81.6500015258789,81.86000061035156,81.62000274658203,81.62999725341797,47.20284652709961,8126900
2016-04-12,81.7699966430664,82.13999938964844,81.72000122070312,82.11000061035156,47.480438232421875,11772800
2016-04-13,82.30999755859375,82.81999969482422,82.30999755859375,82.6500015258789,47.792667388916016,13596100
2016-04-14,82.6500015258789,82.7300033569336,82.5,82.62000274658203,47.77532958984375,10758400
2016-04-15,82.47000122070312,82.56999969482422,82.4000015258789,82.48999786376953,47.70012664794922,7857300
2016-04-18,82.16000366210938,82.97000122070312,82.12999725341797,82.95999908447266,47.97190856933594,9211400
2016-04-19,83.1500015258789,83.41000366210938,83.08000183105469,83.30999755859375,48.17428970336914,11623600
2016-04-20,83.37999725341797,83.69999694824219,83.22000122070312,83.47000122070312,48.26683044433594,10128800
2016-04-21,83.56999969482422,83.5999984741211,83.16999816894531,83.20999908447266,48.116485595703125,13349500
2016-04-22,83.27999877929688,83.44999694824219,83.20999908447266,83.4000015258789,48.22633743286133,10982300
2016-04-25,83.25,83.37000274658203,83.05000305175781,83.08000183105469,48.04132843017578,8972400
2016-04-26,83.29000091552734,83.37000274658203,83.16000366210938,83.36000061035156,48.20319747924805,8291000
2016-04-27,83.44000244140625,83.91000366210938,83.41000366210938,83.8499984741211,48.486572265625,10505400
2016-04-28,83.83000183105469,84.04000091552734,83.6500015258789,83.70999908447266,48.40563201904297,9229000
2016-04-29,83.62999725341797,83.91000366210938,83.3499984741211,83.8499984741211,48.486572265625,20284700
2016-05-02,83.37999725341797,83.52999877929688,83.29000091552734,83.5,48.505165100097656,11420700
2016-05-03,83.19999694824219,83.22000122070312,82.83999633789062,82.95999908447266,48.19145202636719,18449200
2016-05-04,82.80999755859375,82.86000061035156,82.61000061035156,82.6500015258789,48.01139450073242,17645200
2016-05-05,82.91000366210938,82.91999816894531,82.54000091552734,82.58000183105469,47.97074890136719,18782100
2016-05-06,82.2300033569336,82.70999908447266,82.20999908447266,82.52999877929688,47.94168472290039,16204400
2016-05-09,82.4000015258789,82.58999633789062,82.27999877929688,82.37999725341797,47.854530334472656,11622800
2016-05-10,82.43000030517578,83.0999984741211,82.43000030517578,83.08000183105469,48.261199951171875,11420700
2016-05-11,83.08000183105469,83.36000061035156,82.93000030517578,83.0199966430664,48.22631072998047,20692000
2016-05-12,83.23999786376953,83.23999786376953,82.95999908447266,83.1500015258789,48.30183792114258,11312400
2016-05-13,83.06999969482422,83.18000030517578,82.73999786376953,82.77999877929688,48.0869026184082,11332400
2016-05-16,82.93000030517578,83.27999877929688,82.87000274658203,83.23999786376953,48.3541259765625,12981700
2016-05-17,83.0999984741211,83.31999969482422,83.01000213623047,83.06999969482422,48.2553825378418,7489900
2016-05-18,83.0999984741211,83.33000183105469,82.8499984741211,83.08000183105469,48.261199951171875,16612500
2016-05-19,82.79000091552734,82.91000366210938,82.58999633789062,82.8499984741211,48.127567291259766,20290200
2016-05-20,82.86000061035156,83.16000366210938,82.86000061035156,83.13999938964844,48.29603958129883,10556700
2016-05-23,83.12000274658203,83.5999984741211,82.95999908447266,83.16000366210938,48.30763244628906,10457400
2016-05-24,83.37000274658203,83.66000366210938,83.30999755859375,83.66000366210938,48.59812927246094,10838400
2016-05-25,83.83000183105469,83.91999816894531,83.75,83.79000091552734,48.673614501953125,15119600
2016-05-26,83.94000244140625,83.94000244140625,83.54000091552734,83.55000305175781,48.5341911315918,12269000
2016-05-27,83.58999633789062,83.69000244140625,83.52999877929688,83.69000244140625,48.615543365478516,6225600
2016-05-31,83.75,83.87000274658203,83.5199966430664,83.61000061035156,48.569068908691406,11994100
2016-06-01,82.98999786376953,83.37999725341797,82.9000015258789,83.33999633789062,48.646087646484375,16488600
2016-06-02,83.19999694824219,83.41000366210938,83.11000061035156,83.36000061035156,48.657779693603516,12118900
2016-06-03,83.44000244140625,83.55999755859375,83.2300033569336,83.51000213623047,48.74534606933594,13093000
2016-06-06,83.77999877929688,83.93000030517578,83.62000274658203,83.87999725341797,48.96133041381836,16126200
2016-06-07,83.9800033569336,84.3499984741211,83.93000030517578,84.25,49.17727279663086,18423500
2016-06-08,84.36000061035156,84.5999984741211,84.3499984741211,84.56999969482422,49.364078521728516,14652800
2016-06-09,84.56999969482422,84.56999969482422,84.13999938964844,84.23999786376953,49.17143249511719,11188300
2016-06-10,83.9000015258789,84.0199966430664,83.66000366210938,83.83000183105469,48.93214416503906,15259900
2016-06-13,83.5,83.80999755859375,83.2699966430664,83.2699966430664,48.605247497558594,17257900
2016-06-14,83.12999725341797,83.23999786376953,82.7699966430664,82.98999786376953,48.44179916381836,20578800
2016-06-15,83.26000213623047,83.37999725341797,82.97000122070312,83.02999877929688,48.465152740478516,14202800
2016-06-16,82.8499984741211,83.1500015258789,82.44999694824219,83.08000183105469,48.49435043334961,19195500
2016-06-17,83.08999633789062,83.33000183105469,83.05999755859375,83.12999725341797,48.523536682128906,16113800
2016-06-20,83.7300033569336,83.97000122070312,83.52999877929688,83.62000274658203,48.8095588684082,13368400
2016-06-21,83.7699966430664,83.9800033569336,83.62999725341797,83.94000244140625,48.99630355834961,12141800
2016-06-22,83.98999786376953,84.12000274658203,83.88999938964844,84.0199966430664,49.043025970458984,10759500
2016-06-23,84.38999938964844,84.63999938964844,84.31999969482422,84.63999938964844,49.4048957824707,9920200
2016-06-24,82.98999786376953,84.19999694824219,82.9000015258789,83.25,48.593563079833984,31416700
2016-06-27,83.0,83.05999755859375,82.01000213623047,82.05000305175781,47.893104553222656,27244200
2016-06-28,82.83000183105469,83.11000061035156,82.69000244140625,83.08000183105469,48.49435043334961,13910300
2016-06-29,83.58000183105469,84.30000305175781,83.54000091552734,84.12999725341797,49.10725021362305,23604300
2016-06-30,84.05999755859375,84.80000305175781,83.94000244140625,84.69999694824219,49.439937591552734,26304600
2016-07-01,84.30000305175781,84.69999694824219,84.25,84.47000122070312,49.53789520263672,16343000
2016-07-05,84.30000305175781,84.30000305175781,83.8499984741211,83.98999786376953,49.25638961791992,12078200
2016-07-06,83.87999725341797,84.37000274658203,83.75,84.36000061035156,49.47335433959961,9607000
2016-07-07,84.37999725341797,84.5999984741211,84.25,84.47000122070312,49.53789520263672,13058100
2016-07-08,84.81999969482422,85.63999938964844,84.79000091552734,85.58999633789062,50.19471740722656,21395600
2016-07-11,85.63999938964844,85.91999816894531,85.5999984741211,85.63999938964844,50.22404098510742,18313500
2016-07-12,86.05999755859375,86.31999969482422,85.86000061035156,85.87999725341797,50.36479949951172,16074300
2016-07-13,85.87000274658203,85.9000015258789,85.51000213623047,85.62999725341797,50.21815872192383,13040300
2016-07-14,85.9000015258789,85.91000366210938,85.5999984741211,85.80000305175781,50.31785583496094,7764400
2016-07-15,85.8499984741211,85.94000244140625,85.5999984741211,85.62999725341797,50.21815872192383,9163800
2016-07-18,85.68000030517578,85.94000244140625,85.62999725341797,85.91999816894531,50.38823699951172,7447200
2016-07-19,85.7300033569336,85.87000274658203,85.54000091552734,85.69000244140625,50.25336837768555,7349700
2016-07-20,85.80999755859375,85.98999786376953,85.6500015258789,85.91000366210938,50.38239669799805,7247500
2016-07-21,85.77999877929688,86.08000183105469,85.73999786376953,85.79000091552734,50.312007904052734,11265000
2016-07-22,85.80999755859375,86.26000213623047,85.7300033569336,86.16999816894531,50.534854888916016,10523500
2016-07-25,86.08999633789062,86.08999633789062,85.68000030517578,85.76000213623047,50.294410705566406,14768400
2016-07-26,85.69999694824219,85.75,85.37999725341797,85.43000030517578,50.10086441040039,14292600
2016-07-27,85.58000183105469,85.72000122070312,85.33999633789062,85.69000244140625,50.25336837768555,11730800
2016-07-28,85.51000213623047,85.51000213623047,85.23999786376953,85.33000183105469,50.04225540161133,17968100
2016-07-29,85.18000030517578,85.43000030517578,84.98999786376953,85.41000366210938,50.089176177978516,15202400
2016-08-01,84.97000122070312,84.9800033569336,84.4800033569336,84.55000305175781,49.80813980102539,18335300
2016-08-02,84.5199966430664,84.61000061035156,84.29000091552734,84.43000030517578,49.73747253417969,21959800
2016-08-03,84.5,84.88999938964844,84.44999694824219,84.80999755859375,49.96128845214844,13733700
2016-08-04,85.12000274658203,85.45999908447266,85.0,85.3499984741211,50.27943801879883,11832000
2016-08-05,85.62999725341797,85.77999877929688,85.51000213623047,85.54000091552734,50.391353607177734,12314900
2016-08-08,85.69999694824219,85.93000030517578,85.5999984741211,85.88999938964844,50.5975456237793,10800900
2016-08-09,85.94000244140625,86.25,85.91999816894531,86.19000244140625,50.77426528930664,13772300
2016-08-10,86.20999908447266,86.25,86.0,86.02999877929688,50.680023193359375,7250400
2016-08-11,86.16999816894531,86.36000061035156,86.0999984741211,86.23999786376953,50.80373001098633,6732600
2016-08-12,86.19000244140625,86.33000183105469,86.12000274658203,86.30999755859375,50.844974517822266,3996500
2016-08-15,86.48999786376953,86.62000274658203,86.33000183105469,86.56999969482422,50.99813461303711,9396400
2016-08-16,86.5999984741211,86.5999984741211,86.3499984741211,86.38999938964844,50.89210891723633,8104400
2016-08-17,86.44999694824219,86.55000305175781,86.31999969482422,86.51000213623047,50.962772369384766,14139600
2016-08-18,86.58000183105469,86.8499984741211,86.5199966430664,86.8499984741211,51.16305923461914,8582700
2016-08-19,86.73999786376953,86.80999755859375,86.55000305175781,86.58999633789062,51.00990295410156,7474000
2016-08-22,86.5,86.55999755859375,86.30999755859375,86.44999694824219,50.92743682861328,5364700
2016-08-23,86.66999816894531,86.81999969482422,86.58999633789062,86.73999786376953,51.098270416259766,7476400
2016-08-24,86.7300033569336,86.77999877929688,86.48999786376953,86.5,50.95687484741211,6655300
2016-08-25,86.55000305175781,86.7699966430664,86.52999877929688,86.66000366210938,51.0511589050293,7482800
2016-08-26,86.61000061035156,87.0199966430664,86.41000366210938,86.55999755859375,50.99222183227539,10544900
2016-08-29,86.69000244140625,87.04000091552734,86.66000366210938,86.98999786376953,51.24555969238281,10038500
2016-08-30,86.98999786376953,87.13999938964844,86.79000091552734,87.04000091552734,51.274993896484375,16157400
2016-08-31,86.97000122070312,87.02999877929688,86.62000274658203,86.69999694824219,51.074710845947266,16985000
2016-09-01,86.4000015258789,86.52999877929688,86.12000274658203,86.5,51.175865173339844,14952700
2016-09-02,86.76000213623047,87.02999877929688,86.62000274658203,86.9000015258789,51.41252899169922,13540100
2016-09-06,86.87000274658203,87.01000213623047,86.8499984741211,87.0,51.47169494628906,12662000
2016-09-07,86.94999694824219,87.01000213623047,86.69999694824219,86.76000213623047,51.329715728759766,8245100
2016-09-08,86.7699966430664,86.81999969482422,86.58999633789062,86.5999984741211,51.23505783081055,8430700
2016-09-09,86.3499984741211,86.55999755859375,85.73999786376953,85.7699966430664,50.74398422241211,25087600
2016-09-12,85.5999984741211,86.2300033569336,85.55000305175781,86.06999969482422,50.92149353027344,17718300
2016-09-13,85.86000061035156,85.97000122070312,85.2699966430664,85.41000366210938,50.53104782104492,21907200
2016-09-14,85.52999877929688,85.80999755859375,85.29000091552734,85.38999938964844,50.519195556640625,14257700
2016-09-15,85.5,85.93000030517578,85.44000244140625,85.88999938964844,50.81498336791992,9964800
2016-09-16,85.77999877929688,85.93000030517578,85.58000183105469,85.91000366210938,50.826812744140625,8396600
2016-09-19,85.97000122070312,86.06999969482422,85.81999969482422,85.95999908447266,50.85640335083008,9855500
2016-09-20,86.0,86.0999984741211,85.72000122070312,85.86000061035156,50.797237396240234,8705600
2016-09-21,85.91000366210938,86.62000274658203,85.87999725341797,86.56999969482422,51.2172966003418,17484300
2016-09-22,86.86000061035156,87.12999725341797,86.70999908447266,86.86000061035156,51.388858795166016,11813600
2016-09-23,86.80000305175781,86.97000122070312,86.69999694824219,86.76000213623047,51.329715728759766,13122600
2016-09-26,86.56999969482422,86.68000030517578,86.30999755859375,86.37999725341797,51.10488510131836,6590500
2016-09-27,86.26000213623047,86.63999938964844,86.12999725341797,86.62999725341797,51.2527961730957,8516500
2016-09-28,86.77999877929688,87.2300033569336,86.47000122070312,87.20999908447266,51.5959587097168,11149300
2016-09-29,87.16999816894531,87.19000244140625,86.55999755859375,86.87999725341797,51.40070343017578,13425800
2016-09-30,87.0,87.29000091552734,86.9800033569336,87.26000213623047,51.62551498413086,12158000
2016-10-03,86.81999969482422,86.91000366210938,86.6500015258789,86.81999969482422,51.59344482421875,10708800
2016-10-04,86.94000244140625,87.0,86.55999755859375,86.66999816894531,51.5042610168457,11057500
2016-10-05,86.97000122070312,86.98999786376953,86.76000213623047,86.9000015258789,51.64097213745117,9424500
2016-10-06,86.97000122070312,86.98999786376953,86.7300033569336,86.94999694824219,51.67070770263672,9455200
2016-10-07,86.98999786376953,87.19000244140625,86.73999786376953,87.1500015258789,51.78953170776367,10824200
2016-10-10,87.20999908447266,87.5,87.1500015258789,87.4000015258789,51.938114166259766,4182300
2016-10-11,87.2699966430664,87.27999877929688,86.7699966430664,86.91000366210938,51.64692306518555,8855400
2016-10-12,86.87000274658203,87.02999877929688,86.7300033569336,86.87999725341797,51.62906265258789,7915300
2016-10-13,86.61000061035156,86.7699966430664,86.43000030517578,86.66000366210938,51.498321533203125,10614800
2016-10-14,86.91000366210938,86.9800033569336,86.73999786376953,86.86000061035156,51.61723327636719,6766300
2016-10-17,86.83999633789062,86.98999786376953,86.70999908447266,86.73999786376953,51.5459098815918,7790000
2016-10-18,87.05000305175781,87.12000274658203,86.81999969482422,87.08999633789062,51.753868103027344,8404600
2016-10-19,87.16000366210938,87.38999938964844,87.13999938964844,87.33999633789062,51.90245819091797,9874300
2016-10-20,87.33999633789062,87.41000366210938,87.18000030517578,87.3499984741211,51.90839385986328,12558000
2016-10-21,87.18000030517578,87.44999694824219,87.06999969482422,87.37000274658203,51.92027282714844,8332900
2016-10-24,87.4800033569336,87.55999755859375,87.27999877929688,87.41999816894531,51.94995880126953,7200800
2016-10-25,87.33000183105469,87.41999816894531,87.2300033569336,87.37000274658203,51.92027282714844,6906500
2016-10-26,87.1500015258789,87.3499984741211,86.98999786376953,87.0199966430664,51.71226501464844,13813300
2016-10-27,87.08999633789062,87.12999725341797,86.55000305175781,86.69999694824219,51.52212905883789,19333100
2016-10-28,86.5999984741211,86.66000366210938,86.20999908447266,86.27999877929688,51.27252960205078,19745600
2016-10-31,86.26000213623047,86.30999755859375,85.93000030517578,86.0199966430664,51.11801528930664,21174600
2016-11-01,85.68000030517578,85.68000030517578,84.97000122070312,85.30000305175781,50.91865921020508,26184000
2016-11-02,85.16000366210938,85.23999786376953,84.81999969482422,84.91999816894531,50.691795349121094,19593600
2016-11-03,85.0999984741211,85.2300033569336,84.87000274658203,84.94000244140625,50.70375442504883,12699700
2016-11-04,85.08999633789062,85.25,84.91000366210938,84.9800033569336,50.72764205932617,10970400
2016-11-07,85.75,86.22000122070312,85.69000244140625,86.16999816894531,51.4379768371582,14416200
2016-11-08,85.7699966430664,86.12999725341797,85.73999786376953,85.9800033569336,51.32459259033203,20370600
2016-11-09,85.44999694824219,86.0,85.30000305175781,85.37999725341797,50.96641540527344,24858900
2016-11-10,85.19999694824219,85.19999694824219,84.20999908447266,84.26000213623047,50.29782485961914,33213300
2016-11-11,83.98999786376953,84.19999694824219,83.25,83.47000122070312,49.826263427734375,16442900
2016-11-14,83.25,84.19000244140625,83.23999786376953,84.08999633789062,50.19633483886719,21036000
2016-11-15,84.5199966430664,85.30999755859375,84.5199966430664,85.19999694824219,50.85895538330078,17888600
2016-11-16,84.83999633789062,85.0,84.7300033569336,84.86000061035156,50.656002044677734,11965700
2016-11-17,84.8499984741211,85.08999633789062,84.62999725341797,84.62999725341797,50.51871109008789,12017600
2016-11-18,84.80999755859375,84.94000244140625,84.4800033569336,84.62999725341797,50.51871109008789,17781800
2016-11-21,84.8499984741211,85.3499984741211,84.83999633789062,85.30999755859375,50.92461395263672,11581600
2016-11-22,85.44999694824219,86.02999877929688,85.41999816894531,85.94000244140625,51.30068588256836,16648100
2016-11-23,85.29000091552734,85.69000244140625,85.27999877929688,85.62000274658203,51.109642028808594,10662900
2016-11-25,85.66999816894531,85.76000213623047,85.5999984741211,85.7300033569336,51.17533874511719,2009600
2016-11-28,85.62000274658203,86.0,85.47000122070312,85.72000122070312,51.16938400268555,16897400
2016-11-29,85.5,85.69999694824219,85.43000030517578,85.61000061035156,51.10370635986328,9164000
2016-11-30,85.69999694824219,85.80000305175781,85.43000030517578,85.6500015258789,51.12757110595703,15211300
2016-12-01,85.27999877929688,85.31999969482422,84.87000274658203,84.87000274658203,50.88835144042969,18249400
2016-12-02,85.06999969482422,85.38999938964844,84.9800033569336,85.37999725341797,51.19412612915039,9360400
2016-12-05,85.41999816894531,85.66999816894531,85.37999725341797,85.5999984741211,51.326053619384766,9782100
2016-12-06,85.7300033569336,86.05999755859375,85.6500015258789,86.02999877929688,51.583900451660156,16090600
2016-12-07,86.13999938964844,86.5999984741211,86.06999969482422,86.45999908447266,51.84168243408203,20886400
2016-12-08,86.37000274658203,86.5,86.12999725341797,86.44999694824219,51.8357048034668,10782100
2016-12-09,86.41000366210938,86.62000274658203,86.36000061035156,86.48999786376953,51.85969543457031,6463400
2016-12-12,86.6500015258789,86.68000030517578,86.27999877929688,86.37000274658203,51.78776931762695,8457100
2016-12-13,86.69000244140625,86.83999633789062,86.55999755859375,86.58000183105469,51.91363525390625,10739200
2016-12-14,86.58000183105469,86.83999633789062,85.8499984741211,85.93000030517578,51.52392578125,15672400
2016-12-15,85.79000091552734,86.13999938964844,85.75,85.97000122070312,51.54789352416992,11221700
2016-12-16,86.20999908447266,86.26000213623047,86.02999877929688,86.05000305175781,51.59585952758789,15722200
2016-12-19,86.12000274658203,86.37999725341797,86.0999984741211,86.2699966430664,51.72776794433594,5897900
2016-12-20,86.30000305175781,86.4800033569336,86.19000244140625,86.38999938964844,51.79975128173828,11072400
2016-12-21,86.3499984741211,86.62000274658203,86.33000183105469,86.54000091552734,51.88968276977539,17461400
2016-12-22,86.2699966430664,86.44000244140625,86.16999816894531,86.44000244140625,52.001564025878906,8507600
2016-12-23,86.47000122070312,86.61000061035156,86.41000366210938,86.5999984741211,52.09783172607422,4230500
2016-12-27,86.48999786376953,86.66000366210938,86.44999694824219,86.5199966430664,52.04970169067383,5840600
2016-12-28,86.63999938964844,86.63999938964844,86.36000061035156,86.4000015258789,51.97752380371094,6961200
2016-12-29,86.47000122070312,86.55000305175781,86.37999725341797,86.5199966430664,52.04970169067383,3794300
2016-12-30,86.58000183105469,86.69999694824219,86.37999725341797,86.55000305175781,52.067745208740234,7513400
2017-01-03,86.87999725341797,86.94999694824219,86.69999694824219,86.91000366210938,52.28432846069336,14050100
2017-01-04,87.0,87.38999938964844,87.0,87.37999725341797,52.56705093383789,11912400
2017-01-05,87.26000213623047,87.41999816894531,87.19999694824219,87.25,52.48886489868164,10458600
2017-01-06,87.16000366210938,87.27999877929688,87.04000091552734,87.2300033569336,52.476829528808594,6836400
2017-01-09,87.20999908447266,87.27999877929688,87.05000305175781,87.20999908447266,52.46479415893555,6648800
2017-01-10,87.30999755859375,87.43000030517578,87.18000030517578,87.22000122070312,52.47080612182617,11777000
2017-01-11,87.25,87.31999969482422,87.11000061035156,87.2699966430664,52.500885009765625,11914200
2017-01-12,87.25,87.30000305175781,87.12999725341797,87.29000091552734,52.51292037963867,12512300
2017-01-13,87.26000213623047,87.4000015258789,87.0999984741211,87.31999969482422,52.53094482421875,8861000
2017-01-17,87.26000213623047,87.29000091552734,87.1500015258789,87.2300033569336,52.476829528808594,8633000
2017-01-18,87.19999694824219,87.30999755859375,87.0999984741211,87.30999755859375,52.524940490722656,12715500
2017-01-19,87.25,87.30000305175781,86.94000244140625,87.02999877929688,52.35651397705078,10703200
2017-01-20,87.05999755859375,87.22000122070312,86.97000122070312,87.19999694824219,52.45876693725586,9262000
2017-01-23,87.12999725341797,87.22000122070312,87.04000091552734,87.19999694824219,52.45876693725586,13561300
2017-01-24,87.1500015258789,87.31999969482422,87.11000061035156,87.26000213623047,52.49489212036133,7490500
2017-01-25,87.4000015258789,87.56999969482422,87.33999633789062,87.56999969482422,52.681396484375,8953900
2017-01-26,87.5,87.58999633789062,87.41000366210938,87.52999877929688,52.657310485839844,7443900
2017-01-27,87.45999908447266,87.69000244140625,87.44999694824219,87.61000061035156,52.70543670654297,7888100
2017-01-30,87.4800033569336,87.54000091552734,87.30999755859375,87.43000030517578,52.5971565246582,7637600
2017-01-31,87.38999938964844,87.41999816894531,87.18000030517578,87.33999633789062,52.54301452636719,12249400
2017-02-01,87.19999694824219,87.33000183105469,86.94999694824219,87.27999877929688,52.737586975097656,12489400
2017-02-02,87.2699966430664,87.37000274658203,87.13999938964844,87.33000183105469,52.767791748046875,10886200
2017-02-03,87.5199966430664,87.58000183105469,87.43000030517578,87.4800033569336,52.8584098815918,12674000
2017-02-06,87.5,87.52999877929688,87.3499984741211,87.41999816894531,52.82213592529297,7004900
2017-02-07,87.5199966430664,87.5199966430664,87.27999877929688,87.29000091552734,52.74358367919922,11170100
2017-02-08,87.29000091552734,87.36000061035156,87.12000274658203,87.3499984741211,52.779850006103516,11107300
2017-02-09,87.3499984741211,87.54000091552734,87.3499984741211,87.47000122070312,52.85237503051758,7292600
2017-02-10,87.5199966430664,87.55000305175781,87.4000015258789,87.52999877929688,52.88861083984375,5471800
2017-02-13,87.5999984741211,87.72000122070312,87.58999633789062,87.66000366210938,52.9671630859375,7477200
2017-02-14,87.6500015258789,87.76000213623047,87.47000122070312,87.72000122070312,53.00343704223633,8785000
2017-02-15,87.62999725341797,87.7699966430664,87.56999969482422,87.75,53.021568298339844,10582800
2017-02-16,87.66000366210938,88.08000183105469,87.51000213623047,87.68000030517578,52.979248046875,8917800
2017-02-17,87.58999633789062,87.79000091552734,87.51000213623047,87.7699966430664,53.03361511230469,6247300
2017-02-21,87.7699966430664,88.05999755859375,87.7699966430664,88.05999755859375,53.20885467529297,10437800
2017-02-22,88.01000213623047,88.12000274658203,87.94000244140625,88.0999984741211,53.23303985595703,10963600
2017-02-23,88.29000091552734,88.30000305175781,88.08000183105469,88.18000030517578,53.2813606262207,8150200
2017-02-24,88.11000061035156,88.37000274658203,88.05999755859375,88.25,53.32368087768555,8390200
2017-02-27,88.25,88.36000061035156,88.19000244140625,88.36000061035156,53.39012145996094,5693300
2017-02-28,88.30000305175781,88.37000274658203,88.23999786376953,88.29000091552734,53.347843170166016,5868400
2017-03-01,88.18000030517578,88.30999755859375,88.18000030517578,88.2300033569336,53.54445266723633,10612100
2017-03-02,88.25,88.25,87.94999694824219,87.94999694824219,53.37456512451172,9193000
2017-03-03,88.0199966430664,88.08999633789062,87.81999969482422,87.98999786376953,53.3988151550293,15059300
2017-03-06,87.8499984741211,87.88999938964844,87.69000244140625,87.70999908447266,53.22892761230469,17066300
2017-03-07,87.52999877929688,87.5999984741211,87.12000274658203,87.13999938964844,52.88297653198242,17023100
2017-03-08,86.93000030517578,87.06999969482422,86.55000305175781,86.55999755859375,52.530975341796875,22433500
2017-03-09,86.37999725341797,86.72000122070312,86.19999694824219,86.33000183105469,52.39141845703125,21260700
2017-03-10,86.87999725341797,86.87999725341797,86.08000183105469,86.30000305175781,52.373191833496094,20643900
2017-03-13,86.37999725341797,86.4800033569336,86.12000274658203,86.37000274658203,52.41571044921875,13512300
2017-03-14,86.12000274658203,86.20999908447266,85.98999786376953,86.11000061035156,52.257911682128906,12808500
2017-03-15,86.4000015258789,87.30000305175781,86.31999969482422,87.30000305175781,52.980079650878906,19654600
2017-03-16,87.5,87.52999877929688,87.02999877929688,87.05000305175781,52.828330993652344,15807500
2017-03-17,87.25,87.25,87.04000091552734,87.08000183105469,52.84657669067383,9984500
2017-03-20,87.06999969482422,87.06999969482422,86.91000366210938,86.91000366210938,52.74340057373047,12220600
2017-03-21,87.08000183105469,87.16999816894531,86.27999877929688,86.29000091552734,52.367130279541016,16918200
2017-03-22,86.23999786376953,86.56999969482422,86.0199966430664,86.5,52.49457931518555,14054600
2017-03-23,86.43000030517578,86.75,86.37000274658203,86.52999877929688,52.512760162353516,10618900
2017-03-24,86.5999984741211,86.86000061035156,86.5999984741211,86.83000183105469,52.6948356628418,8920800
2017-03-27,86.5199966430664,86.77999877929688,86.4000015258789,86.73999786376953,52.64020919799805,7788700
2017-03-28,86.69999694824219,87.25,86.69999694824219,87.22000122070312,52.93155288696289,16871700
2017-03-29,87.27999877929688,87.55000305175781,87.22000122070312,87.4000015258789,53.04074478149414,12266300
2017-03-30,87.5999984741211,87.83000183105469,87.47000122070312,87.80999755859375,53.28955078125,16367900
2017-03-31,87.7300033569336,87.9000015258789,87.69000244140625,87.77999877929688,53.271366119384766,11778400
2017-04-03,87.45999908447266,87.47000122070312,87.2300033569336,87.36000061035156,53.242767333984375,20664400
2017-04-04,87.37000274658203,87.48999786376953,87.29000091552734,87.38999938964844,53.261009216308594,8473900
2017-04-05,87.52999877929688,87.70999908447266,87.2699966430664,87.31999969482422,53.21834182739258,11102300
2017-04-06,87.4000015258789,87.5199966430664,87.30000305175781,87.43000030517578,53.285423278808594,7234500
2017-04-07,87.55000305175781,87.62000274658203,87.38999938964844,87.38999938964844,53.261009216308594,5457800
2017-04-10,87.52999877929688,87.62000274658203,87.44999694824219,87.51000213623047,53.33415603637695,7996900
2017-04-11,87.56999969482422,87.56999969482422,87.23999786376953,87.33999633789062,53.23053741455078,8005800
2017-04-12,87.4000015258789,87.5999984741211,87.31999969482422,87.4000015258789,53.267086029052734,8723800
2017-04-13,87.37000274658203,87.48999786376953,87.16000366210938,87.22000122070312,53.15741729736328,10446700
2017-04-17,87.33000183105469,87.5,87.2300033569336,87.4800033569336,53.31586456298828,7158700
2017-04-18,87.47000122070312,87.55999755859375,87.2300033569336,87.45999908447266,53.30367660522461,9062800
2017-04-19,87.51000213623047,87.69999694824219,87.33000183105469,87.37999725341797,53.25492858886719,8643200
2017-04-20,87.4800033569336,87.69000244140625,87.44000244140625,87.66999816894531,53.43163299560547,7766000
2017-04-21,87.63999938964844,87.70999908447266,87.48999786376953,87.5999984741211,53.388999938964844,11328200
2017-04-24,87.95999908447266,88.0199966430664,87.87999725341797,88.01000213623047,53.63888168334961,8904700
2017-04-25,88.06999969482422,88.19999694824219,88.02999877929688,88.16999816894531,53.736392974853516,12493400
2017-04-26,88.08999633789062,88.2300033569336,88.06999969482422,88.08999633789062,53.68764877319336,7269000
2017-04-27,88.08999633789062,88.16000366210938,88.01000213623047,88.1500015258789,53.72421646118164,6897900
2017-04-28,88.16000366210938,88.23999786376953,88.06999969482422,88.12000274658203,53.7059326171875,7542800
2017-05-01,87.75,87.8499984741211,87.69999694824219,87.79000091552734,53.733455657958984,10336000
2017-05-02,87.88999938964844,87.9000015258789,87.76000213623047,87.81999969482422,53.75182342529297,10792800
2017-05-03,87.88999938964844,87.94999694824219,87.80000305175781,87.9000015258789,53.8007926940918,7413400
2017-05-04,87.83999633789062,87.83999633789062,87.3499984741211,87.43000030517578,53.513153076171875,20562500
2017-05-05,87.43000030517578,87.66000366210938,87.37999725341797,87.58000183105469,53.604923248291016,14935200
2017-05-08,87.61000061035156,87.7300033569336,87.54000091552734,87.68000030517578,53.66615295410156,8199200
2017-05-09,87.80000305175781,87.8499984741211,87.61000061035156,87.62000274658203,53.62943649291992,10810000
2017-05-10,87.8499984741211,88.04000091552734,87.7300033569336,88.0,53.86198425292969,10824900
2017-05-11,87.94000244140625,88.04000091552734,87.83000183105469,88.01000213623047,53.86812210083008,8461400
2017-05-12,88.05999755859375,88.06999969482422,87.91000366210938,87.9800033569336,53.849727630615234,8929900
2017-05-15,88.12000274658203,88.25,88.11000061035156,88.18000030517578,53.97216796875,10690200
2017-05-16,88.2699966430664,88.3499984741211,88.18000030517578,88.30999755859375,54.051719665527344,12638900
2017-05-17,88.0199966430664,88.0999984741211,87.87000274658203,87.91999816894531,53.81307601928711,14055700
2017-05-18,87.66000366210938,88.16000366210938,87.62999725341797,88.0199966430664,53.874267578125,10731800
2017-05-19,88.16999816894531,88.30999755859375,88.12999725341797,88.18000030517578,53.97216796875,15998800
2017-05-22,88.36000061035156,88.44999694824219,88.2699966430664,88.44999694824219,54.13740921020508,7181800
2017-05-23,88.48999786376953,88.48999786376953,88.3499984741211,88.44000244140625,54.13130187988281,6998400
2017-05-24,88.5,88.61000061035156,88.4000015258789,88.58999633789062,54.22311782836914,8533600
2017-05-25,88.58999633789062,88.75,88.48999786376953,88.5199966430664,54.18027114868164,7985500
2017-05-26,88.5,88.58999633789062,88.5,88.56999969482422,54.21086120605469,2909500
2017-05-30,88.55999755859375,88.69999694824219,88.5199966430664,88.66000366210938,54.26598358154297,5371100
2017-05-31,88.66999816894531,88.69999694824219,88.52999877929688,88.6500015258789,54.25982666015625,13758400
2017-06-01,88.36000061035156,88.5999984741211,88.29000091552734,88.52999877929688,54.417823791503906,19189300
2017-06-02,88.55000305175781,88.66000366210938,88.5,88.58000183105469,54.44854736328125,9491600
2017-06-05,88.55000305175781,88.63999938964844,88.45999908447266,88.5,54.39939498901367,10384400
2017-06-06,88.4800033569336,88.51000213623047,88.30999755859375,88.36000061035156,54.31330490112305,14386500
2017-06-07,88.44000244140625,88.44000244140625,88.06999969482422,88.18000030517578,54.20267105102539,13329000
2017-06-08,88.19999694824219,88.33999633789062,88.02999877929688,88.25,54.245731353759766,14208300
2017-06-09,88.33999633789062,88.44999694824219,88.19999694824219,88.31999969482422,54.28873062133789,10414900
2017-06-12,88.3499984741211,88.54000091552734,88.29000091552734,88.47000122070312,54.380916595458984,9900000
2017-06-13,88.51000213623047,88.63999938964844,88.5,88.62999725341797,54.47927474975586,8640400
2017-06-14,88.73999786376953,88.75,88.5199966430664,88.63999938964844,54.485450744628906,8850700
2017-06-15,88.41999816894531,88.44999694824219,88.12000274658203,88.30000305175781,54.27640914916992,10860500
2017-06-16,88.37999725341797,88.37999725341797,88.12999725341797,88.1500015258789,54.18423843383789,11996100
2017-06-19,88.31999969482422,88.44999694824219,88.29000091552734,88.41999816894531,54.350196838378906,6398400
2017-06-20,88.1500015258789,88.22000122070312,88.0999984741211,88.11000061035156,54.15964126586914,18318500
2017-06-21,88.12000274658203,88.16000366210938,87.5199966430664,87.5999984741211,53.84618377685547,26728100
2017-06-22,87.69000244140625,87.87999725341797,87.62999725341797,87.83999633789062,53.993690490722656,18699400
2017-06-23,87.87999725341797,88.22000122070312,87.87000274658203,88.19999694824219,54.215003967285156,11337700
2017-06-26,88.18000030517578,88.36000061035156,88.1500015258789,88.31999969482422,54.28873062133789,9504500
2017-06-27,88.31999969482422,88.33999633789062,87.9800033569336,88.04000091552734,54.116615295410156,15293300
2017-06-28,88.20999908447266,88.44000244140625,88.11000061035156,88.4000015258789,54.3379020690918,9755500
2017-06-29,88.26000213623047,88.38999938964844,88.05999755859375,88.18000030517578,54.20267105102539,14548400
2017-06-30,88.30000305175781,88.4800033569336,88.20999908447266,88.38999938964844,54.33177947998047,8202000
2017-07-03,88.01000213623047,88.25,87.87999725341797,87.97000122070312,54.305233001708984,13882000
2017-07-05,88.02999877929688,88.11000061035156,87.83999633789062,87.9000015258789,54.26201248168945,16269100
2017-07-06,87.87000274658203,87.88999938964844,87.54000091552734,87.68000030517578,54.12617111206055,15424700
2017-07-07,87.61000061035156,87.70999908447266,87.44999694824219,87.5999984741211,54.07679748535156,15731200
2017-07-10,87.5999984741211,87.73999786376953,87.56999969482422,87.69999694824219,54.13853454589844,12286600
2017-07-11,87.69999694824219,87.72000122070312,87.5199966430664,87.63999938964844,54.10150146484375,9261400
2017-07-12,87.98999786376953,88.20999908447266,87.87000274658203,88.20999908447266,54.45338439941406,17979900
2017-07-13,88.22000122070312,88.31999969482422,88.12999725341797,88.27999877929688,54.496578216552734,11744600
2017-07-14,88.33999633789062,88.56999969482422,88.25,88.52999877929688,54.65093994140625,12626700
2017-07-17,88.55000305175781,88.58999633789062,88.4800033569336,88.55999755859375,54.66943359375,10158100
2017-07-18,88.54000091552734,88.63999938964844,88.47000122070312,88.5999984741211,54.694087982177734,9221100
2017-07-19,88.69000244140625,88.83000183105469,88.62999725341797,88.75,54.78673553466797,8250900
2017-07-20,88.83999633789062,88.8499984741211,88.66999816894531,88.80000305175781,54.817569732666016,11827800
2017-07-21,88.77999877929688,88.79000091552734,88.6500015258789,88.7300033569336,54.774391174316406,8771700
2017-07-24,88.70999908447266,88.80000305175781,88.6500015258789,88.80000305175781,54.817569732666016,4707500
2017-07-25,88.87000274658203,88.91000366210938,88.79000091552734,88.83999633789062,54.842281341552734,7292900
2017-07-26,88.97000122070312,89.04000091552734,88.86000061035156,88.97000122070312,54.92252731323242,7279800
2017-07-27,88.95999908447266,89.0,88.80999755859375,88.9000015258789,54.87932205200195,11624500
2017-07-28,88.8499984741211,88.91000366210938,88.7699966430664,88.91000366210938,54.88550567626953,4945300
2017-07-31,88.80000305175781,88.98999786376953,88.79000091552734,88.91000366210938,54.88550567626953,9779900
2017-08-01,88.61000061035156,88.68000030517578,88.56999969482422,88.62999725341797,54.940032958984375,14946800
2017-08-02,88.62999725341797,88.72000122070312,88.58999633789062,88.6500015258789,54.95242691040039,7422700
2017-08-03,88.56999969482422,88.66000366210938,88.41999816894531,88.4800033569336,54.84703826904297,9548300
2017-08-04,88.4800033569336,88.5199966430664,88.41000366210938,88.5,54.85946273803711,6451600
2017-08-07,88.5,88.5,88.4000015258789,88.45999908447266,54.834693908691406,5204700
2017-08-08,88.41999816894531,88.5,87.98999786376953,88.08000183105469,54.59912109375,18534700
2017-08-09,87.9000015258789,87.9800033569336,87.68000030517578,87.73999786376953,54.38836669921875,15001700
2017-08-10,87.55999755859375,87.63999938964844,87.11000061035156,87.18000030517578,54.041229248046875,24749700
2017-08-11,87.37000274658203,87.45999908447266,87.26000213623047,87.33000183105469,54.134178161621094,17434300
2017-08-14,87.58999633789062,87.94000244140625,87.58999633789062,87.79000091552734,54.41937255859375,12566000
2017-08-15,87.80000305175781,87.88999938964844,87.7300033569336,87.81999969482422,54.43792724609375,6830500
2017-08-16,87.88999938964844,87.97000122070312,87.80000305175781,87.83000183105469,54.444114685058594,11716100
2017-08-17,87.72000122070312,87.80000305175781,87.29000091552734,87.33999633789062,54.14039993286133,14112300
2017-08-18,87.48999786376953,87.69000244140625,87.29000091552734,87.47000122070312,54.22098922729492,14324400
2017-08-21,87.58000183105469,87.61000061035156,87.44999694824219,87.55999755859375,54.276737213134766,7763400
2017-08-22,87.63999938964844,88.0,87.58999633789062,87.91999816894531,54.49993133544922,12982200
2017-08-23,87.7699966430664,87.97000122070312,87.70999908447266,87.93000030517578,54.506134033203125,6449500
2017-08-24,87.97000122070312,88.06999969482422,87.87999725341797,88.05999755859375,54.586708068847656,8480100
2017-08-25,88.04000091552734,88.25,88.01000213623047,88.22000122070312,54.68589401245117,6622800
2017-08-28,88.2699966430664,88.2699966430664,88.13999938964844,88.2300033569336,54.692100524902344,5161700
2017-08-29,88.01000213623047,88.1500015258789,87.98999786376953,88.12000274658203,54.6238899230957,8991600
2017-08-30,88.1500015258789,88.4000015258789,88.13999938964844,88.36000061035156,54.772674560546875,13431100
2017-08-31,88.41999816894531,88.61000061035156,88.41999816894531,88.5999984741211,54.92146301269531,12705200
2017-09-01,88.1500015258789,88.3499984741211,88.1500015258789,88.31999969482422,54.977455139160156,10535700
2017-09-05,88.26000213623047,88.26000213623047,87.95999908447266,88.12000274658203,54.85295867919922,9560500
2017-09-06,88.2300033569336,88.27999877929688,88.04000091552734,88.05999755859375,54.81562042236328,9023300
2017-09-07,88.19999694824219,88.19999694824219,88.05999755859375,88.06999969482422,54.821834564208984,8784000
2017-09-08,88.05999755859375,88.05999755859375,87.79000091552734,87.79000091552734,54.6475830078125,7688700
2017-09-11,87.94000244140625,88.19000244140625,87.8499984741211,88.06999969482422,54.821834564208984,8047600
2017-09-12,88.11000061035156,88.19000244140625,88.05000305175781,88.18000030517578,54.890342712402344,4752800
2017-09-13,88.0999984741211,88.2300033569336,88.05000305175781,88.20999908447266,54.90900802612305,11725900
2017-09-14,88.16999816894531,88.37000274658203,88.16000366210938,88.33000183105469,54.98371505737305,9554600
2017-09-15,88.27999877929688,88.43000030517578,88.23999786376953,88.41000366210938,55.033485412597656,8248000
2017-09-18,88.37999725341797,88.41999816894531,88.31999969482422,88.37000274658203,55.00859451293945,7442200
2017-09-19,88.4000015258789,88.47000122070312,88.31999969482422,88.45999908447266,55.06464385986328,7208300
2017-09-20,88.4800033569336,88.52999877929688,88.31999969482422,88.44999694824219,55.05839157104492,10087200
2017-09-21,88.4800033569336,88.48999786376953,88.31999969482422,88.33999633789062,54.98991394042969,6932300
2017-09-22,88.33000183105469,88.43000030517578,88.30000305175781,88.43000030517578,55.04594802856445,7570500
2017-09-25,88.4000015258789,88.5,88.36000061035156,88.4800033569336,55.07704162597656,4326200
2017-09-26,88.55999755859375,88.68000030517578,88.54000091552734,88.58999633789062,55.145511627197266,8816500
2017-09-27,88.58999633789062,88.66000366210938,88.48999786376953,88.62999725341797,55.170433044433594,7490100
2017-09-28,88.62999725341797,88.66999816894531,88.58000183105469,88.62999725341797,55.170433044433594,5934000
2017-09-29,88.69999694824219,88.76000213623047,88.5999984741211,88.76000213623047,55.251346588134766,8906900
2017-10-02,88.26000213623047,88.4000015258789,88.23999786376953,88.3499984741211,55.223243713378906,13097600
2017-10-03,88.3499984741211,88.5199966430664,88.3499984741211,88.51000213623047,55.323246002197266,5928800
2017-10-04,88.4800033569336,88.51000213623047,88.37000274658203,88.41999816894531,55.26698303222656,5832400
2017-10-05,88.41000366210938,88.52999877929688,88.41000366210938,88.52999877929688,55.33573913574219,5967900
2017-10-06,88.44999694824219,88.48999786376953,88.3499984741211,88.4000015258789,55.254493713378906,5847400
2017-10-09,88.44000244140625,88.47000122070312,88.37999725341797,88.41000366210938,55.2607421875,3278400
2017-10-10,88.52999877929688,88.52999877929688,88.4000015258789,88.4800033569336,55.30449676513672,8786500
2017-10-11,88.4800033569336,88.4800033569336,88.37000274658203,88.38999938964844,55.248252868652344,7948700
2017-10-12,88.4000015258789,88.4000015258789,88.29000091552734,88.29000091552734,55.18574905395508,6181100
2017-10-13,88.41000366210938,88.43000030517578,88.27999877929688,88.33000183105469,55.21073913574219,3941200
2017-10-16,88.38999938964844,88.4000015258789,88.27999877929688,88.37999725341797,55.24199676513672,6060300
2017-10-17,88.37999725341797,88.55999755859375,88.37999725341797,88.51000213623047,55.323246002197266,7468100
2017-10-18,88.54000091552734,88.6500015258789,88.5199966430664,88.5999984741211,55.379493713378906,7974400
2017-10-19,88.4800033569336,88.6500015258789,88.44000244140625,88.61000061035156,55.38572311401367,7270600
2017-10-20,88.66000366210938,88.7300033569336,88.61000061035156,88.69000244140625,55.43574142456055,7107000
2017-10-23,88.69999694824219,88.73999786376953,88.58999633789062,88.58999633789062,55.37322998046875,7227200
2017-10-24,88.62000274658203,88.69000244140625,88.58000183105469,88.58999633789062,55.37322998046875,7103700
2017-10-25,88.52999877929688,88.52999877929688,88.22000122070312,88.33999633789062,55.21699523925781,16817000
2017-10-26,88.43000030517578,88.45999908447266,88.19000244140625,88.2300033569336,55.148231506347656,10649800
2017-10-27,88.30000305175781,88.48999786376953,88.2300033569336,88.47000122070312,55.2982292175293,13720000
2017-10-30,88.30000305175781,88.51000213623047,88.30000305175781,88.44999694824219,55.28573226928711,5954500
2017-10-31,88.48999786376953,88.51000213623047,88.44000244140625,88.47000122070312,55.2982292175293,7198400
2017-11-01,88.18000030517578,88.19999694824219,88.01000213623047,88.0199966430664,55.24550247192383,9505500
2017-11-02,88.01000213623047,88.08000183105469,87.9000015258789,87.97000122070312,55.214111328125,6096800
2017-11-03,88.0199966430664,88.08000183105469,87.87000274658203,87.9800033569336,55.22042465209961,7003200
2017-11-06,87.93000030517578,88.04000091552734,87.88999938964844,87.98999786376953,55.226688385009766,12262400
2017-11-07,87.97000122070312,87.9800033569336,87.70999908447266,87.73999786376953,55.06974792480469,11805400
2017-11-08,87.73999786376953,87.73999786376953,87.30999755859375,87.3499984741211,54.825008392333984,18120000
2017-11-09,87.13999938964844,87.13999938964844,86.72000122070312,86.91999816894531,54.55510711669922,38343500
2017-11-10,86.94000244140625,87.18000030517578,86.87999725341797,87.11000061035156,54.67435073852539,24521600
2017-11-13,87.04000091552734,87.16000366210938,87.02999877929688,87.05000305175781,54.636695861816406,16280500
2017-11-14,86.91999816894531,86.95999908447266,86.62000274658203,86.68000030517578,54.40448760986328,13870600
2017-11-15,86.45999908447266,86.76000213623047,86.22000122070312,86.68000030517578,54.40448760986328,25382000
2017-11-16,87.12000274658203,87.5999984741211,87.04000091552734,87.52999877929688,54.937950134277344,30075200
2017-11-17,87.36000061035156,87.51000213623047,87.33999633789062,87.47000122070312,54.900306701660156,15942100
2017-11-20,87.5199966430664,87.62999725341797,87.43000030517578,87.48999786376953,54.9128303527832,8930300
2017-11-21,87.56999969482422,87.70999908447266,87.56999969482422,87.66999816894531,55.02583694458008,10102400
2017-11-22,87.72000122070312,87.87000274658203,87.69999694824219,87.80999755859375,55.11370086669922,9473800
2017-11-24,87.87000274658203,87.91999816894531,87.83000183105469,87.87000274658203,55.151363372802734,3126500
2017-11-27,87.87000274658203,87.87000274658203,87.54000091552734,87.5999984741211,54.9819221496582,10645400
2017-11-28,87.63999938964844,87.88999938964844,87.62999725341797,87.87000274658203,55.151363372802734,10403700
2017-11-29,87.81999969482422,87.87999725341797,87.68000030517578,87.76000213623047,55.08231735229492,11806200
2017-11-30,87.79000091552734,87.94999694824219,87.77999877929688,87.77999877929688,55.0948600769043,17981500
2017-12-01,87.41999816894531,87.5,86.9800033569336,87.37999725341797,55.077232360839844,15485800
2017-12-04,87.5,87.61000061035156,87.31999969482422,87.3499984741211,55.05833053588867,14801700
2017-12-05,87.4000015258789,87.44999694824219,87.27999877929688,87.30000305175781,55.02680969238281,9347600
2017-12-06,87.29000091552734,87.41000366210938,87.19999694824219,87.22000122070312,54.976402282714844,10081700
2017-12-07,87.26000213623047,87.30999755859375,87.16999816894531,87.26000213623047,55.0015983581543,8955900
2017-12-08,87.33000183105469,87.37000274658203,87.2699966430664,87.3499984741211,55.05833053588867,9100400
2017-12-11,87.3499984741211,87.38999938964844,87.29000091552734,87.37000274658203,55.0709342956543,11847900
2017-12-12,87.44999694824219,87.44999694824219,87.31999969482422,87.33000183105469,55.045692443847656,8846700
2017-12-13,87.37000274658203,87.44999694824219,87.33000183105469,87.37999725341797,55.077232360839844,7495000
2017-12-14,87.33999633789062,87.4000015258789,87.06999969482422,87.19999694824219,54.96379089355469,19337000
2017-12-15,87.30000305175781,87.33999633789062,87.19999694824219,87.20999908447266,54.9700927734375,14223900
2017-12-18,87.23999786376953,87.38999938964844,87.2300033569336,87.30000305175781,55.02680969238281,11735200
2017-12-19,87.30000305175781,87.3499984741211,87.08999633789062,87.12000274658203,54.91333770751953,10985000
2017-12-20,87.19999694824219,87.26000213623047,87.08999633789062,87.19000244140625,54.957454681396484,11857400
2017-12-21,86.93000030517578,86.98999786376953,86.87000274658203,86.91999816894531,55.015045166015625,11195700
2017-12-22,86.97000122070312,87.06999969482422,86.91000366210938,87.0,55.06571960449219,11136900
2017-12-26,86.94000244140625,87.12999725341797,86.93000030517578,87.12999725341797,55.14799118041992,5798900
2017-12-27,87.08000183105469,87.20999908447266,87.08000183105469,87.16999816894531,55.173309326171875,5625500
2017-12-28,87.19000244140625,87.20999908447266,87.0999984741211,87.12999725341797,55.14799118041992,6116500
2017-12-29,87.13999938964844,87.30999755859375,87.08000183105469,87.26000213623047,55.23025894165039,5116800
2018-01-02,87.30000305175781,87.36000061035156,87.25,87.33999633789062,55.280914306640625,7223500
2018-01-03,87.33999633789062,87.77999877929688,87.33999633789062,87.76000213623047,55.54673385620117,20557100
2018-01-04,87.81999969482422,87.98999786376953,87.7699966430664,87.91000366210938,55.641700744628906,13610900
2018-01-05,87.97000122070312,88.01000213623047,87.87999725341797,87.97000122070312,55.67966079711914,9851600
2018-01-08,87.95999908447266,88.02999877929688,87.86000061035156,87.9000015258789,55.63533401489258,9804000
2018-01-09,87.98999786376953,87.98999786376953,87.61000061035156,87.62999725341797,55.464454650878906,13550400
2018-01-10,87.5,87.55999755859375,87.2699966430664,87.44000244140625,55.344200134277344,33182000
2018-01-11,87.5199966430664,87.73999786376953,87.45999908447266,87.7300033569336,55.527732849121094,12911500
2018-01-12,87.58999633789062,87.70999908447266,87.55000305175781,87.58000183105469,55.432830810546875,12088500
2018-01-16,87.63999938964844,87.7300033569336,87.44999694824219,87.52999877929688,55.40115737915039,18474100
2018-01-17,87.55999755859375,87.69000244140625,87.5199966430664,87.54000091552734,55.407493591308594,16340400
2018-01-18,87.5,87.55999755859375,87.4000015258789,87.44999694824219,55.35053253173828,16134900
2018-01-19,87.44000244140625,87.55000305175781,87.38999938964844,87.54000091552734,55.407493591308594,14401800
2018-01-22,87.48999786376953,87.6500015258789,87.48999786376953,87.62000274658203,55.458133697509766,16674700
2018-01-23,87.68000030517578,87.9000015258789,87.62999725341797,87.87999725341797,55.622676849365234,11600300
2018-01-24,87.80000305175781,87.87999725341797,87.6500015258789,87.75,55.5404052734375,10746300
2018-01-25,87.9000015258789,87.9000015258789,87.61000061035156,87.69000244140625,55.502418518066406,11039300
2018-01-26,87.72000122070312,87.83999633789062,87.62999725341797,87.76000213623047,55.54673385620117,7164100
2018-01-29,87.62999725341797,87.68000030517578,87.43000030517578,87.44999694824219,55.35053253173828,19590800
2018-01-30,87.44999694824219,87.45999908447266,87.13999938964844,87.1500015258789,55.1606559753418,18469300
2018-01-31,87.30000305175781,87.41999816894531,87.20999908447266,87.30000305175781,55.25557327270508,12692800
2018-02-01,86.86000061035156,86.98999786376953,86.72000122070312,86.7699966430664,55.15135955810547,17920000
2018-02-02,86.55000305175781,86.62000274658203,86.1500015258789,86.22000122070312,54.80176544189453,24787000
2018-02-05,86.12999725341797,86.51000213623047,85.58000183105469,85.73999786376953,54.49665832519531,28071300
2018-02-06,85.51000213623047,86.36000061035156,85.51000213623047,86.26000213623047,54.82719802856445,33924300
2018-02-07,86.37999725341797,86.62000274658203,85.86000061035156,85.94000244140625,54.623783111572266,24298100
2018-02-08,85.91000366210938,86.0,85.18000030517578,85.19000244140625,54.14707565307617,25419300
2018-02-09,85.27999877929688,85.41999816894531,84.06999969482422,84.94999694824219,53.994529724121094,47230300
2018-02-12,85.19999694824219,85.66000366210938,85.16000366210938,85.52999877929688,54.36320114135742,23448100
2018-02-13,85.31999969482422,85.41999816894531,85.11000061035156,85.26000213623047,54.19158935546875,14679900
2018-02-14,84.98999786376953,85.44000244140625,84.9000015258789,85.41000366210938,54.286949157714844,19332400
2018-02-15,85.61000061035156,86.0999984741211,85.61000061035156,86.0999984741211,54.725502014160156,21931600
2018-02-16,86.08999633789062,86.51000213623047,86.06999969482422,86.44999694824219,54.94794845581055,29195600
2018-02-20,86.19999694824219,86.37999725341797,86.11000061035156,86.1500015258789,54.757293701171875,22740600
2018-02-21,86.23999786376953,86.37999725341797,85.73999786376953,85.76000213623047,54.509395599365234,15656700
2018-02-22,85.80000305175781,86.13999938964844,85.73999786376953,85.81999969482422,54.54753875732422,14626900
2018-02-23,85.88999938964844,86.41999816894531,85.83000183105469,86.38999938964844,54.9098014831543,15919500
2018-02-26,86.44999694824219,86.68000030517578,86.38999938964844,86.54000091552734,55.00520324707031,10996300
2018-02-27,86.4800033569336,86.5,86.19999694824219,86.30999755859375,54.858985900878906,13840900
2018-02-28,86.41000366210938,86.4800033569336,86.12000274658203,86.18000030517578,54.776329040527344,8751000
2018-03-01,85.91000366210938,85.93000030517578,85.2699966430664,85.2699966430664,54.41326141357422,24974200
2018-03-02,85.31999969482422,85.79000091552734,85.29000091552734,85.75,54.71954345703125,18767600
2018-03-05,85.56999969482422,85.80999755859375,85.56999969482422,85.75,54.71954345703125,9000200
2018-03-06,85.83000183105469,85.94999694824219,85.69000244140625,85.87000274658203,54.796104431152344,14462900
2018-03-07,85.7699966430664,85.80999755859375,85.5999984741211,85.66000366210938,54.662113189697266,8195200
2018-03-08,85.76000213623047,85.80000305175781,85.61000061035156,85.76000213623047,54.725948333740234,10201800
2018-03-09,85.86000061035156,86.12999725341797,85.77999877929688,86.06999969482422,54.92375564575195,8942600
2018-03-12,86.0,86.06999969482422,85.79000091552734,85.93000030517578,54.83442306518555,10126500
2018-03-13,85.93000030517578,86.04000091552734,85.61000061035156,85.66000366210938,54.662113189697266,19020400
2018-03-14,85.7300033569336,85.77999877929688,85.5199966430664,85.55999755859375,54.598297119140625,10802500
2018-03-15,85.55000305175781,85.75,85.5,85.62000274658203,54.63658142089844,8647900
2018-03-16,85.63999938964844,85.80999755859375,85.58999633789062,85.80000305175781,54.75145721435547,11006000
2018-03-19,85.66000366210938,85.69000244140625,85.3499984741211,85.44999694824219,54.528106689453125,14298800
2018-03-20,85.43000030517578,85.6500015258789,85.43000030517578,85.62000274658203,54.63658142089844,14317800
2018-03-21,85.58000183105469,85.80999755859375,85.5199966430664,85.6500015258789,54.65572738647461,8643700
2018-03-22,85.44999694824219,85.56999969482422,85.12000274658203,85.13999938964844,54.330284118652344,15972300
2018-03-23,85.29000091552734,85.38999938964844,84.81999969482422,84.91999816894531,54.189876556396484,21847400
2018-03-26,85.3499984741211,85.48999786376953,85.12999725341797,85.47000122070312,54.54084396362305,12454200
2018-03-27,85.4800033569336,85.62999725341797,85.20999908447266,85.38999938964844,54.489803314208984,12661500
2018-03-28,85.36000061035156,85.44000244140625,85.19999694824219,85.3499984741211,54.464290618896484,14642900
2018-03-29,85.48999786376953,85.69999694824219,85.38999938964844,85.63999938964844,54.64934539794922,10299600
2018-04-02,85.12000274658203,85.2699966430664,84.88999938964844,84.95999908447266,54.43726348876953,18902700
2018-04-03,85.11000061035156,85.20999908447266,84.88999938964844,85.19999694824219,54.59104919433594,12994100
2018-04-04,84.9000015258789,85.44000244140625,84.9000015258789,85.38999938964844,54.7127799987793,9677200
2018-04-05,85.43000030517578,85.58000183105469,85.41000366210938,85.45999908447266,54.75764465332031,10152000
2018-04-06,85.41000366210938,85.5,85.16999816894531,85.2699966430664,54.635902404785156,12680800
2018-04-09,85.44999694824219,85.61000061035156,85.41000366210938,85.58999633789062,54.84093475341797,9043200
2018-04-10,85.69999694824219,85.94000244140625,85.68000030517578,85.9000015258789,55.039573669433594,11434100
2018-04-11,85.87000274658203,86.0,85.80999755859375,85.93000030517578,55.058799743652344,7675500
2018-04-12,86.02999877929688,86.26000213623047,85.97000122070312,86.23999786376953,55.257423400878906,23692600
2018-04-13,86.30000305175781,86.41000366210938,86.23999786376953,86.29000091552734,55.2894401550293,16213400
2018-04-16,86.38999938964844,86.51000213623047,86.27999877929688,86.41999816894531,55.372737884521484,10781600
2018-04-17,86.55000305175781,86.66000366210938,86.43000030517578,86.45999908447266,55.39836883544922,15577600
2018-04-18,86.5199966430664,86.55000305175781,86.33999633789062,86.37000274658203,55.34071350097656,13745600
2018-04-19,86.20999908447266,86.23999786376953,85.98999786376953,86.0999984741211,55.1677131652832,19345500
2018-04-20,86.05000305175781,86.08999633789062,85.87000274658203,85.88999938964844,55.03315353393555,17693500
2018-04-23,85.83000183105469,85.83999633789062,85.58000183105469,85.66000366210938,54.88579559326172,15971100
2018-04-24,85.69000244140625,85.7699966430664,85.37999725341797,85.48999786376953,54.776859283447266,17872600
2018-04-25,85.41000366210938,85.54000091552734,85.23999786376953,85.5,54.78325653076172,15078400
2018-04-26,85.56999969482422,85.86000061035156,85.5199966430664,85.80000305175781,54.975467681884766,17479700
2018-04-27,85.87000274658203,85.91999816894531,85.61000061035156,85.76000213623047,54.949893951416016,7014700
2018-04-30,85.69999694824219,85.8499984741211,85.69000244140625,85.69999694824219,54.9113883972168,12473000
2018-05-01,85.27999877929688,85.4000015258789,85.18000030517578,85.4000015258789,54.951961517333984,18707700
2018-05-02,85.4000015258789,85.55000305175781,85.31999969482422,85.37000274658203,54.93264389038086,12057000
2018-05-03,85.4000015258789,85.4000015258789,85.22000122070312,85.36000061035156,54.92621612548828,21626200
2018-05-04,85.20999908447266,85.44999694824219,85.16000366210938,85.41999816894531,54.964820861816406,14862100
2018-05-07,85.43000030517578,85.52999877929688,85.4000015258789,85.5,55.016300201416016,23063900
2018-05-08,85.44999694824219,85.47000122070312,85.30999755859375,85.37000274658203,54.93264389038086,13693500
2018-05-09,85.3499984741211,85.54000091552734,85.33999633789062,85.51000213623047,55.02272415161133,10476200
2018-05-10,85.56999969482422,85.79000091552734,85.55000305175781,85.76000213623047,55.18362808227539,13375800
2018-05-11,85.76000213623047,85.83999633789062,85.62999725341797,85.7300033569336,55.164310455322266,8505100
2018-05-14,85.72000122070312,85.81999969482422,85.56999969482422,85.75,55.17713165283203,14695800
2018-05-15,85.55999755859375,85.5999984741211,85.2699966430664,85.33000183105469,54.90689468383789,20008800
2018-05-16,85.37000274658203,85.47000122070312,85.29000091552734,85.44000244140625,54.977684020996094,13028100
2018-05-17,85.33999633789062,85.55999755859375,85.33999633789062,85.48999786376953,55.009864807128906,13198300
2018-05-18,85.3499984741211,85.45999908447266,85.33000183105469,85.4000015258789,54.951961517333984,14241600
2018-05-21,85.38999938964844,85.56999969482422,85.38999938964844,85.5199966430664,55.029136657714844,7000400
2018-05-22,85.55999755859375,85.62999725341797,85.51000213623047,85.58000183105469,55.06778335571289,6220700
2018-05-23,85.4800033569336,85.6500015258789,85.38999938964844,85.6500015258789,55.112831115722656,13053100
2018-05-24,85.5199966430664,85.72000122070312,85.5199966430664,85.69999694824219,55.14496612548828,12468600
2018-05-25,85.58000183105469,85.63999938964844,85.45999908447266,85.55999755859375,55.0549201965332,12895700
2018-05-29,85.37000274658203,85.4000015258789,85.16000366210938,85.19999694824219,54.82325744628906,13519800
2018-05-30,85.29000091552734,85.48999786376953,85.29000091552734,85.45999908447266,54.990570068359375,15145000
2018-05-31,85.48999786376953,85.5,85.36000061035156,85.37999725341797,54.9390869140625,17391000
2018-06-01,85.1500015258789,85.2300033569336,85.0999984741211,85.19000244140625,55.06446075439453,12891000
2018-06-04,85.2699966430664,85.41999816894531,85.2300033569336,85.37000274658203,55.18082046508789,13830900
2018-06-05,85.37000274658203,85.5199966430664,85.30000305175781,85.47000122070312,55.245445251464844,10614100
2018-06-06,85.41000366210938,85.70999908447266,85.37999725341797,85.68000030517578,55.381195068359375,6920900
2018-06-07,85.62999725341797,85.7699966430664,85.55000305175781,85.70999908447266,55.40058135986328,13764400
2018-06-08,85.5999984741211,85.7300033569336,85.56999969482422,85.66000366210938,55.3682861328125,9784000
2018-06-11,85.69999694824219,85.8499984741211,85.69000244140625,85.81999969482422,55.47170639038086,10429300
2018-06-12,85.83000183105469,85.97000122070312,85.7699966430664,85.88999938964844,55.51695251464844,12432400
2018-06-13,85.91000366210938,86.05000305175781,85.83000183105469,85.91999816894531,55.53630065917969,9958900
2018-06-14,86.08000183105469,86.19000244140625,86.02999877929688,86.16999816894531,55.697933197021484,13954300
2018-06-15,86.11000061035156,86.16000366210938,85.98999786376953,86.12000274658203,55.665592193603516,16303700
2018-06-18,86.05000305175781,86.12999725341797,85.9800033569336,86.11000061035156,55.659156799316406,11512000
2018-06-19,85.94000244140625,86.02999877929688,85.87000274658203,85.98999786376953,55.58156204223633,12543200
2018-06-20,86.08000183105469,86.12999725341797,86.02999877929688,86.08000183105469,55.63974380493164,10422800
2018-06-21,86.06999969482422,86.06999969482422,85.87000274658203,85.9000015258789,55.523406982421875,8132500
2018-06-22,86.04000091552734,86.08999633789062,85.87999725341797,85.91000366210938,55.52986526489258,7385200
2018-06-25,85.7699966430664,85.80999755859375,85.62999725341797,85.70999908447266,55.40058135986328,13975400
2018-06-26,85.70999908447266,85.7300033569336,85.5999984741211,85.69999694824219,55.39413070678711,7503900
2018-06-27,85.6500015258789,85.70999908447266,85.47000122070312,85.5199966430664,55.27779006958008,13119200
2018-06-28,85.3499984741211,85.41000366210938,85.16000366210938,85.27999877929688,55.12263107299805,13829300
2018-06-29,85.38999938964844,85.5199966430664,85.05999755859375,85.08000183105469,54.99336242675781,17450500
2018-07-02,84.63999938964844,84.80000305175781,84.5999984741211,84.77999877929688,55.045982360839844,22438600
2018-07-03,84.83999633789062,84.95999908447266,84.73999786376953,84.79000091552734,55.052452087402344,10098600
2018-07-05,84.9000015258789,85.12999725341797,84.88999938964844,85.11000061035156,55.26023864746094,12729400
2018-07-06,85.12999725341797,85.33000183105469,85.12000274658203,85.33000183105469,55.403076171875,9640300
2018-07-09,85.37000274658203,85.54000091552734,85.36000061035156,85.45999908447266,55.487457275390625,11517200
2018-07-10,85.5,85.58000183105469,85.45999908447266,85.47000122070312,55.49397659301758,7531700
2018-07-11,85.38999938964844,85.44999694824219,85.30000305175781,85.33999633789062,55.4095458984375,14111200
2018-07-12,85.4800033569336,85.6500015258789,85.44000244140625,85.61000061035156,55.58488464355469,10327300
2018-07-13,85.68000030517578,85.72000122070312,85.61000061035156,85.61000061035156,55.58488464355469,9860300
2018-07-16,85.62000274658203,85.62999725341797,85.51000213623047,85.55000305175781,55.5459098815918,7963100
2018-07-17,85.48999786376953,85.6500015258789,85.44999694824219,85.58000183105469,55.56542205810547,10721000
2018-07-18,85.61000061035156,85.68000030517578,85.52999877929688,85.62000274658203,55.59135055541992,12838600
2018-07-19,85.56999969482422,85.63999938964844,85.48999786376953,85.58000183105469,55.56542205810547,6907300
2018-07-20,85.62000274658203,85.69000244140625,85.58000183105469,85.62000274658203,55.59135055541992,9329000
2018-07-23,85.66999816894531,85.69000244140625,85.58999633789062,85.58999633789062,55.57188034057617,7459200
2018-07-24,85.5999984741211,85.83000183105469,85.5999984741211,85.7699966430664,55.688716888427734,11803700
2018-07-25,85.79000091552734,85.94999694824219,85.72000122070312,85.93000030517578,55.792640686035156,11342300
2018-07-26,85.94000244140625,86.01000213623047,85.9000015258789,85.94000244140625,55.79914855957031,9233600
2018-07-27,85.94999694824219,85.9800033569336,85.80999755859375,85.91000366210938,55.77962875366211,10811200
2018-07-30,85.94000244140625,86.01000213623047,85.8499984741211,85.94000244140625,55.79914855957031,8400500
2018-07-31,86.0999984741211,86.1500015258789,86.05000305175781,86.12000274658203,55.915992736816406,10709500
2018-08-01,85.76000213623047,85.87999725341797,85.66999816894531,85.83000183105469,55.96623229980469,23297900
2018-08-02,85.76000213623047,85.88999938964844,85.72000122070312,85.87999725341797,55.998809814453125,10989200
2018-08-03,85.86000061035156,85.98999786376953,85.8499984741211,85.94999694824219,56.04445266723633,6940500
2018-08-06,85.87000274658203,86.11000061035156,85.87000274658203,86.11000061035156,56.14879608154297,7521900
2018-08-07,85.87000274658203,86.2300033569336,85.87000274658203,86.1500015258789,56.17484664916992,8408200
2018-08-08,86.12999725341797,86.16999816894531,86.08000183105469,86.0999984741211,56.142242431640625,10103600
2018-08-09,86.11000061035156,86.13999938964844,86.0,86.04000091552734,56.1031494140625,6354700
2018-08-10,85.9000015258789,86.01000213623047,85.81999969482422,85.88999938964844,56.00532913208008,9473300
2018-08-13,85.95999908447266,85.95999908447266,85.7699966430664,85.83000183105469,55.96623229980469,10479000
2018-08-14,85.87999725341797,86.01000213623047,85.86000061035156,85.9800033569336,56.064022064208984,9767700
2018-08-15,85.87000274658203,85.9000015258789,85.7300033569336,85.83000183105469,55.96623229980469,14684800
2018-08-16,85.91000366210938,85.98999786376953,85.86000061035156,85.94000244140625,56.0379524230957,14931800
2018-08-17,85.9000015258789,86.06999969482422,85.9000015258789,86.04000091552734,56.1031494140625,15280900
2018-08-20,86.08999633789062,86.1500015258789,86.02999877929688,86.08000183105469,56.129234313964844,8174900
2018-08-21,86.11000061035156,86.29000091552734,86.08999633789062,86.20999908447266,56.213985443115234,9281400
2018-08-22,86.19999694824219,86.27999877929688,86.19999694824219,86.23999786376953,56.23355484008789,8297400
2018-08-23,86.23999786376953,86.31999969482422,86.19000244140625,86.2300033569336,56.227027893066406,7751800
2018-08-24,86.27999877929688,86.41000366210938,86.25,86.37999725341797,56.324825286865234,7458500
2018-08-27,86.4000015258789,86.45999908447266,86.37000274658203,86.41000366210938,56.34440994262695,5581700
2018-08-28,86.37000274658203,86.41000366210938,86.31999969482422,86.37000274658203,56.318328857421875,8175300
2018-08-29,86.33999633789062,86.38999938964844,86.27999877929688,86.31999969482422,56.285728454589844,7403700
2018-08-30,86.33000183105469,86.3499984741211,86.22000122070312,86.25,56.240074157714844,8481700
2018-08-31,86.29000091552734,86.41999816894531,86.27999877929688,86.36000061035156,56.31180191040039,9569300
2018-09-04,85.88999938964844,85.93000030517578,85.72000122070312,85.80999755859375,56.19458770751953,16029000
2018-09-05,85.80000305175781,85.83000183105469,85.69000244140625,85.72000122070312,56.13565444946289,13369200
2018-09-06,85.80000305175781,85.83000183105469,85.72000122070312,85.79000091552734,56.18145751953125,13137500
2018-09-07,85.62999725341797,85.7699966430664,85.62999725341797,85.69999694824219,56.122554779052734,12374700
2018-09-10,85.80000305175781,85.88999938964844,85.7699966430664,85.87000274658203,56.23386764526367,6997900
2018-09-11,85.76000213623047,85.9800033569336,85.76000213623047,85.88999938964844,56.24696350097656,17897800
2018-09-12,85.91999816894531,86.1500015258789,85.91999816894531,86.08999633789062,56.3779182434082,14041900
2018-09-13,86.16999816894531,86.30999755859375,86.16999816894531,86.25,56.482723236083984,10375800
2018-09-14,86.23999786376953,86.38999938964844,86.2300033569336,86.33000183105469,56.53510284423828,12945000
2018-09-17,86.30999755859375,86.33000183105469,86.2300033569336,86.2699966430664,56.49582290649414,13279900
2018-09-18,86.29000091552734,86.36000061035156,86.23999786376953,86.26000213623047,56.48927307128906,19882300
2018-09-19,86.23999786376953,86.29000091552734,86.08000183105469,86.0999984741211,56.38448715209961,14471100
2018-09-20,86.12000274658203,86.22000122070312,85.93000030517578,86.22000122070312,56.46306610107422,15360100
2018-09-21,86.22000122070312,86.27999877929688,86.19999694824219,86.23999786376953,56.476158142089844,10966700
2018-09-24,86.19999694824219,86.25,86.08000183105469,86.19999694824219,56.449981689453125,10229400
2018-09-25,86.12999725341797,86.18000030517578,86.08999633789062,86.12999725341797,56.40412521362305,13240400
2018-09-26,86.19000244140625,86.33999633789062,86.16999816894531,86.22000122070312,56.46306610107422,19504800
2018-09-27,86.30999755859375,86.4000015258789,86.2699966430664,86.37999725341797,56.567848205566406,7996600
2018-09-28,86.3499984741211,86.47000122070312,86.27999877929688,86.44000244140625,56.6071662902832,17085200
2018-10-01,86.16000366210938,86.30000305175781,86.13999938964844,86.30000305175781,56.77095031738281,22566000
2018-10-02,86.26000213623047,86.30000305175781,86.18000030517578,86.2300033569336,56.72489929199219,13577600
2018-10-03,86.27999877929688,86.30999755859375,85.91000366210938,86.0,56.5736083984375,17930600
2018-10-04,85.81999969482422,85.9000015258789,85.58000183105469,85.68000030517578,56.36308670043945,24935100
2018-10-05,85.6500015258789,85.66999816894531,85.30000305175781,85.30000305175781,56.11309814453125,25063300
2018-10-08,85.3499984741211,85.36000061035156,85.08000183105469,85.11000061035156,55.988128662109375,12869500
2018-10-09,85.13999938964844,85.30999755859375,85.12000274658203,85.23999786376953,56.07365036010742,19488500
2018-10-10,85.11000061035156,85.11000061035156,84.61000061035156,84.62999725341797,55.6723747253418,25204700
2018-10-11,84.83000183105469,85.0,84.56999969482422,84.69999694824219,55.718414306640625,37665300
2018-10-12,85.11000061035156,85.20999908447266,84.94000244140625,85.1500015258789,56.014434814453125,31877600
2018-10-15,85.08000183105469,85.19000244140625,85.04000091552734,85.08999633789062,55.974952697753906,16658500
2018-10-16,85.25,85.4000015258789,85.23999786376953,85.37999725341797,56.165706634521484,18955700
2018-10-17,85.26000213623047,85.36000061035156,85.13999938964844,85.20999908447266,56.053897857666016,18739400
2018-10-18,85.1500015258789,85.19000244140625,84.8499984741211,84.8499984741211,55.81707763671875,28653800
2018-10-19,85.05000305175781,85.06999969482422,84.8499984741211,84.9000015258789,55.84996032714844,20606400
2018-10-22,85.0999984741211,85.1500015258789,84.87000274658203,84.94000244140625,55.876319885253906,15049900
2018-10-23,84.6500015258789,84.9000015258789,84.55000305175781,84.86000061035156,55.823692321777344,20873200
2018-10-24,84.87999725341797,84.91999816894531,84.41000366210938,84.44000244140625,55.54737854003906,23827800
2018-10-25,84.61000061035156,84.66999816894531,84.43000030517578,84.61000061035156,55.659217834472656,29513700
2018-10-26,84.30999755859375,84.52999877929688,84.16999816894531,84.2300033569336,55.40924835205078,27424100
2018-10-29,84.4000015258789,84.44000244140625,84.04000091552734,84.1500015258789,55.356632232666016,23379400
2018-10-30,84.16999816894531,84.3499984741211,83.98999786376953,84.3499984741211,55.48816680908203,24105300
2018-10-31,84.44999694824219,84.58999633789062,84.3499984741211,84.3499984741211,55.48816680908203,23047900
2018-11-01,84.08999633789062,84.41000366210938,84.0,84.31999969482422,55.74271774291992,33115700
2018-11-02,84.41999816894531,84.52999877929688,84.13999938964844,84.2699966430664,55.70962905883789,19675800
2018-11-05,84.2699966430664,84.44000244140625,84.2300033569336,84.33999633789062,55.75592803955078,12299600
2018-11-06,84.41000366210938,84.55999755859375,84.37999725341797,84.55999755859375,55.901371002197266,14675500
2018-11-07,84.63999938964844,85.06999969482422,84.63999938964844,85.05000305175781,56.22528839111328,26155500
2018-11-08,84.8499984741211,85.08000183105469,84.81999969482422,84.83999633789062,56.086463928222656,20677500
2018-11-09,84.66999816894531,84.68000030517578,84.27999877929688,84.36000061035156,55.769142150878906,20869300
2018-11-12,84.33000183105469,84.41000366210938,83.80999755859375,83.83999633789062,55.425392150878906,22319600
2018-11-13,83.86000061035156,84.0199966430664,83.62999725341797,83.69999694824219,55.332801818847656,22907600
2018-11-14,83.80999755859375,83.98999786376953,83.33999633789062,83.54000091552734,55.22701644897461,44747700
2018-11-15,83.19000244140625,83.5199966430664,82.98999786376953,83.5199966430664,55.21382141113281,32332600
2018-11-16,83.16000366210938,83.30000305175781,83.0,83.2699966430664,55.04853439331055,64912800
2018-11-19,83.05000305175781,83.23999786376953,82.9000015258789,83.01000213623047,54.87665939331055,36567300
2018-11-20,82.77999877929688,82.97000122070312,82.69999694824219,82.75,54.70479965209961,21901900
2018-11-21,83.16999816894531,83.33999633789062,83.06999969482422,83.16999816894531,54.982425689697266,16560400
2018-11-23,82.83000183105469,82.9000015258789,82.70999908447266,82.70999908447266,54.678348541259766,9708100
2018-11-26,83.02999877929688,83.13999938964844,82.91000366210938,83.0999984741211,54.9361457824707,19807100
2018-11-27,82.94000244140625,83.06999969482422,82.87000274658203,83.05999755859375,54.90974044799805,14370700
2018-11-28,83.11000061035156,83.7699966430664,83.05999755859375,83.75,55.36589813232422,23513100
2018-11-29,83.58999633789062,83.88999938964844,83.54000091552734,83.7699966430664,55.37907791137695,17927900
2018-11-30,83.55999755859375,83.73999786376953,83.55000305175781,83.5999984741211,55.266693115234375,15081000
2018-12-03,83.6500015258789,83.83000183105469,83.5,83.80000305175781,55.64920425415039,27052900
2018-12-04,83.62999725341797,83.70999908447266,83.19999694824219,83.27999877929688,55.30388641357422,32066500
2018-12-06,82.8499984741211,83.08999633789062,82.72000122070312,82.98999786376953,55.1113166809082,27661900
2018-12-07,83.26000213623047,83.38999938964844,82.83000183105469,82.83000183105469,55.005069732666016,28901200
2018-12-10,82.81999969482422,82.95999908447266,82.55999755859375,82.88999938964844,55.04490661621094,23434700
2018-12-11,83.18000030517578,83.26000213623047,82.97000122070312,83.04000091552734,55.14451599121094,19243900
2018-12-12,83.31999969482422,83.58999633789062,83.29000091552734,83.30999755859375,55.32382583618164,17571500
2018-12-13,83.5,83.5999984741211,83.43000030517578,83.51000213623047,55.456626892089844,15859200
2018-12-14,83.37000274658203,83.4800033569336,83.0999984741211,83.16000366210938,55.2242431640625,16397600
2018-12-17,83.08999633789062,83.16000366210938,82.55000305175781,82.62000274658203,54.865623474121094,24124900
2018-12-18,82.36000061035156,82.43000030517578,81.9000015258789,82.08000183105469,54.76620101928711,25284300
2018-12-19,82.12000274658203,82.26000213623047,81.23999786376953,81.33999633789062,54.272438049316406,32062700
2018-12-20,81.06999969482422,81.19000244140625,80.01000213623047,80.62999725341797,53.798709869384766,68796100
2018-12-21,80.58999633789062,80.93000030517578,80.0999984741211,80.2300033569336,53.53181076049805,56295000
2018-12-24,80.2300033569336,80.3499984741211,79.62999725341797,79.62999725341797,53.13148880004883,18853600
2018-12-26,79.7300033569336,80.97000122070312,79.55000305175781,80.97000122070312,54.025577545166016,25010300
2018-12-27,80.48999786376953,80.97000122070312,80.37999725341797,80.91999816894531,53.99221420288086,31806100
2018-12-28,80.98999786376953,81.31999969482422,80.8499984741211,81.04000091552734,54.072265625,30106400
2018-12-31,81.19000244140625,81.33000183105469,81.08999633789062,81.0999984741211,54.11228561401367,14153600
2019-01-02,80.72000122070312,81.11000061035156,80.6500015258789,80.98999786376953,54.03891372680664,26977400
2019-01-03,80.91000366210938,81.16000366210938,80.77999877929688,81.02999877929688,54.06559371948242,32776600
2019-01-04,81.66999816894531,82.5,81.56999969482422,82.38999938964844,54.9730339050293,38754000
2019-01-07,82.58000183105469,83.19000244140625,82.56999969482422,83.19000244140625,55.50685119628906,38127600
2019-01-08,83.38999938964844,83.73999786376953,83.26000213623047,83.7300033569336,55.867130279541016,30795000
2019-01-09,83.8499984741211,84.01000213623047,83.79000091552734,83.83000183105469,55.9338264465332,40909400
2019-01-10,83.66000366210938,84.20999908447266,83.55000305175781,84.16000366210938,56.15406799316406,50520000
2019-01-11,83.81999969482422,83.9800033569336,83.77999877929688,83.88999938964844,55.97386932373047,19793300
2019-01-14,83.66999816894531,83.7699966430664,83.55000305175781,83.62000274658203,55.79374313354492,20137700
2019-01-15,83.62000274658203,83.94000244140625,83.55000305175781,83.9000015258789,55.98056411743164,24799000
2019-01-16,84.01000213623047,84.13999938964844,83.95999908447266,84.02999877929688,56.067291259765625,26508100
2019-01-17,83.94000244140625,84.29000091552734,83.88999938964844,84.26000213623047,56.220726013183594,24574400
2019-01-18,84.41999816894531,84.66999816894531,84.38999938964844,84.5,56.3808708190918,36236400
2019-01-22,84.33000183105469,84.33999633789062,83.83000183105469,83.94000244140625,56.007225036621094,25504200
2019-01-23,84.05999755859375,84.2300033569336,83.87000274658203,84.11000061035156,56.12065505981445,18529400
2019-01-24,84.08000183105469,84.22000122070312,83.94000244140625,84.19999694824219,56.18075180053711,17875500
2019-01-25,84.36000061035156,84.48999786376953,84.33999633789062,84.41000366210938,56.320823669433594,16775200
2019-01-28,84.19000244140625,84.33000183105469,84.06999969482422,84.27999877929688,56.23408508300781,14694100
2019-01-29,84.3499984741211,84.3499984741211,84.02999877929688,84.2300033569336,56.20075607299805,18717000
2019-01-30,84.33999633789062,85.02999877929688,84.33000183105469,84.9000015258789,56.64778137207031,25993500
2019-01-31,84.87999725341797,85.23999786376953,84.87999725341797,85.11000061035156,56.78789520263672,27070400
2019-02-01,84.66000366210938,84.76000213623047,84.54000091552734,84.68000030517578,56.76044464111328,24749900
2019-02-04,84.69000244140625,84.93000030517578,84.61000061035156,84.87999725341797,56.89446258544922,15968400
2019-02-05,84.94000244140625,85.2699966430664,84.93000030517578,85.18000030517578,57.09553527832031,33188300
2019-02-06,85.11000061035156,85.20999908447266,85.0199966430664,85.0999984741211,57.041927337646484,25936800
2019-02-07,84.83000183105469,84.9000015258789,84.66000366210938,84.80999755859375,56.847564697265625,27119400
2019-02-08,84.70999908447266,84.80999755859375,84.58000183105469,84.79000091552734,56.83413314819336,16728100
2019-02-11,84.7699966430664,84.87000274658203,84.69999694824219,84.83000183105469,56.86097717285156,10051800
2019-02-12,85.08000183105469,85.2699966430664,85.06999969482422,85.23999786376953,57.1357536315918,20174000
2019-02-13,85.29000091552734,85.30999755859375,85.05000305175781,85.12000274658203,57.05533218383789,25088400
2019-02-14,84.9800033569336,85.22000122070312,84.86000061035156,85.12999725341797,57.062042236328125,19406700
2019-02-15,85.27999877929688,85.45999908447266,85.27999877929688,85.4000015258789,57.2430305480957,24052000
2019-02-19,85.30000305175781,85.4800033569336,85.26000213623047,85.43000030517578,57.26313781738281,11317700
2019-02-20,85.45999908447266,85.55000305175781,85.33000183105469,85.5,57.31008529663086,9925700
2019-02-21,85.44999694824219,85.52999877929688,85.3499984741211,85.41999816894531,57.25644302368164,15479800
2019-02-22,85.5199966430664,85.66999816894531,85.48999786376953,85.58999633789062,57.37037658691406,12330300
2019-02-25,85.70999908447266,85.83000183105469,85.62000274658203,85.66000366210938,57.41732406616211,13698200
2019-02-26,85.72000122070312,85.87000274658203,85.66999816894531,85.7699966430664,57.49101638793945,16049300
2019-02-27,85.80000305175781,85.86000061035156,85.7300033569336,85.80000305175781,57.511146545410156,14818900
2019-02-28,85.77999877929688,85.83000183105469,85.69999694824219,85.75,57.477596282958984,21340600
2019-03-01,85.55000305175781,85.66000366210938,85.5,85.61000061035156,57.64054870605469,26455300
2019-03-04,85.70999908447266,85.75,85.33999633789062,85.4800033569336,57.55302429199219,16034400
2019-03-05,85.4800033569336,85.48999786376953,85.36000061035156,85.44000244140625,57.52611541748047,14510100
2019-03-06,85.4000015258789,85.41999816894531,85.26000213623047,85.30000305175781,57.43186569213867,16806400
2019-03-07,85.33000183105469,85.33999633789062,85.08000183105469,85.23999786376953,57.39144515991211,28101100
2019-03-08,84.9800033569336,85.12000274658203,84.80999755859375,85.0999984741211,57.297176361083984,21043400
2019-03-11,85.06999969482422,85.38999938964844,85.05000305175781,85.37999725341797,57.48569107055664,17922400
2019-03-12,85.30999755859375,85.58000183105469,85.29000091552734,85.52999877929688,57.58670425415039,20180500
2019-03-13,85.58000183105469,85.7699966430664,85.55999755859375,85.76000213623047,57.741546630859375,24524800
2019-03-14,85.72000122070312,85.83000183105469,85.68000030517578,85.69999694824219,57.701133728027344,12342500
2019-03-15,85.76000213623047,85.87999725341797,85.75,85.77999877929688,57.755043029785156,21775300
2019-03-18,85.79000091552734,85.83000183105469,85.66999816894531,85.75,57.73480987548828,10498900
2019-03-19,85.80999755859375,85.95999908447266,85.75,85.80000305175781,57.76848220825195,14067200
2019-03-20,85.80999755859375,86.30000305175781,85.6500015258789,86.16999816894531,58.01759719848633,31184400
2019-03-21,86.05999755859375,86.26000213623047,86.04000091552734,86.1500015258789,58.00413131713867,16400700
2019-03-22,86.0199966430664,86.05000305175781,85.75,85.83999633789062,57.795413970947266,27030400
2019-03-25,85.77999877929688,85.91000366210938,85.6500015258789,85.80999755859375,57.775211334228516,23592100
2019-03-26,85.94999694824219,86.1500015258789,85.88999938964844,86.0199966430664,57.916595458984375,18762700
2019-03-27,86.06999969482422,86.23999786376953,85.87999725341797,86.08000183105469,57.95701599121094,16706700
2019-03-28,86.08999633789062,86.25,86.04000091552734,86.25,58.07147979736328,19706700
2019-03-29,86.31999969482422,86.52999877929688,86.30000305175781,86.47000122070312,58.21959686279297,22358900
2019-04-01,86.20999908447266,86.27999877929688,86.05000305175781,86.06999969482422,58.20537185668945,21353900
2019-04-02,86.08999633789062,86.13999938964844,85.94000244140625,86.11000061035156,58.232421875,15129300
2019-04-03,86.19999694824219,86.30999755859375,86.0999984741211,86.13999938964844,58.252769470214844,13746500
2019-04-04,86.1500015258789,86.27999877929688,86.12999725341797,86.2699966430664,58.34064865112305,14435700
2019-04-05,86.36000061035156,86.5,86.33999633789062,86.43000030517578,58.448848724365234,14227000
2019-04-08,86.38999938964844,86.41000366210938,86.30999755859375,86.37999725341797,58.41502380371094,11472100
2019-04-09,86.33000183105469,86.41999816894531,86.2699966430664,86.31999969482422,58.37446594238281,19118700
2019-04-10,86.43000030517578,86.69999694824219,86.43000030517578,86.69999694824219,58.63144302368164,16767000
2019-04-11,86.69000244140625,86.86000061035156,86.6500015258789,86.83000183105469,58.71937942504883,20976100
2019-04-12,86.93000030517578,87.01000213623047,86.79000091552734,86.95999908447266,58.80726623535156,17442800
2019-04-15,86.94999694824219,86.94999694824219,86.83000183105469,86.9000015258789,58.76668930053711,13940000
2019-04-16,86.95999908447266,86.97000122070312,86.81999969482422,86.8499984741211,58.73289489746094,11543800
2019-04-17,86.94000244140625,86.94000244140625,86.62999725341797,86.63999938964844,58.59086608886719,11818600
2019-04-18,86.79000091552734,86.79000091552734,86.58000183105469,86.68000030517578,58.617916107177734,15295500
2019-04-22,86.62000274658203,86.66000366210938,86.5199966430664,86.52999877929688,58.51646423339844,24591400
2019-04-23,86.63999938964844,86.87999725341797,86.58999633789062,86.83000183105469,58.71937942504883,15094100
2019-04-24,86.8499984741211,86.8499984741211,86.69999694824219,86.70999908447266,58.638214111328125,11938800
2019-04-25,86.69999694824219,86.80999755859375,86.56999969482422,86.75,58.66527557373047,14369000
2019-04-26,86.8499984741211,86.9800033569336,86.8499984741211,86.97000122070312,58.81402587890625,11937200
2019-04-29,86.94999694824219,87.0,86.93000030517578,86.93000030517578,58.7869987487793,7601200
2019-04-30,86.97000122070312,87.04000091552734,86.91999816894531,86.94000244140625,58.793724060058594,11168100
2019-05-01,86.58999633789062,86.87000274658203,86.27999877929688,86.29000091552734,58.60088348388672,24574300
2019-05-02,86.36000061035156,86.4800033569336,86.18000030517578,86.3499984741211,58.641632080078125,24936600
2019-05-03,86.5199966430664,86.5999984741211,86.47000122070312,86.56999969482422,58.791019439697266,18522700
2019-05-06,86.18000030517578,86.62000274658203,86.0,86.61000061035156,58.81819534301758,18893700
2019-05-07,86.4000015258789,86.44999694824219,85.94999694824219,86.08999633789062,58.46504592895508,30266300
2019-05-08,86.0999984741211,86.30000305175781,86.02999877929688,86.12000274658203,58.48542022705078,27527500
2019-05-09,85.98999786376953,86.05999755859375,85.68000030517578,85.98999786376953,58.39714050292969,30890400
2019-05-10,85.95999908447266,86.30999755859375,85.75,86.2300033569336,58.560123443603516,33782400
2019-05-13,85.68000030517578,85.7699966430664,85.41999816894531,85.44000244140625,58.02363967895508,34801600
2019-05-14,85.61000061035156,85.83000183105469,85.52999877929688,85.62999725341797,58.15266418457031,18128500
2019-05-15,85.48999786376953,85.76000213623047,85.44000244140625,85.70999908447266,58.207008361816406,19543700
2019-05-16,85.83000183105469,86.11000061035156,85.80000305175781,85.97000122070312,58.38356018066406,29384100
2019-05-17,85.79000091552734,86.0999984741211,85.79000091552734,85.94000244140625,58.36319351196289,27089400
2019-05-20,85.91999816894531,86.08000183105469,85.77999877929688,85.86000061035156,58.30886459350586,15780000
2019-05-21,85.98999786376953,86.1500015258789,85.98999786376953,86.12999725341797,58.49220275878906,15004300
2019-05-22,86.08000183105469,86.19999694824219,85.97000122070312,86.19999694824219,58.53974533081055,14976200
2019-05-23,85.95999908447266,85.98999786376953,85.66999816894531,85.7699966430664,58.24773025512695,18333400
2019-05-24,85.87000274658203,85.97000122070312,85.63999938964844,85.6500015258789,58.16623306274414,17611600
2019-05-28,85.75,85.81999969482422,85.48999786376953,85.56999969482422,58.11192321777344,20544600
2019-05-29,85.45999908447266,85.5199966430664,85.25,85.33999633789062,57.955711364746094,25441900
2019-05-30,85.48999786376953,85.6500015258789,85.44000244140625,85.5199966430664,58.077945709228516,20311900
2019-05-31,85.23999786376953,85.33999633789062,84.87999725341797,84.9000015258789,57.65689468383789,34947400
2019-06-03,84.6500015258789,84.77999877929688,84.47000122070312,84.6500015258789,57.74968719482422,58940600
2019-06-04,84.91000366210938,85.51000213623047,84.91000366210938,85.5,58.32959747314453,34113300
2019-06-05,85.58000183105469,85.72000122070312,85.43000030517578,85.69999694824219,58.46601486206055,28368700
2019-06-06,85.68000030517578,85.95999908447266,85.56999969482422,85.87999725341797,58.588836669921875,23538600
2019-06-07,86.0,86.20999908447266,85.16000366210938,86.0999984741211,58.73888397216797,29934000
2019-06-10,86.26000213623047,86.33999633789062,86.18000030517578,86.2300033569336,58.82756042480469,17482200
2019-06-11,86.51000213623047,86.66000366210938,86.22000122070312,86.3499984741211,58.909446716308594,34293700
2019-06-12,86.33000183105469,86.3499984741211,86.12999725341797,86.1500015258789,58.772987365722656,18195500
2019-06-13,86.30000305175781,86.41000366210938,86.25,86.3499984741211,58.909446716308594,19438500
2019-06-14,86.31999969482422,86.36000061035156,86.22000122070312,86.29000091552734,58.868526458740234,8842000
2019-06-17,86.23999786376953,86.29000091552734,86.12000274658203,86.16000366210938,58.77982711791992,10554000
2019-06-18,86.56999969482422,86.7699966430664,86.54000091552734,86.76000213623047,59.18916702270508,22540400
2019-06-19,86.69999694824219,87.19000244140625,86.55000305175781,87.16999816894531,59.46885681152344,28212600
2019-06-20,87.43000030517578,87.6500015258789,87.29000091552734,87.61000061035156,59.76903533935547,48362000
2019-06-21,87.37999725341797,87.44999694824219,87.33000183105469,87.33000183105469,59.578006744384766,22467800
2019-06-24,87.33000183105469,87.37000274658203,87.27999877929688,87.31999969482422,59.571205139160156,13764100
2019-06-25,87.30999755859375,87.30999755859375,86.88999938964844,86.94999694824219,59.318782806396484,26173600
2019-06-26,87.12000274658203,87.16000366210938,86.87999725341797,86.91000366210938,59.29151153564453,19554600
2019-06-27,87.05999755859375,87.19999694824219,87.0199966430664,87.1500015258789,59.45523452758789,12995100
2019-06-28,87.19999694824219,87.25,87.1500015258789,87.18000030517578,59.475685119628906,14690800
2019-07-01,87.12999725341797,87.26000213623047,86.80000305175781,86.81999969482422,59.493499755859375,26036100
2019-07-02,86.87999725341797,87.05999755859375,86.83999633789062,87.01000213623047,59.62370300292969,20683200
2019-07-03,87.05000305175781,87.38999938964844,87.02999877929688,87.33999633789062,59.849830627441406,16237900
2019-07-05,87.08000183105469,87.08999633789062,86.8499984741211,86.98999786376953,59.609981536865234,17591400
2019-07-08,86.94999694824219,86.94999694824219,86.80999755859375,86.81999969482422,59.493499755859375,16679400
2019-07-09,86.76000213623047,86.80000305175781,86.69999694824219,86.72000122070312,59.424964904785156,19189100
2019-07-10,86.93000030517578,87.08000183105469,86.88999938964844,86.95999908447266,59.589454650878906,24497000
2019-07-11,87.01000213623047,87.01000213623047,86.66999816894531,86.79000091552734,59.47294235229492,19191200
2019-07-12,86.79000091552734,86.94000244140625,86.72000122070312,86.93000030517578,59.568870544433594,21291200
2019-07-15,86.91000366210938,87.06999969482422,86.86000061035156,86.98999786376953,59.609981536865234,10735200
2019-07-16,86.9800033569336,86.9800033569336,86.7300033569336,86.80999755859375,59.48665237426758,20147200
2019-07-17,86.87999725341797,86.87999725341797,86.69000244140625,86.69999694824219,59.411293029785156,9361300
2019-07-18,86.70999908447266,86.76000213623047,86.51000213623047,86.73999786376953,59.438682556152344,17236600
2019-07-19,86.73999786376953,86.77999877929688,86.55999755859375,86.58999633789062,59.33591842651367,14771000
2019-07-22,86.69000244140625,86.87999725341797,86.6500015258789,86.87999725341797,59.53461456298828,12852800
2019-07-23,86.94999694824219,87.05999755859375,86.8499984741211,87.02999877929688,59.637413024902344,14051800
2019-07-24,87.01000213623047,87.11000061035156,86.98999786376953,87.0999984741211,59.685386657714844,12713700
2019-07-25,87.1500015258789,87.1500015258789,86.91000366210938,86.9800033569336,59.60315704345703,14272500
2019-07-26,87.12000274658203,87.19000244140625,87.08000183105469,87.16999816894531,59.73335266113281,8512700
2019-07-29,87.1500015258789,87.16000366210938,86.95999908447266,87.04000091552734,59.644256591796875,14731800
2019-07-30,86.9000015258789,87.08999633789062,86.83999633789062,87.08000183105469,59.67170715332031,13794100
2019-07-31,87.1500015258789,87.26000213623047,86.58000183105469,86.93000030517578,59.568870544433594,23449700
2019-08-01,86.55000305175781,86.98999786376953,86.48999786376953,86.5199966430664,59.5392951965332,28839000
2019-08-02,86.48999786376953,86.48999786376953,86.18000030517578,86.38999938964844,59.44984817504883,23559600
2019-08-05,85.87000274658203,85.87000274658203,85.3499984741211,85.48999786376953,58.830482482910156,47727900
2019-08-06,85.87000274658203,86.12000274658203,85.66999816894531,86.04000091552734,59.20896911621094,28695000
2019-08-07,85.69000244140625,86.12999725341797,85.44999694824219,86.02999877929688,59.20209503173828,38028500
2019-08-08,86.05000305175781,86.41999816894531,86.05000305175781,86.37000274658203,59.43608856201172,27074700
2019-08-09,86.22000122070312,86.3499984741211,86.08000183105469,86.25,59.353492736816406,19090800
2019-08-12,86.01000213623047,86.13999938964844,85.87999725341797,85.94999694824219,59.14704513549805,17466700
2019-08-13,85.94000244140625,86.41000366210938,85.87999725341797,86.33000183105469,59.40853500366211,30078600
2019-08-14,85.94000244140625,85.97000122070312,85.5,85.55999755859375,58.8786506652832,29745300
2019-08-15,85.70999908447266,85.9000015258789,85.6500015258789,85.80999755859375,59.050716400146484,27296500
2019-08-16,85.94000244140625,86.12999725341797,85.94000244140625,86.0999984741211,59.25027847290039,15780200
2019-08-19,86.26000213623047,86.36000061035156,86.22000122070312,86.3499984741211,59.42231369018555,13603000
2019-08-20,86.38999938964844,86.47000122070312,86.25,86.41999816894531,59.47046661376953,16126800
2019-08-21,86.63999938964844,86.8499984741211,86.58000183105469,86.79000091552734,59.72507095336914,18334300
2019-08-22,86.94000244140625,87.02999877929688,86.75,86.94999694824219,59.83521270751953,20677200
2019-08-23,86.79000091552734,87.13999938964844,86.4800033569336,86.55000305175781,59.55990982055664,30340300
2019-08-26,86.81999969482422,86.9800033569336,86.73999786376953,86.9800033569336,59.85586166381836,14187800
2019-08-27,87.1500015258789,87.18000030517578,86.79000091552734,86.94000244140625,59.828311920166016,14722700
2019-08-28,86.91999816894531,87.19000244140625,86.88999938964844,87.1500015258789,59.97283935546875,13576000
2019-08-29,87.33999633789062,87.41000366210938,87.19000244140625,87.23999786376953,60.0347785949707,16271400
2019-08-30,87.37999725341797,87.38999938964844,86.97000122070312,87.16000366210938,59.97970199584961,14413600
2019-09-03,86.72000122070312,86.72000122070312,86.38999938964844,86.54000091552734,59.807647705078125,20561500
2019-09-04,86.69000244140625,86.75,86.58999633789062,86.72000122070312,59.93202590942383,13526700
2019-09-05,86.80000305175781,87.12999725341797,86.77999877929688,87.05999755859375,60.16701889038086,23399100
2019-09-06,87.18000030517578,87.30000305175781,87.04000091552734,87.13999938964844,60.22230529785156,25162700
2019-09-09,87.19000244140625,87.26000213623047,87.0199966430664,87.2300033569336,60.284481048583984,17484200
2019-09-10,87.23999786376953,87.30999755859375,87.0999984741211,87.27999877929688,60.319053649902344,14055800
2019-09-11,87.2300033569336,87.30000305175781,87.16999816894531,87.2699966430664,60.312129974365234,13999200
2019-09-12,87.33999633789062,87.43000030517578,87.25,87.31999969482422,60.3466682434082,23246400
2019-09-13,87.16999816894531,87.30999755859375,87.11000061035156,87.16000366210938,60.23611068725586,34407300
2019-09-16,87.30000305175781,87.4800033569336,87.18000030517578,87.47000122070312,60.45032501220703,23020800
2019-09-17,87.5,87.52999877929688,87.33999633789062,87.5199966430664,60.48490905761719,14626400
2019-09-18,87.45999908447266,87.54000091552734,87.19000244140625,87.47000122070312,60.45032501220703,15913800
2019-09-19,87.41999816894531,87.54000091552734,87.33000183105469,87.37000274658203,60.38121795654297,13327000
2019-09-20,87.4000015258789,87.51000213623047,87.33999633789062,87.4800033569336,60.45725631713867,23298400
2019-09-23,87.41000366210938,87.51000213623047,87.38999938964844,87.44000244140625,60.42961502075195,15456800
2019-09-24,87.5199966430664,87.52999877929688,87.20999908447266,87.31999969482422,60.3466682434082,21934200
2019-09-25,87.25,87.29000091552734,87.02999877929688,87.2300033569336,60.284481048583984,15142100
2019-09-26,87.2300033569336,87.26000213623047,87.04000091552734,87.16999816894531,60.242984771728516,13873100
2019-09-27,87.16000366210938,87.2300033569336,87.0,87.06999969482422,60.17390441894531,13419200
2019-09-30,87.05999755859375,87.16999816894531,87.0199966430664,87.16999816894531,60.242984771728516,21827700
2019-10-01,86.83999633789062,86.86000061035156,86.55000305175781,86.62000274658203,60.10422134399414,27665700
2019-10-02,86.56999969482422,86.58000183105469,86.04000091552734,86.11000061035156,59.750362396240234,33789500
2019-10-03,86.12000274658203,86.23999786376953,85.75,86.16000366210938,59.78508377075195,30387800
2019-10-04,86.2699966430664,86.44000244140625,86.19999694824219,86.43000030517578,59.9724006652832,17588600
2019-10-07,86.37000274658203,86.48999786376953,86.25,86.36000061035156,59.923831939697266,14542500
2019-10-08,86.2699966430664,86.31999969482422,86.04000091552734,86.04000091552734,59.7017936706543,15471500
2019-10-09,86.2699966430664,86.37999725341797,86.25,86.30000305175781,59.8822021484375,11351300
2019-10-10,86.31999969482422,86.4800033569336,86.30000305175781,86.41000366210938,59.95853042602539,11092800
2019-10-11,86.63999938964844,86.83000183105469,86.56999969482422,86.7699966430664,60.20832061767578,18661400
2019-10-14,86.7699966430664,86.87000274658203,86.69000244140625,86.83000183105469,60.249969482421875,9842600
2019-10-15,86.83999633789062,87.06999969482422,86.80000305175781,87.0199966430664,60.38180160522461,26321500
2019-10-16,86.98999786376953,87.01000213623047,86.94000244140625,86.94999694824219,60.33323287963867,11813000
2019-10-17,87.01000213623047,87.0999984741211,87.0,87.06999969482422,60.41649627685547,14814300
2019-10-18,87.06999969482422,87.12999725341797,86.95999908447266,87.08999633789062,60.43036651611328,21363700
2019-10-21,87.16000366210938,87.16999816894531,87.11000061035156,87.12000274658203,60.45118713378906,10090400
2019-10-22,87.18000030517578,87.18000030517578,87.08000183105469,87.13999938964844,60.46508026123047,15464300
2019-10-23,87.1500015258789,87.2300033569336,87.08999633789062,87.22000122070312,60.520599365234375,9097500
2019-10-24,87.26000213623047,87.31999969482422,87.16999816894531,87.31999969482422,60.589969635009766,14832800
2019-10-25,87.30000305175781,87.41999816894531,87.30000305175781,87.38999938964844,60.638511657714844,11593600
2019-10-28,87.4000015258789,87.44000244140625,87.36000061035156,87.37999725341797,60.6316032409668,10646500
2019-10-29,87.37000274658203,87.4000015258789,87.19999694824219,87.22000122070312,60.520599365234375,10655700
2019-10-30,87.2699966430664,87.27999877929688,87.0,87.11000061035156,60.44426727294922,24566400
2019-10-31,87.08999633789062,87.0999984741211,86.79000091552734,86.80999755859375,60.2360725402832,24576400
2019-11-01,86.58999633789062,86.91000366210938,86.58000183105469,86.81999969482422,60.49457931518555,23894100
2019-11-04,86.9800033569336,87.05000305175781,86.94000244140625,87.0,60.6200065612793,14135800
2019-11-05,87.06999969482422,87.08000183105469,86.81999969482422,86.91000366210938,60.55730438232422,21946800
2019-11-06,86.91000366210938,86.91000366210938,86.77999877929688,86.80999755859375,60.48760986328125,8976900
2019-11-07,86.94000244140625,86.9800033569336,86.75,86.7699966430664,60.459739685058594,15077600
2019-11-08,86.76000213623047,86.87999725341797,86.63999938964844,86.8499984741211,60.515499114990234,11692800
2019-11-11,86.7699966430664,86.83999633789062,86.68000030517578,86.80000305175781,60.480648040771484,4933600
2019-11-12,86.75,86.88999938964844,86.7300033569336,86.81999969482422,60.49457931518555,14690200
2019-11-13,86.7300033569336,86.7699966430664,86.68000030517578,86.7300033569336,60.43187713623047,15333600
2019-11-14,86.73999786376953,86.80000305175781,86.6500015258789,86.68000030517578,60.39702606201172,14965100
2019-11-15,86.7699966430664,86.94999694824219,86.76000213623047,86.94000244140625,60.578216552734375,12996200
2019-11-18,86.87000274658203,86.9000015258789,86.79000091552734,86.83000183105469,60.501556396484375,13135800
2019-11-19,86.73999786376953,86.75,86.5199966430664,86.5199966430664,60.285560607910156,20175500
2019-11-20,86.47000122070312,86.58000183105469,86.33000183105469,86.33999633789062,60.16013717651367,22566100
2019-11-21,86.43000030517578,86.44999694824219,86.2699966430664,86.36000061035156,60.17406463623047,17853800
2019-11-22,86.48999786376953,86.69000244140625,86.4000015258789,86.69000244140625,60.403987884521484,20394800
2019-11-25,86.70999908447266,86.94000244140625,86.70999908447266,86.91999816894531,60.56427001953125,16885300
2019-11-26,86.94999694824219,87.0199966430664,86.9000015258789,87.0199966430664,60.633941650390625,11469400
2019-11-27,86.98999786376953,87.1500015258789,86.94999694824219,87.12999725341797,60.7105827331543,11814700
2019-11-29,87.11000061035156,87.11000061035156,86.93000030517578,86.94000244140625,60.578216552734375,11519500
2019-12-02,86.62999725341797,86.62999725341797,86.3499984741211,86.54000091552734,60.53693771362305,20966400
2019-12-03,86.33999633789062,86.47000122070312,86.23999786376953,86.41999816894531,60.45296859741211,29757200
2019-12-04,86.45999908447266,86.70999908447266,86.45999908447266,86.68000030517578,60.63484191894531,12406800
2019-12-05,86.73999786376953,86.80999755859375,86.58000183105469,86.80999755859375,60.72579574584961,18158900
2019-12-06,86.94999694824219,87.01000213623047,86.8499984741211,86.93000030517578,60.80976104736328,16094700
2019-12-09,86.9000015258789,87.0,86.9000015258789,86.93000030517578,60.80976104736328,18034300
2019-12-10,86.93000030517578,87.1500015258789,86.9000015258789,87.13999938964844,60.956634521484375,15117100
2019-12-11,87.16000366210938,87.33999633789062,87.08999633789062,87.31999969482422,61.08257293701172,14127500
2019-12-12,87.36000061035156,87.61000061035156,87.33000183105469,87.5199966430664,61.22247314453125,18958100
2019-12-13,87.55000305175781,87.6500015258789,87.5,87.61000061035156,61.285423278808594,18088100
2019-12-16,87.73999786376953,87.83000183105469,87.69999694824219,87.77999877929688,61.40432357788086,17517400
2019-12-17,87.79000091552734,88.05000305175781,87.79000091552734,88.05000305175781,61.593223571777344,18650700
2019-12-18,88.08999633789062,88.25,88.05999755859375,88.20999908447266,61.70513153076172,31575700
2019-12-19,87.91000366210938,87.93000030517578,87.72000122070312,87.8499984741211,61.6728401184082,29429300
2019-12-20,87.94999694824219,87.98999786376953,87.69999694824219,87.72000122070312,61.58161163330078,31918800
2019-12-23,87.75,87.80000305175781,87.7300033569336,87.76000213623047,61.60969543457031,9720200
2019-12-24,87.77999877929688,87.83000183105469,87.7300033569336,87.83000183105469,61.658809661865234,4854900
2019-12-26,87.94000244140625,87.98999786376953,87.88999938964844,87.95999908447266,61.750057220458984,11382700
2019-12-27,88.0199966430664,88.0199966430664,87.88999938964844,87.91999816894531,61.72199630737305,11627100
2019-12-30,88.0,88.0199966430664,87.7699966430664,87.86000061035156,61.679893493652344,12524300
2019-12-31,87.86000061035156,87.94999694824219,87.80999755859375,87.94000244140625,61.73601531982422,8310800
2020-01-02,88.0999984741211,88.31999969482422,88.05000305175781,88.30999755859375,61.99577331542969,15756600
2020-01-03,88.12000274658203,88.27999877929688,88.04000091552734,88.22000122070312,61.93258285522461,17342200
2020-01-06,88.11000061035156,88.18000030517578,88.05000305175781,88.12999725341797,61.86940383911133,17936900
2020-01-07,88.13999938964844,88.16000366210938,88.04000091552734,88.05000305175781,61.81325912475586,9640300
2020-01-08,88.06999969482422,88.2300033569336,88.0199966430664,88.12999725341797,61.86940383911133,16088100
2020-01-09,88.23999786376953,88.37000274658203,88.16999816894531,88.36000061035156,62.0308837890625,16649500
2020-01-10,88.37000274658203,88.41000366210938,88.30000305175781,88.38999938964844,62.05195236206055,16182900
2020-01-13,88.4000015258789,88.44999694824219,88.3499984741211,88.38999938964844,62.05195236206055,17762400
2020-01-14,88.37000274658203,88.48999786376953,88.27999877929688,88.37999725341797,62.0449104309082,29157100
2020-01-15,88.4000015258789,88.52999877929688,88.38999938964844,88.4000015258789,62.0589485168457,24637900
2020-01-16,88.47000122070312,88.52999877929688,88.37999725341797,88.43000030517578,62.08001708984375,22349200
2020-01-17,88.4800033569336,88.51000213623047,88.36000061035156,88.36000061035156,62.0308837890625,29626700
2020-01-21,88.33999633789062,88.43000030517578,88.16999816894531,88.16999816894531,61.89748764038086,19724900
2020-01-22,88.30999755859375,88.37000274658203,88.2300033569336,88.33000183105469,62.00981903076172,17731800
2020-01-23,88.18000030517578,88.19999694824219,88.0199966430664,88.05999755859375,61.82024383544922,28566200
2020-01-24,88.06999969482422,88.06999969482422,87.6500015258789,87.69000244140625,61.56050491333008,40838300
2020-01-27,87.23999786376953,87.37999725341797,86.95999908447266,87.0999984741211,61.146305084228516,41372700
2020-01-28,87.5,87.95999908447266,87.38999938964844,87.8499984741211,61.6728401184082,32628300
2020-01-29,87.97000122070312,88.2300033569336,87.77999877929688,87.80000305175781,61.637752532958984,17308200
2020-01-30,87.51000213623047,87.91000366210938,87.5,87.88999938964844,61.70092010498047,20103300
2020-01-31,87.80000305175781,87.80000305175781,87.38999938964844,87.52999877929688,61.448204040527344,35659700
2020-02-03,87.33000183105469,87.47000122070312,87.12999725341797,87.1500015258789,61.43833541870117,25754700
2020-02-04,87.5,87.69000244140625,87.4800033569336,87.66999816894531,61.80491256713867,25063800
2020-02-05,87.87999725341797,88.05999755859375,87.83999633789062,88.02999877929688,62.05870819091797,36687700
2020-02-06,88.0,88.1500015258789,87.87000274658203,88.0999984741211,62.10805130004883,18329900
2020-02-07,87.98999786376953,88.05000305175781,87.87999725341797,87.97000122070312,62.01642608642578,12865100
2020-02-10,87.94999694824219,88.0999984741211,87.87999725341797,88.08999633789062,62.100975036621094,14220000
2020-02-11,88.2699966430664,88.27999877929688,88.1500015258789,88.1500015258789,62.143314361572266,16821500
2020-02-12,88.31999969482422,88.45999908447266,88.26000213623047,88.37999725341797,62.305423736572266,26688200
2020-02-13,88.30999755859375,88.45999908447266,88.29000091552734,88.41000366210938,62.32658767700195,13297900
2020-02-14,88.44000244140625,88.48999786376953,88.3499984741211,88.4000015258789,62.31957244873047,11398800
2020-02-18,88.3499984741211,88.4000015258789,88.1500015258789,88.22000122070312,62.192626953125,26635300
2020-02-19,88.30999755859375,88.37000274658203,88.25,88.26000213623047,62.2208137512207,18547500
2020-02-20,88.31999969482422,88.44000244140625,88.05999755859375,88.41000366210938,62.32658767700195,31277000
2020-02-21,88.33999633789062,88.37999725341797,88.16000366210938,88.33000183105469,62.27020263671875,23027000
2020-02-24,87.5,87.5999984741211,87.19999694824219,87.37999725341797,61.600467681884766,57828300
2020-02-25,87.76000213623047,87.80999755859375,86.69000244140625,86.7699966430664,61.17041015625,68418000
2020-02-26,86.93000030517578,87.25,86.5999984741211,86.86000061035156,61.233882904052734,69233800
2020-02-27,86.12999725341797,86.69000244140625,85.5199966430664,85.69000244140625,60.409053802490234,72596300
2020-02-28,84.69000244140625,86.1500015258789,84.69000244140625,86.04000091552734,60.65581512451172,97472600
2020-03-02,85.63999938964844,86.4000015258789,85.2300033569336,86.30999755859375,61.1160774230957,72357700
2020-03-03,86.37999725341797,87.19000244140625,85.73999786376953,85.94000244140625,60.85407257080078,58721000
2020-03-04,86.66000366210938,87.16000366210938,86.58999633789062,87.12000274658203,61.68965148925781,52664700
2020-03-05,86.36000061035156,86.51000213623047,85.8499984741211,86.0199966430664,60.91071701049805,62455700
2020-03-06,84.52999877929688,85.27999877929688,84.08999633789062,85.05000305175781,60.223880767822266,69860600
2020-03-09,79.63999938964844,83.48999786376953,79.63999938964844,81.38999938964844,57.6322135925293,73609600
2020-03-10,82.62000274658203,82.87000274658203,81.12999725341797,82.63999938964844,58.517333984375,57598000
2020-03-11,81.25,81.69000244140625,80.19999694824219,80.83999633789062,57.24277114868164,60006600
2020-03-12,76.37999725341797,80.25,76.2300033569336,77.61000061035156,54.95560836791992,82926400
2020-03-13,80.12999725341797,80.27999877929688,78.13999938964844,80.05000305175781,56.68337631225586,69164600
2020-03-16,75.72000122070312,77.6500015258789,74.30000305175781,75.6500015258789,53.56774139404297,43080100
2020-03-17,75.55000305175781,77.69999694824219,74.62999725341797,76.36000061035156,54.070491790771484,68569400
2020-03-18,73.8499984741211,74.75,71.91000366210938,72.98999786376953,51.68416976928711,54289800
2020-03-19,71.86000061035156,72.66999816894531,70.7699966430664,71.3499984741211,50.52292251586914,45706300
2020-03-20,71.41000366210938,72.13999938964844,69.41000366210938,69.75,49.38994216918945,55796500
2020-03-23,70.05000305175781,70.12000274658203,67.5199966430664,68.62999725341797,48.59687423706055,48862100
2020-03-24,70.08999633789062,71.94999694824219,69.9000015258789,71.45999908447266,50.60077667236328,51304000
2020-03-25,72.25,75.56999969482422,72.08000183105469,73.47000122070312,52.024085998535156,45692600
2020-03-26,74.01000213623047,76.83000183105469,73.69999694824219,76.83000183105469,54.403289794921875,41965200
2020-03-27,75.44000244140625,78.37000274658203,75.36000061035156,77.02999877929688,54.54490280151367,66536800
2020-03-30,77.0999984741211,78.04000091552734,76.63999938964844,77.69000244140625,55.012271881103516,35016900
2020-03-31,77.37000274658203,77.70999908447266,76.9800033569336,77.06999969482422,54.57321548461914,31103400
2020-04-01,75.18000030517578,75.2699966430664,74.37000274658203,74.58000183105469,53.0751953125,36859100
2020-04-02,74.37000274658203,76.30000305175781,74.2300033569336,75.16000366210938,53.48796081542969,31824800
2020-04-03,75.0,75.19999694824219,73.31999969482422,73.55000305175781,52.34219741821289,39986200
2020-04-06,75.05999755859375,75.55999755859375,74.80999755859375,75.33999633789062,53.61605453491211,32347800
2020-04-07,76.43000030517578,76.72000122070312,75.23999786376953,75.33999633789062,53.61605453491211,35120800
2020-04-08,75.95999908447266,77.62999725341797,75.69000244140625,77.30000305175781,55.01091003417969,46291400
2020-04-09,81.97000122070312,84.05000305175781,81.48999786376953,82.36000061035156,58.611854553222656,88846900
2020-04-13,81.80999755859375,81.91999816894531,80.41999816894531,81.18000030517578,57.77210998535156,40390500
2020-04-14,81.91000366210938,82.08999633789062,80.97000122070312,81.5199966430664,58.014102935791016,37632800
2020-04-15,80.25,80.91000366210938,79.95999908447266,80.76000213623047,57.473243713378906,34367500
2020-04-16,80.55999755859375,80.75,79.93000030517578,80.68000030517578,57.416297912597656,25821900
2020-04-17,81.31999969482422,81.4000015258789,80.8499984741211,81.08999633789062,57.70808410644531,38251800
2020-04-20,80.29000091552734,80.79000091552734,79.72000122070312,79.87000274658203,56.839874267578125,24676200
2020-04-21,78.95999908447266,79.05999755859375,78.25,78.41000366210938,55.80084991455078,42335600
2020-04-22,79.26000213623047,79.37000274658203,78.83999633789062,79.0999984741211,56.2918701171875,15720900
2020-04-23,79.25,79.66000366210938,78.7300033569336,79.05999755859375,56.26342010498047,23896700
2020-04-24,79.12000274658203,79.2300033569336,78.16000366210938,78.31999969482422,55.73677444458008,37915200
2020-04-27,78.69999694824219,78.93000030517578,78.51000213623047,78.63999938964844,55.96452331542969,20550700
2020-04-28,79.06999969482422,79.12000274658203,78.44000244140625,78.87999725341797,56.13531494140625,23927600
2020-04-29,79.43000030517578,80.36000061035156,79.2699966430664,80.2699966430664,57.12447738647461,34838300
2020-04-30,79.8499984741211,80.55999755859375,79.52999877929688,80.43000030517578,57.238380432128906,34636000
2020-05-01,79.33999633789062,79.54000091552734,78.61000061035156,78.68000030517578,56.25102996826172,31859400
2020-05-04,78.52999877929688,78.87000274658203,78.19999694824219,78.56999969482422,56.172393798828125,20400900
2020-05-05,78.81999969482422,79.25,78.81999969482422,79.25,56.65857696533203,26484200
2020-05-06,79.33000183105469,79.43000030517578,78.7699966430664,78.80000305175781,56.336830139160156,18823300
2020-05-07,79.19999694824219,79.70999908447266,78.97000122070312,79.0,56.47983932495117,19581700
2020-05-08,79.33000183105469,79.76000213623047,79.2699966430664,79.75,57.016014099121094,21770400
2020-05-11,79.58000183105469,79.72000122070312,79.33999633789062,79.38999938964844,56.75864791870117,14285100
2020-05-12,79.91000366210938,80.0,79.29000091552734,79.29000091552734,56.68716812133789,25332700
2020-05-13,79.3499984741211,79.41999816894531,78.73999786376953,78.87000274658203,56.386898040771484,29962000
2020-05-14,78.45999908447266,78.9000015258789,77.9800033569336,78.5999984741211,56.1938591003418,30429100
2020-05-15,78.37000274658203,78.83999633789062,78.16999816894531,78.70999908447266,56.27248764038086,34133400
2020-05-18,79.95999908447266,80.16000366210938,79.66000366210938,80.0999984741211,57.266273498535156,31900200
2020-05-19,80.04000091552734,80.43000030517578,79.88999938964844,80.19999694824219,57.33775329589844,18536500
2020-05-20,80.62000274658203,81.25,80.55000305175781,81.05000305175781,57.94546127319336,36053700
2020-05-21,81.02999877929688,81.2300033569336,80.80000305175781,81.02999877929688,57.9311408996582,23307300
2020-05-22,80.94999694824219,81.33000183105469,80.80999755859375,81.2300033569336,58.07413101196289,11311900
2020-05-26,81.83000183105469,82.16000366210938,81.18000030517578,81.83999633789062,58.51024627685547,27673800
2020-05-27,82.41999816894531,82.44999694824219,81.66000366210938,82.01000213623047,58.631805419921875,24905000
2020-05-28,82.12999725341797,82.55000305175781,81.94000244140625,82.08999633789062,58.68898391723633,23282500
2020-05-29,82.05000305175781,82.62000274658203,81.87999725341797,82.41999816894531,58.92490768432617,32189000
2020-06-01,81.94000244140625,82.75,81.81999969482422,82.72000122070312,59.370609283447266,46987000
2020-06-02,82.8499984741211,83.58000183105469,82.62000274658203,83.54000091552734,59.959136962890625,35930900
2020-06-03,83.87999725341797,84.37999725341797,83.77999877929688,83.93000030517578,60.239097595214844,35991000
2020-06-04,83.83999633789062,83.9800033569336,83.5199966430664,83.66999816894531,60.052459716796875,36405800
2020-06-05,84.56999969482422,85.02999877929688,84.4000015258789,84.45999908447266,60.61948013305664,35306500
2020-06-08,84.66000366210938,84.68000030517578,84.3499984741211,84.55999755859375,60.691280364990234,20493100
2020-06-09,84.11000061035156,84.1500015258789,83.58000183105469,83.9000015258789,60.217552185058594,28412400
2020-06-10,83.79000091552734,84.22000122070312,83.26000213623047,83.77999877929688,60.13143539428711,36663100
2020-06-11,82.58000183105469,82.62000274658203,81.47000122070312,81.62999725341797,58.58829116821289,48794500
2020-06-12,82.73999786376953,82.87000274658203,81.8499984741211,82.44000244140625,59.16966247558594,36156800
2020-06-15,81.9000015258789,83.77999877929688,81.72000122070312,83.23999786376953,59.743865966796875,39432300
2020-06-16,84.25,84.33000183105469,83.30999755859375,83.58000183105469,59.98786544799805,40976300
2020-06-17,83.5199966430664,83.62000274658203,83.1500015258789,83.19000244140625,59.70798873901367,17066700
2020-06-18,82.95999908447266,83.20999908447266,82.83000183105469,83.16000366210938,59.68643569946289,22223600
2020-06-19,83.31999969482422,83.37000274658203,82.70999908447266,82.87999725341797,59.48546600341797,32037600
2020-06-22,82.87000274658203,83.02999877929688,82.69000244140625,82.81999969482422,59.4423942565918,21536000
2020-06-23,83.11000061035156,83.13999938964844,82.88999938964844,82.94000244140625,59.528499603271484,17438000
2020-06-24,82.68000030517578,82.77999877929688,81.54000091552734,82.08999633789062,58.918460845947266,43720600
2020-06-25,81.87000274658203,82.16999816894531,81.48999786376953,82.12000274658203,58.93999481201172,31159700
2020-06-26,82.01000213623047,82.01000213623047,81.2300033569336,81.33999633789062,58.38016128540039,33705800
2020-06-29,81.44000244140625,81.44999694824219,80.4800033569336,80.87999725341797,58.049983978271484,76540200
2020-06-30,81.1500015258789,81.80000305175781,81.08000183105469,81.62000274658203,58.58113479614258,40554300
2020-07-01,81.41000366210938,81.7699966430664,81.41000366210938,81.52999877929688,58.76345443725586,28799100
2020-07-02,82.23999786376953,82.51000213623047,81.97000122070312,82.12999725341797,59.1959228515625,30623300
2020-07-06,82.62000274658203,82.73999786376953,82.41000366210938,82.72000122070312,59.621158599853516,22888200
2020-07-07,82.62999725341797,82.83999633789062,82.12999725341797,82.16999816894531,59.224754333496094,22408000
2020-07-08,82.12999725341797,82.5,82.12000274658203,82.38999938964844,59.38332748413086,21155700
2020-07-09,82.38999938964844,82.45999908447266,81.83000183105469,82.20999908447266,59.25358581542969,21655600
2020-07-10,82.06999969482422,82.54000091552734,81.9800033569336,82.48999786376953,59.45540237426758,17903400
2020-07-13,82.80000305175781,82.91000366210938,82.02999877929688,82.04000091552734,59.13106155395508,20039400
2020-07-14,82.04000091552734,82.77999877929688,82.04000091552734,82.73999786376953,59.63559341430664,31929700
2020-07-15,83.23999786376953,83.30999755859375,82.91000366210938,83.20999908447266,59.974365234375,21291300
2020-07-16,83.16000366210938,83.30000305175781,83.08000183105469,83.29000091552734,60.032012939453125,17570400
2020-07-17,83.4800033569336,83.55000305175781,83.20999908447266,83.5199966430664,60.19779968261719,22863700
2020-07-20,83.58999633789062,84.05999755859375,83.51000213623047,84.0199966430664,60.55816650390625,16701600
2020-07-21,84.30000305175781,84.58000183105469,84.2699966430664,84.41000366210938,60.83926773071289,22331600
2020-07-22,84.5,84.62000274658203,84.33999633789062,84.58000183105469,60.961788177490234,15251400
2020-07-23,84.56999969482422,84.62000274658203,83.97000122070312,84.5199966430664,60.91851806640625,28434900
2020-07-24,84.33999633789062,84.69999694824219,84.30000305175781,84.5999984741211,60.97620391845703,14977500
2020-07-27,84.7300033569336,84.81999969482422,84.51000213623047,84.80000305175781,61.12035369873047,12931500
2020-07-28,84.72000122070312,84.80000305175781,84.5,84.58000183105469,60.961788177490234,14862900
2020-07-29,84.83999633789062,85.11000061035156,84.69999694824219,85.05000305175781,61.30055236816406,18012800
2020-07-30,84.77999877929688,85.2699966430664,84.73999786376953,85.2300033569336,61.43027877807617,54812400
2020-07-31,85.19999694824219,85.4000015258789,84.9000015258789,85.38999938964844,61.54561233520508,28623100
2020-08-03,85.02999877929688,85.11000061035156,84.8499984741211,85.06999969482422,61.560791015625,17480600
2020-08-04,84.97000122070312,85.06999969482422,84.80000305175781,85.04000091552734,61.5390739440918,17120700
2020-08-05,85.05999755859375,85.2300033569336,85.01000213623047,85.19000244140625,61.647613525390625,14566000
2020-08-06,85.19000244140625,85.4000015258789,85.0999984741211,85.37999725341797,61.785118103027344,13258600
2020-08-07,85.3499984741211,85.3499984741211,85.05000305175781,85.16999816894531,61.63315963745117,14289900
2020-08-10,85.26000213623047,85.30000305175781,85.01000213623047,85.20999908447266,61.662109375,13708700
2020-08-11,85.25,85.2699966430664,84.4000015258789,84.44000244140625,61.104881286621094,20535400
2020-08-12,84.80999755859375,85.0199966430664,84.45999908447266,84.45999908447266,61.11936569213867,18003400
2020-08-13,84.4800033569336,84.80999755859375,84.1500015258789,84.2300033569336,60.95295715332031,28444900
2020-08-14,84.20999908447266,84.30000305175781,83.91999816894531,84.08000183105469,60.84440994262695,14072300
2020-08-17,84.16000366210938,84.62000274658203,84.0999984741211,84.58000183105469,61.20620346069336,13756500
2020-08-18,84.62000274658203,84.7699966430664,84.41000366210938,84.70999908447266,61.30029296875,24900300
2020-08-19,84.66999816894531,84.79000091552734,84.37000274658203,84.47000122070312,61.126609802246094,18738300
2020-08-20,84.33000183105469,84.75,84.31999969482422,84.75,61.32924270629883,19912800
2020-08-21,84.75,84.80999755859375,84.62999725341797,84.73999786376953,61.321990966796875,17570600
2020-08-24,84.9000015258789,85.16999816894531,84.88999938964844,85.12999725341797,61.604225158691406,16058100
2020-08-25,85.13999938964844,85.27999877929688,84.91000366210938,85.22000122070312,61.66935729980469,24018600
2020-08-26,85.2300033569336,85.37000274658203,85.16999816894531,85.20999908447266,61.662109375,16243100
2020-08-27,85.31999969482422,85.3499984741211,84.9000015258789,85.08000183105469,61.56804656982422,19861800
2020-08-28,85.12999725341797,85.2699966430664,85.08999633789062,85.1500015258789,61.61868667602539,14418500
2020-08-31,85.12999725341797,85.2300033569336,84.98999786376953,85.02999877929688,61.53184509277344,21473800
2020-09-01,84.70999908447266,85.2300033569336,84.63999938964844,85.1500015258789,61.866790771484375,22774200
2020-09-02,85.19999694824219,85.38999938964844,84.94999694824219,85.25,61.93948745727539,15878600
2020-09-03,85.0999984741211,85.12000274658203,84.37000274658203,84.72000122070312,61.55438995361328,34169800
2020-09-04,84.80000305175781,84.94000244140625,83.9800033569336,84.48999786376953,61.387237548828125,36087300
2020-09-08,84.13999938964844,84.41000366210938,83.91000366210938,84.0199966430664,61.04579544067383,34967600
2020-09-09,84.37999725341797,84.73999786376953,84.25,84.68000030517578,61.52531433105469,32976800
2020-09-10,84.80999755859375,84.83000183105469,84.25,84.27999877929688,61.23468780517578,32866300
2020-09-11,84.33999633789062,84.48999786376953,84.0999984741211,84.44999694824219,61.358184814453125,20807100
2020-09-14,84.62000274658203,84.69999694824219,84.2699966430664,84.36000061035156,61.29281234741211,28958000
2020-09-15,84.55000305175781,84.72000122070312,84.44000244140625,84.58999633789062,61.45994567871094,22176900
2020-09-16,84.6500015258789,84.98999786376953,84.51000213623047,84.58999633789062,61.45994567871094,26951200
2020-09-17,84.30999755859375,84.66000366210938,84.2300033569336,84.5,61.394527435302734,25752400
2020-09-18,84.66999816894531,84.69000244140625,84.25,84.29000091552734,61.24193572998047,29891800
2020-09-21,83.93000030517578,84.02999877929688,83.37999725341797,83.61000061035156,60.74790573120117,42968900
2020-09-22,83.70999908447266,83.94999694824219,83.5199966430664,83.9000015258789,60.958580017089844,41396800
2020-09-23,83.9800033569336,83.9800033569336,82.95999908447266,83.05000305175781,60.341041564941406,39577800
2020-09-24,82.87000274658203,83.33999633789062,82.55999755859375,83.0999984741211,60.377342224121094,38755800
2020-09-25,83.0,83.16000366210938,82.76000213623047,82.94999694824219,60.26836013793945,36032200
2020-09-28,83.37999725341797,83.62000274658203,83.19000244140625,83.48999786376953,60.660701751708984,20277000
2020-09-29,83.55999755859375,83.61000061035156,83.29000091552734,83.55999755859375,60.71157455444336,20243400
2020-09-30,83.55999755859375,84.02999877929688,83.55000305175781,83.9000015258789,60.958580017089844,28797600
2020-10-01,83.80999755859375,83.88999938964844,83.69000244140625,83.83000183105469,61.167999267578125,31098000
2020-10-02,83.27999877929688,83.87000274658203,83.27999877929688,83.83000183105469,61.167999267578125,26284300
2020-10-05,83.98999786376953,84.4800033569336,83.91999816894531,84.45999908447266,61.62771224975586,27394000
2020-10-06,84.4800033569336,84.75,84.22000122070312,84.2699966430664,61.48905944824219,37848500
2020-10-07,84.5199966430664,84.62999725341797,84.47000122070312,84.56999969482422,61.70792770385742,20968200
2020-10-08,84.83999633789062,84.8499984741211,84.63999938964844,84.76000213623047,61.84656524658203,18738800
2020-10-09,84.88999938964844,85.02999877929688,84.76000213623047,84.94999694824219,61.98525619506836,21287800
2020-10-12,85.22000122070312,85.47000122070312,85.12999725341797,85.37999725341797,62.29898452758789,10503400
2020-10-13,85.16000366210938,85.26000213623047,84.93000030517578,85.0,62.021724700927734,25183100
2020-10-14,84.95999908447266,85.0199966430664,84.72000122070312,84.79000091552734,61.86849594116211,31620600
2020-10-15,84.44999694824219,84.77999877929688,84.31999969482422,84.7300033569336,61.82472229003906,32232100
2020-10-16,84.86000061035156,84.94000244140625,84.5199966430664,84.62999725341797,61.751747131347656,27456900
2020-10-19,84.80000305175781,84.86000061035156,84.30000305175781,84.33000183105469,61.53287124633789,20998100
2020-10-20,84.4800033569336,84.7699966430664,84.47000122070312,84.62999725341797,61.751747131347656,27650700
2020-10-21,84.62000274658203,84.80000305175781,84.52999877929688,84.62000274658203,61.74444580078125,26901600
2020-10-22,84.61000061035156,84.83999633789062,84.44999694824219,84.7699966430664,61.85391616821289,28977800
2020-10-23,84.9000015258789,84.91999816894531,84.66999816894531,84.87000274658203,61.92686462402344,20734700
2020-10-26,84.55999755859375,84.62000274658203,84.08999633789062,84.12000274658203,61.37960433959961,50102400
2020-10-27,84.18000030517578,84.33999633789062,84.12000274658203,84.16000366210938,61.408790588378906,30880900
2020-10-28,83.61000061035156,83.72000122070312,83.30999755859375,83.45999908447266,60.89802169799805,45794300
2020-10-29,83.4000015258789,83.73999786376953,83.2699966430664,83.69999694824219,61.073150634765625,37112600
2020-10-30,83.62999725341797,83.91999816894531,83.43000030517578,83.87999725341797,61.204505920410156,36801700
2020-11-02,83.77999877929688,83.8499984741211,83.48999786376953,83.72000122070312,61.35029602050781,25665400
2020-11-03,83.88999938964844,84.44000244140625,83.88999938964844,84.44000244140625,61.8779296875,39777600
2020-11-04,84.69000244140625,85.41000366210938,84.66000366210938,85.2300033569336,62.45684814453125,57673400
2020-11-05,85.63999938964844,85.87999725341797,85.41999816894531,85.52999877929688,62.67668151855469,55079000
2020-11-06,85.55999755859375,85.58000183105469,85.11000061035156,85.2300033569336,62.45684814453125,25953400
2020-11-09,86.87999725341797,86.9000015258789,85.83999633789062,85.87999725341797,62.93315505981445,59347100
2020-11-10,85.77999877929688,86.05999755859375,83.37999725341797,85.76000213623047,62.84523391723633,39295700
2020-11-11,85.91999816894531,85.93000030517578,85.62999725341797,85.7300033569336,62.82324981689453,14416200
2020-11-12,85.6500015258789,85.6500015258789,85.1500015258789,85.1500015258789,62.398216247558594,43300100
2020-11-13,85.25,85.52999877929688,85.23999786376953,85.44000244140625,62.610740661621094,20277100
2020-11-16,85.9000015258789,85.95999908447266,85.69000244140625,85.91999816894531,62.962467193603516,28350400
2020-11-17,85.77999877929688,86.11000061035156,85.72000122070312,85.94999694824219,62.98446273803711,23747100
2020-11-18,86.04000091552734,86.13999938964844,85.76000213623047,85.79000091552734,62.8671989440918,22098900
2020-11-19,85.70999908447266,86.13999938964844,85.6500015258789,86.08000183105469,63.07974624633789,21704200
2020-11-20,85.91999816894531,86.0199966430664,85.8499984741211,85.91999816894531,62.962467193603516,48530200
2020-11-23,86.13999938964844,86.20999908447266,85.95999908447266,86.05000305175781,63.0577278137207,23790600
2020-11-24,86.31999969482422,86.5199966430664,86.20999908447266,86.30999755859375,63.24826431274414,26080100
2020-11-25,86.30000305175781,86.41999816894531,86.19000244140625,86.2699966430664,63.218971252441406,26510900
2020-11-27,86.43000030517578,86.5,86.38999938964844,86.41000366210938,63.32154846191406,7338500
2020-11-30,86.43000030517578,86.43000030517578,86.1500015258789,86.31999969482422,63.2556037902832,24256900
2020-12-01,86.25,86.38999938964844,86.18000030517578,86.19999694824219,63.418190002441406,26256700
2020-12-02,86.22000122070312,86.55000305175781,86.1500015258789,86.44000244140625,63.594783782958984,23705000
2020-12-03,86.5199966430664,86.69999694824219,86.44000244140625,86.48999786376953,63.63153839111328,20748400
2020-12-04,86.66999816894531,86.9000015258789,86.5199966430664,86.8499984741211,63.89641571044922,19362000
2020-12-07,86.80000305175781,86.83999633789062,86.68000030517578,86.80999755859375,63.86697006225586,17811300
2020-12-08,86.7699966430664,86.8499984741211,86.69999694824219,86.73999786376953,63.815467834472656,21408300
2020-12-09,86.8499984741211,86.8499984741211,86.48999786376953,86.61000061035156,63.7198486328125,36608500
2020-12-10,86.4800033569336,86.87999725341797,86.45999908447266,86.7699966430664,63.83757019042969,24251500
2020-12-11,86.72000122070312,86.86000061035156,86.54000091552734,86.68000030517578,63.771358489990234,17699600
2020-12-14,86.83000183105469,86.87999725341797,86.5999984741211,86.69999694824219,63.78605270385742,20705200
2020-12-15,86.8499984741211,87.0,86.68000030517578,86.97000122070312,63.984703063964844,25052800
2020-12-16,86.94000244140625,86.97000122070312,86.5999984741211,86.83999633789062,63.889041900634766,42386700
2020-12-17,86.58999633789062,86.68000030517578,86.51000213623047,86.61000061035156,63.98434066772461,23911400
2020-12-18,86.6500015258789,86.72000122070312,86.55000305175781,86.68000030517578,64.03610229492188,26741200
2020-12-21,86.37999725341797,86.55000305175781,86.22000122070312,86.37000274658203,63.80705261230469,30308300
2020-12-22,86.43000030517578,86.54000091552734,86.3499984741211,86.4800033569336,63.88829803466797,21975100
2020-12-23,86.62000274658203,86.91000366210938,86.5999984741211,86.87000274658203,64.17642974853516,15913900
2020-12-24,86.94999694824219,87.05000305175781,86.94000244140625,87.05000305175781,64.3094253540039,7327300
2020-12-28,87.18000030517578,87.2300033569336,87.04000091552734,87.16000366210938,64.39067840576172,22575500
2020-12-29,87.30999755859375,87.30999755859375,87.04000091552734,87.05000305175781,64.3094253540039,22893000
2020-12-30,87.08000183105469,87.27999877929688,87.08000183105469,87.2300033569336,64.44239807128906,21080100
2020-12-31,87.20999908447266,87.33999633789062,87.16999816894531,87.30000305175781,64.49410247802734,12059900
2021-01-04,87.4000015258789,87.4000015258789,86.87000274658203,87.12000274658203,64.36112213134766,34528300
2021-01-05,87.0199966430664,87.25,86.9800033569336,87.1500015258789,64.3832778930664,33725500
2021-01-06,87.08999633789062,87.33999633789062,86.97000122070312,86.98999786376953,64.26507568359375,37148100
2021-01-07,87.18000030517578,87.37000274658203,87.12999725341797,87.23999786376953,64.44976043701172,25868200
2021-01-08,87.3499984741211,87.37999725341797,87.13999938964844,87.37000274658203,64.54582977294922,27403600
2021-01-11,87.0199966430664,87.16999816894531,86.88999938964844,86.9000015258789,64.19859313964844,26608000
2021-01-12,86.88999938964844,87.06999969482422,86.79000091552734,87.01000213623047,64.27983093261719,41746100
2021-01-13,86.9800033569336,87.30999755859375,86.94999694824219,87.2699966430664,64.4719467163086,47710300
2021-01-14,87.2699966430664,87.37999725341797,87.22000122070312,87.25,64.45716857910156,25484800
2021-01-15,87.13999938964844,87.2699966430664,87.05000305175781,87.11000061035156,64.3537368774414,48134800
2021-01-19,87.3499984741211,87.37999725341797,87.1500015258789,87.36000061035156,64.53842163085938,24270500
2021-01-20,87.62000274658203,87.62000274658203,87.37000274658203,87.5199966430664,64.65663146972656,24534700
2021-01-21,87.47000122070312,87.56999969482422,87.37999725341797,87.47000122070312,64.61966705322266,20451400
2021-01-22,87.27999877929688,87.38999938964844,87.18000030517578,87.30000305175781,64.49410247802734,26615900
2021-01-25,87.30000305175781,87.33999633789062,87.02999877929688,87.31999969482422,64.50888061523438,28718200
2021-01-26,87.29000091552734,87.33000183105469,87.18000030517578,87.19000244140625,64.41285705566406,39103500
2021-01-27,87.0199966430664,87.22000122070312,86.80999755859375,86.94000244140625,64.22814178466797,46378600
2021-01-28,87.16000366210938,87.48999786376953,87.13999938964844,87.19999694824219,64.42020416259766,38836200
2021-01-29,87.12999725341797,87.37000274658203,86.88999938964844,86.97000122070312,64.25032806396484,46095900
2021-02-01,86.80999755859375,86.97000122070312,86.66000366210938,86.93000030517578,64.4564437866211,35620700
2021-02-02,87.1500015258789,87.26000213623047,87.08999633789062,87.13999938964844,64.61214447021484,29522300
2021-02-03,87.19999694824219,87.36000061035156,87.16999816894531,87.20999908447266,64.66407012939453,31911000
2021-02-04,87.3499984741211,87.47000122070312,87.30999755859375,87.38999938964844,64.79754638671875,21181100
2021-02-05,87.62999725341797,87.6500015258789,87.4800033569336,87.5199966430664,64.89389038085938,21653100
2021-02-08,87.58999633789062,87.77999877929688,87.55999755859375,87.77999877929688,65.08667755126953,16590100
2021-02-09,87.6500015258789,87.7300033569336,87.56999969482422,87.62000274658203,64.96807861328125,14404300
2021-02-10,87.62000274658203,87.68000030517578,87.47000122070312,87.5999984741211,64.95323181152344,20469400
2021-02-11,87.63999938964844,87.68000030517578,87.54000091552734,87.63999938964844,64.98287200927734,17047200
2021-02-12,87.55000305175781,87.79000091552734,87.55000305175781,87.77999877929688,65.08667755126953,17800100
2021-02-16,87.7300033569336,87.73999786376953,87.56999969482422,87.63999938964844,64.98287200927734,22264400
2021-02-17,87.45999908447266,87.61000061035156,87.43000030517578,87.61000061035156,64.96063232421875,20276700
2021-02-18,87.47000122070312,87.58999633789062,87.38999938964844,87.48999786376953,64.87165069580078,26366700
2021-02-19,87.62999725341797,87.62999725341797,87.4800033569336,87.5,64.87907409667969,28124800
2021-02-22,87.37000274658203,87.45999908447266,87.2300033569336,87.2300033569336,64.67887878417969,25455400
2021-02-23,87.19000244140625,87.51000213623047,87.01000213623047,87.44000244140625,64.8345947265625,29015900
2021-02-24,87.30999755859375,87.52999877929688,87.2300033569336,87.52999877929688,64.90132904052734,21791800
2021-02-25,87.33000183105469,87.41999816894531,86.5999984741211,86.69999694824219,64.28588104248047,59413400
2021-02-26,86.87999725341797,86.91999816894531,86.41000366210938,86.44000244140625,64.0931167602539,46615300
2021-03-01,86.66999816894531,87.16000366210938,86.55999755859375,87.0999984741211,64.81266784667969,48014200
2021-03-02,87.1500015258789,87.16000366210938,86.93000030517578,86.97000122070312,64.7159194946289,23988500
2021-03-03,86.83999633789062,86.91000366210938,86.66000366210938,86.69000244140625,64.50760650634766,30197000
2021-03-04,86.75,86.94999694824219,86.08000183105469,86.36000061035156,64.26201629638672,49020300
2021-03-05,86.48999786376953,86.72000122070312,86.08999633789062,86.62000274658203,64.45551300048828,46950100
2021-03-08,86.56999969482422,86.63999938964844,85.97000122070312,85.98999786376953,63.986717224121094,39868700
2021-03-09,86.22000122070312,86.44999694824219,86.08000183105469,86.11000061035156,64.07601165771484,31441100
2021-03-10,86.22000122070312,86.5,86.1500015258789,86.37999725341797,64.27689361572266,23776600
2021-03-11,86.58000183105469,86.86000061035156,86.58000183105469,86.69999694824219,64.51502227783203,27728500
2021-03-12,86.55999755859375,86.5999984741211,86.37000274658203,86.45999908447266,64.3364486694336,21842000
2021-03-15,86.4000015258789,86.55000305175781,86.30999755859375,86.47000122070312,64.34392547607422,14719400
2021-03-16,86.43000030517578,86.48999786376953,86.18000030517578,86.2699966430664,64.19506072998047,22931400
2021-03-17,86.0999984741211,86.6500015258789,86.04000091552734,86.38999938964844,64.2843246459961,28345800
2021-03-18,86.05999755859375,86.16999816894531,85.70999908447266,85.7300033569336,63.7932243347168,37150300
2021-03-19,85.86000061035156,86.1500015258789,85.6500015258789,86.05999755859375,64.0387954711914,47467800
2021-03-22,86.19999694824219,86.5199966430664,86.1500015258789,86.37000274658203,64.26946258544922,32979500
2021-03-23,86.3499984741211,86.5,86.25,86.45999908447266,64.3364486694336,24705800
2021-03-24,86.54000091552734,86.80000305175781,86.51000213623047,86.51000213623047,64.37366485595703,31374500
2021-03-25,86.44999694824219,86.66000366210938,86.36000061035156,86.66000366210938,64.48526763916016,24070300
2021-03-26,86.76000213623047,86.93000030517578,86.56999969482422,86.91999816894531,64.67874145507812,25948000
2021-03-29,86.86000061035156,87.0,86.69999694824219,86.97000122070312,64.7159194946289,17447500
2021-03-30,86.83000183105469,86.87999725341797,86.73999786376953,86.76000213623047,64.55968475341797,19622100
2021-03-31,86.86000061035156,87.20999908447266,86.8499984741211,87.18000030517578,64.8722152709961,41604700
2021-04-01,86.97000122070312,87.06999969482422,86.8499984741211,87.06999969482422,65.00957489013672,30806600
2021-04-05,87.08000183105469,87.18000030517578,87.04000091552734,87.11000061035156,65.03946685791016,20758300
2021-04-06,87.12999725341797,87.30000305175781,87.12999725341797,87.26000213623047,65.15148162841797,15367900
2021-04-07,87.27999877929688,87.31999969482422,87.16999816894531,87.2300033569336,65.1290512084961,15645400
2021-04-08,87.33000183105469,87.36000061035156,87.23999786376953,87.26000213623047,65.15148162841797,11052100
2021-04-09,87.1500015258789,87.20999908447266,87.0999984741211,87.19999694824219,65.10664367675781,17413100
2021-04-12,87.0999984741211,87.13999938964844,87.0199966430664,87.11000061035156,65.03946685791016,15464500
2021-04-13,87.01000213623047,87.19999694824219,86.91000366210938,87.16999816894531,65.0842514038086,20643500
2021-04-14,87.19000244140625,87.29000091552734,87.08999633789062,87.12999725341797,65.05438995361328,17992800
2021-04-15,87.33000183105469,87.4800033569336,87.2699966430664,87.4800033569336,65.31571197509766,20944400
2021-04-16,87.5,87.52999877929688,87.30000305175781,87.30000305175781,65.18130493164062,32509300
2021-04-19,87.19999694824219,87.29000091552734,87.12000274658203,87.16000366210938,65.07682800292969,23904900
2021-04-20,87.05999755859375,87.13999938964844,86.95999908447266,87.01000213623047,64.96479034423828,22901000
2021-04-21,86.97000122070312,87.30000305175781,86.95999908447266,87.30000305175781,65.18130493164062,19527000
2021-04-22,87.31999969482422,87.33000183105469,87.12000274658203,87.13999938964844,65.06184387207031,18506500
2021-04-23,87.19999694824219,87.44999694824219,87.19000244140625,87.37000274658203,65.23357391357422,14388700
2021-04-26,87.37999725341797,87.4800033569336,87.29000091552734,87.33000183105469,65.20369720458984,12746100
2021-04-27,87.37999725341797,87.37999725341797,87.20999908447266,87.20999908447266,65.1141128540039,17660600
2021-04-28,87.23999786376953,87.44999694824219,87.16999816894531,87.37999725341797,65.24104309082031,14795000
2021-04-29,87.55000305175781,87.55000305175781,87.3499984741211,87.4800033569336,65.31571197509766,17152900
2021-04-30,87.37000274658203,87.48999786376953,87.3499984741211,87.44000244140625,65.28584289550781,23367500
2021-05-03,87.2300033569336,87.33000183105469,87.16999816894531,87.18000030517578,65.3113021850586,15782400
2021-05-04,87.11000061035156,87.1500015258789,86.97000122070312,87.12999725341797,65.27388763427734,23089700
2021-05-05,87.19000244140625,87.31999969482422,87.16999816894531,87.30000305175781,65.40120697021484,13676300
2021-05-06,87.29000091552734,87.33999633789062,87.1500015258789,87.2699966430664,65.37873840332031,23110100
2021-05-07,87.3499984741211,87.41000366210938,87.2300033569336,87.33000183105469,65.42366027832031,17872700
2021-05-10,87.36000061035156,87.37999725341797,87.12999725341797,87.12999725341797,65.27388763427734,16580800
2021-05-11,86.9000015258789,87.08999633789062,86.80999755859375,87.04000091552734,65.20642852783203,28683600
2021-05-12,86.91999816894531,86.9800033569336,86.62000274658203,86.62000274658203,64.89179992675781,31630100
2021-05-13,86.7699966430664,87.0,86.76000213623047,86.93000030517578,65.1240234375,28689600
2021-05-14,87.05000305175781,87.20999908447266,87.0199966430664,87.20999908447266,65.33379364013672,22550800
2021-05-17,87.19999694824219,87.20999908447266,86.98999786376953,87.05000305175781,65.21392822265625,13545000
2021-05-18,87.16999816894531,87.16999816894531,86.83000183105469,86.83999633789062,65.05659484863281,16447500
2021-05-19,86.5999984741211,86.83999633789062,86.56999969482422,86.61000061035156,64.88431549072266,34701000
2021-05-20,86.68000030517578,87.33999633789062,86.68000030517578,86.9800033569336,65.16150665283203,28013700
2021-05-21,87.08000183105469,87.12999725341797,86.91999816894531,87.11000061035156,65.25888061523438,36466200
2021-05-24,87.18000030517578,87.30999755859375,87.0999984741211,87.20999908447266,65.33379364013672,24277800
2021-05-25,87.26000213623047,87.27999877929688,87.13999938964844,87.22000122070312,65.3412857055664,15466600
2021-05-26,87.16000366210938,87.2699966430664,87.16000366210938,87.25,65.36375427246094,14354900
2021-05-27,87.37999725341797,87.37999725341797,87.19999694824219,87.20999908447266,65.33379364013672,12682100
2021-05-28,87.30000305175781,87.3499984741211,87.18000030517578,87.18000030517578,65.3113021850586,15464100
2021-06-01,87.05999755859375,87.16000366210938,87.0,87.1500015258789,65.50748443603516,22655300
2021-06-02,87.1500015258789,87.2699966430664,87.12000274658203,87.26000213623047,65.5902099609375,13698300
2021-06-03,87.02999877929688,87.2300033569336,86.98999786376953,87.08000183105469,65.45487213134766,16701800
2021-06-04,87.2300033569336,87.30999755859375,87.16999816894531,87.2699966430664,65.59770202636719,26829200
2021-06-07,87.29000091552734,87.3499984741211,87.26000213623047,87.30000305175781,65.62023162841797,9189800
2021-06-08,87.44000244140625,87.44000244140625,87.30999755859375,87.36000061035156,65.66535186767578,10983900
2021-06-09,87.47000122070312,87.48999786376953,87.4000015258789,87.43000030517578,65.71797943115234,13232200
2021-06-10,87.5,87.66000366210938,87.45999908447266,87.58999633789062,65.83824157714844,15290000
2021-06-11,87.6500015258789,87.69000244140625,87.55000305175781,87.62000274658203,65.86077880859375,12559600
2021-06-14,87.58999633789062,87.58999633789062,87.47000122070312,87.54000091552734,65.8006591796875,19408600
2021-06-15,87.4800033569336,87.56999969482422,87.44000244140625,87.52999877929688,65.79312896728516,16037000
2021-06-16,87.52999877929688,87.56999969482422,87.26000213623047,87.41000366210938,65.70294189453125,21267200
2021-06-17,87.45999908447266,87.5,87.37999725341797,87.47000122070312,65.74801635742188,21099000
2021-06-18,87.33999633789062,87.44999694824219,87.29000091552734,87.43000030517578,65.71797943115234,35134500
2021-06-21,87.5199966430664,87.5999984741211,87.44999694824219,87.5999984741211,65.84574127197266,21265000
2021-06-22,87.56999969482422,87.66000366210938,87.5199966430664,87.66000366210938,65.89086151123047,14604400
2021-06-23,87.62999725341797,87.75,87.56999969482422,87.56999969482422,65.82318878173828,16583100
2021-06-24,87.73999786376953,87.83999633789062,87.69999694824219,87.83999633789062,66.02613830566406,12722300
2021-06-25,87.8499984741211,87.94999694824219,87.83000183105469,87.93000030517578,66.09378051757812,16175000
2021-06-28,87.97000122070312,87.97000122070312,87.86000061035156,87.91999816894531,66.08629608154297,16019300
2021-06-29,87.94000244140625,88.02999877929688,87.93000030517578,88.02999877929688,66.16898345947266,12728000
2021-06-30,87.97000122070312,88.06999969482422,87.95999908447266,88.04000091552734,66.17648315429688,26093500
2021-07-01,87.83000183105469,87.91999816894531,87.80999755859375,87.91999816894531,66.30621337890625,31932400
2021-07-02,87.95999908447266,88.06999969482422,87.91999816894531,88.05999755859375,66.4117660522461,11464800
2021-07-06,88.05999755859375,88.08000183105469,87.94000244140625,88.01000213623047,66.37409210205078,17784300
2021-07-07,88.08999633789062,88.0999984741211,87.93000030517578,88.04000091552734,66.39669036865234,11463700
2021-07-08,87.80999755859375,87.93000030517578,87.7699966430664,87.8499984741211,66.25341033935547,21936400
2021-07-09,87.87999725341797,88.0199966430664,87.87000274658203,88.0,66.36653900146484,17698100
2021-07-12,88.0,88.0199966430664,87.88999938964844,87.97000122070312,66.3438949584961,17546700
2021-07-13,87.91999816894531,87.95999908447266,87.69999694824219,87.70999908447266,66.14783477783203,26938600
2021-07-14,87.80999755859375,87.87999725341797,87.73999786376953,87.8499984741211,66.25341033935547,16100200
2021-07-15,87.7699966430664,87.81999969482422,87.72000122070312,87.79000091552734,66.20816802978516,16384800
2021-07-16,87.83999633789062,87.83999633789062,87.63999938964844,87.66999816894531,66.11766052246094,17820400
2021-07-19,87.45999908447266,87.48999786376953,86.9800033569336,87.08000183105469,65.67266845703125,54224700
2021-07-20,87.16000366210938,87.52999877929688,87.08000183105469,87.5199966430664,66.00454711914062,26941300
2021-07-21,87.58000183105469,87.76000213623047,87.55999755859375,87.7300033569336,66.16290283203125,18522600
2021-07-22,87.73999786376953,87.8499984741211,87.6500015258789,87.77999877929688,66.20061492919922,17110500
2021-07-23,87.87999725341797,87.98999786376953,87.83000183105469,87.94999694824219,66.32881927490234,19441000
2021-07-26,87.91999816894531,87.97000122070312,87.77999877929688,87.81999969482422,66.23078918457031,15282700
2021-07-27,87.69999694824219,87.7699966430664,87.55999755859375,87.69999694824219,66.1402816772461,19919000
2021-07-28,87.80000305175781,87.8499984741211,87.66999816894531,87.7699966430664,66.19308471679688,15129200
2021-07-29,87.83000183105469,88.0,87.83000183105469,87.95999908447266,66.33635711669922,18675000
2021-07-30,87.93000030517578,87.97000122070312,87.83999633789062,87.83999633789062,66.24585723876953,21062100
2021-08-02,87.66999816894531,87.69000244140625,87.33999633789062,87.33999633789062,66.0816879272461,27274400
2021-08-03,87.38999938964844,87.45999908447266,87.27999877929688,87.44000244140625,66.1573257446289,16058700
2021-08-04,87.37000274658203,87.41999816894531,87.27999877929688,87.27999877929688,66.0362777709961,17113300
2021-08-05,87.33000183105469,87.5199966430664,87.33000183105469,87.4800033569336,66.1875991821289,15465700
2021-08-06,87.43000030517578,87.5199966430664,87.37000274658203,87.37999725341797,66.11194610595703,12923200
2021-08-09,87.33999633789062,87.36000061035156,87.18000030517578,87.18000030517578,65.96061706542969,10788700
2021-08-10,87.19000244140625,87.19999694824219,86.97000122070312,86.9800033569336,65.80931854248047,31522900
2021-08-11,87.04000091552734,87.16000366210938,87.01000213623047,87.12000274658203,65.91523742675781,15834400
2021-08-12,87.12000274658203,87.29000091552734,87.08999633789062,87.2699966430664,66.02871704101562,14127800
2021-08-13,87.30000305175781,87.45999908447266,87.30000305175781,87.45999908447266,66.17247009277344,10016800
2021-08-16,87.44000244140625,87.48999786376953,87.3499984741211,87.48999786376953,66.19515991210938,12598100
2021-08-17,87.38999938964844,87.4000015258789,87.19999694824219,87.29000091552734,66.0438461303711,18468400
2021-08-18,87.30000305175781,87.38999938964844,87.08999633789062,87.08999633789062,65.89254760742188,12147600
2021-08-19,87.0,87.19999694824219,86.94999694824219,87.08000183105469,65.88496398925781,20026700
2021-08-20,87.0999984741211,87.33000183105469,87.08999633789062,87.29000091552734,66.0438461303711,16784100
2021-08-23,87.41000366210938,87.58999633789062,87.41000366210938,87.55999755859375,66.24815368652344,21933100
2021-08-24,87.58000183105469,87.69999694824219,87.55000305175781,87.68000030517578,66.33892822265625,20828100
2021-08-25,87.69999694824219,87.81999969482422,87.66000366210938,87.7699966430664,66.40703582763672,19085400
2021-08-26,87.76000213623047,87.7699966430664,87.58000183105469,87.72000122070312,66.36917877197266,17676100
2021-08-27,87.75,87.98999786376953,87.7300033569336,87.95999908447266,66.55075073242188,18519700
2021-08-30,87.9800033569336,88.0999984741211,87.95999908447266,88.06999969482422,66.63402557373047,11640000
2021-08-31,88.05999755859375,88.0999984741211,87.97000122070312,88.08999633789062,66.64913177490234,19163900
2021-09-01,87.83999633789062,87.9800033569336,87.81999969482422,87.88999938964844,66.7060317993164,22973500
2021-09-02,88.0,88.0199966430664,87.93000030517578,88.0,66.78953552246094,16521300
2021-09-03,87.95999908447266,88.04000091552734,87.88999938964844,88.01000213623047,66.7971420288086,6491000
2021-09-07,87.98999786376953,87.98999786376953,87.7699966430664,87.77999877929688,66.62256622314453,11728800
2021-09-08,87.79000091552734,87.91000366210938,87.70999908447266,87.87999725341797,66.6984634399414,13020900
2021-09-09,87.87000274658203,87.9800033569336,87.86000061035156,87.95999908447266,66.75917053222656,23024700
2021-09-10,88.08000183105469,88.08999633789062,87.81999969482422,87.83000183105469,66.66053009033203,16112600
2021-09-13,87.94999694824219,88.05999755859375,87.88999938964844,88.05000305175781,66.82746887207031,17136900
2021-09-14,88.08000183105469,88.12000274658203,87.97000122070312,88.01000213623047,66.7971420288086,20108000
2021-09-15,88.0199966430664,88.13999938964844,88.01000213623047,88.13999938964844,66.89580535888672,17069500
2021-09-16,88.11000061035156,88.13999938964844,87.94999694824219,88.11000061035156,66.87300872802734,13859700
2021-09-17,88.08000183105469,88.08999633789062,87.97000122070312,88.0,66.78953552246094,38948500
2021-09-20,87.5999984741211,87.80999755859375,87.55000305175781,87.69000244140625,66.5542984008789,49641000
2021-09-21,87.83000183105469,87.87999725341797,87.68000030517578,87.83999633789062,66.66809844970703,27304200
2021-09-22,87.97000122070312,88.08000183105469,87.8499984741211,88.0,66.78953552246094,24344800
2021-09-23,88.05000305175781,88.16000366210938,87.95999908447266,88.04000091552734,66.81991577148438,27590300
2021-09-24,87.95999908447266,88.0199966430664,87.86000061035156,87.91000366210938,66.72127532958984,21713200
2021-09-27,87.76000213623047,87.88999938964844,87.7300033569336,87.83000183105469,66.66053009033203,17652900
2021-09-28,87.66000366210938,87.69999694824219,87.37999725341797,87.43000030517578,66.35693359375,35515900
2021-09-29,87.52999877929688,87.70999908447266,87.51000213623047,87.58999633789062,66.47836303710938,19783400
2021-09-30,87.63999938964844,87.68000030517578,87.37999725341797,87.48999786376953,66.40247344970703,41680700
2021-10-01,87.3499984741211,87.4800033569336,87.13999938964844,87.41000366210938,66.5616226196289,30062800
2021-10-04,87.3499984741211,87.37999725341797,87.08000183105469,87.0999984741211,66.3255615234375,24726400
2021-10-05,87.19000244140625,87.22000122070312,87.02999877929688,87.05999755859375,66.29509735107422,22347700
2021-10-06,86.87000274658203,87.04000091552734,86.7699966430664,87.01000213623047,66.25703430175781,28905900
2021-10-07,87.12999725341797,87.30000305175781,86.95999908447266,87.0199966430664,66.26460266113281,29054000
2021-10-08,87.0,87.05000305175781,86.76000213623047,86.76000213623047,66.066650390625,28064300
2021-10-11,86.76000213623047,86.80999755859375,86.48999786376953,86.48999786376953,65.8610610961914,16068400
2021-10-12,86.5999984741211,86.7699966430664,86.58000183105469,86.6500015258789,65.9828872680664,32922200
2021-10-13,86.69999694824219,86.87999725341797,86.55999755859375,86.87999725341797,66.15801239013672,29370400
2021-10-14,87.05000305175781,87.37999725341797,87.04000091552734,87.37000274658203,66.53116607666016,26937000
2021-10-15,87.38999938964844,87.38999938964844,87.16999816894531,87.22000122070312,66.41693115234375,29782900
2021-10-18,87.0199966430664,87.18000030517578,86.98999786376953,87.18000030517578,66.386474609375,20338400
2021-10-19,87.18000030517578,87.25,87.12000274658203,87.23999786376953,66.43214416503906,26103300
2021-10-20,87.25,87.29000091552734,87.19000244140625,87.2699966430664,66.45503234863281,19720100
2021-10-21,87.25,87.29000091552734,86.98999786376953,87.05000305175781,66.2874984741211,19273600
2021-10-22,87.0199966430664,87.05999755859375,86.80000305175781,86.83999633789062,66.12757110595703,20734400
2021-10-25,86.94000244140625,87.08000183105469,86.7699966430664,86.98999786376953,66.24179077148438,20230000
2021-10-26,87.12000274658203,87.19999694824219,87.01000213623047,87.01000213623047,66.25703430175781,19617200
2021-10-27,87.0999984741211,87.12999725341797,86.93000030517578,86.94000244140625,66.20372009277344,18521300
2021-10-28,86.9800033569336,87.16000366210938,86.9800033569336,87.16000366210938,66.37129211425781,16374700
2021-10-29,87.0199966430664,87.05000305175781,86.93000030517578,86.93000030517578,66.19610595703125,26521600
2021-11-01,86.7300033569336,86.77999877929688,86.55000305175781,86.55999755859375,66.12503814697266,29987000
2021-11-02,86.55999755859375,86.83999633789062,86.55999755859375,86.7699966430664,66.28546905517578,26441600
2021-11-03,86.70999908447266,86.95999908447266,86.69000244140625,86.94000244140625,66.41535949707031,22984200
2021-11-04,87.0199966430664,87.55999755859375,87.0,87.16999816894531,66.591064453125,28989800
2021-11-05,87.30000305175781,87.5199966430664,87.25,87.5,66.8431396484375,27595000
2021-11-08,87.58999633789062,87.61000061035156,87.33999633789062,87.38999938964844,66.75909423828125,11957900
2021-11-09,87.38999938964844,87.45999908447266,87.27999877929688,87.45999908447266,66.81257629394531,13732600
2021-11-10,87.3499984741211,87.3499984741211,86.94000244140625,86.97000122070312,66.43824005126953,30438400
2021-11-11,87.02999877929688,87.04000091552734,86.81999969482422,86.81999969482422,66.32366943359375,10086100
2021-11-12,86.91999816894531,87.05000305175781,86.83999633789062,86.8499984741211,66.34659576416016,26392400
2021-11-15,86.91000366210938,86.91999816894531,86.7300033569336,86.75,66.27019500732422,17057100
2021-11-16,86.7699966430664,86.87000274658203,86.73999786376953,86.79000091552734,66.30074310302734,14302000
2021-11-17,86.81999969482422,86.83999633789062,86.69999694824219,86.69999694824219,66.23198699951172,17919200
2021-11-18,86.80999755859375,86.80999755859375,86.62999725341797,86.62999725341797,66.17853546142578,23421300
2021-11-19,86.62999725341797,86.7699966430664,86.55999755859375,86.55999755859375,66.12503814697266,45282700
2021-11-22,86.63999938964844,86.66999816894531,86.22000122070312,86.2300033569336,65.87297058105469,26266000
2021-11-23,86.2300033569336,86.37000274658203,86.02999877929688,86.11000061035156,65.78129577636719,33967100
2021-11-24,86.0,86.11000061035156,85.76000213623047,86.08999633789062,65.7660140991211,31158800
2021-11-26,85.61000061035156,85.62000274658203,85.33999633789062,85.47000122070312,65.29238891601562,36123400
2021-11-29,85.80999755859375,86.12999725341797,85.76000213623047,86.0,65.697265625,31728900
2021-11-30,85.95999908447266,86.06999969482422,85.5199966430664,85.63999938964844,65.42223358154297,35465700
2021-12-01,85.7699966430664,85.94000244140625,85.31999969482422,85.37000274658203,65.43142700195312,41845200
2021-12-02,85.41999816894531,86.05999755859375,85.41000366210938,86.0,65.91432189941406,42383500
2021-12-03,86.05000305175781,86.0999984741211,85.83000183105469,86.0,65.91432189941406,47368800
2021-12-06,86.02999877929688,86.4800033569336,86.0,86.37999725341797,66.20555114746094,28211300
2021-12-07,86.70999908447266,87.06999969482422,86.63999938964844,86.83999633789062,66.55812072753906,42893500
2021-12-08,86.77999877929688,86.87000274658203,86.68000030517578,86.81999969482422,66.54281616210938,26598200
2021-12-09,86.80000305175781,86.80000305175781,86.43000030517578,86.43000030517578,66.2438735961914,24939100
2021-12-10,86.55999755859375,86.66000366210938,86.52999877929688,86.62999725341797,66.39714813232422,20247200
2021-12-13,86.62999725341797,86.70999908447266,86.55999755859375,86.62999725341797,66.39714813232422,17125800
2021-12-14,86.5,86.58999633789062,86.33000183105469,86.4800033569336,66.28218078613281,20310500
2021-12-15,86.47000122070312,86.83999633789062,86.33000183105469,86.80999755859375,66.53511810302734,31699000
2021-12-16,86.55000305175781,86.62999725341797,86.38999938964844,86.44999694824219,66.48590850830078,27374000
2021-12-17,86.36000061035156,86.51000213623047,86.20999908447266,86.37000274658203,66.42440795898438,27248200
2021-12-20,86.12999725341797,86.29000091552734,86.08999633789062,86.22000122070312,66.30901336669922,27560400
2021-12-21,86.33999633789062,86.69000244140625,86.33999633789062,86.68000030517578,66.66279602050781,24390500
2021-12-22,86.6500015258789,86.93000030517578,86.63999938964844,86.91000366210938,66.83969116210938,17433300
2021-12-23,86.95999908447266,87.20999908447266,86.94000244140625,87.16000366210938,67.0319595336914,15612100
2021-12-27,87.16999816894531,87.31999969482422,87.12999725341797,87.25,67.10116577148438,13396700
2021-12-28,87.22000122070312,87.23999786376953,87.08000183105469,87.20999908447266,67.07039642333984,17150700
2021-12-29,87.1500015258789,87.18000030517578,87.05000305175781,87.06999969482422,66.96275329589844,16760300
2021-12-30,87.0999984741211,87.0999984741211,86.98999786376953,87.02999877929688,66.93196105957031,12326100
2021-12-31,87.05999755859375,87.12000274658203,86.9800033569336,87.01000213623047,66.91658020019531,11505300
2022-01-03,86.91999816894531,86.97000122070312,86.76000213623047,86.97000122070312,66.88581085205078,35368400
2022-01-04,87.0,87.0,86.66999816894531,86.75,66.71660614013672,33609900
2022-01-05,86.73999786376953,86.77999877929688,86.08000183105469,86.08000183105469,66.20134735107422,44808500
2022-01-06,86.0999984741211,86.31999969482422,86.05000305175781,86.08999633789062,66.20905303955078,42823200
2022-01-07,86.08999633789062,86.0999984741211,85.86000061035156,85.87000274658203,66.03984069824219,34630100
2022-01-10,85.76000213623047,85.95999908447266,85.37000274658203,85.94000244140625,66.09370422363281,52621800
2022-01-11,85.98999786376953,86.33999633789062,85.75,86.33999633789062,66.40129852294922,32513100
2022-01-12,86.47000122070312,86.5199966430664,86.33999633789062,86.4800033569336,66.50896453857422,24621400
2022-01-13,86.45999908447266,86.5,86.13999938964844,86.16999816894531,66.27056121826172,31699700
2022-01-14,86.11000061035156,86.2300033569336,86.0,86.08999633789062,66.20905303955078,31046200
2022-01-18,85.83999633789062,85.8499984741211,85.61000061035156,85.66999816894531,65.88603973388672,46331500
2022-01-19,85.81999969482422,85.95999908447266,85.55999755859375,85.58999633789062,65.82451629638672,31390200
2022-01-20,85.75,85.97000122070312,85.41000366210938,85.43000030517578,65.70147705078125,38217700
2022-01-21,85.43000030517578,85.5999984741211,85.33000183105469,85.44000244140625,65.70915222167969,57098000
2022-01-24,85.19000244140625,85.41000366210938,84.7699966430664,85.3499984741211,65.63993072509766,79230800
2022-01-25,85.08999633789062,85.29000091552734,84.9000015258789,85.0999984741211,65.44768524169922,43642700
2022-01-26,85.47000122070312,85.87000274658203,84.69999694824219,84.80999755859375,65.22465515136719,63574900
2022-01-27,85.0199966430664,85.12000274658203,84.25,84.44000244140625,64.94009399414062,47351000
2022-01-28,84.25,84.69000244140625,83.94999694824219,84.68000030517578,65.1246566772461,51496700
2022-01-31,84.5,84.83000183105469,84.22000122070312,84.69999694824219,65.14006805419922,78932100
2022-02-01,84.6500015258789,84.77999877929688,84.37000274658203,84.7300033569336,65.39859771728516,42377300
2022-02-02,84.9000015258789,84.95999908447266,84.61000061035156,84.86000061035156,65.49893951416016,29261500
2022-02-03,84.47000122070312,84.54000091552734,84.08999633789062,84.0999984741211,64.91233825683594,44760800
2022-02-04,83.76000213623047,83.9000015258789,83.19999694824219,83.7699966430664,64.6576156616211,65508300
2022-02-07,83.54000091552734,83.86000061035156,83.41999816894531,83.70999908447266,64.61133575439453,37620700
2022-02-08,83.77999877929688,83.8499984741211,83.58000183105469,83.62000274658203,64.5418472290039,39549000
2022-02-09,83.94000244140625,84.12000274658203,83.94000244140625,84.05999755859375,64.8814697265625,37641800
2022-02-10,83.54000091552734,83.83000183105469,82.94000244140625,82.94999694824219,64.02471160888672,57751400
2022-02-11,83.2300033569336,83.25,82.44999694824219,82.66000366210938,63.80088806152344,58997100
2022-02-14,82.6500015258789,82.83000183105469,82.22000122070312,82.5199966430664,63.692840576171875,36550200
2022-02-15,82.73999786376953,82.80999755859375,82.55999755859375,82.66000366210938,63.80088806152344,32724800
2022-02-16,82.61000061035156,83.18000030517578,82.54000091552734,83.12000274658203,64.15593719482422,38996000
2022-02-17,82.97000122070312,82.97000122070312,82.70999908447266,82.7699966430664,63.885799407958984,30755200
2022-02-18,82.69000244140625,82.98999786376953,82.62000274658203,82.88999938964844,63.9784049987793,43848800
2022-02-22,82.83999633789062,83.05000305175781,82.58999633789062,82.69999694824219,63.831748962402344,37004300
2022-02-23,82.8499984741211,82.91000366210938,82.52999877929688,82.55000305175781,63.71599578857422,36545400
2022-02-24,81.91000366210938,83.18000030517578,81.83000183105469,83.13999938964844,64.17137145996094,56132500
2022-02-25,83.22000122070312,83.62999725341797,83.22000122070312,83.61000061035156,64.53412628173828,44118800
2022-02-28,83.22000122070312,83.87999725341797,83.22000122070312,83.66999816894531,64.5804672241211,54006400
2022-03-01,83.43000030517578,83.63999938964844,82.94999694824219,83.12999725341797,64.3999252319336,43268500
2022-03-02,83.08000183105469,83.36000061035156,82.94000244140625,83.33000183105469,64.55487060546875,41489200
2022-03-03,83.4800033569336,83.5,82.20999908447266,83.08000183105469,64.3612060546875,23594200
2022-03-04,82.94000244140625,82.94000244140625,82.4800033569336,82.54000091552734,63.94287109375,32141100
2022-03-07,82.38999938964844,82.41000366210938,81.75,81.81999969482422,63.38512420654297,43675900
2022-03-08,81.87999725341797,82.08999633789062,81.5,81.52999877929688,63.16042709350586,57474500
2022-03-09,82.01000213623047,82.31999969482422,81.8499984741211,82.20999908447266,63.6872673034668,31143000
2022-03-10,81.76000213623047,81.87000274658203,81.41999816894531,81.5199966430664,63.1527214050293,46408900
2022-03-11,81.62999725341797,81.6500015258789,80.86000061035156,80.93000030517578,62.69563293457031,40097000
2022-03-14,80.8499984741211,80.87000274658203,79.87999725341797,79.97000122070312,61.951927185058594,61536700
2022-03-15,80.12999725341797,80.76000213623047,80.0999984741211,80.56999969482422,62.41675567626953,57385300
2022-03-16,80.95999908447266,81.73999786376953,80.55000305175781,81.69999694824219,63.292171478271484,66254800
2022-03-17,81.7699966430664,82.30000305175781,81.75,82.26000213623047,63.72595977783203,48573700
2022-03-18,82.0999984741211,82.54000091552734,81.94999694824219,82.52999877929688,63.93514633178711,59780500
2022-03-21,82.38999938964844,82.44999694824219,81.41999816894531,81.58000183105469,63.19919204711914,62364300
2022-03-22,81.66000366210938,82.06999969482422,81.5,82.0,63.52455139160156,40148600
2022-03-23,81.86000061035156,82.01000213623047,81.58999633789062,81.73999786376953,63.323143005371094,36294900
2022-03-24,81.7300033569336,81.94000244140625,81.5199966430664,81.91000366210938,63.45484924316406,18435800
2022-03-25,81.91999816894531,81.91999816894531,81.26000213623047,81.31999969482422,62.99775695800781,36497500
2022-03-28,81.27999877929688,81.8499984741211,81.26000213623047,81.83000183105469,63.392852783203125,26886100
2022-03-29,82.19999694824219,82.86000061035156,82.1500015258789,82.83999633789062,64.17529296875,49781100
2022-03-30,82.62000274658203,82.69999694824219,82.38999938964844,82.58999633789062,63.98160934448242,43905200
2022-03-31,82.69000244140625,82.7300033569336,82.2699966430664,82.29000091552734,63.749237060546875,40717600
2022-04-01,81.83000183105469,82.02999877929688,81.6500015258789,81.94999694824219,63.74455261230469,31316100
2022-04-04,82.0199966430664,82.58000183105469,82.0,82.56999969482422,64.22679138183594,32710900
2022-04-05,82.38999938964844,82.47000122070312,81.47000122070312,81.5,63.39451599121094,51886400
2022-04-06,80.94000244140625,81.4000015258789,80.69000244140625,80.86000061035156,62.89670944213867,67118000
2022-04-07,80.94000244140625,81.04000091552734,80.72000122070312,80.7300033569336,62.795589447021484,42831400
2022-04-08,80.4800033569336,80.7300033569336,80.2300033569336,80.23999786376953,62.4144172668457,42177200
2022-04-11,79.9800033569336,80.06999969482422,79.58000183105469,79.69000244140625,61.98663330078125,42293400
2022-04-12,80.23999786376953,80.62000274658203,80.06999969482422,80.30000305175781,62.461082458496094,38031000
2022-04-13,80.44000244140625,80.87999725341797,80.37999725341797,80.77999877929688,62.834468841552734,31635500
2022-04-14,80.77999877929688,80.88999938964844,80.02999877929688,80.23999786376953,62.4144172668457,45130400
2022-04-18,80.16000366210938,80.36000061035156,80.0,80.11000061035156,62.31328201293945,20864100
2022-04-19,79.95999908447266,80.19000244140625,79.86000061035156,80.04000091552734,62.258846282958984,29920800
2022-04-20,80.27999877929688,80.44000244140625,80.16000366210938,80.29000091552734,62.453285217285156,25769700
2022-04-21,80.48999786376953,80.54000091552734,79.66999816894531,79.73999786376953,62.025516510009766,38695100
2022-04-22,79.63999938964844,79.66000366210938,79.16999816894531,79.26000213623047,61.652122497558594,28243000
2022-04-25,79.4000015258789,80.0,79.2699966430664,79.93000030517578,62.17329025268555,35914500
2022-04-26,79.9000015258789,79.9000015258789,79.44999694824219,79.45999908447266,61.80768966674805,31171600
2022-04-27,79.47000122070312,79.66999816894531,78.98999786376953,79.06999969482422,61.504356384277344,37598600
2022-04-28,79.23999786376953,79.62999725341797,78.94000244140625,79.51000213623047,61.84661102294922,30808800
2022-04-29,79.13999938964844,79.25,78.4800033569336,78.52999877929688,61.084285736083984,35697100
2022-05-02,78.16000366210938,78.30000305175781,77.83000183105469,78.2300033569336,61.088218688964844,38674400
2022-05-03,78.4000015258789,78.76000213623047,78.3499984741211,78.63999938964844,61.40837860107422,42665700
2022-05-04,78.6500015258789,79.6500015258789,78.08000183105469,79.44000244140625,62.03307342529297,55154900
2022-05-05,78.97000122070312,79.0199966430664,77.80999755859375,78.02999877929688,60.932037353515625,53807900
2022-05-06,77.62999725341797,78.0,77.41000366210938,77.58999633789062,60.58842849731445,39256900
2022-05-09,77.12999725341797,77.30999755859375,76.72000122070312,76.7699966430664,59.94813537597656,38442700
2022-05-10,77.38999938964844,77.52999877929688,76.83999633789062,77.20999908447266,60.29170608520508,48419700
2022-05-11,77.0,77.48999786376953,76.73999786376953,76.75,59.93251419067383,42473500
2022-05-12,76.66000366210938,76.9800033569336,76.4000015258789,76.72000122070312,59.90907287597656,49069700
2022-05-13,76.9800033569336,77.05999755859375,76.43000030517578,76.80999755859375,59.9793701171875,49084400
2022-05-16,76.83999633789062,76.95999908447266,76.56999969482422,76.69999694824219,59.893455505371094,33300100
2022-05-17,76.86000061035156,76.87000274658203,76.44000244140625,76.62999725341797,59.838802337646484,41666500
2022-05-18,76.20999908447266,76.25,75.91000366210938,76.0,59.346858978271484,47647800
2022-05-19,75.94999694824219,76.66999816894531,75.87000274658203,76.51000213623047,59.74510192871094,53929100
2022-05-20,76.77999877929688,76.80000305175781,76.2300033569336,76.45999908447266,59.70604705810547,56691000
2022-05-23,76.63999938964844,76.86000061035156,76.58000183105469,76.76000213623047,59.94033432006836,29917100
2022-05-24,76.58000183105469,77.26000213623047,76.55000305175781,77.22000122070312,60.299537658691406,42246500
2022-05-25,77.30999755859375,78.44000244140625,77.2699966430664,78.38999938964844,61.21315383911133,56661500
2022-05-26,78.68000030517578,79.5199966430664,78.47000122070312,79.4800033569336,62.06431579589844,64773400
2022-05-27,79.80000305175781,80.19000244140625,79.61000061035156,80.19000244140625,62.61873245239258,52813100
2022-05-31,79.73999786376953,79.86000061035156,79.31999969482422,79.5,62.07991027832031,68424700
2022-06-01,79.2300033569336,79.44999694824219,78.75,78.9000015258789,61.850250244140625,87646100
2022-06-02,78.91999816894531,79.23999786376953,78.69000244140625,79.2300033569336,62.108917236328125,34752500
2022-06-03,78.87000274658203,78.87000274658203,78.5199966430664,78.63999938964844,61.64644241333008,36008000
2022-06-06,78.77999877929688,78.80000305175781,77.95999908447266,78.05000305175781,61.183902740478516,35756100
2022-06-07,77.79000091552734,78.31999969482422,77.7300033569336,78.2300033569336,61.32502365112305,31499900
2022-06-08,78.04000091552734,78.06999969482422,77.45999908447266,77.55999755859375,60.7998046875,25361600
2022-06-09,77.26000213623047,77.51000213623047,76.79000091552734,76.94000244140625,60.313777923583984,49468700
2022-06-10,76.19999694824219,76.22000122070312,75.27999877929688,75.62999725341797,59.28688049316406,59907000
2022-06-13,74.25,74.30999755859375,72.88999938964844,73.0999984741211,57.3035774230957,122714600
2022-06-14,73.44999694824219,74.2300033569336,73.05000305175781,73.58000183105469,57.67985534667969,62818600
2022-06-15,74.19999694824219,75.38999938964844,74.04000091552734,75.01000213623047,58.800846099853516,70628200
2022-06-16,73.9000015258789,74.1500015258789,73.22000122070312,73.81999969482422,57.867984771728516,61583400
2022-06-17,73.98999786376953,74.56999969482422,73.80999755859375,74.05000305175781,58.04828643798828,49281000
2022-06-21,74.5,74.66999816894531,73.93000030517578,74.0,58.009098052978516,45924600
2022-06-22,73.87000274658203,74.25,73.80999755859375,73.9800033569336,57.99342727661133,38204800
2022-06-23,74.19000244140625,74.58000183105469,74.08000183105469,74.51000213623047,58.40889358520508,30961800
2022-06-24,74.75,75.36000061035156,74.58999633789062,75.04000091552734,58.82435989379883,38198600
2022-06-27,75.0999984741211,75.0999984741211,74.58000183105469,74.58000183105469,58.463783264160156,25658200
2022-06-28,74.69000244140625,74.79000091552734,73.75,73.76000213623047,57.82095718383789,39303800
2022-06-29,73.72000122070312,73.79000091552734,73.43000030517578,73.6500015258789,57.734718322753906,36806800
2022-06-30,73.33000183105469,73.83000183105469,73.05999755859375,73.61000061035156,57.70337677001953,45139900
2022-07-01,73.5,74.2300033569336,73.44999694824219,73.9800033569336,58.2537956237793,38849300
2022-07-05,73.51000213623047,73.9800033569336,73.02999877929688,73.91000366210938,58.19865036010742,38316200
2022-07-06,73.79000091552734,74.0,73.5199966430664,73.62999725341797,57.97818374633789,44706000
2022-07-07,74.08999633789062,74.87999725341797,74.02999877929688,74.83000183105469,58.923095703125,44430400
2022-07-08,74.55999755859375,74.95999908447266,74.36000061035156,74.88999938964844,58.970340728759766,31230300
2022-07-11,74.80000305175781,74.91999816894531,74.44999694824219,74.47000122070312,58.63962173461914,28213700
2022-07-12,74.55999755859375,74.9000015258789,74.5,74.7699966430664,58.87583923339844,24036500
2022-07-13,74.0,74.91999816894531,73.91999816894531,74.69000244140625,58.81285858154297,46874900
2022-07-14,74.08000183105469,74.62999725341797,73.61000061035156,74.55000305175781,58.70263671875,53953100
2022-07-15,74.7699966430664,75.5,74.76000213623047,75.5,59.4506721496582,48360800
2022-07-18,75.69000244140625,75.72000122070312,74.69000244140625,74.7699966430664,58.87583923339844,33302800
2022-07-19,75.04000091552734,75.94000244140625,75.04000091552734,75.76000213623047,59.6554069519043,31028200
2022-07-20,76.05999755859375,76.62000274658203,75.87999725341797,76.08999633789062,59.91527557373047,82881900
2022-07-21,76.0199966430664,77.05999755859375,75.93000030517578,76.98999786376953,60.62392044067383,52282000
2022-07-22,77.11000061035156,77.54000091552734,76.6500015258789,76.88999938964844,60.54519271850586,51055800
2022-07-25,76.94999694824219,77.08999633789062,76.6500015258789,76.87000274658203,60.52946090698242,26032000
2022-07-26,76.62000274658203,76.70999908447266,76.27999877929688,76.33000183105469,60.10426330566406,24151200
2022-07-27,76.66999816894531,77.47000122070312,76.66999816894531,77.16999816894531,60.76566696166992,35075700
2022-07-28,77.54000091552734,78.0199966430664,77.2300033569336,77.95999908447266,61.38772964477539,42335900
2022-07-29,77.95999908447266,78.3499984741211,77.75,78.19000244140625,61.56886291503906,33606800
2022-08-01,77.63999938964844,78.08000183105469,77.51000213623047,77.91000366210938,61.58784484863281,31595600
2022-08-02,77.7699966430664,77.86000061035156,77.5,77.55000305175781,61.30324935913086,40604400
2022-08-03,77.77999877929688,78.25,77.56999969482422,78.2300033569336,61.84078598022461,35660900
2022-08-04,78.33999633789062,78.44999694824219,78.11000061035156,78.44000244140625,62.00678634643555,24386400
2022-08-05,77.5,78.11000061035156,77.38999938964844,78.04000091552734,61.690582275390625,31006700
2022-08-08,78.33999633789062,78.6500015258789,78.05000305175781,78.11000061035156,61.74592971801758,19465600
2022-08-09,77.93000030517578,77.95999908447266,77.5,77.52999877929688,61.28744125366211,24675700
2022-08-10,78.5199966430664,78.7699966430664,78.38999938964844,78.69000244140625,62.20441818237305,38121800
2022-08-11,79.19999694824219,79.31999969482422,78.12999725341797,78.23999786376953,61.848690032958984,37778700
2022-08-12,78.5199966430664,78.97000122070312,78.29000091552734,78.94000244140625,62.40204620361328,16912300
2022-08-15,78.81999969482422,79.0,78.6500015258789,78.80000305175781,62.29133987426758,18441100
2022-08-16,78.7300033569336,78.7300033569336,78.26000213623047,78.43000030517578,61.99889373779297,22963200
2022-08-17,77.87999725341797,78.04000091552734,77.58999633789062,77.62000274658203,61.358612060546875,28774600
2022-08-18,77.80999755859375,77.87999725341797,77.66000366210938,77.73999786376953,61.453460693359375,19089300
2022-08-19,77.33000183105469,77.37000274658203,76.77999877929688,76.94999694824219,60.82893753051758,45428900
2022-08-22,76.36000061035156,76.4000015258789,76.01000213623047,76.08000183105469,60.14118576049805,42014200
2022-08-23,76.0999984741211,76.4000015258789,75.83000183105469,76.2699966430664,60.291404724121094,33240000
2022-08-24,76.23999786376953,76.5,76.16000366210938,76.36000061035156,60.3625602722168,16917400
2022-08-25,76.58000183105469,77.13999938964844,76.44999694824219,77.08000183105469,60.93169403076172,20080000
2022-08-26,77.12000274658203,77.12000274658203,75.73999786376953,75.80999755859375,59.92778396606445,34460600
2022-08-29,75.3499984741211,75.7699966430664,75.26000213623047,75.5199966430664,59.698543548583984,28020200
2022-08-30,75.5999984741211,75.66000366210938,74.69999694824219,74.94000244140625,59.240047454833984,66233900
2022-08-31,74.97000122070312,75.12000274658203,74.51000213623047,74.52999877929688,58.91591262817383,39161800
2022-09-01,73.94999694824219,74.41000366210938,73.61000061035156,74.36000061035156,59.071632385253906,38499700
2022-09-02,75.0,75.06999969482422,74.2300033569336,74.30999755859375,59.03190612792969,22364500
2022-09-06,74.30999755859375,74.38999938964844,73.8499984741211,74.11000061035156,58.873023986816406,28820900
2022-09-07,74.20999908447266,75.19000244140625,74.19000244140625,75.18000030517578,59.7230339050293,26853200
2022-09-08,74.9000015258789,75.55000305175781,74.77999877929688,75.51000213623047,59.985191345214844,26928000
2022-09-09,75.87999725341797,76.16999816894531,75.62999725341797,75.80999755859375,60.2235221862793,29526800
2022-09-12,76.08000183105469,76.2300033569336,75.7699966430664,76.04000091552734,60.40623092651367,30276100
2022-09-13,74.9800033569336,75.16999816894531,74.27999877929688,74.30999755859375,59.03190612792969,47111300
2022-09-14,74.36000061035156,74.91000366210938,74.30999755859375,74.41999816894531,59.11930847167969,29672400
2022-09-15,74.29000091552734,74.44000244140625,73.91000366210938,73.94999694824219,58.74593734741211,46282300
2022-09-16,73.5,74.19999694824219,73.37000274658203,74.19999694824219,58.94453811645508,56479900
2022-09-19,73.91000366210938,74.48999786376953,73.83999633789062,74.4800033569336,59.16695785522461,26891900
2022-09-20,74.0199966430664,74.06999969482422,73.66999816894531,73.72000122070312,58.563209533691406,32769500
2022-09-21,73.9000015258789,74.23999786376953,73.16000366210938,73.5,58.38844299316406,37851300
2022-09-22,73.25,73.38999938964844,72.80000305175781,73.05999755859375,58.03889846801758,48278100
2022-09-23,72.55999755859375,72.7300033569336,71.87999725341797,72.12999725341797,57.300140380859375,53312000
2022-09-26,71.91999816894531,72.18000030517578,71.26000213623047,71.27999877929688,56.62489318847656,42287400
2022-09-27,71.88999938964844,71.91999816894531,70.9000015258789,71.12999725341797,56.505714416503906,45295500
2022-09-28,71.66999816894531,72.48999786376953,71.44000244140625,72.4000015258789,57.51462173461914,48935800
2022-09-29,71.93000030517578,71.97000122070312,71.31999969482422,71.72000122070312,56.97442626953125,38068800
2022-09-30,71.7300033569336,72.27999877929688,71.37999725341797,71.38999938964844,56.712284088134766,42928700
2022-10-03,71.5999984741211,72.12999725341797,71.45999908447266,71.97000122070312,57.455501556396484,48967900
2022-10-04,72.9000015258789,73.52999877929688,72.7699966430664,73.5199966430664,58.69292068481445,45901300
2022-10-05,72.91999816894531,73.4000015258789,72.61000061035156,73.2300033569336,58.461395263671875,47833500
2022-10-06,73.1500015258789,73.45999908447266,72.9000015258789,73.01000213623047,58.28575134277344,37196000
2022-10-07,72.56999969482422,72.7699966430664,72.0999984741211,72.12000274658203,57.57524490356445,33983000
2022-10-10,72.06999969482422,72.11000061035156,70.91999816894531,71.23999786376953,56.87273406982422,37759700
2022-10-11,71.37999725341797,72.0199966430664,71.29000091552734,71.45999908447266,57.048377990722656,46344600
2022-10-12,71.41000366210938,71.8499984741211,71.41000366210938,71.58000183105469,57.14417266845703,32784800
2022-10-13,70.47000122070312,71.91000366210938,70.4000015258789,71.73999786376953,57.27190399169922,48832500
2022-10-14,72.19000244140625,72.37000274658203,71.33000183105469,71.51000213623047,57.08828353881836,37152100
2022-10-17,72.1500015258789,72.5999984741211,72.13999938964844,72.38999938964844,57.79079818725586,33820000
2022-10-18,73.12999725341797,73.30999755859375,72.58000183105469,72.9000015258789,58.19796371459961,37648400
2022-10-19,72.4000015258789,72.63999938964844,71.9800033569336,72.19999694824219,57.63912582397461,33194000
2022-10-20,72.20999908447266,72.75,71.7300033569336,71.80000305175781,57.31983184814453,47281100
2022-10-21,71.58999633789062,72.58000183105469,71.55999755859375,72.48999786376953,57.87065124511719,60211200
2022-10-24,72.55999755859375,72.7300033569336,72.16000366210938,72.54000091552734,57.91053771972656,29551200
2022-10-25,72.72000122070312,73.25,72.69999694824219,73.23999786376953,58.46937561035156,37459200
2022-10-26,73.05999755859375,73.70999908447266,72.94999694824219,73.44000244140625,58.629051208496094,50552100
2022-10-27,73.62000274658203,74.13999938964844,73.36000061035156,73.9800033569336,59.06013488769531,49481500
2022-10-28,74.25,74.69000244140625,74.12000274658203,74.55000305175781,59.51520538330078,123446800
2022-10-31,74.16999816894531,74.18000030517578,73.41999816894531,73.43000030517578,58.62105178833008,60269700
2022-11-01,73.94000244140625,73.94999694824219,73.20999908447266,73.58999633789062,58.97364807128906,39586700
2022-11-02,73.55999755859375,74.29000091552734,72.87999725341797,72.91999816894531,58.43673324584961,50659500
2022-11-03,72.16999816894531,72.63999938964844,71.88999938964844,72.4000015258789,58.0200309753418,37507100
2022-11-04,72.87000274658203,73.20999908447266,72.4000015258789,72.9000015258789,58.42072677612305,39849100
2022-11-07,73.05000305175781,73.11000061035156,72.68000030517578,72.88999938964844,58.41271209716797,24913000
2022-11-08,72.94999694824219,73.06999969482422,72.58999633789062,72.81999969482422,58.35660171508789,39489200
2022-11-09,72.5999984741211,72.73999786376953,71.81999969482422,71.94999694824219,57.65940856933594,45728900
2022-11-10,73.9800033569336,74.2699966430664,73.45999908447266,74.19000244140625,59.45451354980469,67165700
2022-11-11,74.22000122070312,74.69000244140625,73.93000030517578,74.44999694824219,59.66284942626953,20934800
2022-11-14,74.25,74.29000091552734,73.87000274658203,73.9000015258789,59.22209548950195,37932800
2022-11-15,74.63999938964844,74.69999694824219,74.06999969482422,74.55000305175781,59.74300765991211,50673700
2022-11-16,74.48999786376953,74.56999969482422,74.30999755859375,74.38999938964844,59.61478042602539,31124900
2022-11-17,73.80999755859375,74.16999816894531,73.7300033569336,74.06999969482422,59.358333587646484,34338000
2022-11-18,74.45999908447266,74.45999908447266,74.0199966430664,74.2300033569336,59.486541748046875,31663800
2022-11-21,74.1500015258789,74.3499984741211,74.0199966430664,74.19999694824219,59.462528228759766,19070500
2022-11-22,74.33999633789062,74.79000091552734,74.26000213623047,74.73999786376953,59.895240783691406,24572500
2022-11-23,74.68000030517578,75.30000305175781,74.66000366210938,75.16000366210938,60.23183059692383,30316300
2022-11-25,75.1500015258789,75.18000030517578,74.9000015258789,75.01000213623047,60.11164093017578,9465900
2022-11-28,74.80000305175781,74.93000030517578,74.19000244140625,74.22000122070312,59.47854232788086,31668900
2022-11-29,74.22000122070312,74.5999984741211,74.08000183105469,74.54000091552734,59.7349853515625,27162300
2022-11-30,74.5999984741211,75.69000244140625,74.38999938964844,75.66000366210938,60.63253402709961,41702100
2022-12-01,75.56999969482422,75.66000366210938,75.18000030517578,75.62000274658203,60.85707092285156,42134200
2022-12-02,74.98999786376953,75.58999633789062,74.98999786376953,75.55999755859375,60.808773040771484,27535800
2022-12-05,75.27999877929688,75.30000305175781,74.69000244140625,74.83999633789062,60.22932815551758,29736500
2022-12-06,74.87000274658203,75.0,74.43000030517578,74.56999969482422,60.01205062866211,24976800
2022-12-07,74.55000305175781,75.06999969482422,74.55000305175781,74.9800033569336,60.34201431274414,24614200
2022-12-08,75.06999969482422,75.13999938964844,74.80000305175781,75.04000091552734,60.39031982421875,23839500
2022-12-09,74.81999969482422,75.31999969482422,74.81999969482422,75.04000091552734,60.39031982421875,20687300
2022-12-12,75.22000122070312,75.4000015258789,75.0999984741211,75.33000183105469,60.623661041259766,22415700
2022-12-13,76.61000061035156,76.69999694824219,75.69000244140625,76.11000061035156,61.251407623291016,45923300
2022-12-14,76.01000213623047,76.20999908447266,75.22000122070312,75.68000030517578,60.90534973144531,57177300
2022-12-15,74.91000366210938,75.11000061035156,74.62999725341797,75.0,60.675594329833984,41666500
2022-12-16,74.56999969482422,74.80999755859375,74.41000366210938,74.5999984741211,60.35199737548828,38197100
2022-12-19,74.30999755859375,74.45999908447266,74.05999755859375,74.22000122070312,60.044551849365234,24135100
2022-12-20,73.8499984741211,74.19000244140625,73.69000244140625,74.02999877929688,59.8908576965332,32917800
2022-12-21,74.4000015258789,74.80000305175781,74.33999633789062,74.66000366210938,60.40052032470703,23211500
2022-12-22,74.37000274658203,74.48999786376953,73.91999816894531,74.19999694824219,60.028385162353516,26893700
2022-12-23,74.08000183105469,74.44999694824219,73.94999694824219,74.38999938964844,60.18210220336914,13196500
2022-12-27,74.31999969482422,74.37000274658203,73.58000183105469,73.62000274658203,59.55915832519531,22108000
2022-12-28,73.73999786376953,73.83000183105469,72.58999633789062,72.62999725341797,58.75825119018555,41064800
2022-12-29,72.91999816894531,73.62000274658203,72.75,73.56999969482422,59.51870346069336,33378900
2022-12-30,73.31999969482422,73.66999816894531,73.27999877929688,73.62999725341797,59.56726837158203,15170300
2023-01-03,74.11000061035156,74.19000244140625,73.66000366210938,73.7699966430664,59.6805305480957,28787700
2023-01-04,74.26000213623047,74.66000366210938,73.98999786376953,74.62000274658203,60.3681755065918,37120100
2023-01-05,74.36000061035156,74.54000091552734,74.18000030517578,74.47000122070312,60.24684143066406,35142000
2023-01-06,74.87000274658203,75.77999877929688,74.69999694824219,75.52999877929688,61.10436248779297,60041200
2023-01-09,75.75,75.95999908447266,75.63999938964844,75.80000305175781,61.32279968261719,35806900
2023-01-10,75.76000213623047,75.87000274658203,75.52999877929688,75.70999908447266,61.24999237060547,35695500
2023-01-11,76.0,76.25,75.8499984741211,76.20999908447266,61.65449905395508,31826700
2023-01-12,76.4000015258789,76.69999694824219,76.05000305175781,76.63999938964844,62.00236511230469,29404900
2023-01-13,76.26000213623047,76.7699966430664,76.22000122070312,76.63999938964844,62.00236511230469,26301500
2023-01-17,76.5199966430664,76.55000305175781,76.29000091552734,76.37999725341797,61.79202651977539,30961200
2023-01-18,76.8499984741211,77.08000183105469,76.44999694824219,76.47000122070312,61.864837646484375,52989700
2023-01-19,76.20999908447266,76.33000183105469,75.94999694824219,76.0199966430664,61.50077438354492,50070900
2023-01-20,76.0,76.16999816894531,75.7300033569336,76.16999816894531,61.622135162353516,36625400
2023-01-23,76.0999984741211,76.37000274658203,75.97000122070312,76.16000366210938,61.61402893066406,26764800
2023-01-24,76.01000213623047,76.25,75.87999725341797,76.20999908447266,61.65449905395508,27774500
2023-01-25,75.95999908447266,76.27999877929688,75.87999725341797,76.19999694824219,61.64638900756836,25857700
2023-01-26,76.36000061035156,76.47000122070312,76.08999633789062,76.38999938964844,61.800132751464844,25512400
2023-01-27,76.2699966430664,76.37000274658203,76.05000305175781,76.16000366210938,61.61402893066406,35813400
2023-01-30,75.87999725341797,76.02999877929688,75.72000122070312,75.73999786376953,61.274253845214844,32002000
2023-01-31,75.94000244140625,76.36000061035156,75.91999816894531,76.33000183105469,61.75157928466797,41006600
2023-02-01,75.9800033569336,76.9800033569336,75.77999877929688,76.76000213623047,62.40028762817383,46900900
2023-02-02,77.31999969482422,77.33999633789062,77.06999969482422,77.19999694824219,62.757972717285156,56399900
2023-02-03,76.5999984741211,76.86000061035156,76.33000183105469,76.38999938964844,62.09950637817383,39682300
2023-02-06,76.05999755859375,76.0999984741211,75.79000091552734,75.9000015258789,61.70119094848633,40944200
2023-02-07,75.83000183105469,76.36000061035156,75.77999877929688,76.16999816894531,61.92067337036133,37101300
2023-02-08,76.05999755859375,76.16000366210938,75.69000244140625,75.8499984741211,61.66054916381836,34066600
2023-02-09,76.11000061035156,76.11000061035156,75.29000091552734,75.36000061035156,61.26218032836914,42581900
2023-02-10,75.02999877929688,75.25,74.69000244140625,74.77999877929688,60.79069519042969,65905000
2023-02-13,74.83000183105469,75.22000122070312,74.75,74.97000122070312,60.94516372680664,38741300
2023-02-14,74.83000183105469,75.19000244140625,74.51000213623047,74.98999786376953,60.96141815185547,54193600
2023-02-15,74.72000122070312,74.87999725341797,74.58000183105469,74.87000274658203,60.86384201049805,44897600
2023-02-16,74.54000091552734,74.58999633789062,74.2300033569336,74.2699966430664,60.376102447509766,89945400
2023-02-17,74.1500015258789,74.68000030517578,73.87000274658203,74.55999755859375,60.61185836791992,75910300
2023-02-21,73.8499984741211,74.02999877929688,73.11000061035156,73.41000366210938,59.67699432373047,98782400
2023-02-22,73.5999984741211,74.19000244140625,73.5999984741211,73.88999938964844,60.06718063354492,70093300
2023-02-23,74.2300033569336,74.7300033569336,74.12999725341797,74.62000274658203,60.66061782836914,47908100
2023-02-24,74.0,74.31999969482422,73.91999816894531,74.16999816894531,60.29481887817383,47576500
2023-02-27,74.5199966430664,74.7699966430664,74.37999725341797,74.66999816894531,60.701271057128906,40292000
2023-02-28,74.63999938964844,74.63999938964844,74.41999816894531,74.52999877929688,60.58745193481445,32999000
2023-03-01,74.08000183105469,74.0999984741211,73.69000244140625,73.87000274658203,60.41570281982422,45341400
2023-03-02,73.4800033569336,74.05000305175781,73.4800033569336,73.95999908447266,60.48931884765625,37886100
2023-03-03,74.29000091552734,74.80999755859375,74.16999816894531,74.72000122070312,61.11090087890625,50123300
2023-03-06,74.88999938964844,74.98999786376953,74.66000366210938,74.72000122070312,61.11090087890625,33430800
2023-03-07,74.7300033569336,74.7699966430664,74.18000030517578,74.19000244140625,60.677406311035156,40222100
2023-03-08,74.23999786376953,74.36000061035156,73.69000244140625,73.83999633789062,60.39118194580078,54303900
2023-03-09,73.91000366210938,74.22000122070312,73.3499984741211,73.43000030517578,60.05584716796875,52669500
2023-03-10,73.4800033569336,73.94999694824219,73.16999816894531,73.44000244140625,60.06403350830078,81516000
2023-03-13,73.19000244140625,73.9800033569336,72.83000183105469,73.04000091552734,59.73691177368164,78478100
2023-03-14,73.69000244140625,73.91000366210938,73.2699966430664,73.56999969482422,60.17036437988281,66395600
2023-03-15,72.80999755859375,73.4000015258789,72.61000061035156,73.33000183105469,59.974063873291016,81454700
2023-03-16,73.12999725341797,73.94999694824219,73.0199966430664,73.80999755859375,60.36663055419922,63386700
2023-03-17,73.44000244140625,73.77999877929688,73.23999786376953,73.37000274658203,60.006771087646484,55132200
2023-03-20,73.2300033569336,73.55999755859375,73.06999969482422,73.16999816894531,59.843223571777344,38540800
2023-03-21,73.6500015258789,74.08000183105469,73.5,73.97000122070312,60.49750518798828,38203400
2023-03-22,73.9800033569336,74.79000091552734,73.70999908447266,74.04000091552734,60.554771423339844,55263500
2023-03-23,74.02999877929688,74.37000274658203,73.5199966430664,73.75,60.31755828857422,54660900
2023-03-24,73.44999694824219,73.69000244140625,73.38999938964844,73.5999984741211,60.19489288330078,44225600
2023-03-27,73.75,73.86000061035156,73.41999816894531,73.41999816894531,60.04765701293945,30905100
2023-03-28,73.27999877929688,73.47000122070312,73.13999938964844,73.37999725341797,60.01498031616211,38277200
2023-03-29,73.6500015258789,74.30999755859375,73.6500015258789,74.30000305175781,60.76738357543945,44457300
2023-03-30,74.47000122070312,74.75,74.2699966430664,74.73999786376953,61.12723922729492,37130200
2023-03-31,74.97000122070312,75.6500015258789,74.94999694824219,75.55000305175781,61.78974533081055,54218900
2023-04-03,75.13999938964844,75.30000305175781,74.97000122070312,75.1500015258789,61.7420654296875,43302900
2023-04-04,75.1500015258789,75.26000213623047,74.8499984741211,74.93000030517578,61.56131362915039,46144300
2023-04-05,74.87999725341797,74.94999694824219,74.41999816894531,74.51000213623047,61.21626281738281,37633900
2023-04-06,74.38999938964844,74.95999908447266,74.29000091552734,74.83999633789062,61.487369537353516,35719600
2023-04-10,74.58000183105469,74.80999755859375,74.41000366210938,74.7699966430664,61.429874420166016,29083900
2023-04-11,74.7699966430664,75.0999984741211,74.70999908447266,74.93000030517578,61.56131362915039,28875100
2023-04-12,75.30999755859375,75.37999725341797,74.8499984741211,74.91000366210938,61.544891357421875,41457600
2023-04-13,75.04000091552734,75.62000274658203,75.04000091552734,75.41999816894531,61.96390914916992,95864000
2023-04-14,75.4000015258789,75.55000305175781,75.08000183105469,75.27999877929688,61.848880767822266,43767600
2023-04-17,75.06999969482422,75.16000366210938,74.80999755859375,75.08000183105469,61.684566497802734,26391100
2023-04-18,75.26000213623047,75.36000061035156,74.9800033569336,75.12999725341797,61.72563171386719,28030700
2023-04-19,74.83000183105469,74.98999786376953,74.77999877929688,74.83000183105469,61.47916793823242,26979400
2023-04-20,74.6500015258789,74.87999725341797,74.55000305175781,74.76000213623047,61.42166519165039,30203900
2023-04-21,74.87999725341797,75.02999877929688,74.69000244140625,74.98999786376953,61.61063003540039,33061800
2023-04-24,75.02999877929688,75.26000213623047,74.94999694824219,75.19999694824219,61.78315734863281,24661600
2023-04-25,75.16000366210938,75.30000305175781,75.01000213623047,75.08000183105469,61.684566497802734,34575300
2023-04-26,75.05999755859375,75.11000061035156,74.68000030517578,74.79000091552734,61.4462890625,33762700
2023-04-27,74.93000030517578,75.25,74.80000305175781,75.04000091552734,61.65171813964844,39687600
2023-04-28,75.05999755859375,75.4800033569336,75.05999755859375,75.36000061035156,61.91460037231445,33821100
2023-05-01,74.93000030517578,75.0,74.52999877929688,74.69000244140625,61.6307373046875,37748300
2023-05-02,74.69000244140625,74.73999786376953,74.37000274658203,74.62000274658203,61.5729866027832,39045300
2023-05-03,74.69999694824219,75.04000091552734,74.55999755859375,74.58000183105469,61.53999710083008,33178300
2023-05-04,74.37999725341797,74.41000366210938,74.08999633789062,74.36000061035156,61.358463287353516,45207600
2023-05-05,74.58000183105469,74.86000061035156,74.4800033569336,74.76000213623047,61.68852233886719,31591500
2023-05-08,74.69999694824219,74.69999694824219,74.37999725341797,74.55000305175781,61.515220642089844,18367400
2023-05-09,74.3499984741211,74.4800033569336,74.2699966430664,74.36000061035156,61.358463287353516,21732900
2023-05-10,74.7699966430664,74.91999816894531,74.52999877929688,74.80999755859375,61.72977828979492,35392700
2023-05-11,74.73999786376953,74.7699966430664,74.61000061035156,74.69000244140625,61.6307373046875,25265500
2023-05-12,74.68000030517578,74.79000091552734,74.27999877929688,74.41999816894531,61.40795135498047,27553200
2023-05-15,74.43000030517578,74.48999786376953,74.30000305175781,74.4000015258789,61.39144515991211,19764500
2023-05-16,74.26000213623047,74.27999877929688,73.80999755859375,73.87999725341797,60.96238708496094,40998700
2023-05-17,73.95999908447266,74.33999633789062,73.93000030517578,74.08000183105469,61.12740707397461,38534100
2023-05-18,73.86000061035156,74.19000244140625,73.80999755859375,74.12000274658203,61.160423278808594,29129200
2023-05-19,74.19000244140625,74.36000061035156,74.06999969482422,74.19999694824219,61.2264289855957,36044900
2023-05-22,74.22000122070312,74.66999816894531,74.22000122070312,74.52999877929688,61.49873733520508,34897700
2023-05-23,74.38999938964844,74.4800033569336,74.06999969482422,74.13999938964844,61.17694091796875,32415500
2023-05-24,73.93000030517578,74.0199966430664,73.47000122070312,73.62000274658203,60.74784469604492,38083200
2023-05-25,73.88999938964844,73.91000366210938,73.55000305175781,73.56999969482422,60.70659255981445,21457900
2023-05-26,73.6500015258789,74.11000061035156,73.62000274658203,74.0199966430664,61.0778923034668,23547600
2023-05-30,74.3499984741211,74.3499984741211,74.08999633789062,74.33999633789062,61.34195327758789,27482600
2023-05-31,74.13999938964844,74.25,73.94999694824219,74.11000061035156,61.152164459228516,43393600
2023-06-01,73.80000305175781,74.30999755859375,73.77999877929688,74.19999694824219,61.51945877075195,42425700
2023-06-02,74.45999908447266,74.7699966430664,74.30000305175781,74.58000183105469,61.83451461791992,49950900
2023-06-05,74.5199966430664,74.55000305175781,74.33999633789062,74.5199966430664,61.78478240966797,24080200
2023-06-06,74.44999694824219,74.66000366210938,74.31999969482422,74.63999938964844,61.8842658996582,23006600
2023-06-07,74.69999694824219,74.79000091552734,74.13999938964844,74.2300033569336,61.544334411621094,32340900
2023-06-08,74.2300033569336,74.73999786376953,74.2300033569336,74.69999694824219,61.93400955200195,33987800
2023-06-09,74.76000213623047,74.86000061035156,74.69000244140625,74.72000122070312,61.950599670410156,27016700
2023-06-12,74.79000091552734,74.80000305175781,74.4800033569336,74.63999938964844,61.8842658996582,30629500
2023-06-13,74.83000183105469,74.94000244140625,74.62000274658203,74.7300033569336,61.958900451660156,39425900
2023-06-14,74.80000305175781,74.98999786376953,74.41000366210938,74.76000213623047,61.983760833740234,32864600
2023-06-15,74.86000061035156,75.1500015258789,74.81999969482422,75.12000274658203,62.2822380065918,42412300
2023-06-16,75.08999633789062,75.11000061035156,74.9000015258789,74.93000030517578,62.12471389770508,47560800
2023-06-20,74.80999755859375,74.93000030517578,74.7300033569336,74.7300033569336,61.958900451660156,31930500
2023-06-21,74.58000183105469,74.69999694824219,74.38999938964844,74.54000091552734,61.801361083984375,39751900
2023-06-22,74.37000274658203,74.4800033569336,74.30000305175781,74.31999969482422,61.61894226074219,31504700
2023-06-23,74.20999908447266,74.26000213623047,74.0,74.19000244140625,61.51116180419922,33811100
2023-06-26,74.19999694824219,74.33000183105469,74.08999633789062,74.2300033569336,61.544334411621094,36111900
2023-06-27,74.30999755859375,74.55000305175781,74.29000091552734,74.4800033569336,61.751617431640625,31707600
2023-06-28,74.47000122070312,74.91000366210938,74.41999816894531,74.91000366210938,62.108131408691406,35679600
2023-06-29,74.63999938964844,74.72000122070312,74.43000030517578,74.70999908447266,61.94227600097656,41712000
2023-06-30,74.95999908447266,75.23999786376953,74.88999938964844,75.06999969482422,62.24078369140625,35842000
2023-07-03,74.68000030517578,74.69000244140625,74.5199966430664,74.55000305175781,62.143245697021484,13046500
2023-07-05,74.5199966430664,74.54000091552734,74.19999694824219,74.31999969482422,61.95152282714844,37947100
2023-07-06,73.77999877929688,73.86000061035156,73.58000183105469,73.77999877929688,61.50138854980469,52251100
2023-07-07,73.76000213623047,74.33000183105469,73.7300033569336,73.8499984741211,61.55973815917969,42269100
2023-07-10,73.91999816894531,74.30000305175781,73.91000366210938,74.22000122070312,61.868186950683594,45752200
2023-07-11,74.41000366210938,74.62000274658203,74.29000091552734,74.62000274658203,62.20159149169922,32000700
2023-07-12,75.08999633789062,75.30999755859375,75.0199966430664,75.19999694824219,62.68508529663086,42820700
2023-07-13,75.5,75.7300033569336,75.41000366210938,75.6500015258789,63.06018829345703,33954200
2023-07-14,75.56999969482422,75.62999725341797,75.05000305175781,75.0999984741211,62.601707458496094,36081800
2023-07-17,75.05999755859375,75.36000061035156,75.0,75.23999786376953,62.71839904785156,28836600
2023-07-18,75.30000305175781,75.55000305175781,75.2699966430664,75.44999694824219,62.893470764160156,25990800
2023-07-19,75.58999633789062,75.6500015258789,75.45999908447266,75.51000213623047,62.94348907470703,26794800
2023-07-20,75.20999908447266,75.30000305175781,74.9800033569336,75.18000030517578,62.66841125488281,27028500
2023-07-21,75.19999694824219,75.48999786376953,75.19999694824219,75.37000274658203,62.8267707824707,37447800
2023-07-24,75.43000030517578,75.54000091552734,75.22000122070312,75.23999786376953,62.71839904785156,20925500
2023-07-25,75.16000366210938,75.2699966430664,75.05999755859375,75.19000244140625,62.67673873901367,30067600
2023-07-26,75.16000366210938,75.55999755859375,75.12000274658203,75.48999786376953,62.92681121826172,33068400
2023-07-27,75.62999725341797,75.69000244140625,74.7300033569336,74.88999938964844,62.42665481567383,48675800
2023-07-28,75.20999908447266,75.37999725341797,75.1500015258789,75.31999969482422,62.78511428833008,27588400
2023-07-31,75.41999816894531,75.5999984741211,75.37999725341797,75.5,62.935150146484375,30744800
2023-08-01,74.95999908447266,74.95999908447266,74.68000030517578,74.7699966430664,62.62358856201172,34529700
2023-08-02,74.44999694824219,74.5199966430664,74.26000213623047,74.44999694824219,62.355560302734375,37500500
2023-08-03,74.20999908447266,74.36000061035156,74.08999633789062,74.20999908447266,62.15454864501953,30348000
2023-08-04,74.6500015258789,74.94000244140625,74.56999969482422,74.6500015258789,62.523075103759766,37411900
2023-08-07,74.79000091552734,74.83000183105469,74.5999984741211,74.79000091552734,62.64032745361328,19412600
2023-08-08,74.73999786376953,75.0,74.66000366210938,74.94999694824219,62.77433395385742,32545600
2023-08-09,74.95999908447266,75.05000305175781,74.80000305175781,74.95999908447266,62.78269958496094,27569200
2023-08-10,75.01000213623047,75.3499984741211,74.73999786376953,74.94000244140625,62.76597213745117,43697200
2023-08-11,74.68000030517578,74.86000061035156,74.58000183105469,74.83000183105469,62.673828125,23329000
2023-08-14,74.69999694824219,74.93000030517578,74.56999969482422,74.81999969482422,62.66547393798828,28545100
2023-08-15,74.62000274658203,74.79000091552734,74.55000305175781,74.58000183105469,62.46446228027344,32968600
2023-08-16,74.55000305175781,74.75,74.3499984741211,74.3499984741211,62.271812438964844,31759400
2023-08-17,74.38999938964844,74.41999816894531,73.86000061035156,74.04000091552734,62.01217269897461,38546600
2023-08-18,73.88999938964844,74.31999969482422,73.86000061035156,74.08999633789062,62.054039001464844,44130500
2023-08-21,74.08000183105469,74.13999938964844,73.83999633789062,74.06999969482422,62.03730392456055,30768700
2023-08-22,74.2300033569336,74.26000213623047,74.05000305175781,74.11000061035156,62.070796966552734,18135400
2023-08-23,74.4000015258789,74.81999969482422,74.4000015258789,74.70999908447266,62.57332229614258,33378000
2023-08-24,74.72000122070312,74.72000122070312,74.22000122070312,74.30000305175781,62.22992706298828,34336100
2023-08-25,74.31999969482422,74.69999694824219,74.26000213623047,74.61000061035156,62.48958969116211,31149300
2023-08-28,74.9000015258789,74.93000030517578,74.69000244140625,74.88999938964844,62.72407150268555,21461600
2023-08-29,74.80999755859375,75.36000061035156,74.77999877929688,75.36000061035156,63.117733001708984,42178200
2023-08-30,75.36000061035156,75.4800033569336,75.26000213623047,75.33000183105469,63.09260177612305,29458200
2023-08-31,75.2699966430664,75.37999725341797,75.16000366210938,75.27999877929688,63.05073547363281,30824500
2023-09-01,75.19000244140625,75.23999786376953,74.8499984741211,75.06999969482422,63.16936111450195,33213100
2023-09-05,74.95999908447266,74.95999908447266,74.5199966430664,74.58000183105469,62.7570686340332,29500600
2023-09-06,74.51000213623047,74.55000305175781,74.25,74.4000015258789,62.60559844970703,30797500
2023-09-07,74.27999877929688,74.69000244140625,74.27999877929688,74.6500015258789,62.81596374511719,28757400
2023-09-08,74.80000305175781,74.87999725341797,74.55999755859375,74.62000274658203,62.79072189331055,26389100
2023-09-11,74.72000122070312,74.75,74.56999969482422,74.75,62.90012741088867,29159400
2023-09-12,74.55999755859375,74.76000213623047,74.55999755859375,74.62999725341797,62.79914474487305,21668500
2023-09-13,74.5999984741211,74.91000366210938,74.5999984741211,74.83000183105469,62.96742630004883,27498900
2023-09-14,74.91000366210938,75.0,74.83000183105469,74.91999816894531,63.04315185546875,29575900
2023-09-15,74.69999694824219,74.8499984741211,74.63999938964844,74.63999938964844,62.807552337646484,41636900
2023-09-18,74.55000305175781,74.7699966430664,74.55000305175781,74.69000244140625,62.84964370727539,19549700
2023-09-19,74.52999877929688,74.63999938964844,74.41000366210938,74.45999908447266,62.65608215332031,33937200
2023-09-20,74.62999725341797,74.76000213623047,74.38999938964844,74.4000015258789,62.60559844970703,26715100
2023-09-21,74.0999984741211,74.16000366210938,73.87000274658203,73.87000274658203,62.15961456298828,43327300
2023-09-22,74.0199966430664,74.2699966430664,73.98999786376953,74.0,62.269004821777344,36657300
2023-09-25,73.80999755859375,74.02999877929688,73.7300033569336,73.9000015258789,62.184852600097656,30197500
2023-09-26,73.83999633789062,73.88999938964844,73.52999877929688,73.58000183105469,61.91556930541992,39193000
2023-09-27,73.79000091552734,73.8499984741211,73.3499984741211,73.4800033569336,61.831459045410156,45532200
2023-09-28,73.3499984741211,73.86000061035156,73.30999755859375,73.83000183105469,62.125953674316406,45776600
2023-09-29,74.13999938964844,74.20999908447266,73.70999908447266,73.72000122070312,62.03340148925781,51698300
2023-10-02,73.0999984741211,73.23999786376953,72.80000305175781,72.88999938964844,61.65695571899414,69255900
2023-10-03,72.5999984741211,72.80000305175781,72.12000274658203,72.1500015258789,61.031002044677734,77754200
2023-10-04,72.31999969482422,72.62999725341797,72.12000274658203,72.5199966430664,61.34398651123047,138971500
2023-10-05,72.47000122070312,72.68000030517578,72.4000015258789,72.58999633789062,61.4031867980957,56138500
2023-10-06,72.30000305175781,72.81999969482422,72.0999984741211,72.69000244140625,61.487789154052734,52741500
2023-10-09,72.69999694824219,73.23999786376953,72.69999694824219,73.2300033569336,61.94455337524414,27277200
2023-10-10,73.04000091552734,73.44000244140625,72.94999694824219,73.20999908447266,61.92764663696289,50761600
2023-10-11,73.3499984741211,73.44000244140625,72.87999725341797,73.19999694824219,61.91920471191406,53330500
2023-10-12,73.16999816894531,73.16999816894531,72.58999633789062,72.80999755859375,61.58927536010742,60368000
2023-10-13,73.01000213623047,73.23999786376953,72.68000030517578,72.75,61.53855895996094,54191200
2023-10-16,72.72000122070312,72.91000366210938,72.66999816894531,72.7300033569336,61.521636962890625,39352900
2023-10-17,72.41999816894531,72.61000061035156,72.29000091552734,72.38999938964844,61.23402404785156,50948700
2023-10-18,72.30999755859375,72.45999908447266,71.98999786376953,72.04000091552734,60.937965393066406,58306500
2023-10-19,72.04000091552734,72.4000015258789,71.77999877929688,71.77999877929688,60.718013763427734,70971900
2023-10-20,71.86000061035156,72.08999633789062,71.81999969482422,71.93000030517578,60.84490966796875,64845500
2023-10-23,71.7699966430664,72.41999816894531,71.68000030517578,72.22000122070312,61.09022903442383,47508700
2023-10-24,72.41000366210938,72.62000274658203,72.33000183105469,72.58999633789062,61.4031867980957,46427900
2023-10-25,72.41000366210938,72.47000122070312,72.12000274658203,72.19999694824219,61.07331085205078,42518300
2023-10-26,72.20999908447266,72.58000183105469,72.0999984741211,72.44999694824219,61.284759521484375,45233400
2023-10-27,72.5199966430664,72.61000061035156,72.2300033569336,72.36000061035156,61.208656311035156,35621800
2023-10-30,72.3499984741211,72.5,72.2699966430664,72.37999725341797,61.22556686401367,29094000
2023-10-31,72.41000366210938,72.80000305175781,72.37999725341797,72.56999969482422,61.386295318603516,42185900
2023-11-01,72.27999877929688,72.87000274658203,72.27999877929688,72.87000274658203,61.97137451171875,59313100
2023-11-02,73.33000183105469,73.79000091552734,73.31999969482422,73.69000244140625,62.66874313354492,68930600
2023-11-03,74.1500015258789,74.45999908447266,74.0,74.41000366210938,63.28105163574219,88763600
2023-11-06,74.23999786376953,74.38999938964844,74.04000091552734,74.11000061035156,63.025936126708984,93899100
2023-11-07,74.05999755859375,74.20999908447266,73.9000015258789,74.12000274658203,63.03440856933594,50458200
2023-11-08,74.0999984741211,74.2300033569336,74.05999755859375,74.16000366210938,63.068450927734375,41143500
2023-11-09,74.05000305175781,74.19000244140625,73.68000030517578,73.69999694824219,62.67726516723633,62856100
2023-11-10,73.91000366210938,74.0999984741211,73.87000274658203,74.05999755859375,62.9833869934082,35563300
2023-11-13,73.79000091552734,74.05999755859375,73.79000091552734,73.98999786376953,62.92387390136719,37530100
2023-11-14,74.62000274658203,74.93000030517578,74.62000274658203,74.73999786376953,63.561702728271484,68210800
2023-11-15,74.61000061035156,74.70999908447266,74.43000030517578,74.5,63.35759353637695,44022800
2023-11-16,74.52999877929688,74.66999816894531,74.44999694824219,74.5999984741211,63.44261169433594,52928200
2023-11-17,74.61000061035156,74.7699966430664,74.4800033569336,74.7699966430664,63.58723068237305,44272100
2023-11-20,74.6500015258789,74.94999694824219,74.6500015258789,74.8499984741211,63.655242919921875,30846200
2023-11-21,74.80000305175781,74.97000122070312,74.80000305175781,74.94999694824219,63.74029541015625,29493900
2023-11-22,75.05000305175781,75.16000366210938,74.87999725341797,75.08000183105469,63.8508415222168,40866800
2023-11-24,75.0199966430664,75.02999877929688,74.94999694824219,75.0,63.78281784057617,8536200
2023-11-27,75.0,75.19999694824219,74.93000030517578,75.11000061035156,63.876373291015625,31007400
2023-11-28,75.0999984741211,75.47000122070312,75.05000305175781,75.44000244140625,64.15702056884766,44031100
2023-11-29,75.73999786376953,76.04000091552734,75.70999908447266,75.8499984741211,64.50567626953125,48815500
2023-11-30,75.81999969482422,75.86000061035156,75.4800033569336,75.70999908447266,64.3866195678711,55047100
2023-12-01,75.29000091552734,76.01000213623047,75.19999694824219,75.98999786376953,64.91972351074219,60321100
2023-12-04,75.55000305175781,75.8499984741211,75.55000305175781,75.80000305175781,64.75738525390625,33105700
2023-12-05,75.66999816894531,75.95999908447266,75.66999816894531,75.87000274658203,64.81719970703125,32466500
2023-12-06,75.95999908447266,76.02999877929688,75.83000183105469,75.87999725341797,64.82572937011719,21297200
2023-12-07,75.98999786376953,76.13999938964844,75.91999816894531,76.01000213623047,64.93679809570312,27779300
2023-12-08,75.80999755859375,75.91000366210938,75.66999816894531,75.86000061035156,64.80867004394531,30123200
2023-12-11,75.80000305175781,75.81999969482422,75.56999969482422,75.80999755859375,64.76594543457031,30141700
2023-12-12,75.7699966430664,76.01000213623047,75.5999984741211,75.9800033569336,64.91116333007812,29203400
2023-12-13,76.0999984741211,77.1500015258789,76.05999755859375,77.13999938964844,65.90218353271484,64201300
2023-12-14,77.12999725341797,77.37999725341797,76.94999694824219,77.0999984741211,66.1932144165039,67220400
2023-12-15,77.02999877929688,77.3499984741211,76.75,76.93000030517578,66.04728698730469,36336400
2023-12-18,77.08000183105469,77.08000183105469,76.7300033569336,76.9800033569336,66.09022521972656,34793600
2023-12-19,77.06999969482422,77.29000091552734,77.04000091552734,77.19999694824219,66.27909851074219,25269400
2023-12-20,77.29000091552734,77.54000091552734,77.16999816894531,77.20999908447266,66.28765869140625,38376400
2023-12-21,77.51000213623047,77.62999725341797,77.31999969482422,77.55999755859375,66.58817291259766,22861400
2023-12-22,77.69000244140625,77.75,77.41999816894531,77.47000122070312,66.51087951660156,18048400
2023-12-26,77.5,77.62999725341797,77.4800033569336,77.62000274658203,66.63967895507812,12374700
2023-12-27,77.66999816894531,78.08000183105469,77.61000061035156,77.94000244140625,66.91439056396484,22835300
2023-12-28,77.9000015258789,77.91000366210938,77.54000091552734,77.69000244140625,66.69977569580078,22648100
2023-12-29,77.66999816894531,77.86000061035156,77.38999938964844,77.38999938964844,66.44219970703125,36993900
2024-01-02,77.12999725341797,77.23999786376953,77.04000091552734,77.12999725341797,66.21898651123047,41547100
2024-01-03,76.72000122070312,77.08000183105469,76.55000305175781,76.91999816894531,66.03870391845703,39495500
2024-01-04,76.80999755859375,76.9000015258789,76.5999984741211,76.62000274658203,65.78112030029297,32856100
2024-01-05,76.5999984741211,77.0,76.55000305175781,76.68000030517578,65.83265686035156,31158500
2024-01-08,76.69999694824219,77.16999816894531,76.69999694824219,77.11000061035156,66.20182800292969,33479100
2024-01-09,77.01000213623047,77.31999969482422,76.95999908447266,77.2300033569336,66.30481719970703,25593500
2024-01-10,77.41000366210938,77.48999786376953,77.27999877929688,77.37000274658203,66.42501068115234,35702800
2024-01-11,77.3499984741211,77.62999725341797,77.16999816894531,77.62000274658203,66.63967895507812,35947100
2024-01-12,77.68000030517578,77.91999816894531,77.62999725341797,77.69999694824219,66.7083511352539,31155500
2024-01-16,77.55000305175781,77.55000305175781,77.12999725341797,77.20999908447266,66.28765869140625,43669900
2024-01-17,77.08000183105469,77.08000183105469,76.7300033569336,76.87999725341797,66.00434875488281,54160800
2024-01-18,76.98999786376953,77.05000305175781,76.8499984741211,77.04000091552734,66.14170837402344,34837600
2024-01-19,77.06999969482422,77.16999816894531,76.77999877929688,77.16999816894531,66.25332641601562,44359700
2024-01-22,77.18000030517578,77.43000030517578,77.18000030517578,77.2300033569336,66.30481719970703,36758900
2024-01-23,77.19000244140625,77.25,77.02999877929688,77.13999938964844,66.22756958007812,24561500
2024-01-24,77.4000015258789,77.43000030517578,77.02999877929688,77.0999984741211,66.1932144165039,27623300
2024-01-25,77.37000274658203,77.69000244140625,77.30000305175781,77.69000244140625,66.69977569580078,48268800
2024-01-26,77.6500015258789,77.7699966430664,77.58999633789062,77.62999725341797,66.64826202392578,26232800
2024-01-29,77.66000366210938,77.83000183105469,77.56999969482422,77.80000305175781,66.79421997070312,25924900
2024-01-30,77.80000305175781,77.83000183105469,77.52999877929688,77.69999694824219,66.7083511352539,32486600
2024-01-31,77.69999694824219,77.9000015258789,77.43000030517578,77.4800033569336,66.51947021484375,55548900
2024-02-01,77.33000183105469,77.61000061035156,77.11000061035156,77.54000091552734,66.90257263183594,48019300
2024-02-02,77.05000305175781,77.29000091552734,77.04000091552734,77.19000244140625,66.60059356689453,42727400
2024-02-05,76.94999694824219,77.01000213623047,76.66000366210938,76.83000183105469,66.28995513916016,51908600
2024-02-06,76.87000274658203,77.22000122070312,76.87000274658203,77.11000061035156,66.53156280517578,32948200
2024-02-07,77.2699966430664,77.30000305175781,77.0199966430664,77.23999786376953,66.64370727539062,42954100
2024-02-08,77.18000030517578,77.30000305175781,77.12000274658203,77.19999694824219,66.60921478271484,25548400
2024-02-09,77.25,77.41000366210938,77.13999938964844,77.36000061035156,66.74724578857422,33951400
2024-02-12,77.33000183105469,77.45999908447266,77.16999816894531,77.19000244140625,66.60059356689453,36249100
2024-02-13,76.66999816894531,76.80000305175781,76.44000244140625,76.56999969482422,66.06563568115234,69904200
2024-02-14,76.79000091552734,76.98999786376953,76.7300033569336,76.87000274658203,66.3244857788086,38603100
2024-02-15,77.0,77.2300033569336,76.94000244140625,77.13999938964844,66.55743408203125,44319900
2024-02-16,76.93000030517578,77.01000213623047,76.81999969482422,76.91000366210938,66.35900115966797,50322900
2024-02-20,76.88999938964844,77.12999725341797,76.81999969482422,77.06999969482422,66.49703979492188,31994100
2024-02-21,77.05999755859375,77.12000274658203,76.81999969482422,76.93000030517578,66.37625122070312,38674100
2024-02-22,77.1500015258789,77.30999755859375,77.0999984741211,77.30000305175781,66.69548797607422,45450200
2024-02-23,77.37000274658203,77.45999908447266,77.29000091552734,77.3499984741211,66.73861694335938,24686900
2024-02-26,77.31999969482422,77.3499984741211,77.08000183105469,77.0999984741211,66.52291870117188,32795300
2024-02-27,77.1500015258789,77.19999694824219,77.05000305175781,77.19999694824219,66.60921478271484,30926600
2024-02-28,77.1500015258789,77.27999877929688,77.0999984741211,77.19000244140625,66.60059356689453,24667600
2024-02-29,77.30000305175781,77.47000122070312,77.23999786376953,77.33000183105469,66.72138214111328,43322400
2024-03-01,76.93000030517578,77.20999908447266,76.77999877929688,77.18000030517578,66.9712905883789,39342900
2024-03-04,77.12000274658203,77.2300033569336,77.02999877929688,77.16000366210938,66.95393371582031,21607300
2024-03-05,77.16000366210938,77.3499984741211,77.05999755859375,77.0999984741211,66.90185546875,38076900
2024-03-06,77.30000305175781,77.41000366210938,77.18000030517578,77.29000091552734,67.06674194335938,34335200
2024-03-07,77.48999786376953,77.51000213623047,77.31999969482422,77.37999725341797,67.14482879638672,30393000
2024-03-08,77.48999786376953,77.7300033569336,77.38999938964844,77.4000015258789,67.16218566894531,38317900
2024-03-11,77.33999633789062,77.43000030517578,77.30000305175781,77.38999938964844,67.15348815917969,27177600
2024-03-12,77.51000213623047,77.51000213623047,77.26000213623047,77.45999908447266,67.21426391601562,33351700
2024-03-13,77.4000015258789,77.68000030517578,77.4000015258789,77.48999786376953,67.24029541015625,28482200
2024-03-14,77.47000122070312,77.51000213623047,77.02999877929688,77.12000274658203,66.9192123413086,46677200
2024-03-15,77.08000183105469,77.23999786376953,76.95999908447266,77.06999969482422,66.8758316040039,53985300
2024-03-18,77.2699966430664,77.31999969482422,77.18000030517578,77.25,67.03202056884766,34649300
2024-03-19,77.2300033569336,77.58000183105469,77.22000122070312,77.55999755859375,67.30099487304688,41841500
2024-03-20,77.54000091552734,77.8499984741211,77.47000122070312,77.81999969482422,67.526611328125,36886700
2024-03-21,77.94999694824219,77.95999908447266,77.68000030517578,77.77999877929688,67.49190521240234,34693300
2024-03-22,77.80999755859375,77.88999938964844,77.66000366210938,77.69999694824219,67.4224853515625,26955700
2024-03-25,77.55999755859375,77.66999816894531,77.54000091552734,77.58000183105469,67.31839752197266,29373100
2024-03-26,77.66999816894531,77.68000030517578,77.47000122070312,77.48999786376953,67.24029541015625,28522200
2024-03-27,77.68000030517578,77.9000015258789,77.5999984741211,77.9000015258789,67.59603881835938,28891100
2024-03-28,77.80000305175781,77.91999816894531,77.72000122070312,77.7300033569336,67.44851684570312,31546700
2024-04-01,77.3499984741211,77.3499984741211,76.98999786376953,77.0199966430664,67.17378997802734,47857400
2024-04-02,76.76000213623047,76.91000366210938,76.72000122070312,76.88999938964844,67.06041717529297,45551200
2024-04-03,76.77999877929688,76.98999786376953,76.70999908447266,76.94999694824219,67.11273956298828,29542300
2024-04-04,77.11000061035156,77.22000122070312,76.77999877929688,76.88999938964844,67.06041717529297,36056400
2024-04-05,76.83000183105469,76.93000030517578,76.79000091552734,76.81999969482422,66.99937438964844,30857300
2024-04-08,76.83000183105469,77.04000091552734,76.77999877929688,77.0,67.1563491821289,31067800
2024-04-09,77.12000274658203,77.2300033569336,77.0199966430664,77.16000366210938,67.29591369628906,32219100
2024-04-10,76.6500015258789,76.76000213623047,76.30000305175781,76.4800033569336,66.70284271240234,76623900
2024-04-11,76.51000213623047,76.55999755859375,76.20999908447266,76.41000366210938,66.64179992675781,50836000
2024-04-12,76.37999725341797,76.41999816894531,76.25,76.37000274658203,66.60688781738281,41441700
2024-04-15,76.44999694824219,76.44999694824219,75.83999633789062,75.93000030517578,66.22314453125,55560400
2024-04-16,75.91000366210938,75.91000366210938,75.58999633789062,75.68000030517578,66.0051040649414,55746100
2024-04-17,75.88999938964844,76.04000091552734,75.70999908447266,75.77999877929688,66.09233093261719,48158800
2024-04-18,75.77999877929688,75.88999938964844,75.63999938964844,75.83999633789062,66.14464569091797,40291400
2024-04-19,75.91000366210938,76.08000183105469,75.9000015258789,75.9800033569336,66.26675415039062,54739500
2024-04-22,76.13999938964844,76.43000030517578,76.11000061035156,76.4000015258789,66.63306427001953,40772500
2024-04-23,76.47000122070312,76.76000213623047,76.37999725341797,76.70999908447266,66.9034423828125,43554400
2024-04-24,76.66999816894531,76.69999694824219,76.37000274658203,76.54000091552734,66.75516510009766,40496500
2024-04-25,76.08000183105469,76.4000015258789,75.91000366210938,76.37999725341797,66.6156234741211,46371600
2024-04-26,76.37000274658203,76.66000366210938,76.37000274658203,76.62000274658203,66.82493591308594,34500800
2024-04-29,76.72000122070312,76.8499984741211,76.66999816894531,76.8499984741211,67.02554321289062,33157800
2024-04-30,76.5999984741211,76.76000213623047,76.29000091552734,76.29000091552734,66.53712463378906,49937500
2024-05-01,75.94999694824219,76.62999725341797,75.93000030517578,76.29000091552734,66.88782501220703,71484700
2024-05-02,76.4800033569336,76.77999877929688,76.33000183105469,76.76000213623047,67.29989624023438,41497900
2024-05-03,77.1500015258789,77.38999938964844,76.94000244140625,77.08000183105469,67.5804443359375,44204400
2024-05-06,77.16999816894531,77.2300033569336,77.12000274658203,77.16999816894531,67.65938568115234,29547100
2024-05-07,77.26000213623047,77.27999877929688,77.02999877929688,77.18000030517578,67.66812896728516,34064000
2024-05-08,76.98999786376953,77.05999755859375,76.94999694824219,77.0,67.51031494140625,22959500
2024-05-09,76.95999908447266,77.05999755859375,76.86000061035156,77.0199966430664,67.52784729003906,24590900
2024-05-10,77.01000213623047,77.02999877929688,76.80999755859375,76.9000015258789,67.42263793945312,24633800
2024-05-13,77.05999755859375,77.05999755859375,76.8499984741211,76.87999725341797,67.40511322021484,22109800
2024-05-14,76.91999816894531,77.02999877929688,76.9000015258789,77.0,67.51031494140625,27298700
2024-05-15,77.25,77.45999908447266,77.19000244140625,77.44999694824219,67.90487670898438,56544400
2024-05-16,77.45999908447266,77.45999908447266,77.26000213623047,77.2699966430664,67.74703979492188,31749800
2024-05-17,77.22000122070312,77.30999755859375,77.16000366210938,77.27999877929688,67.7558364868164,31550300
2024-05-20,77.2300033569336,77.31999969482422,77.19999694824219,77.31999969482422,67.79090118408203,18665000
2024-05-21,77.2699966430664,77.4000015258789,77.25,77.26000213623047,67.73829650878906,20295900
2024-05-22,77.1500015258789,77.19000244140625,77.0199966430664,77.08999633789062,67.58922576904297,31110700
2024-05-23,77.16999816894531,77.22000122070312,76.79000091552734,76.81999969482422,67.35250854492188,36464700
2024-05-24,76.94000244140625,77.11000061035156,76.83999633789062,77.08999633789062,67.58922576904297,20488500
2024-05-28,77.16999816894531,77.19000244140625,76.76000213623047,76.77999877929688,67.31742858886719,27771700
2024-05-29,76.54000091552734,76.6500015258789,76.5199966430664,76.55000305175781,67.11578369140625,38800000
2024-05-30,76.62999725341797,76.87999725341797,76.62999725341797,76.86000061035156,67.38758087158203,44210200
2024-05-31,76.91999816894531,77.1500015258789,76.91999816894531,77.12999725341797,67.62429809570312,45381900
2024-06-03,76.87000274658203,77.01000213623047,76.83999633789062,77.01000213623047,67.83393096923828,36791300
2024-06-04,76.91999816894531,77.0999984741211,76.91000366210938,76.97000122070312,67.79871368408203,39230600
2024-06-05,77.12000274658203,77.22000122070312,76.95999908447266,77.22000122070312,68.01891326904297,29793700
2024-06-06,77.18000030517578,77.18000030517578,77.04000091552734,77.08999633789062,67.90440368652344,24398300
2024-06-07,76.79000091552734,76.94000244140625,76.75,76.88999938964844,67.72823333740234,32498800
2024-06-10,76.80999755859375,76.97000122070312,76.76000213623047,76.95999908447266,67.78990173339844,24875700
2024-06-11,76.91999816894531,77.06999969482422,76.8499984741211,77.05999755859375,67.87799072265625,25339600
2024-06-12,77.58999633789062,77.63999938964844,77.3499984741211,77.37000274658203,68.15103912353516,51775700
2024-06-13,77.55000305175781,77.55000305175781,77.26000213623047,77.36000061035156,68.14222717285156,38532000
2024-06-14,77.11000061035156,77.18000030517578,76.94999694824219,77.05999755859375,67.87799072265625,52953300
2024-06-17,76.94000244140625,77.19000244140625,76.83999633789062,77.11000061035156,67.92202758789062,33165000
2024-06-18,77.19999694824219,77.41000366210938,77.18000030517578,77.3499984741211,68.1334228515625,46845500
2024-06-20,77.31999969482422,77.33999633789062,77.13999938964844,77.30000305175781,68.08939361572266,26989000
2024-06-21,77.29000091552734,77.41000366210938,77.20999908447266,77.38999938964844,68.16866302490234,26857600
2024-06-24,77.36000061035156,77.51000213623047,77.30999755859375,77.30999755859375,68.09820556640625,28766200
2024-06-25,77.36000061035156,77.41999816894531,77.27999877929688,77.41000366210938,68.18629455566406,26111600
2024-06-26,77.26000213623047,77.2699966430664,77.16999816894531,77.23999786376953,68.03655242919922,29282000
2024-06-27,77.19999694824219,77.33000183105469,77.18000030517578,77.33000183105469,68.11581420898438,29404500
2024-06-28,77.37999725341797,77.5199966430664,77.13999938964844,77.13999938964844,67.94845581054688,34952000
2024-07-01,76.87000274658203,76.91999816894531,76.69000244140625,76.72000122070312,67.93516540527344,31113100
2024-07-02,76.7300033569336,76.94999694824219,76.69000244140625,76.93000030517578,68.1211166381836,30418400
2024-07-03,76.91999816894531,77.19999694824219,76.91999816894531,77.19999694824219,68.36022186279297,22067300
2024-07-05,77.27999877929688,77.44999694824219,77.23999786376953,77.43000030517578,68.56388854980469,25941500
2024-07-08,77.41000366210938,77.4800033569336,77.30999755859375,77.41000366210938,68.54615783691406,26962000
2024-07-09,77.41000366210938,77.41000366210938,77.2300033569336,77.31999969482422,68.46646881103516,19108500
2024-07-10,77.41000366210938,77.5199966430664,77.37000274658203,77.5,68.6258544921875,25361900
2024-07-11,77.76000213623047,77.83999633789062,77.70999908447266,77.77999877929688,68.873779296875,44932500
2024-07-12,77.79000091552734,78.0199966430664,77.79000091552734,77.9800033569336,69.05089569091797,31688100
2024-07-15,78.04000091552734,78.06999969482422,77.9000015258789,77.98999786376953,69.05974578857422,23235600
2024-07-16,78.06999969482422,78.33000183105469,78.0,78.29000091552734,69.32540893554688,41375400
2024-07-17,78.05999755859375,78.25,78.02999877929688,78.19999694824219,69.2457046508789,32750400
2024-07-18,78.23999786376953,78.2699966430664,77.97000122070312,78.04000091552734,69.10401916503906,42513000
2024-07-19,78.12000274658203,78.12999725341797,77.87999725341797,77.9800033569336,69.05089569091797,36125700
2024-07-22,78.16999816894531,78.27999877929688,78.11000061035156,78.2699966430664,69.30768585205078,32378800
2024-07-23,78.26000213623047,78.41999816894531,78.2300033569336,78.27999877929688,69.3165512084961,28826900
2024-07-24,78.19999694824219,78.30999755859375,78.01000213623047,78.02999877929688,69.09515380859375,37612800
2024-07-25,78.08000183105469,78.33000183105469,78.04000091552734,78.04000091552734,69.10401916503906,35409000
2024-07-26,78.37000274658203,78.37000274658203,78.20999908447266,78.29000091552734,69.32540893554688,23683700
2024-07-29,78.4000015258789,78.44000244140625,78.13999938964844,78.22000122070312,69.26342010498047,28468400
2024-07-30,78.33000183105469,78.3499984741211,78.12000274658203,78.26000213623047,69.2988510131836,33652100
2024-07-31,78.47000122070312,78.5999984741211,78.36000061035156,78.54000091552734,69.54676818847656,50714800
2024-08-01,78.19000244140625,78.30000305175781,77.94000244140625,77.95999908447266,69.39456176757812,51319800
2024-08-02,77.80999755859375,77.97000122070312,77.61000061035156,77.69999694824219,69.16312408447266,71578700
2024-08-05,76.63999938964844,77.37999725341797,76.58000183105469,77.22000122070312,68.7358627319336,104456100
2024-08-06,77.4800033569336,77.80999755859375,77.16999816894531,77.51000213623047,68.99401092529297,60113400
2024-08-07,77.9800033569336,78.01000213623047,77.61000061035156,77.66000366210938,69.1275405883789,56107800
2024-08-08,77.9000015258789,78.0199966430664,77.79000091552734,77.9800033569336,69.41236114501953,31528100
2024-08-09,78.0199966430664,78.08999633789062,77.83000183105469,77.97000122070312,69.4034652709961,29759900
2024-08-12,78.04000091552734,78.04000091552734,77.87000274658203,78.0199966430664,69.44795989990234,33878400
2024-08-13,78.11000061035156,78.38999938964844,78.08999633789062,78.37999725341797,69.7684097290039,37310200
2024-08-14,78.36000061035156,78.55000305175781,78.30000305175781,78.5199966430664,69.89303588867188,36086900
2024-08-15,78.55999755859375,78.62000274658203,78.44999694824219,78.58999633789062,69.9553451538086,39411300
2024-08-16,78.55000305175781,78.87999725341797,78.54000091552734,78.83999633789062,70.1778793334961,33682600
2024-08-19,78.80999755859375,79.0,78.75,78.97000122070312,70.29360961914062,29604300
2024-08-20,79.01000213623047,79.02999877929688,78.7699966430664,78.9000015258789,70.23127746582031,33189300
2024-08-21,78.9800033569336,79.11000061035156,78.91000366210938,79.08000183105469,70.39151000976562,34266700
2024-08-22,79.08000183105469,79.08999633789062,78.88999938964844,78.9800033569336,70.30250549316406,29292100
2024-08-23,79.18000030517578,79.4000015258789,79.08000183105469,79.4000015258789,70.67636108398438,32590900
2024-08-26,79.38999938964844,79.43000030517578,79.2300033569336,79.23999786376953,70.53392791748047,20460100
2024-08-27,79.1500015258789,79.37000274658203,79.11000061035156,79.29000091552734,70.57846069335938,22784300
2024-08-28,79.30999755859375,79.31999969482422,79.18000030517578,79.25,70.54281616210938,22351600
2024-08-29,79.33000183105469,79.36000061035156,79.2300033569336,79.33000183105469,70.61405944824219,18353000
2024-08-30,79.41999816894531,79.41999816894531,79.23999786376953,79.33999633789062,70.6229476928711,27633300
2024-09-03,78.87999725341797,78.95999908447266,78.6500015258789,78.68000030517578,70.37249755859375,31596800
2024-09-04,78.66000366210938,79.05000305175781,78.66000366210938,78.97000122070312,70.63189697265625,32371800
2024-09-05,79.11000061035156,79.27999877929688,79.05000305175781,79.23999786376953,70.87337493896484,44675300
2024-09-06,79.2699966430664,79.37999725341797,78.98999786376953,79.13999938964844,70.78392791748047,49888900
2024-09-09,79.2699966430664,79.37999725341797,79.16000366210938,79.33000183105469,70.95388793945312,24823800
2024-09-10,79.33999633789062,79.37000274658203,79.0999984741211,79.18000030517578,70.8197250366211,38347600
2024-09-11,79.08999633789062,79.30999755859375,78.97000122070312,79.30000305175781,70.92704772949219,42342700
2024-09-12,79.25,79.48999786376953,79.20999908447266,79.41000366210938,71.02545166015625,28515000
2024-09-13,79.5199966430664,79.68000030517578,79.5,79.62999725341797,71.22220611572266,31806800
2024-09-16,79.66000366210938,79.9000015258789,79.63999938964844,79.83000183105469,71.40108489990234,31402400
2024-09-17,79.9000015258789,79.94000244140625,79.80000305175781,79.8499984741211,71.4189682006836,27423900
2024-09-18,79.87999725341797,80.27999877929688,79.79000091552734,79.91999816894531,71.4815902709961,39546900
2024-09-19,80.29000091552734,80.33000183105469,80.08999633789062,80.16000366210938,71.69624328613281,48785900
2024-09-20,80.16000366210938,80.26000213623047,80.0,80.26000213623047,71.78567504882812,43626300
2024-09-23,80.19000244140625,80.20999908447266,80.08000183105469,80.11000061035156,71.65151977539062,29049400
2024-09-24,80.12000274658203,80.18000030517578,80.0,80.12000274658203,71.66046142578125,28674500
2024-09-25,80.08000183105469,80.11000061035156,80.0199966430664,80.02999877929688,71.5799789428711,28899100
2024-09-26,80.19000244140625,80.19000244140625,80.0199966430664,80.16000366210938,71.69624328613281,32732300
2024-09-27,80.22000122070312,80.37000274658203,80.19999694824219,80.36000061035156,71.8750991821289,36712700
2024-09-30,80.33000183105469,80.37000274658203,80.19000244140625,80.30000305175781,71.82145690917969,31551500
2024-10-01,79.98999786376953,80.0,79.80000305175781,79.87000274658203,71.78549194335938,45992200
2024-10-02,79.77999877929688,79.87999725341797,79.69000244140625,79.87999725341797,71.79447937011719,41214300
2024-10-03,79.77999877929688,79.80999755859375,79.62999725341797,79.69000244140625,71.62372589111328,31147700
2024-10-04,79.68000030517578,79.70999908447266,79.54000091552734,79.5999984741211,71.5428466796875,40122800
2024-10-07,79.54000091552734,79.54000091552734,79.25,79.26000213623047,71.23724365234375,69202500
2024-10-08,79.37000274658203,79.45999908447266,79.30000305175781,79.44999694824219,71.40800476074219,40947200
2024-10-09,79.44000244140625,79.4800033569336,79.33999633789062,79.4000015258789,71.36309814453125,42426500
2024-10-10,79.4000015258789,79.41000366210938,79.25,79.36000061035156,71.32713317871094,30091700
2024-10-11,79.33999633789062,79.58999633789062,79.33999633789062,79.56999969482422,71.51587677001953,26970800
2024-10-14,79.62000274658203,79.62999725341797,79.4000015258789,79.61000061035156,71.55181884765625,12065800
2024-10-15,79.5999984741211,79.72000122070312,79.58000183105469,79.58999633789062,71.5338363647461,31134400
2024-10-16,79.69999694824219,79.80999755859375,79.66000366210938,79.7300033569336,71.65968322753906,31626300
2024-10-17,79.7699966430664,79.80000305175781,79.4800033569336,79.61000061035156,71.55181884765625,46599300
2024-10-18,79.69999694824219,79.80000305175781,79.6500015258789,79.80000305175781,71.72260284423828,28905600
2024-10-21,79.66000366210938,79.70999908447266,79.4000015258789,79.4800033569336,71.43498229980469,36341500
2024-10-22,79.43000030517578,79.45999908447266,79.27999877929688,79.37000274658203,71.33611297607422,35466600
2024-10-23,79.26000213623047,79.30000305175781,79.06999969482422,79.12999725341797,71.12042236328125,39761500
2024-10-24,79.30000305175781,79.41999816894531,79.22000122070312,79.36000061035156,71.32713317871094,30163900
2024-10-25,79.45999908447266,79.55000305175781,79.25,79.27999877929688,71.2552261352539,35590200
2024-10-28,79.41999816894531,79.5199966430664,79.37999725341797,79.4800033569336,71.43498229980469,31854500
2024-10-29,79.25,79.5199966430664,79.2300033569336,79.5,71.45296478271484,42992200
2024-10-30,79.48999786376953,79.6500015258789,79.33000183105469,79.36000061035156,71.32713317871094,28728700
2024-10-31,79.37999725341797,79.37999725341797,79.13999938964844,79.13999938964844,71.12937927246094,43194600
2024-11-01,79.02999877929688,79.08000183105469,78.7300033569336,78.75,71.1339111328125,44045700
2024-11-04,79.05000305175781,79.0999984741211,78.88999938964844,78.97000122070312,71.33263397216797,27291200
2024-11-05,78.94000244140625,79.19999694824219,78.94000244140625,79.19000244140625,71.53135681152344,31611900
2024-11-06,79.22000122070312,79.36000061035156,79.08000183105469,79.33000183105469,71.65782928466797,43173100
2024-11-07,79.30000305175781,79.69999694824219,79.25,79.66999816894531,71.9649429321289,51325800
2024-11-08,79.77999877929688,79.83000183105469,79.66999816894531,79.80000305175781,72.08236694335938,30543400
2024-11-11,79.79000091552734,79.81999969482422,79.70999908447266,79.70999908447266,72.0010757446289,11008700
2024-11-12,79.61000061035156,79.69999694824219,79.33000183105469,79.38999938964844,71.71202850341797,44594900
2024-11-13,79.58999633789062,79.5999984741211,79.37999725341797,79.41000366210938,71.73009490966797,33873600
2024-11-14,79.45999908447266,79.52999877929688,79.23999786376953,79.23999786376953,71.5765380859375,32749300
2024-11-15,79.19000244140625,79.27999877929688,79.05000305175781,79.2300033569336,71.56751251220703,33709500
2024-11-18,79.2699966430664,79.38999938964844,79.19000244140625,79.37999725341797,71.70299530029297,27780900
2024-11-19,79.31999969482422,79.56999969482422,79.30000305175781,79.5,71.8113784790039,34523200
2024-11-20,79.48999786376953,79.5,79.38999938964844,79.4800033569336,71.7933120727539,19934000
2024-11-21,79.54000091552734,79.63999938964844,79.47000122070312,79.51000213623047,71.82041931152344,28040000
2024-11-22,79.5,79.58999633789062,79.44999694824219,79.48999786376953,71.80236053466797,29564900
2024-11-25,79.72000122070312,79.8499984741211,79.72000122070312,79.79000091552734,72.0733413696289,35003000
2024-11-26,79.80000305175781,79.80000305175781,79.58000183105469,79.63999938964844,71.93785095214844,41103500
2024-11-27,79.70999908447266,79.87999725341797,79.69000244140625,79.87999725341797,72.15463256835938,30239600
2024-11-29,80.01000213623047,80.06999969482422,79.88999938964844,80.04000091552734,72.29916381835938,25037800
2024-12-02,79.93000030517578,79.93000030517578,79.52999877929688,79.6500015258789,72.2728500366211,32387400
2024-12-03,79.72000122070312,79.73999786376953,79.61000061035156,79.6500015258789,72.2728500366211,24868500
2024-12-04,79.70999908447266,79.83999633789062,79.63999938964844,79.83999633789062,72.44524383544922,22733500
2024-12-05,79.79000091552734,79.81999969482422,79.70999908447266,79.7699966430664,72.38172149658203,23106300
2024-12-06,79.88999938964844,80.0,79.8499984741211,79.9000015258789,72.49971008300781,29931300
2024-12-09,79.9000015258789,79.94000244140625,79.77999877929688,79.80000305175781,72.4089584350586,22095100
2024-12-10,79.94000244140625,79.94000244140625,79.73999786376953,79.83999633789062,72.44524383544922,27195200
2024-12-11,79.94000244140625,79.94999694824219,79.83000183105469,79.86000061035156,72.46339416503906,24730000
2024-12-12,79.80999755859375,79.98999786376953,79.62999725341797,79.63999938964844,72.26377868652344,29081600
2024-12-13,79.70999908447266,79.70999908447266,79.37999725341797,79.41000366210938,72.05506896972656,34201100
2024-12-16,79.55000305175781,79.62000274658203,79.4800033569336,79.55999755859375,72.19117736816406,22269000
2024-12-17,79.41000366210938,79.5,79.38999938964844,79.38999938964844,72.03694152832031,29039500
2024-12-18,79.13999938964844,79.13999938964844,78.1500015258789,78.16999816894531,71.2972183227539,80034500
2024-12-19,78.44999694824219,78.51000213623047,78.08999633789062,78.08999633789062,71.22425079345703,69005700
2024-12-20,78.0,78.66999816894531,78.0,78.58000183105469,71.67117309570312,63276200
2024-12-23,78.6500015258789,78.69000244140625,78.37000274658203,78.37000274658203,71.47966003417969,29239400
2024-12-24,78.4000015258789,78.63999938964844,78.3499984741211,78.62000274658203,71.70767211914062,11926100
2024-12-26,78.51000213623047,78.81999969482422,78.47000122070312,78.81999969482422,71.89006805419922,18384900
2024-12-27,78.73999786376953,78.76000213623047,78.52999877929688,78.55000305175781,71.6438217163086,20631800
2024-12-30,78.58000183105469,78.73999786376953,78.5,78.66000366210938,71.74414825439453,20659200
2024-12-31,78.77999877929688,78.83999633789062,78.55000305175781,78.6500015258789,71.73501586914062,18664900
2025-01-02,78.87999725341797,78.94999694824219,78.72000122070312,78.83999633789062,71.90830993652344,30415400
2025-01-03,78.98999786376953,79.02999877929688,78.93000030517578,78.95999908447266,72.01776885986328,32611000
2025-01-06,79.1500015258789,79.19000244140625,79.0199966430664,79.0999984741211,72.14545440673828,32110000
2025-01-07,79.13999938964844,79.22000122070312,78.81999969482422,78.83999633789062,71.90830993652344,43790200
2025-01-08,78.8499984741211,78.98999786376953,78.76000213623047,78.94000244140625,71.99952697753906,35304900
2025-01-10,78.80000305175781,78.80000305175781,78.5,78.52999877929688,71.62557220458984,37417300
2025-01-13,78.48999786376953,78.55999755859375,78.37000274658203,78.51000213623047,71.60731506347656,39180700
2025-01-14,78.69000244140625,78.7300033569336,78.55000305175781,78.61000061035156,71.69852447509766,29581100
2025-01-15,79.16000366210938,79.30999755859375,79.05999755859375,79.30000305175781,72.32786560058594,53574900
2025-01-16,79.20999908447266,79.41000366210938,79.12000274658203,79.38999938964844,72.40998077392578,32363000
2025-01-17,79.48999786376953,79.5199966430664,79.38999938964844,79.45999908447266,72.47381591796875,29546400
2025-01-21,79.61000061035156,79.69999694824219,79.5999984741211,79.66999816894531,72.66534423828125,32962700
2025-01-22,79.69999694824219,79.72000122070312,79.5199966430664,79.55999755859375,72.56501770019531,25028500
2025-01-23,79.5199966430664,79.66999816894531,79.44000244140625,79.66000366210938,72.65623474121094,27434800
2025-01-24,79.69999694824219,79.83000183105469,79.66000366210938,79.75,72.73831939697266,23648600
2025-01-27,79.66999816894531,79.86000061035156,79.61000061035156,79.80999755859375,72.79304504394531,28540600
2025-01-28,79.7699966430664,79.80999755859375,79.66999816894531,79.77999877929688,72.76567840576172,30439900
2025-01-29,79.76000213623047,79.83000183105469,79.62000274658203,79.7300033569336,72.72008514404297,20072100
2025-01-30,79.94000244140625,79.94000244140625,79.79000091552734,79.87999725341797,72.85688018798828,34495300
2025-01-31,79.9000015258789,79.97000122070312,79.66999816894531,79.72000122070312,72.7109603881836,37101100
2025-02-03,79.16999816894531,79.37000274658203,79.04000091552734,79.26000213623047,72.61933135986328,29965100
2025-02-04,79.30000305175781,79.51000213623047,79.2300033569336,79.51000213623047,72.84837341308594,28938600
2025-02-05,79.54000091552734,79.7699966430664,79.54000091552734,79.72000122070312,73.04080200195312,31834000
2025-02-06,79.72000122070312,79.79000091552734,79.58000183105469,79.5999984741211,72.93085479736328,24224100
2025-02-07,79.55999755859375,79.58000183105469,79.33999633789062,79.3499984741211,72.70179748535156,28778200
2025-02-10,79.54000091552734,79.58999633789062,79.47000122070312,79.51000213623047,72.84837341308594,23382600
2025-02-11,79.52999877929688,79.52999877929688,79.4000015258789,79.4800033569336,72.82090759277344,24410000
2025-02-12,79.20999908447266,79.43000030517578,79.1500015258789,79.30999755859375,72.6651382446289,34362700
2025-02-13,79.43000030517578,79.69999694824219,79.37999725341797,79.66999816894531,72.99497985839844,36149900
2025-02-14,79.79000091552734,79.88999938964844,79.72000122070312,79.76000213623047,73.07745361328125,26668300
2025-02-18,79.75,79.80999755859375,79.63999938964844,79.69000244140625,73.01332092285156,23274200
2025-02-19,79.63999938964844,79.76000213623047,79.55999755859375,79.75,73.06829833984375,38958600
2025-02-20,79.73999786376953,79.81999969482422,79.68000030517578,79.80000305175781,73.11409759521484,25789000
2025-02-21,79.7699966430664,79.86000061035156,79.6500015258789,79.6500015258789,72.9766616821289,32016500
2025-02-24,79.66999816894531,79.83999633789062,79.63999938964844,79.75,73.06829833984375,21029200
2025-02-25,79.94999694824219,79.9800033569336,79.83999633789062,79.94999694824219,73.25151824951172,30604400
2025-02-26,80.0,80.08000183105469,79.97000122070312,80.05999755859375,73.35231018066406,21777500
2025-02-27,80.05000305175781,80.08000183105469,79.87000274658203,79.91000366210938,73.21487426757812,40521800
2025-02-28,79.98999786376953,80.12999725341797,79.93000030517578,80.12999725341797,73.41643524169922,44321200
2025-03-03,79.69000244140625,79.75,79.51000213623047,79.58999633789062,73.26363372802734,40729100
2025-03-04,79.51000213623047,79.63999938964844,79.30999755859375,79.58000183105469,73.25442504882812,66274600
2025-03-05,79.44999694824219,79.68000030517578,79.44000244140625,79.62000274658203,73.29124450683594,32302200
2025-03-06,79.43000030517578,79.5,79.27999877929688,79.31999969482422,73.01509094238281,50431500
2025-03-07,79.3499984741211,79.51000213623047,79.33000183105469,79.44999694824219,73.134765625,52828900
2025-03-10,79.30000305175781,79.37999725341797,79.13999938964844,79.1500015258789,72.85860443115234,57602100
2025-03-11,79.20999908447266,79.26000213623047,78.80000305175781,78.87000274658203,72.60086059570312,75826700
2025-03-12,79.05999755859375,79.11000061035156,78.87999725341797,78.95999908447266,72.68370819091797,53763000
2025-03-13,78.86000061035156,78.87000274658203,78.48999786376953,78.5199966430664,72.27867889404297,81223200
2025-03-14,78.83000183105469,78.97000122070312,78.70999908447266,78.87999725341797,72.61006927490234,51469800
2025-03-17,78.88999938964844,79.0999984741211,78.87000274658203,79.06999969482422,72.78497314453125,33954200
2025-03-18,79.01000213623047,79.06999969482422,78.93000030517578,78.93000030517578,72.65608978271484,40195900
2025-03-19,78.95999908447266,79.54000091552734,78.95999908447266,79.44999694824219,73.134765625,45212700
2025-03-20,79.38999938964844,79.5,79.26000213623047,79.33999633789062,73.03348541259766,42977600
2025-03-21,79.2699966430664,79.30999755859375,79.06999969482422,79.22000122070312,72.92304992675781,35124000
2025-03-24,79.41999816894531,79.5,79.3499984741211,79.44999694824219,73.134765625,36393500
2025-03-25,79.5,79.58000183105469,79.37999725341797,79.41000366210938,73.09793853759766,29075500
2025-03-26,79.4000015258789,79.41999816894531,78.97000122070312,79.08999633789062,72.80339050292969,51236100
2025-03-27,79.05000305175781,79.13999938964844,78.93000030517578,78.94000244140625,72.66529846191406,38493100
2025-03-28,78.98999786376953,79.0,78.66000366210938,78.80000305175781,72.53643035888672,58896900
2025-03-31,78.5199966430664,78.91999816894531,78.5199966430664,78.88999938964844,72.61927032470703,47853500
2025-04-01,78.68000030517578,78.72000122070312,78.43000030517578,78.69000244140625,72.7876205444336,54256000
2025-04-02,78.54000091552734,78.86000061035156,78.54000091552734,78.8499984741211,72.93560791015625,49072400
2025-04-03,78.0999984741211,78.27999877929688,77.73999786376953,77.87000274658203,72.02914428710938,116401400
2025-04-04,76.80000305175781,77.33000183105469,76.54000091552734,76.76000213623047,71.00238800048828,181273300
2025-04-07,75.87000274658203,77.5999984741211,75.62999725341797,76.0999984741211,70.39189147949219,193374800
2025-04-08,77.0199966430664,77.12999725341797,75.41999816894531,75.75,70.06814575195312,106007700
2025-04-09,75.0999984741211,77.83999633789062,75.08000183105469,77.77999877929688,71.94586944580078,152382200
2025-04-10,77.06999969482422,77.18000030517578,76.13999938964844,76.51000213623047,70.77113342285156,93884100
2025-04-11,76.2699966430664,77.16999816894531,76.0,76.73999786376953,70.98388671875,71884000
2025-04-14,77.27999877929688,77.45999908447266,76.94000244140625,77.12000274658203,71.33538055419922,50011400
2025-04-15,77.23999786376953,77.5,77.18000030517578,77.33000183105469,71.52963256835938,39790500
2025-04-16,77.3499984741211,77.5199966430664,77.11000061035156,77.31999969482422,71.5203628540039,52028800
2025-04-17,77.62000274658203,77.79000091552734,77.52999877929688,77.7699966430664,71.9366226196289,37355500
2025-04-21,77.48999786376953,77.51000213623047,77.1500015258789,77.30999755859375,71.51112365722656,36078000
2025-04-22,77.58000183105469,77.80999755859375,77.51000213623047,77.61000061035156,71.78862762451172,33941100
2025-04-23,78.5999984741211,78.73999786376953,77.97000122070312,78.0,72.14938354492188,63723400
2025-04-24,78.27999877929688,78.73999786376953,78.18000030517578,78.69999694824219,72.79686737060547,49007800
2025-04-25,78.58999633789062,78.94000244140625,78.54000091552734,78.7699966430664,72.86161804199219,47981700
2025-04-28,78.77999877929688,78.87000274658203,78.55000305175781,78.80999755859375,72.89862060546875,42220700
2025-04-29,78.6500015258789,79.05000305175781,78.6500015258789,79.0199966430664,73.09284210205078,51198600
2025-04-30,78.62999725341797,78.70999908447266,78.45999908447266,78.5999984741211,72.7043685913086,69994200
2025-05-01,78.4000015258789,78.48999786376953,78.22000122070312,78.30000305175781,72.79829406738281,50848600
2025-05-02,78.5,78.61000061035156,78.36000061035156,78.54000091552734,73.02141571044922,41354100
2025-05-05,78.47000122070312,78.63999938964844,78.4000015258789,78.51000213623047,72.99352264404297,39815300
2025-05-06,78.41000366210938,78.5199966430664,78.33000183105469,78.44999694824219,72.93773651123047,36292600
2025-05-07,78.55999755859375,78.62000274658203,78.36000061035156,78.5199966430664,73.00279998779297,32676200
2025-05-08,78.66999816894531,78.7699966430664,78.44999694824219,78.5,72.98421478271484,32684900
2025-05-09,78.58999633789062,78.69999694824219,78.54000091552734,78.55000305175781,73.03072357177734,23971200
2025-05-12,79.23999786376953,79.38999938964844,79.02999877929688,79.33000183105469,73.75590515136719,70558600
2025-05-13,79.37999725341797,79.58000183105469,79.31999969482422,79.47000122070312,73.88605499267578,52141900
2025-05-14,79.4000015258789,79.43000030517578,79.13999938964844,79.18000030517578,73.6164321899414,45406500
2025-05-15,79.05999755859375,79.33000183105469,79.05999755859375,79.33000183105469,73.75590515136719,49301300
2025-05-16,79.37999725341797,79.43000030517578,79.2699966430664,79.41999816894531,73.83958435058594,30657200
2025-05-19,79.05999755859375,79.38999938964844,79.05000305175781,79.37999725341797,73.8023910522461,26228800
2025-05-20,79.2699966430664,79.37999725341797,79.20999908447266,79.33999633789062,73.76519775390625,25933700
2025-05-21,79.08000183105469,79.22000122070312,78.80000305175781,78.80999755859375,73.2724380493164,54737300
2025-05-22,78.80999755859375,79.05000305175781,78.75,78.97000122070312,73.42121124267578,43242700
2025-05-23,78.76000213623047,78.9800033569336,78.73999786376953,78.94999694824219,73.40259552001953,29598900
2025-05-27,79.27999877929688,79.44000244140625,79.16999816894531,79.43000030517578,73.84888458251953,33524700
2025-05-28,79.41999816894531,79.44000244140625,79.25,79.37999725341797,73.8023910522461,27012900
2025-05-29,79.55999755859375,79.56999969482422,79.41000366210938,79.5,73.9139633178711,28616300
2025-05-30,79.44999694824219,79.58000183105469,79.4000015258789,79.56999969482422,73.9790267944336,28930300
2025-06-02,79.12999725341797,79.19000244140625,78.9800033569336,79.18000030517578,73.9659652709961,45527200
2025-06-03,79.23999786376953,79.3499984741211,79.16999816894531,79.33000183105469,74.1060791015625,28458700
2025-06-04,79.33999633789062,79.51000213623047,79.33999633789062,79.4800033569336,74.2461929321289,41403600
2025-06-05,79.47000122070312,79.48999786376953,79.2699966430664,79.30999755859375,74.08738708496094,44563900
2025-06-06,79.37999725341797,79.38999938964844,79.25,79.30000305175781,74.07805633544922,41300100
2025-06-09,79.27999877929688,79.43000030517578,79.27999877929688,79.33999633789062,74.11542510986328,30169000
2025-06-10,79.41000366210938,79.55000305175781,79.33000183105469,79.52999877929688,74.29290771484375,24234400
2025-06-11,79.58999633789062,79.63999938964844,79.48999786376953,79.51000213623047,74.27423095703125,30114400
2025-06-12,79.51000213623047,79.5999984741211,79.47000122070312,79.5999984741211,74.35830688476562,28373200
2025-06-13,79.41999816894531,79.5,79.30000305175781,79.36000061035156,74.13410186767578,35271000
2025-06-16,79.5199966430664,79.5999984741211,79.48999786376953,79.5199966430664,74.28356170654297,26225100
2025-06-17,79.5199966430664,79.63999938964844,79.37000274658203,79.43000030517578,74.1994857788086,27747200
2025-06-18,79.48999786376953,79.70999908447266,79.43000030517578,79.55000305175781,74.31160736083984,32833500
2025-06-20,79.62000274658203,79.80999755859375,79.58999633789062,79.80000305175781,74.54512786865234,45845800
2025-06-23,79.7699966430664,79.94999694824219,79.70999908447266,79.94999694824219,74.68526458740234,32361400
2025-06-24,80.05000305175781,80.20999908447266,80.0,80.16999816894531,74.89075469970703,50893200
2025-06-25,80.18000030517578,80.22000122070312,80.08000183105469,80.1500015258789,74.87210083007812,24156100
2025-06-26,80.2699966430664,80.38999938964844,80.19999694824219,80.37999725341797,75.08694458007812,28889100
2025-06-27,80.4000015258789,80.47000122070312,80.30000305175781,80.33999633789062,75.049560546875,47849500
2025-06-30,80.52999877929688,80.66999816894531,80.44999694824219,80.6500015258789,75.33917236328125,52885900
2025-07-01,80.19999694824219,80.2699966430664,80.0999984741211,80.16999816894531,75.24435424804688,45411000
2025-07-02,80.16999816894531,80.31999969482422,80.08000183105469,80.31999969482422,75.38516235351562,32359500
2025-07-03,80.30000305175781,80.38999938964844,80.26000213623047,80.37000274658203,75.43207550048828,19750000
2025-07-07,80.33000183105469,80.33999633789062,80.05999755859375,80.0999984741211,75.17865753173828,37027200
2025-07-08,80.08999633789062,80.12000274658203,79.94000244140625,79.98999786376953,75.07542419433594,31358900
2025-07-09,80.13999938964844,80.22000122070312,80.08000183105469,80.20999908447266,75.28190612792969,30277500
2025-07-10,80.20999908447266,80.22000122070312,80.12999725341797,80.12999725341797,75.20681762695312,28776200
2025-07-11,80.04000091552734,80.05000305175781,79.93000030517578,80.02999877929688,75.11297607421875,30482200
2025-07-14,80.01000213623047,80.0999984741211,79.97000122070312,80.08999633789062,75.1692886352539,23716200
2025-07-15,80.16000366210938,80.16999816894531,79.8499984741211,79.8499984741211,74.94402313232422,37039500
2025-07-16,79.94999694824219,80.08000183105469,79.75,80.05999755859375,75.14112854003906,39780100
2025-07-17,80.04000091552734,80.18000030517578,80.0,80.13999938964844,75.21620178222656,25703200
2025-07-18,80.26000213623047,80.31999969482422,80.18000030517578,80.25,75.31945037841797,27686400
2025-07-21,80.31999969482422,80.44999694824219,80.31999969482422,80.36000061035156,75.42269897460938,28483300
2025-07-22,80.44000244140625,80.5199966430664,80.33999633789062,80.5,75.55409240722656,26017700
2025-07-23,80.5199966430664,80.55000305175781,80.44000244140625,80.54000091552734,75.59162139892578,26025000
2025-07-24,80.44000244140625,80.51000213623047,80.41000366210938,80.44000244140625,75.4977798461914,27013700
2025-07-25,80.5,80.58000183105469,80.41000366210938,80.48999786376953,75.5447006225586,30123100
2025-07-28,80.5199966430664,80.5199966430664,80.44000244140625,80.44999694824219,75.50714111328125,22093800
2025-07-29,80.48999786376953,80.55000305175781,80.44999694824219,80.5,75.55409240722656,21371800
2025-07-30,80.44999694824219,80.5199966430664,80.25,80.33000183105469,75.39453125,38392400
2025-07-31,80.4000015258789,80.4800033569336,80.33000183105469,80.37999725341797,75.44146728515625,41501300
2025-08-01,80.04000091552734,80.08999633789062,79.80000305175781,79.9800033569336,75.44523620605469,68963100
2025-08-04,80.08999633789062,80.25,80.05999755859375,80.25,75.69992065429688,37539200
2025-08-05,80.20999908447266,80.23999786376953,80.0999984741211,80.20999908447266,75.66218566894531,29656300
2025-08-06,80.20999908447266,80.30000305175781,80.13999938964844,80.29000091552734,75.73765563964844,30512900
2025-08-07,80.30999755859375,80.36000061035156,80.16000366210938,80.20999908447266,75.66218566894531,29405000
2025-08-08,80.19999694824219,80.25,80.16000366210938,80.22000122070312,75.67161560058594,24679000
2025-08-11,80.22000122070312,80.29000091552734,80.16999816894531,80.22000122070312,75.67161560058594,30159800
2025-08-12,80.2699966430664,80.4000015258789,80.20999908447266,80.4000015258789,75.84142303466797,40846200
2025-08-13,80.45999908447266,80.61000061035156,80.45999908447266,80.61000061035156,76.03952026367188,35039600
2025-08-14,80.48999786376953,80.48999786376953,80.3499984741211,80.4000015258789,75.84142303466797,36559900
2025-08-15,80.47000122070312,80.47000122070312,80.37000274658203,80.45999908447266,75.89801025390625,22754000
2025-08-18,80.44000244140625,80.48999786376953,80.37999725341797,80.4000015258789,75.84142303466797,25400800
2025-08-19,80.44999694824219,80.4800033569336,80.36000061035156,80.37999725341797,75.82256317138672,21700500
2025-08-20,80.41000366210938,80.43000030517578,80.30999755859375,80.3499984741211,75.79425811767578,29704900
2025-08-21,80.26000213623047,80.30000305175781,80.19000244140625,80.19999694824219,75.65274810791016,35825900
2025-08-22,80.31999969482422,80.86000061035156,80.30000305175781,80.8499984741211,76.26591491699219,59541500
2025-08-25,80.77999877929688,80.80999755859375,80.69000244140625,80.69000244140625,76.11498260498047,32714800
2025-08-26,80.79000091552734,80.9000015258789,80.73999786376953,80.87000274658203,76.2847671508789,33659900
2025-08-27,80.81999969482422,80.98999786376953,80.81999969482422,80.97000122070312,76.37910461425781,24335000
2025-08-28,80.97000122070312,81.01000213623047,80.9000015258789,81.01000213623047,76.41683197021484,24203800
2025-08-29,80.98999786376953,80.98999786376953,80.86000061035156,80.86000061035156,76.27533721923828,35070300
2025-09-02,80.2699966430664,80.43000030517578,80.19999694824219,80.38999938964844,76.19287109375,51804000
2025-09-03,80.41000366210938,80.61000061035156,80.41000366210938,80.61000061035156,76.40139770507812,34283100
2025-09-04,80.66000366210938,80.83999633789062,80.62999725341797,80.83000183105469,76.60990905761719,37999700
2025-09-05,80.9800033569336,81.0999984741211,80.83999633789062,80.87000274658203,76.6478271484375,39147800
2025-09-08,80.94999694824219,80.97000122070312,80.8499984741211,80.87000274658203,76.6478271484375,27003400
2025-09-09,80.8499984741211,80.87999725341797,80.66999816894531,80.77999877929688,76.5625228881836,36704500
2025-09-10,80.83999633789062,80.94000244140625,80.79000091552734,80.83999633789062,76.61937713623047,38106100
2025-09-11,80.91000366210938,81.0999984741211,80.91000366210938,81.04000091552734,76.80894470214844,34221500
2025-09-12,81.02999877929688,81.02999877929688,80.94000244140625,80.95999908447266,76.7331314086914,25702800
2025-09-15,81.08000183105469,81.19999694824219,81.06999969482422,81.19000244140625,76.95111846923828,27248800
2025-09-16,81.20999908447266,81.2300033569336,81.0999984741211,81.12999725341797,76.89424896240234,33075600
2025-09-17,81.19000244140625,81.23999786376953,80.91000366210938,81.05000305175781,76.81842041015625,35955700
2025-09-18,81.13999938964844,81.2699966430664,81.06999969482422,81.2300033569336,76.98902893066406,43250000
2025-09-19,81.25,81.29000091552734,81.1500015258789,81.26000213623047,77.0174560546875,32042900
2025-09-22,81.19000244140625,81.33000183105469,81.18000030517578,81.31999969482422,77.07432556152344,26670200
2025-09-23,81.33999633789062,81.36000061035156,81.19999694824219,81.26000213623047,77.0174560546875,37088500
2025-09-24,81.25,81.25,81.12000274658203,81.1500015258789,76.91320037841797,28124300
2025-09-25,81.0,81.01000213623047,80.88999938964844,80.91999816894531,76.69522857666016,33509900
2025-09-26,81.04000091552734,81.11000061035156,80.95999908447266,81.08000183105469,76.84685516357422,31046800
2025-09-29,81.16000366210938,81.23999786376953,81.12999725341797,81.22000122070312,76.97953796386719,28558500
2025-09-30,81.16999816894531,81.20999908447266,81.0999984741211,81.19000244140625,76.95111846923828,54970300
2025-10-01,80.80999755859375,81.0,80.77999877929688,80.95999908447266,77.09490203857422,58042600
2025-10-02,80.94000244140625,80.97000122070312,80.83999633789062,80.93000030517578,77.06634521484375,33348900
2025-10-03,80.91999816894531,80.94000244140625,80.81999969482422,80.83999633789062,76.98062133789062,35109200
2025-10-06,80.88999938964844,80.91000366210938,80.83000183105469,80.86000061035156,76.99968719482422,29485100
2025-10-07,80.88999938964844,80.88999938964844,80.76000213623047,80.7699966430664,76.91397857666016,27672300
2025-10-08,80.81999969482422,80.83999633789062,80.63999938964844,80.6500015258789,76.7997055053711,34932200
2025-10-09,80.63999938964844,80.6500015258789,80.30999755859375,80.41999816894531,76.5806884765625,65586700
2025-10-10,80.47000122070312,80.48999786376953,79.94999694824219,79.94999694824219,76.13311004638672,83840400
2025-10-13,80.2300033569336,80.44999694824219,80.16999816894531,80.44999694824219,76.60923767089844,31926800
2025-10-14,80.18000030517578,80.63999938964844,80.11000061035156,80.54000091552734,76.69495391845703,63860100
2025-10-15,80.72000122070312,80.83000183105469,80.5999984741211,80.80000305175781,76.94253540039062,59802200
2025-10-16,80.80000305175781,80.81999969482422,80.45999908447266,80.51000213623047,76.6663818359375,75725200
2025-10-17,80.44000244140625,80.7300033569336,80.43000030517578,80.72000122070312,76.86636352539062,70044200
2025-10-20,80.7699966430664,80.91000366210938,80.7699966430664,80.87999725341797,77.01872253417969,43762300
2025-10-21,80.87999725341797,80.94000244140625,80.76000213623047,80.76000213623047,76.90444946289062,45418100
2025-10-22,80.76000213623047,80.80999755859375,80.5999984741211,80.68000030517578,76.82826232910156,50698600
2025-10-23,80.69999694824219,80.86000061035156,80.69999694824219,80.86000061035156,76.99968719482422,37962400
2025-10-24,81.02999877929688,81.08999633789062,80.97000122070312,81.08000183105469,77.20918273925781,39905600
2025-10-27,81.16999816894531,81.33000183105469,81.12999725341797,81.27999877929688,77.39962768554688,36495000
2025-10-28,81.27999877929688,81.27999877929688,81.16999816894531,81.19999694824219,77.32344818115234,31591400
2025-10-29,81.19999694824219,81.2300033569336,80.9000015258789,80.94999694824219,77.08537292480469,51827100
2025-10-30,80.79000091552734,80.94000244140625,80.76000213623047,80.80000305175781,76.94253540039062,39967300
2025-10-31,80.88999938964844,80.95999908447266,80.75,80.80000305175781,76.94253540039062,45044600
2025-11-03,80.38999938964844,80.4000015258789,80.12999725341797,80.13999938964844,76.7032699584961,54615100
2025-11-04,79.9800033569336,80.22000122070312,79.95999908447266,80.1500015258789,76.71283721923828,49705000
2025-11-05,80.19000244140625,80.27999877929688,80.16999816894531,80.2300033569336,76.7894058227539,42273700
2025-11-06,80.30999755859375,80.33000183105469,80.12999725341797,80.26000213623047,76.818115234375,46629200
2025-11-07,80.25,80.3499984741211,80.08999633789062,80.33000183105469,76.88512420654297,47233800
2025-11-10,80.44999694824219,80.6500015258789,80.43000030517578,80.5999984741211,77.14353942871094,51875200
2025-11-11,80.61000061035156,80.7300033569336,80.61000061035156,80.69000244140625,77.22967529296875,17001100
2025-11-12,80.69000244140625,80.69999694824219,80.48999786376953,80.52999877929688,77.07654571533203,43962900
2025-11-13,80.41999816894531,80.41999816894531,80.1500015258789,80.19999694824219,76.76068878173828,53631300
2025-11-14,80.08000183105469,80.4000015258789,80.08000183105469,80.22000122070312,76.77983093261719,40853500
2025-11-17,80.19000244140625,80.2699966430664,80.04000091552734,80.08999633789062,76.6553955078125,42954200
2025-11-18,80.0199966430664,80.19000244140625,79.98999786376953,80.11000061035156,76.67454528808594,44098700
2025-11-19,80.13999938964844,80.30000305175781,80.08999633789062,80.1500015258789,76.71283721923828,33510100
2025-11-20,80.41000366210938,80.48999786376953,80.0999984741211,80.0999984741211,76.66497802734375,65471200
2025-11-21,80.26000213623047,80.41000366210938,80.12999725341797,80.37000274658203,76.92340850830078,62331700
2025-11-24,80.41999816894531,80.5999984741211,80.4000015258789,80.58999633789062,77.13396453857422,38964900
2025-11-25,80.56999969482422,80.9000015258789,80.54000091552734,80.87000274658203,77.40196228027344,56524800
2025-11-26,80.83000183105469,80.9800033569336,80.79000091552734,80.94999694824219,77.47852325439453,27454800
2025-11-28,81.0,81.06999969482422,80.94000244140625,80.98999786376953,77.51680755615234,29430800
2025-12-01,80.4000015258789,80.54000091552734,80.37999725341797,80.47000122070312,77.37739562988281,45274800
2025-12-02,80.54000091552734,80.63999938964844,80.4800033569336,80.62000274658203,77.52162170410156,38842600
2025-12-03,80.61000061035156,80.79000091552734,80.56999969482422,80.69000244140625,77.58892822265625,35019100
2025-12-04,80.69999694824219,80.7699966430664,80.56999969482422,80.75,77.64662170410156,34777400
2025-12-05,80.7300033569336,80.80999755859375,80.66999816894531,80.75,77.64662170410156,30486800
2025-12-08,80.72000122070312,80.73999786376953,80.48999786376953,80.55000305175781,77.45431518554688,43160800
2025-12-09,80.55000305175781,80.61000061035156,80.44000244140625,80.45999908447266,77.3677749633789,30558800
2025-12-10,80.43000030517578,80.79000091552734,80.41999816894531,80.7300033569336,77.62740325927734,53052100
2025-12-11,80.73999786376953,80.76000213623047,80.66000366210938,80.72000122070312,77.61778259277344,44546400
2025-12-12,80.69000244140625,80.70999908447266,80.52999877929688,80.56999969482422,77.47354125976562,45566100
2025-12-15,80.66999816894531,80.69999694824219,80.56999969482422,80.61000061035156,77.51201629638672,28983600
2025-12-16,80.61000061035156,80.66999816894531,80.55999755859375,80.66000366210938,77.56008911132812,27908000
2025-12-17,80.6500015258789,80.66999816894531,80.51000213623047,80.55999755859375,77.46392822265625,36999700
2025-12-18,80.77999877929688,80.80000305175781,80.66999816894531,80.77999877929688,77.67546844482422,52680500
2025-12-19,80.43000030517578,80.47000122070312,80.33000183105469,80.36000061035156,77.6377944946289,34413300
2025-12-22,80.45999908447266,80.45999908447266,80.29000091552734,80.43000030517578,77.70542907714844,37203900
2025-12-23,80.37000274658203,80.48999786376953,80.3499984741211,80.48999786376953,77.76338958740234,24341800
2025-12-24,80.51000213623047,80.63999938964844,80.47000122070312,80.63999938964844,77.9083023071289,10533500
2025-12-26,80.63999938964844,80.69999694824219,80.58999633789062,80.5999984741211,77.86967468261719,10922900
2025-12-29,80.55999755859375,80.66000366210938,80.55000305175781,80.62999725341797,77.89865112304688,22012700
2025-12-30,80.63999938964844,80.75,80.61000061035156,80.70999908447266,77.97594451904297,20146700
2025-12-31,80.72000122070312,80.75,80.62999725341797,80.62999725341797,77.89865112304688,17457100
2026-01-02,80.72000122070312,80.72000122070312,80.58999633789062,80.66999816894531,77.93728637695312,28403300
2026-01-05,80.73999786376953,80.91000366210938,80.69999694824219,80.87999725341797,78.14016723632812,38563200
2026-01-06,80.9000015258789,80.94000244140625,80.81999969482422,80.9000015258789,78.15950775146484,31721500
2026-01-07,80.95999908447266,81.0,80.83999633789062,80.87999725341797,78.14016723632812,27022700
2026-01-08,80.83999633789062,80.94999694824219,80.80000305175781,80.94000244140625,78.1981430053711,33516900
2026-01-09,80.94999694824219,81.02999877929688,80.94999694824219,81.0,78.25611114501953,31849200
2026-01-12,80.91000366210938,81.05000305175781,80.9000015258789,81.04000091552734,78.29476165771484,23983600
2026-01-13,81.06999969482422,81.08000183105469,80.97000122070312,81.04000091552734,78.29476165771484,27607400
2026-01-14,81.0,81.05000305175781,80.93000030517578,81.04000091552734,78.29476165771484,42994000
2026-01-15,81.0999984741211,81.11000061035156,81.0,81.04000091552734,78.29476165771484,30412400
2026-01-16,81.08000183105469,81.0999984741211,80.98999786376953,81.08999633789062,78.34306335449219,52466300
2026-01-20,80.75,80.94999694824219,80.66999816894531,80.87999725341797,78.14016723632812,38653400
2026-01-21,80.9800033569336,81.16000366210938,80.95999908447266,81.12000274658203,78.3720474243164,42023500
2026-01-22,81.19000244140625,81.23999786376953,81.12999725341797,81.18000030517578,78.43001556396484,35231900
2026-01-23,81.18000030517578,81.19999694824219,81.04000091552734,81.13999938964844,78.391357421875,38360500
2026-01-26,81.19000244140625,81.22000122070312,81.12000274658203,81.18000030517578,78.43001556396484,27027500
2026-01-27,81.18000030517578,81.22000122070312,81.13999938964844,81.16999816894531,78.42034912109375,22961500
2026-01-28,81.16999816894531,81.18000030517578,81.02999877929688,81.04000091552734,78.29476165771484,35559200
2026-01-29,81.05000305175781,81.06999969482422,80.9000015258789,81.02999877929688,78.28509521484375,38201600
2026-01-30,80.91999816894531,81.12999725341797,80.91999816894531,81.12000274658203,78.3720474243164,59848000
2026-02-02,80.66999816894531,80.80999755859375,80.63999938964844,80.7699966430664,78.41962432861328,42890700
2026-02-03,80.76000213623047,80.80999755859375,80.52999877929688,80.72000122070312,78.37107849121094,49372700
2026-02-04,80.69999694824219,80.72000122070312,80.54000091552734,80.62000274658203,78.27398681640625,42829400
2026-02-05,80.55999755859375,80.62000274658203,80.44999694824219,80.52999877929688,78.18660736083984,75554200
2026-02-06,80.66999816894531,80.80999755859375,80.62000274658203,80.80999755859375,78.45845031738281,40915900
2026-02-09,80.76000213623047,80.91999816894531,80.76000213623047,80.91999816894531,78.56525421142578,33716900
2026-02-10,80.94999694824219,81.01000213623047,80.83999633789062,80.83999633789062,78.4875717163086,37886100
2026-02-11,80.9000015258789,80.93000030517578,80.72000122070312,80.83000183105469,78.4778823852539,27272300
2026-02-12,80.91000366210938,80.97000122070312,80.75,80.79000091552734,78.43904876708984,48457000
2026-02-13,80.83000183105469,80.94000244140625,80.81999969482422,80.8499984741211,78.4972915649414,36612400
2026-02-17,80.81999969482422,80.86000061035156,80.73999786376953,80.80999755859375,78.45845031738281,35682000
2026-02-18,80.83999633789062,80.9800033569336,80.80999755859375,80.91000366210938,78.55554962158203,33943100
2026-02-19,80.87999725341797,80.94000244140625,80.83000183105469,80.94000244140625,78.58467102050781,29531000
2026-02-20,80.93000030517578,81.0,80.87000274658203,81.0,78.64292907714844,37959800
2026-02-23,80.95999908447266,81.01000213623047,80.83999633789062,80.87000274658203,78.51670837402344,33666000
2026-02-24,80.8499984741211,80.87000274658203,80.6500015258789,80.80999755859375,78.45845031738281,54979900
2026-02-25,80.81999969482422,80.93000030517578,80.81999969482422,80.91999816894531,78.56525421142578,29428200
2026-02-26,80.88999938964844,80.94000244140625,80.76000213623047,80.8499984741211,78.4972915649414,54533600
2026-02-27,80.75,80.80000305175781,80.6500015258789,80.72000122070312,78.37107849121094,62450000
2026-03-02,80.05999755859375,80.41000366210938,80.02999877929688,80.27999877929688,78.3261947631836,74327000
2026-03-03,79.94000244140625,80.30999755859375,79.83999633789062,80.12000274658203,78.17008972167969,118126800
2026-03-04,80.2300033569336,80.44999694824219,80.19999694824219,80.4000015258789,78.44327545166016,58694100
2026-03-05,80.2699966430664,80.30999755859375,80.0199966430664,80.08000183105469,78.13106536865234,79841000
2026-03-06,79.75,80.0,79.6500015258789,79.69000244140625,77.75054931640625,82125600
2026-03-09,79.58999633789062,80.18000030517578,79.54000091552734,80.16999816894531,78.21886444091797,88695000
2026-03-10,80.05000305175781,80.37999725341797,80.02999877929688,80.04000091552734,78.092041015625,67499600
2026-03-11,79.98999786376953,80.04000091552734,79.80999755859375,79.86000061035156,77.91641998291016,59983500
2026-03-12,79.75,79.75,79.31999969482422,79.3499984741211,77.41883087158203,68674300
2026-03-13,79.52999877929688,79.68000030517578,79.12000274658203,79.19999694824219,77.27246856689453,68652900
2026-03-16,79.51000213623047,79.66999816894531,79.44999694824219,79.44999694824219,77.51638793945312,57535600
2026-03-17,79.61000061035156,79.81999969482422,79.56999969482422,79.80999755859375,77.86763000488281,47967800
2026-03-18,79.69000244140625,79.75,79.38999938964844,79.4000015258789,77.46762084960938,50281900
2026-03-19,79.02999877929688,79.69999694824219,78.98999786376953,79.66000366210938,77.7212905883789,103981600
2026-03-20,79.5,79.52999877929688,78.8499984741211,78.91999816894531,76.9992904663086,109084800
2026-03-23,79.30000305175781,79.69999694824219,79.16999816894531,79.44000244140625,77.50663757324219,79015800
2026-03-24,79.23999786376953,79.41000366210938,79.05999755859375,79.16999816894531,77.24320983886719,71941600
2026-03-25,79.44999694824219,79.58000183105469,79.3499984741211,79.41999816894531,77.48712158203125,49917700
2026-03-26,79.25,79.33000183105469,78.80000305175781,78.91999816894531,76.9992904663086,74979300
2026-03-27,78.83999633789062,78.83999633789062,78.56999969482422,78.72000122070312,76.80416107177734,68174300
2026-03-30,79.0199966430664,79.0999984741211,78.76000213623047,78.80999755859375,76.89197540283203,55210700
2026-03-31,79.16000366210938,79.61000061035156,79.12000274658203,79.55999755859375,77.62371826171875,101521300
2026-04-01,79.3499984741211,79.45999908447266,79.23999786376953,79.37000274658203,77.81391906738281,69789200
2026-04-02,79.08000183105469,79.62999725341797,79.08000183105469,79.55999755859375,78.00018310546875,53828200
2026-04-06,79.51000213623047,79.70999908447266,79.5,79.69999694824219,78.13744354248047,37098300
2026-04-07,79.66999816894531,79.73999786376953,79.31999969482422,79.72000122070312,78.15705871582031,47264100
2026-04-08,80.47000122070312,80.5199966430664,80.02999877929688,80.19000244140625,78.61784362792969,58556400
2026-04-09,80.1500015258789,80.38999938964844,80.0,80.27999877929688,78.70606994628906,45207500
2026-04-10,80.33999633789062,80.33999633789062,79.94999694824219,79.95999908447266,78.3923568725586,33005600
2026-04-13,79.87999725341797,80.2699966430664,79.87999725341797,80.26000213623047,78.68647003173828,38561400
2026-04-14,80.33999633789062,80.55999755859375,80.29000091552734,80.5,78.92176055908203,42038000
2026-04-15,80.44999694824219,80.48999786376953,80.3499984741211,80.45999908447266,78.8825454711914,47834900
2026-04-16,80.52999877929688,80.52999877929688,80.26000213623047,80.3499984741211,78.77470397949219,37743400
2026-04-17,80.5999984741211,80.76000213623047,80.55999755859375,80.6500015258789,79.0688247680664,61651600
2026-04-20,80.62999725341797,80.66999816894531,80.5,80.58000183105469,79.00019073486328,21104400
2026-04-21,80.55000305175781,80.58000183105469,80.30999755859375,80.37000274658203,78.7943115234375,58623500
2026-04-22,80.5,80.56999969482422,80.41999816894531,80.5,78.92176055908203,28004500
2026-04-23,80.45999908447266,80.55000305175781,80.16000366210938,80.37000274658203,78.7943115234375,49921700
2026-04-24,80.44000244140625,80.52999877929688,80.30000305175781,80.4800033569336,78.90215301513672,33626300
2026-04-27,80.44000244140625,80.54000091552734,80.41999816894531,80.51000213623047,78.93156433105469,24643700
2026-04-28,80.3499984741211,80.43000030517578,80.33000183105469,80.4000015258789,78.82372283935547,36382400
2026-04-29,80.31999969482422,80.33999633789062,79.9800033569336,80.12999725341797,78.55902099609375,56809400
2026-04-30,80.18000030517578,80.41999816894531,80.16999816894531,80.37999725341797,78.80411529541016,51626100
2026-05-01,80.05999755859375,80.2300033569336,80.02999877929688,80.05999755859375,78.90168762207031,43740400
2026-05-04,80.0199966430664,80.0199966430664,79.69000244140625,79.80000305175781,78.64544677734375,35069300
2026-05-05,79.88999938964844,80.0199966430664,79.88999938964844,79.91999816894531,78.76370239257812,26357900
2026-05-06,80.08999633789062,80.23999786376953,80.08000183105469,80.16000366210938,79.00023651123047,38323100
2026-05-07,80.22000122070312,80.23999786376953,79.86000061035156,79.86000061035156,78.70457458496094,44772900
2026-05-08,80.01000213623047,80.1500015258789,80.0,80.13999938964844,78.98052215576172,29715200
2026-05-11,80.08000183105469,80.1500015258789,79.9800033569336,79.9800033569336,78.82284545898438,34366600
2026-05-12,79.81999969482422,79.88999938964844,79.69999694824219,79.87000274658203,78.71443939208984,37418900
2026-05-13,79.83999633789062,79.94999694824219,79.79000091552734,79.91000366210938,78.75386047363281,33257100
2026-05-14,79.97000122070312,80.05000305175781,79.8499984741211,79.8499984741211,78.69471740722656,27235600
2026-05-15,79.63999938964844,79.69000244140625,79.45999908447266,79.45999908447266,78.31036376953125,54466000
2026-05-18,79.62999725341797,79.69999694824219,79.44000244140625,79.54000091552734,78.38920593261719,38596100
2026-05-19,79.41000366210938,79.44999694824219,79.2300033569336,79.3499984741211,78.20195770263672,42904700
2026-05-20,79.5,79.87000274658203,79.4000015258789,79.86000061035156,78.70457458496094,58906300
2026-05-21,79.75,79.98999786376953,79.6500015258789,79.9000015258789,78.74400329589844,37584600
2026-05-22,80.01000213623047,80.0199966430664,79.83999633789062,79.91000366210938,78.75386047363281,22429400
2026-05-26,80.13999938964844,80.19000244140625,80.04000091552734,80.18000030517578,79.01994323730469,30406100
2026-05-27,80.16999816894531,80.20999908447266,80.08000183105469,80.12999725341797,78.97066497802734,22523800
2026-05-28,80.08000183105469,80.2699966430664,80.04000091552734,80.2300033569336,79.06922149658203,32001600
2026-05-29,80.26000213623047,80.36000061035156,80.20999908447266,80.30999755859375,79.14806365966797,39142200
2026-06-01,79.79000091552734,79.87999725341797,79.63999938964844,79.83999633789062,79.08763122558594,32671000
2026-06-02,79.83999633789062,79.9000015258789,79.79000091552734,79.9000015258789,79.14707946777344,25237500
2026-06-03,79.75,79.77999877929688,79.62999725341797,79.68000030517578,78.92914581298828,28203400
2026-06-04,79.75,79.8499984741211,79.75,79.83000183105469,79.0777359008789,22697900
2026-06-05,79.69999694824219,79.72000122070312,79.3499984741211,79.43000030517578,78.68150329589844,46035600
2026-06-08,79.5999984741211,79.6500015258789,79.4800033569336,79.54000091552734,78.79045867919922,25217800
2026-06-09,79.62000274658203,79.79000091552734,79.41999816894531,79.62000274658203,78.86971282958984,34705500
2026-06-10,79.55999755859375,79.63999938964844,79.44999694824219,79.47000122070312,78.72113037109375,30345200
2026-06-11,79.56999969482422,79.97000122070312,79.5199966430664,79.94000244140625,79.18669891357422,55089500
2026-06-12,79.94000244140625,80.0,79.80000305175781,79.94000244140625,79.18669891357422,29873300
2026-06-15,80.13999938964844,80.16999816894531,80.02999877929688,80.04000091552734,79.28575134277344,32019600
2026-06-16,80.02999877929688,80.11000061035156,79.95999908447266,80.02999877929688,79.27584838867188,24471900
2026-06-17,79.98999786376953,80.06999969482422,79.70999908447266,79.7300033569336,78.97868347167969,47184800
2026-06-18,80.02999877929688,80.06999969482422,79.91999816894531,80.01000213623047,79.25603485107422,41111700
2026-06-22,79.94000244140625,79.9800033569336,79.87000274658203,79.94000244140625,79.18669891357422,26479500
2026-06-23,79.83000183105469,79.97000122070312,79.81999969482422,79.87000274658203,79.11735534667969,29811300
2026-06-24,79.94000244140625,79.98999786376953,79.83999633789062,79.8499984741211,79.09754180908203,38841000
2026-06-25,79.91999816894531,79.9800033569336,79.81999969482422,79.87999725341797,79.12725830078125,29322400
2026-06-26,79.81999969482422,79.94999694824219,79.80999755859375,79.83000183105469,79.0777359008789,27647500
2026-06-29,79.94999694824219,80.02999877929688,79.8499984741211,80.01000213623047,79.25603485107422,37325700
2026-06-30,80.0,80.05000305175781,79.91999816894531,79.97000122070312,79.2164077758789,38103900
2026-07-01,79.55999755859375,79.66000366210938,79.51000213623047,79.58999633789062,79.20545959472656,38152300
2026-07-02,79.7300033569336,79.79000091552734,79.66999816894531,79.70999908447266,79.32488250732422,26111800
2026-07-06,79.7300033569336,79.91000366210938,79.7300033569336,79.87000274658203,79.48411560058594,25159400
2026-07-07,79.8499984741211,79.87999725341797,79.72000122070312,79.76000213623047,79.37464904785156,28558300
2026-07-08,79.61000061035156,79.68000030517578,79.54000091552734,79.66000366210938,79.27513122558594,30771300
2026-07-09,79.7300033569336,79.86000061035156,79.66999816894531,79.75,79.36469268798828,21882200
2026-07-10,79.77999877929688,79.83000183105469,79.62000274658203,79.70999908447266,79.32488250732422,24550300
2026-07-13,79.66999816894531,79.69000244140625,79.45999908447266,79.5199966430664,79.13580322265625,32133300
2026-07-14,79.68000030517578,79.69000244140625,79.56999969482422,79.68000030517578,79.29502868652344,28248700
2026-07-15,79.70999908447266,79.83999633789062,79.70999908447266,79.80999755859375,79.42440032958984,26948800
2026-07-16,79.76000213623047,79.83999633789062,79.7300033569336,79.80000305175781,79.4144515991211,22780300
2026-07-17,79.75,79.83999633789062,79.62999725341797,79.6500015258789,79.26517486572266,42020100
2026-07-20,79.73999786376953,79.7699966430664,79.66999816894531,79.68000030517578,79.29502868652344,19767900
2026-07-21,79.72000122070312,79.73999786376953,79.5999984741211,79.6500015258789,79.26517486572266,27198800
2026-07-22,79.61000061035156,79.6500015258789,79.4800033569336,79.5199966430664,79.13580322265625,24851700
2026-07-23,79.27999877929688,79.37000274658203,79.1500015258789,79.2300033569336,78.84720611572266,52554200
2026-07-24,79.25,79.30999755859375,79.16000366210938,79.2300033569336,78.84720611572266,41964600
2026-07-27,79.33999633789062,79.4000015258789,79.23999786376953,79.2699966430664,78.88700866699219,28939800
2026-07-28,79.31999969482422,79.41999816894531,79.25,79.41999816894531,79.03628540039062,33698300
2026-07-29,79.37000274658203,79.4800033569336,79.13999938964844,79.23999786376953,78.8571548461914,53074500
2026-07-30,79.37999725341797,79.5,79.33000183105469,79.47000122070312,79.08604431152344,30570700
2026-07-31,79.45999908447266,79.54000091552734,79.23999786376953,79.4800033569336,79.09600067138672,38659800
2026-08-03,79.25,79.33000183105469,79.1500015258789,79.30999755859375,79.30999755859375,30860100
2026-08-04,79.37000274658203,79.5999984741211,79.37000274658203,79.55000305175781,79.55000305175781,46524700
2026-08-05,79.55000305175781,79.55999755859375,79.44000244140625,79.5199966430664,79.5199966430664,25771800
2026-08-06,79.51000213623047,79.51000213623047,79.41000366210938,79.45999908447266,79.45999908447266,25816300
