date,open,high,low,close,adj_close,volume
2002-07-30,81.94000244140625,82.12000274658203,81.69999694824219,81.7699966430664,40.28273391723633,41300
2002-07-31,82.05000305175781,82.58000183105469,82.05000305175781,82.5199966430664,40.652278900146484,32600
2002-08-01,82.54000091552734,82.9000015258789,82.5199966430664,82.86000061035156,40.81976318359375,71400
2002-08-02,83.0199966430664,83.69999694824219,82.9000015258789,83.5,41.13504409790039,120300
2002-08-05,83.68000030517578,83.91999816894531,83.52999877929688,83.91999816894531,41.341983795166016,159300
2002-08-06,83.51000213623047,83.51000213623047,83.02999877929688,83.23999786376953,41.00698471069336,90100
2002-08-07,83.19000244140625,83.6500015258789,83.0999984741211,83.5,41.13504409790039,38100
2002-08-08,83.33000183105469,83.4000015258789,83.08999633789062,83.20999908447266,40.99214553833008,142600
2002-08-09,83.31999969482422,83.87999725341797,83.31999969482422,83.83000183105469,41.29762268066406,99600
2002-08-12,84.0999984741211,84.27999877929688,83.94999694824219,84.0,41.38137435913086,38100
2002-08-13,84.31999969482422,84.73999786376953,84.05999755859375,84.66999816894531,41.71144104003906,109300
2002-08-14,84.98999786376953,85.2300033569336,84.36000061035156,84.41999816894531,41.58823013305664,146100
2002-08-15,84.0,84.33000183105469,83.75,83.93000030517578,41.34687423706055,60500
2002-08-16,84.25,84.2699966430664,83.2699966430664,83.37999725341797,41.075927734375,55800
2002-08-19,83.51000213623047,83.51000213623047,83.12999725341797,83.45999908447266,41.11532211303711,41600
2002-08-20,83.80000305175781,84.2300033569336,83.69999694824219,84.2300033569336,41.49464416503906,56900
2002-08-21,83.77999877929688,84.04000091552734,83.69999694824219,84.0199966430664,41.39118957519531,37900
2002-08-22,83.80000305175781,83.80000305175781,83.5,83.56999969482422,41.16953659057617,43600
2002-08-23,83.72000122070312,84.0,83.66000366210938,83.94999694824219,41.35673904418945,26500
2002-08-26,83.91999816894531,84.19999694824219,83.87000274658203,83.98999786376953,41.37642288208008,27800
2002-08-27,83.75,83.93000030517578,83.56999969482422,83.73999786376953,41.253265380859375,38800
2002-08-28,84.08999633789062,84.16999816894531,84.0,84.05000305175781,41.406028747558594,40200
2002-08-29,84.56999969482422,84.58999633789062,84.33000183105469,84.44000244140625,41.59811019897461,101500
2002-08-30,84.58000183105469,84.63999938964844,84.30000305175781,84.5999984741211,41.67698287963867,28900
2002-09-03,85.08999633789062,85.5999984741211,85.0,85.2300033569336,42.131744384765625,110700
2002-09-04,85.16000366210938,85.44999694824219,85.08000183105469,85.19999694824219,42.11686325073242,77300
2002-09-05,85.5999984741211,85.6500015258789,85.19000244140625,85.54000091552734,42.284969329833984,57900
2002-09-06,85.08999633789062,85.25,84.83999633789062,84.87999725341797,41.95869827270508,32200
2002-09-09,84.94000244140625,85.1500015258789,84.75,84.76000213623047,41.89934158325195,88800
2002-09-10,84.70999908447266,85.20999908447266,84.66000366210938,85.05999755859375,42.04767608642578,21400
2002-09-11,84.61000061035156,84.75,84.48999786376953,84.75,41.89445495605469,77500
2002-09-12,84.80000305175781,85.2300033569336,84.80000305175781,85.19000244140625,42.11196517944336,39900
2002-09-13,85.37999725341797,85.6500015258789,85.29000091552734,85.58999633789062,42.3096923828125,125900
2002-09-16,85.70999908447266,85.91999816894531,85.62000274658203,85.62000274658203,42.324501037597656,108700
2002-09-17,85.4000015258789,85.95999908447266,85.4000015258789,85.9000015258789,42.462928771972656,30400
2002-09-18,85.91999816894531,86.22000122070312,85.91000366210938,86.0,42.51235580444336,76400
2002-09-19,86.41999816894531,86.47000122070312,86.12000274658203,86.43000030517578,42.72490692138672,61100
2002-09-20,86.30000305175781,86.4800033569336,86.19999694824219,86.4000015258789,42.710121154785156,128600
2002-09-23,86.87999725341797,87.05999755859375,86.72000122070312,86.88999938964844,42.95231628417969,293700
2002-09-24,87.05999755859375,87.44999694824219,86.87999725341797,87.19999694824219,43.1055793762207,158200
2002-09-25,86.69999694824219,86.98999786376953,86.4000015258789,86.54000091552734,42.7792854309082,88900
2002-09-26,86.33000183105469,86.58999633789062,86.05999755859375,86.4800033569336,42.74961853027344,256100
2002-09-27,86.58000183105469,87.05000305175781,86.51000213623047,87.05000305175781,43.03140640258789,199400
2002-09-30,87.4000015258789,87.69999694824219,87.30999755859375,87.55999755859375,43.283485412597656,97200
2002-10-01,86.76000213623047,87.0199966430664,86.54000091552734,86.54000091552734,42.90570831298828,150100
2002-10-02,86.56999969482422,86.86000061035156,86.37999725341797,86.83000183105469,43.04948043823242,43000
2002-10-03,86.8499984741211,86.87000274658203,86.41999816894531,86.77999877929688,43.02472686767578,37500
2002-10-04,86.16999816894531,86.95999908447266,86.16000366210938,86.87000274658203,43.069313049316406,61400
2002-10-07,87.18000030517578,87.26000213623047,86.94999694824219,87.20999908447266,43.23790740966797,80300
2002-10-08,86.93000030517578,87.5,86.87000274658203,87.05000305175781,43.15856170654297,134600
2002-10-09,87.44000244140625,87.48999786376953,87.16999816894531,87.48999786376953,43.376708984375,94500
2002-10-10,87.4000015258789,87.47000122070312,86.9000015258789,86.98999786376953,43.12879943847656,120400
2002-10-11,86.68000030517578,86.7699966430664,86.18000030517578,86.37000274658203,42.82141876220703,133600
2002-10-14,86.5999984741211,86.5999984741211,86.12999725341797,86.30000305175781,42.78675079345703,51300
2002-10-15,85.33999633789062,85.58000183105469,84.80000305175781,84.8499984741211,42.067848205566406,167000
2002-10-16,84.93000030517578,85.22000122070312,84.80999755859375,84.8499984741211,42.067848205566406,124200
2002-10-17,84.22000122070312,84.54000091552734,84.22000122070312,84.4000015258789,41.8447151184082,205300
2002-10-18,84.41000366210938,84.70999908447266,83.87999725341797,84.6500015258789,41.968727111816406,98600
2002-10-21,84.69999694824219,84.69999694824219,83.9800033569336,84.0,41.64644241333008,572300
2002-10-22,84.05000305175781,84.18000030517578,83.87000274658203,83.95999908447266,41.62657928466797,197500
2002-10-23,84.19999694824219,84.5,84.05000305175781,84.13999938964844,41.71583557128906,64300
2002-10-24,84.05000305175781,84.70999908447266,83.91999816894531,84.54000091552734,41.91413497924805,41800
2002-10-25,84.95999908447266,84.95999908447266,84.7300033569336,84.91000366210938,42.097591400146484,566500
2002-10-28,85.11000061035156,85.22000122070312,85.0,85.01000213623047,42.147178649902344,22100
2002-10-29,85.41999816894531,86.11000061035156,85.33000183105469,85.77999877929688,42.5289306640625,118300
2002-10-30,85.62999725341797,85.9800033569336,85.58000183105469,85.7699966430664,42.523963928222656,53000
2002-10-31,85.6500015258789,86.69999694824219,85.61000061035156,86.20999908447266,42.74213790893555,71100
2002-11-01,85.7300033569336,85.76000213623047,85.08999633789062,85.4000015258789,42.48589324951172,63400
2002-11-04,84.94999694824219,85.12999725341797,84.80999755859375,85.12999725341797,42.35160446166992,85000
2002-11-05,85.0,85.0,84.75,84.9000015258789,42.237159729003906,426300
2002-11-06,84.66000366210938,85.6500015258789,84.66000366210938,85.18000030517578,42.37644958496094,135100
2002-11-07,85.68000030517578,86.06999969482422,85.55000305175781,86.01000213623047,42.78935241699219,68000
2002-11-08,86.08999633789062,86.22000122070312,85.98999786376953,86.22000122070312,42.89383316040039,27300
2002-11-11,86.0999984741211,86.44000244140625,86.0999984741211,86.44000244140625,43.003292083740234,52100
2002-11-12,86.45999908447266,86.48999786376953,86.12000274658203,86.16999816894531,42.86895751953125,48200
2002-11-13,86.12999725341797,86.37000274658203,86.0999984741211,86.2699966430664,42.918701171875,330200
2002-11-14,85.66000366210938,85.70999908447266,85.19000244140625,85.19000244140625,42.38141632080078,71800
2002-11-15,84.9000015258789,85.25,84.6500015258789,85.25,42.41130828857422,40900
2002-11-18,85.12999725341797,85.44000244140625,85.05000305175781,85.33000183105469,42.45108413696289,35300
2002-11-19,85.62000274658203,85.66999816894531,85.31999969482422,85.4000015258789,42.48589324951172,11000
2002-11-20,85.58999633789062,85.5999984741211,84.80999755859375,84.93000030517578,42.25209045410156,251800
2002-11-21,84.56999969482422,84.6500015258789,84.23999786376953,84.44000244140625,42.008296966552734,95000
2002-11-22,84.55000305175781,84.55999755859375,84.26000213623047,84.33999633789062,41.95855712890625,144800
2002-11-25,84.5,84.51000213623047,84.19999694824219,84.20999908447266,41.89387893676758,49700
2002-11-26,84.54000091552734,84.9800033569336,84.45999908447266,84.97000122070312,42.2719612121582,103800
2002-11-27,84.56999969482422,84.61000061035156,83.75,84.0,41.7894287109375,324900
2002-11-29,83.97000122070312,84.16000366210938,83.88999938964844,84.12000274658203,41.84910202026367,15000
2002-12-02,83.0,83.6500015258789,82.98999786376953,83.56999969482422,41.83409118652344,78000
2002-12-03,83.81999969482422,83.81999969482422,83.4000015258789,83.55999755859375,41.829097747802734,38200
2002-12-04,83.94000244140625,83.9800033569336,83.73999786376953,83.8499984741211,41.9742431640625,135600
2002-12-05,83.63999938964844,84.22000122070312,83.63999938964844,84.08000183105469,42.089385986328125,194900
2002-12-06,84.81999969482422,84.81999969482422,84.1500015258789,84.41999816894531,42.25960922241211,194800
2002-12-09,84.5,84.79000091552734,84.41000366210938,84.73999786376953,42.41977310180664,143900
2002-12-10,84.69999694824219,84.79000091552734,84.54000091552734,84.66999816894531,42.38474655151367,154600
2002-12-11,84.95999908447266,85.13999938964844,84.79000091552734,84.94999694824219,42.524925231933594,287200
2002-12-12,84.9000015258789,85.12999725341797,84.81999969482422,85.0199966430664,42.559932708740234,69800
2002-12-13,84.9800033569336,84.9800033569336,84.56999969482422,84.70999908447266,42.404762268066406,32400
2002-12-16,84.79000091552734,84.80000305175781,84.33000183105469,84.36000061035156,42.22953796386719,37600
2002-12-17,84.6500015258789,84.6500015258789,84.38999938964844,84.55999755859375,42.32966995239258,73700
2002-12-18,84.87999725341797,85.08000183105469,84.83999633789062,85.08000183105469,42.59001922607422,106600
2002-12-19,85.20999908447266,85.5999984741211,85.08999633789062,85.5199966430664,42.810211181640625,187800
2002-12-20,85.45999908447266,85.58000183105469,85.37000274658203,85.5199966430664,42.810211181640625,79900
2002-12-23,85.37000274658203,85.52999877929688,85.22000122070312,85.47000122070312,42.78523254394531,109300
2002-12-24,85.83000183105469,85.87999725341797,85.77999877929688,85.79000091552734,42.945404052734375,37400
2002-12-26,85.80000305175781,85.91999816894531,85.69000244140625,85.91999816894531,43.01047897338867,85200
2002-12-27,86.2699966430664,86.54000091552734,86.1500015258789,86.43000030517578,43.26578903198242,149600
2002-12-30,86.44000244140625,86.76000213623047,86.41000366210938,86.58999633789062,43.3458366394043,60700
2002-12-31,86.2699966430664,86.45999908447266,86.08000183105469,86.1500015258789,43.333763122558594,194300
2003-01-02,85.5999984741211,85.73999786376953,84.73999786376953,84.79000091552734,42.64971160888672,106700
2003-01-03,84.69999694824219,84.93000030517578,84.5999984741211,84.93000030517578,42.72012710571289,518400
2003-01-06,84.80000305175781,84.80000305175781,84.51000213623047,84.72000122070312,42.61448287963867,214500
2003-01-07,84.72000122070312,85.04000091552734,84.68000030517578,84.98999786376953,42.750267028808594,101700
2003-01-08,85.16999816894531,85.30000305175781,85.12000274658203,85.19000244140625,42.85091018676758,162600
2003-01-09,84.58000183105469,84.62000274658203,84.05999755859375,84.16000366210938,42.33285903930664,98000
2003-01-10,84.55999755859375,84.61000061035156,84.0199966430664,84.25,42.378089904785156,235800
2003-01-13,84.19999694824219,84.45999908447266,84.13999938964844,84.4000015258789,42.45353317260742,219700
2003-01-14,84.5999984741211,84.69000244140625,84.54000091552734,84.5999984741211,42.55413818359375,204500
2003-01-15,84.76000213623047,85.04000091552734,84.72000122070312,84.79000091552734,42.64971160888672,239000
2003-01-16,84.66000366210938,84.80000305175781,84.31999969482422,84.76000213623047,42.63463592529297,205700
2003-01-17,85.1500015258789,85.22000122070312,85.05999755859375,85.11000061035156,42.81068420410156,60100
2003-01-21,84.93000030517578,85.4000015258789,84.93000030517578,85.4000015258789,42.95652770996094,82600
2003-01-22,85.55000305175781,85.75,85.44999694824219,85.75,43.1325798034668,120500
2003-01-23,85.43000030517578,85.70999908447266,85.43000030517578,85.56999969482422,43.04206848144531,78300
2003-01-24,85.80000305175781,86.02999877929688,85.69000244140625,85.73999786376953,43.12757110595703,209400
2003-01-27,85.62999725341797,85.69000244140625,85.4000015258789,85.4800033569336,42.99673843383789,413800
2003-01-28,85.44000244140625,85.5,85.12000274658203,85.48999786376953,43.001827239990234,1596500
2003-01-29,85.52999877929688,85.52999877929688,85.0,85.12000274658203,42.81571578979492,83200
2003-01-30,85.0,85.51000213623047,84.94000244140625,85.44999694824219,42.98168182373047,31700
2003-01-31,85.62000274658203,85.62000274658203,85.25,85.48999786376953,43.001827239990234,44000
2003-02-03,85.25,85.30000305175781,84.86000061035156,85.08000183105469,42.935218811035156,57400
2003-02-04,85.38999938964844,85.41999816894531,85.22000122070312,85.36000061035156,43.076507568359375,88700
2003-02-05,85.26000213623047,85.41000366210938,84.80000305175781,85.02999877929688,42.909969329833984,138100
2003-02-06,85.27999877929688,85.43000030517578,85.25,85.36000061035156,43.076507568359375,92500
2003-02-07,85.08999633789062,85.48999786376953,85.0199966430664,85.4000015258789,43.096675872802734,44200
2003-02-10,85.4000015258789,85.4800033569336,85.12000274658203,85.23999786376953,43.01593780517578,29100
2003-02-11,85.16000366210938,85.3499984741211,85.0199966430664,85.31999969482422,43.05632019042969,272100
2003-02-12,85.45999908447266,85.69000244140625,85.37999725341797,85.69000244140625,43.2430305480957,50300
2003-02-13,85.80000305175781,86.26000213623047,85.73999786376953,86.0,43.39945983886719,107100
2003-02-14,85.80999755859375,85.9000015258789,85.5,85.69999694824219,43.248046875,51300
2003-02-18,85.5199966430664,85.69999694824219,85.37000274658203,85.69999694824219,43.248046875,62600
2003-02-19,85.80000305175781,86.05999755859375,85.80000305175781,86.0199966430664,43.409576416015625,34600
2003-02-20,86.0199966430664,86.3499984741211,85.97000122070312,86.31999969482422,43.560935974121094,59400
2003-02-21,86.2699966430664,86.29000091552734,85.97000122070312,86.0,43.39945983886719,21500
2003-02-24,86.29000091552734,86.37000274658203,86.13999938964844,86.33999633789062,43.571048736572266,47000
2003-02-25,86.55999755859375,86.76000213623047,86.44999694824219,86.45999908447266,43.6316032409668,72800
2003-02-26,86.51000213623047,86.77999877929688,86.44999694824219,86.72000122070312,43.76280975341797,52900
2003-02-27,86.69999694824219,86.83000183105469,86.5199966430664,86.80000305175781,43.803192138671875,209300
2003-02-28,86.75,87.1500015258789,86.61000061035156,87.08999633789062,43.94949722290039,80700
2003-03-03,86.80999755859375,87.08000183105469,86.77999877929688,87.02999877929688,44.04063415527344,24800
2003-03-04,87.0199966430664,87.23999786376953,86.97000122070312,87.19999694824219,44.12665557861328,41100
2003-03-05,87.37999725341797,87.44000244140625,87.12000274658203,87.36000061035156,44.20761489868164,50500
2003-03-06,87.37000274658203,87.38999938964844,87.06999969482422,87.18000030517578,44.11651611328125,83600
2003-03-07,87.72000122070312,87.7300033569336,87.22000122070312,87.47000122070312,44.263275146484375,79800
2003-03-10,87.66000366210938,87.81999969482422,87.66000366210938,87.76000213623047,44.410037994384766,58500
2003-03-11,87.77999877929688,87.86000061035156,87.58999633789062,87.73999786376953,44.39990234375,61200
2003-03-12,87.66999816894531,87.69000244140625,87.5,87.54000091552734,44.298728942871094,51600
2003-03-13,86.94000244140625,87.08000183105469,86.55000305175781,86.56999969482422,43.80784225463867,326900
2003-03-14,86.75,86.93000030517578,86.66000366210938,86.8499984741211,43.94953536987305,50800
2003-03-17,87.0999984741211,87.0999984741211,86.11000061035156,86.16999816894531,43.60540008544922,98700
2003-03-18,86.25,86.3499984741211,85.69999694824219,85.69999694824219,43.36757278442383,203900
2003-03-19,85.6500015258789,85.69999694824219,85.2699966430664,85.29000091552734,43.160118103027344,152800
2003-03-20,85.5999984741211,85.69999694824219,85.04000091552734,85.3499984741211,43.190460205078125,170600
2003-03-21,85.12999725341797,85.12999725341797,84.52999877929688,84.56999969482422,42.795745849609375,148800
2003-03-24,85.25,85.4800033569336,85.18000030517578,85.38999938964844,43.21073532104492,45800
2003-03-25,85.5,85.6500015258789,85.11000061035156,85.4000015258789,43.21574401855469,107500
2003-03-26,85.4000015258789,85.5999984741211,85.33999633789062,85.5999984741211,43.3170051574707,75400
2003-03-27,85.79000091552734,85.87999725341797,85.56999969482422,85.76000213623047,43.3979377746582,45800
2003-03-28,86.02999877929688,86.05000305175781,85.8499984741211,85.9000015258789,43.46875762939453,144700
2003-03-31,86.30000305175781,86.58999633789062,86.30000305175781,86.5199966430664,43.78255844116211,99300
2003-04-01,86.2300033569336,86.2699966430664,85.19999694824219,86.16000366210938,43.726226806640625,36500
2003-04-02,85.5999984741211,85.72000122070312,85.41999816894531,85.55000305175781,43.41667556762695,147400
2003-04-03,85.48999786376953,85.77999877929688,85.45999908447266,85.69999694824219,43.492767333984375,170400
2003-04-04,85.54000091552734,85.76000213623047,85.44999694824219,85.55000305175781,43.41667556762695,26400
2003-04-07,84.8499984741211,85.3499984741211,84.76000213623047,85.3499984741211,43.31513977050781,62300
2003-04-08,85.37999725341797,85.66999816894531,85.37999725341797,85.66999816894531,43.47754669189453,41500
2003-04-09,85.72000122070312,85.9800033569336,85.5,85.95999908447266,43.62470245361328,101000
2003-04-10,85.87000274658203,85.98999786376953,85.69000244140625,85.7300033569336,43.50798416137695,77900
2003-04-11,85.30000305175781,85.62000274658203,85.19999694824219,85.51000213623047,43.39633560180664,102800
2003-04-14,85.4800033569336,85.4800033569336,85.12999725341797,85.2699966430664,43.2745475769043,107700
2003-04-15,85.5999984741211,85.63999938964844,85.33999633789062,85.56999969482422,43.42680740356445,27600
2003-04-16,85.48999786376953,85.79000091552734,85.48999786376953,85.76000213623047,43.5232048034668,23700
2003-04-17,85.94999694824219,85.95999908447266,84.75,85.6500015258789,43.46736145019531,20600
2003-04-21,85.36000061035156,85.48999786376953,85.19000244140625,85.48999786376953,43.386173248291016,24300
2003-04-22,85.7300033569336,85.81999969482422,85.41000366210938,85.51000213623047,43.39633560180664,24200
2003-04-23,85.5199966430664,85.58999633789062,85.37999725341797,85.47000122070312,43.37601852416992,75600
2003-04-24,85.75,86.12999725341797,85.75,85.97000122070312,43.629783630371094,87400
2003-04-25,86.01000213623047,86.2300033569336,85.98999786376953,86.11000061035156,43.700836181640625,325600
2003-04-28,86.3499984741211,86.3499984741211,86.0,86.0199966430664,43.65513610839844,41300
2003-04-29,85.83999633789062,85.94000244140625,85.66000366210938,85.87000274658203,43.57905197143555,54900
2003-04-30,85.8499984741211,86.41000366210938,85.80000305175781,86.38999938964844,43.84294509887695,113200
2003-05-01,86.23999786376953,86.44000244140625,86.0,86.12000274658203,43.87965774536133,77200
2003-05-02,86.04000091552734,86.13999938964844,85.62999725341797,85.6500015258789,43.64010238647461,158900
2003-05-05,85.66000366210938,85.98999786376953,85.5199966430664,85.91999816894531,43.777706146240234,76900
2003-05-06,85.95999908447266,86.45999908447266,85.80000305175781,86.44999694824219,44.04777145385742,74900
2003-05-07,86.69999694824219,87.1500015258789,86.69999694824219,87.05000305175781,44.353458404541016,159400
2003-05-08,87.30000305175781,87.56999969482422,87.05999755859375,87.13999938964844,44.3993034362793,113200
2003-05-09,87.0199966430664,87.30000305175781,86.97000122070312,87.27999877929688,44.47065734863281,82800
2003-05-12,87.80000305175781,87.80999755859375,87.4000015258789,87.6500015258789,44.659175872802734,36300
2003-05-13,87.37000274658203,87.7300033569336,87.36000061035156,87.7300033569336,44.699913024902344,120300
2003-05-14,87.91000366210938,88.29000091552734,87.72000122070312,88.20999908447266,44.944515228271484,177500
2003-05-15,87.88999938964844,88.30000305175781,87.83000183105469,88.12000274658203,44.89865493774414,68500
2003-05-16,88.4000015258789,88.61000061035156,88.20999908447266,88.58999633789062,45.13815689086914,137800
2003-05-19,88.91999816894531,88.91999816894531,88.44999694824219,88.56999969482422,45.127952575683594,69000
2003-05-20,88.44999694824219,89.16000366210938,88.44000244140625,89.16000366210938,45.428565979003906,130900
2003-05-21,88.83999633789062,89.36000061035156,88.83999633789062,88.87999725341797,45.285888671875,83500
2003-05-22,89.08000183105469,89.30000305175781,89.01000213623047,89.30000305175781,45.49989700317383,414300
2003-05-23,89.36000061035156,89.5,89.13999938964844,89.19999694824219,45.448917388916016,82200
2003-05-27,89.26000213623047,89.3499984741211,88.8499984741211,88.87000274658203,45.28080368041992,176200
2003-05-28,88.66999816894531,88.97000122070312,88.47000122070312,88.88999938964844,45.291011810302734,204400
2003-05-29,89.12000274658203,89.38999938964844,89.08000183105469,89.36000061035156,45.53044509887695,97800
2003-05-30,89.20999908447266,89.36000061035156,88.88999938964844,89.30999755859375,45.50497817993164,165000
2003-06-02,88.69999694824219,88.76000213623047,88.51000213623047,88.72000122070312,45.328216552734375,165700
2003-06-03,88.97000122070312,89.44000244140625,88.97000122070312,89.30999755859375,45.6296272277832,77000
2003-06-04,89.48999786376953,89.62999725341797,89.2699966430664,89.56999969482422,45.76251983642578,183600
2003-06-05,89.76000213623047,89.81999969482422,89.19000244140625,89.25,45.599021911621094,61500
2003-06-06,88.97000122070312,89.19000244140625,88.83999633789062,89.1500015258789,45.54788589477539,110900
2003-06-09,89.52999877929688,89.68000030517578,89.37000274658203,89.63999938964844,45.79825210571289,48800
2003-06-10,89.9000015258789,90.19999694824219,89.9000015258789,90.13999938964844,46.0536994934082,65600
2003-06-11,90.20999908447266,90.37000274658203,89.94000244140625,89.94999694824219,45.956626892089844,79600
2003-06-12,90.08000183105469,90.4800033569336,90.02999877929688,90.30000305175781,46.13542938232422,50100
2003-06-13,90.5199966430664,90.76000213623047,90.47000122070312,90.62999725341797,46.30406188964844,75200
2003-06-16,90.80000305175781,90.80000305175781,90.13999938964844,90.16000366210938,46.063926696777344,161200
2003-06-17,89.95999908447266,90.0199966430664,89.62000274658203,89.66999816894531,45.813602447509766,135200
2003-06-18,89.44000244140625,89.5,89.0999984741211,89.12999725341797,45.537681579589844,252300
2003-06-19,89.13999938964844,89.37999725341797,88.8499984741211,89.26000213623047,45.6041145324707,202600
2003-06-20,89.0199966430664,89.16999816894531,88.86000061035156,89.12000274658203,45.53257751464844,61300
2003-06-23,89.12000274658203,89.58999633789062,89.0999984741211,89.45999908447266,45.70626449584961,38100
2003-06-24,89.56999969482422,89.91000366210938,89.41999816894531,89.87999725341797,45.92083740234375,132200
2003-06-25,90.16000366210938,90.16000366210938,89.01000213623047,89.19999694824219,45.573455810546875,164700
2003-06-26,88.86000061035156,88.86000061035156,88.2300033569336,88.31999969482422,45.12385177612305,470200
2003-06-27,88.47000122070312,88.5,87.88999938964844,88.23999786376953,45.08297348022461,244200
2003-06-30,88.2300033569336,88.48999786376953,88.12000274658203,88.44999694824219,45.19021224975586,126500
2003-07-01,88.2300033569336,88.55999755859375,87.93000030517578,88.0199966430664,45.310184478759766,167200
2003-07-02,87.52999877929688,88.20999908447266,87.52999877929688,88.11000061035156,45.35653305053711,86900
2003-07-03,88.0199966430664,88.06999969482422,87.48999786376953,87.55000305175781,45.06825637817383,205300
2003-07-07,87.16000366210938,87.36000061035156,87.05999755859375,87.08000183105469,44.826297760009766,196100
2003-07-08,87.37999725341797,87.4000015258789,86.91000366210938,87.11000061035156,44.84178924560547,156700
2003-07-09,87.33000183105469,87.45999908447266,87.12999725341797,87.2699966430664,44.92412567138672,90600
2003-07-10,87.5199966430664,87.62999725341797,87.27999877929688,87.47000122070312,45.02708053588867,292800
2003-07-11,87.33999633789062,87.79000091552734,87.33999633789062,87.77999877929688,45.18666458129883,37900
2003-07-14,87.66999816894531,87.86000061035156,87.25,87.2699966430664,44.92412567138672,187400
2003-07-15,87.16000366210938,87.25,85.88999938964844,86.08000183105469,44.31153869628906,530600
2003-07-16,85.5199966430664,86.12999725341797,85.5199966430664,86.11000061035156,44.32695770263672,304400
2003-07-17,85.47000122070312,85.97000122070312,85.45999908447266,85.93000030517578,44.234317779541016,173800
2003-07-18,85.81999969482422,85.9000015258789,85.68000030517578,85.70999908447266,44.12108612060547,182600
2003-07-21,85.44000244140625,85.5999984741211,84.4000015258789,84.58999633789062,43.54453659057617,497800
2003-07-22,84.68000030517578,84.93000030517578,84.4800033569336,84.88999938964844,43.698970794677734,121500
2003-07-23,85.25,85.5,85.08000183105469,85.1500015258789,43.83280944824219,209400
2003-07-24,84.80000305175781,84.88999938964844,84.6500015258789,84.81999969482422,43.662933349609375,186300
2003-07-25,84.9000015258789,85.30999755859375,84.63999938964844,84.70999908447266,43.606300354003906,34700
2003-07-28,84.44999694824219,84.47000122070312,84.05999755859375,84.08999633789062,43.287132263183594,124100
2003-07-29,83.97000122070312,84.6500015258789,83.2699966430664,83.2699966430664,42.86505889892578,297800
2003-07-30,83.69999694824219,84.31999969482422,83.6500015258789,83.94000244140625,43.209930419921875,158600
2003-07-31,83.5,83.72000122070312,82.69999694824219,83.37999725341797,42.921669006347656,241800
2003-08-01,82.70999908447266,83.33000183105469,82.63999938964844,83.0,43.09665298461914,160400
2003-08-04,83.08999633789062,83.66000366210938,83.0,83.61000061035156,43.41337966918945,498600
2003-08-05,83.55000305175781,83.76000213623047,82.83000183105469,83.05000305175781,43.12263870239258,169300
2003-08-06,83.26000213623047,84.04000091552734,83.22000122070312,83.9000015258789,43.56398010253906,338000
2003-08-07,84.16999816894531,84.2300033569336,83.69000244140625,84.19999694824219,43.719730377197266,292400
2003-08-08,84.37000274658203,84.75,84.0999984741211,84.19000244140625,43.714515686035156,235900
2003-08-11,84.05000305175781,84.05000305175781,83.55999755859375,83.83999633789062,43.532806396484375,150300
2003-08-12,83.86000061035156,84.0999984741211,83.5999984741211,83.69000244140625,43.454891204833984,197500
2003-08-13,83.25,83.30000305175781,82.66999816894531,82.76000213623047,42.97201919555664,346200
2003-08-14,82.5,82.94999694824219,82.16000366210938,82.93000030517578,43.06027603149414,314300
2003-08-15,83.0999984741211,83.0999984741211,82.9000015258789,82.9000015258789,43.04471969604492,10700
2003-08-18,83.13999938964844,83.22000122070312,82.87000274658203,83.1500015258789,43.1745491027832,137700
2003-08-19,83.08000183105469,83.80999755859375,83.0,83.80999755859375,43.517215728759766,162100
2003-08-20,83.86000061035156,83.9000015258789,83.22000122070312,83.41000366210938,43.309532165527344,99000
2003-08-21,83.25,83.4000015258789,82.66999816894531,83.0999984741211,43.14859390258789,129800
2003-08-22,82.87999725341797,83.2300033569336,82.8499984741211,83.16000366210938,43.17966842651367,241900
2003-08-25,83.0999984741211,83.30000305175781,82.6500015258789,82.80000305175781,42.99283218383789,99600
2003-08-26,82.54000091552734,83.0999984741211,82.5,83.0999984741211,43.14859390258789,87500
2003-08-27,83.16000366210938,83.16000366210938,82.66000366210938,82.9000015258789,43.04471969604492,50800
2003-08-28,83.05999755859375,83.55000305175781,83.05999755859375,83.4800033569336,43.34587097167969,64600
2003-08-29,83.51000213623047,83.52999877929688,83.05999755859375,83.25,43.226470947265625,62600
2003-09-02,82.4000015258789,82.69999694824219,82.1500015258789,82.1500015258789,43.050392150878906,118000
2003-09-03,82.26000213623047,82.4000015258789,82.19000244140625,82.36000061035156,43.16040802001953,105600
2003-09-04,82.5999984741211,82.94999694824219,82.41000366210938,82.88999938964844,43.43816375732422,145000
2003-09-05,83.62000274658203,84.0,83.37999725341797,83.94000244140625,43.98842239379883,130000
2003-09-08,83.80999755859375,84.37000274658203,83.55000305175781,83.55000305175781,43.78401565551758,224000
2003-09-09,83.76000213623047,83.98999786376953,83.48999786376953,83.94999694824219,43.993682861328125,69300
2003-09-10,84.0999984741211,84.58000183105469,84.0199966430664,84.5199966430664,44.292335510253906,136800
2003-09-11,84.27999877929688,84.30000305175781,84.05000305175781,84.22000122070312,44.135154724121094,79200
2003-09-12,84.69999694824219,85.02999877929688,84.52999877929688,84.55999755859375,44.313316345214844,146000
2003-09-15,84.45999908447266,84.81999969482422,84.25,84.70999908447266,44.39191818237305,125700
2003-09-16,84.58000183105469,84.7699966430664,84.36000061035156,84.63999938964844,44.35526657104492,80100
2003-09-17,84.77999877929688,85.23999786376953,84.6500015258789,85.11000061035156,44.601558685302734,177100
2003-09-18,85.12000274658203,85.18000030517578,84.68000030517578,85.0999984741211,44.5963020324707,132200
2003-09-19,85.05000305175781,85.18000030517578,84.87999725341797,85.0999984741211,44.5963020324707,195200
2003-09-22,84.66000366210938,84.77999877929688,84.25,84.7300033569336,44.40238571166992,249500
2003-09-23,84.61000061035156,84.95999908447266,84.5199966430664,84.93000030517578,44.50718688964844,96300
2003-09-24,84.87000274658203,85.51000213623047,84.80999755859375,85.36000061035156,44.732547760009766,258000
2003-09-25,85.44999694824219,85.66000366210938,85.33999633789062,85.4800033569336,44.795440673828125,314800
2003-09-26,85.73999786376953,86.1500015258789,85.66999816894531,86.12999725341797,45.13606262207031,281300
2003-09-29,85.9000015258789,86.06999969482422,85.72000122070312,85.76000213623047,44.942176818847656,97500
2003-09-30,85.94000244140625,86.87999725341797,85.94000244140625,86.58999633789062,45.37711715698242,450400
2003-10-01,86.2699966430664,86.45999908447266,86.05000305175781,86.23999786376953,45.57847213745117,102100
2003-10-02,85.7300033569336,86.1500015258789,85.55999755859375,85.93000030517578,45.4146614074707,163500
2003-10-03,85.16999816894531,85.16999816894531,84.6500015258789,84.73999786376953,44.78574752807617,319500
2003-10-06,84.56999969482422,85.11000061035156,84.56999969482422,84.98999786376953,44.91788101196289,89900
2003-10-07,84.93000030517578,84.94999694824219,84.45999908447266,84.5,44.658935546875,93000
2003-10-08,84.33999633789062,84.80000305175781,84.33999633789062,84.6500015258789,44.7381706237793,116100
2003-10-09,84.16999816894531,84.4000015258789,84.0999984741211,84.37999725341797,44.595481872558594,173700
2003-10-10,84.6500015258789,84.80000305175781,84.56999969482422,84.62999725341797,44.72760772705078,73400
2003-10-13,84.75,84.75,84.3499984741211,84.5,44.658935546875,62100
2003-10-14,84.18000030517578,84.43000030517578,84.08000183105469,84.16000366210938,44.47920227050781,118700
2003-10-15,83.83999633789062,83.93000030517578,83.6500015258789,83.86000061035156,44.32065963745117,62800
2003-10-16,83.95999908447266,84.1500015258789,83.37000274658203,83.4000015258789,44.077510833740234,89600
2003-10-17,83.56999969482422,83.9000015258789,83.43000030517578,83.8499984741211,44.31534957885742,84800
2003-10-20,83.75,84.13999938964844,83.66000366210938,83.91000366210938,44.347084045410156,90700
2003-10-21,84.16000366210938,84.31999969482422,84.0,84.05999755859375,44.426307678222656,213400
2003-10-22,84.51000213623047,84.76000213623047,84.37000274658203,84.66999816894531,44.74875259399414,167300
2003-10-23,84.69999694824219,84.75,84.23999786376953,84.4000015258789,44.60605239868164,146700
2003-10-24,84.75,85.1500015258789,84.62000274658203,84.98999786376953,44.91788101196289,136500
2003-10-27,84.80999755859375,85.0,84.62999725341797,84.76000213623047,44.796268463134766,171300
2003-10-28,84.66000366210938,85.2699966430664,84.44000244140625,85.16000366210938,45.00771713256836,174300
2003-10-29,85.0199966430664,85.05000305175781,84.61000061035156,84.61000061035156,44.717018127441406,111400
2003-10-30,84.1500015258789,84.41000366210938,84.06999969482422,84.30000305175781,44.55318069458008,302000
2003-10-31,84.44999694824219,84.66000366210938,84.41000366210938,84.5999984741211,44.71175003051758,77600
2003-11-03,84.05999755859375,84.0999984741211,83.7300033569336,84.0,44.541526794433594,133500
2003-11-04,84.16000366210938,84.30999755859375,84.08999633789062,84.30000305175781,44.70064926147461,84700
2003-11-05,84.23999786376953,84.29000091552734,83.91999816894531,84.0,44.541526794433594,172900
2003-11-06,83.75,83.7699966430664,83.52999877929688,83.56999969482422,44.31352233886719,143700
2003-11-07,83.31999969482422,83.5,83.22000122070312,83.43000030517578,44.23928451538086,112900
2003-11-10,83.5,83.66999816894531,83.2699966430664,83.4000015258789,44.22337341308594,97800
2003-11-11,83.30000305175781,83.75,83.30000305175781,83.52999877929688,44.29228210449219,27300
2003-11-12,83.58000183105469,83.80999755859375,83.58000183105469,83.80000305175781,44.43545150756836,80200
2003-11-13,84.12000274658203,84.55000305175781,84.11000061035156,84.52999877929688,44.82258605957031,134700
2003-11-14,84.55999755859375,85.0,84.55999755859375,84.98999786376953,45.066490173339844,70000
2003-11-17,85.08000183105469,85.36000061035156,85.08000183105469,85.08999633789062,45.11952590942383,113300
2003-11-18,84.94000244140625,85.44000244140625,84.87000274658203,85.44000244140625,45.30509567260742,95700
2003-11-19,85.5,85.52999877929688,84.81999969482422,84.86000061035156,44.9975700378418,524800
2003-11-20,85.31999969482422,85.38999938964844,84.98999786376953,85.38999938964844,45.27859115600586,59600
2003-11-21,85.4800033569336,85.55000305175781,85.33999633789062,85.3499984741211,45.25738525390625,237400
2003-11-24,85.08999633789062,85.12999725341797,84.80000305175781,84.9000015258789,45.018760681152344,164400
2003-11-25,84.97000122070312,85.26000213623047,84.97000122070312,85.11000061035156,45.13010787963867,126400
2003-11-26,85.01000213623047,85.1500015258789,84.80000305175781,84.9000015258789,45.018760681152344,56800
2003-11-28,84.58000183105469,84.58000183105469,84.33000183105469,84.33999633789062,44.72183609008789,121400
2003-12-01,83.72000122070312,83.75,83.2699966430664,83.5999984741211,44.448543548583984,201100
2003-12-02,83.66000366210938,83.83999633789062,83.4000015258789,83.83999633789062,44.57614517211914,278700
2003-12-03,83.80000305175781,83.94000244140625,83.51000213623047,83.62000274658203,44.459144592285156,119300
2003-12-04,83.6500015258789,83.94999694824219,83.58999633789062,83.80000305175781,44.55485153198242,78000
2003-12-05,84.5199966430664,85.0,84.41999816894531,84.81999969482422,45.09718322753906,1858200
2003-12-08,84.81999969482422,84.81999969482422,84.44999694824219,84.5,44.927059173583984,107200
2003-12-09,84.72000122070312,84.8499984741211,83.9000015258789,84.08000183105469,44.70371627807617,282800
2003-12-10,84.37999725341797,84.38999938964844,84.05000305175781,84.29000091552734,44.815399169921875,158200
2003-12-11,84.1500015258789,84.87999725341797,84.0199966430664,84.80000305175781,45.08656692504883,52200
2003-12-12,84.87000274658203,85.16000366210938,84.7699966430664,84.80000305175781,45.08656692504883,96700
2003-12-15,84.76000213623047,84.94999694824219,84.56999969482422,84.76000213623047,45.06526565551758,204500
2003-12-16,84.81999969482422,84.94999694824219,84.58999633789062,84.93000030517578,45.607669830322266,79000
2003-12-17,85.23999786376953,85.43000030517578,85.08999633789062,85.1500015258789,45.72581481933594,92600
2003-12-18,85.16000366210938,85.47000122070312,85.08000183105469,85.44000244140625,45.88152313232422,71900
2003-12-19,85.30999755859375,85.44999694824219,85.16000366210938,85.44999694824219,45.88690185546875,342100
2003-12-22,85.52999877929688,85.56999969482422,85.13999938964844,85.22000122070312,45.763389587402344,80500
2003-12-23,85.08999633789062,85.12000274658203,84.63999938964844,84.63999938964844,45.45195388793945,87400
2003-12-24,84.94000244140625,85.18000030517578,84.87000274658203,85.16999816894531,45.736549377441406,33900
2003-12-26,85.36000061035156,85.45999908447266,85.31999969482422,85.44000244140625,45.88152313232422,120800
2003-12-29,85.12000274658203,85.19999694824219,84.91999816894531,84.91999816894531,45.602294921875,88300
2003-12-30,84.75,84.94999694824219,84.62999725341797,84.83000183105469,45.55394744873047,86500
2003-12-31,84.5999984741211,84.7300033569336,84.5,84.69999694824219,45.634246826171875,182200
2004-01-02,84.5199966430664,84.5199966430664,83.75,84.0199966430664,45.26791763305664,259700
2004-01-05,83.80000305175781,84.01000213623047,83.72000122070312,83.94999694824219,45.23017501831055,210700
2004-01-06,84.0999984741211,84.69000244140625,84.0999984741211,84.58000183105469,45.56957244873047,144300
2004-01-07,84.52999877929688,84.93000030517578,84.48999786376953,84.7699966430664,45.671974182128906,66500
2004-01-08,84.69999694824219,84.88999938964844,84.5999984741211,84.7699966430664,45.671974182128906,140000
2004-01-09,85.69999694824219,85.81999969482422,85.55000305175781,85.7699966430664,46.21074295043945,914600
2004-01-12,85.69999694824219,86.1500015258789,85.62999725341797,85.7699966430664,46.21074295043945,136000
2004-01-13,85.76000213623047,86.25,85.6500015258789,86.2300033569336,46.458580017089844,77200
2004-01-14,86.0999984741211,86.44000244140625,85.98999786376953,86.4000015258789,46.55015563964844,114200
2004-01-15,86.4000015258789,86.87000274658203,86.12000274658203,86.44999694824219,46.577049255371094,472900
2004-01-16,86.62000274658203,86.62000274658203,86.0,86.08999633789062,46.38315200805664,64400
2004-01-20,85.87999725341797,86.22000122070312,85.83999633789062,85.94000244140625,46.30231475830078,86900
2004-01-21,86.08999633789062,86.2300033569336,85.9000015258789,86.19000244140625,46.437034606933594,248700
2004-01-22,86.31999969482422,86.55999755859375,86.16000366210938,86.55999755859375,46.636356353759766,176000
2004-01-23,86.66999816894531,86.77999877929688,85.81999969482422,85.91000366210938,46.286163330078125,344900
2004-01-26,85.9000015258789,85.9000015258789,85.4800033569336,85.55000305175781,46.092220306396484,283700
2004-01-27,85.52999877929688,85.91999816894531,85.52999877929688,85.88999938964844,46.275394439697266,138100
2004-01-28,85.86000061035156,86.2300033569336,84.77999877929688,85.2699966430664,45.94132614135742,805400
2004-01-29,85.04000091552734,85.25,84.86000061035156,85.16999816894531,45.88746643066406,155100
2004-01-30,85.4800033569336,85.5999984741211,85.27999877929688,85.55999755859375,46.09759521484375,110000
2004-02-02,85.22000122070312,85.66999816894531,85.1500015258789,85.22000122070312,46.05165100097656,78600
2004-02-03,85.4800033569336,85.55000305175781,85.33000183105469,85.55000305175781,46.230003356933594,89200
2004-02-04,85.45999908447266,85.45999908447266,85.25,85.41000366210938,46.15433883666992,126100
2004-02-05,85.37999725341797,85.5,85.0,85.08999633789062,45.98136901855469,209700
2004-02-06,85.5999984741211,85.75,85.5199966430664,85.61000061035156,46.26239776611328,297000
2004-02-09,85.80999755859375,85.9000015258789,85.69999694824219,85.80999755859375,46.370460510253906,176000
2004-02-10,85.69999694824219,85.75,85.51000213623047,85.56999969482422,46.24077606201172,344200
2004-02-11,85.47000122070312,86.30000305175781,85.37999725341797,86.0199966430664,46.48391342163086,202200
2004-02-12,86.0999984741211,86.19999694824219,85.83000183105469,85.97000122070312,46.45695114135742,109000
2004-02-13,86.20999908447266,86.4000015258789,86.08000183105469,86.19000244140625,46.5758171081543,205900
2004-02-17,86.31999969482422,86.31999969482422,86.0999984741211,86.19000244140625,46.5758171081543,48000
2004-02-18,86.5199966430664,86.5199966430664,86.11000061035156,86.16999816894531,46.56499099731445,74200
2004-02-19,86.0199966430664,86.25,85.9800033569336,86.2300033569336,46.59745788574219,39700
2004-02-20,86.18000030517578,86.19999694824219,85.81999969482422,85.94000244140625,46.44070816040039,62300
2004-02-23,86.0199966430664,86.26000213623047,85.95999908447266,86.22000122070312,46.59201431274414,230200
2004-02-24,86.36000061035156,86.55999755859375,86.26000213623047,86.37000274658203,46.67307662963867,299600
2004-02-25,86.47000122070312,86.54000091552734,86.4000015258789,86.47000122070312,46.72716522216797,108700
2004-02-26,86.31999969482422,86.38999938964844,86.19999694824219,86.33999633789062,46.656864166259766,169800
2004-02-27,86.56999969482422,86.73999786376953,86.44000244140625,86.68000030517578,46.84063720703125,161900
2004-03-01,86.6500015258789,86.7300033569336,86.36000061035156,86.5199966430664,46.88997268676758,284600
2004-03-02,86.29000091552734,86.30999755859375,85.86000061035156,86.0199966430664,46.61895751953125,284500
2004-03-03,85.87000274658203,85.9800033569336,85.69999694824219,85.94000244140625,46.575584411621094,270400
2004-03-04,85.9000015258789,86.20999908447266,85.83000183105469,86.20999908447266,46.72193145751953,383700
2004-03-05,87.44999694824219,87.5,87.2300033569336,87.27999877929688,47.3017692565918,904800
2004-03-08,87.69000244140625,87.77999877929688,87.58999633789062,87.7699966430664,47.56735610961914,208400
2004-03-09,87.76000213623047,88.13999938964844,87.7300033569336,88.0999984741211,47.74624252319336,254300
2004-03-10,87.94000244140625,88.16000366210938,87.91999816894531,88.08999633789062,47.74075698852539,245100
2004-03-11,88.30999755859375,88.33000183105469,87.72000122070312,88.0999984741211,47.74624252319336,486800
2004-03-12,88.05000305175781,88.16999816894531,87.81999969482422,87.83000183105469,47.59988021850586,245600
2004-03-15,87.8499984741211,88.02999877929688,87.70999908447266,87.87999725341797,47.62700271606445,432800
2004-03-16,87.75,88.37000274658203,87.63999938964844,88.30999755859375,47.860008239746094,178400
2004-03-17,88.55000305175781,88.55000305175781,88.16000366210938,88.25,47.82754135131836,522300
2004-03-18,88.06999969482422,88.27999877929688,87.9000015258789,87.97000122070312,47.675758361816406,207200
2004-03-19,87.91000366210938,87.97000122070312,87.73999786376953,87.8499984741211,47.6107177734375,329500
2004-03-22,88.0,88.2300033569336,87.94999694824219,88.18000030517578,47.78955078125,87300
2004-03-23,88.13999938964844,88.30999755859375,88.0999984741211,88.30999755859375,47.860008239746094,200400
2004-03-24,88.2699966430664,88.33000183105469,88.16999816894531,88.25,47.82754135131836,397900
2004-03-25,88.0999984741211,88.19999694824219,88.0199966430664,88.12999725341797,47.76245880126953,71000
2004-03-26,88.05000305175781,88.05000305175781,87.44000244140625,87.56999969482422,47.45896911621094,316200
2004-03-29,87.22000122070312,87.23999786376953,87.04000091552734,87.19999694824219,47.25847625732422,196500
2004-03-30,87.44999694824219,87.44999694824219,87.1500015258789,87.2300033569336,47.27470016479492,78500
2004-03-31,87.30999755859375,87.62000274658203,87.29000091552734,87.55000305175781,47.44813919067383,222000
2004-04-01,87.22000122070312,87.25,86.87999725341797,87.08000183105469,47.331844329833984,438500
2004-04-02,85.69999694824219,85.80000305175781,85.3499984741211,85.47000122070312,46.45670700073242,321800
2004-04-05,85.12999725341797,85.19999694824219,84.9000015258789,85.05000305175781,46.228450775146484,214500
2004-04-06,85.30000305175781,85.41000366210938,85.19999694824219,85.3499984741211,46.3914794921875,87400
2004-04-07,85.37999725341797,85.58999633789062,85.30000305175781,85.36000061035156,46.39692687988281,144100
2004-04-08,85.2699966430664,85.41000366210938,85.19000244140625,85.19999694824219,46.30991744995117,43200
2004-04-12,85.01000213623047,85.01000213623047,84.83000183105469,84.93000030517578,46.1631965637207,98900
2004-04-13,84.44000244140625,84.56999969482422,84.2699966430664,84.2699966430664,45.80448913574219,382100
2004-04-14,83.69999694824219,84.22000122070312,83.69999694824219,84.20999908447266,45.7718620300293,473900
2004-04-15,84.0999984741211,84.2699966430664,83.94999694824219,84.08999633789062,45.70659637451172,128200
2004-04-16,84.36000061035156,84.48999786376953,84.19999694824219,84.4000015258789,45.87509536743164,135900
2004-04-19,84.51000213623047,84.55999755859375,84.1500015258789,84.18000030517578,45.75554656982422,211700
2004-04-20,84.08000183105469,84.19999694824219,83.56999969482422,83.56999969482422,45.42398452758789,395700
2004-04-21,83.62000274658203,83.94000244140625,83.62000274658203,83.73999786376953,45.51639175415039,340300
2004-04-22,84.05999755859375,84.19999694824219,83.9000015258789,84.06999969482422,45.695770263671875,1074000
2004-04-23,83.7699966430664,83.83999633789062,83.58999633789062,83.72000122070312,45.505516052246094,94800
2004-04-26,83.62000274658203,83.77999877929688,83.62000274658203,83.70999908447266,45.500091552734375,51700
2004-04-27,83.88999938964844,84.04000091552734,83.66999816894531,84.04000091552734,45.679443359375,65700
2004-04-28,83.8499984741211,83.95999908447266,83.44000244140625,83.48999786376953,45.38053512573242,86800
2004-04-29,83.56999969482422,83.69999694824219,83.11000061035156,83.30000305175781,45.27723693847656,197000
2004-04-30,83.36000061035156,83.56999969482422,83.20999908447266,83.5,45.38595962524414,57000
2004-05-03,83.16000366210938,83.33000183105469,83.12000274658203,83.19999694824219,45.36846923828125,69400
2004-05-04,83.4000015258789,83.6500015258789,82.95999908447266,82.95999908447266,45.237613677978516,588700
2004-05-05,83.25,83.25,82.76000213623047,82.7699966430664,45.13402557373047,290200
2004-05-06,82.76000213623047,82.83000183105469,82.6500015258789,82.69000244140625,45.09034729003906,256000
2004-05-07,81.9800033569336,81.9800033569336,81.5199966430664,81.66999816894531,44.5341796875,428400
2004-05-10,81.70999908447266,81.83999633789062,81.55000305175781,81.6500015258789,44.523292541503906,275300
2004-05-11,81.66999816894531,81.8499984741211,81.62000274658203,81.80999755859375,44.61054611206055,132400
2004-05-12,81.7699966430664,81.91000366210938,81.5999984741211,81.69000244140625,44.545082092285156,74100
2004-05-13,81.5,81.54000091552734,81.30999755859375,81.44000244140625,44.40876388549805,143200
2004-05-14,81.5999984741211,81.93000030517578,81.56999969482422,81.8499984741211,44.632328033447266,186900
2004-05-17,82.22000122070312,82.44000244140625,82.22000122070312,82.37999725341797,44.92133331298828,623700
2004-05-18,82.18000030517578,82.25,82.05999755859375,82.22000122070312,44.83409881591797,148000
2004-05-19,81.83000183105469,81.94999694824219,81.76000213623047,81.83999633789062,44.62688446044922,59200
2004-05-20,82.19999694824219,82.29000091552734,82.05000305175781,82.25,44.8504638671875,136900
2004-05-21,82.47000122070312,82.47000122070312,82.0,82.06999969482422,44.752296447753906,212800
2004-05-24,82.0999984741211,82.1500015258789,81.94000244140625,82.12999725341797,44.7850227355957,64000
2004-05-25,82.2699966430664,82.33999633789062,82.13999938964844,82.16000366210938,44.80137252807617,74600
2004-05-26,82.43000030517578,82.61000061035156,82.33999633789062,82.56999969482422,45.02495574951172,131000
2004-05-27,82.91000366210938,83.05000305175781,82.77999877929688,83.0199966430664,45.27035903930664,577000
2004-05-28,82.93000030517578,83.0199966430664,82.58999633789062,82.79000091552734,45.14494323730469,59800
2004-06-01,82.26000213623047,82.30000305175781,81.91000366210938,82.0999984741211,44.920047760009766,188900
2004-06-02,82.08000183105469,82.16999816894531,81.94999694824219,81.95999908447266,44.84336853027344,141200
2004-06-03,81.9800033569336,82.16000366210938,81.9000015258789,82.08999633789062,44.91457748413086,165000
2004-06-04,82.12000274658203,82.12000274658203,81.72000122070312,81.75,44.7285270690918,157000
2004-06-07,81.68000030517578,81.87999725341797,81.55999755859375,81.87000274658203,44.79422378540039,119600
2004-06-08,81.68000030517578,81.8499984741211,81.56999969482422,81.8499984741211,44.783267974853516,627400
2004-06-09,81.62999725341797,81.7300033569336,81.41000366210938,81.61000061035156,44.65192413330078,146000
2004-06-10,81.56999969482422,81.76000213623047,81.45999908447266,81.69999694824219,44.70119857788086,156600
2004-06-14,81.5,81.55000305175781,81.25,81.30000305175781,44.4823112487793,185900
2004-06-15,81.9000015258789,82.47000122070312,81.83000183105469,82.37999725341797,45.0732421875,423700
2004-06-16,82.08000183105469,82.2699966430664,82.01000213623047,82.19999694824219,44.97475814819336,55100
2004-06-17,82.02999877929688,82.43000030517578,81.94999694824219,82.43000030517578,45.1005859375,91500
2004-06-18,82.44000244140625,82.4800033569336,82.25,82.26000213623047,45.007606506347656,114600
2004-06-21,82.4000015258789,82.47000122070312,82.2699966430664,82.38999938964844,45.0787239074707,44300
2004-06-22,82.33999633789062,82.36000061035156,82.25,82.27999877929688,45.01850509643555,209400
2004-06-23,82.18000030517578,82.41999816894531,82.16999816894531,82.4000015258789,45.08418655395508,149000
2004-06-24,82.75,82.88999938964844,82.6500015258789,82.72000122070312,45.25928497314453,188800
2004-06-25,82.62000274658203,82.7699966430664,82.5999984741211,82.76000213623047,45.281158447265625,61200
2004-06-28,82.44999694824219,82.5,82.13999938964844,82.1500015258789,44.9473762512207,102800
2004-06-29,82.22000122070312,82.54000091552734,82.0999984741211,82.54000091552734,45.16080093383789,103600
2004-06-30,82.66000366210938,83.11000061035156,82.61000061035156,83.05000305175781,45.43984603881836,452200
2004-07-01,82.7699966430664,83.0199966430664,82.56999969482422,82.94000244140625,45.52931213378906,115500
2004-07-02,83.72000122070312,83.83999633789062,83.44999694824219,83.6500015258789,45.919071197509766,146900
2004-07-06,83.66000366210938,83.7300033569336,83.45999908447266,83.48999786376953,45.831207275390625,107100
2004-07-07,83.5,83.66000366210938,83.45999908447266,83.52999877929688,45.853187561035156,61500
2004-07-08,83.58999633789062,83.75,83.51000213623047,83.54000091552734,45.858680725097656,186500
2004-07-09,83.63999938964844,83.72000122070312,83.55000305175781,83.68000030517578,45.93553161621094,192300
2004-07-12,83.7300033569336,83.83999633789062,83.72000122070312,83.77999877929688,45.99040603637695,182400
2004-07-13,83.58999633789062,83.62000274658203,83.41000366210938,83.5999984741211,45.891571044921875,84200
2004-07-14,83.54000091552734,83.62999725341797,83.5,83.55999755859375,45.869659423828125,252300
2004-07-15,83.55999755859375,83.5999984741211,83.44999694824219,83.5199966430664,45.84770584106445,77600
2004-07-16,83.91999816894531,84.33000183105469,83.91999816894531,84.33000183105469,46.29234313964844,225800
2004-07-19,84.2300033569336,84.33999633789062,84.20999908447266,84.30999755859375,46.281341552734375,44700
2004-07-20,84.12000274658203,84.25,83.72000122070312,83.76000213623047,45.979454040527344,111200
2004-07-21,83.55000305175781,83.62000274658203,83.33999633789062,83.58000183105469,45.880653381347656,98800
2004-07-22,83.69000244140625,83.80999755859375,83.62999725341797,83.68000030517578,45.93553161621094,54400
2004-07-23,83.69999694824219,83.9000015258789,83.69999694824219,83.87999725341797,46.045310974121094,54000
2004-07-26,83.69000244140625,83.73999786376953,83.58000183105469,83.58999633789062,45.8861198425293,65300
2004-07-27,83.56999969482422,83.56999969482422,82.97000122070312,83.0,45.56224060058594,73800
2004-07-28,82.86000061035156,83.1500015258789,82.7699966430664,83.12999725341797,45.63359451293945,83600
2004-07-29,83.08999633789062,83.22000122070312,83.05000305175781,83.20999908447266,45.6775016784668,39600
2004-07-30,83.5199966430664,83.80000305175781,83.51000213623047,83.77999877929688,45.99040603637695,64700
2004-08-02,83.76000213623047,83.76000213623047,83.5199966430664,83.58999633789062,46.0361213684082,226300
2004-08-03,83.58999633789062,83.87999725341797,83.58999633789062,83.79000091552734,46.146278381347656,167700
2004-08-04,83.79000091552734,84.0,83.70999908447266,83.73999786376953,46.118709564208984,103100
2004-08-05,83.9000015258789,84.06999969482422,83.9000015258789,83.98999786376953,46.25641632080078,130000
2004-08-06,85.05000305175781,85.19999694824219,84.86000061035156,85.13999938964844,46.88975524902344,235700
2004-08-09,85.0,85.04000091552734,84.8499984741211,84.86000061035156,46.735557556152344,96100
2004-08-10,84.97000122070312,85.04000091552734,84.48999786376953,84.51000213623047,46.54277420043945,151600
2004-08-11,84.55000305175781,84.80000305175781,84.5199966430664,84.80000305175781,46.702518463134766,174900
2004-08-12,84.69999694824219,84.95999908447266,84.5999984741211,84.91000366210938,46.76313781738281,80100
2004-08-13,85.19999694824219,85.29000091552734,85.05999755859375,85.05999755859375,46.84569549560547,78300
2004-08-16,85.02999877929688,85.04000091552734,84.79000091552734,84.97000122070312,46.7961540222168,304300
2004-08-17,85.04000091552734,85.37000274658203,85.01000213623047,85.37000274658203,47.016441345214844,66400
2004-08-18,85.5,85.55000305175781,85.04000091552734,85.08999633789062,46.862247467041016,79600
2004-08-19,85.11000061035156,85.31999969482422,85.0199966430664,85.30000305175781,46.977882385253906,61800
2004-08-20,85.2300033569336,85.33000183105469,85.12000274658203,85.12999725341797,46.88426971435547,36700
2004-08-23,84.91999816894531,84.95999908447266,84.80999755859375,84.83999633789062,46.72454833984375,73100
2004-08-24,84.75,84.93000030517578,84.69999694824219,84.91999816894531,46.76859664916992,94300
2004-08-25,84.9800033569336,85.16999816894531,84.93000030517578,84.93000030517578,46.77406311035156,88900
2004-08-26,85.13999938964844,85.30000305175781,85.01000213623047,85.30000305175781,46.977882385253906,98700
2004-08-27,85.27999877929688,85.4000015258789,85.18000030517578,85.19999694824219,46.922828674316406,62200
2004-08-30,85.36000061035156,85.54000091552734,85.29000091552734,85.5,47.088035583496094,41400
2004-08-31,85.58000183105469,85.98999786376953,85.5199966430664,85.87000274658203,47.291831970214844,127600
2004-09-01,85.69999694824219,85.75,85.3499984741211,85.58999633789062,47.28407287597656,209500
2004-09-02,85.58000183105469,85.58000183105469,85.12000274658203,85.12999725341797,47.02994918823242,107100
2004-09-03,84.9000015258789,84.95999908447266,84.66000366210938,84.9000015258789,46.902896881103516,211800
2004-09-07,84.83000183105469,84.97000122070312,84.7300033569336,84.94999694824219,46.93050003051758,53300
2004-09-08,84.80000305175781,85.47000122070312,84.73999786376953,85.44000244140625,47.201229095458984,142700
2004-09-09,85.48999786376953,85.66000366210938,85.25,85.29000091552734,47.11836242675781,105300
2004-09-10,85.58000183105469,85.6500015258789,85.43000030517578,85.45999908447266,47.212276458740234,150300
2004-09-13,85.5199966430664,85.69000244140625,85.44000244140625,85.66999816894531,47.32826232910156,90300
2004-09-14,85.62999725341797,85.77999877929688,85.4800033569336,85.69000244140625,47.33932113647461,119500
2004-09-15,85.6500015258789,85.68000030517578,85.5,85.5999984741211,47.28957748413086,66900
2004-09-16,85.6500015258789,86.18000030517578,85.6500015258789,86.06999969482422,47.549232482910156,249500
2004-09-17,86.0,86.12999725341797,85.7699966430664,85.7699966430664,47.38349533081055,142100
2004-09-20,86.01000213623047,86.29000091552734,86.01000213623047,86.26000213623047,47.654232025146484,181200
2004-09-21,86.16999816894531,86.4000015258789,85.95999908447266,86.31999969482422,47.68732452392578,81700
2004-09-22,86.25,86.70999908447266,86.22000122070312,86.66999816894531,47.88068771362305,93600
2004-09-23,86.72000122070312,86.75,86.31999969482422,86.37000274658203,47.714962005615234,246700
2004-09-24,86.29000091552734,86.37000274658203,86.11000061035156,86.36000061035156,47.70941925048828,93100
2004-09-27,86.52999877929688,86.63999938964844,86.44000244140625,86.5999984741211,47.84206008911133,201200
2004-09-28,86.5999984741211,86.69000244140625,86.37000274658203,86.51000213623047,47.792354583740234,202800
2004-09-29,86.16000366210938,86.18000030517578,85.94999694824219,85.97000122070312,47.49399948120117,226100
2004-09-30,85.69999694824219,85.9000015258789,85.5199966430664,85.87999725341797,47.44428253173828,175000
2004-10-01,85.3499984741211,85.38999938964844,85.12999725341797,85.27999877929688,47.25422668457031,270200
2004-10-04,85.01000213623047,85.3499984741211,85.0,85.30999755859375,47.27085494995117,278100
2004-10-05,85.30999755859375,85.4000015258789,85.20999908447266,85.30999755859375,47.27085494995117,220000
2004-10-06,85.2699966430664,85.2699966430664,84.97000122070312,85.02999877929688,47.115726470947266,137100
2004-10-07,85.01000213623047,85.05999755859375,84.83000183105469,84.87999725341797,47.032569885253906,130500
2004-10-08,85.58000183105469,85.68000030517578,85.48999786376953,85.5999984741211,47.43153762817383,123400
2004-10-11,85.55999755859375,85.75,85.55000305175781,85.73999786376953,47.50910186767578,48800
2004-10-12,85.8499984741211,85.87999725341797,85.7300033569336,85.73999786376953,47.50910186767578,142700
2004-10-13,85.66999816894531,86.05999755859375,85.61000061035156,86.05000305175781,47.6809196472168,130600
2004-10-14,86.06999969482422,86.4000015258789,85.98999786376953,86.3499984741211,47.84711456298828,81300
2004-10-15,86.20999908447266,86.2699966430664,85.79000091552734,86.05999755859375,47.686397552490234,195100
2004-10-18,86.1500015258789,86.20999908447266,85.94000244140625,86.19000244140625,47.75846862792969,207800
2004-10-19,85.87999725341797,86.25,85.8499984741211,86.16000366210938,47.7418098449707,65300
2004-10-20,86.44999694824219,86.55999755859375,86.33000183105469,86.55000305175781,47.95792770385742,110700
2004-10-21,86.45999908447266,86.75,86.43000030517578,86.43000030517578,47.89142608642578,156600
2004-10-22,86.43000030517578,86.66999816894531,86.31999969482422,86.66999816894531,48.02442932128906,64100
2004-10-25,86.80000305175781,86.87000274658203,86.69000244140625,86.7699966430664,48.0798454284668,172300
2004-10-26,86.75,86.80999755859375,86.58000183105469,86.62000274658203,47.996707916259766,37400
2004-10-27,86.72000122070312,86.80000305175781,86.01000213623047,86.08999633789062,47.70305252075195,126800
2004-10-28,85.94000244140625,86.31999969482422,85.86000061035156,86.22000122070312,47.77509689331055,49500
2004-10-29,86.20999908447266,86.47000122070312,86.0999984741211,86.47000122070312,47.9135856628418,341100
2004-11-01,86.05999755859375,86.1500015258789,85.73999786376953,85.77999877929688,47.67736053466797,128800
2004-11-02,85.80999755859375,86.0,85.70999908447266,85.98999786376953,47.79415512084961,191300
2004-11-03,85.5199966430664,86.0,85.44999694824219,85.95999908447266,47.77745819091797,139800
2004-11-04,86.0999984741211,86.16999816894531,85.87000274658203,85.91000366210938,47.749656677246094,435100
2004-11-05,85.30999755859375,85.37000274658203,85.08000183105469,85.2699966430664,47.393924713134766,886400
2004-11-08,85.16999816894531,85.19999694824219,85.02999877929688,85.1500015258789,47.327213287353516,300600
2004-11-09,85.16000366210938,85.26000213623047,85.0999984741211,85.16999816894531,47.33834457397461,95000
2004-11-10,85.08000183105469,85.19000244140625,84.80000305175781,85.0,47.243839263916016,118700
2004-11-11,85.19999694824219,85.19999694824219,84.9800033569336,84.9800033569336,47.23274230957031,94500
2004-11-12,85.16000366210938,85.41999816894531,85.05999755859375,85.30000305175781,47.41059494018555,154700
2004-11-15,85.30000305175781,85.4000015258789,85.19000244140625,85.33999633789062,47.432857513427734,144700
2004-11-16,85.22000122070312,85.2699966430664,85.1500015258789,85.25,47.38282012939453,125900
2004-11-17,85.25,85.73999786376953,85.22000122070312,85.69999694824219,47.6329231262207,199600
2004-11-18,85.58000183105469,85.81999969482422,85.56999969482422,85.7699966430664,47.67180633544922,110100
2004-11-19,85.69999694824219,85.75,85.16000366210938,85.30000305175781,47.41059494018555,2162100
2004-11-22,85.25,85.43000030517578,85.23999786376953,85.36000061035156,47.44394302368164,168100
2004-11-23,85.2699966430664,85.58999633789062,85.20999908447266,85.27999877929688,47.399497985839844,183600
2004-11-24,85.33999633789062,85.4000015258789,85.25,85.4000015258789,47.46619415283203,51900
2004-11-26,85.05000305175781,85.12999725341797,85.0199966430664,85.08999633789062,47.29389953613281,62600
2004-11-29,84.73999786376953,84.77999877929688,84.51000213623047,84.58000183105469,47.01041030883789,455700
2004-11-30,84.47000122070312,84.62000274658203,84.4000015258789,84.5,46.965946197509766,182100
2004-12-01,84.45999908447266,84.45999908447266,84.0999984741211,84.20999908447266,46.95035934448242,257600
2004-12-02,84.04000091552734,84.16999816894531,83.87999725341797,84.0199966430664,46.844398498535156,886300
2004-12-03,84.83000183105469,85.08000183105469,84.75,84.86000061035156,47.31275177001953,224100
2004-12-06,84.9800033569336,85.11000061035156,84.87999725341797,85.0199966430664,47.40193557739258,325500
2004-12-07,84.94999694824219,85.05999755859375,84.8499984741211,85.01000213623047,47.39640426635742,1053000
2004-12-08,85.19999694824219,85.66000366210938,85.19999694824219,85.63999938964844,47.74761962890625,158500
2004-12-09,85.58000183105469,85.79000091552734,85.37000274658203,85.44000244140625,47.6361198425293,169400
2004-12-10,85.58000183105469,85.69999694824219,85.4800033569336,85.56999969482422,47.70858383178711,191900
2004-12-13,85.5,85.77999877929688,85.47000122070312,85.62999725341797,47.74203872680664,141800
2004-12-14,85.5,85.80999755859375,85.41000366210938,85.77999877929688,47.825645446777344,190900
2004-12-15,85.94999694824219,86.08999633789062,85.87999725341797,86.08999633789062,47.99850845336914,95000
2004-12-16,85.91999816894531,85.91999816894531,85.43000030517578,85.43000030517578,47.63055419921875,478500
2004-12-17,85.19999694824219,85.5,85.19999694824219,85.31999969482422,47.569190979003906,163600
2004-12-20,85.5199966430664,85.5199966430664,85.33000183105469,85.41999816894531,47.624969482421875,62900
2004-12-21,85.43000030517578,85.56999969482422,85.30999755859375,85.54000091552734,47.69186782836914,168400
2004-12-22,85.58000183105469,85.58000183105469,85.30999755859375,85.44999694824219,47.641685485839844,465100
2004-12-23,85.41000366210938,85.44000244140625,85.30000305175781,85.33999633789062,47.58037185668945,66400
2004-12-27,85.0999984741211,85.16000366210938,84.83000183105469,84.9800033569336,47.37965774536133,165200
2004-12-28,84.94000244140625,85.01000213623047,84.66999816894531,84.97000122070312,47.37407684326172,366800
2004-12-29,85.05000305175781,85.05000305175781,84.73999786376953,84.80000305175781,47.27931213378906,127800
2004-12-30,84.91000366210938,85.18000030517578,84.81999969482422,85.12000274658203,47.45768356323242,135000
2004-12-31,84.9800033569336,85.16999816894531,84.94999694824219,84.94999694824219,47.5141716003418,151300
2005-01-03,84.91999816894531,85.16000366210938,84.83000183105469,85.12000274658203,47.609256744384766,323400
2005-01-04,85.12000274658203,85.12000274658203,84.58000183105469,84.58999633789062,47.31280517578125,1181000
2005-01-05,84.68000030517578,84.87000274658203,84.61000061035156,84.7300033569336,47.3911247253418,369000
2005-01-06,84.63999938964844,84.9000015258789,84.63999938964844,84.80999755859375,47.43588638305664,389100
2005-01-07,84.94000244140625,85.0,84.69999694824219,84.73999786376953,47.39670944213867,182400
2005-01-10,84.80999755859375,84.83999633789062,84.63999938964844,84.7300033569336,47.3911247253418,226300
2005-01-11,84.80000305175781,84.94999694824219,84.72000122070312,84.9000015258789,47.48622131347656,483900
2005-01-12,84.87000274658203,85.08999633789062,84.80000305175781,85.02999877929688,47.55896759033203,100600
2005-01-13,85.12000274658203,85.38999938964844,84.97000122070312,85.37000274658203,47.74909591674805,101600
2005-01-14,85.16999816894531,85.44000244140625,85.0999984741211,85.31999969482422,47.72112274169922,510300
2005-01-18,85.13999938964844,85.31999969482422,85.02999877929688,85.29000091552734,47.70436096191406,215100
2005-01-19,85.30000305175781,85.37000274658203,85.16000366210938,85.33999633789062,47.73232650756836,95500
2005-01-20,85.27999877929688,85.5,85.22000122070312,85.48999786376953,47.816253662109375,151800
2005-01-21,85.44999694824219,85.66999816894531,85.38999938964844,85.66000366210938,47.911312103271484,324700
2005-01-24,85.66000366210938,85.7300033569336,85.5199966430664,85.6500015258789,47.905696868896484,217000
2005-01-25,85.5999984741211,85.66000366210938,85.26000213623047,85.33000183105469,47.72671890258789,270900
2005-01-26,85.38999938964844,85.47000122070312,85.30000305175781,85.3499984741211,47.73788833618164,674400
2005-01-27,85.20999908447266,85.22000122070312,85.13999938964844,85.22000122070312,47.66522216796875,60300
2005-01-28,85.44000244140625,85.68000030517578,85.44000244140625,85.66000366210938,47.911312103271484,103200
2005-01-31,85.58999633789062,85.69999694824219,85.47000122070312,85.69000244140625,47.928131103515625,74900
2005-02-01,85.41999816894531,85.48999786376953,85.29000091552734,85.37000274658203,47.894962310791016,115300
2005-02-02,85.41000366210938,85.41999816894531,85.22000122070312,85.37999725341797,47.90055465698242,220900
2005-02-03,85.05999755859375,85.23999786376953,85.05999755859375,85.23999786376953,47.82206726074219,65000
2005-02-04,85.5999984741211,85.9000015258789,85.5999984741211,85.68000030517578,48.06892395019531,414100
2005-02-07,85.7300033569336,85.87999725341797,85.66000366210938,85.8499984741211,48.16429901123047,149600
2005-02-08,85.83000183105469,86.04000091552734,85.72000122070312,85.93000030517578,48.20917892456055,120800
2005-02-09,85.91000366210938,86.3499984741211,85.91000366210938,86.3499984741211,48.44477844238281,325200
2005-02-10,86.16999816894531,86.19000244140625,85.80999755859375,85.80999755859375,48.141822814941406,175800
2005-02-11,85.7699966430664,85.87000274658203,85.63999938964844,85.69999694824219,48.08012390136719,176400
2005-02-14,85.66999816894531,85.87000274658203,85.61000061035156,85.80999755859375,48.141822814941406,129200
2005-02-15,85.69999694824219,85.80000305175781,85.62000274658203,85.68000030517578,48.06892395019531,130000
2005-02-16,85.62999725341797,85.69999694824219,85.29000091552734,85.37000274658203,47.894962310791016,64900
2005-02-17,85.16000366210938,85.31999969482422,85.12000274658203,85.18000030517578,47.788421630859375,128000
2005-02-18,84.80000305175781,84.94999694824219,84.66999816894531,84.75,47.547142028808594,243900
2005-02-22,84.80000305175781,84.87000274658203,84.68000030517578,84.76000213623047,47.552764892578125,104700
2005-02-23,85.02999877929688,85.05000305175781,84.66000366210938,84.83000183105469,47.592018127441406,258300
2005-02-24,85.01000213623047,85.01000213623047,84.6500015258789,84.69000244140625,47.51349639892578,142500
2005-02-25,84.75,84.87999725341797,84.62999725341797,84.80999755859375,47.58079528808594,425500
2005-02-28,84.6500015258789,84.77999877929688,84.1500015258789,84.26000213623047,47.272254943847656,397900
2005-03-01,83.9800033569336,84.12999725341797,83.88999938964844,84.02999877929688,47.2728157043457,300500
2005-03-02,83.97000122070312,84.11000061035156,83.93000030517578,84.0199966430664,47.26719284057617,149600
2005-03-03,84.12999725341797,84.18000030517578,83.94000244140625,83.97000122070312,47.239044189453125,598500
2005-03-04,84.23999786376953,84.44999694824219,84.19999694824219,84.3499984741211,47.45283889770508,179400
2005-03-07,84.38999938964844,84.5,84.36000061035156,84.37000274658203,47.46412658691406,163100
2005-03-08,84.1500015258789,84.16000366210938,83.94000244140625,83.97000122070312,47.239044189453125,696200
2005-03-09,83.69999694824219,83.69999694824219,83.25,83.33000183105469,46.8790168762207,262300
2005-03-10,83.4000015258789,83.6500015258789,83.20999908447266,83.4800033569336,46.96339416503906,262300
2005-03-11,83.33999633789062,83.4000015258789,83.11000061035156,83.12999725341797,46.766510009765625,203400
2005-03-14,83.04000091552734,83.33000183105469,83.0199966430664,83.33000183105469,46.8790168762207,192300
2005-03-15,83.48999786376953,83.48999786376953,83.06999969482422,83.16999816894531,46.78901290893555,99600
2005-03-16,83.3499984741211,83.68000030517578,83.27999877929688,83.36000061035156,46.895904541015625,223700
2005-03-17,83.69000244140625,83.80000305175781,83.55000305175781,83.68000030517578,47.07589340209961,342100
2005-03-18,83.5199966430664,83.54000091552734,83.37999725341797,83.47000122070312,46.957759857177734,200300
2005-03-21,83.41999816894531,83.44999694824219,83.33000183105469,83.37000274658203,46.901519775390625,448200
2005-03-22,83.58000183105469,83.66000366210938,82.76000213623047,82.76000213623047,46.558380126953125,302800
2005-03-23,82.58000183105469,83.0199966430664,82.58000183105469,82.94999694824219,46.66525650024414,355900
2005-03-24,82.98999786376953,83.0999984741211,82.91999816894531,83.0199966430664,46.7046012878418,132000
2005-03-28,82.81999969482422,82.8499984741211,82.69999694824219,82.75,46.552696228027344,68500
2005-03-29,82.91000366210938,83.0999984741211,82.91000366210938,83.08999633789062,46.74398422241211,349300
2005-03-30,83.04000091552734,83.29000091552734,83.0199966430664,83.27999877929688,46.85087966918945,244500
2005-03-31,83.62000274658203,83.69000244140625,83.45999908447266,83.69000244140625,47.081539154052734,675000
2005-04-01,83.69000244140625,83.7300033569336,83.08000183105469,83.58000183105469,47.17692184448242,367200
2005-04-04,83.48999786376953,83.79000091552734,83.47000122070312,83.54000091552734,47.154335021972656,135900
2005-04-05,83.55000305175781,83.6500015258789,83.44000244140625,83.55000305175781,47.159976959228516,75100
2005-04-06,83.7300033569336,83.80000305175781,83.69000244140625,83.80000305175781,47.30107116699219,51200
2005-04-07,83.83000183105469,84.0,83.45999908447266,83.4800033569336,47.12047576904297,196500
2005-04-08,83.44999694824219,83.58000183105469,83.30999755859375,83.56999969482422,47.17127990722656,86300
2005-04-11,83.55000305175781,83.81999969482422,83.48999786376953,83.81999969482422,47.31242370605469,41900
2005-04-12,83.69999694824219,84.2699966430664,83.62999725341797,84.26000213623047,47.56074905395508,146100
2005-04-13,84.37000274658203,84.43000030517578,84.0999984741211,84.30000305175781,47.583351135253906,171500
2005-04-14,84.37999725341797,84.5199966430664,84.25,84.5199966430664,47.707523345947266,194700
2005-04-15,84.72000122070312,85.06999969482422,84.51000213623047,85.06999969482422,48.01795196533203,177900
2005-04-18,85.12999725341797,85.16000366210938,84.87000274658203,84.88999938964844,47.91633605957031,326100
2005-04-19,84.95999908447266,85.37999725341797,84.94000244140625,85.37999725341797,48.19293212890625,107600
2005-04-20,84.87999725341797,85.37999725341797,84.87999725341797,85.33000183105469,48.16471481323242,229300
2005-04-21,85.0,85.16999816894531,84.70999908447266,84.72000122070312,47.820438385009766,565200
2005-04-22,85.01000213623047,85.13999938964844,84.87999725341797,85.08000183105469,48.023597717285156,74800
2005-04-25,85.06999969482422,85.12000274658203,85.0,85.08000183105469,48.023597717285156,79100
2005-04-26,85.19000244140625,85.19999694824219,84.86000061035156,85.04000091552734,48.001014709472656,119600
2005-04-27,85.27999877929688,85.44999694824219,85.18000030517578,85.30000305175781,48.147769927978516,123700
2005-04-28,85.43000030517578,85.81999969482422,85.37000274658203,85.81999969482422,48.44132995605469,103300
2005-04-29,85.5999984741211,85.87999725341797,85.4800033569336,85.51000213623047,48.26632308959961,174200
2005-05-02,85.30999755859375,85.37999725341797,85.12999725341797,85.33000183105469,48.3155632019043,141400
2005-05-03,85.38999938964844,85.51000213623047,85.18000030517578,85.44000244140625,48.37784957885742,259200
2005-05-04,85.25,85.5,85.19999694824219,85.41999816894531,48.36654281616211,114500
2005-05-05,85.5199966430664,85.80000305175781,85.36000061035156,85.69000244140625,48.51943588256836,108000
2005-05-06,85.18000030517578,85.27999877929688,84.98999786376953,85.08000183105469,48.17402267456055,591000
2005-05-09,85.02999877929688,85.08999633789062,84.94999694824219,85.06999969482422,48.168373107910156,32900
2005-05-10,85.16999816894531,85.38999938964844,85.16000366210938,85.37000274658203,48.33823776245117,101300
2005-05-11,85.52999877929688,85.69999694824219,85.41999816894531,85.4800033569336,48.40049743652344,408600
2005-05-12,85.30000305175781,85.62000274658203,85.19999694824219,85.55999755859375,48.44580078125,546800
2005-05-13,85.76000213623047,85.9000015258789,85.62999725341797,85.77999877929688,48.57037353515625,214400
2005-05-16,85.9000015258789,85.91999816894531,85.75,85.79000091552734,48.576045989990234,111900
2005-05-17,85.93000030517578,86.01000213623047,85.87000274658203,85.9000015258789,48.63831329345703,112800
2005-05-18,86.2300033569336,86.30000305175781,86.05999755859375,86.18000030517578,48.796905517578125,93000
2005-05-19,86.13999938964844,86.2300033569336,85.91999816894531,85.91999816894531,48.64961242675781,116200
2005-05-20,85.91999816894531,85.97000122070312,85.83000183105469,85.91000366210938,48.644012451171875,70400
2005-05-23,86.05000305175781,86.37000274658203,86.0199966430664,86.30000305175781,48.86482620239258,163800
2005-05-24,86.52999877929688,86.58000183105469,86.31999969482422,86.52999877929688,48.995052337646484,188900
2005-05-25,86.69999694824219,86.69999694824219,86.20999908447266,86.22000122070312,48.81954574584961,150000
2005-05-26,86.22000122070312,86.43000030517578,86.16999816894531,86.2699966430664,48.84784698486328,181400
2005-05-27,86.33999633789062,86.41999816894531,86.22000122070312,86.36000061035156,48.8987922668457,69600
2005-05-31,86.61000061035156,86.80999755859375,86.61000061035156,86.80999755859375,49.153587341308594,122600
2005-06-01,86.70999908447266,87.12999725341797,86.6500015258789,87.08000183105469,49.4568977355957,781400
2005-06-02,87.01000213623047,87.18000030517578,86.95999908447266,87.05000305175781,49.439842224121094,154500
2005-06-03,87.4800033569336,87.48999786376953,86.55000305175781,86.55000305175781,49.15585708618164,245300
2005-06-06,86.62000274658203,86.83999633789062,86.52999877929688,86.77999877929688,49.28650665283203,311700
2005-06-07,87.0199966430664,87.0999984741211,86.77999877929688,87.02999877929688,49.42845153808594,111200
2005-06-08,87.01000213623047,87.02999877929688,86.83999633789062,86.87000274658203,49.33758544921875,104600
2005-06-09,86.66000366210938,86.8499984741211,86.45999908447266,86.81999969482422,49.3091926574707,783400
2005-06-10,86.55000305175781,86.55000305175781,86.26000213623047,86.2699966430664,48.99684524536133,200900
2005-06-13,86.12999725341797,86.16999816894531,85.97000122070312,86.04000091552734,48.86620330810547,276400
2005-06-14,86.02999877929688,86.02999877929688,85.80999755859375,85.94000244140625,48.80944061279297,301500
2005-06-15,85.80000305175781,85.91000366210938,85.69999694824219,85.91000366210938,48.79240036010742,116700
2005-06-16,85.87000274658203,86.19000244140625,85.7699966430664,86.18000030517578,48.94575500488281,215700
2005-06-17,86.02999877929688,86.18000030517578,85.94000244140625,86.08000183105469,48.8889045715332,149000
2005-06-20,85.81999969482422,85.94999694824219,85.73999786376953,85.94999694824219,48.815101623535156,178800
2005-06-21,86.05000305175781,86.25,85.98999786376953,86.22000122070312,48.96846008300781,217900
2005-06-22,86.62999725341797,86.94999694824219,86.44999694824219,86.87000274658203,49.33758544921875,487300
2005-06-23,86.75,86.81999969482422,86.62000274658203,86.77999877929688,49.28650665283203,169200
2005-06-24,86.98999786376953,87.05000305175781,86.88999938964844,86.98999786376953,49.405784606933594,67500
2005-06-27,87.05999755859375,87.13999938964844,86.9800033569336,87.05999755859375,49.445518493652344,880800
2005-06-28,86.94999694824219,86.94999694824219,86.66000366210938,86.69000244140625,49.23538589477539,168000
2005-06-29,86.91999816894531,86.91999816894531,86.52999877929688,86.66000366210938,49.218353271484375,350300
2005-06-30,86.66000366210938,87.0,86.5999984741211,86.95999908447266,49.38871383666992,299500
2005-07-01,86.48999786376953,86.54000091552734,85.83999633789062,85.94999694824219,48.963741302490234,270000
2005-07-05,85.69000244140625,85.83000183105469,85.55999755859375,85.5999984741211,48.76436233520508,142200
2005-07-06,85.7300033569336,85.81999969482422,85.62999725341797,85.77999877929688,48.866912841796875,299700
2005-07-07,86.16999816894531,86.20999908447266,85.95999908447266,85.9800033569336,48.98084259033203,209900
2005-07-08,86.05999755859375,86.05999755859375,85.55000305175781,85.66999816894531,48.80423355102539,157300
2005-07-11,85.43000030517578,85.66999816894531,85.3499984741211,85.62999725341797,48.78147506713867,171300
2005-07-12,85.5,85.58999633789062,85.4000015258789,85.41000366210938,48.656131744384766,123700
2005-07-13,85.41000366210938,85.43000030517578,85.27999877929688,85.33000183105469,48.610557556152344,108300
2005-07-14,85.37999725341797,85.4000015258789,85.1500015258789,85.22000122070312,48.54787826538086,236000
2005-07-15,85.16000366210938,85.30000305175781,85.13999938964844,85.23999786376953,48.559261322021484,318800
2005-07-18,85.20999908447266,85.29000091552734,85.02999877929688,85.0999984741211,48.47951126098633,182700
2005-07-19,85.12000274658203,85.31999969482422,85.05999755859375,85.22000122070312,48.54787826538086,156600
2005-07-20,85.23999786376953,85.47000122070312,84.93000030517578,85.37999725341797,48.63903045654297,341100
2005-07-21,85.06999969482422,85.08999633789062,84.7300033569336,84.75,48.28009796142578,509200
2005-07-22,85.0,85.19999694824219,84.9000015258789,85.1500015258789,48.50798416137695,368100
2005-07-25,85.08000183105469,85.20999908447266,84.95999908447266,85.0,48.42252731323242,125600
2005-07-26,85.0199966430664,85.0999984741211,85.0,85.05999755859375,48.45674514770508,90800
2005-07-27,84.9000015258789,85.0,84.86000061035156,84.94000244140625,48.388370513916016,64600
2005-07-28,85.01000213623047,85.33999633789062,85.01000213623047,85.30999755859375,48.599178314208984,142900
2005-07-29,85.06999969482422,85.13999938964844,84.75,84.80000305175781,48.308616638183594,205800
2005-08-01,84.45999908447266,84.45999908447266,84.19999694824219,84.36000061035156,48.21206283569336,109700
2005-08-02,84.3499984741211,84.4800033569336,84.26000213623047,84.27999877929688,48.16631317138672,337600
2005-08-03,84.41000366210938,84.55000305175781,84.37000274658203,84.48999786376953,48.28632354736328,129600
2005-08-04,84.5,84.58999633789062,84.33999633789062,84.43000030517578,48.25202178955078,179300
2005-08-05,84.08000183105469,84.08000183105469,83.91000366210938,83.9800033569336,47.99486541748047,160100
2005-08-08,83.94999694824219,84.0,83.75,83.76000213623047,47.869144439697266,146800
2005-08-09,83.80999755859375,84.0,83.70999908447266,84.0,48.006290435791016,293300
2005-08-10,84.11000061035156,84.13999938964844,83.87000274658203,83.95999908447266,47.9834098815918,91900
2005-08-11,84.06999969482422,84.33999633789062,83.95999908447266,84.31999969482422,48.18916702270508,278200
2005-08-12,84.37000274658203,84.7699966430664,84.33000183105469,84.66000366210938,48.38349914550781,130600
2005-08-15,84.69000244140625,84.69000244140625,84.54000091552734,84.55000305175781,48.32064437866211,147200
2005-08-16,84.80999755859375,84.97000122070312,84.77999877929688,84.94999694824219,48.549224853515625,214800
2005-08-17,84.80000305175781,84.87000274658203,84.54000091552734,84.62000274658203,48.360618591308594,138400
2005-08-18,84.80000305175781,85.08000183105469,84.7699966430664,85.06999969482422,48.6177978515625,247800
2005-08-19,84.86000061035156,85.05999755859375,84.83000183105469,85.0199966430664,48.5892219543457,76000
2005-08-22,84.91000366210938,85.1500015258789,84.76000213623047,85.08999633789062,48.629234313964844,1267300
2005-08-23,85.0999984741211,85.30000305175781,85.02999877929688,85.25,48.720619201660156,90400
2005-08-24,85.36000061035156,85.37999725341797,85.1500015258789,85.29000091552734,48.7435302734375,80500
2005-08-25,85.30000305175781,85.4000015258789,85.19999694824219,85.33999633789062,48.772090911865234,202000
2005-08-26,85.38999938964844,85.43000030517578,85.11000061035156,85.19999694824219,48.692115783691406,100500
2005-08-29,85.37000274658203,85.37999725341797,85.16000366210938,85.26000213623047,48.72636032104492,176500
2005-08-30,85.43000030517578,85.79000091552734,85.3499984741211,85.66000366210938,48.955013275146484,168900
2005-08-31,85.86000061035156,86.25,85.8499984741211,86.22000122070312,49.275001525878906,290100
2005-09-01,85.9000015258789,86.19999694824219,85.8499984741211,86.02999877929688,49.32316589355469,242800
2005-09-02,85.97000122070312,86.16000366210938,85.91000366210938,86.05000305175781,49.33467102050781,71800
2005-09-06,86.02999877929688,86.04000091552734,85.69999694824219,85.77999877929688,49.17985534667969,142800
2005-09-07,85.66999816894531,85.69000244140625,85.38999938964844,85.5,49.019309997558594,125000
2005-09-08,85.62999725341797,85.6500015258789,85.44999694824219,85.5,49.019309997558594,264600
2005-09-09,85.63999938964844,85.73999786376953,85.5,85.56999969482422,49.05945587158203,79400
2005-09-12,85.37999725341797,85.4000015258789,85.1500015258789,85.30000305175781,48.904640197753906,103600
2005-09-13,85.48999786376953,85.6500015258789,85.4800033569336,85.55999755859375,49.05373764038086,120800
2005-09-14,85.58999633789062,85.62000274658203,85.33000183105469,85.37999725341797,48.95052719116211,108000
2005-09-15,85.41000366210938,85.41000366210938,85.0199966430664,85.12000274658203,48.80147933959961,97600
2005-09-16,85.01000213623047,85.05000305175781,84.7300033569336,84.79000091552734,48.61225891113281,224800
2005-09-19,84.80999755859375,85.01000213623047,84.73999786376953,84.95999908447266,48.70969009399414,203400
2005-09-20,84.93000030517578,84.98999786376953,84.6500015258789,84.88999938964844,48.66961669921875,124000
2005-09-21,85.25,85.33999633789062,85.19000244140625,85.27999877929688,48.89318084716797,101500
2005-09-22,85.33000183105469,85.37999725341797,85.22000122070312,85.33999633789062,48.92758560180664,124700
2005-09-23,85.19000244140625,85.19000244140625,84.87000274658203,84.87000274658203,48.658119201660156,101200
2005-09-26,84.62000274658203,84.75,84.55999755859375,84.6500015258789,48.53199005126953,69300
2005-09-27,84.70999908447266,84.8499984741211,84.48999786376953,84.69999694824219,48.560707092285156,93400
2005-09-28,84.63999938964844,84.91999816894531,84.58000183105469,84.87000274658203,48.658119201660156,71000
2005-09-29,84.72000122070312,84.73999786376953,84.61000061035156,84.68000030517578,48.54921340942383,116200
2005-09-30,84.68000030517578,84.7300033569336,84.38999938964844,84.44000244140625,48.411624908447266,145900
2005-10-03,84.16000366210938,84.16000366210938,83.80000305175781,83.83999633789062,48.225807189941406,138400
2005-10-04,84.0,84.05999755859375,83.83999633789062,83.87999725341797,48.24882125854492,151200
2005-10-05,84.04000091552734,84.16999816894531,83.94000244140625,84.08000183105469,48.36385726928711,130300
2005-10-06,84.05000305175781,84.11000061035156,83.91999816894531,83.97000122070312,48.30059051513672,218100
2005-10-07,83.76000213623047,84.16000366210938,83.72000122070312,84.08000183105469,48.36385726928711,59900
2005-10-10,84.30000305175781,84.33999633789062,84.0,84.0999984741211,48.37534713745117,42900
2005-10-11,84.04000091552734,84.06999969482422,83.83000183105469,83.94000244140625,48.283355712890625,105800
2005-10-12,83.91999816894531,83.93000030517578,83.55999755859375,83.62000274658203,48.09922790527344,139500
2005-10-13,83.45999908447266,83.55000305175781,83.3499984741211,83.48999786376953,48.02444839477539,303100
2005-10-14,83.66999816894531,83.69000244140625,83.25,83.48999786376953,48.02444839477539,134300
2005-10-17,83.4800033569336,83.58999633789062,83.33999633789062,83.38999938964844,47.96698760986328,153000
2005-10-18,83.4800033569336,83.52999877929688,83.4000015258789,83.51000213623047,48.03599548339844,81700
2005-10-19,83.69999694824219,83.7699966430664,83.55999755859375,83.61000061035156,48.09348678588867,68100
2005-10-20,83.5,83.69000244140625,83.41999816894531,83.66000366210938,48.12226104736328,111500
2005-10-21,83.73999786376953,84.08000183105469,83.7300033569336,84.02999877929688,48.33510208129883,92500
2005-10-24,83.94999694824219,83.97000122070312,83.58000183105469,83.66999816894531,48.127994537353516,343300
2005-10-25,83.7300033569336,83.80999755859375,83.18000030517578,83.27999877929688,47.9036865234375,190500
2005-10-26,83.05999755859375,83.11000061035156,82.87999725341797,82.95999908447266,47.719661712646484,148700
2005-10-27,83.12000274658203,83.2300033569336,82.95999908447266,83.1500015258789,47.82890701293945,245800
2005-10-28,83.19999694824219,83.25,82.87999725341797,83.05999755859375,47.77715301513672,784300
2005-10-31,83.05999755859375,83.26000213623047,83.05000305175781,83.12000274658203,47.811668395996094,123300
2005-11-01,82.9000015258789,82.91000366210938,82.68000030517578,82.77999877929688,47.78166580200195,144000
2005-11-02,82.6500015258789,82.83999633789062,82.55000305175781,82.61000061035156,47.68350601196289,85800
2005-11-03,82.69000244140625,82.69000244140625,82.30000305175781,82.31999969482422,47.51612091064453,201600
2005-11-04,82.38999938964844,82.5,82.1500015258789,82.27999877929688,47.4930534362793,156200
2005-11-07,82.4800033569336,82.5,82.31999969482422,82.43000030517578,47.5796012878418,132400
2005-11-08,82.69999694824219,82.88999938964844,82.69999694824219,82.83999633789062,47.81627655029297,71200
2005-11-09,82.6500015258789,82.73999786376953,82.37999725341797,82.4000015258789,47.56230926513672,124300
2005-11-10,82.5999984741211,82.88999938964844,82.55000305175781,82.87000274658203,47.83357238769531,102700
2005-11-11,83.0,83.0199966430664,82.80000305175781,82.97000122070312,47.891292572021484,72600
2005-11-14,82.83000183105469,82.87000274658203,82.45999908447266,82.5999984741211,47.677772521972656,199700
2005-11-15,82.5999984741211,82.91000366210938,82.5999984741211,82.87999725341797,47.8393669128418,194100
2005-11-16,83.0,83.33000183105469,83.0,83.30000305175781,48.08180236816406,102500
2005-11-17,83.2300033569336,83.5999984741211,83.16999816894531,83.45999908447266,48.17413330078125,99900
2005-11-18,83.26000213623047,83.41000366210938,83.20999908447266,83.26000213623047,48.058692932128906,100000
2005-11-21,83.41999816894531,83.55000305175781,83.33000183105469,83.41999816894531,48.151058197021484,274600
2005-11-22,83.4800033569336,83.75,83.41000366210938,83.70999908447266,48.31840133666992,186700
2005-11-23,83.68000030517578,83.75,83.4000015258789,83.48999786376953,48.19142150878906,177200
2005-11-25,83.62999725341797,83.73999786376953,83.58999633789062,83.73999786376953,48.335792541503906,31400
2005-11-28,83.72000122070312,83.93000030517578,83.69999694824219,83.8499984741211,48.39925003051758,158300
2005-11-29,83.83999633789062,83.83999633789062,83.37999725341797,83.38999938964844,48.13373565673828,86300
2005-11-30,83.54000091552734,83.54000091552734,83.23999786376953,83.3499984741211,48.110660552978516,46100
2005-12-01,83.0999984741211,83.23999786376953,82.75,82.87999725341797,48.00235366821289,321100
2005-12-02,82.88999938964844,82.97000122070312,82.80000305175781,82.94999694824219,48.04291534423828,343200
2005-12-05,82.83999633789062,82.83999633789062,82.5999984741211,82.69999694824219,47.8980712890625,305700
2005-12-06,82.80999755859375,83.16999816894531,82.80999755859375,83.08999633789062,48.12395477294922,1021700
2005-12-07,83.0999984741211,83.13999938964844,82.91999816894531,83.04000091552734,48.095027923583984,73000
2005-12-08,83.1500015258789,83.43000030517578,83.0999984741211,83.4000015258789,48.30351257324219,70600
2005-12-09,83.16999816894531,83.23999786376953,82.94000244140625,83.02999877929688,48.089210510253906,66100
2005-12-12,83.0999984741211,83.0999984741211,82.80000305175781,82.83999633789062,47.979190826416016,592500
2005-12-13,83.05000305175781,83.0999984741211,82.9000015258789,83.04000091552734,48.095027923583984,210700
2005-12-14,83.37000274658203,83.5999984741211,83.29000091552734,83.55999755859375,48.39616012573242,83300
2005-12-15,83.43000030517578,83.47000122070312,83.18000030517578,83.44999694824219,48.33245849609375,116500
2005-12-16,83.69999694824219,83.72000122070312,83.4800033569336,83.5999984741211,48.419315338134766,420400
2005-12-19,83.5,83.69999694824219,83.44000244140625,83.6500015258789,48.44831085205078,143600
2005-12-20,83.51000213623047,83.56999969482422,83.4000015258789,83.51000213623047,48.367244720458984,103600
2005-12-21,83.41000366210938,83.45999908447266,83.3499984741211,83.4000015258789,48.30351257324219,143700
2005-12-22,83.5199966430664,83.7699966430664,83.5199966430664,83.7300033569336,48.49466323852539,124500
2005-12-23,83.69000244140625,84.12000274658203,83.61000061035156,83.93000030517578,48.61052322387695,84100
2005-12-27,83.93000030517578,84.33000183105469,83.91000366210938,84.33000183105469,48.842124938964844,178300
2005-12-28,83.95999908447266,84.02999877929688,83.75,83.77999877929688,48.69221496582031,558000
2005-12-29,83.91999816894531,83.93000030517578,83.68000030517578,83.87999725341797,48.75031661987305,159100
2005-12-30,84.02999877929688,84.08999633789062,83.75,83.91000366210938,48.76776885986328,166900
2006-01-03,83.69000244140625,84.02999877929688,83.62000274658203,83.9000015258789,48.761966705322266,299500
2006-01-04,83.91000366210938,84.12000274658203,83.80999755859375,84.05000305175781,48.84913635253906,112300
2006-01-05,84.04000091552734,84.11000061035156,83.93000030517578,84.06999969482422,48.86073684692383,159700
2006-01-06,84.0199966430664,84.05000305175781,83.86000061035156,83.95999908447266,48.79683303833008,179100
2006-01-09,83.91999816894531,84.0,83.80999755859375,84.0,48.8200569152832,78600
2006-01-10,83.81999969482422,83.87999725341797,83.61000061035156,83.66000366210938,48.622459411621094,140500
2006-01-11,83.77999877929688,83.77999877929688,83.43000030517578,83.44999694824219,48.500431060791016,384300
2006-01-12,83.62999725341797,83.79000091552734,83.52999877929688,83.75,48.67475891113281,97800
2006-01-13,83.9000015258789,84.16000366210938,83.81999969482422,84.12000274658203,48.889835357666016,96200
2006-01-17,84.05999755859375,84.2699966430664,84.0199966430664,84.22000122070312,48.94791030883789,166600
2006-01-18,84.31999969482422,84.33999633789062,84.11000061035156,84.25,48.96539306640625,125900
2006-01-19,84.04000091552734,84.16999816894531,83.94999694824219,84.04000091552734,48.84332275390625,108600
2006-01-20,84.1500015258789,84.18000030517578,83.97000122070312,84.18000030517578,48.92464828491211,98000
2006-01-23,83.93000030517578,84.22000122070312,83.88999938964844,84.16000366210938,48.9130973815918,79100
2006-01-24,84.0199966430664,84.11000061035156,83.91000366210938,84.0199966430664,48.83169937133789,66200
2006-01-25,83.87000274658203,83.87000274658203,83.47000122070312,83.5,48.52947998046875,95500
2006-01-26,83.37999725341797,83.41999816894531,83.19999694824219,83.31999969482422,48.42483901977539,77100
2006-01-27,83.5199966430664,83.5199966430664,83.1500015258789,83.37999725341797,48.459720611572266,114600
2006-01-30,83.27999877929688,83.31999969482422,83.12999725341797,83.19999694824219,48.35508728027344,125400
2006-01-31,83.29000091552734,83.38999938964844,83.11000061035156,83.31999969482422,48.42483901977539,255700
2006-02-01,83.0,83.05000305175781,82.76000213623047,82.80000305175781,48.2756233215332,474200
2006-02-02,82.86000061035156,82.9800033569336,82.77999877929688,82.80000305175781,48.2756233215332,94800
2006-02-03,82.68000030517578,83.08999633789062,82.56999969482422,83.05000305175781,48.42136764526367,283800
2006-02-06,83.0,83.02999877929688,82.91999816894531,82.93000030517578,48.351402282714844,53300
2006-02-07,83.05000305175781,83.05999755859375,82.79000091552734,82.83000183105469,48.293121337890625,228800
2006-02-08,82.94999694824219,82.95999908447266,82.69999694824219,82.77999877929688,48.263938903808594,62000
2006-02-09,82.80000305175781,82.94999694824219,82.66999816894531,82.86000061035156,48.31056594848633,96600
2006-02-10,83.05000305175781,83.06999969482422,82.52999877929688,82.62000274658203,48.17066192626953,102900
2006-02-13,82.69999694824219,82.69999694824219,82.56999969482422,82.62000274658203,48.17066192626953,66000
2006-02-14,82.52999877929688,82.62000274658203,82.41000366210938,82.5,48.100685119628906,77100
2006-02-15,82.69999694824219,82.73999786376953,82.45999908447266,82.6500015258789,48.18815994262695,75200
2006-02-16,82.68000030517578,82.68000030517578,82.51000213623047,82.61000061035156,48.16482162475586,248200
2006-02-17,82.91999816894531,83.01000213623047,82.83999633789062,82.88999938964844,48.328067779541016,199200
2006-02-21,82.9000015258789,82.94000244140625,82.7699966430664,82.79000091552734,48.26973342895508,164200
2006-02-22,82.94999694824219,83.0999984741211,82.9000015258789,83.0999984741211,48.45050048828125,115700
2006-02-23,82.94999694824219,82.95999908447266,82.76000213623047,82.9000015258789,48.33393096923828,73300
2006-02-24,82.95999908447266,82.95999908447266,82.72000122070312,82.80000305175781,48.2756233215332,343300
2006-02-27,82.86000061035156,82.86000061035156,82.61000061035156,82.63999938964844,48.18230438232422,287700
2006-02-28,82.79000091552734,83.01000213623047,82.7699966430664,82.97000122070312,48.37471389770508,95900
2006-03-01,82.63999938964844,82.7300033569336,82.44999694824219,82.54000091552734,48.27935028076172,227000
2006-03-02,82.30999755859375,82.41000366210938,82.0999984741211,82.20999908447266,48.08635330200195,113300
2006-03-03,82.16000366210938,82.16000366210938,81.9800033569336,82.01000213623047,47.96936798095703,76500
2006-03-06,81.7699966430664,81.91000366210938,81.6500015258789,81.75,47.81729507446289,350700
2006-03-07,81.6500015258789,81.83000183105469,81.5999984741211,81.79000091552734,47.84073257446289,130300
2006-03-08,81.79000091552734,81.83999633789062,81.70999908447266,81.83000183105469,47.86406326293945,84500
2006-03-09,81.80000305175781,81.91000366210938,81.70999908447266,81.91000366210938,47.910919189453125,507200
2006-03-10,81.73999786376953,81.79000091552734,81.54000091552734,81.75,47.81729507446289,408500
2006-03-13,81.6500015258789,81.7300033569336,81.55000305175781,81.68000030517578,47.77634048461914,246900
2006-03-14,81.9000015258789,82.19999694824219,81.81999969482422,82.1500015258789,48.05128479003906,122700
2006-03-15,81.9800033569336,82.11000061035156,81.9000015258789,82.0,47.9634895324707,118400
2006-03-16,82.12000274658203,82.55000305175781,82.11000061035156,82.5199966430664,48.26767349243164,174900
2006-03-17,82.41000366210938,82.45999908447266,82.30000305175781,82.3499984741211,48.168235778808594,111300
2006-03-20,82.56999969482422,82.5999984741211,82.43000030517578,82.51000213623047,48.261837005615234,240100
2006-03-21,82.45999908447266,82.45999908447266,82.05000305175781,82.16999816894531,48.06297302246094,96800
2006-03-22,82.30000305175781,82.36000061035156,82.16000366210938,82.2699966430664,48.1214485168457,131500
2006-03-23,82.31999969482422,82.31999969482422,81.98999786376953,82.05999755859375,47.99861145019531,109700
2006-03-24,82.11000061035156,82.51000213623047,82.04000091552734,82.41999816894531,48.20920944213867,68800
2006-03-27,82.31999969482422,82.37999725341797,82.18000030517578,82.23999786376953,48.10385513305664,79700
2006-03-28,82.1500015258789,82.18000030517578,81.75,81.83999633789062,47.86991500854492,125600
2006-03-29,81.7699966430664,81.9000015258789,81.63999938964844,81.76000213623047,47.82312774658203,58100
2006-03-30,81.63999938964844,81.66000366210938,81.3499984741211,81.5199966430664,47.682762145996094,100800
2006-03-31,81.58999633789062,81.66000366210938,81.43000030517578,81.58000183105469,47.71784973144531,87400
2006-04-03,81.08999633789062,81.26000213623047,81.05000305175781,81.2300033569336,47.665042877197266,244300
2006-04-04,81.29000091552734,81.36000061035156,81.13999938964844,81.23999786376953,47.67091369628906,127200
2006-04-05,81.47000122070312,81.4800033569336,81.31999969482422,81.43000030517578,47.782386779785156,101800
2006-04-06,81.30000305175781,81.31999969482422,81.12000274658203,81.19999694824219,47.64744567871094,289900
2006-04-07,81.0199966430664,81.06999969482422,80.73999786376953,80.83000183105469,47.43031311035156,129700
2006-04-10,80.9000015258789,80.94999694824219,80.80000305175781,80.93000030517578,47.489009857177734,118300
2006-04-11,81.08000183105469,81.13999938964844,80.94999694824219,81.08000183105469,47.577030181884766,154100
2006-04-12,81.0999984741211,81.19000244140625,80.80000305175781,80.88999938964844,47.46553039550781,201600
2006-04-13,80.5999984741211,80.69999694824219,80.44000244140625,80.45999908447266,47.21321105957031,175800
2006-04-17,80.68000030517578,80.83999633789062,80.54000091552734,80.7699966430664,47.39509963989258,162200
2006-04-18,80.94999694824219,81.12000274658203,80.7699966430664,81.02999877929688,47.547672271728516,276200
2006-04-19,80.79000091552734,80.81999969482422,80.62000274658203,80.80000305175781,47.412757873535156,128600
2006-04-20,80.7699966430664,80.80999755859375,80.62000274658203,80.7300033569336,47.37162780761719,128400
2006-04-21,80.83000183105469,80.91999816894531,80.6500015258789,80.9000015258789,47.471397399902344,108500
2006-04-24,80.88999938964844,81.13999938964844,80.8499984741211,81.0,47.53009033203125,118800
2006-04-25,80.97000122070312,80.97000122070312,80.4800033569336,80.48999786376953,47.230838775634766,241400
2006-04-26,80.5,80.5199966430664,80.3499984741211,80.44999694824219,47.20737075805664,76300
2006-04-27,80.4000015258789,80.79000091552734,80.33999633789062,80.66999816894531,47.33643341064453,132900
2006-04-28,80.68000030517578,80.80999755859375,80.55000305175781,80.80999755859375,47.41860580444336,70700
2006-05-01,80.27999877929688,80.3499984741211,80.01000213623047,80.08000183105469,47.161834716796875,169700
2006-05-02,80.11000061035156,80.2699966430664,80.02999877929688,80.20999908447266,47.238399505615234,87900
2006-05-03,80.20999908447266,80.2300033569336,79.91000366210938,80.0999984741211,47.173580169677734,116600
2006-05-04,80.16999816894531,80.16999816894531,79.9800033569336,80.05000305175781,47.14413070678711,193200
2006-05-05,80.31999969482422,80.41000366210938,80.1500015258789,80.23999786376953,47.25606155395508,85200
2006-05-08,80.33999633789062,80.3499984741211,80.13999938964844,80.27999877929688,47.279579162597656,82400
2006-05-09,80.25,80.2699966430664,80.12000274658203,80.25,47.261924743652344,59600
2006-05-10,80.37999725341797,80.5,80.16000366210938,80.29000091552734,47.28550338745117,98600
2006-05-11,80.18000030517578,80.18000030517578,80.0,80.1500015258789,47.2030143737793,203700
2006-05-12,79.87999725341797,80.0199966430664,79.80999755859375,79.8499984741211,47.0263557434082,134700
2006-05-15,79.83999633789062,80.19999694824219,79.83999633789062,80.0199966430664,47.12649917602539,106100
2006-05-16,80.22000122070312,80.41999816894531,80.13999938964844,80.31999969482422,47.30315017700195,86200
2006-05-17,80.06999969482422,80.19000244140625,79.94000244140625,80.08999633789062,47.16770935058594,245300
2006-05-18,80.41999816894531,80.66000366210938,80.33000183105469,80.66000366210938,47.50337600708008,168500
2006-05-19,80.58999633789062,80.83999633789062,80.4800033569336,80.61000061035156,47.47397994995117,223600
2006-05-22,80.91999816894531,81.01000213623047,80.69999694824219,80.72000122070312,47.53868103027344,189000
2006-05-23,80.56999969482422,80.72000122070312,80.5,80.69000244140625,47.52106857299805,102500
2006-05-24,80.95999908447266,81.0,80.77999877929688,80.80999755859375,47.59173583984375,171700
2006-05-25,80.87000274658203,80.91999816894531,80.62999725341797,80.68000030517578,47.51518249511719,181600
2006-05-26,80.73999786376953,80.94999694824219,80.72000122070312,80.75,47.55641174316406,178000
2006-05-30,80.70999908447266,80.75,80.55000305175781,80.68000030517578,47.51518249511719,95600
2006-05-31,80.7699966430664,80.7699966430664,80.37000274658203,80.43000030517578,47.36793899536133,110900
2006-06-01,80.06999969482422,80.30000305175781,80.04000091552734,80.2699966430664,47.44717025756836,96100
2006-06-02,80.77999877929688,80.91999816894531,80.62000274658203,80.88999938964844,47.81361389160156,403900
2006-06-05,80.86000061035156,80.87999725341797,80.66999816894531,80.7300033569336,47.71900939941406,100200
2006-06-06,80.66999816894531,80.8499984741211,80.5999984741211,80.80000305175781,47.76042938232422,96600
2006-06-07,80.68000030517578,80.7699966430664,80.58000183105469,80.69000244140625,47.69541549682617,141900
2006-06-08,80.81999969482422,81.0999984741211,80.73999786376953,80.80000305175781,47.76042938232422,152600
2006-06-09,80.8499984741211,81.06999969482422,80.83000183105469,81.0,47.878639221191406,73900
2006-06-12,80.94000244140625,81.01000213623047,80.86000061035156,80.95999908447266,47.85496520996094,122500
2006-06-13,81.11000061035156,81.1500015258789,80.94000244140625,81.06999969482422,47.920021057128906,111600
2006-06-14,80.83999633789062,80.9000015258789,80.52999877929688,80.52999877929688,47.60085678100586,165500
2006-06-15,80.47000122070312,80.5,80.33000183105469,80.3499984741211,47.49448013305664,112200
2006-06-16,80.52999877929688,80.52999877929688,80.22000122070312,80.30000305175781,47.46488571166992,126100
2006-06-19,80.25,80.27999877929688,80.0999984741211,80.20999908447266,47.411705017089844,67200
2006-06-20,80.22000122070312,80.22000122070312,80.08000183105469,80.1500015258789,47.37620162963867,105200
2006-06-21,80.2300033569336,80.2300033569336,80.0999984741211,80.13999938964844,47.37032699584961,180600
2006-06-22,80.05999755859375,80.08000183105469,79.87999725341797,79.87999725341797,47.21663284301758,112600
2006-06-23,79.9000015258789,79.97000122070312,79.7300033569336,79.80999755859375,47.17525863647461,167600
2006-06-26,79.83999633789062,79.8499984741211,79.68000030517578,79.76000213623047,47.14570236206055,264400
2006-06-27,79.83000183105469,80.0,79.80000305175781,79.97000122070312,47.26983642578125,231900
2006-06-28,79.87999725341797,79.94000244140625,79.68000030517578,79.70999908447266,47.116127014160156,229700
2006-06-29,79.8499984741211,80.06999969482422,79.83999633789062,80.04000091552734,47.31120681762695,328400
2006-06-30,80.12999725341797,80.41999816894531,80.0199966430664,80.31999969482422,47.476688385009766,125400
2006-07-03,80.02999877929688,80.05000305175781,79.87000274658203,79.97000122070312,47.454166412353516,41200
2006-07-05,79.83000183105469,79.83000183105469,79.58000183105469,79.68000030517578,47.2820930480957,1712900
2006-07-06,79.73999786376953,79.93000030517578,79.70999908447266,79.93000030517578,47.430416107177734,132400
2006-07-07,80.12999725341797,80.26000213623047,80.0199966430664,80.18000030517578,47.578758239746094,274600
2006-07-10,80.12000274658203,80.25,80.08999633789062,80.23999786376953,47.614383697509766,133200
2006-07-11,80.3499984741211,80.4800033569336,80.30999755859375,80.33000183105469,47.66777038574219,167200
2006-07-12,80.19999694824219,80.4000015258789,80.16999816894531,80.4000015258789,47.70927047729492,114300
2006-07-13,80.41999816894531,80.58999633789062,80.3499984741211,80.58000183105469,47.81612014770508,343800
2006-07-14,80.58000183105469,80.69000244140625,80.5199966430664,80.63999938964844,47.85174560546875,397600
2006-07-17,80.55000305175781,80.62999725341797,80.44000244140625,80.56999969482422,47.81019592285156,153400
2006-07-18,80.43000030517578,80.43000030517578,80.19000244140625,80.26000213623047,47.626224517822266,182100
2006-07-19,80.0999984741211,80.77999877929688,80.0999984741211,80.7699966430664,47.928897857666016,235300
2006-07-20,80.68000030517578,80.94999694824219,80.6500015258789,80.94000244140625,48.02976989746094,297600
2006-07-21,81.05000305175781,81.05999755859375,80.79000091552734,80.88999938964844,48.00006866455078,288300
2006-07-24,80.91999816894531,80.94999694824219,80.81999969482422,80.88999938964844,48.00006866455078,361000
2006-07-25,80.7699966430664,80.94000244140625,80.70999908447266,80.80999755859375,47.952606201171875,176500
2006-07-26,80.79000091552734,81.05999755859375,80.76000213623047,81.01000213623047,48.07126235961914,157700
2006-07-27,81.11000061035156,81.11000061035156,80.9000015258789,81.0,48.06534957885742,74200
2006-07-28,81.23999786376953,81.31999969482422,81.18000030517578,81.22000122070312,48.19587326049805,89400
2006-07-31,81.26000213623047,81.3499984741211,81.18000030517578,81.3499984741211,48.27302551269531,89700
2006-08-01,80.94999694824219,81.05000305175781,80.86000061035156,81.05000305175781,48.28438949584961,97600
2006-08-02,81.05000305175781,81.19999694824219,80.94999694824219,81.12000274658203,48.32606506347656,91200
2006-08-03,81.12000274658203,81.2699966430664,81.0199966430664,81.13999938964844,48.338016510009766,111500
2006-08-04,81.55000305175781,81.56999969482422,81.41999816894531,81.54000091552734,48.57628631591797,157100
2006-08-07,81.4800033569336,81.48999786376953,81.37000274658203,81.43000030517578,48.5107307434082,172600
2006-08-08,81.41999816894531,81.55000305175781,81.33000183105469,81.44000244140625,48.51673126220703,118200
2006-08-09,81.20999908447266,81.41000366210938,81.20999908447266,81.4000015258789,48.49284362792969,110700
2006-08-10,81.41999816894531,81.41999816894531,81.19000244140625,81.41999816894531,48.50480270385742,166700
2006-08-11,81.20999908447266,81.25,81.12999725341797,81.16000366210938,48.34988021850586,192000
2006-08-14,81.08000183105469,81.11000061035156,81.0,81.0199966430664,48.26648712158203,191700
2006-08-15,81.33999633789062,81.4800033569336,81.30000305175781,81.41000366210938,48.498802185058594,147200
2006-08-16,81.7300033569336,81.80999755859375,81.66000366210938,81.75,48.701377868652344,182600
2006-08-17,81.9000015258789,81.9000015258789,81.68000030517578,81.7300033569336,48.6894416809082,300000
2006-08-18,81.83000183105469,81.97000122070312,81.7699966430664,81.94999694824219,48.82054138183594,344300
2006-08-21,81.98999786376953,82.05000305175781,81.95999908447266,82.05000305175781,48.88010787963867,83800
2006-08-22,82.0199966430664,82.16000366210938,82.0,82.08000183105469,48.898014068603516,187200
2006-08-23,82.01000213623047,82.05999755859375,81.87999725341797,82.0,48.850303649902344,239800
2006-08-24,82.13999938964844,82.16999816894531,82.05999755859375,82.08000183105469,48.898014068603516,111400
2006-08-25,82.08000183105469,82.23999786376953,82.02999877929688,82.19000244140625,48.96348190307617,96900
2006-08-28,82.1500015258789,82.19000244140625,82.08000183105469,82.18000030517578,48.957523345947266,106000
2006-08-29,81.97000122070312,82.25,81.87999725341797,82.25,48.99927520751953,248600
2006-08-30,82.2699966430664,82.4000015258789,82.26000213623047,82.3499984741211,49.0588493347168,131800
2006-08-31,82.41999816894531,82.55000305175781,82.38999938964844,82.45999908447266,49.124351501464844,171200
2006-09-01,82.1500015258789,82.30999755859375,82.05000305175781,82.2699966430664,49.19728469848633,252800
2006-09-05,82.16000366210938,82.16000366210938,81.95999908447266,82.0,49.03583908081055,284800
2006-09-06,81.77999877929688,81.94999694824219,81.72000122070312,81.94000244140625,49.00000762939453,334400
2006-09-07,81.83000183105469,82.05000305175781,81.75,82.0,49.03583908081055,135200
2006-09-08,82.08000183105469,82.19999694824219,82.05000305175781,82.08000183105469,49.0837287902832,66000
2006-09-11,82.04000091552734,82.0999984741211,81.83999633789062,81.93000030517578,48.99397659301758,196600
2006-09-12,81.87000274658203,82.16000366210938,81.81999969482422,82.16000366210938,49.13156509399414,111000
2006-09-13,82.23999786376953,82.31999969482422,82.16000366210938,82.23999786376953,49.17937088012695,114000
2006-09-14,82.0999984741211,82.26000213623047,82.01000213623047,82.08000183105469,49.0837287902832,69600
2006-09-15,82.20999908447266,82.29000091552734,81.98999786376953,82.02999877929688,49.05377197265625,110900
2006-09-18,81.7300033569336,81.94999694824219,81.7300033569336,81.91000366210938,48.98204803466797,188000
2006-09-19,82.23999786376953,82.44000244140625,82.22000122070312,82.4000015258789,49.27505874633789,128400
2006-09-20,82.58999633789062,82.58999633789062,82.36000061035156,82.41999816894531,49.28700637817383,112200
2006-09-21,82.41000366210938,83.0199966430664,82.41000366210938,83.01000213623047,49.63982391357422,114600
2006-09-22,83.12000274658203,83.2699966430664,83.0999984741211,83.26000213623047,49.78934860229492,327000
2006-09-25,83.4000015258789,83.56999969482422,83.30000305175781,83.54000091552734,49.95676040649414,286200
2006-09-26,83.45999908447266,83.45999908447266,83.23999786376953,83.33000183105469,49.831180572509766,276800
2006-09-27,83.55000305175781,83.55000305175781,83.20999908447266,83.30999755859375,49.81919479370117,233800
2006-09-28,83.23999786376953,83.26000213623047,83.08999633789062,83.2300033569336,49.77138900756836,160800
2006-09-29,83.31999969482422,83.3499984741211,82.94999694824219,83.13999938964844,49.717529296875,259000
2006-10-02,82.80000305175781,83.04000091552734,82.75,82.97000122070312,49.80522918701172,337500
2006-10-03,83.04000091552734,83.05000305175781,82.87999725341797,82.95999908447266,49.79921340942383,135400
2006-10-04,83.0999984741211,83.33999633789062,83.06999969482422,83.33999633789062,50.02729797363281,136000
2006-10-05,83.25,83.25,82.94999694824219,83.05000305175781,49.85321807861328,139800
2006-10-06,82.9000015258789,82.9000015258789,82.5,82.5999984741211,49.583091735839844,624700
2006-10-09,82.69999694824219,82.83999633789062,82.56999969482422,82.69999694824219,49.64311599731445,898300
2006-10-10,82.41000366210938,82.44000244140625,82.16000366210938,82.19999694824219,49.34296417236328,1711900
2006-10-11,82.4000015258789,82.41000366210938,81.98999786376953,82.0999984741211,49.282958984375,502600
2006-10-12,82.1500015258789,82.26000213623047,82.06999969482422,82.1500015258789,49.3129768371582,230000
2006-10-13,82.04000091552734,82.04000091552734,81.9000015258789,82.01000213623047,49.22895812988281,1280200
2006-10-16,82.13999938964844,82.1500015258789,82.0199966430664,82.1500015258789,49.3129768371582,240400
2006-10-17,82.33999633789062,82.44999694824219,82.12000274658203,82.23999786376953,49.36701202392578,300300
2006-10-18,82.20999908447266,82.29000091552734,82.12000274658203,82.22000122070312,49.35499954223633,294600
2006-10-19,82.11000061035156,82.25,82.02999877929688,82.1500015258789,49.3129768371582,175500
2006-10-20,82.19999694824219,82.19999694824219,82.0999984741211,82.12999725341797,49.300968170166016,69200
2006-10-23,81.9800033569336,81.98999786376953,81.80000305175781,81.9000015258789,49.162906646728516,356600
2006-10-24,81.91999816894531,82.01000213623047,81.91000366210938,82.01000213623047,49.22895812988281,203700
2006-10-25,82.02999877929688,82.31999969482422,81.9800033569336,82.30999755859375,49.40904235839844,127200
2006-10-26,82.52999877929688,82.5999984741211,82.43000030517578,82.58999633789062,49.57711410522461,115900
2006-10-27,82.83999633789062,82.87000274658203,82.69999694824219,82.86000061035156,49.73920440673828,249000
2006-10-30,82.87000274658203,82.91000366210938,82.75,82.9000015258789,49.7631950378418,128800
2006-10-31,82.97000122070312,83.2699966430664,82.9000015258789,83.2699966430664,49.98529052734375,266600
2006-11-01,83.04000091552734,83.52999877929688,82.9000015258789,83.25,50.15882110595703,396400
2006-11-02,83.12999725341797,83.12999725341797,82.97000122070312,83.0199966430664,50.02023696899414,163200
2006-11-03,82.58000183105469,82.6500015258789,82.3499984741211,82.38999938964844,49.64067077636719,271800
2006-11-06,82.37999725341797,82.4800033569336,82.30000305175781,82.47000122070312,49.68883514404297,227000
2006-11-07,82.72000122070312,82.88999938964844,82.69999694824219,82.75,49.8575553894043,203300
2006-11-08,82.80999755859375,82.94999694824219,82.70999908447266,82.93000030517578,49.96603775024414,146200
2006-11-09,82.86000061035156,82.95999908447266,82.83999633789062,82.91999816894531,49.95996856689453,211000
2006-11-10,83.0,83.19999694824219,83.0,83.0999984741211,50.06843185424805,111300
2006-11-13,83.12000274658203,83.12000274658203,82.88999938964844,83.05999755859375,50.04432678222656,153600
2006-11-14,83.2300033569336,83.33999633789062,83.19000244140625,83.2300033569336,50.146728515625,222800
2006-11-15,83.16000366210938,83.16000366210938,82.94000244140625,83.0,50.00819778442383,237100
2006-11-16,83.19000244140625,83.19000244140625,82.72000122070312,82.79000091552734,49.881675720214844,497900
2006-11-17,82.91000366210938,83.22000122070312,82.81999969482422,83.08999633789062,50.062400817871094,362400
2006-11-20,83.19000244140625,83.19000244140625,83.04000091552734,83.13999938964844,50.092533111572266,178200
2006-11-21,83.22000122070312,83.30000305175781,83.08000183105469,83.26000213623047,50.16489028930664,413200
2006-11-22,83.3499984741211,83.44999694824219,83.29000091552734,83.38999938964844,50.24317932128906,133400
2006-11-24,83.62000274658203,83.62000274658203,83.45999908447266,83.4800033569336,50.297393798828125,119200
2006-11-27,83.33999633789062,83.56999969482422,83.23999786376953,83.55999755859375,50.345611572265625,708600
2006-11-28,83.70999908447266,83.79000091552734,83.5199966430664,83.70999908447266,50.43595886230469,470600
2006-11-29,83.91999816894531,83.91999816894531,83.58999633789062,83.61000061035156,50.375728607177734,335500
2006-11-30,83.87000274658203,84.06999969482422,83.80000305175781,84.05000305175781,50.640846252441406,418500
2006-12-01,83.72000122070312,84.08000183105469,83.66000366210938,83.94000244140625,50.758140563964844,289800
2006-12-04,83.83999633789062,83.95999908447266,83.77999877929688,83.93000030517578,50.75205993652344,208200
2006-12-05,83.87000274658203,84.0,83.7300033569336,83.81999969482422,50.68559265136719,1133300
2006-12-06,83.79000091552734,83.80000305175781,83.62999725341797,83.69000244140625,50.60694122314453,156800
2006-12-07,83.75,83.75,83.56999969482422,83.66000366210938,50.58884048461914,138200
2006-12-08,83.63999938964844,83.63999938964844,83.23999786376953,83.27999877929688,50.35902404785156,277000
2006-12-11,83.51000213623047,83.55999755859375,83.43000030517578,83.54000091552734,50.5162467956543,167800
2006-12-12,83.56999969482422,83.7300033569336,83.5,83.69000244140625,50.60694122314453,360000
2006-12-13,83.37000274658203,83.41999816894531,83.16000366210938,83.26000213623047,50.346988677978516,188300
2006-12-14,83.2300033569336,83.2300033569336,83.06999969482422,83.12999725341797,50.2683219909668,314000
2006-12-15,83.5999984741211,83.6500015258789,83.0999984741211,83.1500015258789,50.28044128417969,215600
2006-12-18,83.18000030517578,83.2300033569336,83.0999984741211,83.19000244140625,50.30459213256836,111600
2006-12-19,83.18000030517578,83.26000213623047,83.0999984741211,83.16999816894531,50.292518615722656,174000
2006-12-20,83.11000061035156,83.20999908447266,83.11000061035156,83.1500015258789,50.28044128417969,139300
2006-12-21,83.26000213623047,83.52999877929688,83.16000366210938,83.44999694824219,50.46181106567383,624200
2006-12-22,83.27999877929688,83.33999633789062,83.04000091552734,83.06999969482422,50.23206329345703,268500
2006-12-26,83.18000030517578,83.29000091552734,83.05000305175781,83.12999725341797,50.2683219909668,144500
2006-12-27,83.01000213623047,83.01000213623047,82.62000274658203,82.66999816894531,50.13432693481445,193400
2006-12-28,82.80000305175781,82.80000305175781,82.30000305175781,82.4800033569336,50.01909255981445,185100
2006-12-29,82.43000030517578,82.48999786376953,82.30999755859375,82.44000244140625,49.99482345581055,272100
2007-01-03,82.70999908447266,82.80000305175781,82.4800033569336,82.68000030517578,50.1403694152832,1210700
2007-01-04,82.83000183105469,82.9800033569336,82.7300033569336,82.9800033569336,50.32231903076172,171200
2007-01-05,82.58000183105469,82.80999755859375,82.5199966430664,82.70999908447266,50.1585578918457,201000
2007-01-08,82.72000122070312,82.7699966430664,82.66000366210938,82.7699966430664,50.19499206542969,163800
2007-01-09,82.81999969482422,82.83000183105469,82.69999694824219,82.75,50.18281555175781,168600
2007-01-10,82.62000274658203,82.69000244140625,82.55999755859375,82.61000061035156,50.097923278808594,95900
2007-01-11,82.55000305175781,82.55000305175781,82.29000091552734,82.38999938964844,49.96449279785156,361700
2007-01-12,82.29000091552734,82.30000305175781,82.11000061035156,82.22000122070312,49.86137390136719,161000
2007-01-16,82.30000305175781,82.37999725341797,82.26000213623047,82.37999725341797,49.95845031738281,162600
2007-01-17,82.33000183105469,82.36000061035156,82.13999938964844,82.22000122070312,49.86137390136719,141300
2007-01-18,82.22000122070312,82.33999633789062,82.08999633789062,82.33000183105469,49.9281120300293,225400
2007-01-19,82.26000213623047,82.37000274658203,82.1500015258789,82.19999694824219,49.84927749633789,270800
2007-01-22,82.30000305175781,82.37999725341797,82.2699966430664,82.3499984741211,49.94024658203125,119000
2007-01-23,82.23999786376953,82.29000091552734,82.06999969482422,82.11000061035156,49.794715881347656,412800
2007-01-24,82.12999725341797,82.1500015258789,82.06999969482422,82.12000274658203,49.80076217651367,138400
2007-01-25,82.05000305175781,82.05000305175781,81.75,81.80000305175781,49.60668182373047,201700
2007-01-26,81.7300033569336,81.88999938964844,81.6500015258789,81.79000091552734,49.60062026977539,441300
2007-01-29,81.91999816894531,81.91999816894531,81.6500015258789,81.7300033569336,49.56422805786133,161700
2007-01-30,81.77999877929688,81.83000183105469,81.75,81.80999755859375,49.61278533935547,200500
2007-01-31,81.75,82.13999938964844,81.75,82.11000061035156,49.794715881347656,412200
2007-02-01,82.01000213623047,82.05999755859375,81.69999694824219,81.73999786376953,49.75876235961914,238600
2007-02-02,81.79000091552734,81.9000015258789,81.73999786376953,81.80999755859375,49.80141067504883,163500
2007-02-05,81.87999725341797,81.94000244140625,81.86000061035156,81.9000015258789,49.856163024902344,216000
2007-02-06,81.86000061035156,82.1500015258789,81.83000183105469,82.12999725341797,49.996150970458984,238100
2007-02-07,82.2300033569336,82.31999969482422,82.18000030517578,82.30999755859375,50.10578918457031,155000
2007-02-08,82.26000213623047,82.4000015258789,82.19999694824219,82.33000183105469,50.11793899536133,447600
2007-02-09,82.18000030517578,82.19000244140625,82.01000213623047,82.08000183105469,49.965755462646484,237400
2007-02-12,82.05000305175781,82.0999984741211,81.91000366210938,81.97000122070312,49.8987922668457,146900
2007-02-13,81.97000122070312,81.98999786376953,81.86000061035156,81.91000366210938,49.86225509643555,204800
2007-02-14,82.05000305175781,82.43000030517578,82.05000305175781,82.37999725341797,50.14839553833008,192600
2007-02-15,82.58999633789062,82.6500015258789,82.51000213623047,82.51000213623047,50.22751235961914,317000
2007-02-16,82.61000061035156,82.69000244140625,82.55999755859375,82.5999984741211,50.28229522705078,308900
2007-02-20,82.58999633789062,82.73999786376953,82.58999633789062,82.69999694824219,50.343177795410156,152900
2007-02-21,82.55000305175781,82.69000244140625,82.55000305175781,82.69000244140625,50.33708572387695,173000
2007-02-22,82.55000305175781,82.55999755859375,82.41000366210938,82.4800033569336,50.209266662597656,135000
2007-02-23,82.58999633789062,82.87999725341797,82.58000183105469,82.80999755859375,50.4101448059082,111700
2007-02-26,82.98999786376953,83.0999984741211,82.91999816894531,83.06999969482422,50.56843566894531,160900
2007-02-27,83.29000091552734,84.06999969482422,83.19999694824219,83.7699966430664,50.994537353515625,496500
2007-02-28,83.61000061035156,83.69999694824219,83.4000015258789,83.4800033569336,50.817996978759766,228100
2007-03-01,83.56999969482422,83.58999633789062,83.19999694824219,83.27999877929688,50.863792419433594,500500
2007-03-02,83.41999816894531,83.61000061035156,83.30999755859375,83.55000305175781,51.028690338134766,249000
2007-03-05,83.72000122070312,83.72000122070312,83.45999908447266,83.5999984741211,51.05924987792969,298800
2007-03-06,83.36000061035156,83.61000061035156,83.36000061035156,83.48999786376953,50.99203109741211,302200
2007-03-07,83.44000244140625,83.66999816894531,83.41999816894531,83.63999938964844,51.083683013916016,265500
2007-03-08,83.51000213623047,83.68000030517578,83.48999786376953,83.62999725341797,51.077545166015625,170300
2007-03-09,83.12000274658203,83.27999877929688,83.11000061035156,83.16000366210938,50.79051208496094,333800
2007-03-12,83.30000305175781,83.44000244140625,83.2699966430664,83.38999938964844,50.93098831176758,253300
2007-03-13,83.69000244140625,83.80000305175781,83.51000213623047,83.76000213623047,51.15697479248047,196000
2007-03-14,83.69000244140625,83.93000030517578,83.61000061035156,83.6500015258789,51.089778900146484,267900
2007-03-15,83.55999755859375,83.62000274658203,83.48999786376953,83.55999755859375,51.03477478027344,338900
2007-03-16,83.44000244140625,83.58999633789062,83.41000366210938,83.55000305175781,51.028690338134766,340500
2007-03-19,83.41000366210938,83.44000244140625,83.33999633789062,83.44000244140625,50.961551666259766,238200
2007-03-20,83.63999938964844,83.63999938964844,83.5199966430664,83.55999755859375,51.03477478027344,169400
2007-03-21,83.45999908447266,83.77999877929688,83.30000305175781,83.68000030517578,51.10807800292969,369800
2007-03-22,83.61000061035156,83.61000061035156,83.31999969482422,83.4000015258789,50.937076568603516,236500
2007-03-23,83.51000213623047,83.5199966430664,83.20999908447266,83.2699966430664,50.85771560668945,163400
2007-03-26,83.18000030517578,83.5,83.1500015258789,83.33999633789062,50.90047073364258,142100
2007-03-27,83.27999877929688,83.37000274658203,83.2300033569336,83.31999969482422,50.88826370239258,165900
2007-03-28,83.47000122070312,83.5999984741211,83.2300033569336,83.30999755859375,50.882110595703125,240500
2007-03-29,83.19999694824219,83.26000213623047,83.1500015258789,83.19000244140625,50.808834075927734,121400
2007-03-30,83.20999908447266,83.5199966430664,82.94999694824219,83.08999633789062,50.74776840209961,464400
2007-04-02,82.94999694824219,82.95999908447266,82.80000305175781,82.86000061035156,50.80419158935547,156600
2007-04-03,82.79000091552734,82.83999633789062,82.75,82.79000091552734,50.76123046875,257400
2007-04-04,82.91999816894531,83.0,82.81999969482422,82.91999816894531,50.84092712402344,182300
2007-04-05,82.81999969482422,82.91000366210938,82.70999908447266,82.70999908447266,50.71217346191406,161200
2007-04-09,82.38999938964844,82.4000015258789,82.30000305175781,82.33000183105469,50.479209899902344,198900
2007-04-10,82.5,82.56999969482422,82.47000122070312,82.5,50.58342742919922,97600
2007-04-11,82.58000183105469,82.62000274658203,82.4000015258789,82.4000015258789,50.52214431762695,150700
2007-04-12,82.52999877929688,82.56999969482422,82.43000030517578,82.4800033569336,50.571205139160156,111200
2007-04-13,82.52999877929688,82.52999877929688,82.27999877929688,82.33999633789062,50.48534393310547,139100
2007-04-16,82.47000122070312,82.5,82.37000274658203,82.43000030517578,50.54054260253906,262300
2007-04-17,82.58999633789062,82.80000305175781,82.58999633789062,82.77999877929688,50.75510787963867,1080400
2007-04-18,82.87000274658203,83.02999877929688,82.87000274658203,82.97000122070312,50.871604919433594,252500
2007-04-19,83.06999969482422,83.08999633789062,82.8499984741211,82.95999908447266,50.865516662597656,153600
2007-04-20,82.9800033569336,82.9800033569336,82.81999969482422,82.87000274658203,50.81028747558594,88800
2007-04-23,82.91999816894531,83.12000274658203,82.83999633789062,83.04000091552734,50.914520263671875,90500
2007-04-24,83.11000061035156,83.30000305175781,83.0999984741211,83.19999694824219,51.01261520385742,660500
2007-04-25,83.16999816894531,83.30000305175781,83.11000061035156,83.1500015258789,50.981990814208984,537400
2007-04-26,83.0999984741211,83.11000061035156,82.88999938964844,82.91000366210938,50.834835052490234,307600
2007-04-27,82.97000122070312,82.98999786376953,82.86000061035156,82.91000366210938,50.834835052490234,180000
2007-04-30,83.08000183105469,83.29000091552734,83.06999969482422,83.2699966430664,51.055564880371094,171500
2007-05-01,83.04000091552734,83.08000183105469,82.7699966430664,82.95999908447266,51.058048248291016,158900
2007-05-02,82.98999786376953,82.98999786376953,82.86000061035156,82.86000061035156,50.99650573730469,167000
2007-05-03,82.80000305175781,82.87000274658203,82.66000366210938,82.7699966430664,50.94109344482422,113200
2007-05-04,82.94000244140625,83.0,82.88999938964844,82.9800033569336,51.07035446166992,144800
2007-05-07,83.01000213623047,83.05000305175781,82.94999694824219,83.05000305175781,51.11341094970703,104500
2007-05-08,83.12999725341797,83.12999725341797,83.02999877929688,83.05000305175781,51.11341094970703,158900
2007-05-09,83.0199966430664,83.05000305175781,82.7699966430664,82.77999877929688,50.947235107421875,201600
2007-05-10,82.83000183105469,83.01000213623047,82.80999755859375,82.98999786376953,51.07648468017578,153100
2007-05-11,83.08999633789062,83.12999725341797,82.77999877929688,82.81999969482422,50.97186279296875,178000
2007-05-14,82.83000183105469,82.8499984741211,82.69999694824219,82.69999694824219,50.89800262451172,142400
2007-05-15,82.83000183105469,82.8499984741211,82.56999969482422,82.69000244140625,50.8918571472168,168400
2007-05-16,82.66999816894531,82.72000122070312,82.61000061035156,82.63999938964844,50.86106491088867,191300
2007-05-17,82.54000091552734,82.58000183105469,82.37999725341797,82.41999816894531,50.72563934326172,263500
2007-05-18,82.33999633789062,82.41999816894531,82.12999725341797,82.18000030517578,50.57793426513672,236400
2007-05-21,82.16000366210938,82.29000091552734,82.0999984741211,82.29000091552734,50.64565658569336,222000
2007-05-22,82.19999694824219,82.26000213623047,82.0,82.05999755859375,50.50412368774414,217000
2007-05-23,82.11000061035156,82.11000061035156,81.8499984741211,81.9000015258789,50.405635833740234,228100
2007-05-24,81.9000015258789,82.01000213623047,81.70999908447266,82.01000213623047,50.47332763671875,153300
2007-05-25,81.88999938964844,82.01000213623047,81.86000061035156,81.91999816894531,50.41792678833008,183900
2007-05-29,81.9000015258789,81.93000030517578,81.75,81.75,50.31330871582031,152800
2007-05-30,82.04000091552734,82.04000091552734,81.80999755859375,81.83000183105469,50.362552642822266,245600
2007-05-31,81.91000366210938,81.91000366210938,81.63999938964844,81.80000305175781,50.34410858154297,235100
2007-06-01,81.30999755859375,81.33000183105469,81.08000183105469,81.12000274658203,50.12718963623047,230300
2007-06-04,81.22000122070312,81.27999877929688,81.12000274658203,81.25,50.20750427246094,139200
2007-06-05,81.16000366210938,81.19999694824219,80.91999816894531,80.98999786376953,50.04684829711914,351500
2007-06-06,80.98999786376953,81.12999725341797,80.98999786376953,81.02999877929688,50.0715446472168,266800
2007-06-07,80.70999908447266,80.7300033569336,80.20999908447266,80.22000122070312,49.57103729248047,472300
2007-06-08,80.16000366210938,80.37999725341797,80.08000183105469,80.37000274658203,49.66373825073242,409900
2007-06-11,80.16999816894531,80.31999969482422,80.12000274658203,80.16000366210938,49.53398895263672,198300
2007-06-12,79.86000061035156,79.93000030517578,79.5199966430664,79.58999633789062,49.18174743652344,698800
2007-06-13,79.62999725341797,79.91999816894531,79.5999984741211,79.8499984741211,49.342376708984375,514600
2007-06-14,79.8499984741211,80.05000305175781,79.77999877929688,79.87000274658203,49.354766845703125,207300
2007-06-15,79.94999694824219,80.22000122070312,79.87000274658203,80.22000122070312,49.57103729248047,594800
2007-06-18,80.19000244140625,80.29000091552734,80.01000213623047,80.18000030517578,49.54632568359375,413500
2007-06-19,80.41999816894531,80.68000030517578,80.31999969482422,80.56999969482422,49.787288665771484,460100
2007-06-20,80.47000122070312,80.48999786376953,80.2699966430664,80.30999755859375,49.62666702270508,152900
2007-06-21,80.33000183105469,80.41999816894531,80.19000244140625,80.20999908447266,49.564884185791016,276700
2007-06-22,80.11000061035156,80.45999908447266,80.02999877929688,80.44999694824219,49.713165283203125,246000
2007-06-25,80.69000244140625,80.77999877929688,80.55000305175781,80.70999908447266,49.8739013671875,253200
2007-06-26,80.7699966430664,80.80000305175781,80.58000183105469,80.7300033569336,49.886199951171875,141000
2007-06-27,80.93000030517578,81.01000213623047,80.68000030517578,80.72000122070312,49.88002014160156,218600
2007-06-28,80.76000213623047,80.80999755859375,80.56999969482422,80.66999816894531,49.8491096496582,436800
2007-06-29,80.93000030517578,81.13999938964844,80.7699966430664,81.08999633789062,50.108665466308594,374700
2007-07-02,80.76000213623047,80.97000122070312,80.6500015258789,80.9000015258789,50.18496322631836,1030600
2007-07-03,80.9000015258789,80.98999786376953,80.6500015258789,80.66000366210938,50.036094665527344,169200
2007-07-05,80.44000244140625,80.5,80.11000061035156,80.20999908447266,49.756927490234375,269000
2007-07-06,80.04000091552734,80.0999984741211,79.93000030517578,80.0199966430664,49.63908767700195,468100
2007-07-09,80.16999816894531,80.30999755859375,80.08999633789062,80.30999755859375,49.81895446777344,118900
2007-07-10,80.58999633789062,80.86000061035156,80.5,80.86000061035156,50.16015625,191300
2007-07-11,80.80999755859375,80.88999938964844,80.5199966430664,80.58000183105469,49.98640823364258,218100
2007-07-12,80.62000274658203,80.72000122070312,80.27999877929688,80.3499984741211,49.84376907348633,309700
2007-07-13,80.55999755859375,80.5999984741211,80.29000091552734,80.52999877929688,49.95545196533203,157400
2007-07-16,80.5199966430664,80.8499984741211,80.5199966430664,80.8499984741211,50.1539306640625,154100
2007-07-17,80.69000244140625,80.80999755859375,80.52999877929688,80.68000030517578,50.04848098754883,136600
2007-07-18,80.75,81.13999938964844,80.7300033569336,80.97000122070312,50.228389739990234,215700
2007-07-19,80.7699966430664,80.97000122070312,80.75,80.95999908447266,50.22220230102539,200600
2007-07-20,81.16000366210938,81.51000213623047,81.11000061035156,81.36000061035156,50.470314025878906,463300
2007-07-23,81.30000305175781,81.43000030517578,81.26000213623047,81.33000183105469,50.45167922973633,327500
2007-07-24,81.45999908447266,81.61000061035156,81.37000274658203,81.55000305175781,50.58818054199219,251200
2007-07-25,81.56999969482422,81.76000213623047,81.52999877929688,81.66000366210938,50.65635681152344,409500
2007-07-26,82.08999633789062,82.5,82.01000213623047,82.30999755859375,51.05961990356445,391800
2007-07-27,82.30999755859375,82.56999969482422,82.18000030517578,82.47000122070312,51.15886306762695,305800
2007-07-30,82.4800033569336,82.5199966430664,82.19999694824219,82.26000213623047,51.02861785888672,279600
2007-07-31,82.2300033569336,82.62000274658203,82.1500015258789,82.5999984741211,51.239559173583984,417200
2007-08-01,82.16999816894531,82.4000015258789,82.04000091552734,82.05000305175781,51.097564697265625,195100
2007-08-02,82.0999984741211,82.2300033569336,81.95999908447266,82.11000061035156,51.134849548339844,212100
2007-08-03,82.26000213623047,82.63999938964844,81.91000366210938,82.63999938964844,51.464962005615234,950100
2007-08-06,82.44999694824219,82.69000244140625,82.25,82.30999755859375,51.259456634521484,267900
2007-08-07,82.37000274658203,82.55999755859375,82.08000183105469,82.30000305175781,51.253231048583984,567300
2007-08-08,82.04000091552734,82.04000091552734,81.61000061035156,81.7300033569336,50.898258209228516,314600
2007-08-09,82.29000091552734,82.29000091552734,81.87999725341797,82.19000244140625,51.18470764160156,235600
2007-08-10,82.4000015258789,82.4000015258789,81.93000030517578,82.06999969482422,51.1099967956543,685000
2007-08-13,82.0,82.23999786376953,81.94999694824219,82.19999694824219,51.190921783447266,154400
2007-08-14,81.97000122070312,82.51000213623047,81.97000122070312,82.5,51.377750396728516,530100
2007-08-15,82.70999908447266,82.81999969482422,82.44000244140625,82.6500015258789,51.471195220947266,902100
2007-08-16,82.88999938964844,83.47000122070312,82.87000274658203,82.97000122070312,51.67047882080078,900500
2007-08-17,82.94999694824219,83.06999969482422,82.87000274658203,83.02999877929688,51.70784378051758,308400
2007-08-20,83.13999938964844,83.44000244140625,83.05000305175781,83.20999908447266,51.819923400878906,926600
2007-08-21,83.48999786376953,83.63999938964844,83.33000183105469,83.56999969482422,52.044132232666016,459200
2007-08-22,83.1500015258789,83.43000030517578,83.12999725341797,83.30000305175781,51.87599563598633,197000
2007-08-23,83.23999786376953,83.5,83.16999816894531,83.33000183105469,51.89468002319336,234900
2007-08-24,83.45999908447266,83.47000122070312,83.20999908447266,83.36000061035156,51.91332244873047,123400
2007-08-27,83.47000122070312,83.62999725341797,83.36000061035156,83.58999633789062,52.05656814575195,120000
2007-08-28,83.69000244140625,84.05000305175781,83.69000244140625,84.0199966430664,52.32438659667969,274400
2007-08-29,83.94000244140625,84.16999816894531,83.69999694824219,83.69999694824219,52.125125885009766,507600
2007-08-30,84.04000091552734,84.19999694824219,83.94999694824219,84.12000274658203,52.38665771484375,201800
2007-08-31,83.83999633789062,84.41999816894531,83.76000213623047,84.13999938964844,52.399105072021484,261500
2007-09-04,83.83999633789062,84.0,83.44000244140625,83.6500015258789,52.301570892333984,281800
2007-09-05,83.77999877929688,84.20999908447266,83.77999877929688,84.16999816894531,52.626686096191406,313300
2007-09-06,84.12999725341797,84.19999694824219,83.93000030517578,83.98999786376953,52.514163970947266,267100
2007-09-07,84.52999877929688,84.88999938964844,84.48999786376953,84.88999938964844,53.07688903808594,410800
2007-09-10,84.87000274658203,85.2300033569336,84.79000091552734,85.08000183105469,53.19570541381836,238000
2007-09-11,84.9800033569336,85.08999633789062,84.80999755859375,84.9000015258789,53.0831184387207,123200
2007-09-12,84.79000091552734,84.83999633789062,84.56999969482422,84.69000244140625,52.95182800292969,147900
2007-09-13,84.47000122070312,84.47000122070312,84.0999984741211,84.19000244140625,52.63917922973633,178500
2007-09-14,84.66999816894531,84.66999816894531,84.12999725341797,84.30000305175781,52.707969665527344,160700
2007-09-17,84.25,84.37000274658203,84.13999938964844,84.3499984741211,52.73925018310547,237900
2007-09-18,84.1500015258789,84.47000122070312,83.91000366210938,84.26000213623047,52.68299102783203,344700
2007-09-19,84.08999633789062,84.12999725341797,83.7699966430664,83.95999908447266,52.495399475097656,1369300
2007-09-20,83.68000030517578,83.73999786376953,83.01000213623047,83.01000213623047,51.901405334472656,685800
2007-09-21,83.22000122070312,83.5,83.22000122070312,83.43000030517578,52.16397476196289,754900
2007-09-24,83.45999908447266,83.58000183105469,83.37000274658203,83.54000091552734,52.23280715942383,236300
2007-09-25,83.80999755859375,83.91999816894531,83.54000091552734,83.55000305175781,52.239036560058594,225500
2007-09-26,83.44999694824219,83.66000366210938,83.3499984741211,83.58000183105469,52.25776290893555,151100
2007-09-27,83.66999816894531,83.95999908447266,83.61000061035156,83.8499984741211,52.426605224609375,437100
2007-09-28,84.04000091552734,84.18000030517578,83.73999786376953,83.87999725341797,52.445377349853516,185600
2007-10-01,83.62999725341797,83.77999877929688,83.5199966430664,83.66999816894531,52.508121490478516,510600
2007-10-02,83.6500015258789,83.9800033569336,83.58999633789062,83.8499984741211,52.6210823059082,205900
2007-10-03,84.06999969482422,84.0999984741211,83.66999816894531,83.79000091552734,52.58346939086914,1232800
2007-10-04,83.70999908447266,83.97000122070312,83.70999908447266,83.94000244140625,52.677616119384766,120300
2007-10-05,83.47000122070312,83.5,83.12000274658203,83.19999694824219,52.21316909790039,1173000
2007-10-08,83.30000305175781,83.79000091552734,83.08000183105469,83.5,52.40143966674805,129100
2007-10-09,83.27999877929688,83.45999908447266,83.11000061035156,83.23999786376953,52.238285064697266,184000
2007-10-10,83.16000366210938,83.44000244140625,83.05999755859375,83.31999969482422,52.28850555419922,298700
2007-10-11,83.01000213623047,83.3499984741211,82.8499984741211,83.33000183105469,52.294769287109375,264100
2007-10-12,82.94000244140625,83.33999633789062,82.94000244140625,83.05000305175781,52.119022369384766,151400
2007-10-15,82.86000061035156,83.19999694824219,82.83999633789062,83.12999725341797,52.16923141479492,196200
2007-10-16,83.2699966430664,83.38999938964844,83.16000366210938,83.36000061035156,52.313560485839844,205200
2007-10-17,83.4000015258789,84.27999877929688,83.37000274658203,83.87000274658203,52.63361740112305,201200
2007-10-18,84.13999938964844,84.26000213623047,84.05999755859375,84.19000244140625,52.83443069458008,193200
2007-10-19,84.33000183105469,84.94000244140625,84.33000183105469,84.91000366210938,53.28630447387695,270500
2007-10-22,84.87999725341797,84.88999938964844,84.58000183105469,84.75,53.1859016418457,218900
2007-10-23,84.58999633789062,84.83999633789062,84.5,84.7300033569336,53.17334747314453,368300
2007-10-24,84.93000030517578,85.33999633789062,84.91999816894531,85.16000366210938,53.44321823120117,273300
2007-10-25,85.2300033569336,85.27999877929688,85.05999755859375,85.08999633789062,53.39923858642578,169800
2007-10-26,84.83999633789062,85.16999816894531,84.76000213623047,84.87999725341797,53.26749801635742,189500
2007-10-29,84.88999938964844,85.05000305175781,84.81999969482422,84.94999694824219,53.3114013671875,171500
2007-10-30,85.0,85.04000091552734,84.8499984741211,85.04000091552734,53.36787414550781,118400
2007-10-31,84.83000183105469,84.9800033569336,84.45999908447266,84.47000122070312,53.010162353515625,313300
2007-11-01,84.33999633789062,85.01000213623047,84.33999633789062,84.86000061035156,53.44282150268555,219100
2007-11-02,84.6500015258789,85.30999755859375,84.6500015258789,85.08999633789062,53.58765411376953,337600
2007-11-05,85.22000122070312,85.27999877929688,84.91000366210938,84.98999786376953,53.524715423583984,172100
2007-11-06,84.87000274658203,85.18000030517578,84.77999877929688,84.83999633789062,53.4302864074707,184100
2007-11-07,85.0199966430664,85.22000122070312,84.9000015258789,85.1500015258789,53.625457763671875,299700
2007-11-08,85.2300033569336,85.52999877929688,85.16000366210938,85.33999633789062,53.745113372802734,1078400
2007-11-09,85.5999984741211,85.86000061035156,85.56999969482422,85.8499984741211,54.066349029541016,276700
2007-11-12,85.97000122070312,86.0,85.7699966430664,86.0,54.160804748535156,117900
2007-11-13,85.73999786376953,85.73999786376953,85.44999694824219,85.55999755859375,53.8836669921875,125300
2007-11-14,85.2300033569336,85.62000274658203,85.2300033569336,85.62000274658203,53.92150115966797,96400
2007-11-15,85.73999786376953,86.20999908447266,85.69999694824219,86.0999984741211,54.223777770996094,210400
2007-11-16,86.11000061035156,86.33999633789062,86.0199966430664,86.0999984741211,54.223777770996094,742300
2007-11-19,86.19999694824219,86.80999755859375,86.0999984741211,86.72000122070312,54.61423110961914,503500
2007-11-20,86.68000030517578,86.8499984741211,86.33000183105469,86.48999786376953,54.469398498535156,378500
2007-11-21,87.05000305175781,87.22000122070312,86.91000366210938,87.16999816894531,54.89762878417969,317600
2007-11-23,86.94999694824219,87.2300033569336,86.68000030517578,86.91000366210938,54.733882904052734,216700
2007-11-26,87.1500015258789,88.25,87.0199966430664,88.0999984741211,55.48332595825195,637600
2007-11-27,87.66999816894531,88.04000091552734,87.02999877929688,87.27999877929688,54.96684265136719,353300
2007-11-28,87.23999786376953,87.36000061035156,86.86000061035156,86.97000122070312,54.771610260009766,159600
2007-11-29,87.44000244140625,87.75,87.33000183105469,87.45999908447266,55.08026885986328,145300
2007-11-30,86.91999816894531,87.58000183105469,86.69999694824219,87.58000183105469,55.15580749511719,395100
2007-12-03,88.05000305175781,88.05000305175781,87.4000015258789,87.62999725341797,55.37382888793945,214700
2007-12-04,87.83999633789062,87.86000061035156,87.37000274658203,87.70999908447266,55.42439651489258,196800
2007-12-05,87.41000366210938,87.66999816894531,87.27999877929688,87.37999725341797,55.21584701538086,284600
2007-12-06,87.19999694824219,87.27999877929688,86.80999755859375,86.91999816894531,54.92515563964844,217900
2007-12-07,86.7300033569336,86.7300033569336,86.19999694824219,86.36000061035156,54.571327209472656,193000
2007-12-10,86.41999816894531,86.47000122070312,85.93000030517578,86.16000366210938,54.4449348449707,257800
2007-12-11,86.27999877929688,87.33999633789062,86.27999877929688,87.33999633789062,55.19056701660156,318800
2007-12-12,86.19000244140625,86.8499984741211,86.0,86.61000061035156,54.729270935058594,470500
2007-12-13,86.41000366210938,86.47000122070312,85.97000122070312,85.97000122070312,54.324886322021484,221000
2007-12-14,85.83000183105469,85.91999816894531,85.62000274658203,85.72000122070312,54.16692352294922,240100
2007-12-17,85.9000015258789,86.27999877929688,85.80000305175781,86.2300033569336,54.489158630371094,191000
2007-12-18,86.30999755859375,86.69000244140625,86.2300033569336,86.4000015258789,54.596595764160156,644300
2007-12-19,86.80999755859375,87.19999694824219,86.30000305175781,87.08999633789062,55.03263473510742,411600
2007-12-20,87.04000091552734,87.30999755859375,86.91000366210938,86.94999694824219,54.94414520263672,308600
2007-12-21,86.88999938964844,86.91999816894531,86.2699966430664,86.31999969482422,54.546016693115234,560200
2007-12-24,86.08000183105469,86.22000122070312,85.97000122070312,86.06999969482422,54.3880615234375,197400
2007-12-26,85.9800033569336,86.25,85.58999633789062,85.66000366210938,54.12894821166992,135700
2007-12-27,86.37999725341797,86.37999725341797,85.6500015258789,85.91999816894531,54.49238204956055,211000
2007-12-28,86.22000122070312,86.70999908447266,86.16000366210938,86.61000061035156,54.929996490478516,302900
2007-12-31,86.72000122070312,87.12999725341797,86.6500015258789,87.01000213623047,55.18373489379883,181100
2008-01-02,86.98999786376953,87.7300033569336,86.94000244140625,87.62999725341797,55.576908111572266,564700
2008-01-03,87.5,87.83999633789062,87.30999755859375,87.80999755859375,55.691062927246094,198600
2008-01-04,88.0,88.23999786376953,87.94999694824219,88.04000091552734,55.836910247802734,368700
2008-01-07,87.87000274658203,88.30000305175781,87.87000274658203,88.19999694824219,55.93840789794922,341100
2008-01-08,88.08999633789062,88.41999816894531,87.87000274658203,88.38999938964844,56.05890655517578,293200
2008-01-09,88.44000244140625,88.72000122070312,88.2300033569336,88.25,55.97014617919922,335600
2008-01-10,88.43000030517578,88.47000122070312,87.91000366210938,88.01000213623047,55.81789779663086,258300
2008-01-11,88.12000274658203,88.58999633789062,88.05000305175781,88.56999969482422,56.173057556152344,310100
2008-01-14,88.5199966430664,88.6500015258789,88.4000015258789,88.61000061035156,56.198421478271484,347000
2008-01-15,88.9000015258789,89.19999694824219,88.79000091552734,89.19000244140625,56.56633377075195,353700
2008-01-16,89.23999786376953,89.7300033569336,88.80000305175781,89.0199966430664,56.45845413208008,459400
2008-01-17,89.01000213623047,89.79000091552734,88.93000030517578,89.73999786376953,56.91514587402344,608600
2008-01-18,89.48999786376953,89.69999694824219,89.30999755859375,89.61000061035156,56.83269119262695,628100
2008-01-22,90.80000305175781,90.80000305175781,89.87999725341797,90.61000061035156,57.466896057128906,863800
2008-01-23,91.76000213623047,91.77999877929688,90.12000274658203,90.19000244140625,57.20053482055664,1417600
2008-01-24,89.91000366210938,90.12999725341797,89.36000061035156,89.37000274658203,56.68048095703125,398500
2008-01-25,89.0,90.19999694824219,88.97000122070312,90.19999694824219,57.20682907104492,442600
2008-01-28,89.93000030517578,90.11000061035156,89.77999877929688,89.87000274658203,56.997562408447266,254900
2008-01-29,89.69000244140625,89.7300033569336,89.31999969482422,89.51000213623047,56.769287109375,433100
2008-01-30,89.33999633789062,89.6500015258789,89.01000213623047,89.47000122070312,56.74388122558594,694000
2008-01-31,90.19000244140625,90.19000244140625,89.63999938964844,89.93000030517578,57.03559875488281,384900
2008-02-01,90.04000091552734,90.12000274658203,89.55999755859375,89.94000244140625,57.22074890136719,597500
2008-02-04,89.4000015258789,89.62000274658203,89.33000183105469,89.44000244140625,56.902652740478516,442300
2008-02-05,90.05999755859375,90.19000244140625,89.79000091552734,90.06999969482422,57.303497314453125,234400
2008-02-06,89.79000091552734,89.94000244140625,89.66000366210938,89.91000366210938,57.201698303222656,161700
2008-02-07,89.97000122070312,89.9800033569336,88.68000030517578,88.9000015258789,56.55909729003906,246500
2008-02-08,89.38999938964844,89.69000244140625,89.2699966430664,89.6500015258789,57.03620147705078,219300
2008-02-11,89.80000305175781,90.05000305175781,89.66000366210938,89.8499984741211,57.163482666015625,200000
2008-02-12,89.45999908447266,89.70999908447266,89.18000030517578,89.66000366210938,57.042640686035156,425500
2008-02-13,89.27999877929688,89.6500015258789,89.25,89.27999877929688,56.80086898803711,310900
2008-02-14,89.0199966430664,89.16000366210938,88.55999755859375,88.79000091552734,56.48912811279297,477900
2008-02-15,88.93000030517578,89.1500015258789,88.81999969482422,88.9800033569336,56.610042572021484,512000
2008-02-19,88.5199966430664,88.79000091552734,88.19000244140625,88.33999633789062,56.20283889770508,564300
2008-02-20,88.19000244140625,88.54000091552734,88.08999633789062,88.26000213623047,56.151954650878906,496700
2008-02-21,88.5,89.22000122070312,88.5,89.16999816894531,56.73086929321289,361900
2008-02-22,89.12000274658203,89.38999938964844,88.83999633789062,88.91999816894531,56.57181930541992,237200
2008-02-25,88.75,88.91999816894531,88.23999786376953,88.33000183105469,56.19645309448242,175400
2008-02-26,88.4800033569336,88.70999908447266,88.4000015258789,88.55000305175781,56.33647537231445,259700
2008-02-27,89.05000305175781,89.08000183105469,88.43000030517578,88.76000213623047,56.47004699707031,201600
2008-02-28,89.5,89.80000305175781,89.30000305175781,89.80000305175781,57.1317138671875,289500
2008-02-29,90.25,90.80999755859375,90.1500015258789,90.76000213623047,57.74244689941406,420700
2008-03-03,90.29000091552734,90.44000244140625,90.01000213623047,90.25,57.59564208984375,480300
2008-03-04,90.3499984741211,90.6500015258789,89.81999969482422,89.91000366210938,57.37867736816406,305600
2008-03-05,90.11000061035156,90.12999725341797,89.43000030517578,89.5199966430664,57.129825592041016,358300
2008-03-06,89.86000061035156,90.36000061035156,89.81999969482422,90.23999786376953,57.589271545410156,292600
2008-03-07,90.77999877929688,90.8499984741211,90.12000274658203,90.55000305175781,57.787109375,414000
2008-03-10,90.72000122070312,91.33999633789062,90.62999725341797,91.19999694824219,58.20194625854492,200300
2008-03-11,90.4800033569336,90.5,90.0199966430664,90.20999908447266,57.57014083862305,350800
2008-03-12,90.43000030517578,91.30000305175781,90.29000091552734,91.25,58.23384094238281,289800
2008-03-13,91.47000122070312,91.52999877929688,90.5199966430664,90.7699966430664,57.927547454833984,626400
2008-03-14,91.16000366210938,91.88999938964844,91.16000366210938,91.70999908447266,58.5274658203125,301700
2008-03-17,91.66999816894531,92.58999633789062,91.66999816894531,92.16999816894531,58.82097625732422,569100
2008-03-18,92.05999755859375,92.05999755859375,91.41999816894531,91.54000091552734,58.41892623901367,333400
2008-03-19,91.44999694824219,92.4000015258789,91.41999816894531,92.33000183105469,58.923065185546875,1370400
2008-03-20,92.47000122070312,92.55999755859375,92.08000183105469,92.52999877929688,59.05073547363281,626300
2008-03-24,91.61000061035156,91.61000061035156,90.9000015258789,90.9000015258789,58.010475158691406,898300
2008-03-25,91.19000244140625,91.37000274658203,91.04000091552734,91.22000122070312,58.214698791503906,314600
2008-03-26,91.45999908447266,91.58999633789062,91.16999816894531,91.29000091552734,58.25940704345703,615400
2008-03-27,91.19000244140625,91.51000213623047,90.9800033569336,91.16999816894531,58.18281173706055,345100
2008-03-28,91.27999877929688,91.63999938964844,91.08999633789062,91.52999877929688,58.412540435791016,131800
2008-03-31,91.91999816894531,91.97000122070312,91.62000274658203,91.69000244140625,58.5146484375,431000
2008-04-01,91.54000091552734,91.54000091552734,90.37000274658203,90.58000183105469,58.00302505493164,786700
2008-04-02,90.31999969482422,90.5999984741211,90.08000183105469,90.27999877929688,57.81089782714844,734700
2008-04-03,90.5999984741211,90.5999984741211,90.13999938964844,90.27999877929688,57.81089782714844,560200
2008-04-04,90.75,91.0,90.73999786376953,90.97000122070312,58.25278854370117,421800
2008-04-07,90.47000122070312,90.63999938964844,90.05999755859375,90.37000274658203,57.86855697631836,330400
2008-04-08,90.62999725341797,90.6500015258789,90.29000091552734,90.37999725341797,57.87492752075195,469900
2008-04-09,90.55000305175781,91.08000183105469,90.43000030517578,90.91999816894531,58.220680236816406,761000
2008-04-10,90.91999816894531,91.02999877929688,90.36000061035156,90.55999755859375,57.990196228027344,199700
2008-04-11,90.94999694824219,91.08999633789062,90.83000183105469,90.94999694824219,58.23994445800781,716400
2008-04-14,90.94000244140625,91.08999633789062,90.66000366210938,90.72000122070312,58.0926628112793,246000
2008-04-15,90.44000244140625,90.5999984741211,90.19000244140625,90.30999755859375,57.83013153076172,273700
2008-04-16,90.25,90.3499984741211,89.45999908447266,89.69999694824219,57.43951416015625,1116400
2008-04-17,89.66999816894531,89.7699966430664,89.18000030517578,89.48999786376953,57.30507278442383,815000
2008-04-18,88.93000030517578,89.47000122070312,88.6500015258789,89.4000015258789,57.24741744995117,2284800
2008-04-21,89.2699966430664,89.5199966430664,89.1500015258789,89.41000366210938,57.25375747680664,303600
2008-04-22,89.33999633789062,89.66999816894531,89.25,89.4800033569336,57.29862594604492,427900
2008-04-23,89.43000030517578,89.5,89.12999725341797,89.38999938964844,57.240943908691406,191300
2008-04-24,88.79000091552734,89.0199966430664,88.54000091552734,88.69000244140625,56.79277420043945,306600
2008-04-25,88.51000213623047,88.75,88.27999877929688,88.56999969482422,56.71588134765625,211400
2008-04-28,88.5,88.80999755859375,88.45999908447266,88.7300033569336,56.818328857421875,167800
2008-04-29,88.9000015258789,89.12000274658203,88.7699966430664,88.88999938964844,56.920860290527344,144300
2008-04-30,88.86000061035156,89.26000213623047,88.58000183105469,89.16999816894531,57.10007858276367,168700
2008-05-01,89.30000305175781,89.37000274658203,88.69999694824219,88.87999725341797,57.09370422363281,336700
2008-05-02,88.29000091552734,88.5,88.08000183105469,88.16000366210938,56.631229400634766,341700
2008-05-05,88.36000061035156,88.41000366210938,88.0,88.29000091552734,56.71467208862305,158800
2008-05-06,88.47000122070312,88.58000183105469,87.93000030517578,88.01000213623047,56.53480911254883,557400
2008-05-07,87.91000366210938,88.4000015258789,87.80999755859375,88.36000061035156,56.75966262817383,361300
2008-05-08,88.52999877929688,88.93000030517578,88.4800033569336,88.93000030517578,57.12582015991211,445600
2008-05-09,89.1500015258789,89.20999908447266,88.87999725341797,89.02999877929688,57.19004821777344,236600
2008-05-12,88.94999694824219,89.2300033569336,88.83000183105469,88.87999725341797,57.09370422363281,112200
2008-05-13,88.36000061035156,88.55999755859375,88.08000183105469,88.13999938964844,56.61833953857422,458800
2008-05-14,88.37999725341797,88.37999725341797,87.77999877929688,88.11000061035156,56.59911346435547,174400
2008-05-15,88.02999877929688,88.63999938964844,88.02999877929688,88.5999984741211,56.913883209228516,269100
2008-05-16,88.4000015258789,88.9000015258789,88.37000274658203,88.44999694824219,56.81748962402344,318100
2008-05-19,88.55000305175781,88.68000030517578,88.2300033569336,88.6500015258789,56.94593048095703,163600
2008-05-20,88.8499984741211,88.95999908447266,88.63999938964844,88.91999816894531,57.11937713623047,230400
2008-05-21,88.61000061035156,88.94000244140625,88.55999755859375,88.70999908447266,56.98451232910156,183100
2008-05-22,88.37000274658203,88.37999725341797,87.8499984741211,88.12999725341797,56.61189651489258,223800
2008-05-23,88.30999755859375,88.6500015258789,88.30000305175781,88.5199966430664,56.86244583129883,413200
2008-05-27,88.08999633789062,88.31999969482422,87.95999908447266,88.08999633789062,56.58625030517578,258900
2008-05-28,87.76000213623047,87.81999969482422,87.4000015258789,87.43000030517578,56.16226577758789,197900
2008-05-29,87.2300033569336,87.2300033569336,86.76000213623047,87.0199966430664,55.89889907836914,387600
2008-05-30,87.3499984741211,87.4800033569336,87.23999786376953,87.30999755859375,56.0851936340332,2838400
2008-06-02,87.5,87.66000366210938,86.19000244140625,87.5199966430664,56.41847229003906,240300
2008-06-03,87.36000061035156,88.16999816894531,87.18000030517578,87.9800033569336,56.714942932128906,561500
2008-06-04,88.19000244140625,88.19999694824219,87.55999755859375,87.66000366210938,56.50873947143555,462400
2008-06-05,87.41000366210938,87.44999694824219,87.12000274658203,87.19999694824219,56.212181091308594,1079400
2008-06-06,87.69999694824219,88.05000305175781,87.52999877929688,87.95999908447266,56.70207977294922,250000
2008-06-09,87.5199966430664,87.7300033569336,87.19999694824219,87.33000183105469,56.295963287353516,288000
2008-06-10,87.12000274658203,87.20999908447266,86.68000030517578,86.80999755859375,55.96074295043945,221200
2008-06-11,86.98999786376953,87.33999633789062,86.72000122070312,86.9000015258789,56.018760681152344,247100
2008-06-12,86.5199966430664,86.5199966430664,86.0,86.13999938964844,55.52885055541992,546800
2008-06-13,86.13999938964844,86.43000030517578,85.86000061035156,85.94000244140625,55.39994430541992,579300
2008-06-16,86.12999725341797,86.16000366210938,85.80000305175781,85.94999694824219,55.4063835144043,180600
2008-06-17,86.11000061035156,86.31999969482422,85.93000030517578,86.23999786376953,55.59333038330078,266600
2008-06-18,86.38999938964844,86.77999877929688,86.3499984741211,86.70999908447266,55.896305084228516,296200
2008-06-19,86.5199966430664,86.61000061035156,86.19000244140625,86.20999908447266,55.573974609375,152900
2008-06-20,86.69000244140625,86.83999633789062,86.47000122070312,86.61000061035156,55.831844329833984,318300
2008-06-23,86.70999908447266,86.8499984741211,86.45999908447266,86.56999969482422,55.8060417175293,472000
2008-06-24,86.80000305175781,87.1500015258789,86.75,87.02999877929688,56.10258865356445,273400
2008-06-25,87.01000213623047,87.08000183105469,86.55999755859375,87.0199966430664,56.09613800048828,254200
2008-06-26,87.02999877929688,87.61000061035156,87.02999877929688,87.51000213623047,56.41204833984375,320500
2008-06-27,87.62000274658203,88.05000305175781,87.5199966430664,87.94000244140625,56.68922424316406,173000
2008-06-30,87.83999633789062,88.04000091552734,87.7300033569336,88.0,56.72786331176758,240500
2008-07-01,88.01000213623047,88.11000061035156,87.47000122070312,87.47000122070312,56.573936462402344,355300
2008-07-02,87.55000305175781,87.80000305175781,87.48999786376953,87.68000030517578,56.70975112915039,469800
2008-07-03,87.56999969482422,87.87999725341797,87.44999694824219,87.70999908447266,56.72915267944336,261800
2008-07-07,87.7699966430664,88.44999694824219,87.54000091552734,88.12000274658203,56.99432373046875,507900
2008-07-08,88.18000030517578,88.47000122070312,88.1500015258789,88.33999633789062,57.136661529541016,206400
2008-07-09,88.3499984741211,88.83000183105469,88.25,88.76000213623047,57.4083137512207,308200
2008-07-10,88.80000305175781,88.94000244140625,88.41000366210938,88.79000091552734,57.42765808105469,291100
2008-07-11,88.79000091552734,88.88999938964844,87.8499984741211,87.95999908447266,56.890830993652344,378000
2008-07-14,88.01000213623047,88.63999938964844,88.0,88.43000030517578,57.19487762451172,296400
2008-07-15,88.62000274658203,89.0999984741211,88.54000091552734,88.75,57.401832580566406,506300
2008-07-16,88.44999694824219,88.5,87.94000244140625,87.94000244140625,56.8779411315918,309500
2008-07-17,87.9000015258789,88.08999633789062,87.36000061035156,87.5199966430664,56.60631561279297,266400
2008-07-18,87.55000305175781,87.7300033569336,87.1500015258789,87.22000122070312,56.412296295166016,365500
2008-07-21,87.16999816894531,87.41999816894531,87.05000305175781,87.41999816894531,56.54158401489258,264600
2008-07-22,87.33999633789062,87.37999725341797,87.01000213623047,87.12000274658203,56.34756851196289,263000
2008-07-23,86.94999694824219,87.05999755859375,86.69000244140625,86.9800033569336,56.25703430175781,550000
2008-07-24,87.08999633789062,87.77999877929688,87.06999969482422,87.7300033569336,56.74211502075195,276300
2008-07-25,87.51000213623047,87.63999938964844,87.0999984741211,87.22000122070312,56.412296295166016,296900
2008-07-28,87.51000213623047,87.87999725341797,87.4800033569336,87.72000122070312,56.73566436767578,363000
2008-07-29,87.58000183105469,87.62000274658203,87.30000305175781,87.47000122070312,56.573936462402344,190000
2008-07-30,87.2699966430664,87.80000305175781,87.1500015258789,87.63999938964844,56.68391036987305,274900
2008-07-31,88.11000061035156,88.33999633789062,88.04000091552734,88.33999633789062,57.136661529541016,275000
2008-08-01,87.7300033569336,88.0999984741211,87.70999908447266,88.08000183105469,57.16521072387695,308500
2008-08-04,87.91999816894531,88.19999694824219,87.8499984741211,88.0199966430664,57.126243591308594,367500
2008-08-05,87.94000244140625,88.04000091552734,87.56999969482422,87.56999969482422,56.83420944213867,355600
2008-08-06,87.56999969482422,87.61000061035156,87.19999694824219,87.5999984741211,56.85368728637695,272400
2008-08-07,87.97000122070312,88.5999984741211,87.86000061035156,88.41999816894531,57.385860443115234,341200
2008-08-08,88.51000213623047,88.54000091552734,88.22000122070312,88.37999725341797,57.35989761352539,202800
2008-08-11,88.26000213623047,88.26000213623047,87.66999816894531,87.94999694824219,57.08081817626953,412500
2008-08-12,88.2699966430664,88.58000183105469,88.23999786376953,88.55999755859375,57.47673034667969,302200
2008-08-13,88.69999694824219,88.72000122070312,88.19999694824219,88.37000274658203,57.353397369384766,210100
2008-08-14,88.63999938964844,88.77999877929688,88.45999908447266,88.63999938964844,57.52865219116211,303000
2008-08-15,88.87999725341797,89.11000061035156,88.83000183105469,88.97000122070312,57.74284362792969,292500
2008-08-18,88.95999908447266,89.2300033569336,88.87999725341797,89.19000244140625,57.8856201171875,381000
2008-08-19,89.29000091552734,89.31999969482422,88.95999908447266,89.05999755859375,57.80122756958008,373400
2008-08-20,89.22000122070312,89.44999694824219,89.13999938964844,89.31999969482422,57.9699821472168,487300
2008-08-21,89.37000274658203,89.37000274658203,88.94000244140625,89.12999725341797,57.84666061401367,279900
2008-08-22,88.95999908447266,88.95999908447266,88.69999694824219,88.87000274658203,57.67792510986328,157200
2008-08-25,89.37999725341797,89.55000305175781,89.3499984741211,89.45999908447266,58.06085205078125,232700
2008-08-26,89.36000061035156,89.48999786376953,89.19000244140625,89.48999786376953,58.0803337097168,166900
2008-08-27,89.11000061035156,89.6500015258789,89.11000061035156,89.62000274658203,58.164695739746094,255700
2008-08-28,89.37000274658203,89.58999633789062,89.19999694824219,89.48999786376953,58.0803337097168,201600
2008-08-29,89.29000091552734,89.41999816894531,89.0999984741211,89.37999725341797,58.0088996887207,496900
2008-09-02,88.88999938964844,89.58999633789062,88.69999694824219,89.56999969482422,58.32476806640625,349200
2008-09-03,89.55999755859375,89.9000015258789,89.52999877929688,89.79000091552734,58.467952728271484,410300
2008-09-04,89.95999908447266,90.27999877929688,89.8499984741211,90.23999786376953,58.761009216308594,460500
2008-09-05,90.47000122070312,90.63999938964844,90.0,90.04000091552734,58.63079071044922,363400
2008-09-08,89.43000030517578,90.08000183105469,89.23999786376953,90.05000305175781,58.637290954589844,418500
2008-09-09,89.87999725341797,90.52999877929688,89.73999786376953,90.45999908447266,58.904239654541016,323800
2008-09-10,89.93000030517578,90.3499984741211,89.87000274658203,90.2300033569336,58.7545051574707,248900
2008-09-11,90.48999786376953,90.54000091552734,90.0,90.06999969482422,58.6502799987793,393500
2008-09-12,90.16999816894531,90.19999694824219,89.47000122070312,89.62000274658203,58.357295989990234,358300
2008-09-15,90.97000122070312,91.41000366210938,90.62000274658203,91.33999633789062,59.477294921875,526200
2008-09-16,92.62999725341797,92.63999938964844,91.02999877929688,91.08000183105469,59.30795669555664,810900
2008-09-17,91.66999816894531,92.11000061035156,91.31999969482422,91.9000015258789,59.84195327758789,829800
2008-09-18,91.4000015258789,91.93000030517578,90.79000091552734,90.81999969482422,59.13868713378906,687700
2008-09-19,89.05999755859375,89.75,89.05999755859375,89.19999694824219,58.08381271362305,1339500
2008-09-22,88.63999938964844,89.11000061035156,88.4800033569336,89.01000213623047,57.960086822509766,785800
2008-09-23,89.13999938964844,89.29000091552734,88.72000122070312,89.01000213623047,57.960086822509766,455500
2008-09-24,89.33000183105469,89.54000091552734,89.01000213623047,89.23999786376953,58.109859466552734,415400
2008-09-25,89.19999694824219,89.19999694824219,88.44999694824219,88.97000122070312,57.93403625488281,427200
2008-09-26,89.13999938964844,89.29000091552734,88.83000183105469,88.91000366210938,57.894935607910156,310600
2008-09-29,89.48999786376953,91.06999969482422,89.48999786376953,90.1500015258789,58.7024040222168,528000
2008-09-30,90.29000091552734,90.29000091552734,88.77999877929688,88.95999908447266,57.92753601074219,477900
2008-10-01,89.13999938964844,89.80000305175781,88.7699966430664,89.27999877929688,58.335880279541016,349200
2008-10-02,89.43000030517578,89.91999816894531,89.31999969482422,89.77999877929688,58.6626091003418,298000
2008-10-03,89.87999725341797,90.19999694824219,89.0,90.12000274658203,58.88474655151367,505400
2008-10-06,90.44000244140625,91.31999969482422,90.43000030517578,90.8499984741211,59.361778259277344,1065200
2008-10-07,90.44000244140625,91.05000305175781,90.2699966430664,90.77999877929688,59.3160400390625,825400
2008-10-08,91.06999969482422,91.2300033569336,88.51000213623047,89.62000274658203,58.55805969238281,869200
2008-10-09,88.66999816894531,88.79000091552734,88.23999786376953,88.72000122070312,57.970027923583984,577200
2008-10-10,88.44999694824219,88.44999694824219,87.41000366210938,87.68000030517578,57.290489196777344,1154600
2008-10-13,87.26000213623047,87.76000213623047,86.87000274658203,87.08000183105469,56.89841842651367,478400
2008-10-14,87.05000305175781,87.4000015258789,86.62000274658203,86.66999816894531,56.630531311035156,736700
2008-10-15,86.66000366210938,87.37999725341797,86.58999633789062,87.37999725341797,57.094425201416016,247200
2008-10-16,87.11000061035156,87.58999633789062,87.05000305175781,87.4000015258789,57.10752868652344,330400
2008-10-17,87.9000015258789,87.94999694824219,86.94000244140625,87.94999694824219,57.466880798339844,445800
2008-10-20,87.48999786376953,88.0999984741211,87.29000091552734,88.04000091552734,57.52565383911133,315900
2008-10-21,88.58999633789062,89.12999725341797,88.18000030517578,88.97000122070312,58.13336944580078,225500
2008-10-22,89.11000061035156,89.6500015258789,89.05999755859375,89.6500015258789,58.577667236328125,347700
2008-10-23,89.91000366210938,90.1500015258789,89.29000091552734,89.7699966430664,58.65602493286133,330000
2008-10-24,90.4000015258789,90.4000015258789,89.16999816894531,89.38999938964844,58.40779113769531,1924600
2008-10-27,89.45999908447266,89.68000030517578,88.91000366210938,89.33999633789062,58.37514114379883,213700
2008-10-28,88.9000015258789,89.33000183105469,88.30999755859375,88.62000274658203,57.90461730957031,278100
2008-10-29,88.69000244140625,89.04000091552734,88.31999969482422,88.75,57.98957443237305,255400
2008-10-30,88.05999755859375,88.30999755859375,87.83000183105469,88.06999969482422,57.54528045654297,406300
2008-10-31,88.43000030517578,88.7300033569336,87.58999633789062,87.88999938964844,57.427650451660156,264100
2008-11-03,87.69999694824219,87.8499984741211,87.38999938964844,87.70999908447266,57.51946258544922,1942300
2008-11-04,87.73999786376953,88.87999725341797,87.73999786376953,88.76000213623047,58.208072662353516,269700
2008-11-05,88.77999877929688,89.2300033569336,88.66999816894531,89.2300033569336,58.516273498535156,286500
2008-11-06,88.80000305175781,89.16999816894531,88.5,88.95999908447266,58.3392219543457,173000
2008-11-07,88.7300033569336,88.8499984741211,88.44000244140625,88.63999938964844,58.129337310791016,212300
2008-11-10,88.54000091552734,88.97000122070312,88.29000091552734,88.7300033569336,58.18837356567383,205400
2008-11-11,88.72000122070312,89.37000274658203,88.72000122070312,89.05999755859375,58.40481185913086,130100
2008-11-12,89.27999877929688,89.75,89.25,89.61000061035156,58.765472412109375,266900
2008-11-13,89.48999786376953,89.94999694824219,88.87999725341797,88.95999908447266,58.3392219543457,300500
2008-11-14,89.7300033569336,90.05999755859375,89.52999877929688,89.83999633789062,58.91630172729492,324100
2008-11-17,89.8499984741211,90.30000305175781,89.80000305175781,90.22000122070312,59.165496826171875,473100
2008-11-18,90.5999984741211,91.1500015258789,90.41999816894531,90.91999816894531,59.62457275390625,543600
2008-11-19,91.30000305175781,92.05000305175781,91.08999633789062,91.9000015258789,60.26723861694336,432400
2008-11-20,93.11000061035156,93.75,92.61000061035156,93.75,61.48044967651367,727900
2008-11-21,92.73999786376953,93.12000274658203,92.43000030517578,92.88999938964844,60.916507720947266,791300
2008-11-24,92.5199966430664,92.5999984741211,91.70999908447266,92.0199966430664,60.34596633911133,611600
2008-11-25,93.20999908447266,95.69999694824219,92.8499984741211,93.5999984741211,61.382049560546875,411600
2008-11-26,93.7300033569336,94.23999786376953,93.69000244140625,94.16999816894531,61.75587463378906,483400
2008-11-28,94.05000305175781,94.5199966430664,94.01000213623047,94.36000061035156,61.88044357299805,134000
2008-12-01,95.05000305175781,96.08000183105469,94.63999938964844,95.31999969482422,62.71807098388672,663900
2008-12-02,95.26000213623047,95.87000274658203,95.16999816894531,95.81999969482422,63.047080993652344,278300
2008-12-03,95.7699966430664,96.12000274658203,95.19999694824219,95.97000122070312,63.14579772949219,352200
2008-12-04,96.16999816894531,96.79000091552734,95.87000274658203,96.56999969482422,63.54058837890625,443800
2008-12-05,96.25,96.66000366210938,95.41999816894531,95.55000305175781,62.86943817138672,557500
2008-12-08,95.5,95.70999908447266,95.06999969482422,95.19000244140625,62.63255310058594,523400
2008-12-09,95.37999725341797,96.20999908447266,95.06999969482422,96.0,63.16554641723633,1421700
2008-12-10,95.48999786376953,95.91000366210938,95.27999877929688,95.91000366210938,63.10623550415039,737000
2008-12-11,96.04000091552734,96.55999755859375,95.62999725341797,96.48999786376953,63.487945556640625,327500
2008-12-12,96.4800033569336,96.7699966430664,95.48999786376953,96.76000213623047,63.66557693481445,281300
2008-12-15,96.83999633789062,97.23999786376953,96.70999908447266,96.97000122070312,63.803749084472656,328900
2008-12-16,98.51000213623047,98.62999725341797,96.63999938964844,98.51000213623047,64.81707000732422,406000
2008-12-17,99.77999877929688,100.0199966430664,99.01000213623047,99.18000030517578,65.25789642333984,667900
2008-12-18,99.94999694824219,100.30999755859375,99.66999816894531,99.8499984741211,65.69872283935547,477700
2008-12-19,99.44000244140625,99.98999786376953,99.44000244140625,99.5199966430664,65.48159790039062,598000
2008-12-22,99.55999755859375,99.72000122070312,99.1500015258789,99.26000213623047,65.31049346923828,804200
2008-12-23,99.0999984741211,99.55000305175781,99.0,99.20999908447266,65.27762603759766,324500
2008-12-24,99.16000366210938,99.44000244140625,99.05000305175781,99.11000061035156,65.21184539794922,129200
2008-12-26,99.51000213623047,99.63999938964844,99.19999694824219,99.63999938964844,65.560546875,181100
2008-12-29,99.44999694824219,99.91999816894531,99.37999725341797,99.48999786376953,65.70518493652344,211900
2008-12-30,99.2300033569336,99.63999938964844,99.0999984741211,99.62999725341797,65.79759979248047,201300
2008-12-31,99.37000274658203,99.58000183105469,98.19999694824219,98.52999877929688,65.0711898803711,404600
2009-01-02,98.77999877929688,98.95999908447266,96.94000244140625,97.12000274658203,64.13996124267578,455200
2009-01-05,96.70999908447266,97.30000305175781,96.44999694824219,96.94999694824219,64.02771759033203,1383500
2009-01-06,96.20999908447266,97.08000183105469,96.0,96.88999938964844,63.98809814453125,900800
2009-01-07,96.73999786376953,97.13999938964844,96.55000305175781,96.91000366210938,64.00127410888672,296700
2009-01-08,97.01000213623047,97.52999877929688,96.86000061035156,97.16999816894531,64.17301940917969,262600
2009-01-09,97.0,97.94999694824219,97.0,97.62000274658203,64.47017669677734,278700
2009-01-12,97.37999725341797,98.30999755859375,97.33999633789062,98.2300033569336,64.873046875,747700
2009-01-13,97.9800033569336,98.36000061035156,97.91000366210938,98.30000305175781,64.91922760009766,157700
2009-01-14,98.72000122070312,99.22000122070312,98.69999694824219,98.8499984741211,65.28247833251953,321100
2009-01-15,98.97000122070312,99.12000274658203,98.58999633789062,98.7699966430664,65.22969055175781,414500
2009-01-16,97.55000305175781,98.5,97.47000122070312,97.86000061035156,64.62870025634766,288800
2009-01-20,96.80999755859375,98.05000305175781,96.75,97.70999908447266,64.52965545654297,357200
2009-01-21,97.0999984741211,97.55000305175781,96.62000274658203,96.83999633789062,63.95507049560547,484100
2009-01-22,96.72000122070312,96.7699966430664,95.9000015258789,96.19999694824219,63.53241729736328,262600
2009-01-23,95.86000061035156,96.22000122070312,95.55999755859375,96.22000122070312,63.545631408691406,361900
2009-01-26,95.8499984741211,96.11000061035156,95.55999755859375,95.9800033569336,63.387115478515625,324900
2009-01-27,95.91000366210938,96.75,95.8499984741211,96.61000061035156,63.803157806396484,269300
2009-01-28,96.75,96.81999969482422,95.58000183105469,95.98999786376953,63.39368438720703,266200
2009-01-29,95.51000213623047,95.73999786376953,94.4800033569336,94.73999786376953,62.56816101074219,325900
2009-01-30,95.0199966430664,95.1500015258789,94.62000274658203,94.69999694824219,62.54179763793945,296900
2009-02-02,94.80000305175781,95.37000274658203,94.47000122070312,95.19999694824219,63.0490837097168,347600
2009-02-03,94.83999633789062,94.94000244140625,94.19999694824219,94.37999725341797,62.505985260009766,436000
2009-02-04,94.1500015258789,94.25,93.5,93.9000015258789,62.18810272216797,325000
2009-02-05,94.02999877929688,94.45999908447266,93.73999786376953,94.12000274658203,62.33380889892578,641800
2009-02-06,94.0,94.02999877929688,93.5,93.55000305175781,61.956298828125,667000
2009-02-09,93.5199966430664,93.58000183105469,93.12000274658203,93.36000061035156,61.830482482910156,468300
2009-02-10,94.0999984741211,94.8499984741211,93.9800033569336,94.61000061035156,62.6583251953125,437400
2009-02-11,94.86000061035156,95.48999786376953,94.81999969482422,95.33999633789062,63.14177703857422,316800
2009-02-12,95.58000183105469,95.77999877929688,95.20999908447266,95.30999755859375,63.12187957763672,379900
2009-02-13,94.91000366210938,95.02999877929688,94.41999816894531,94.55999755859375,62.625221252441406,304100
2009-02-17,95.55999755859375,96.22000122070312,95.55999755859375,96.1500015258789,63.67828369140625,416200
2009-02-18,96.13999938964844,96.19000244140625,95.33999633789062,95.44999694824219,63.21467971801758,422300
2009-02-19,94.55999755859375,95.29000091552734,94.55999755859375,94.91999816894531,62.86362838745117,229300
2009-02-20,95.4800033569336,95.87000274658203,95.12999725341797,95.19000244140625,63.04243469238281,338800
2009-02-23,94.83000183105469,95.31999969482422,94.69000244140625,95.27999877929688,63.10206604003906,440600
2009-02-24,95.43000030517578,95.79000091552734,94.8499984741211,94.91999816894531,62.86362838745117,557000
2009-02-25,94.87000274658203,95.12999725341797,93.97000122070312,94.05999755859375,62.2940788269043,428700
2009-02-26,93.83000183105469,94.05999755859375,93.66000366210938,93.81999969482422,62.13509750366211,224800
2009-02-27,94.06999969482422,94.27999877929688,93.55999755859375,93.73999786376953,62.08214569091797,288300
2009-03-02,93.97000122070312,94.62999725341797,93.9000015258789,94.43000030517578,62.705013275146484,500400
2009-03-03,93.9000015258789,94.61000061035156,93.77999877929688,94.30999755859375,62.625335693359375,528400
2009-03-04,93.47000122070312,93.87000274658203,93.44000244140625,93.83000183105469,62.30656814575195,331600
2009-03-05,94.51000213623047,95.05000305175781,94.19000244140625,94.93000030517578,63.03700637817383,475000
2009-03-06,94.45999908447266,95.18000030517578,94.45999908447266,94.4800033569336,62.738182067871094,414800
2009-03-09,94.62999725341797,94.76000213623047,94.0999984741211,94.5199966430664,62.76478958129883,224900
2009-03-10,94.05000305175781,94.1500015258789,93.7300033569336,93.83000183105469,62.30656814575195,244500
2009-03-11,93.62999725341797,94.5,93.55999755859375,94.5,62.751495361328125,320700
2009-03-12,94.56999969482422,95.0999984741211,94.4000015258789,94.7699966430664,62.93075180053711,271100
2009-03-13,94.5,95.0999984741211,94.30000305175781,94.69999694824219,62.88430404663086,553200
2009-03-16,94.06999969482422,94.38999938964844,94.0199966430664,94.16000366210938,62.52568054199219,512100
2009-03-17,94.45999908447266,94.62999725341797,93.79000091552734,93.9800033569336,62.406158447265625,222200
2009-03-18,94.1500015258789,97.5,94.1500015258789,97.19999694824219,64.5443344116211,751400
2009-03-19,97.51000213623047,97.68000030517578,96.8499984741211,96.87000274658203,64.32523345947266,711100
2009-03-20,97.04000091552734,97.20999908447266,96.69999694824219,96.87000274658203,64.32523345947266,231400
2009-03-23,96.80999755859375,97.0999984741211,96.48999786376953,96.54000091552734,64.10615539550781,285100
2009-03-24,96.41000366210938,96.80999755859375,96.0,96.4000015258789,64.01314544677734,810500
2009-03-25,96.16999816894531,96.41999816894531,95.66999816894531,95.81999969482422,63.628028869628906,443500
2009-03-26,95.83000183105469,96.33999633789062,95.6500015258789,96.06999969482422,63.79408264160156,507900
2009-03-27,96.27999877929688,96.4000015258789,95.81999969482422,96.01000213623047,63.75417709350586,394200
2009-03-30,96.55000305175781,96.66999816894531,96.11000061035156,96.41999816894531,64.02641296386719,321200
2009-03-31,96.41999816894531,96.69999694824219,96.41000366210938,96.58999633789062,64.1393051147461,1150800
2009-04-01,96.56999969482422,96.72000122070312,96.22000122070312,96.55000305175781,64.29645538330078,230200
2009-04-02,96.22000122070312,96.29000091552734,95.69999694824219,95.91999816894531,63.876922607421875,552400
2009-04-03,95.51000213623047,95.73999786376953,94.79000091552734,94.81999969482422,63.144386291503906,1177200
2009-04-06,94.97000122070312,95.04000091552734,94.54000091552734,94.5999984741211,62.997894287109375,363600
2009-04-07,94.81999969482422,95.01000213623047,94.66999816894531,94.83999633789062,63.15772247314453,289700
2009-04-08,94.9800033569336,95.30999755859375,94.8499984741211,95.30999755859375,63.47075271606445,250800
2009-04-09,94.72000122070312,95.16000366210938,94.5999984741211,94.75,63.09783172607422,249600
2009-04-13,95.16000366210938,95.45999908447266,95.11000061035156,95.30999755859375,63.47075271606445,207300
2009-04-14,95.55999755859375,95.91000366210938,95.41999816894531,95.80000305175781,63.79705810546875,254000
2009-04-15,95.93000030517578,96.01000213623047,95.5,95.88999938964844,63.856998443603516,238500
2009-04-16,95.68000030517578,95.80000305175781,95.3499984741211,95.51000213623047,63.60396194458008,240100
2009-04-17,95.23999786376953,95.27999877929688,94.6500015258789,94.73999786376953,63.09113693237305,239400
2009-04-20,95.0999984741211,95.5,95.08000183105469,95.4000015258789,63.530670166015625,277700
2009-04-21,95.79000091552734,95.86000061035156,94.9000015258789,95.02999877929688,63.284263610839844,218500
2009-04-22,95.13999938964844,95.19000244140625,94.5,94.80000305175781,63.13112258911133,160900
2009-04-23,94.69999694824219,94.9000015258789,94.43000030517578,94.77999877929688,63.11774826049805,238200
2009-04-24,94.51000213623047,94.6500015258789,94.23999786376953,94.41000366210938,62.87140655517578,253500
2009-04-27,94.80000305175781,94.94999694824219,94.44999694824219,94.80000305175781,63.13112258911133,207500
2009-04-28,95.11000061035156,95.12000274658203,94.19999694824219,94.33999633789062,62.82475662231445,283800
2009-04-29,94.3499984741211,94.55000305175781,93.51000213623047,93.83000183105469,62.48512649536133,454400
2009-04-30,93.58999633789062,93.79000091552734,93.29000091552734,93.66999816894531,62.3785400390625,410500
2009-05-01,93.16000366210938,93.20999908447266,92.83000183105469,93.08999633789062,62.178226470947266,562700
2009-05-04,93.1500015258789,93.36000061035156,92.95999908447266,93.18000030517578,62.2382698059082,516400
2009-05-05,93.19000244140625,93.36000061035156,92.97000122070312,93.16000366210938,62.224979400634766,245000
2009-05-06,93.08000183105469,93.55000305175781,93.01000213623047,93.19999694824219,62.251670837402344,442600
2009-05-07,92.68000030517578,92.97000122070312,92.25,92.41999816894531,61.73069763183594,489800
2009-05-08,92.51000213623047,92.80000305175781,92.41000366210938,92.52999877929688,61.80419158935547,399900
2009-05-11,93.1500015258789,93.44999694824219,92.98999786376953,93.4000015258789,62.38525390625,698000
2009-05-12,93.2300033569336,93.4800033569336,93.08999633789062,93.33999633789062,62.34513854980469,206800
2009-05-13,93.56999969482422,93.86000061035156,93.55999755859375,93.7699966430664,62.63243103027344,287500
2009-05-14,93.70999908447266,93.83000183105469,93.55000305175781,93.77999877929688,62.63908004760742,186500
2009-05-15,93.62999725341797,93.69999694824219,93.4000015258789,93.55000305175781,62.485450744628906,254100
2009-05-18,93.61000061035156,93.68000030517578,92.95999908447266,93.0,62.118099212646484,456100
2009-05-19,92.80000305175781,92.93000030517578,92.58999633789062,92.87000274658203,62.03122329711914,268900
2009-05-20,92.87999725341797,93.29000091552734,92.7300033569336,93.16000366210938,62.224979400634766,408600
2009-05-21,93.45999908447266,93.45999908447266,92.05999755859375,92.13999938964844,61.5436897277832,374900
2009-05-22,91.73999786376953,92.01000213623047,91.45999908447266,91.5999984741211,61.18297576904297,382200
2009-05-26,91.87000274658203,91.98999786376953,90.97000122070312,90.98999786376953,60.77555847167969,519900
2009-05-27,91.0,91.05999755859375,89.87999725341797,89.95999908447266,60.087554931640625,733500
2009-05-28,90.61000061035156,90.62999725341797,89.70999908447266,90.43000030517578,60.40151596069336,660100
2009-05-29,90.47000122070312,91.54000091552734,90.44999694824219,91.44999694824219,61.0827522277832,1119300
2009-06-01,90.26000213623047,90.3499984741211,89.43000030517578,89.69000244140625,60.085968017578125,970300
2009-06-02,89.91999816894531,90.04000091552734,89.44999694824219,89.98999786376953,60.28691101074219,1903800
2009-06-03,90.27999877929688,90.63999938964844,90.13999938964844,90.54000091552734,60.655391693115234,568800
2009-06-04,89.9800033569336,90.08999633789062,89.33999633789062,89.48999786376953,59.95196533203125,591100
2009-06-05,88.68000030517578,89.13999938964844,88.41000366210938,88.5999984741211,59.3557243347168,1273900
2009-06-08,88.70999908447266,88.83999633789062,88.08000183105469,88.1500015258789,59.05426025390625,1135800
2009-06-09,88.55000305175781,88.79000091552734,88.29000091552734,88.52999877929688,59.30885696411133,1127200
2009-06-10,88.2699966430664,88.4800033569336,87.69999694824219,88.0,58.9537467956543,1406500
2009-06-11,87.9800033569336,88.94999694824219,87.81999969482422,88.5999984741211,59.3557243347168,781400
2009-06-12,88.72000122070312,89.29000091552734,88.72000122070312,89.06999969482422,59.67059326171875,608300
2009-06-15,89.41000366210938,89.62000274658203,89.30000305175781,89.47000122070312,59.93859100341797,531500
2009-06-16,89.44000244140625,90.0,89.29000091552734,89.97000122070312,60.273521423339844,403000
2009-06-17,90.0,90.4000015258789,89.7300033569336,89.7300033569336,60.112735748291016,594800
2009-06-18,89.2300033569336,89.41999816894531,88.54000091552734,88.63999938964844,59.38249969482422,1015500
2009-06-19,88.51000213623047,89.06999969482422,88.44000244140625,89.05000305175781,59.657169342041016,850900
2009-06-22,89.41000366210938,89.63999938964844,89.30000305175781,89.52999877929688,59.9787483215332,1218000
2009-06-23,89.55999755859375,89.94999694824219,89.43000030517578,89.81999969482422,60.17303466796875,492200
2009-06-24,89.87000274658203,90.31999969482422,89.4800033569336,89.4800033569336,59.94524383544922,687600
2009-06-25,89.69999694824219,90.5999984741211,89.48999786376953,90.5999984741211,60.695560455322266,790700
2009-06-26,90.66999816894531,90.9000015258789,90.5,90.72000122070312,60.77594757080078,263700
2009-06-29,90.97000122070312,91.08999633789062,90.72000122070312,90.91000366210938,60.903228759765625,903200
2009-06-30,90.45999908447266,90.98999786376953,90.31999969482422,90.66999816894531,60.74247741699219,608800
2009-07-01,90.05000305175781,90.36000061035156,89.87999725341797,90.36000061035156,60.70350646972656,394100
2009-07-02,90.52999877929688,90.87999725341797,90.52999877929688,90.66000366210938,60.90507125854492,431700
2009-07-06,90.51000213623047,90.7699966430664,90.41000366210938,90.72000122070312,60.94533920288086,472200
2009-07-07,90.58000183105469,91.08999633789062,90.58000183105469,91.08000183105469,61.18718338012695,741600
2009-07-08,91.16000366210938,92.27999877929688,91.08000183105469,92.12999725341797,61.892581939697266,658900
2009-07-09,91.5999984741211,91.73999786376953,91.25,91.58999633789062,61.5297737121582,668900
2009-07-10,91.95999908447266,92.3499984741211,91.81999969482422,92.16000366210938,61.912715911865234,400300
2009-07-13,92.20999908447266,92.30999755859375,91.75,91.83000183105469,61.6910400390625,327400
2009-07-14,91.30999755859375,91.56999969482422,91.06999969482422,91.22000122070312,61.28124237060547,942100
2009-07-15,90.73999786376953,90.81999969482422,90.04000091552734,90.04000091552734,60.488548278808594,714400
2009-07-16,90.6500015258789,90.88999938964844,90.5199966430664,90.58000183105469,60.851287841796875,194900
2009-07-17,90.19000244140625,90.37999725341797,89.97000122070312,89.97000122070312,60.44150161743164,616000
2009-07-20,89.75,90.61000061035156,89.70999908447266,90.30000305175781,60.663204193115234,335400
2009-07-21,90.08999633789062,91.37000274658203,90.08000183105469,91.30999755859375,61.34170150756836,837700
2009-07-22,91.19999694824219,91.19999694824219,90.6500015258789,90.7699966430664,60.97891616821289,298300
2009-07-23,90.76000213623047,90.77999877929688,89.70999908447266,89.88999938964844,60.38774871826172,518100
2009-07-24,89.8499984741211,90.12000274658203,89.83000183105469,90.08000183105469,60.5153694152832,292400
2009-07-27,89.58999633789062,89.81999969482422,89.37999725341797,89.66000366210938,60.23323440551758,326800
2009-07-28,89.83999633789062,90.31999969482422,89.58000183105469,89.83999633789062,60.354148864746094,299300
2009-07-29,90.23999786376953,90.2699966430664,89.55000305175781,89.9000015258789,60.39445114135742,265200
2009-07-30,89.72000122070312,90.30000305175781,89.55000305175781,90.26000213623047,60.6363410949707,367400
2009-07-31,90.6500015258789,91.23999786376953,90.45999908447266,91.16999816894531,61.24763870239258,631800
2009-08-03,90.37000274658203,90.4000015258789,89.69999694824219,89.94000244140625,60.596839904785156,453700
2009-08-04,90.16999816894531,90.23999786376953,89.3499984741211,89.68000030517578,60.421630859375,552000
2009-08-05,89.27999877929688,89.95999908447266,89.12999725341797,89.16999816894531,60.07805633544922,393900
2009-08-06,89.12999725341797,89.5,88.97000122070312,89.16999816894531,60.07805633544922,311200
2009-08-07,88.66000366210938,88.76000213623047,88.47000122070312,88.58000183105469,59.68052673339844,507200
2009-08-10,88.69000244140625,89.18000030517578,88.5999984741211,89.1500015258789,60.06456756591797,1487700
2009-08-11,89.4800033569336,89.7699966430664,89.38999938964844,89.7699966430664,60.482276916503906,327400
2009-08-12,89.8499984741211,89.91999816894531,89.13999938964844,89.5199966430664,60.3138427734375,624700
2009-08-13,89.79000091552734,90.38999938964844,89.69999694824219,90.22000122070312,60.785465240478516,614700
2009-08-14,90.43000030517578,90.97000122070312,90.41999816894531,90.5,60.974151611328125,695000
2009-08-17,90.87000274658203,91.16999816894531,90.8499984741211,91.12000274658203,61.391815185546875,572900
2009-08-18,91.12999725341797,91.1500015258789,90.77999877929688,90.80000305175781,61.17625045776367,514700
2009-08-19,91.43000030517578,91.44999694824219,90.94000244140625,91.13999938964844,61.405330657958984,495400
2009-08-20,91.23999786376953,91.43000030517578,90.97000122070312,91.37999725341797,61.56705093383789,542900
2009-08-21,91.30999755859375,91.37999725341797,90.41999816894531,90.44999694824219,60.94044494628906,435100
2009-08-24,90.23999786376953,91.04000091552734,90.2300033569336,91.01000213623047,61.317684173583984,369100
2009-08-25,90.93000030517578,91.33000183105469,90.72000122070312,91.25,61.47941589355469,315800
2009-08-26,91.33000183105469,91.43000030517578,91.13999938964844,91.37000274658203,61.56024169921875,219600
2009-08-27,91.08999633789062,91.44999694824219,91.01000213623047,91.12000274658203,61.391815185546875,378700
2009-08-28,90.93000030517578,91.38999938964844,90.86000061035156,91.33000183105469,61.53334045410156,303500
2009-08-31,91.41000366210938,91.69999694824219,91.26000213623047,91.5999984741211,61.715213775634766,483700
2009-09-01,91.12999725341797,91.77999877929688,90.9800033569336,91.58000183105469,61.875370025634766,464500
2009-09-02,91.70999908447266,92.12999725341797,91.61000061035156,92.08000183105469,62.21316146850586,381900
2009-09-03,91.83000183105469,92.02999877929688,91.7300033569336,91.75,61.99020767211914,246400
2009-09-04,91.69999694824219,91.81999969482422,91.16999816894531,91.19999694824219,61.6186408996582,521400
2009-09-08,90.98999786376953,91.43000030517578,90.95999908447266,90.98999786376953,61.47672653198242,408700
2009-09-09,90.86000061035156,91.08999633789062,90.66000366210938,91.06999969482422,61.53076171875,568400
2009-09-10,91.41000366210938,92.06999969482422,91.37000274658203,91.75,61.99020767211914,626900
2009-09-11,92.1500015258789,92.44999694824219,91.95999908447266,92.0199966430664,62.17268371582031,1319500
2009-09-14,91.76000213623047,91.88999938964844,91.43000030517578,91.4800033569336,61.807823181152344,477100
2009-09-15,91.12000274658203,91.47000122070312,91.12000274658203,91.29000091552734,61.6794548034668,710100
2009-09-16,91.41999816894531,91.44999694824219,90.9800033569336,91.22000122070312,61.63212203979492,743200
2009-09-17,91.27999877929688,91.68000030517578,91.0,91.66999816894531,61.936161041259766,846500
2009-09-18,91.38999938964844,91.52999877929688,91.04000091552734,91.18000030517578,61.60508728027344,910200
2009-09-21,91.33999633789062,91.5199966430664,91.0,91.12000274658203,61.564552307128906,617200
2009-09-22,91.05000305175781,91.36000061035156,91.04000091552734,91.36000061035156,61.72675323486328,438800
2009-09-23,91.1500015258789,91.61000061035156,90.9000015258789,91.55999755859375,61.861846923828125,794500
2009-09-24,91.5999984741211,91.93000030517578,91.4800033569336,91.80999755859375,62.03075408935547,501200
2009-09-25,91.87000274658203,92.20999908447266,91.66999816894531,92.18000030517578,62.28078079223633,454100
2009-09-28,92.0999984741211,92.43000030517578,92.05000305175781,92.33999633789062,62.38885498046875,514000
2009-09-29,92.0999984741211,92.44999694824219,91.98999786376953,92.30000305175781,62.36185836791992,276400
2009-09-30,92.20999908447266,92.48999786376953,92.16000366210938,92.37000274658203,62.40907669067383,670900
2009-10-01,92.44999694824219,92.94999694824219,92.33000183105469,92.80999755859375,62.87861633300781,1762800
2009-10-02,93.20999908447266,93.2300033569336,92.69000244140625,92.7699966430664,62.85151290893555,936600
2009-10-05,93.02999877929688,93.05999755859375,92.69999694824219,92.76000213623047,62.8447151184082,509100
2009-10-06,92.6500015258789,92.69000244140625,92.44000244140625,92.45999908447266,62.64152526855469,382300
2009-10-07,92.80000305175781,93.13999938964844,92.77999877929688,93.05000305175781,63.04126739501953,269500
2009-10-08,93.16999816894531,93.19999694824219,92.61000061035156,92.70999908447266,62.81087875366211,422200
2009-10-09,92.26000213623047,92.44000244140625,91.62000274658203,91.81999969482422,62.20790100097656,543800
2009-10-12,91.81999969482422,92.20999908447266,91.77999877929688,92.08999633789062,62.39079666137695,464800
2009-10-13,92.25,92.36000061035156,92.06999969482422,92.30000305175781,62.53310012817383,489200
2009-10-14,91.76000213623047,92.0,91.51000213623047,91.66999816894531,62.106258392333984,523400
2009-10-15,91.30000305175781,91.75,91.2300033569336,91.37000274658203,61.90300369262695,826100
2009-10-16,91.55000305175781,91.79000091552734,91.33999633789062,91.79000091552734,62.187591552734375,765300
2009-10-19,91.62000274658203,91.93000030517578,91.55999755859375,91.93000030517578,62.28243637084961,487000
2009-10-20,92.18000030517578,92.33000183105469,92.06999969482422,92.13999938964844,62.42473602294922,640800
2009-10-21,91.86000061035156,91.94000244140625,91.56999969482422,91.93000030517578,62.28243637084961,406400
2009-10-22,91.54000091552734,91.83000183105469,91.51000213623047,91.66000366210938,62.09954071044922,421300
2009-10-23,91.29000091552734,91.45999908447266,91.19999694824219,91.20999908447266,61.79462432861328,424800
2009-10-26,91.0199966430664,91.0999984741211,90.62999725341797,90.69000244140625,61.442352294921875,762500
2009-10-27,90.87999725341797,91.5,90.87999725341797,91.47000122070312,61.970741271972656,669800
2009-10-28,91.4800033569336,91.94000244140625,91.44000244140625,91.75,62.16044998168945,684100
2009-10-29,91.48999786376953,91.52999877929688,91.08000183105469,91.30999755859375,61.862388610839844,351200
2009-10-30,91.58000183105469,92.0,91.55000305175781,91.98999786376953,62.323028564453125,600100
2009-11-02,91.27999877929688,91.27999877929688,90.88999938964844,90.9800033569336,62.15913772583008,671100
2009-11-03,91.2300033569336,91.2300033569336,90.5999984741211,90.7699966430664,62.015647888183594,353000
2009-11-04,90.4800033569336,90.69999694824219,90.2300033569336,90.5199966430664,61.844844818115234,497700
2009-11-05,90.41000366210938,90.5999984741211,90.29000091552734,90.54000091552734,61.858482360839844,147600
2009-11-06,90.75,90.83000183105469,90.43000030517578,90.80999755859375,62.043006896972656,327300
2009-11-09,90.7699966430664,90.97000122070312,90.73999786376953,90.8499984741211,62.07027816772461,531500
2009-11-10,91.08000183105469,91.16000366210938,90.75,90.91999816894531,62.118099212646484,523000
2009-11-11,91.19999694824219,91.41999816894531,91.05000305175781,91.18000030517578,62.29571533203125,275600
2009-11-12,90.97000122070312,91.23999786376953,90.62000274658203,91.20999908447266,62.31621551513672,374500
2009-11-13,91.19999694824219,91.30000305175781,91.06999969482422,91.27999877929688,62.36408615112305,229300
2009-11-16,91.45999908447266,91.88999938964844,91.37000274658203,91.7699966430664,62.69881820678711,514800
2009-11-17,91.69999694824219,92.02999877929688,91.5999984741211,91.97000122070312,62.83549499511719,506000
2009-11-18,91.81999969482422,91.91000366210938,91.62000274658203,91.73999786376953,62.67833709716797,285300
2009-11-19,91.86000061035156,92.08999633789062,91.7699966430664,91.8499984741211,62.75351333618164,378200
2009-11-20,91.9000015258789,91.9800033569336,91.69999694824219,91.83999633789062,62.746681213378906,304200
2009-11-23,91.61000061035156,91.75,91.45999908447266,91.70999908447266,62.6578369140625,505100
2009-11-24,91.9000015258789,92.26000213623047,91.80000305175781,92.18000030517578,62.97893524169922,753800
2009-11-25,92.11000061035156,92.54000091552734,91.9800033569336,92.48999786376953,63.19077682495117,431200
2009-11-27,92.9000015258789,93.0,92.7300033569336,92.91000366210938,63.47769546508789,412200
2009-11-30,92.87999725341797,93.12000274658203,92.72000122070312,93.05999755859375,63.58024978637695,404100
2009-12-01,92.61000061035156,92.66000366210938,92.30000305175781,92.33999633789062,63.22959518432617,529600
2009-12-02,92.26000213623047,92.41000366210938,92.0199966430664,92.1500015258789,63.099456787109375,463800
2009-12-03,91.5999984741211,91.77999877929688,91.56999969482422,91.72000122070312,62.80509567260742,463500
2009-12-04,90.95999908447266,91.13999938964844,90.79000091552734,91.04000091552734,62.33945846557617,756700
2009-12-07,91.05999755859375,91.37000274658203,91.04000091552734,91.29000091552734,62.51062774658203,399100
2009-12-08,91.73999786376953,91.87999725341797,91.5,91.61000061035156,62.729732513427734,502200
2009-12-09,91.6500015258789,91.80000305175781,91.37000274658203,91.43000030517578,62.606475830078125,721800
2009-12-10,91.25,91.27999877929688,90.8499984741211,91.12000274658203,62.394229888916016,423200
2009-12-11,90.80999755859375,90.80999755859375,90.4800033569336,90.66999816894531,62.08608627319336,454000
2009-12-14,90.73999786376953,90.86000061035156,90.62999725341797,90.66999816894531,62.08608627319336,195200
2009-12-15,90.30999755859375,90.47000122070312,90.19999694824219,90.37999725341797,61.8875617980957,326000
2009-12-16,90.54000091552734,90.69999694824219,90.27999877929688,90.37999725341797,61.8875617980957,761500
2009-12-17,90.9000015258789,91.18000030517578,90.7300033569336,91.18000030517578,62.43525695800781,468800
2009-12-18,90.9800033569336,91.12999725341797,90.69999694824219,90.7300033569336,62.127201080322266,517600
2009-12-21,90.31999969482422,90.33000183105469,89.75,89.80000305175781,61.490333557128906,609900
2009-12-22,89.55000305175781,89.58999633789062,89.33000183105469,89.4000015258789,61.216487884521484,366700
2009-12-23,89.56999969482422,89.77999877929688,89.3499984741211,89.36000061035156,61.18905258178711,351400
2009-12-24,89.30000305175781,89.36000061035156,89.04000091552734,89.04000091552734,60.9699592590332,160200
2009-12-28,88.94999694824219,88.97000122070312,88.79000091552734,88.80000305175781,60.80557632446289,1181400
2009-12-29,88.73999786376953,88.93000030517578,88.62999725341797,88.87000274658203,60.966163635253906,428800
2009-12-30,88.91999816894531,89.05999755859375,88.80999755859375,89.02999877929688,61.07591247558594,473100
2009-12-31,88.58999633789062,88.95999908447266,88.29000091552734,88.5999984741211,60.78090286254883,304300
2010-01-04,88.73999786376953,88.94999694824219,88.62999725341797,88.81999969482422,60.93185043334961,619100
2010-01-05,89.05999755859375,89.3499984741211,89.05999755859375,89.20999908447266,61.19938659667969,1547500
2010-01-06,89.1500015258789,89.19999694824219,88.77999877929688,88.8499984741211,60.9524040222168,365500
2010-01-07,88.87000274658203,89.05000305175781,88.80999755859375,88.8499984741211,60.9524040222168,390900
2010-01-08,89.12999725341797,89.13999938964844,88.81999969482422,88.95999908447266,61.027862548828125,382500
2010-01-11,89.01000213623047,89.1500015258789,88.93000030517578,89.0199966430664,61.06900405883789,653600
2010-01-12,89.5999984741211,89.72000122070312,89.4800033569336,89.66000366210938,61.50813293457031,403000
2010-01-13,89.4800033569336,89.66999816894531,89.19999694824219,89.2300033569336,61.21310043334961,281900
2010-01-14,89.48999786376953,89.7699966430664,89.38999938964844,89.6500015258789,61.501182556152344,511700
2010-01-15,89.9800033569336,90.1500015258789,89.95999908447266,90.05000305175781,61.77562713623047,429200
2010-01-19,89.86000061035156,89.95999908447266,89.70999908447266,89.88999938964844,61.66588592529297,411900
2010-01-20,90.13999938964844,90.31999969482422,90.12999725341797,90.19999694824219,61.878536224365234,228800
2010-01-21,90.08000183105469,90.5999984741211,90.05999755859375,90.52999877929688,62.10494613647461,349200
2010-01-22,90.45999908447266,90.68000030517578,90.43000030517578,90.61000061035156,62.1597785949707,272900
2010-01-25,90.41000366210938,90.52999877929688,90.4000015258789,90.41000366210938,62.02259826660156,1699000
2010-01-26,90.69000244140625,90.70999908447266,90.41999816894531,90.58999633789062,62.146080017089844,490600
2010-01-27,90.63999938964844,90.80999755859375,90.30000305175781,90.37999725341797,62.002071380615234,342100
2010-01-28,90.08999633789062,90.44999694824219,90.08999633789062,90.3499984741211,61.98143768310547,318100
2010-01-29,90.26000213623047,90.69999694824219,90.1500015258789,90.69999694824219,62.2215576171875,396700
2010-02-01,90.26000213623047,90.26000213623047,89.98999786376953,90.08999633789062,62.00823211669922,634300
2010-02-02,90.12999725341797,90.25,90.0999984741211,90.23999786376953,62.111392974853516,426000
2010-02-03,89.9800033569336,90.05000305175781,89.77999877929688,89.80999755859375,61.8154411315918,435300
2010-02-04,90.19999694824219,90.58999633789062,90.19999694824219,90.55000305175781,62.32476043701172,503400
2010-02-05,90.48999786376953,91.0,90.43000030517578,90.83999633789062,62.52437973022461,694700
2010-02-08,90.68000030517578,90.77999877929688,90.55999755859375,90.76000213623047,62.46928024291992,257600
2010-02-09,90.5199966430664,90.7300033569336,90.25,90.2699966430664,62.13205337524414,481200
2010-02-10,90.41000366210938,90.45999908447266,89.88999938964844,90.0199966430664,61.959991455078125,496200
2010-02-11,90.02999877929688,90.02999877929688,89.66999816894531,89.91000366210938,61.88432312011719,496900
2010-02-12,90.19999694824219,90.2699966430664,90.0999984741211,90.12000274658203,62.0287971496582,219800
2010-02-16,89.94000244140625,90.3499984741211,89.91000366210938,90.31999969482422,62.166481018066406,175400
2010-02-17,90.08999633789062,90.22000122070312,89.68000030517578,89.83999633789062,61.836029052734375,358000
2010-02-18,89.9000015258789,89.9000015258789,89.30999755859375,89.5199966430664,61.61587142944336,474300
2010-02-19,89.45999908447266,89.56999969482422,89.26000213623047,89.56999969482422,61.65027618408203,527900
2010-02-22,89.44000244140625,89.58000183105469,89.41999816894531,89.5,61.602054595947266,349700
2010-02-23,89.61000061035156,90.2300033569336,89.58000183105469,90.18000030517578,62.07008743286133,557200
2010-02-24,90.20999908447266,90.37999725341797,90.05000305175781,90.2300033569336,62.104515075683594,394300
2010-02-25,90.56999969482422,90.62000274658203,90.41999816894531,90.55999755859375,62.3316764831543,256600
2010-02-26,90.62000274658203,90.91000366210938,90.61000061035156,90.69999694824219,62.42804718017578,609900
2010-03-01,90.55999755859375,90.62000274658203,90.4000015258789,90.55000305175781,62.49285888671875,468600
2010-03-02,90.36000061035156,90.62000274658203,90.31999969482422,90.5999984741211,62.52742385864258,417900
2010-03-03,90.41000366210938,90.55999755859375,90.30000305175781,90.51000213623047,62.46529006958008,476700
2010-03-04,90.47000122070312,90.77999877929688,90.37000274658203,90.66999816894531,62.57571029663086,431100
2010-03-05,90.30999755859375,90.33000183105469,90.05000305175781,90.23999786376953,62.278934478759766,549900
2010-03-08,90.01000213623047,90.08000183105469,89.97000122070312,90.0,62.1132926940918,399800
2010-03-09,90.18000030517578,90.2300033569336,90.0,90.2300033569336,62.272064208984375,350500
2010-03-10,89.93000030517578,90.0999984741211,89.87999725341797,90.08000183105469,62.16852569580078,329800
2010-03-11,89.91000366210938,90.13999938964844,89.8499984741211,90.0,62.1132926940918,283100
2010-03-12,89.80000305175781,90.25,89.79000091552734,90.13999938964844,62.209964752197266,276400
2010-03-15,90.12999725341797,90.19999694824219,89.97000122070312,90.13999938964844,62.209964752197266,190100
2010-03-16,90.16000366210938,90.52999877929688,90.12999725341797,90.48999786376953,62.451507568359375,388200
2010-03-17,90.55999755859375,90.62999725341797,90.44999694824219,90.5999984741211,62.52742385864258,288300
2010-03-18,90.52999877929688,90.58999633789062,90.33000183105469,90.36000061035156,62.36178970336914,202600
2010-03-19,90.23999786376953,90.5199966430664,90.2300033569336,90.23999786376953,62.278934478759766,171300
2010-03-22,90.45999908447266,90.54000091552734,90.38999938964844,90.54000091552734,62.48600387573242,338100
2010-03-23,90.51000213623047,90.5999984741211,90.3499984741211,90.3499984741211,62.354854583740234,244100
2010-03-24,89.87000274658203,89.98999786376953,89.31999969482422,89.44999694824219,61.73368835449219,531300
2010-03-25,89.2699966430664,89.37000274658203,88.81999969482422,89.12000274658203,61.50596618652344,601900
2010-03-26,89.02999877929688,89.36000061035156,89.0199966430664,89.33000183105469,61.650882720947266,734100
2010-03-29,89.30000305175781,89.37000274658203,89.0999984741211,89.19999694824219,61.56117630004883,521400
2010-03-30,89.19000244140625,89.29000091552734,89.0199966430664,89.29000091552734,61.62329864501953,246500
2010-03-31,89.45999908447266,89.58000183105469,89.3499984741211,89.5,61.76821517944336,398900
2010-04-01,89.11000061035156,89.16000366210938,88.94000244140625,89.05999755859375,61.64022445678711,397600
2010-04-05,88.44000244140625,88.52999877929688,88.12000274658203,88.26000213623047,61.08649444580078,656100
2010-04-06,88.55999755859375,88.5999984741211,88.37000274658203,88.5199966430664,61.26640701293945,566100
2010-04-07,88.51000213623047,89.16999816894531,88.48999786376953,89.06999969482422,61.64712142944336,562000
2010-04-08,89.16000366210938,89.30999755859375,88.91999816894531,88.97000122070312,61.57792663574219,465400
2010-04-09,88.8499984741211,89.0999984741211,88.75,89.06999969482422,61.64712142944336,314600
2010-04-12,89.20999908447266,89.41000366210938,89.12000274658203,89.30999755859375,61.8132209777832,402000
2010-04-13,89.52999877929688,89.58999633789062,89.33000183105469,89.4800033569336,61.93091583251953,309100
2010-04-14,89.4800033569336,89.56999969482422,89.19999694824219,89.23999786376953,61.764766693115234,315800
2010-04-15,89.11000061035156,89.47000122070312,89.06999969482422,89.38999938964844,61.86856460571289,299900
2010-04-16,89.54000091552734,89.95999908447266,89.43000030517578,89.93000030517578,62.242340087890625,409900
2010-04-19,89.8499984741211,89.87999725341797,89.63999938964844,89.70999908447266,62.090065002441406,215300
2010-04-20,89.66999816894531,89.75,89.55000305175781,89.75,62.11778259277344,171300
2010-04-21,89.83999633789062,90.08000183105469,89.75,90.04000091552734,62.31845474243164,446500
2010-04-22,90.1500015258789,90.25,89.80000305175781,89.83000183105469,62.17314910888672,169300
2010-04-23,89.61000061035156,89.68000030517578,89.48999786376953,89.58000183105469,62.00006103515625,174200
2010-04-26,89.77999877929688,89.80999755859375,89.55000305175781,89.63999938964844,62.041629791259766,161900
2010-04-27,90.05000305175781,90.54000091552734,89.94999694824219,90.4800033569336,62.62300491333008,442800
2010-04-28,90.16000366210938,90.29000091552734,89.86000061035156,90.0199966430664,62.30464553833008,409700
2010-04-29,90.01000213623047,90.2300033569336,89.88999938964844,90.16999816894531,62.40849685668945,350500
2010-04-30,90.27999877929688,90.7300033569336,90.2699966430664,90.72000122070312,62.7890739440918,423200
2010-05-03,90.16999816894531,90.27999877929688,90.11000061035156,90.20999908447266,62.62459945678711,300500
2010-05-04,90.76000213623047,90.88999938964844,90.61000061035156,90.81999969482422,63.048091888427734,355000
2010-05-05,91.18000030517578,91.58999633789062,90.9800033569336,91.16999816894531,63.29103469848633,672000
2010-05-06,91.23999786376953,93.05999755859375,91.0999984741211,92.16999816894531,63.98525619506836,902400
2010-05-07,91.93000030517578,92.75,91.77999877929688,91.91999816894531,63.8116455078125,3856500
2010-05-10,90.98999786376953,91.41000366210938,90.9800033569336,91.22000122070312,63.325748443603516,836200
2010-05-11,91.41000366210938,91.45999908447266,91.02999877929688,91.33000183105469,63.40212631225586,891400
2010-05-12,91.22000122070312,91.33999633789062,91.04000091552734,91.0999984741211,63.242427825927734,424000
2010-05-13,91.3499984741211,91.43000030517578,90.88999938964844,91.3499984741211,63.41596221923828,420300
2010-05-14,91.76000213623047,92.20999908447266,91.69999694824219,91.94000244140625,63.82555389404297,488700
2010-05-17,91.93000030517578,92.33000183105469,91.69999694824219,91.73999786376953,63.686729431152344,535100
2010-05-18,91.77999877929688,92.4800033569336,91.73999786376953,92.41000366210938,64.15182495117188,1711400
2010-05-19,92.43000030517578,92.88999938964844,92.37999725341797,92.48999786376953,64.20738983154297,839700
2010-05-20,93.20999908447266,93.62999725341797,93.05000305175781,93.38999938964844,64.83218383789062,1221600
2010-05-21,94.13999938964844,94.20999908447266,93.2699966430664,93.44000244140625,64.86688995361328,1196200
2010-05-24,93.5199966430664,93.66999816894531,93.33000183105469,93.44000244140625,64.86688995361328,2949400
2010-05-25,94.02999877929688,94.19999694824219,93.62000274658203,93.76000213623047,65.08903503417969,1064000
2010-05-26,93.45999908447266,93.5999984741211,93.11000061035156,93.56999969482422,64.95712280273438,551600
2010-05-27,92.87999725341797,92.9000015258789,92.56999969482422,92.68000030517578,64.33928680419922,522800
2010-05-28,92.9000015258789,93.13999938964844,92.72000122070312,93.0999984741211,64.63081359863281,511700
2010-06-01,93.16000366210938,93.19000244140625,92.7300033569336,92.95999908447266,64.71438598632812,978900
2010-06-02,92.91999816894531,93.02999877929688,92.38999938964844,92.43000030517578,64.34542846679688,519100
2010-06-03,92.13999938964844,92.55999755859375,92.08000183105469,92.30000305175781,64.25493621826172,274300
2010-06-04,93.19000244140625,93.61000061035156,93.08999633789062,93.58000183105469,65.1460189819336,728300
2010-06-07,93.47000122070312,93.9800033569336,93.41999816894531,93.95999908447266,65.4105224609375,413800
2010-06-08,93.68000030517578,93.91999816894531,93.62999725341797,93.66999816894531,65.20864868164062,604300
2010-06-09,93.41000366210938,93.79000091552734,93.30000305175781,93.68000030517578,65.21559143066406,264000
2010-06-10,93.29000091552734,93.33000183105469,92.7699966430664,92.80999755859375,64.61001586914062,655200
2010-06-11,93.23999786376953,93.55999755859375,93.0,93.4000015258789,65.02069091796875,404800
2010-06-14,92.93000030517578,93.33000183105469,92.80999755859375,93.31999969482422,64.96500396728516,627700
2010-06-15,93.33999633789062,93.43000030517578,92.9000015258789,93.02999877929688,64.76312255859375,1114400
2010-06-16,93.30999755859375,93.37000274658203,93.0199966430664,93.29000091552734,64.94412231445312,621900
2010-06-17,93.38999938964844,93.87000274658203,93.38999938964844,93.7300033569336,65.2504653930664,792500
2010-06-18,93.66999816894531,93.70999908447266,93.52999877929688,93.54000091552734,65.11817932128906,463400
2010-06-21,93.02999877929688,93.51000213623047,93.0,93.47000122070312,65.06941986083984,569100
2010-06-22,93.54000091552734,94.06999969482422,93.48999786376953,94.02999877929688,65.45929718017578,549200
2010-06-23,94.12000274658203,94.52999877929688,94.0999984741211,94.37999725341797,65.702880859375,632500
2010-06-24,94.56999969482422,94.66000366210938,94.16999816894531,94.30000305175781,65.64723205566406,1075100
2010-06-25,94.20999908447266,94.68000030517578,94.19000244140625,94.44999694824219,65.75167083740234,455400
2010-06-28,94.77999877929688,95.12999725341797,94.77999877929688,95.12000274658203,66.21807098388672,924300
2010-06-29,95.33999633789062,95.5999984741211,95.30000305175781,95.52999877929688,66.50350952148438,920400
2010-06-30,95.61000061035156,95.66999816894531,95.33000183105469,95.66999816894531,66.60096740722656,891500
2010-07-01,95.43000030517578,95.83999633789062,95.33999633789062,95.37999725341797,66.57164764404297,1293700
2010-07-02,95.20999908447266,95.41999816894531,95.08000183105469,95.20999908447266,66.4529800415039,1072400
2010-07-06,95.16000366210938,95.56999969482422,95.05000305175781,95.44000244140625,66.61351776123047,914100
2010-07-07,95.51000213623047,95.5199966430664,95.11000061035156,95.13999938964844,66.40412902832031,473900
2010-07-08,94.8499984741211,95.04000091552734,94.70999908447266,94.91000366210938,66.24358367919922,508400
2010-07-09,94.77999877929688,94.86000061035156,94.66000366210938,94.66000366210938,66.06912994384766,439800
2010-07-12,94.81999969482422,95.05999755859375,94.75,94.81999969482422,66.1808090209961,685200
2010-07-13,94.62999725341797,94.66999816894531,94.33000183105469,94.3499984741211,65.85277557373047,679700
2010-07-14,94.68000030517578,94.9800033569336,94.5,94.81999969482422,66.1808090209961,566500
2010-07-15,95.0199966430664,95.48999786376953,95.0199966430664,95.30999755859375,66.52279663085938,703600
2010-07-16,95.38999938964844,95.91999816894531,95.38999938964844,95.86000061035156,66.90667724609375,864200
2010-07-19,95.72000122070312,95.83999633789062,95.5199966430664,95.61000061035156,66.73217010498047,489800
2010-07-20,95.9000015258789,96.11000061035156,95.69000244140625,95.70999908447266,66.8019790649414,895900
2010-07-21,95.77999877929688,96.41000366210938,95.7699966430664,96.31999969482422,67.22772216796875,470700
2010-07-22,96.05000305175781,96.05000305175781,95.77999877929688,95.79000091552734,66.85784912109375,656800
2010-07-23,95.86000061035156,95.93000030517578,95.1500015258789,95.4800033569336,66.64146423339844,799500
2010-07-26,95.44000244140625,95.55000305175781,95.2300033569336,95.44999694824219,66.62049865722656,626300
2010-07-27,95.13999938964844,95.36000061035156,95.0999984741211,95.12000274658203,66.39014434814453,528200
2010-07-28,95.18000030517578,95.61000061035156,95.0999984741211,95.52999877929688,66.67638397216797,933000
2010-07-29,95.48999786376953,95.91999816894531,95.43000030517578,95.7300033569336,66.81594848632812,737300
2010-07-30,96.2300033569336,96.3499984741211,96.02999877929688,96.29000091552734,67.20681762695312,563600
2010-08-02,95.79000091552734,95.91999816894531,95.68000030517578,95.73999786376953,66.9990005493164,1160900
2010-08-03,96.02999877929688,96.26000213623047,95.98999786376953,96.19000244140625,67.31387329101562,911900
2010-08-04,96.1500015258789,96.16999816894531,95.79000091552734,95.79000091552734,67.033935546875,777600
2010-08-05,96.12000274658203,96.29000091552734,96.02999877929688,96.25,67.35586547851562,817400
2010-08-06,96.68000030517578,96.88999938964844,96.52999877929688,96.87999725341797,67.79669952392578,438400
2010-08-09,96.75,96.87999725341797,96.69999694824219,96.86000061035156,67.78276824951172,464800
2010-08-10,96.80999755859375,97.41999816894531,96.72000122070312,97.3499984741211,68.12568664550781,641200
2010-08-11,97.69999694824219,97.93000030517578,97.63999938964844,97.9000015258789,68.51055145263672,911200
2010-08-12,97.95999908447266,97.97000122070312,97.55000305175781,97.6500015258789,68.3355941772461,1701100
2010-08-13,97.83999633789062,98.08999633789062,97.77999877929688,98.06999969482422,68.6295166015625,705800
2010-08-16,98.66000366210938,98.80999755859375,98.54000091552734,98.77999877929688,69.12635803222656,1453200
2010-08-17,98.5199966430664,98.54000091552734,98.0999984741211,98.27999877929688,68.77649688720703,774300
2010-08-18,98.54000091552734,98.66000366210938,98.13999938964844,98.18000030517578,68.70648956298828,1148600
2010-08-19,98.1500015258789,98.7699966430664,98.12000274658203,98.62000274658203,69.014404296875,684100
2010-08-20,98.61000061035156,98.68000030517578,98.25,98.30000305175781,68.79039764404297,306000
2010-08-23,98.26000213623047,98.5,98.16000366210938,98.43000030517578,68.88145446777344,575600
2010-08-24,98.97000122070312,99.38999938964844,98.83999633789062,99.20999908447266,69.42727661132812,973400
2010-08-25,99.47000122070312,99.66000366210938,98.66999816894531,98.76000213623047,69.11236572265625,690100
2010-08-26,98.80999755859375,99.20999908447266,98.70999908447266,99.20999908447266,69.42727661132812,845000
2010-08-27,98.77999877929688,99.12999725341797,97.9000015258789,98.06999969482422,68.6295166015625,1014100
2010-08-30,98.38999938964844,98.83000183105469,98.30999755859375,98.81999969482422,69.15437316894531,463500
2010-08-31,99.22000122070312,99.33999633789062,99.01000213623047,99.26000213623047,69.4622573852539,1276700
2010-09-01,98.63999938964844,98.69000244140625,97.91999816894531,98.30000305175781,68.96205139160156,1268700
2010-09-02,98.06999969482422,98.08999633789062,97.83000183105469,97.88999938964844,68.6744384765625,1273500
2010-09-03,97.12000274658203,97.5,97.08000183105469,97.33000183105469,68.28156280517578,1308300
2010-09-07,97.8499984741211,98.12999725341797,97.7300033569336,98.0999984741211,68.82174682617188,778200
2010-09-08,97.83999633789062,98.0,97.62000274658203,97.83000183105469,68.63233947753906,1124900
2010-09-09,97.38999938964844,97.47000122070312,97.01000213623047,97.05999755859375,68.09214782714844,929300
2010-09-10,96.79000091552734,96.9000015258789,96.58000183105469,96.77999877929688,67.89573669433594,725300
2010-09-13,96.72000122070312,97.30000305175781,96.72000122070312,97.23999786376953,68.21841430664062,1450100
2010-09-14,97.41999816894531,97.79000091552734,97.41000366210938,97.7300033569336,68.56219482421875,590900
2010-09-15,97.5999984741211,97.83000183105469,97.33999633789062,97.38999938964844,68.32361602783203,900600
2010-09-16,97.27999877929688,97.36000061035156,96.86000061035156,97.05000305175781,68.08509826660156,2902900
2010-09-17,97.33999633789062,97.54000091552734,97.16999816894531,97.2699966430664,68.23947143554688,1738600
2010-09-20,97.41999816894531,97.56999969482422,97.20999908447266,97.56999969482422,68.4499740600586,619900
2010-09-21,97.8499984741211,98.48999786376953,97.51000213623047,98.4800033569336,69.08837127685547,1279500
2010-09-22,98.76000213623047,99.0199966430664,98.55999755859375,98.62999725341797,69.19353485107422,978800
2010-09-23,99.13999938964844,99.13999938964844,98.55000305175781,98.7699966430664,69.291748046875,514000
2010-09-24,98.36000061035156,98.45999908447266,98.23999786376953,98.27999877929688,68.94800567626953,1317500
2010-09-27,98.63999938964844,99.05000305175781,98.63999938964844,99.04000091552734,69.481201171875,782100
2010-09-28,99.06999969482422,99.5,99.05999755859375,99.37000274658203,69.71273040771484,776000
2010-09-29,99.38999938964844,99.44000244140625,99.08000183105469,99.12999725341797,69.54429626464844,820400
2010-09-30,99.05999755859375,99.06999969482422,98.4000015258789,99.01000213623047,69.46015930175781,813200
2010-10-01,98.51000213623047,98.94999694824219,98.37999725341797,98.83000183105469,69.49742126464844,846600
2010-10-04,99.02999877929688,99.23999786376953,98.95999908447266,99.18000030517578,69.74348449707031,1260800
2010-10-05,99.23999786376953,99.30000305175781,99.08999633789062,99.19999694824219,69.75760650634766,1092900
2010-10-06,99.87999725341797,100.12000274658203,99.75,99.83999633789062,70.20769500732422,614400
2010-10-07,99.91999816894531,100.05999755859375,99.83000183105469,99.94000244140625,70.27796936035156,534700
2010-10-08,100.19999694824219,100.37999725341797,99.97000122070312,99.9800033569336,70.30615234375,868200
2010-10-11,100.12000274658203,100.19999694824219,99.95999908447266,100.08000183105469,70.37639617919922,400300
2010-10-12,100.0999984741211,100.26000213623047,99.7300033569336,99.79000091552734,70.17254638671875,991900
2010-10-13,99.4800033569336,99.83000183105469,99.31999969482422,99.79000091552734,70.17254638671875,473800
2010-10-14,99.75,99.80999755859375,99.1500015258789,99.22000122070312,69.77165985107422,955100
2010-10-15,99.08000183105469,99.1500015258789,98.62000274658203,98.79000091552734,69.46932220458984,807100
2010-10-18,99.2300033569336,99.48999786376953,99.08999633789062,99.26000213623047,69.7998275756836,1149600
2010-10-19,99.12999725341797,99.73999786376953,99.11000061035156,99.5999984741211,70.03889465332031,763700
2010-10-20,99.37000274658203,99.76000213623047,99.29000091552734,99.54000091552734,69.99674224853516,615100
2010-10-21,99.37000274658203,99.45999908447266,98.98999786376953,98.98999786376953,69.6099624633789,594300
2010-10-22,98.87999725341797,99.11000061035156,98.87000274658203,99.0199966430664,69.63105773925781,643600
2010-10-25,99.4000015258789,99.5,98.94999694824219,98.98999786376953,69.6099624633789,1436800
2010-10-26,98.66999816894531,98.72000122070312,98.33000183105469,98.33000183105469,69.1458511352539,831800
2010-10-27,98.12000274658203,98.19000244140625,97.75,97.76000213623047,68.7450180053711,1223500
2010-10-28,98.12999725341797,98.41999816894531,98.08000183105469,98.33000183105469,69.1458511352539,738700
2010-10-29,98.54000091552734,98.83999633789062,98.48999786376953,98.7699966430664,69.4552001953125,768600
2010-11-01,98.83999633789062,98.83999633789062,98.30000305175781,98.37000274658203,69.33894348144531,1042700
2010-11-02,98.62000274658203,98.7300033569336,98.55999755859375,98.69999694824219,69.57152557373047,356700
2010-11-03,99.02999877929688,99.19000244140625,98.41999816894531,99.0199966430664,69.79711151123047,912000
2010-11-04,99.5999984741211,99.94999694824219,99.5999984741211,99.81999969482422,70.36101531982422,1092500
2010-11-05,99.68000030517578,99.8499984741211,99.4000015258789,99.4000015258789,70.06494140625,1108100
2010-11-08,99.55000305175781,99.66999816894531,99.31999969482422,99.43000030517578,70.08611297607422,469400
2010-11-09,99.43000030517578,99.4800033569336,98.55999755859375,98.58999633789062,69.49398040771484,744600
2010-11-10,98.6500015258789,99.04000091552734,98.05999755859375,98.95999908447266,69.75481414794922,1298900
2010-11-11,99.0199966430664,99.06999969482422,98.58000183105469,98.8499984741211,69.67720794677734,403500
2010-11-12,98.61000061035156,98.80000305175781,98.0199966430664,98.02999877929688,69.09928894042969,2041400
2010-11-15,97.45999908447266,97.7300033569336,96.76000213623047,96.7699966430664,68.21113586425781,1174200
2010-11-16,97.19999694824219,97.54000091552734,96.6500015258789,97.48999786376953,68.71865844726562,954600
2010-11-17,97.5199966430664,97.7699966430664,97.08999633789062,97.20999908447266,68.521240234375,580200
2010-11-18,96.95999908447266,97.05000305175781,96.5999984741211,96.9800033569336,68.35914611816406,2968200
2010-11-19,96.97000122070312,97.19000244140625,96.91999816894531,97.18000030517578,68.50011444091797,530600
2010-11-22,97.4800033569336,97.70999908447266,97.37000274658203,97.69999694824219,68.86662292480469,495400
2010-11-23,98.08999633789062,98.2300033569336,97.79000091552734,97.9000015258789,69.00761413574219,659400
2010-11-24,97.48999786376953,97.54000091552734,96.77999877929688,96.8499984741211,68.2674789428711,1112700
2010-11-26,97.11000061035156,97.27999877929688,97.0199966430664,97.2699966430664,68.56355285644531,210100
2010-11-29,97.55000305175781,97.61000061035156,97.30000305175781,97.4800033569336,68.71162414550781,527800
2010-11-30,98.01000213623047,98.02999877929688,97.55999755859375,97.6500015258789,68.83140563964844,874200
2010-12-01,96.41000366210938,96.68000030517578,96.08000183105469,96.12999725341797,67.92626953125,1967700
2010-12-02,96.06999969482422,96.3499984741211,95.87000274658203,95.88999938964844,67.75666046142578,983500
2010-12-03,96.5,96.54000091552734,95.80000305175781,95.9000015258789,67.76373291015625,374500
2010-12-06,96.36000061035156,96.51000213623047,96.16999816894531,96.5,68.18769836425781,902000
2010-12-07,95.6500015258789,95.73999786376953,94.66999816894531,94.9000015258789,67.05712127685547,1335700
2010-12-08,94.25,94.29000091552734,93.43000030517578,94.08999633789062,66.48480224609375,2155300
2010-12-09,94.33000183105469,94.51000213623047,93.9000015258789,94.29000091552734,66.62608337402344,1664700
2010-12-10,93.9800033569336,94.08999633789062,93.48999786376953,93.48999786376953,66.06079864501953,1002400
2010-12-13,93.3499984741211,94.05999755859375,93.20999908447266,93.79000091552734,66.27281188964844,1323400
2010-12-14,93.4000015258789,93.62000274658203,92.5,92.80000305175781,65.57320404052734,1878500
2010-12-15,93.04000091552734,93.20999908447266,92.0999984741211,92.41999816894531,65.30474090576172,1871900
2010-12-16,92.45999908447266,92.98999786376953,92.05999755859375,92.97000122070312,65.69337463378906,1351000
2010-12-17,93.19999694824219,93.87000274658203,93.12000274658203,93.7699966430664,66.25869750976562,1361700
2010-12-20,94.12000274658203,94.36000061035156,93.55000305175781,93.76000213623047,66.2515869140625,804000
2010-12-21,93.91999816894531,93.97000122070312,93.47000122070312,93.95999908447266,66.39286804199219,848500
2010-12-22,93.91000366210938,93.94999694824219,93.56999969482422,93.69999694824219,66.20917510986328,308900
2010-12-23,93.54000091552734,93.54000091552734,93.23999786376953,93.37000274658203,65.97602081298828,540600
2010-12-27,93.37000274658203,93.7699966430664,93.12000274658203,93.7300033569336,66.2303695678711,407100
2010-12-28,93.31999969482422,93.37000274658203,92.5,92.5,65.53466796875,955200
2010-12-29,92.61000061035156,93.69999694824219,92.47000122070312,93.54000091552734,66.27152252197266,1362200
2010-12-30,93.36000061035156,93.48999786376953,93.04000091552734,93.3499984741211,66.13687133789062,529800
2010-12-31,93.43000030517578,94.1500015258789,93.41000366210938,93.81999969482422,66.46986389160156,674300
2011-01-03,93.19000244140625,93.79000091552734,93.04000091552734,93.52999877929688,66.26443481445312,1396100
2011-01-04,93.6500015258789,93.87999725341797,93.4800033569336,93.75,66.42029571533203,1234100
2011-01-05,93.05999755859375,93.16999816894531,92.55000305175781,92.73999786376953,65.70470428466797,1111900
2011-01-06,93.01000213623047,93.29000091552734,92.83999633789062,93.22000122070312,66.04476165771484,1452400
2011-01-07,93.30000305175781,94.01000213623047,93.18000030517578,93.83999633789062,66.48399353027344,736500
2011-01-10,94.01000213623047,94.16000366210938,93.81999969482422,94.16000366210938,66.71077728271484,1096400
2011-01-11,94.04000091552734,94.04000091552734,93.55999755859375,93.79000091552734,66.4486312866211,760400
2011-01-12,93.41000366210938,93.69000244140625,93.23999786376953,93.5199966430664,66.25733184814453,753000
2011-01-13,93.48999786376953,94.1500015258789,93.45999908447266,94.1500015258789,66.70370483398438,1051500
2011-01-14,94.33000183105469,94.43000030517578,93.86000061035156,93.88999938964844,66.51946258544922,734500
2011-01-18,93.68000030517578,93.83999633789062,93.33999633789062,93.66000366210938,66.35643768310547,1063800
2011-01-19,93.62000274658203,93.97000122070312,93.61000061035156,93.9000015258789,66.5264892578125,732200
2011-01-20,93.48999786376953,93.55999755859375,92.94000244140625,93.16999816894531,66.00933074951172,697000
2011-01-21,93.0999984741211,93.4800033569336,92.9800033569336,93.4800033569336,66.2289810180664,523900
2011-01-24,93.5199966430664,93.66000366210938,93.43000030517578,93.48999786376953,66.23604583740234,497800
2011-01-25,93.66999816894531,94.18000030517578,93.41000366210938,93.95999908447266,66.5689926147461,1126500
2011-01-26,93.76000213623047,93.7699966430664,93.30000305175781,93.38999938964844,66.16517639160156,869900
2011-01-27,93.47000122070312,93.80000305175781,93.26000213623047,93.73999786376953,66.41316986083984,531500
2011-01-28,93.51000213623047,94.31999969482422,93.48999786376953,94.16999816894531,66.71782684326172,1056600
2011-01-31,94.06999969482422,94.20999908447266,93.69000244140625,93.80000305175781,66.45567321777344,555100
2011-02-01,93.25,93.36000061035156,93.0199966430664,93.12999725341797,66.1467514038086,1009200
2011-02-02,93.37000274658203,93.41999816894531,92.76000213623047,92.91000366210938,65.99047088623047,1120000
2011-02-03,92.58999633789062,92.7699966430664,92.33999633789062,92.37999725341797,65.6140365600586,1310900
2011-02-04,92.13999938964844,92.2699966430664,91.6500015258789,91.80999755859375,65.20917510986328,1523900
2011-02-07,91.56999969482422,91.80000305175781,91.45999908447266,91.7699966430664,65.18074035644531,850700
2011-02-08,91.69999694824219,91.77999877929688,91.06999969482422,91.13999938964844,64.73332977294922,997200
2011-02-09,91.31999969482422,91.8499984741211,91.0999984741211,91.66000366210938,65.1026382446289,786000
2011-02-10,91.55999755859375,91.69999694824219,91.27999877929688,91.36000061035156,64.88954162597656,617000
2011-02-11,91.76000213623047,92.0199966430664,91.5999984741211,91.77999877929688,65.18789672851562,1492700
2011-02-14,91.6500015258789,92.0199966430664,91.6500015258789,91.80999755859375,65.20917510986328,1311100
2011-02-15,91.77999877929688,92.04000091552734,91.75,92.0199966430664,65.35832977294922,603700
2011-02-16,91.91999816894531,92.16000366210938,91.68000030517578,91.88999938964844,65.2659683227539,620100
2011-02-17,92.23999786376953,92.37999725341797,92.11000061035156,92.2300033569336,65.50749206542969,776500
2011-02-18,91.98999786376953,92.22000122070312,91.86000061035156,92.20999908447266,65.49327087402344,418400
2011-02-22,92.5199966430664,93.11000061035156,92.47000122070312,93.0999984741211,66.12541961669922,1383500
2011-02-23,93.08000183105469,93.25,92.80000305175781,92.87000274658203,65.96204376220703,651700
2011-02-24,93.1500015258789,93.3499984741211,93.0,93.11000061035156,66.13250732421875,508800
2011-02-25,93.08000183105469,93.41000366210938,93.08000183105469,93.41000366210938,66.3455810546875,571900
2011-02-28,93.41999816894531,93.48999786376953,93.33000183105469,93.37000274658203,66.3171615600586,372400
2011-03-01,92.7300033569336,93.30000305175781,92.69000244140625,93.26000213623047,66.39266967773438,530800
2011-03-02,93.0999984741211,93.29000091552734,92.7699966430664,92.7699966430664,66.04380798339844,425400
2011-03-03,92.44999694824219,92.5,92.12000274658203,92.13999938964844,65.59529876708984,616800
2011-03-04,92.36000061035156,92.81999969482422,92.33000183105469,92.80000305175781,66.06514739990234,637300
2011-03-07,92.41000366210938,92.9000015258789,92.36000061035156,92.56999969482422,65.90148162841797,489600
2011-03-08,92.5199966430664,92.62000274658203,92.33999633789062,92.3499984741211,65.74480438232422,538100
2011-03-09,92.55999755859375,93.05999755859375,92.44000244140625,92.88999938964844,66.12924194335938,626000
2011-03-10,93.13999938964844,93.68000030517578,93.0,93.68000030517578,66.69161224365234,1576500
2011-03-11,93.69000244140625,93.7300033569336,93.33000183105469,93.45999908447266,66.5350112915039,690300
2011-03-14,93.73999786376953,93.9800033569336,93.66999816894531,93.66999816894531,66.68450164794922,806200
2011-03-15,94.52999877929688,94.66000366210938,93.97000122070312,94.01000213623047,66.9265365600586,1661100
2011-03-16,94.4800033569336,95.29000091552734,94.31999969482422,94.80999755859375,67.49610900878906,1588800
2011-03-17,94.52999877929688,94.72000122070312,94.26000213623047,94.5199966430664,67.28961181640625,639900
2011-03-18,94.2300033569336,94.5199966430664,94.19999694824219,94.45999908447266,67.2469253540039,1513200
2011-03-21,94.1500015258789,94.18000030517578,93.73999786376953,93.97000122070312,66.89812469482422,1029000
2011-03-22,93.80000305175781,94.02999877929688,93.77999877929688,94.0199966430664,66.93370056152344,573500
2011-03-23,94.29000091552734,94.33000183105469,93.77999877929688,93.9000015258789,66.84825897216797,696900
2011-03-24,93.62999725341797,93.76000213623047,93.37999725341797,93.41999816894531,66.50653076171875,1098100
2011-03-25,93.58000183105469,93.62000274658203,93.0999984741211,93.16999816894531,66.32855224609375,782400
2011-03-28,93.04000091552734,93.27999877929688,92.94999694824219,93.19999694824219,66.34992218017578,634900
2011-03-29,93.08999633789062,93.33000183105469,92.80000305175781,92.93000030517578,66.15770721435547,1047300
2011-03-30,92.94999694824219,93.27999877929688,92.91999816894531,93.25,66.38551330566406,773500
2011-03-31,93.41000366210938,93.44000244140625,92.97000122070312,93.01000213623047,66.21463012695312,1093100
2011-04-01,92.54000091552734,92.95999908447266,92.51000213623047,92.95999908447266,66.35599517822266,1062700
2011-04-04,93.08999633789062,93.30999755859375,93.0199966430664,93.16999816894531,66.50587463378906,886100
2011-04-05,93.02999877929688,93.08999633789062,92.61000061035156,92.69999694824219,66.17044067382812,777000
2011-04-06,92.58000183105469,92.58000183105469,92.26000213623047,92.30000305175781,65.88488006591797,857500
2011-04-07,92.31999969482422,92.4800033569336,92.12000274658203,92.30999755859375,65.89200592041016,743800
2011-04-08,92.01000213623047,92.20999908447266,91.94000244140625,92.04000091552734,65.69929504394531,595100
2011-04-11,92.06999969482422,92.2699966430664,91.95999908447266,92.16000366210938,65.78498840332031,364200
2011-04-12,92.55000305175781,92.87000274658203,92.52999877929688,92.68000030517578,66.15614318847656,1055400
2011-04-13,92.48999786376953,93.04000091552734,92.45999908447266,93.04000091552734,66.41310119628906,678700
2011-04-14,93.19000244140625,93.19000244140625,92.7300033569336,92.7300033569336,66.19180297851562,1036300
2011-04-15,93.2699966430664,93.44999694824219,93.1500015258789,93.41000366210938,66.67720794677734,881400
2011-04-18,93.33999633789062,93.75,93.13999938964844,93.63999938964844,66.84137725830078,902400
2011-04-19,93.62999725341797,93.8499984741211,93.5999984741211,93.76000213623047,66.92706298828125,532000
2011-04-20,93.62999725341797,93.6500015258789,93.36000061035156,93.38999938964844,66.66293334960938,708200
2011-04-21,93.47000122070312,93.69000244140625,93.43000030517578,93.45999908447266,66.7128677368164,670600
2011-04-25,93.56999969482422,93.81999969482422,93.5199966430664,93.79000091552734,66.94845581054688,826200
2011-04-26,93.9000015258789,94.19000244140625,93.8499984741211,94.19000244140625,67.23399353027344,519700
2011-04-27,93.87000274658203,93.97000122070312,93.66000366210938,93.91999816894531,67.04124450683594,1379500
2011-04-28,94.18000030517578,94.3499984741211,94.0,94.27999877929688,67.29823303222656,975600
2011-04-29,94.1500015258789,94.4800033569336,94.11000061035156,94.47000122070312,67.43385314941406,436000
2011-05-02,94.13999938964844,94.38999938964844,94.08000183105469,94.19999694824219,67.41313171386719,632300
2011-05-03,94.41000366210938,94.5,94.2699966430664,94.44999694824219,67.592041015625,1660700
2011-05-04,94.45999908447266,94.77999877929688,94.45999908447266,94.69000244140625,67.76375579833984,1169500
2011-05-05,94.9000015258789,95.19000244140625,94.8499984741211,95.16000366210938,68.10009765625,898400
2011-05-06,94.7699966430664,95.38999938964844,94.72000122070312,95.20999908447266,68.13591003417969,1034800
2011-05-09,95.2300033569336,95.38999938964844,95.20999908447266,95.3499984741211,68.23611450195312,559600
2011-05-10,95.13999938964844,95.19999694824219,94.86000061035156,94.88999938964844,67.90689849853516,661600
2011-05-11,94.8499984741211,95.2699966430664,94.76000213623047,95.2300033569336,68.15018463134766,611100
2011-05-12,95.26000213623047,95.3499984741211,94.87999725341797,95.0199966430664,67.99991607666016,652000
2011-05-13,95.2699966430664,95.70999908447266,95.2300033569336,95.38999938964844,68.26472473144531,494100
2011-05-16,95.41999816894531,95.63999938964844,95.26000213623047,95.62000274658203,68.4293212890625,590800
2011-05-17,95.83000183105469,95.97000122070312,95.70999908447266,95.9000015258789,68.62964630126953,986400
2011-05-18,95.80000305175781,95.83000183105469,95.3499984741211,95.3499984741211,68.23611450195312,790700
2011-05-19,94.98999786376953,95.48999786376953,94.94999694824219,95.44999694824219,68.3076171875,718000
2011-05-20,95.44999694824219,95.70999908447266,95.44000244140625,95.68000030517578,68.47225952148438,669600
2011-05-23,96.05999755859375,96.08999633789062,95.76000213623047,95.80999755859375,68.56523132324219,928000
2011-05-24,95.69000244140625,95.9800033569336,95.63999938964844,95.91000366210938,68.63682556152344,639300
2011-05-25,96.0199966430664,96.08000183105469,95.80000305175781,95.91999816894531,68.6439437866211,1345600
2011-05-26,96.05000305175781,96.44999694824219,96.0199966430664,96.44999694824219,69.02332305908203,806200
2011-05-27,96.33999633789062,96.51000213623047,96.30999755859375,96.44000244140625,69.01616668701172,943800
2011-05-31,96.2699966430664,96.62999725341797,96.22000122070312,96.58999633789062,69.12345886230469,2917900
2011-06-01,96.69999694824219,97.16999816894531,96.66000366210938,97.13999938964844,69.69316101074219,2997200
2011-06-02,96.75,97.0,96.55000305175781,96.55999755859375,69.2769775390625,1744400
2011-06-03,97.19000244140625,97.19000244140625,96.68000030517578,96.94000244140625,69.54963684082031,1531200
2011-06-06,96.70999908447266,96.97000122070312,96.62999725341797,96.87999725341797,69.50658416748047,1106900
2011-06-07,96.68000030517578,97.08000183105469,96.51000213623047,97.05999755859375,69.6357421875,1710300
2011-06-08,97.12000274658203,97.41000366210938,97.08000183105469,97.2699966430664,69.7863998413086,1471600
2011-06-09,97.30000305175781,97.37999725341797,96.77999877929688,96.87999725341797,69.50658416748047,1016900
2011-06-10,97.11000061035156,97.37999725341797,97.0999984741211,97.19000244140625,69.72901916503906,1020500
2011-06-13,96.95999908447266,97.31999969482422,96.9000015258789,96.9800033569336,69.57830810546875,1009900
2011-06-14,96.47000122070312,96.55000305175781,96.19999694824219,96.20999908447266,69.02586364746094,2088800
2011-06-15,96.44999694824219,97.26000213623047,96.44999694824219,97.25,69.77202606201172,1352300
2011-06-16,97.37999725341797,97.66999816894531,97.22000122070312,97.5199966430664,69.96575164794922,1958400
2011-06-17,97.30999755859375,97.51000213623047,97.23999786376953,97.44999694824219,69.91551208496094,998000
2011-06-20,97.58000183105469,97.58000183105469,97.16000366210938,97.30000305175781,69.80791473388672,774100
2011-06-21,97.2300033569336,97.33000183105469,97.0,97.16999816894531,69.71461486816406,1064900
2011-06-22,97.38999938964844,97.44999694824219,96.98999786376953,97.12999725341797,69.68598175048828,1119300
2011-06-23,97.55999755859375,97.87000274658203,97.55999755859375,97.63999938964844,70.0518798828125,1264700
2011-06-24,97.69000244140625,98.19000244140625,97.66999816894531,98.05000305175781,70.34603881835938,997200
2011-06-27,98.12999725341797,98.1500015258789,97.62000274658203,97.66999816894531,70.07340240478516,1185700
2011-06-28,97.5199966430664,97.55000305175781,96.58999633789062,96.7699966430664,69.42765808105469,1315300
2011-06-29,96.58000183105469,96.66999816894531,96.12999725341797,96.19000244140625,69.01158142089844,1376300
2011-06-30,96.4000015258789,96.41000366210938,95.5199966430664,95.86000061035156,68.77481079101562,1948200
2011-07-01,95.76000213623047,95.80000305175781,95.25,95.38999938964844,68.6029281616211,1921800
2011-07-05,95.79000091552734,96.0199966430664,95.73999786376953,95.98999786376953,69.0344009399414,2896800
2011-07-06,96.2300033569336,96.4000015258789,96.08000183105469,96.16000366210938,69.15672302246094,1234900
2011-07-07,95.83000183105469,95.86000061035156,95.6500015258789,95.79000091552734,68.89059448242188,1289100
2011-07-08,96.58000183105469,96.9000015258789,96.54000091552734,96.80999755859375,69.62413024902344,1278100
2011-07-11,97.25,97.55999755859375,97.12999725341797,97.55000305175781,70.15637969970703,1158800
2011-07-12,97.69000244140625,97.72000122070312,97.36000061035156,97.69000244140625,70.25704193115234,1205400
2011-07-13,97.48999786376953,97.86000061035156,97.30000305175781,97.8499984741211,70.37208557128906,1247900
2011-07-14,97.48999786376953,97.72000122070312,97.27999877929688,97.29000091552734,69.96939086914062,959000
2011-07-15,97.1500015258789,97.73999786376953,97.12999725341797,97.69000244140625,70.25704193115234,874200
2011-07-18,97.77999877929688,97.9000015258789,97.55999755859375,97.62999725341797,70.21385955810547,883600
2011-07-19,97.52999877929688,98.0,97.44000244140625,98.0,70.4800033569336,1211400
2011-07-20,97.70999908447266,97.77999877929688,97.47000122070312,97.5199966430664,70.13477325439453,752900
2011-07-21,97.29000091552734,97.4000015258789,96.79000091552734,96.9800033569336,69.74636840820312,1211000
2011-07-22,97.19000244140625,97.36000061035156,97.13999938964844,97.3499984741211,70.01252746582031,813700
2011-07-25,97.0,97.5199966430664,96.91999816894531,97.04000091552734,69.7895278930664,1541700
2011-07-26,97.19000244140625,97.56999969482422,97.1500015258789,97.44999694824219,70.08442687988281,655600
2011-07-27,97.30999755859375,97.54000091552734,97.06999969482422,97.29000091552734,69.96939086914062,1066600
2011-07-28,97.58999633789062,97.63999938964844,97.4000015258789,97.4800033569336,70.1060791015625,671500
2011-07-29,98.02999877929688,98.79000091552734,98.0,98.66000366210938,70.95468139648438,1602200
2011-08-01,98.30999755859375,98.98999786376953,98.30000305175781,98.77999877929688,71.2127456665039,2389600
2011-08-02,99.12000274658203,99.79000091552734,98.94000244140625,99.69000244140625,71.86878204345703,2287600
2011-08-03,99.69000244140625,100.12999725341797,99.58999633789062,99.7699966430664,71.9264907836914,1922600
2011-08-04,99.91000366210938,101.11000061035156,99.87000274658203,101.08999633789062,72.8780288696289,2813700
2011-08-05,100.30000305175781,100.9000015258789,99.79000091552734,99.91999816894531,72.03462982177734,3041500
2011-08-08,100.61000061035156,101.63999938964844,100.54000091552734,101.51000213623047,73.18087005615234,5178100
2011-08-09,101.20999908447266,103.76000213623047,101.0,102.0999984741211,73.60617065429688,3768400
2011-08-10,102.8499984741211,103.69000244140625,102.4800033569336,103.44999694824219,74.57947540283203,2768900
2011-08-11,102.7699966430664,103.02999877929688,101.66999816894531,101.93000030517578,73.48365783691406,2344700
2011-08-12,102.25,102.69000244140625,102.12999725341797,102.63999938964844,73.9955062866211,1176300
2011-08-15,102.52999877929688,102.72000122070312,102.25,102.26000213623047,73.7215576171875,986300
2011-08-16,102.30999755859375,103.02999877929688,102.29000091552734,102.7300033569336,74.06037902832031,2025400
2011-08-17,102.91000366210938,103.44999694824219,102.62000274658203,103.44999694824219,74.57947540283203,826200
2011-08-18,104.13999938964844,104.72000122070312,103.75,103.98999786376953,74.96874237060547,2211800
2011-08-19,103.97000122070312,104.0999984741211,103.62000274658203,104.0999984741211,75.04800415039062,683200
2011-08-22,103.63999938964844,103.94999694824219,103.58000183105469,103.91000366210938,74.91106414794922,913600
2011-08-23,103.5999984741211,104.12999725341797,103.45999908447266,103.48999786376953,74.60829162597656,1414200
2011-08-24,103.33000183105469,103.3499984741211,102.37999725341797,102.37999725341797,73.80806732177734,1089800
2011-08-25,102.6500015258789,103.12000274658203,102.55999755859375,103.01000213623047,74.26221466064453,1391200
2011-08-26,103.47000122070312,103.7699966430664,103.0199966430664,103.33999633789062,74.50016021728516,1080300
2011-08-29,102.52999877929688,102.8499984741211,102.52999877929688,102.66000366210938,74.00989532470703,1106000
2011-08-30,103.19000244140625,103.58000183105469,103.16000366210938,103.37000274658203,74.52179718017578,693800
2011-08-31,103.61000061035156,103.62000274658203,102.9800033569336,103.0,74.25503540039062,1069300
2011-09-01,103.05000305175781,103.5999984741211,102.5,103.58999633789062,74.84672546386719,1566800
2011-09-02,104.25,104.66000366210938,104.01000213623047,104.54000091552734,75.53319549560547,1137900
2011-09-06,105.01000213623047,105.05999755859375,104.58000183105469,104.68000030517578,75.63435363769531,1200500
2011-09-07,104.2699966430664,104.48999786376953,104.04000091552734,104.12000274658203,75.229736328125,945800
2011-09-08,104.44999694824219,104.66000366210938,104.19000244140625,104.62999725341797,75.59822082519531,935700
2011-09-09,104.81999969482422,105.29000091552734,104.73999786376953,105.13999938964844,75.96664428710938,1014200
2011-09-12,105.04000091552734,105.18000030517578,104.80000305175781,104.81999969482422,75.73551177978516,2177800
2011-09-13,104.70999908447266,104.80999755859375,104.41999816894531,104.51000213623047,75.51154327392578,932600
2011-09-14,104.51000213623047,104.80999755859375,104.30000305175781,104.56999969482422,75.55490112304688,1214000
2011-09-15,103.79000091552734,103.9800033569336,103.5999984741211,103.79000091552734,74.99128723144531,1037900
2011-09-16,103.58999633789062,104.0199966430664,103.55000305175781,103.98999786376953,75.13581848144531,699000
2011-09-19,104.76000213623047,105.02999877929688,104.69999694824219,104.83999633789062,75.74993896484375,896500
2011-09-20,104.81999969482422,104.9800033569336,104.70999908447266,104.9800033569336,75.85111236572266,1005000
2011-09-21,104.94000244140625,105.56999969482422,104.79000091552734,105.43000030517578,76.17623138427734,929500
2011-09-22,106.30999755859375,106.66000366210938,106.0,106.41000366210938,76.88433837890625,3436500
2011-09-23,106.3499984741211,106.44000244140625,105.5199966430664,105.52999877929688,76.24848937988281,1764700
2011-09-26,105.33999633789062,105.5,105.0,105.08999633789062,75.93055725097656,1214800
2011-09-27,104.33000183105469,104.51000213623047,104.16999816894531,104.38999938964844,75.4247817993164,1159700
2011-09-28,104.30999755859375,104.41000366210938,103.80000305175781,104.41000366210938,75.43927764892578,1270500
2011-09-29,104.2300033569336,104.69999694824219,104.0999984741211,104.41000366210938,75.43927764892578,1096000
2011-09-30,105.06999969482422,105.16999816894531,104.69999694824219,105.06999969482422,75.9161376953125,1604500
2011-10-03,105.08000183105469,105.83000183105469,104.97000122070312,105.83000183105469,76.61914825439453,2105600
2011-10-04,106.05999755859375,106.26000213623047,105.29000091552734,105.29000091552734,76.2281723022461,2056100
2011-10-05,105.18000030517578,105.23999786376953,104.76000213623047,104.8499984741211,75.90958404541016,1174300
2011-10-06,104.58000183105469,104.70999908447266,104.08999633789062,104.12000274658203,75.38111114501953,1336400
2011-10-07,103.58000183105469,103.87999725341797,103.25,103.58000183105469,74.99015045166016,2276300
2011-10-10,102.69000244140625,102.93000030517578,102.12999725341797,102.48999786376953,74.20110321044922,803900
2011-10-11,102.9800033569336,103.06999969482422,102.72000122070312,102.83000183105469,74.44717407226562,978400
2011-10-12,102.41000366210938,102.6500015258789,102.05000305175781,102.4800033569336,74.19377136230469,2324400
2011-10-13,102.80000305175781,103.23999786376953,102.69999694824219,102.88999938964844,74.49061584472656,1474100
2011-10-14,102.36000061035156,102.58999633789062,102.2300033569336,102.37999725341797,74.12139129638672,703100
2011-10-17,102.55999755859375,103.08000183105469,102.55999755859375,103.05000305175781,74.6064224243164,1274600
2011-10-18,103.16000366210938,103.44999694824219,102.70999908447266,102.94000244140625,74.52677917480469,912600
2011-10-19,102.80999755859375,103.29000091552734,102.73999786376953,103.0999984741211,74.64266204833984,733400
2011-10-20,102.97000122070312,103.44999694824219,102.61000061035156,102.88999938964844,74.49061584472656,700200
2011-10-21,102.80000305175781,102.98999786376953,102.5199966430664,102.69999694824219,74.35302734375,1276000
2011-10-24,102.76000213623047,102.80999755859375,102.52999877929688,102.6500015258789,74.31684875488281,1381500
2011-10-25,102.55999755859375,103.56999969482422,102.55000305175781,103.52999877929688,74.95392608642578,1020200
2011-10-26,103.23999786376953,103.48999786376953,102.75,102.7699966430664,74.40372467041016,989900
2011-10-27,102.13999938964844,102.31999969482422,101.36000061035156,101.52999877929688,73.50595092773438,1636600
2011-10-28,101.9000015258789,102.2699966430664,101.87999725341797,102.13999938964844,73.94764709472656,936300
2011-10-31,102.79000091552734,103.51000213623047,102.73999786376953,103.51000213623047,74.93946075439453,1182700
2011-11-01,104.2300033569336,104.58000183105469,103.86000061035156,104.54000091552734,75.83829498291016,2251700
2011-11-02,103.9000015258789,104.4000015258789,103.81999969482422,104.29000091552734,75.65691375732422,1088000
2011-11-03,103.80000305175781,104.16999816894531,103.70999908447266,103.80000305175781,75.3014907836914,739700
2011-11-04,103.81999969482422,104.20999908447266,103.76000213623047,104.11000061035156,75.52635955810547,735400
2011-11-07,104.05000305175781,104.6500015258789,103.97000122070312,104.2300033569336,75.61343383789062,844100
2011-11-08,104.11000061035156,104.4000015258789,103.69000244140625,103.76000213623047,75.27246856689453,418300
2011-11-09,104.62999725341797,104.88999938964844,103.7699966430664,104.68000030517578,75.93988800048828,760300
2011-11-10,104.25,104.52999877929688,103.83999633789062,104.16999816894531,75.56987762451172,664200
2011-11-11,103.88999938964844,103.91000366210938,103.58000183105469,103.69000244140625,75.22169494628906,323600
2011-11-14,104.08000183105469,104.41000366210938,104.02999877929688,104.33999633789062,75.69320678710938,586500
2011-11-15,104.4000015258789,104.66999816894531,104.08999633789062,104.19999694824219,75.5916748046875,480100
2011-11-16,104.51000213623047,104.5999984741211,104.23999786376953,104.58000183105469,75.86734008789062,335200
2011-11-17,104.41000366210938,105.01000213623047,104.33000183105469,104.79000091552734,76.01962280273438,805500
2011-11-18,104.61000061035156,104.70999908447266,104.25,104.4000015258789,75.73677062988281,1883100
2011-11-21,104.75,104.91000366210938,104.63999938964844,104.69000244140625,75.94711303710938,692300
2011-11-22,104.79000091552734,105.02999877929688,104.55999755859375,105.01000213623047,76.17929077148438,2619500
2011-11-23,104.77999877929688,105.43000030517578,104.70999908447266,105.37000274658203,76.44046020507812,2189500
2011-11-25,104.9800033569336,104.9800033569336,104.68000030517578,104.69999694824219,75.95437622070312,466700
2011-11-28,103.95999908447266,104.83999633789062,103.91999816894531,104.70999908447266,75.96166229248047,1286600
2011-11-29,104.38999938964844,104.76000213623047,104.12999725341797,104.51000213623047,75.8165283203125,602100
2011-11-30,104.02999877929688,104.19999694824219,103.80999755859375,103.9000015258789,75.37401580810547,962800
2011-12-01,103.5,103.87999725341797,103.29000091552734,103.66999816894531,75.35221099853516,1027100
2011-12-02,103.48999786376953,104.16999816894531,103.47000122070312,104.12999725341797,75.68656921386719,892400
2011-12-05,103.56999969482422,104.20999908447266,103.56999969482422,104.06999969482422,75.64291381835938,979100
2011-12-06,103.7699966430664,104.0199966430664,103.6500015258789,103.80000305175781,75.44670867919922,543000
2011-12-07,104.01000213623047,104.3499984741211,103.91000366210938,104.2699966430664,75.78834533691406,739300
2011-12-08,104.2300033569336,104.80999755859375,104.12000274658203,104.80000305175781,76.17350769042969,658200
2011-12-09,104.70999908447266,104.7699966430664,104.08000183105469,104.08000183105469,75.65023040771484,961100
2011-12-12,104.47000122070312,104.68000030517578,104.37000274658203,104.44000244140625,75.9118881225586,1068900
2011-12-13,104.23999786376953,105.01000213623047,104.1500015258789,104.91999816894531,76.26077270507812,512500
2011-12-14,105.0199966430664,105.37999725341797,104.91000366210938,105.36000061035156,76.5805892944336,760100
2011-12-15,105.05000305175781,105.37000274658203,105.02999877929688,105.2699966430664,76.5151596069336,968900
2011-12-16,105.43000030517578,105.9000015258789,105.43000030517578,105.77999877929688,76.88585662841797,748700
2011-12-19,105.75,106.18000030517578,105.68000030517578,106.13999938964844,77.14749145507812,1126600
2011-12-20,105.69999694824219,105.69999694824219,105.18000030517578,105.18000030517578,76.44972229003906,1365000
2011-12-21,105.31999969482422,105.37000274658203,104.83000183105469,104.83999633789062,76.20263671875,479000
2011-12-22,105.1500015258789,105.31999969482422,104.94000244140625,104.97000122070312,76.29711151123047,731900
2011-12-23,104.72000122070312,104.77999877929688,104.37999725341797,104.54000091552734,75.98458099365234,435500
2011-12-27,104.43000030517578,104.44000244140625,104.25,104.41000366210938,76.02754974365234,616500
2011-12-28,104.58000183105469,105.18000030517578,104.54000091552734,105.06999969482422,76.50811767578125,919900
2011-12-29,105.02999877929688,105.31999969482422,104.91000366210938,105.19999694824219,76.60279846191406,556000
2011-12-30,105.33000183105469,106.04000091552734,105.27999877929688,105.56999969482422,76.87220764160156,1230000
2012-01-03,104.9000015258789,105.19000244140625,104.7699966430664,104.9000015258789,76.38434600830078,1297700
2012-01-04,104.88999938964844,104.93000030517578,104.44999694824219,104.56999969482422,76.1440200805664,1789000
2012-01-05,104.66000366210938,105.01000213623047,104.5199966430664,104.58999633789062,76.15858459472656,1311300
2012-01-06,104.72000122070312,105.05999755859375,104.72000122070312,105.0,76.45716857910156,998200
2012-01-09,104.94000244140625,105.2699966430664,104.9000015258789,105.0199966430664,76.4717025756836,379900
2012-01-10,104.73999786376953,105.01000213623047,104.69000244140625,104.80999755859375,76.31877899169922,1636100
2012-01-11,105.08000183105469,105.44999694824219,105.08000183105469,105.41999816894531,76.76300048828125,931600
2012-01-12,105.36000061035156,105.41000366210938,105.08999633789062,105.19999694824219,76.60279846191406,685000
2012-01-13,105.69999694824219,105.91000366210938,105.63999938964844,105.66999816894531,76.94502258300781,554000
2012-01-17,105.62000274658203,105.83000183105469,105.5999984741211,105.7699966430664,77.01782989501953,1158100
2012-01-18,105.91999816894531,105.91999816894531,105.38999938964844,105.44000244140625,76.77749633789062,455200
2012-01-19,105.2300033569336,105.30000305175781,104.69000244140625,104.80999755859375,76.31877899169922,1587200
2012-01-20,104.61000061035156,104.77999877929688,104.41999816894531,104.44999694824219,76.05667877197266,650600
2012-01-23,104.13999938964844,104.31999969482422,104.0,104.22000122070312,75.88919067382812,734000
2012-01-24,104.33999633789062,104.33999633789062,104.05000305175781,104.33999633789062,75.97652435302734,1388100
2012-01-25,104.27999877929688,105.44000244140625,104.2300033569336,104.83999633789062,76.34064483642578,1149200
2012-01-26,105.12000274658203,105.45999908447266,105.12000274658203,105.4000015258789,76.7484359741211,1055000
2012-01-27,105.55999755859375,105.75,105.37000274658203,105.72000122070312,76.98139190673828,767600
2012-01-30,106.0999984741211,106.30999755859375,106.0199966430664,106.08000183105469,77.24357604980469,1152400
2012-01-31,105.93000030517578,106.48999786376953,105.93000030517578,106.4800033569336,77.53487396240234,1001800
2012-02-01,106.04000091552734,106.08000183105469,105.83999633789062,105.91999816894531,77.26568603515625,1698800
2012-02-02,105.9800033569336,106.12999725341797,105.87999725341797,106.06999969482422,77.37504577636719,839900
2012-02-03,105.27999877929688,105.41000366210938,105.08999633789062,105.2300033569336,76.76232147216797,1112600
2012-02-06,105.2699966430664,105.58999633789062,105.1500015258789,105.5199966430664,76.97389221191406,2968500
2012-02-07,105.06999969482422,105.1500015258789,104.76000213623047,104.83999633789062,76.47783660888672,1164900
2012-02-08,104.83000183105469,105.0,104.7300033569336,104.88999938964844,76.51433563232422,404800
2012-02-09,104.69999694824219,104.80000305175781,104.37999725341797,104.6500015258789,76.33927917480469,1802500
2012-02-10,105.1500015258789,105.33999633789062,105.0199966430664,105.23999786376953,76.7696304321289,1322600
2012-02-13,105.04000091552734,105.30000305175781,105.0,105.16999816894531,76.71849822998047,299300
2012-02-14,105.31999969482422,105.55000305175781,105.2300033569336,105.38999938964844,76.87906646728516,615500
2012-02-15,105.36000061035156,105.68000030517578,105.3499984741211,105.47000122070312,76.93741607666016,344100
2012-02-16,105.20999908447266,105.33999633789062,104.80999755859375,104.98999786376953,76.5872573852539,1540500
2012-02-17,104.66999816894531,104.91999816894531,104.63999938964844,104.87999725341797,76.50704193115234,653600
2012-02-21,104.66999816894531,104.70999908447266,104.37000274658203,104.5,76.22981262207031,635300
2012-02-22,104.66000366210938,105.0,104.66000366210938,104.91000366210938,76.52892303466797,538200
2012-02-23,104.81999969482422,105.19000244140625,104.68000030517578,105.05999755859375,76.63825225830078,805900
2012-02-24,105.12999725341797,105.20999908447266,105.05999755859375,105.13999938964844,76.69670104980469,360100
2012-02-27,105.5999984741211,105.66000366210938,105.44999694824219,105.48999786376953,76.95195007324219,588600
2012-02-28,105.69000244140625,105.80000305175781,105.45999908447266,105.54000091552734,76.98846435546875,817900
2012-02-29,105.5,105.52999877929688,104.98999786376953,105.12000274658203,76.68208312988281,787500
2012-03-01,104.4800033569336,104.63999938964844,104.33999633789062,104.61000061035156,76.43367004394531,1185200
2012-03-02,104.7300033569336,105.0999984741211,104.7300033569336,105.02999877929688,76.74051666259766,360100
2012-03-05,104.94000244140625,105.08999633789062,104.77999877929688,104.81999969482422,76.58708190917969,1406100
2012-03-06,105.2300033569336,105.41999816894531,105.19999694824219,105.26000213623047,76.90859985351562,605800
2012-03-07,105.20999908447266,105.25,105.01000213623047,105.05999755859375,76.76242065429688,436100
2012-03-08,104.97000122070312,105.06999969482422,104.70999908447266,104.75,76.5359115600586,329900
2012-03-09,104.62999725341797,104.70999908447266,104.43000030517578,104.66999816894531,76.47752380371094,286800
2012-03-12,104.86000061035156,104.9000015258789,104.63999938964844,104.63999938964844,76.45558166503906,503100
2012-03-13,104.4000015258789,104.44000244140625,103.87000274658203,103.88999938964844,75.90753173828125,618600
2012-03-14,103.38999938964844,103.44000244140625,102.62000274658203,102.69999694824219,75.0381088256836,1733100
2012-03-15,102.56999969482422,102.9000015258789,102.56999969482422,102.66999816894531,75.01612854003906,2302300
2012-03-16,102.23999786376953,102.6500015258789,102.1500015258789,102.63999938964844,74.99429321289062,681200
2012-03-19,102.5,102.55999755859375,101.83000183105469,102.01000213623047,74.53398132324219,1133200
2012-03-20,102.11000061035156,102.25,101.7699966430664,102.05999755859375,74.57051849365234,769100
2012-03-21,102.2699966430664,102.62999725341797,102.26000213623047,102.58000183105469,74.95045471191406,458100
2012-03-22,102.81999969482422,102.9000015258789,102.62999725341797,102.70999908447266,75.04540252685547,326200
2012-03-23,102.9800033569336,103.25,102.94999694824219,103.08999633789062,75.32303619384766,396100
2012-03-26,103.0199966430664,103.12999725341797,102.66999816894531,102.97000122070312,75.23542022705078,471700
2012-03-27,103.16000366210938,103.61000061035156,103.13999938964844,103.54000091552734,75.65184020996094,579200
2012-03-28,103.36000061035156,103.73999786376953,103.36000061035156,103.36000061035156,75.52031707763672,314700
2012-03-29,103.7300033569336,103.79000091552734,103.56999969482422,103.79000091552734,75.83454895019531,727700
2012-03-30,103.7699966430664,103.91000366210938,103.1500015258789,103.27999877929688,75.46189880371094,502600
2012-04-02,103.52999877929688,103.54000091552734,103.25,103.3499984741211,75.64263153076172,1433800
2012-04-03,103.51000213623047,103.69000244140625,102.51000213623047,102.58999633789062,75.08641815185547,833100
2012-04-04,103.01000213623047,103.12000274658203,102.9000015258789,103.11000061035156,75.46700286865234,461300
2012-04-05,103.56999969482422,103.5999984741211,103.29000091552734,103.56999969482422,75.80367279052734,456400
2012-04-09,104.66000366210938,104.76000213623047,104.52999877929688,104.62999725341797,76.57952117919922,573700
2012-04-10,104.80000305175781,105.19999694824219,104.72000122070312,105.12000274658203,76.93814086914062,900500
2012-04-11,104.70999908447266,104.83000183105469,104.61000061035156,104.70999908447266,76.63801574707031,435000
2012-04-12,104.79000091552734,104.81999969482422,104.47000122070312,104.5,76.48435974121094,451500
2012-04-13,104.9000015258789,105.1500015258789,104.87000274658203,105.12999725341797,76.94544982910156,461400
2012-04-16,105.08999633789062,105.41999816894531,105.05000305175781,105.0999984741211,76.92349243164062,1179600
2012-04-17,104.97000122070312,105.08000183105469,104.87999725341797,104.98999786376953,76.843017578125,923400
2012-04-18,105.13999938964844,105.2300033569336,105.08000183105469,105.19999694824219,76.99671936035156,502900
2012-04-19,105.30999755859375,105.4000015258789,105.2699966430664,105.31999969482422,77.08453369140625,408800
2012-04-20,105.12999725341797,105.33000183105469,105.06999969482422,105.33000183105469,77.09183502197266,377500
2012-04-23,105.5999984741211,105.72000122070312,105.51000213623047,105.54000091552734,77.24555969238281,746600
2012-04-24,105.43000030517578,105.45999908447266,105.25,105.2699966430664,77.04794311523438,506100
2012-04-25,105.0199966430664,105.31999969482422,104.7699966430664,105.13999938964844,76.95280456542969,681200
2012-04-26,105.5,105.52999877929688,105.30999755859375,105.48999786376953,77.20892333984375,314300
2012-04-27,105.41999816894531,105.61000061035156,105.41000366210938,105.5999984741211,77.28943634033203,368100
2012-04-30,105.69000244140625,105.80999755859375,105.63999938964844,105.69000244140625,77.35531616210938,1820300
2012-05-01,105.66000366210938,105.69999694824219,105.22000122070312,105.33000183105469,77.21454620361328,864100
2012-05-02,105.56999969482422,105.61000061035156,105.38999938964844,105.52999877929688,77.36115264892578,1030200
2012-05-03,105.30999755859375,105.58000183105469,105.30999755859375,105.5199966430664,77.3538589477539,360000
2012-05-04,105.68000030517578,105.94000244140625,105.66999816894531,105.94000244140625,77.66172790527344,814100
2012-05-07,105.9800033569336,106.04000091552734,105.87000274658203,105.91000366210938,77.6397476196289,490800
2012-05-08,106.12000274658203,106.37999725341797,106.0999984741211,106.1500015258789,77.81571197509766,522300
2012-05-09,106.44000244140625,106.5,106.13999938964844,106.23999786376953,77.88167572021484,961400
2012-05-10,106.0,106.12999725341797,105.8499984741211,106.08999633789062,77.771728515625,347000
2012-05-11,106.44000244140625,106.47000122070312,106.2699966430664,106.44000244140625,78.02825927734375,403500
2012-05-14,106.87999725341797,107.0,106.7300033569336,106.91000366210938,78.37287139892578,650200
2012-05-15,106.83999633789062,107.0,106.76000213623047,106.94000244140625,78.39482879638672,922100
2012-05-16,106.6500015258789,107.08000183105469,106.62000274658203,107.0199966430664,78.45348358154297,761600
2012-05-17,106.91999816894531,107.43000030517578,106.9000015258789,107.41999816894531,78.74666595458984,764000
2012-05-18,107.0999984741211,107.44000244140625,107.06999969482422,107.3499984741211,78.69536590576172,831900
2012-05-21,107.18000030517578,107.26000213623047,107.06999969482422,107.06999969482422,78.49015045166016,791600
2012-05-22,106.79000091552734,106.94000244140625,106.62999725341797,106.83999633789062,78.32152557373047,538300
2012-05-23,107.12999725341797,107.4000015258789,107.08000183105469,107.12000274658203,78.52680206298828,658000
2012-05-24,106.95999908447266,107.04000091552734,106.8499984741211,106.88999938964844,78.35820007324219,417700
2012-05-25,107.11000061035156,107.25,107.05999755859375,107.19999694824219,78.58544921875,370400
2012-05-29,107.26000213623047,107.47000122070312,107.11000061035156,107.11000061035156,78.51944732666016,865400
2012-05-30,107.8499984741211,108.20999908447266,107.80999755859375,108.12999725341797,79.26715087890625,645600
2012-05-31,108.33999633789062,108.88999938964844,108.30000305175781,108.55000305175781,79.5750961303711,2994300
2012-06-01,109.05999755859375,109.37000274658203,108.91000366210938,109.30999755859375,80.25862121582031,2186400
2012-06-04,108.83999633789062,108.98999786376953,108.63999938964844,108.68000030517578,79.79610443115234,849500
2012-06-05,108.51000213623047,108.6500015258789,108.30999755859375,108.31999969482422,79.53175354003906,836700
2012-06-06,108.29000091552734,108.31999969482422,107.58000183105469,107.61000061035156,79.01043701171875,1492800
2012-06-07,107.58000183105469,107.94000244140625,107.51000213623047,107.87000274658203,79.20133209228516,631800
2012-06-08,108.38999938964844,108.43000030517578,107.86000061035156,107.94999694824219,79.26006317138672,468000
2012-06-11,107.70999908447266,108.31999969482422,107.70999908447266,108.23999786376953,79.4730224609375,1050900
2012-06-12,107.91999816894531,108.0999984741211,107.63999938964844,107.66000366210938,79.04712677001953,569700
2012-06-13,107.8499984741211,108.30999755859375,107.70999908447266,108.2300033569336,79.46562194824219,1332100
2012-06-14,108.16000366210938,108.25,107.83000183105469,107.94000244140625,79.25271606445312,802600
2012-06-15,108.38999938964844,108.54000091552734,108.26000213623047,108.44000244140625,79.61986541748047,769400
2012-06-18,108.45999908447266,108.52999877929688,108.23999786376953,108.41000366210938,79.59786224365234,718800
2012-06-19,108.16999816894531,108.20999908447266,107.87999725341797,108.04000091552734,79.326171875,1536800
2012-06-20,107.69999694824219,108.12000274658203,107.52999877929688,107.81999969482422,79.16464233398438,913100
2012-06-21,107.93000030517578,108.19999694824219,107.87000274658203,108.05000305175781,79.33350372314453,1655900
2012-06-22,107.62999725341797,107.81999969482422,107.56999969482422,107.58000183105469,78.98838806152344,1770300
2012-06-25,107.98999786376953,108.18000030517578,107.9800033569336,108.16999816894531,79.42156219482422,594900
2012-06-26,107.9000015258789,108.12000274658203,107.81999969482422,107.93000030517578,79.24542236328125,2395600
2012-06-27,108.06999969482422,108.12000274658203,107.8499984741211,108.08000183105469,79.35551452636719,3445300
2012-06-28,108.47000122070312,108.54000091552734,108.3499984741211,108.43000030517578,79.61247253417969,413400
2012-06-29,107.81999969482422,108.04000091552734,107.77999877929688,107.93000030517578,79.24542236328125,646900
2012-07-02,108.0,108.54000091552734,107.9800033569336,108.2699966430664,79.61307525634766,1580800
2012-07-03,108.25,108.2699966430664,107.94999694824219,108.0,79.41455078125,588000
2012-07-05,108.13999938964844,108.36000061035156,108.08000183105469,108.29000091552734,79.62776184082031,1602600
2012-07-06,108.62000274658203,108.76000213623047,108.55999755859375,108.66999816894531,79.90723419189453,1146900
2012-07-09,108.7699966430664,108.98999786376953,108.73999786376953,108.97000122070312,80.12776947021484,495300
2012-07-10,108.88999938964844,109.08000183105469,108.86000061035156,109.0199966430664,80.16456604003906,631900
2012-07-11,109.06999969482422,109.33999633789062,108.87999725341797,108.91999816894531,80.09099578857422,825800
2012-07-12,109.08000183105469,109.19999694824219,109.04000091552734,109.16999816894531,80.27484893798828,840400
2012-07-13,109.12999725341797,109.12999725341797,108.91000366210938,109.08000183105469,80.20867156982422,307900
2012-07-16,109.41999816894531,109.54000091552734,109.27999877929688,109.31999969482422,80.38516998291016,349400
2012-07-17,109.1500015258789,109.30000305175781,109.0,109.04000091552734,80.17924499511719,637900
2012-07-18,109.22000122070312,109.27999877929688,109.12999725341797,109.1500015258789,80.2601547241211,606000
2012-07-19,109.05999755859375,109.19999694824219,108.94000244140625,108.98999786376953,80.1424560546875,949100
2012-07-20,109.29000091552734,109.5,109.29000091552734,109.41999816894531,80.45867919921875,250900
2012-07-23,109.73999786376953,109.7699966430664,109.5199966430664,109.5999984741211,80.59101867675781,1675600
2012-07-24,109.44000244140625,109.88999938964844,109.41999816894531,109.80999755859375,80.7454605102539,905500
2012-07-25,109.76000213623047,109.87999725341797,109.69000244140625,109.87000274658203,80.78949737548828,1246800
2012-07-26,109.66000366210938,109.73999786376953,109.5,109.52999877929688,80.53954315185547,742000
2012-07-27,109.18000030517578,109.18000030517578,108.36000061035156,108.73999786376953,79.95870971679688,1072300
2012-07-30,108.77999877929688,109.12000274658203,108.70999908447266,109.08999633789062,80.21604919433594,666000
2012-07-31,109.26000213623047,109.31999969482422,108.94000244140625,109.27999877929688,80.35576629638672,2209700
2012-08-01,108.83999633789062,109.05000305175781,108.55000305175781,108.72000122070312,80.06262969970703,977300
2012-08-02,109.05000305175781,109.27999877929688,108.93000030517578,108.9800033569336,80.25410461425781,620000
2012-08-03,108.5199966430664,108.62999725341797,108.19000244140625,108.41000366210938,79.83432006835938,765500
2012-08-06,108.4800033569336,108.66000366210938,108.43000030517578,108.4800033569336,79.88590240478516,850800
2012-08-07,107.9800033569336,108.0199966430664,107.79000091552734,107.91000366210938,79.46614074707031,1228200
2012-08-08,107.94999694824219,108.05999755859375,107.68000030517578,107.76000213623047,79.35565948486328,862800
2012-08-09,107.62999725341797,107.83000183105469,107.41999816894531,107.68000030517578,79.29674530029297,833700
2012-08-10,108.13999938964844,108.18000030517578,107.68000030517578,107.98999786376953,79.5250244140625,466900
2012-08-13,108.0999984741211,108.19000244140625,107.91999816894531,107.91999816894531,79.47350311279297,729500
2012-08-14,107.5,107.62999725341797,107.38999938964844,107.38999938964844,79.0832290649414,642100
2012-08-15,107.13999938964844,107.20999908447266,106.80000305175781,106.8499984741211,78.68553161621094,934600
2012-08-16,106.87999725341797,106.9800033569336,106.43000030517578,106.58999633789062,78.49407958984375,861400
2012-08-17,106.68000030517578,106.9000015258789,106.68000030517578,106.72000122070312,78.58982849121094,784300
2012-08-20,106.69999694824219,106.91999816894531,106.68000030517578,106.77999877929688,78.63402557373047,1000100
2012-08-21,106.66999816894531,106.88999938964844,106.41999816894531,106.87000274658203,78.70022583007812,684500
2012-08-22,107.26000213623047,107.69999694824219,107.18000030517578,107.69999694824219,79.31146240234375,730600
2012-08-23,107.86000061035156,108.01000213623047,107.69999694824219,107.88999938964844,79.45145416259766,440200
2012-08-24,108.06999969482422,108.13999938964844,107.80000305175781,107.83999633789062,79.41458892822266,311500
2012-08-27,108.01000213623047,108.12999725341797,107.9800033569336,108.12000274658203,79.62079620361328,467400
2012-08-28,108.19000244140625,108.37000274658203,108.13999938964844,108.16000366210938,79.65026092529297,615000
2012-08-29,108.16000366210938,108.16000366210938,107.91999816894531,108.08999633789062,79.59874725341797,764700
2012-08-30,108.3499984741211,108.44999694824219,108.27999877929688,108.29000091552734,79.74598693847656,642200
2012-08-31,108.29000091552734,108.98999786376953,108.22000122070312,108.98999786376953,80.26146697998047,912700
2012-09-04,108.5999984741211,108.83000183105469,108.5199966430664,108.58999633789062,80.07788848876953,1200200
2012-09-05,108.55999755859375,108.68000030517578,108.44000244140625,108.55000305175781,80.04840087890625,782300
2012-09-06,108.05999755859375,108.08000183105469,107.79000091552734,107.80999755859375,79.50263214111328,1376700
2012-09-07,108.52999877929688,108.56999969482422,107.94999694824219,107.94999694824219,79.60588836669922,2748500
2012-09-10,108.04000091552734,108.0999984741211,107.81999969482422,108.0,79.6427993774414,1614100
2012-09-11,107.93000030517578,107.94999694824219,107.70999908447266,107.80000305175781,79.49528503417969,375200
2012-09-12,107.38999938964844,107.80000305175781,107.19999694824219,107.2699966430664,79.10446166992188,660700
2012-09-13,107.55999755859375,107.7699966430664,106.7699966430664,107.58000183105469,79.33304595947266,1458700
2012-09-14,106.9800033569336,107.58000183105469,106.41999816894531,106.56999969482422,78.58821105957031,1050800
2012-09-17,106.66999816894531,106.95999908447266,106.6500015258789,106.79000091552734,78.7504653930664,745300
2012-09-18,107.22000122070312,107.27999877929688,107.01000213623047,107.05999755859375,78.94957733154297,578700
2012-09-19,107.36000061035156,107.41000366210938,107.18000030517578,107.30999755859375,79.13396453857422,437200
2012-09-20,107.69000244140625,107.73999786376953,107.23999786376953,107.37000274658203,79.17817687988281,422300
2012-09-21,107.26000213623047,107.61000061035156,107.2300033569336,107.5999984741211,79.34776306152344,682000
2012-09-24,107.73999786376953,107.93000030517578,107.73999786376953,107.83999633789062,79.52474975585938,943800
2012-09-25,107.94999694824219,108.25,107.69999694824219,108.23999786376953,79.81971740722656,471900
2012-09-26,108.48999786376953,108.69000244140625,108.43000030517578,108.69000244140625,80.15159606933594,444600
2012-09-27,108.43000030517578,108.54000091552734,108.31999969482422,108.45999908447266,79.98197174072266,295400
2012-09-28,108.58000183105469,108.69999694824219,108.36000061035156,108.45999908447266,79.98197174072266,612500
2012-10-01,108.41000366210938,108.54000091552734,108.2300033569336,108.5199966430664,80.13038635253906,1213500
2012-10-02,108.30000305175781,108.55999755859375,108.29000091552734,108.44999694824219,80.07872772216797,846500
2012-10-03,108.44000244140625,108.55999755859375,108.30000305175781,108.55999755859375,80.15990447998047,938000
2012-10-04,108.31999969482422,108.41999816894531,108.08999633789062,108.12999725341797,79.84245300292969,376700
2012-10-05,107.76000213623047,107.80999755859375,107.56999969482422,107.63999938964844,79.48059844970703,805200
2012-10-08,107.87999725341797,108.01000213623047,107.86000061035156,107.98999786376953,79.73904418945312,403700
2012-10-09,107.69999694824219,107.94999694824219,107.68000030517578,107.7699966430664,79.57660675048828,387200
2012-10-10,107.5999984741211,108.06999969482422,107.52999877929688,108.02999877929688,79.76856231689453,318100
2012-10-11,107.69000244140625,108.13999938964844,107.62999725341797,108.12999725341797,79.84245300292969,1217500
2012-10-12,108.20999908447266,108.37999725341797,108.11000061035156,108.13999938964844,79.8498306274414,427900
2012-10-15,108.18000030517578,108.25,108.05999755859375,108.16999816894531,79.87196350097656,635000
2012-10-16,107.93000030517578,107.93000030517578,107.66000366210938,107.66000366210938,79.49539184570312,585500
2012-10-17,107.33999633789062,107.37999725341797,106.94000244140625,106.9800033569336,78.99329376220703,597300
2012-10-18,107.08000183105469,107.18000030517578,106.75,106.79000091552734,78.85294342041016,1157500
2012-10-19,106.94999694824219,107.33999633789062,106.91999816894531,107.23999786376953,79.18524932861328,808100
2012-10-22,107.02999877929688,107.12999725341797,106.87999725341797,106.87999725341797,78.91943359375,760000
2012-10-23,107.19999694824219,107.38999938964844,107.19999694824219,107.38999938964844,79.2960205078125,414600
2012-10-24,107.1500015258789,107.31999969482422,107.08999633789062,107.16000366210938,79.12620544433594,682400
2012-10-25,106.6500015258789,107.04000091552734,106.58999633789062,106.7699966430664,78.83824157714844,437300
2012-10-26,107.13999938964844,107.45999908447266,107.11000061035156,107.44999694824219,79.34033966064453,414800
2012-10-31,107.69000244140625,107.9800033569336,107.6500015258789,107.88999938964844,79.6651840209961,728100
2012-11-01,107.63999938964844,107.68000030517578,107.4000015258789,107.52999877929688,79.5062026977539,918300
2012-11-02,107.29000091552734,107.63999938964844,107.25,107.62000274658203,79.57275390625,527200
2012-11-05,107.83999633789062,107.98999786376953,107.80999755859375,107.87999725341797,79.7649917602539,805400
2012-11-06,107.79000091552734,107.86000061035156,107.37000274658203,107.38999938964844,79.4027099609375,486000
2012-11-07,108.33000183105469,108.54000091552734,108.19999694824219,108.29000091552734,80.06819152832031,979800
2012-11-08,108.2699966430664,108.79000091552734,108.1500015258789,108.7699966430664,80.42311096191406,514700
2012-11-09,108.70999908447266,108.81999969482422,108.55000305175781,108.77999877929688,80.43045043945312,368200
2012-11-12,108.77999877929688,108.87000274658203,108.69999694824219,108.8499984741211,80.48223876953125,267900
2012-11-13,108.98999786376953,109.0,108.80999755859375,108.9800033569336,80.5783920288086,1608900
2012-11-14,108.69999694824219,109.02999877929688,108.66999816894531,109.01000213623047,80.60055541992188,1477300
2012-11-15,108.79000091552734,109.06999969482422,108.7699966430664,108.95999908447266,80.56358337402344,1448500
2012-11-16,108.94000244140625,109.19999694824219,108.91000366210938,109.02999877929688,80.61534881591797,578100
2012-11-19,108.72000122070312,108.81999969482422,108.68000030517578,108.80999755859375,80.45267486572266,712300
2012-11-20,108.63999938964844,108.69999694824219,108.36000061035156,108.36000061035156,80.11995697021484,970700
2012-11-21,108.19999694824219,108.27999877929688,108.16000366210938,108.19999694824219,80.00166320800781,291500
2012-11-23,108.19999694824219,108.20999908447266,108.12999725341797,108.13999938964844,79.95726776123047,466000
2012-11-26,108.4000015258789,108.5199966430664,108.29000091552734,108.31999969482422,80.09033966064453,1522400
2012-11-27,108.38999938964844,108.58000183105469,108.33000183105469,108.56999969482422,80.27526092529297,579100
2012-11-28,108.7699966430664,108.87000274658203,108.66000366210938,108.70999908447266,80.37871551513672,1057500
2012-11-29,108.70999908447266,108.86000061035156,108.6500015258789,108.81999969482422,80.46009063720703,814200
2012-11-30,108.9000015258789,108.91000366210938,108.76000213623047,108.80000305175781,80.4452896118164,557800
2012-12-03,108.44000244140625,108.63999938964844,108.37000274658203,108.62000274658203,80.4134521484375,750400
2012-12-04,108.69000244140625,108.81999969482422,108.66000366210938,108.80999755859375,80.55409240722656,479300
2012-12-05,108.91999816894531,109.05999755859375,108.87000274658203,108.9000015258789,80.6207275390625,505500
2012-12-06,109.0999984741211,109.1500015258789,108.94999694824219,108.95999908447266,80.66514587402344,443700
2012-12-07,108.69000244140625,108.86000061035156,108.62999725341797,108.6500015258789,80.43565368652344,515700
2012-12-10,108.79000091552734,108.81999969482422,108.6500015258789,108.75,80.50972747802734,707500
2012-12-11,108.51000213623047,108.55000305175781,108.41999816894531,108.54000091552734,80.35418701171875,734300
2012-12-12,108.41999816894531,108.5999984741211,108.08000183105469,108.08000183105469,80.01368713378906,1165600
2012-12-13,107.94999694824219,108.0999984741211,107.80000305175781,107.87000274658203,79.85816955566406,862900
2012-12-14,108.0,108.1500015258789,108.0,108.11000061035156,80.03587341308594,380700
2012-12-17,108.01000213623047,108.02999877929688,107.51000213623047,107.54000091552734,79.61392974853516,660100
2012-12-18,107.4800033569336,107.54000091552734,107.0,107.12000274658203,79.30300903320312,846400
2012-12-19,107.2699966430664,107.52999877929688,107.22000122070312,107.2699966430664,79.41397857666016,675300
2012-12-20,107.41999816894531,107.58000183105469,107.29000091552734,107.33999633789062,79.46585845947266,377100
2012-12-21,107.73999786376953,107.80999755859375,107.61000061035156,107.62999725341797,79.68052673339844,499200
2012-12-24,107.55000305175781,107.58000183105469,107.5,107.5199966430664,79.59904479980469,903400
2012-12-26,107.48999786376953,107.63999938964844,107.4800033569336,107.58999633789062,79.76296997070312,780000
2012-12-27,107.54000091552734,108.0199966430664,107.5199966430664,107.80999755859375,79.92603302001953,446700
2012-12-28,108.01000213623047,108.06999969482422,107.9000015258789,108.05999755859375,80.11134338378906,552200
2012-12-31,107.91000366210938,107.95999908447266,107.44999694824219,107.48999786376953,79.68878936767578,1742800
2013-01-02,107.0,107.1500015258789,106.94999694824219,107.0,79.32552337646484,2561300
2013-01-03,107.02999877929688,107.05000305175781,106.44000244140625,106.44999694824219,78.91777038574219,2131900
2013-01-04,106.33999633789062,106.5,106.20999908447266,106.5,78.95486450195312,975400
2013-01-07,106.5,106.5999984741211,106.41999816894531,106.55999755859375,78.99932861328125,1387400
2013-01-08,106.70999908447266,106.83999633789062,106.69000244140625,106.81999969482422,79.19206237792969,364200
2013-01-09,106.8499984741211,106.9800033569336,106.73999786376953,106.87999725341797,79.23653411865234,517700
2013-01-10,106.58000183105469,106.7699966430664,106.52999877929688,106.56999969482422,79.00676727294922,689100
2013-01-11,106.41000366210938,106.91000366210938,106.37000274658203,106.91000366210938,79.2587661743164,553900
2013-01-14,107.0199966430664,107.05999755859375,106.8499984741211,106.87000274658203,79.22917938232422,971700
2013-01-15,107.22000122070312,107.2699966430664,107.08999633789062,107.12999725341797,79.4218978881836,428800
2013-01-16,107.30000305175781,107.33999633789062,107.1500015258789,107.2699966430664,79.52567291259766,534000
2013-01-17,106.83999633789062,106.91000366210938,106.66999816894531,106.77999877929688,79.16242980957031,436100
2013-01-18,106.95999908447266,107.12999725341797,106.93000030517578,107.08000183105469,79.38484954833984,560100
2013-01-22,106.87000274658203,107.22000122070312,106.8499984741211,107.16999816894531,79.45158386230469,595400
2013-01-23,107.25,107.3499984741211,107.1500015258789,107.22000122070312,79.4886474609375,603600
2013-01-24,107.13999938964844,107.16000366210938,106.91000366210938,107.04000091552734,79.35517120361328,376300
2013-01-25,106.52999877929688,106.62999725341797,106.26000213623047,106.33000183105469,78.82881927490234,570600
2013-01-28,105.88999938964844,106.13999938964844,105.88999938964844,106.11000061035156,78.66575622558594,1328000
2013-01-29,106.1500015258789,106.31999969482422,105.93000030517578,105.94999694824219,78.5470962524414,480600
2013-01-30,105.87000274658203,106.02999877929688,105.72000122070312,106.01000213623047,78.59156036376953,453200
2013-01-31,106.11000061035156,106.11000061035156,105.93000030517578,106.0999984741211,78.65828704833984,902500
2013-02-01,106.41000366210938,106.43000030517578,105.55999755859375,105.5999984741211,78.39107513427734,2587800
2013-02-04,105.93000030517578,106.2699966430664,105.88999938964844,106.20999908447266,78.84388732910156,693400
2013-02-05,105.80999755859375,105.87999725341797,105.7300033569336,105.83000183105469,78.5617904663086,797700
2013-02-06,106.05999755859375,106.19999694824219,105.94999694824219,106.1500015258789,78.79935455322266,816800
2013-02-07,106.1500015258789,106.44999694824219,106.13999938964844,106.19999694824219,78.83647918701172,970000
2013-02-08,106.22000122070312,106.31999969482422,105.97000122070312,106.27999877929688,78.89588165283203,952800
2013-02-11,106.19999694824219,106.30999755859375,106.16999816894531,106.16999816894531,78.81420135498047,558800
2013-02-12,106.01000213623047,106.16999816894531,105.9800033569336,106.05999755859375,78.7325439453125,531500
2013-02-13,105.72000122070312,105.87000274658203,105.63999938964844,105.69000244140625,78.45787048339844,610700
2013-02-14,105.94999694824219,106.1500015258789,105.80999755859375,106.13999938964844,78.79193878173828,988000
2013-02-15,106.04000091552734,106.0999984741211,105.8499984741211,106.04000091552734,78.71764373779297,681700
2013-02-19,106.19000244140625,106.20999908447266,105.86000061035156,105.87000274658203,78.5915298461914,498800
2013-02-20,105.83000183105469,106.12000274658203,105.79000091552734,106.0999984741211,78.76226043701172,869900
2013-02-21,106.33000183105469,106.5,106.27999877929688,106.30999755859375,78.91815185546875,681000
2013-02-22,106.33999633789062,106.4800033569336,106.33000183105469,106.44000244140625,79.0146713256836,412800
2013-02-25,106.16999816894531,107.26000213623047,106.16000366210938,107.26000213623047,79.62336730957031,2909000
2013-02-26,107.05999755859375,107.37999725341797,106.9800033569336,107.05999755859375,79.47489166259766,860900
2013-02-27,107.33999633789062,107.37000274658203,106.91999816894531,107.01000213623047,79.43775939941406,398800
2013-02-28,107.12000274658203,107.16999816894531,106.98999786376953,107.16000366210938,79.5490951538086,534400
2013-03-01,107.19000244140625,107.33000183105469,107.11000061035156,107.30000305175781,79.74757385253906,876500
2013-03-04,107.22000122070312,107.26000213623047,107.05000305175781,107.05000305175781,79.56175994873047,572600
2013-03-05,106.97000122070312,107.01000213623047,106.81999969482422,106.94000244140625,79.47998046875,224700
2013-03-06,106.62000274658203,106.77999877929688,106.5999984741211,106.5999984741211,79.22726440429688,1091700
2013-03-07,106.41000366210938,106.43000030517578,106.16999816894531,106.19000244140625,78.92256164550781,804500
2013-03-08,105.63999938964844,105.83999633789062,105.56999969482422,105.6500015258789,78.5212631225586,1651900
2013-03-11,105.75,105.80000305175781,105.6500015258789,105.69999694824219,78.55839538574219,1465800
2013-03-12,105.86000061035156,106.05000305175781,105.8499984741211,105.98999786376953,78.77388763427734,525300
2013-03-13,105.80000305175781,106.01000213623047,105.72000122070312,105.9000015258789,78.70702362060547,1116500
2013-03-14,105.69000244140625,106.01000213623047,105.66000366210938,105.93000030517578,78.72933959960938,557400
2013-03-15,105.98999786376953,106.31999969482422,105.98999786376953,106.30000305175781,79.00434112548828,1184700
2013-03-18,106.68000030517578,106.69000244140625,106.48999786376953,106.6500015258789,79.26443481445312,1442000
2013-03-19,106.7699966430664,107.11000061035156,106.73999786376953,106.9800033569336,79.50971221923828,545300
2013-03-20,106.69999694824219,106.83000183105469,106.55999755859375,106.56999969482422,79.20501708984375,742800
2013-03-21,106.8499984741211,106.86000061035156,106.68000030517578,106.8499984741211,79.41310119628906,669700
2013-03-22,106.91999816894531,106.94999694824219,106.68000030517578,106.88999938964844,79.44284057617188,297000
2013-03-25,106.70999908447266,107.12000274658203,106.68000030517578,106.97000122070312,79.5022964477539,319500
2013-03-26,106.75,107.12000274658203,106.7300033569336,107.08000183105469,79.58406829833984,546300
2013-03-27,107.45999908447266,107.66000366210938,107.45999908447266,107.54000091552734,79.9259262084961,623700
2013-03-28,107.43000030517578,107.56999969482422,107.31999969482422,107.33999633789062,79.77726745605469,378400
2013-04-01,107.22000122070312,107.55000305175781,107.22000122070312,107.4800033569336,79.98941802978516,2471100
2013-04-02,107.31999969482422,107.3499984741211,107.22000122070312,107.2699966430664,79.83309936523438,984900
2013-04-03,107.41000366210938,107.81999969482422,107.41000366210938,107.72000122070312,80.16798400878906,1234000
2013-04-04,107.91000366210938,108.16000366210938,107.87999725341797,108.1500015258789,80.48806762695312,584800
2013-04-05,108.52999877929688,108.69999694824219,108.43000030517578,108.48999786376953,80.74105834960938,663800
2013-04-08,108.43000030517578,108.51000213623047,108.12999725341797,108.13999938964844,80.48057556152344,858200
2013-04-09,108.31999969482422,108.37999725341797,108.12000274658203,108.18000030517578,80.51036834716797,507800
2013-04-10,107.94000244140625,107.97000122070312,107.70999908447266,107.7300033569336,80.17546081542969,340900
2013-04-11,107.8499984741211,107.97000122070312,107.79000091552734,107.8499984741211,80.26473999023438,1132200
2013-04-12,108.25,108.44999694824219,108.12999725341797,108.44999694824219,80.71128845214844,827700
2013-04-15,108.4000015258789,108.69000244140625,108.36000061035156,108.69000244140625,80.88990020751953,587300
2013-04-16,108.3499984741211,108.51000213623047,108.33000183105469,108.37999725341797,80.65917205810547,1226700
2013-04-17,108.44000244140625,108.80999755859375,108.4000015258789,108.58000183105469,80.80804443359375,988300
2013-04-18,108.66000366210938,108.76000213623047,108.56999969482422,108.63999938964844,80.85267639160156,705600
2013-04-19,108.58000183105469,108.58000183105469,108.48999786376953,108.58000183105469,80.80804443359375,750500
2013-04-22,108.62999725341797,108.75,108.58000183105469,108.63999938964844,80.85267639160156,379900
2013-04-23,108.7699966430664,109.04000091552734,108.54000091552734,108.56999969482422,80.80060577392578,449800
2013-04-24,108.55999755859375,108.69000244140625,108.55000305175781,108.62000274658203,80.83780670166016,279400
2013-04-25,108.47000122070312,108.54000091552734,108.38999938964844,108.5,80.74853515625,293300
2013-04-26,108.77999877929688,108.91999816894531,108.75,108.88999938964844,81.03870391845703,433300
2013-04-29,108.95999908447266,108.98999786376953,108.83000183105469,108.8499984741211,81.00894165039062,810000
2013-04-30,109.01000213623047,109.13999938964844,108.79000091552734,108.83000183105469,80.99406433105469,752700
2013-05-01,108.91999816894531,109.16999816894531,108.91999816894531,109.05000305175781,81.25860595703125,803600
2013-05-02,108.98999786376953,109.05999755859375,108.93000030517578,109.05000305175781,81.25860595703125,921300
2013-05-03,108.47000122070312,108.5,108.05000305175781,108.12000274658203,80.56558990478516,879500
2013-05-06,108.1500015258789,108.19000244140625,107.88999938964844,107.9800033569336,80.4613265991211,434000
2013-05-07,107.80999755859375,107.94000244140625,107.80999755859375,107.83000183105469,80.34952545166016,544000
2013-05-08,107.93000030517578,108.08999633789062,107.9000015258789,107.95999908447266,80.44640350341797,1114400
2013-05-09,108.04000091552734,108.23999786376953,107.91000366210938,107.94000244140625,80.43151092529297,587300
2013-05-10,107.75,107.75,107.08000183105469,107.33000183105469,79.97693634033203,529700
2013-05-13,107.0999984741211,107.16999816894531,107.06999969482422,107.13999938964844,79.83537292480469,417600
2013-05-14,107.27999877929688,107.31999969482422,106.66999816894531,106.70999908447266,79.51496887207031,876900
2013-05-15,107.02999877929688,107.12999725341797,106.7300033569336,106.98999786376953,79.72357177734375,768200
2013-05-16,107.23999786376953,107.62000274658203,107.22000122070312,107.5,80.10363006591797,697900
2013-05-17,107.33000183105469,107.37000274658203,106.9000015258789,106.91999816894531,79.67138671875,365800
2013-05-20,107.08999633789062,107.12000274658203,106.7300033569336,106.83999633789062,79.61181640625,1440000
2013-05-21,106.80000305175781,107.13999938964844,106.58000183105469,107.12000274658203,79.82046508789062,530600
2013-05-22,107.19999694824219,107.43000030517578,106.22000122070312,106.2699966430664,79.18707275390625,1797400
2013-05-23,106.61000061035156,106.63999938964844,106.12999725341797,106.37999725341797,79.26908111572266,950100
2013-05-24,106.5,106.68000030517578,106.36000061035156,106.41999816894531,79.29888916015625,349800
2013-05-28,106.08000183105469,106.1500015258789,105.1500015258789,105.16999816894531,78.36742401123047,1157000
2013-05-29,105.25,105.5999984741211,105.19000244140625,105.5999984741211,78.68780517578125,1588400
2013-05-30,105.56999969482422,105.75,105.41000366210938,105.61000061035156,78.69525146484375,578000
2013-05-31,105.70999908447266,105.75,104.83000183105469,105.31999969482422,78.479248046875,1639400
2013-06-03,104.9800033569336,105.83999633789062,104.22000122070312,105.33000183105469,78.59263610839844,3269200
2013-06-04,105.08999633789062,105.31999969482422,105.01000213623047,105.05999755859375,78.39115142822266,1235100
2013-06-05,105.29000091552734,105.61000061035156,105.25,105.56999969482422,78.77169036865234,1298900
2013-06-06,105.4800033569336,106.33000183105469,105.30000305175781,105.69999694824219,78.86866760253906,2471900
2013-06-07,105.3499984741211,105.55000305175781,104.87999725341797,104.87999725341797,78.2568130493164,652300
2013-06-10,104.68000030517578,104.80999755859375,104.47000122070312,104.62000274658203,78.0628433227539,694600
2013-06-11,104.25,104.87999725341797,104.19000244140625,104.87999725341797,78.2568130493164,756100
2013-06-12,104.48999786376953,104.94999694824219,104.41000366210938,104.41000366210938,77.90613555908203,528700
2013-06-13,104.66999816894531,105.31999969482422,104.66000366210938,105.19999694824219,78.4956283569336,1180100
2013-06-14,105.41000366210938,105.63999938964844,105.2699966430664,105.33999633789062,78.6001205444336,599700
2013-06-17,105.45999908447266,105.4800033569336,105.0199966430664,105.08999633789062,78.41352844238281,478400
2013-06-18,104.8499984741211,105.12000274658203,104.79000091552734,105.02999877929688,78.36880493164062,429000
2013-06-19,105.08999633789062,107.58999633789062,103.4800033569336,103.58999633789062,77.2942886352539,1281500
2013-06-20,103.22000122070312,103.43000030517578,102.80999755859375,103.12000274658203,76.94361114501953,1982500
2013-06-21,102.91000366210938,103.0,102.0199966430664,102.02999877929688,76.13028717041016,1777200
2013-06-24,101.26000213623047,102.19999694824219,101.25,101.77999877929688,75.94380187988281,2731500
2013-06-25,102.05999755859375,102.12000274658203,101.55999755859375,101.66000366210938,75.8542251586914,772000
2013-06-26,102.23999786376953,102.30999755859375,101.76000213623047,102.06999969482422,76.1601333618164,1015300
2013-06-27,102.48999786376953,102.66000366210938,102.22000122070312,102.62000274658203,76.57049560546875,949000
2013-06-28,102.12999725341797,102.55999755859375,101.97000122070312,102.5,76.48100280761719,1017700
2013-07-01,102.20999908447266,102.4800033569336,102.02999877929688,102.4000015258789,76.51016235351562,1127100
2013-07-02,102.41999816894531,102.56999969482422,102.27999877929688,102.44000244140625,76.5400161743164,385400
2013-07-03,102.44999694824219,102.6500015258789,102.2300033569336,102.23999786376953,76.39064025878906,1233200
2013-07-05,100.88999938964844,100.93000030517578,100.44999694824219,100.5199966430664,75.10546112060547,924100
2013-07-08,100.86000061035156,101.19000244140625,100.83999633789062,101.11000061035156,75.54627990722656,1137200
2013-07-09,101.27999877929688,101.38999938964844,101.19999694824219,101.27999877929688,75.67330932617188,558400
2013-07-10,101.23999786376953,101.37999725341797,100.9000015258789,100.91999816894531,75.40433502197266,1005500
2013-07-11,101.66000366210938,101.93000030517578,101.56999969482422,101.93000030517578,76.15892791748047,818700
2013-07-12,102.20999908447266,102.30999755859375,101.68000030517578,101.8499984741211,76.09918212890625,1919500
2013-07-15,101.97000122070312,102.16999816894531,101.94000244140625,102.16999816894531,76.33831024169922,563700
2013-07-16,102.16000366210938,102.31999969482422,102.0999984741211,102.22000122070312,76.37564086914062,713300
2013-07-17,102.80999755859375,102.8499984741211,102.5199966430664,102.66999816894531,76.71187591552734,696300
2013-07-18,102.63999938964844,102.63999938964844,102.19000244140625,102.19000244140625,76.35326385498047,717800
2013-07-19,102.44999694824219,102.76000213623047,102.44000244140625,102.75,76.77167510986328,459500
2013-07-22,102.73999786376953,102.86000061035156,102.66999816894531,102.73999786376953,76.7641830444336,450300
2013-07-23,102.51000213623047,102.6500015258789,102.38999938964844,102.62000274658203,76.67445373535156,13316500
2013-07-24,102.0,102.11000061035156,101.6500015258789,101.93000030517578,76.15892791748047,837400
2013-07-25,101.62000274658203,102.08999633789062,101.5999984741211,102.08000183105469,76.27105712890625,712300
2013-07-26,102.18000030517578,102.23999786376953,102.05999755859375,102.16999816894531,76.33831024169922,544900
2013-07-29,102.04000091552734,102.08999633789062,101.8499984741211,101.95999908447266,76.18136596679688,420300
2013-07-30,102.05999755859375,102.0999984741211,101.80999755859375,101.93000030517578,76.15892791748047,306800
2013-07-31,101.22000122070312,102.08000183105469,101.13999938964844,102.0,76.21129608154297,930500
2013-08-01,101.48999786376953,101.52999877929688,100.86000061035156,100.95999908447266,75.53861999511719,1177300
2013-08-02,101.4800033569336,101.81999969482422,101.41999816894531,101.81999969482422,76.18208312988281,4360000
2013-08-05,101.61000061035156,101.6500015258789,101.41000366210938,101.5,75.94261932373047,390400
2013-08-06,101.44000244140625,101.58999633789062,101.38999938964844,101.52999877929688,75.96512603759766,257000
2013-08-07,101.6500015258789,101.95999908447266,101.62999725341797,101.9000015258789,76.24191284179688,493200
2013-08-08,102.04000091552734,102.1500015258789,101.93000030517578,102.05000305175781,76.35416412353516,804900
2013-08-09,101.9000015258789,102.12999725341797,101.87999725341797,102.12000274658203,76.40655517578125,557600
2013-08-12,102.2699966430664,102.2699966430664,101.87999725341797,101.91999816894531,76.25686645507812,400400
2013-08-13,101.30000305175781,101.30000305175781,100.91999816894531,101.0,75.56853485107422,566500
2013-08-14,101.0,101.1500015258789,100.97000122070312,101.08999633789062,75.63589477539062,1672300
2013-08-15,100.52999877929688,100.86000061035156,100.30000305175781,100.52999877929688,75.21692657470703,15452300
2013-08-16,100.55999755859375,100.55999755859375,99.8499984741211,100.13999938964844,74.9251480102539,1066900
2013-08-19,99.86000061035156,99.91999816894531,99.61000061035156,99.70999908447266,74.60334777832031,892200
2013-08-20,100.06999969482422,100.2699966430664,100.05000305175781,100.25,75.00745391845703,1221100
2013-08-21,100.0,100.25,99.58000183105469,99.62000274658203,74.53608703613281,945100
2013-08-22,99.54000091552734,99.75,99.33000183105469,99.58000183105469,74.5061264038086,755100
2013-08-23,99.5,100.20999908447266,99.41000366210938,100.13999938964844,74.9251480102539,991100
2013-08-26,100.36000061035156,100.38999938964844,100.1500015258789,100.33999633789062,75.07473754882812,512600
2013-08-27,100.68000030517578,100.97000122070312,100.52999877929688,100.91000366210938,75.50123596191406,532500
2013-08-28,100.62000274658203,100.6500015258789,100.30000305175781,100.5,75.1944808959961,761700
2013-08-29,100.20999908447266,100.7300033569336,100.16000366210938,100.5999984741211,75.26927185058594,470900
2013-08-30,100.66999816894531,100.72000122070312,100.41000366210938,100.41000366210938,75.12714385986328,1038200
2013-09-03,99.83000183105469,99.91999816894531,99.2699966430664,99.69000244140625,74.70075225830078,796000
2013-09-04,99.75,99.79000091552734,99.29000091552734,99.36000061035156,74.4534912109375,824400
2013-09-05,99.02999877929688,99.11000061035156,98.5999984741211,98.5999984741211,73.88400268554688,1722700
2013-09-06,99.30999755859375,99.58999633789062,99.04000091552734,99.19999694824219,74.33358001708984,1033900
2013-09-09,99.58999633789062,99.62999725341797,99.3499984741211,99.4000015258789,74.4834213256836,764300
2013-09-10,99.05000305175781,99.2699966430664,98.94000244140625,98.94000244140625,74.13875579833984,1895300
2013-09-11,99.26000213623047,99.45999908447266,99.0,99.44000244140625,74.51343536376953,885300
2013-09-12,99.72000122070312,99.81999969482422,99.41000366210938,99.44999694824219,74.52088165283203,796800
2013-09-13,99.47000122070312,99.69000244140625,99.44999694824219,99.58000183105469,74.6183090209961,1166500
2013-09-16,100.4800033569336,100.5,99.76000213623047,99.80000305175781,74.78318786621094,1855200
2013-09-17,100.05000305175781,100.05999755859375,99.80000305175781,100.0,74.9330062866211,943300
2013-09-18,99.9000015258789,101.48999786376953,99.58999633789062,101.23999786376953,75.8622055053711,1341800
2013-09-19,101.2300033569336,101.2300033569336,100.0,100.88999938964844,75.59992980957031,1592800
2013-09-20,100.95999908447266,101.1500015258789,100.83000183105469,100.98999786376953,75.6749038696289,300600
2013-09-23,101.08999633789062,101.37999725341797,101.08999633789062,101.37000274658203,75.95957946777344,2003200
2013-09-24,101.45999908447266,101.80000305175781,101.41000366210938,101.73999786376953,76.23685455322266,1149800
2013-09-25,101.69999694824219,102.04000091552734,101.66999816894531,102.0199966430664,76.44670867919922,569900
2013-09-26,101.7699966430664,101.87000274658203,101.66999816894531,101.80000305175781,76.28186798095703,568100
2013-09-27,101.83999633789062,102.1500015258789,101.83999633789062,101.94000244140625,76.38671875,2349400
2013-09-30,102.05999755859375,102.11000061035156,101.83999633789062,102.11000061035156,76.5141372680664,3785200
2013-10-01,101.8499984741211,101.88999938964844,101.66000366210938,101.7300033569336,76.34380340576172,1937000
2013-10-02,101.87000274658203,102.1500015258789,101.86000061035156,101.9000015258789,76.47135925292969,799900
2013-10-03,101.83000183105469,102.27999877929688,101.77999877929688,102.04000091552734,76.57646942138672,651800
2013-10-04,101.91999816894531,101.95999908447266,101.63999938964844,101.76000213623047,76.3663330078125,1160900
2013-10-07,102.05999755859375,102.08000183105469,101.80999755859375,101.8499984741211,76.43379974365234,454400
2013-10-08,101.80000305175781,102.0,101.69999694824219,101.80000305175781,76.39633178710938,818100
2013-10-09,101.79000091552734,101.83000183105469,101.54000091552734,101.62000274658203,76.26127624511719,506500
2013-10-10,101.2699966430664,101.4800033569336,101.19000244140625,101.4000015258789,76.09613037109375,649100
2013-10-11,101.69000244140625,101.83000183105469,101.5,101.55000305175781,76.20867156982422,850100
2013-10-14,101.55000305175781,101.69000244140625,101.12999725341797,101.20999908447266,75.9535140991211,183200
2013-10-15,101.41000366210938,101.45999908447266,101.16999816894531,101.2300033569336,75.96854400634766,368100
2013-10-16,101.12999725341797,101.7300033569336,101.0,101.72000122070312,76.33626556396484,2339600
2013-10-17,102.0999984741211,102.41000366210938,102.04000091552734,102.30000305175781,76.77156066894531,2950500
2013-10-18,102.43000030517578,102.45999908447266,102.27999877929688,102.30999755859375,76.7790756225586,582600
2013-10-21,102.27999877929688,102.29000091552734,102.11000061035156,102.23999786376953,76.72652435302734,321700
2013-10-22,102.75,102.97000122070312,102.72000122070312,102.94999694824219,77.2593002319336,484700
2013-10-23,103.0199966430664,103.30999755859375,103.0199966430664,103.12999725341797,77.3944320678711,280800
2013-10-24,103.20999908447266,103.2300033569336,102.91000366210938,102.91999816894531,77.23682403564453,591200
2013-10-25,103.01000213623047,103.13999938964844,102.9800033569336,103.0999984741211,77.37195587158203,552800
2013-10-28,103.0,103.12000274658203,102.95999908447266,103.0,77.29683685302734,600800
2013-10-29,102.91000366210938,103.13999938964844,102.87999725341797,103.13999938964844,77.40196990966797,274700
2013-10-30,103.19999694824219,103.4000015258789,102.76000213623047,102.87000274658203,77.1993637084961,1753100
2013-10-31,103.11000061035156,103.12999725341797,102.55999755859375,102.75,77.10926818847656,893000
2013-11-01,102.37999725341797,102.41999816894531,101.98999786376953,102.0199966430664,76.68157958984375,680100
2013-11-04,102.20999908447266,102.31999969482422,102.16999816894531,102.22000122070312,76.83190155029297,437000
2013-11-05,101.93000030517578,101.98999786376953,101.66999816894531,101.76000213623047,76.48612976074219,656900
2013-11-06,101.91999816894531,102.11000061035156,101.91999816894531,102.06999969482422,76.71915435791016,692700
2013-11-07,102.16000366210938,102.41999816894531,102.12999725341797,102.33999633789062,76.92210388183594,415000
2013-11-08,101.33000183105469,101.4000015258789,101.16000366210938,101.19000244140625,76.05770874023438,2497700
2013-11-11,101.25,101.26000213623047,101.13999938964844,101.13999938964844,76.02009582519531,144000
2013-11-12,101.08999633789062,101.25,100.9800033569336,101.05000305175781,75.95250701904297,1052100
2013-11-13,101.36000061035156,101.5199966430664,101.31999969482422,101.47000122070312,76.26819610595703,1122700
2013-11-14,101.55000305175781,101.98999786376953,101.55000305175781,101.95999908447266,76.6364517211914,694100
2013-11-15,101.97000122070312,101.98999786376953,101.79000091552734,101.87999725341797,76.57637786865234,359200
2013-11-18,101.94000244140625,102.2699966430664,101.94000244140625,102.23999786376953,76.84688568115234,2853000
2013-11-19,102.04000091552734,102.0999984741211,101.83000183105469,101.86000061035156,76.56133270263672,559100
2013-11-20,101.87999725341797,102.11000061035156,101.26000213623047,101.30000305175781,76.1404037475586,1562700
2013-11-21,101.08999633789062,101.44000244140625,100.95999908447266,101.38999938964844,76.2080307006836,804800
2013-11-22,101.48999786376953,101.70999908447266,101.44999694824219,101.68000030517578,76.4260025024414,807900
2013-11-25,101.62999725341797,101.83999633789062,101.61000061035156,101.76000213623047,76.48612976074219,487400
2013-11-26,101.8499984741211,102.08000183105469,101.80999755859375,101.9800033569336,76.65151977539062,425400
2013-11-27,101.94000244140625,101.94999694824219,101.5,101.75,76.47864532470703,476900
2013-11-29,101.55999755859375,101.7699966430664,101.55000305175781,101.69000244140625,76.43348693847656,652100
2013-12-02,101.30000305175781,101.33000183105469,101.01000213623047,101.08999633789062,76.10526275634766,2912200
2013-12-03,101.3499984741211,101.44000244140625,101.2300033569336,101.2699966430664,76.24082946777344,477200
2013-12-04,100.7699966430664,100.93000030517578,100.70999908447266,100.80999755859375,75.89453125,943600
2013-12-05,100.6500015258789,100.77999877929688,100.51000213623047,100.55999755859375,75.70625305175781,374100
2013-12-06,100.5,100.80999755859375,100.45999908447266,100.6500015258789,75.77400207519531,415600
2013-12-09,100.70999908447266,100.8499984741211,100.6500015258789,100.7699966430664,75.8643798828125,540900
2013-12-10,101.0999984741211,101.2300033569336,100.97000122070312,101.19000244140625,76.18057250976562,334700
2013-12-11,101.02999877929688,101.11000061035156,100.80000305175781,100.80000305175781,75.88697814941406,371700
2013-12-12,100.61000061035156,100.69000244140625,100.4800033569336,100.51000213623047,75.66863250732422,1156200
2013-12-13,100.66000366210938,100.72000122070312,100.55000305175781,100.66000366210938,75.78158569335938,434000
2013-12-16,100.86000061035156,100.87000274658203,100.5199966430664,100.61000061035156,75.74388885498047,572400
2013-12-17,100.5999984741211,100.93000030517578,100.5999984741211,100.93000030517578,75.98487854003906,694800
2013-12-18,100.6500015258789,101.04000091552734,100.1500015258789,100.55000305175781,75.6987075805664,1997700
2013-12-19,100.11000061035156,100.22000122070312,100.0,100.12999725341797,75.38256072998047,978700
2013-12-20,100.26000213623047,100.45999908447266,100.18000030517578,100.44000244140625,75.61590576171875,510500
2013-12-23,100.27999877929688,100.37999725341797,100.0999984741211,100.12000274658203,75.37503051757812,5238400
2013-12-24,99.83999633789062,99.91000366210938,99.69999694824219,99.7300033569336,75.08143615722656,770600
2013-12-26,99.48999786376953,99.55999755859375,99.43000030517578,99.4800033569336,75.01658630371094,787500
2013-12-27,99.47000122070312,99.5999984741211,99.37999725341797,99.41999816894531,74.9713134765625,640400
2013-12-30,99.55000305175781,99.69999694824219,99.54000091552734,99.69000244140625,75.1749267578125,1328000
2013-12-31,99.51000213623047,99.62999725341797,99.18000030517578,99.23999786376953,74.83554077148438,1553600
2014-01-02,99.38999938964844,99.68000030517578,99.37999725341797,99.62999725341797,75.12965393066406,1161800
2014-01-03,99.51000213623047,99.73999786376953,99.4800033569336,99.56999969482422,75.08438873291016,637500
2014-01-06,99.66000366210938,99.97000122070312,99.66000366210938,99.8499984741211,75.29557037353516,666200
2014-01-07,99.91999816894531,100.05000305175781,99.8499984741211,100.01000213623047,75.41619873046875,1055700
2014-01-08,99.68000030517578,99.73999786376953,99.45999908447266,99.5199966430664,75.04674530029297,1216700
2014-01-09,99.66999816894531,99.83000183105469,99.5,99.77999877929688,75.2427749633789,806100
2014-01-10,100.30000305175781,100.66999816894531,100.29000091552734,100.62000274658203,75.87620544433594,713300
2014-01-13,100.72000122070312,100.97000122070312,100.69999694824219,100.91000366210938,76.09490966796875,581600
2014-01-14,100.69999694824219,100.77999877929688,100.51000213623047,100.52999877929688,75.80839538574219,366700
2014-01-15,100.26000213623047,100.48999786376953,100.2300033569336,100.44000244140625,75.74048614501953,997300
2014-01-16,100.68000030517578,100.7699966430664,100.61000061035156,100.72000122070312,75.95165252685547,333300
2014-01-17,100.69999694824219,100.95999908447266,100.61000061035156,100.95999908447266,76.13260650634766,754400
2014-01-21,100.80000305175781,100.91999816894531,100.77999877929688,100.8499984741211,76.04966735839844,1927100
2014-01-22,100.62000274658203,100.7300033569336,100.55000305175781,100.56999969482422,75.83851623535156,1150900
2014-01-23,100.9000015258789,101.37999725341797,100.9000015258789,101.25,76.35128784179688,1080200
2014-01-24,101.5999984741211,101.75,101.44999694824219,101.66000366210938,76.66044616699219,564300
2014-01-27,101.48999786376953,101.69000244140625,101.33000183105469,101.3499984741211,76.42672729492188,758600
2014-01-28,101.48999786376953,101.51000213623047,101.30999755859375,101.5,76.5398178100586,452700
2014-01-29,101.80999755859375,102.12999725341797,101.62000274658203,101.9800033569336,76.90177154541016,1420200
2014-01-30,101.73999786376953,101.91000366210938,101.63999938964844,101.87999725341797,76.82638549804688,685400
2014-01-31,102.20999908447266,102.27999877929688,102.05000305175781,102.27999877929688,77.12797546386719,670500
2014-02-03,101.95999908447266,102.66999816894531,101.86000061035156,102.66000366210938,77.5472640991211,4629800
2014-02-04,102.31999969482422,102.38999938964844,102.23999786376953,102.3499984741211,77.3130874633789,2617300
2014-02-05,102.20999908447266,102.25,101.9800033569336,101.9800033569336,77.03358459472656,817600
2014-02-06,101.86000061035156,101.87999725341797,101.70999908447266,101.79000091552734,76.8900375366211,885900
2014-02-07,101.87999725341797,102.20999908447266,101.86000061035156,102.05999755859375,77.09398651123047,1065800
2014-02-10,101.94999694824219,102.13999938964844,101.94999694824219,102.11000061035156,77.13174438476562,589300
2014-02-11,101.75,101.81999969482422,101.61000061035156,101.66000366210938,76.79180145263672,625800
2014-02-12,101.5199966430664,101.5199966430664,101.27999877929688,101.41999816894531,76.61054229736328,743500
2014-02-13,101.79000091552734,101.91999816894531,101.7300033569336,101.9000015258789,76.97315979003906,941400
2014-02-14,101.8499984741211,101.9000015258789,101.72000122070312,101.83000183105469,76.92029571533203,463400
2014-02-18,101.9800033569336,102.16999816894531,101.93000030517578,102.08000183105469,77.1091079711914,1003600
2014-02-19,102.29000091552734,102.30999755859375,101.83000183105469,101.87999725341797,76.95805358886719,907200
2014-02-20,101.76000213623047,101.94000244140625,101.56999969482422,101.7699966430664,76.87492370605469,842900
2014-02-21,101.66000366210938,101.91000366210938,101.63999938964844,101.9000015258789,76.97315979003906,405000
2014-02-24,101.9000015258789,101.91000366210938,101.6500015258789,101.80000305175781,76.89762115478516,1531100
2014-02-25,101.98999786376953,102.16999816894531,101.94999694824219,102.1500015258789,77.16200256347656,402600
2014-02-26,102.1500015258789,102.44999694824219,102.11000061035156,102.44999694824219,77.38861083984375,486000
2014-02-27,102.51000213623047,102.63999938964844,102.4800033569336,102.56999969482422,77.479248046875,559400
2014-02-28,102.37999725341797,102.55999755859375,102.16000366210938,102.47000122070312,77.40371704101562,609900
2014-03-03,102.5999984741211,102.83000183105469,102.43000030517578,102.80999755859375,77.78658294677734,2540500
2014-03-04,102.44000244140625,102.44000244140625,102.0,102.0199966430664,77.1888656616211,1080200
2014-03-05,101.87999725341797,102.13999938964844,101.80999755859375,102.12999725341797,77.27210998535156,614700
2014-03-06,101.69000244140625,101.80999755859375,101.61000061035156,101.69000244140625,76.9391860961914,534700
2014-03-07,101.16999816894531,101.37000274658203,101.1500015258789,101.25,76.60623168945312,645100
2014-03-10,101.27999877929688,101.43000030517578,101.25,101.36000061035156,76.68949127197266,1013900
2014-03-11,101.31999969482422,101.54000091552734,101.2300033569336,101.45999908447266,76.7651596069336,1571000
2014-03-12,101.7699966430664,101.91999816894531,101.69000244140625,101.86000061035156,77.06779479980469,819000
2014-03-13,101.58999633789062,102.47000122070312,101.58000183105469,102.45999908447266,77.52175903320312,1638900
2014-03-14,102.5999984741211,102.61000061035156,102.29000091552734,102.47000122070312,77.52930450439453,1314400
2014-03-17,102.26000213623047,102.33000183105469,102.04000091552734,102.05999755859375,77.2190933227539,1085400
2014-03-18,102.08000183105469,102.30999755859375,102.05999755859375,102.30999755859375,77.40824127197266,861200
2014-03-19,102.16000366210938,102.22000122070312,101.20999908447266,101.36000061035156,76.68949127197266,1355500
2014-03-20,101.31999969482422,101.45999908447266,101.2300033569336,101.37999725341797,76.70462036132812,1748100
2014-03-21,101.37000274658203,101.5999984741211,101.36000061035156,101.56999969482422,76.84834289550781,466500
2014-03-24,101.31999969482422,101.70999908447266,101.30999755859375,101.61000061035156,76.87862396240234,1222600
2014-03-25,101.52999877929688,101.70999908447266,101.44999694824219,101.55000305175781,76.8332290649414,739400
2014-03-26,101.58999633789062,101.9800033569336,101.58000183105469,101.9800033569336,77.1585693359375,830000
2014-03-27,101.83999633789062,102.19000244140625,101.83999633789062,102.08000183105469,77.23421478271484,303600
2014-03-28,101.9800033569336,102.02999877929688,101.63999938964844,101.72000122070312,76.96189880371094,661600
2014-03-31,101.44999694824219,101.76000213623047,101.37999725341797,101.7300033569336,76.96947479248047,1982900
2014-04-01,101.4000015258789,101.41999816894531,101.26000213623047,101.33000183105469,76.81021881103516,2562600
2014-04-02,101.05000305175781,101.08000183105469,100.86000061035156,100.88999938964844,76.47675323486328,806800
2014-04-03,100.97000122070312,101.12000274658203,100.91000366210938,100.95999908447266,76.52977752685547,298000
2014-04-04,101.25,101.62999725341797,101.25,101.58000183105469,76.99971771240234,731900
2014-04-07,101.73999786376953,101.91999816894531,101.72000122070312,101.81999969482422,77.18170928955078,1751700
2014-04-08,101.80000305175781,102.0,101.66000366210938,101.95999908447266,77.28781127929688,666100
2014-04-09,101.72000122070312,102.06999969482422,101.62999725341797,101.93000030517578,77.26507568359375,1350500
2014-04-10,102.0,102.58999633789062,102.0,102.36000061035156,77.59098815917969,1056600
2014-04-11,102.62000274658203,102.6500015258789,102.44000244140625,102.56999969482422,77.75017547607422,918500
2014-04-14,102.44000244140625,102.52999877929688,102.30000305175781,102.41000366210938,77.62889099121094,1468600
2014-04-15,102.33000183105469,102.73999786376953,102.26000213623047,102.52999877929688,77.7198486328125,614300
2014-04-16,102.27999877929688,102.43000030517578,102.25,102.37000274658203,77.5986099243164,1405500
2014-04-17,102.30999755859375,102.30999755859375,101.6500015258789,101.79000091552734,77.15892791748047,584600
2014-04-21,101.87999725341797,101.95999908447266,101.70999908447266,101.7699966430664,77.14375305175781,1021100
2014-04-22,101.61000061035156,101.75,101.5199966430664,101.7300033569336,77.11341094970703,482800
2014-04-23,101.87999725341797,102.06999969482422,101.83999633789062,101.98999786376953,77.31053924560547,306400
2014-04-24,101.76000213623047,102.04000091552734,101.75,101.95999908447266,77.28781127929688,345700
2014-04-25,102.12999725341797,102.33999633789062,102.08000183105469,102.0999984741211,77.39395904541016,388900
2014-04-28,102.06999969482422,102.16999816894531,101.80999755859375,101.94999694824219,77.28022766113281,574900
2014-04-29,101.79000091552734,102.04000091552734,101.76000213623047,102.04000091552734,77.34844207763672,760100
2014-04-30,102.18000030517578,102.36000061035156,102.0,102.30999755859375,77.55309295654297,544700
2014-05-01,102.18000030517578,102.61000061035156,102.11000061035156,102.41000366210938,77.77638244628906,21829500
2014-05-02,102.11000061035156,102.73999786376953,102.0,102.55999755859375,77.89025115966797,1343700
2014-05-05,102.70999908447266,102.70999908447266,102.41999816894531,102.5,77.84474182128906,929400
2014-05-06,102.5199966430664,102.6500015258789,102.44999694824219,102.62000274658203,77.93587493896484,566300
2014-05-07,102.55999755859375,102.7699966430664,102.41999816894531,102.69999694824219,77.99666595458984,1107600
2014-05-08,102.80000305175781,102.9800033569336,102.6500015258789,102.80999755859375,78.08016967773438,1444300
2014-05-09,102.63999938964844,102.80000305175781,102.63999938964844,102.7300033569336,78.01942443847656,354500
2014-05-12,102.54000091552734,102.61000061035156,102.41000366210938,102.45999908447266,77.81438446044922,759600
2014-05-13,102.72000122070312,102.86000061035156,102.68000030517578,102.86000061035156,78.1181411743164,603700
2014-05-14,103.11000061035156,103.4800033569336,103.06999969482422,103.33000183105469,78.47509002685547,635400
2014-05-15,103.5,103.88999938964844,103.33000183105469,103.69999694824219,78.756103515625,1347300
2014-05-16,103.52999877929688,103.66999816894531,103.45999908447266,103.4800033569336,78.58901977539062,452600
2014-05-19,103.61000061035156,103.73999786376953,103.3499984741211,103.3499984741211,78.49021911621094,325400
2014-05-20,103.38999938964844,103.76000213623047,103.38999938964844,103.6500015258789,78.71814727783203,34764400
2014-05-21,103.41000366210938,103.51000213623047,103.27999877929688,103.48999786376953,78.5965805053711,881700
2014-05-22,103.43000030517578,103.4800033569336,103.27999877929688,103.37999725341797,78.5130844116211,678800
2014-05-23,103.52999877929688,103.62000274658203,103.47000122070312,103.58999633789062,78.67254638671875,486800
2014-05-27,103.5,103.63999938964844,103.33999633789062,103.62000274658203,78.69532012939453,997000
2014-05-28,103.95999908447266,104.26000213623047,103.94000244140625,104.19000244140625,79.12824249267578,968200
2014-05-29,104.30999755859375,104.52999877929688,104.05999755859375,104.05999755859375,79.02950286865234,753100
2014-05-30,103.91000366210938,104.0999984741211,103.7699966430664,103.9800033569336,78.9687728881836,902400
2014-06-02,103.52999877929688,103.68000030517578,103.2300033569336,103.33000183105469,78.6073989868164,2032800
2014-06-03,103.18000030517578,103.18000030517578,102.80000305175781,102.80999755859375,78.2117919921875,1563600
2014-06-04,102.91000366210938,102.91999816894531,102.66999816894531,102.7300033569336,78.15095520019531,1566600
2014-06-05,102.68000030517578,103.0,102.68000030517578,102.87999725341797,78.26508331298828,1585800
2014-06-06,103.0999984741211,103.19999694824219,102.7699966430664,102.80000305175781,78.20417785644531,940600
2014-06-09,102.69000244140625,102.70999908447266,102.55000305175781,102.6500015258789,78.09011840820312,816500
2014-06-10,102.52999877929688,102.55999755859375,102.4000015258789,102.47000122070312,77.95313262939453,1207100
2014-06-11,102.56999969482422,102.69999694824219,102.47000122070312,102.61000061035156,78.05966186523438,814800
2014-06-12,102.6500015258789,103.05999755859375,102.55999755859375,103.01000213623047,78.36393737792969,1319500
2014-06-13,102.54000091552734,102.94000244140625,102.52999877929688,102.80999755859375,78.2117919921875,752900
2014-06-16,102.81999969482422,102.94999694824219,102.73999786376953,102.80999755859375,78.2117919921875,1401000
2014-06-17,102.62000274658203,102.66000366210938,102.36000061035156,102.37999725341797,77.8846664428711,33268500
2014-06-18,102.62999725341797,102.91999816894531,102.41999816894531,102.91999816894531,78.29551696777344,1472200
2014-06-19,103.08000183105469,103.16000366210938,102.55999755859375,102.66000366210938,78.09767150878906,1055000
2014-06-20,102.56999969482422,102.79000091552734,102.52999877929688,102.77999877929688,78.18897247314453,577000
2014-06-23,102.91999816894531,102.95999908447266,102.70999908447266,102.70999908447266,78.1357421875,764200
2014-06-24,102.9800033569336,103.12999725341797,102.79000091552734,103.12999725341797,78.45526885986328,443800
2014-06-25,103.4000015258789,103.47000122070312,103.19999694824219,103.2300033569336,78.53131103515625,977500
2014-06-26,103.41999816894531,103.62000274658203,103.4000015258789,103.5,78.73673248291016,822300
2014-06-27,103.62000274658203,103.7300033569336,103.5,103.5,78.73673248291016,933200
2014-06-30,103.61000061035156,103.68000030517578,103.43000030517578,103.58000183105469,78.79759979248047,1268900
2014-07-01,103.13999938964844,103.26000213623047,103.02999877929688,103.05000305175781,78.54000854492188,17393000
2014-07-02,102.83999633789062,102.8499984741211,102.5999984741211,102.62999725341797,78.21986389160156,1779100
2014-07-03,102.22000122070312,102.45999908447266,102.19999694824219,102.41999816894531,78.05982208251953,1079900
2014-07-07,102.54000091552734,102.73999786376953,102.54000091552734,102.66999816894531,78.25033569335938,1031000
2014-07-08,102.98999786376953,103.19000244140625,102.94999694824219,103.13999938964844,78.60856628417969,491500
2014-07-09,103.05000305175781,103.27999877929688,102.80000305175781,103.16000366210938,78.62383270263672,1113900
2014-07-10,103.5199966430664,103.63999938964844,103.33999633789062,103.37999725341797,78.79150390625,728600
2014-07-11,103.5,103.6500015258789,103.45999908447266,103.55000305175781,78.92108154296875,688600
2014-07-14,103.47000122070312,103.47000122070312,103.29000091552734,103.31999969482422,78.74576568603516,974800
2014-07-15,103.29000091552734,103.55999755859375,103.12999725341797,103.2300033569336,78.67716217041016,933500
2014-07-16,103.26000213623047,103.41999816894531,103.19999694824219,103.37999725341797,78.79150390625,15784300
2014-07-17,103.69999694824219,104.05000305175781,103.54000091552734,103.9800033569336,79.248779296875,1367400
2014-07-18,103.87999725341797,103.93000030517578,103.62999725341797,103.7699966430664,79.08871459960938,386900
2014-07-21,103.83999633789062,104.04000091552734,103.80000305175781,103.80000305175781,79.11160278320312,339600
2014-07-22,103.83999633789062,103.93000030517578,103.68000030517578,103.93000030517578,79.21064758300781,484200
2014-07-23,104.02999877929688,104.05000305175781,103.88999938964844,103.91999816894531,79.20305633544922,523600
2014-07-24,103.61000061035156,103.6500015258789,103.48999786376953,103.5,78.88294982910156,600900
2014-07-25,103.7699966430664,103.93000030517578,103.69999694824219,103.9000015258789,79.18779754638672,781400
2014-07-28,103.77999877929688,103.9000015258789,103.63999938964844,103.77999877929688,79.09635162353516,1448000
2014-07-29,103.9000015258789,103.94999694824219,103.72000122070312,103.91999816894531,79.20305633544922,465700
2014-07-30,103.48999786376953,103.5,103.0999984741211,103.19000244140625,78.64666748046875,1067500
2014-07-31,102.93000030517578,103.30000305175781,102.87999725341797,103.16000366210938,78.62383270263672,1506500
2014-08-01,103.2699966430664,103.66999816894531,103.05000305175781,103.56999969482422,79.0865249633789,3466800
2014-08-04,103.66999816894531,103.7699966430664,103.58999633789062,103.62999725341797,79.13233184814453,1672600
2014-08-05,103.5,103.7699966430664,103.36000061035156,103.68000030517578,79.17052459716797,1013000
2014-08-06,103.98999786376953,103.98999786376953,103.73999786376953,103.7699966430664,79.23925018310547,1139100
2014-08-07,103.81999969482422,104.23999786376953,103.69000244140625,104.23999786376953,79.59815216064453,1386100
2014-08-08,104.41000366210938,104.56999969482422,104.11000061035156,104.1500015258789,79.52942657470703,913900
2014-08-11,104.18000030517578,104.2300033569336,104.01000213623047,104.0999984741211,79.49127960205078,419800
2014-08-12,104.13999938964844,104.19999694824219,103.94999694824219,103.94999694824219,79.376708984375,416300
2014-08-13,104.11000061035156,104.33999633789062,104.05999755859375,104.29000091552734,79.63631439208984,732400
2014-08-14,104.48999786376953,104.55000305175781,104.30999755859375,104.5,79.79670715332031,638800
2014-08-15,104.48999786376953,105.2300033569336,104.44999694824219,104.91999816894531,80.11746215820312,1570700
2014-08-18,104.69000244140625,104.73999786376953,104.54000091552734,104.58999633789062,79.86538696289062,13822300
2014-08-19,104.80999755859375,104.80999755859375,104.43000030517578,104.4800033569336,79.78147888183594,769900
2014-08-20,104.41000366210938,104.45999908447266,104.12000274658203,104.16999816894531,79.54473114013672,1052200
2014-08-21,104.19000244140625,104.44000244140625,104.19000244140625,104.38999938964844,79.71272277832031,630300
2014-08-22,104.36000061035156,104.45999908447266,104.06999969482422,104.4000015258789,79.7203140258789,1393400
2014-08-25,104.4000015258789,104.5,104.30000305175781,104.4800033569336,79.78147888183594,837500
2014-08-26,104.61000061035156,104.62999725341797,104.43000030517578,104.45999908447266,79.76615142822266,590200
2014-08-27,104.63999938964844,104.76000213623047,104.54000091552734,104.75,79.98757934570312,881300
2014-08-28,105.0199966430664,105.04000091552734,104.80999755859375,104.88999938964844,80.09449768066406,938400
2014-08-29,104.87000274658203,105.04000091552734,104.80999755859375,104.9000015258789,80.10212707519531,1407100
2014-09-02,104.30000305175781,104.30999755859375,104.05000305175781,104.05000305175781,79.5904312133789,2058600
2014-09-03,103.93000030517578,104.23999786376953,103.87000274658203,104.19999694824219,79.70514678955078,1456900
2014-09-04,104.08000183105469,104.16000366210938,103.7699966430664,103.83000183105469,79.42212677001953,1994400
2014-09-05,104.18000030517578,104.23999786376953,103.80999755859375,103.86000061035156,79.4450454711914,1098400
2014-09-08,104.12999725341797,104.18000030517578,103.66999816894531,103.75,79.36094665527344,1340900
2014-09-09,103.52999877929688,103.6500015258789,103.45999908447266,103.51000213623047,79.17733764648438,1205900
2014-09-10,103.33000183105469,103.37999725341797,103.2300033569336,103.25,78.97846984863281,1311800
2014-09-11,103.4000015258789,103.45999908447266,103.0999984741211,103.12000274658203,78.8790054321289,1224800
2014-09-12,102.87999725341797,102.94000244140625,102.68000030517578,102.7300033569336,78.58070373535156,2178400
2014-09-15,102.87000274658203,102.97000122070312,102.83000183105469,102.91999816894531,78.7260513305664,1505400
2014-09-16,103.04000091552734,103.1500015258789,102.87000274658203,102.88999938964844,78.70313262939453,24978400
2014-09-17,103.05000305175781,103.2699966430664,102.62000274658203,102.62999725341797,78.50423431396484,2704700
2014-09-18,102.62999725341797,102.6500015258789,102.44999694824219,102.55999755859375,78.4507064819336,556800
2014-09-19,102.7300033569336,102.9800033569336,102.58000183105469,102.94999694824219,78.74897003173828,920600
2014-09-22,103.05000305175781,103.2300033569336,102.98999786376953,103.16999816894531,78.91724395751953,1932600
2014-09-23,103.26000213623047,103.38999938964844,103.16999816894531,103.38999938964844,79.0855712890625,963700
2014-09-24,103.33000183105469,103.41000366210938,103.06999969482422,103.0999984741211,78.86372375488281,485300
2014-09-25,103.25,103.61000061035156,103.25,103.5999984741211,79.2461929321289,399000
2014-09-26,103.4800033569336,103.48999786376953,103.26000213623047,103.37999725341797,79.077880859375,716100
2014-09-29,103.7300033569336,103.77999877929688,103.63999938964844,103.70999908447266,79.33033752441406,2344500
2014-09-30,103.5999984741211,103.7699966430664,103.54000091552734,103.62000274658203,79.26150512695312,1544600
2014-10-01,103.83999633789062,104.30999755859375,103.83999633789062,104.30000305175781,79.92743682861328,3346000
2014-10-02,104.25,104.37999725341797,103.97000122070312,103.98999786376953,79.68989562988281,2084100
2014-10-03,103.7300033569336,103.97000122070312,103.61000061035156,103.95999908447266,79.66688537597656,1159100
2014-10-06,103.97000122070312,104.26000213623047,103.87999725341797,104.12999725341797,79.7971420288086,1201700
2014-10-07,104.45999908447266,104.77999877929688,104.33999633789062,104.73999786376953,80.26461791992188,1429800
2014-10-08,104.80999755859375,105.12999725341797,104.48999786376953,105.11000061035156,80.54815673828125,2701900
2014-10-09,105.04000091552734,105.18000030517578,104.91000366210938,104.93000030517578,80.41020202636719,5848000
2014-10-10,105.0999984741211,105.38999938964844,105.02999877929688,105.33999633789062,80.72441101074219,4675300
2014-10-13,105.5199966430664,105.94000244140625,105.44000244140625,105.88999938964844,81.14588928222656,2074300
2014-10-14,105.91000366210938,106.12999725341797,105.7699966430664,106.0999984741211,81.3067855834961,2196700
2014-10-15,107.5,108.87999725341797,106.44999694824219,106.69999694824219,81.7665786743164,2196800
2014-10-16,107.23999786376953,107.31999969482422,106.25,106.41000366210938,81.5443344116211,1786700
2014-10-17,106.13999938964844,106.26000213623047,105.87999725341797,106.0999984741211,81.3067855834961,1143300
2014-10-20,106.38999938964844,106.41999816894531,106.11000061035156,106.25,81.42179107666016,1562200
2014-10-21,106.0,106.19999694824219,105.91000366210938,105.95999908447266,81.199462890625,1973200
2014-10-22,105.83999633789062,105.95999908447266,105.72000122070312,105.93000030517578,81.17654418945312,951800
2014-10-23,105.62999725341797,105.68000030517578,105.30999755859375,105.48999786376953,80.83934783935547,1281700
2014-10-24,105.5999984741211,105.81999969482422,105.5199966430664,105.58000183105469,80.90831756591797,678800
2014-10-27,105.55000305175781,105.79000091552734,105.55000305175781,105.69000244140625,80.99262237548828,872500
2014-10-28,105.58000183105469,105.61000061035156,105.37000274658203,105.43000030517578,80.7933578491211,771500
2014-10-29,105.29000091552734,105.3499984741211,104.73999786376953,105.08000183105469,80.52517700195312,1453100
2014-10-30,105.27999877929688,105.44000244140625,105.13999938964844,105.19000244140625,80.60940551757812,1363500
2014-10-31,105.12000274658203,105.16000366210938,104.88999938964844,105.0199966430664,80.47917938232422,886900
2014-11-03,104.69999694824219,104.8499984741211,104.44999694824219,104.80000305175781,80.44921112060547,2348900
2014-11-04,104.87999725341797,105.05000305175781,104.75,104.79000091552734,80.44158935546875,3854700
2014-11-05,104.63999938964844,104.83000183105469,104.62000274658203,104.81999969482422,80.46458435058594,1079700
2014-11-06,104.62000274658203,104.79000091552734,104.48999786376953,104.5,80.21896362304688,1026100
2014-11-07,104.7699966430664,105.18000030517578,104.76000213623047,105.16999816894531,80.7332534790039,994200
2014-11-10,105.16000366210938,105.16000366210938,104.7300033569336,104.73999786376953,80.40316009521484,1427900
2014-11-11,104.73999786376953,104.7699966430664,104.62000274658203,104.75,80.41084289550781,1220800
2014-11-12,104.98999786376953,105.05999755859375,104.68000030517578,104.70999908447266,80.3801498413086,658300
2014-11-13,104.83999633789062,104.94999694824219,104.72000122070312,104.87999725341797,80.51067352294922,743400
2014-11-14,104.75,105.16000366210938,104.69999694824219,105.0999984741211,80.67952728271484,629800
2014-11-17,105.25,105.25,104.91000366210938,104.9800033569336,80.58741760253906,496500
2014-11-18,105.01000213623047,105.12999725341797,104.9800033569336,105.0999984741211,80.67952728271484,510100
2014-11-19,104.81999969482422,105.11000061035156,104.7699966430664,104.81999969482422,80.46458435058594,560000
2014-11-20,105.22000122070312,105.22000122070312,104.88999938964844,105.01000213623047,80.6104736328125,811500
2014-11-21,105.04000091552734,105.22000122070312,105.01000213623047,105.22000122070312,80.77163696289062,855800
2014-11-24,105.04000091552734,105.3499984741211,104.98999786376953,105.33999633789062,80.86376953125,13802400
2014-11-25,105.29000091552734,105.62999725341797,105.25,105.5999984741211,81.06340026855469,1244600
2014-11-26,105.81999969482422,105.9000015258789,105.73999786376953,105.77999877929688,81.20148468017578,523300
2014-11-28,106.06999969482422,106.19999694824219,106.0,106.19000244140625,81.51627349853516,367300
2014-12-01,106.30999755859375,106.37000274658203,105.75,105.75,81.31633758544922,2063400
2014-12-02,105.43000030517578,105.5,105.26000213623047,105.27999877929688,80.95497131347656,990600
2014-12-03,105.22000122070312,105.3499984741211,105.1500015258789,105.31999969482422,80.98570251464844,851900
2014-12-04,105.33999633789062,105.69000244140625,105.26000213623047,105.69000244140625,81.2701644897461,968300
2014-12-05,105.27999877929688,105.30999755859375,104.93000030517578,105.0999984741211,80.81656646728516,1035900
2014-12-08,105.0999984741211,105.62999725341797,105.08999633789062,105.44999694824219,81.08566284179688,858300
2014-12-09,105.91999816894531,106.12000274658203,105.73999786376953,105.83999633789062,81.38555145263672,945900
2014-12-10,105.79000091552734,106.37000274658203,105.77999877929688,106.31999969482422,81.75462341308594,996800
2014-12-11,106.0999984741211,106.25,105.91000366210938,106.13999938964844,81.61622619628906,15223600
2014-12-12,106.62000274658203,107.0199966430664,106.47000122070312,107.01000213623047,82.28523254394531,7233700
2014-12-15,106.62999725341797,106.94999694824219,106.5,106.62000274658203,81.98531341552734,1248100
2014-12-16,107.27999877929688,107.27999877929688,106.76000213623047,107.16000366210938,82.40057373046875,10633800
2014-12-17,106.9800033569336,107.19999694824219,106.38999938964844,106.41999816894531,81.83155059814453,2086100
2014-12-18,105.86000061035156,105.94999694824219,105.7300033569336,105.81999969482422,81.37015533447266,4833300
2014-12-19,105.98999786376953,106.20999908447266,105.91000366210938,106.20999908447266,81.67005920410156,847800
2014-12-22,106.12000274658203,106.30000305175781,106.05000305175781,106.20999908447266,81.67005920410156,2366700
2014-12-23,105.91000366210938,105.9800033569336,105.31999969482422,105.33000183105469,80.99337005615234,1360300
2014-12-24,105.02999877929688,105.27999877929688,104.94000244140625,105.25,81.0519027709961,1098200
2014-12-26,105.44000244140625,105.44000244140625,105.25,105.38999938964844,81.15972900390625,373600
2014-12-29,105.58000183105469,105.83000183105469,105.55999755859375,105.75,81.43695068359375,2447300
2014-12-30,106.01000213623047,106.08000183105469,105.80999755859375,105.87000274658203,81.52934265136719,1194700
2014-12-31,105.94000244140625,106.08000183105469,105.93000030517578,105.98999786376953,81.62178039550781,1010400
2015-01-02,106.08999633789062,106.66000366210938,106.05999755859375,106.52999877929688,82.03759765625,2028600
2015-01-05,106.70999908447266,107.25,106.66000366210938,107.18000030517578,82.53819274902344,1521700
2015-01-06,107.62999725341797,108.47000122070312,107.52999877929688,107.9000015258789,83.0926513671875,1890200
2015-01-07,107.58999633789062,108.01000213623047,107.45999908447266,107.87999725341797,83.07726287841797,1558000
2015-01-08,107.52999877929688,107.56999969482422,107.30999755859375,107.44000244140625,82.73838806152344,1671000
2015-01-09,107.56999969482422,108.0999984741211,107.45999908447266,107.97000122070312,83.14656066894531,1107800
2015-01-12,108.08000183105469,108.44000244140625,108.0199966430664,108.3499984741211,83.43917083740234,2700900
2015-01-13,108.2300033569336,108.63999938964844,108.12000274658203,108.44999694824219,83.51615142822266,1038800
2015-01-14,109.19999694824219,109.3499984741211,108.87999725341797,108.94999694824219,83.9012451171875,1545800
2015-01-15,109.01000213623047,109.9000015258789,108.94000244140625,109.87999725341797,84.6174087524414,1374100
2015-01-16,109.63999938964844,109.73999786376953,109.05999755859375,109.06999969482422,83.99364471435547,1689100
2015-01-20,109.29000091552734,109.66000366210938,109.16000366210938,109.31999969482422,84.18617248535156,1346200
2015-01-21,109.38999938964844,109.52999877929688,108.75,108.80000305175781,83.78570556640625,2298200
2015-01-22,109.06999969482422,109.0999984741211,108.4000015258789,108.52999877929688,83.57781219482422,1330800
2015-01-23,108.93000030517578,109.27999877929688,108.93000030517578,109.23999786376953,84.12459564208984,1248200
2015-01-26,109.16000366210938,109.2699966430664,108.9000015258789,108.98999786376953,83.93206024169922,1546200
2015-01-27,109.58999633789062,109.70999908447266,109.0199966430664,109.13999938964844,84.04759216308594,863300
2015-01-28,109.18000030517578,110.12999725341797,109.18000030517578,109.9800033569336,84.69442749023438,3346300
2015-01-29,109.66999816894531,109.80000305175781,109.41999816894531,109.58999633789062,84.39407348632812,1393400
2015-01-30,110.5199966430664,110.58999633789062,110.06999969482422,110.55000305175781,85.13336181640625,2219800
2015-02-02,109.94999694824219,110.4000015258789,109.93000030517578,110.2300033569336,85.0269546508789,11544700
2015-02-03,109.7300033569336,109.73999786376953,109.29000091552734,109.30000305175781,84.30957794189453,1465200
2015-02-04,108.95999908447266,109.54000091552734,108.87999725341797,109.4800033569336,84.44842529296875,1655500
2015-02-05,109.2300033569336,109.2699966430664,108.97000122070312,109.08000183105469,84.13983917236328,1392700
2015-02-06,108.37000274658203,108.47000122070312,107.8499984741211,107.86000061035156,83.19876861572266,2016700
2015-02-09,108.19999694824219,108.20999908447266,107.80000305175781,107.80999755859375,83.16023254394531,1599900
2015-02-10,107.62999725341797,107.73999786376953,107.45999908447266,107.54000091552734,82.95193481445312,1244500
2015-02-11,107.6500015258789,107.75,107.31999969482422,107.5,82.92112731933594,1286100
2015-02-12,107.4800033569336,107.80999755859375,107.45999908447266,107.54000091552734,82.95193481445312,1845200
2015-02-13,107.5,107.55000305175781,107.16999816894531,107.18000030517578,82.67432403564453,1302400
2015-02-17,107.05999755859375,107.1500015258789,106.25,106.41999816894531,82.08804321289062,2170100
2015-02-18,106.5,107.20999908447266,106.4000015258789,106.93000030517578,82.48148345947266,8204600
2015-02-19,106.83000183105469,107.05999755859375,106.55999755859375,106.66000366210938,82.2732162475586,1459500
2015-02-20,107.02999877929688,107.20999908447266,106.38999938964844,106.5999984741211,82.22687530517578,1893000
2015-02-23,106.88999938964844,107.12000274658203,106.8499984741211,107.08999633789062,82.6048355102539,818200
2015-02-24,106.94000244140625,107.80999755859375,106.70999908447266,107.80000305175781,83.15252685546875,1180900
2015-02-25,107.77999877929688,107.94999694824219,107.62999725341797,107.9000015258789,83.22962951660156,595300
2015-02-26,107.73999786376953,107.86000061035156,107.25,107.26000213623047,82.73594665527344,865900
2015-02-27,107.51000213623047,107.68000030517578,107.2300033569336,107.63999938964844,83.0291748046875,2901700
2015-03-02,107.37999725341797,107.41000366210938,106.6500015258789,106.66999816894531,82.41102600097656,10270800
2015-03-03,106.63999938964844,106.80999755859375,106.4000015258789,106.44000244140625,82.23330688476562,1224400
2015-03-04,106.62999725341797,106.72000122070312,106.37000274658203,106.5199966430664,82.29517364501953,1871100
2015-03-05,106.54000091552734,106.75,106.36000061035156,106.58000183105469,82.34154510498047,2253200
2015-03-06,105.83999633789062,105.86000061035156,105.44000244140625,105.48999786376953,81.49939727783203,1734000
2015-03-09,105.9000015258789,105.9800033569336,105.75,105.9800033569336,81.87797546386719,1218100
2015-03-10,106.44999694824219,106.58999633789062,106.29000091552734,106.43000030517578,82.22563171386719,1309200
2015-03-11,106.38999938964844,106.70999908447266,106.33000183105469,106.62000274658203,82.37244415283203,945700
2015-03-12,107.01000213623047,107.05999755859375,106.55000305175781,106.72000122070312,82.44967651367188,916800
2015-03-13,106.61000061035156,106.93000030517578,106.5,106.55999755859375,82.3260498046875,846900
2015-03-16,106.95999908447266,107.0999984741211,106.75,106.93000030517578,82.6119155883789,639400
2015-03-17,107.16999816894531,107.19999694824219,107.0199966430664,107.1500015258789,82.78189086914062,768500
2015-03-18,107.44999694824219,108.4800033569336,107.12999725341797,108.37999725341797,83.73218536376953,1963600
2015-03-19,108.12999725341797,108.29000091552734,107.7300033569336,107.87000274658203,83.338134765625,985600
2015-03-20,108.2300033569336,108.30999755859375,108.12000274658203,108.30999755859375,83.67806243896484,1194800
2015-03-23,108.41000366210938,108.5,108.19999694824219,108.44999694824219,83.78623962402344,795100
2015-03-24,108.45999908447266,108.77999877929688,108.37000274658203,108.77999877929688,84.04115295410156,584500
2015-03-25,108.79000091552734,108.83999633789062,108.30999755859375,108.30999755859375,83.67806243896484,1240200
2015-03-26,108.13999938964844,108.1500015258789,107.61000061035156,107.69999694824219,83.20677947998047,928300
2015-03-27,107.91000366210938,108.19999694824219,107.91000366210938,108.12000274658203,83.53130340576172,2492500
2015-03-30,108.16000366210938,108.23999786376953,107.97000122070312,108.11000061035156,83.52357482910156,2017700
2015-03-31,108.0999984741211,108.4000015258789,108.0199966430664,108.38999938964844,83.73988342285156,2137200
2015-04-01,108.55000305175781,108.8499984741211,108.52999877929688,108.7300033569336,84.13843536376953,2570100
2015-04-02,108.70999908447266,108.7300033569336,108.38999938964844,108.41999816894531,83.89852905273438,1126400
2015-04-06,108.94999694824219,109.04000091552734,108.48999786376953,108.55999755859375,84.00686645507812,1268500
2015-04-07,108.43000030517578,108.69000244140625,108.31999969482422,108.6500015258789,84.07649230957031,750700
2015-04-08,108.66999816894531,108.69000244140625,108.33000183105469,108.55000305175781,83.99910736083984,886400
2015-04-09,108.4800033569336,108.48999786376953,108.01000213623047,108.11000061035156,83.65864562988281,890600
2015-04-10,108.31999969482422,108.37999725341797,108.05999755859375,108.08000183105469,83.63541412353516,789700
2015-04-13,108.13999938964844,108.37000274658203,108.12000274658203,108.30000305175781,83.8056640625,624800
2015-04-14,108.80000305175781,108.97000122070312,108.52999877929688,108.62000274658203,84.05329895019531,825400
2015-04-15,108.79000091552734,108.8499984741211,108.62999725341797,108.68000030517578,84.09972381591797,566400
2015-04-16,108.73999786376953,108.9000015258789,108.43000030517578,108.76000213623047,84.16163635253906,903300
2015-04-17,108.66999816894531,109.12000274658203,108.5999984741211,108.9800033569336,84.33185577392578,1945700
2015-04-20,108.93000030517578,108.95999908447266,108.6500015258789,108.77999877929688,84.17707824707031,878100
2015-04-21,108.69999694824219,108.72000122070312,108.5,108.55000305175781,83.99910736083984,811000
2015-04-22,108.4800033569336,108.4800033569336,107.9000015258789,107.91999816894531,83.5116195678711,725100
2015-04-23,107.98999786376953,108.37999725341797,107.93000030517578,108.25,83.76698303222656,918700
2015-04-24,108.41999816894531,108.66000366210938,108.41000366210938,108.62999725341797,84.06103515625,739100
2015-04-27,108.51000213623047,108.62000274658203,108.30000305175781,108.45999908447266,83.92947387695312,854400
2015-04-28,108.19999694824219,108.44000244140625,107.91999816894531,107.95999908447266,83.5425796508789,1101100
2015-04-29,107.44999694824219,107.7300033569336,107.30999755859375,107.55999755859375,83.23302459716797,1118000
2015-04-30,107.18000030517578,107.62000274658203,106.95999908447266,107.52999877929688,83.20980072021484,2650600
2015-05-01,107.05000305175781,107.16000366210938,106.69999694824219,106.77999877929688,82.7548828125,1854300
2015-05-04,106.87000274658203,107.0199966430664,106.55000305175781,106.55999755859375,82.58441162109375,2784900
2015-05-05,106.62000274658203,106.62000274658203,106.12000274658203,106.37999725341797,82.44489288330078,2050800
2015-05-06,106.19999694824219,106.2699966430664,105.73999786376953,105.86000061035156,82.0418701171875,1802100
2015-05-07,106.05000305175781,106.41999816894531,105.97000122070312,106.30999755859375,82.390625,2201300
2015-05-08,106.95999908447266,107.04000091552734,106.5999984741211,106.72000122070312,82.70838928222656,1004300
2015-05-11,106.38999938964844,106.38999938964844,105.63999938964844,105.66999816894531,81.89464569091797,1324400
2015-05-12,105.5,105.97000122070312,105.4000015258789,105.75,81.95663452148438,1431000
2015-05-13,106.1500015258789,106.1500015258789,105.55999755859375,105.61000061035156,81.84808349609375,1221200
2015-05-14,105.75,106.08000183105469,105.75,105.97000122070312,82.12712860107422,617500
2015-05-15,106.27999877929688,106.80000305175781,106.2300033569336,106.7300033569336,82.71615600585938,854900
2015-05-18,106.30000305175781,106.38999938964844,105.98999786376953,106.01000213623047,82.15813446044922,1000400
2015-05-19,105.52999877929688,105.9800033569336,105.41999816894531,105.54000091552734,81.79387664794922,1240400
2015-05-20,105.80000305175781,106.06999969482422,105.62000274658203,105.7699966430664,81.97216796875,1682600
2015-05-21,106.0999984741211,106.41999816894531,106.02999877929688,106.4000015258789,82.46038818359375,836700
2015-05-22,106.19999694824219,106.27999877929688,105.94000244140625,106.16000366210938,82.2744140625,852300
2015-05-26,106.20999908447266,106.81999969482422,106.16999816894531,106.81999969482422,82.78588104248047,1925600
2015-05-27,106.68000030517578,106.83999633789062,106.45999908447266,106.76000213623047,82.73939514160156,1015000
2015-05-28,106.75,106.94999694824219,106.66000366210938,106.86000061035156,82.81685638427734,1068200
2015-05-29,107.05000305175781,107.19000244140625,106.91000366210938,106.91999816894531,82.86334991455078,1148500
2015-06-01,106.7300033569336,106.80999755859375,106.1500015258789,106.27999877929688,82.49779510498047,2161700
2015-06-02,105.87999725341797,105.91000366210938,105.47000122070312,105.54000091552734,81.92342376708984,1484500
2015-06-03,105.13999938964844,105.13999938964844,104.58000183105469,104.63999938964844,81.22471618652344,1703400
2015-06-04,104.86000061035156,105.30000305175781,104.86000061035156,105.1500015258789,81.62061309814453,1594800
2015-06-05,104.41000366210938,104.70999908447266,104.20999908447266,104.38999938964844,81.03070831298828,1384900
2015-06-08,104.66000366210938,104.73999786376953,104.52999877929688,104.54000091552734,81.14714050292969,877800
2015-06-09,104.44999694824219,104.48999786376953,104.08000183105469,104.19999694824219,80.88321685791016,822400
2015-06-10,104.02999877929688,104.08999633789062,103.76000213623047,103.80000305175781,80.57274627685547,967000
2015-06-11,104.16000366210938,104.62999725341797,104.0199966430664,104.62000274658203,81.20925903320312,3069700
2015-06-12,104.44000244140625,104.98999786376953,104.41999816894531,104.55999755859375,81.16265106201172,1578100
2015-06-15,105.08999633789062,105.1500015258789,104.70999908447266,104.80999755859375,81.35674285888672,1478800
2015-06-16,105.04000091552734,105.23999786376953,104.88999938964844,105.20999908447266,81.6672134399414,779000
2015-06-17,105.05999755859375,105.37999725341797,104.58000183105469,105.2699966430664,81.7138442993164,1994000
2015-06-18,105.12999725341797,105.29000091552734,104.79000091552734,105.19000244140625,81.65170288085938,1481600
2015-06-19,105.58000183105469,105.77999877929688,105.51000213623047,105.75,82.08638000488281,1849600
2015-06-22,105.27999877929688,105.31999969482422,104.81999969482422,104.86000061035156,81.39554595947266,860300
2015-06-23,104.4800033569336,104.91000366210938,104.43000030517578,104.54000091552734,81.14714050292969,925000
2015-06-24,104.72000122070312,104.9000015258789,104.52999877929688,104.8499984741211,81.38783264160156,1176500
2015-06-25,104.58999633789062,104.7699966430664,104.43000030517578,104.58999633789062,81.1859359741211,919800
2015-06-26,104.19000244140625,104.29000091552734,103.97000122070312,104.08999633789062,80.79784393310547,1441500
2015-06-29,104.75,105.4000015258789,104.61000061035156,105.30000305175781,81.73704528808594,1500900
2015-06-30,104.8499984741211,105.37000274658203,104.8499984741211,105.01000213623047,81.51197814941406,1599400
2015-07-01,104.4000015258789,104.51000213623047,104.1500015258789,104.30000305175781,81.08595275878906,3738800
2015-07-02,104.66000366210938,104.86000061035156,104.58999633789062,104.66999816894531,81.37360382080078,1924600
2015-07-06,105.45999908447266,105.55999755859375,105.0199966430664,105.41000366210938,81.94888305664062,1723300
2015-07-07,105.9800033569336,106.30999755859375,105.63999938964844,105.69000244140625,82.16654205322266,2083900
2015-07-08,105.9000015258789,106.23999786376953,105.79000091552734,106.11000061035156,82.49313354492188,1991200
2015-07-09,105.58999633789062,105.72000122070312,105.3499984741211,105.37000274658203,81.91779327392578,1206900
2015-07-10,104.69000244140625,104.97000122070312,104.45999908447266,104.63999938964844,81.35026550292969,3719900
2015-07-13,104.18000030517578,104.58999633789062,104.18000030517578,104.36000061035156,81.1325912475586,1322300
2015-07-14,104.63999938964844,104.72000122070312,104.54000091552734,104.69000244140625,81.3891372680664,1321600
2015-07-15,104.56999969482422,105.16999816894531,104.55999755859375,105.08999633789062,81.70006561279297,1239500
2015-07-16,104.81999969482422,105.16999816894531,104.75,105.05000305175781,81.66899871826172,811400
2015-07-17,104.94999694824219,105.16000366210938,104.94000244140625,105.05999755859375,81.67680358886719,881300
2015-07-20,104.87999725341797,104.91999816894531,104.66999816894531,104.8499984741211,81.5135726928711,842500
2015-07-21,104.73999786376953,105.19000244140625,104.69999694824219,105.13999938964844,81.7389907836914,676600
2015-07-22,105.16999816894531,105.43000030517578,105.16000366210938,105.2699966430664,81.84008026123047,523800
2015-07-23,105.16999816894531,105.69999694824219,105.13999938964844,105.69999694824219,82.1743392944336,1064800
2015-07-24,105.77999877929688,105.8499984741211,105.61000061035156,105.80000305175781,82.2520751953125,1098400
2015-07-27,106.18000030517578,106.2300033569336,106.0,106.1500015258789,82.52423858642578,1392600
2015-07-28,105.88999938964844,105.98999786376953,105.80000305175781,105.8499984741211,82.29095458984375,6205200
2015-07-29,105.75,106.08999633789062,105.55000305175781,105.69999694824219,82.1743392944336,2107300
2015-07-30,105.62999725341797,105.8499984741211,105.55999755859375,105.81999969482422,82.26763153076172,683200
2015-07-31,106.3499984741211,106.5199966430664,106.23999786376953,106.44000244140625,82.74964141845703,1113000
2015-08-03,106.30000305175781,106.69999694824219,106.26000213623047,106.5999984741211,83.00186920166016,2627700
2015-08-04,106.44999694824219,106.5,105.98999786376953,106.05000305175781,82.57367706298828,1036000
2015-08-05,105.80000305175781,105.81999969482422,105.48999786376953,105.63999938964844,82.25440216064453,1283300
2015-08-06,105.80000305175781,106.05999755859375,105.75,106.01000213623047,82.54252624511719,731700
2015-08-07,106.0999984741211,106.45999908447266,106.04000091552734,106.43000030517578,82.86955261230469,1533700
2015-08-10,106.08000183105469,106.19000244140625,105.87000274658203,105.98999786376953,82.52691650390625,1123900
2015-08-11,106.55999755859375,106.93000030517578,106.55000305175781,106.69000244140625,83.07199096679688,2263800
2015-08-12,106.86000061035156,107.22000122070312,106.63999938964844,106.6500015258789,83.04084777832031,1765700
2015-08-13,106.41000366210938,106.63999938964844,106.27999877929688,106.37000274658203,82.82286834716797,1626500
2015-08-14,106.18000030517578,106.44000244140625,106.08000183105469,106.26000213623047,82.7371826171875,612500
2015-08-17,106.62000274658203,106.69999694824219,106.43000030517578,106.44999694824219,82.88510131835938,905300
2015-08-18,106.2699966430664,106.48999786376953,106.23999786376953,106.27999877929688,82.75272369384766,690400
2015-08-19,106.06999969482422,107.01000213623047,106.05999755859375,106.93000030517578,83.25885772705078,1444500
2015-08-20,107.08999633789062,107.30999755859375,107.01000213623047,107.22000122070312,83.48464965820312,1933300
2015-08-21,107.37000274658203,107.70999908447266,107.25,107.6500015258789,83.81950378417969,2123600
2015-08-24,108.5,108.76000213623047,107.58000183105469,107.83000183105469,83.95965576171875,3074800
2015-08-25,107.41000366210938,107.41999816894531,106.8499984741211,107.23999786376953,83.500244140625,2925500
2015-08-26,106.75,107.2300033569336,106.48999786376953,106.58000183105469,82.98632049560547,3512900
2015-08-27,106.43000030517578,106.70999908447266,106.33000183105469,106.5199966430664,82.93960571289062,1414100
2015-08-28,106.94999694824219,107.02999877929688,106.45999908447266,106.54000091552734,82.95516204833984,1998000
2015-08-31,106.91999816894531,106.94999694824219,106.33000183105469,106.36000061035156,82.81500244140625,5431600
2015-09-01,106.48999786376953,106.69999694824219,106.37999725341797,106.66999816894531,83.18702697753906,3749700
2015-09-02,106.43000030517578,106.66999816894531,106.33000183105469,106.37999725341797,82.96086120605469,2441700
2015-09-03,106.63999938964844,106.69000244140625,106.37000274658203,106.63999938964844,83.1636734008789,1791300
2015-09-04,106.83999633789062,107.08000183105469,106.62000274658203,106.97000122070312,83.42098999023438,1421300
2015-09-08,106.5199966430664,106.62999725341797,106.41999816894531,106.5,83.05443572998047,1583500
2015-09-09,106.08999633789062,106.68000030517578,106.05999755859375,106.54000091552734,83.08566284179688,1397200
2015-09-10,106.44999694824219,106.45999908447266,106.16999816894531,106.30000305175781,82.89848327636719,1601600
2015-09-11,106.5199966430664,106.70999908447266,106.4800033569336,106.58000183105469,83.1168441772461,1069000
2015-09-14,106.80000305175781,106.80999755859375,106.55999755859375,106.68000030517578,83.19481658935547,897500
2015-09-15,106.47000122070312,106.51000213623047,105.81999969482422,105.83999633789062,82.53975677490234,1903000
2015-09-16,105.77999877929688,106.0199966430664,105.69999694824219,105.80999755859375,82.51629638671875,1305300
2015-09-17,105.76000213623047,106.69999694824219,105.76000213623047,106.69000244140625,83.2026596069336,2394300
2015-09-18,106.97000122070312,107.20999908447266,106.8499984741211,107.19000244140625,83.5925521850586,2074200
2015-09-21,106.80000305175781,107.19000244140625,106.4800033569336,106.58000183105469,83.1168441772461,1591700
2015-09-22,106.98999786376953,107.30000305175781,106.91000366210938,107.11000061035156,83.53016662597656,1395500
2015-09-23,107.02999877929688,107.12000274658203,106.8499984741211,106.98999786376953,83.43655395507812,1364300
2015-09-24,107.43000030517578,107.54000091552734,107.12000274658203,107.1500015258789,83.56132507324219,1393000
2015-09-25,106.83000183105469,106.95999908447266,106.70999908447266,106.87000274658203,83.34300994873047,1564000
2015-09-28,107.0199966430664,107.4800033569336,106.97000122070312,107.4800033569336,83.81874084472656,1926000
2015-09-29,107.56999969482422,107.93000030517578,107.4800033569336,107.8499984741211,84.10726928710938,2460900
2015-09-30,107.62000274658203,107.9000015258789,107.58999633789062,107.87000274658203,84.12285614013672,2676000
2015-10-01,107.9000015258789,108.05000305175781,107.75,107.79000091552734,84.18843078613281,10101300
2015-10-02,108.75,108.97000122070312,108.12999725341797,108.30999755859375,84.5946044921875,3320200
2015-10-05,108.08000183105469,108.08000183105469,107.66999816894531,107.70999908447266,84.1259536743164,3034900
2015-10-06,107.62999725341797,107.9800033569336,107.58999633789062,107.93000030517578,84.29781341552734,2104000
2015-10-07,107.66999816894531,107.80999755859375,107.5199966430664,107.66000366210938,84.0869140625,2338000
2015-10-08,107.69999694824219,107.79000091552734,107.27999877929688,107.37999725341797,83.86823272705078,2176800
2015-10-09,107.33000183105469,107.52999877929688,107.27999877929688,107.44000244140625,83.91510009765625,1069400
2015-10-12,107.6500015258789,107.81999969482422,107.55999755859375,107.80000305175781,84.19632720947266,1336300
2015-10-13,107.87999725341797,107.94000244140625,107.62000274658203,107.9000015258789,84.27442932128906,1849700
2015-10-14,108.27999877929688,108.51000213623047,108.05999755859375,108.48999786376953,84.73517608642578,1359600
2015-10-15,108.30999755859375,108.33999633789062,108.05000305175781,108.12000274658203,84.44619750976562,1075500
2015-10-16,108.2300033569336,108.2300033569336,107.97000122070312,108.02999877929688,84.37590789794922,1773000
2015-10-19,108.02999877929688,108.05000305175781,107.75,107.9800033569336,84.33687591552734,1744500
2015-10-20,107.66999816894531,107.7300033569336,107.55999755859375,107.61000061035156,84.04788970947266,1134500
2015-10-21,107.80999755859375,108.05000305175781,107.80999755859375,107.9800033569336,84.33687591552734,6576500
2015-10-22,108.02999877929688,108.19999694824219,107.8499984741211,108.08999633789062,84.42277526855469,2411400
2015-10-23,107.62000274658203,107.62000274658203,107.44999694824219,107.4800033569336,83.94636535644531,2029600
2015-10-26,107.66000366210938,107.80000305175781,107.62999725341797,107.76000213623047,84.1650390625,3131500
2015-10-27,108.0,108.19000244140625,107.94000244140625,108.02999877929688,84.37590789794922,1373100
2015-10-28,107.9800033569336,108.0,107.33000183105469,107.47000122070312,83.93850708007812,2058200
2015-10-29,107.20999908447266,107.22000122070312,106.79000091552734,106.80999755859375,83.42302703857422,1772400
2015-10-30,106.88999938964844,107.08000183105469,106.8499984741211,107.0199966430664,83.58708190917969,3424800
2015-11-02,106.62999725341797,106.69999694824219,106.5199966430664,106.55000305175781,83.34693908691406,5313500
2015-11-03,106.45999908447266,106.5199966430664,106.22000122070312,106.2699966430664,83.12788391113281,1941700
2015-11-04,106.30000305175781,106.47000122070312,106.05999755859375,106.16000366210938,83.0418472290039,1933200
2015-11-05,106.16000366210938,106.19000244140625,105.93000030517578,106.08999633789062,82.98710632324219,1554600
2015-11-06,105.44000244140625,105.5199966430664,105.2300033569336,105.37000274658203,82.42385864257812,2968600
2015-11-09,105.04000091552734,105.3499984741211,105.0199966430664,105.19000244140625,82.2830810546875,3223900
2015-11-10,105.36000061035156,105.58000183105469,105.25,105.38999938964844,82.4395523071289,1467900
2015-11-11,105.29000091552734,105.38999938964844,105.25,105.33999633789062,82.40044403076172,1638100
2015-11-12,105.3499984741211,105.58000183105469,105.3499984741211,105.4000015258789,82.44734954833984,2399100
2015-11-13,105.62000274658203,105.83000183105469,105.62000274658203,105.80000305175781,82.76024627685547,2665300
2015-11-16,105.98999786376953,106.08999633789062,105.81999969482422,105.94000244140625,82.86976623535156,1412800
2015-11-17,105.62000274658203,106.05999755859375,105.54000091552734,105.91000366210938,82.84627532958984,1180000
2015-11-18,105.79000091552734,105.97000122070312,105.68000030517578,105.86000061035156,82.80715942382812,941500
2015-11-19,106.12000274658203,106.19999694824219,106.02999877929688,106.08999633789062,82.98710632324219,1967200
2015-11-20,106.1500015258789,106.2300033569336,105.94999694824219,105.94999694824219,82.8775634765625,1287900
2015-11-23,105.88999938964844,106.18000030517578,105.8499984741211,106.08999633789062,82.98710632324219,1377100
2015-11-24,106.1500015258789,106.31999969482422,106.12000274658203,106.19000244140625,83.06533813476562,1094500
2015-11-25,106.25,106.31999969482422,106.08999633789062,106.25,83.11225891113281,752400
2015-11-27,106.3499984741211,106.44000244140625,106.33999633789062,106.36000061035156,83.19828796386719,759600
2015-11-30,106.3499984741211,106.41999816894531,106.33999633789062,106.4000015258789,83.22954559326172,2266900
2015-12-01,106.23999786376953,106.80999755859375,106.23999786376953,106.80000305175781,83.67225646972656,2805800
2015-12-02,106.55999755859375,106.62999725341797,106.36000061035156,106.5,83.43719482421875,1579000
2015-12-03,106.02999877929688,106.04000091552734,105.16999816894531,105.37999725341797,82.55970001220703,2750500
2015-12-04,105.58999633789062,105.87999725341797,105.48999786376953,105.7699966430664,82.86528015136719,2231500
2015-12-07,105.83000183105469,106.3499984741211,105.80000305175781,106.11000061035156,83.13163757324219,1954000
2015-12-08,106.37000274658203,106.37000274658203,106.05000305175781,106.16999816894531,83.17864227294922,1519900
2015-12-09,106.11000061035156,106.45999908447266,105.87000274658203,106.33000183105469,83.30404663085938,3711100
2015-12-10,106.37000274658203,106.37999725341797,106.08999633789062,106.0999984741211,83.12382507324219,1545000
2015-12-11,106.61000061035156,107.08999633789062,106.58000183105469,106.94999694824219,83.7897720336914,3352900
2015-12-14,106.5,106.63999938964844,106.16000366210938,106.16000366210938,83.17084503173828,2204400
2015-12-15,105.76000213623047,105.98999786376953,105.72000122070312,105.88999938964844,82.95927429199219,1591000
2015-12-16,105.69000244140625,105.9800033569336,105.4000015258789,105.61000061035156,82.73995208740234,1911800
2015-12-17,105.76000213623047,106.11000061035156,105.76000213623047,106.05000305175781,83.08464050292969,1202600
2015-12-18,106.30000305175781,106.54000091552734,106.20999908447266,106.43000030517578,83.38235473632812,4396700
2015-12-21,106.38999938964844,106.61000061035156,106.38999938964844,106.4800033569336,83.4214859008789,1603200
2015-12-22,106.30000305175781,106.36000061035156,106.08000183105469,106.18000030517578,83.18647003173828,1411800
2015-12-23,105.9000015258789,105.98999786376953,105.80000305175781,105.94000244140625,82.99844360351562,1380800
2015-12-24,105.86000061035156,105.97000122070312,105.77999877929688,105.97000122070312,83.15069580078125,654200
2015-12-28,105.94000244140625,106.16000366210938,105.87999725341797,105.98999786376953,83.16637420654297,2198300
2015-12-29,105.87999725341797,105.87999725341797,105.3499984741211,105.43000030517578,82.72698211669922,1752500
2015-12-30,105.3499984741211,105.58999633789062,105.27999877929688,105.47000122070312,82.75833129882812,1358100
2015-12-31,105.63999938964844,105.79000091552734,105.5,105.58999633789062,82.85250091552734,1906000
2016-01-04,106.08999633789062,106.4000015258789,105.98999786376953,106.04000091552734,83.2056655883789,6183700
2016-01-05,105.97000122070312,106.19999694824219,105.83000183105469,106.01000213623047,83.18205261230469,2122800
2016-01-06,106.45999908447266,106.66999816894531,106.37000274658203,106.6500015258789,83.68425750732422,1906100
2016-01-07,106.79000091552734,106.87999725341797,106.41999816894531,106.87999725341797,83.86470031738281,3106000
2016-01-08,106.77999877929688,107.19999694824219,106.69000244140625,107.1500015258789,84.07658386230469,1783200
2016-01-11,106.77999877929688,107.05000305175781,106.69999694824219,106.80999755859375,83.80980682373047,4816100
2016-01-12,106.7699966430664,107.52999877929688,106.69999694824219,107.29000091552734,84.18645477294922,8962500
2016-01-13,107.22000122070312,107.86000061035156,107.12999725341797,107.70999908447266,84.5160140991211,2664100
2016-01-14,107.5999984741211,107.80000305175781,107.23999786376953,107.48999786376953,84.3433837890625,2597300
2016-01-15,108.16999816894531,108.19000244140625,107.88999938964844,107.98999786376953,84.73567962646484,4334300
2016-01-19,107.81999969482422,108.08999633789062,107.72000122070312,107.8499984741211,84.6258544921875,4896500
2016-01-20,108.37000274658203,108.77999877929688,108.30000305175781,108.37999725341797,85.04170989990234,4949100
2016-01-21,108.5199966430664,108.62999725341797,108.04000091552734,108.11000061035156,84.8298568725586,2385700
2016-01-22,107.75,107.95999908447266,107.62000274658203,107.87000274658203,84.6415786743164,1735600
2016-01-25,108.11000061035156,108.23999786376953,108.0,108.2300033569336,84.92403411865234,1190900
2016-01-26,108.2300033569336,108.43000030517578,108.12999725341797,108.30999755859375,84.98677825927734,1288000
2016-01-27,108.2300033569336,108.41999816894531,107.8499984741211,108.38999938964844,85.04959106445312,1802300
2016-01-28,108.2300033569336,108.58999633789062,108.18000030517578,108.52999877929688,85.15939331054688,2222900
2016-01-29,108.91000366210938,109.18000030517578,108.77999877929688,109.11000061035156,85.61454010009766,3805500
2016-02-01,108.80999755859375,108.94999694824219,108.55999755859375,108.69999694824219,85.41726684570312,6813000
2016-02-02,109.22000122070312,109.55000305175781,109.20999908447266,109.47000122070312,86.02236938476562,4141600
2016-02-03,109.37000274658203,110.06999969482422,109.31999969482422,109.3499984741211,85.92803192138672,12145000
2016-02-04,109.4800033569336,109.6500015258789,109.29000091552734,109.61000061035156,86.13233947753906,2431100
2016-02-05,109.4000015258789,109.81999969482422,109.30999755859375,109.75,86.24236297607422,1440200
2016-02-08,110.13999938964844,110.6500015258789,110.08000183105469,110.56999969482422,86.88671112060547,2824800
2016-02-09,110.91999816894531,110.91999816894531,110.48999786376953,110.58999633789062,86.90245819091797,2679600
2016-02-10,110.56999969482422,110.95999908447266,110.30999755859375,110.91999816894531,87.1617431640625,2027200
2016-02-11,111.73999786376953,112.01000213623047,111.30000305175781,111.43000030517578,87.56254577636719,3743000
2016-02-12,110.94000244140625,111.08999633789062,110.37999725341797,110.58000183105469,86.89461517333984,3258700
2016-02-16,110.37999725341797,110.4000015258789,110.11000061035156,110.25,86.63531494140625,2816800
2016-02-17,110.0199966430664,110.04000091552734,109.66999816894531,109.9800033569336,86.42313385009766,4856500
2016-02-18,109.87999725341797,110.54000091552734,109.87999725341797,110.48999786376953,86.82386016845703,3125700
2016-02-19,110.38999938964844,110.62999725341797,110.29000091552734,110.48999786376953,86.82386016845703,1340000
2016-02-22,110.37999725341797,110.47000122070312,110.30000305175781,110.37999725341797,86.73741912841797,1012200
2016-02-23,110.08999633789062,110.69999694824219,110.04000091552734,110.5999984741211,86.91029357910156,2257800
2016-02-24,111.0199966430664,111.38999938964844,110.48999786376953,110.5999984741211,86.91029357910156,2947700
2016-02-25,110.91999816894531,111.16000366210938,110.69999694824219,110.93000030517578,87.16962432861328,1983600
2016-02-26,110.3499984741211,110.5,110.2300033569336,110.38999938964844,86.74533081054688,2957900
2016-02-29,110.4000015258789,110.62999725341797,110.33999633789062,110.56999969482422,86.88671112060547,3861600
2016-03-01,110.54000091552734,110.54000091552734,109.5,109.55000305175781,86.20759582519531,5901200
2016-03-02,109.2699966430664,109.4000015258789,109.16000366210938,109.36000061035156,86.05809783935547,3011200
2016-03-03,109.33999633789062,109.62000274658203,109.25,109.48999786376953,86.16043853759766,2093000
2016-03-04,109.2699966430664,109.44000244140625,108.93000030517578,109.12000274658203,85.86924743652344,1781200
2016-03-07,108.94999694824219,108.9800033569336,108.80999755859375,108.9000015258789,85.69612884521484,2349400
2016-03-08,109.54000091552734,109.75,109.45999908447266,109.52999877929688,86.1919174194336,1747600
2016-03-09,109.19000244140625,109.31999969482422,108.9800033569336,109.0999984741211,85.85346221923828,1537800
2016-03-10,109.11000061035156,109.23999786376953,108.54000091552734,108.70999908447266,85.5466079711914,2798700
2016-03-11,108.7300033569336,108.7300033569336,108.30999755859375,108.4000015258789,85.30266571044922,1785000
2016-03-14,108.54000091552734,108.69000244140625,108.43000030517578,108.4800033569336,85.36565399169922,2661800
2016-03-15,108.70999908447266,108.80000305175781,108.43000030517578,108.45999908447266,85.34992980957031,2960800
2016-03-16,108.30999755859375,110.95999908447266,108.19999694824219,109.02999877929688,85.79842376708984,2052300
2016-03-17,109.1500015258789,109.2699966430664,109.06999969482422,109.1500015258789,85.89287567138672,2745500
2016-03-18,109.30000305175781,109.47000122070312,109.20999908447266,109.33999633789062,86.04238891601562,2434600
2016-03-21,109.0999984741211,109.18000030517578,108.98999786376953,109.02999877929688,85.79842376708984,1725000
2016-03-22,109.27999877929688,109.30000305175781,108.7699966430664,108.80000305175781,85.61740112304688,1437700
2016-03-23,108.91999816894531,109.4000015258789,108.91999816894531,109.30000305175781,86.01092529296875,1405400
2016-03-24,109.4800033569336,109.58000183105469,109.01000213623047,109.19000244140625,85.92431640625,1548200
2016-03-28,109.30999755859375,109.5199966430664,109.2300033569336,109.3499984741211,86.05022430419922,1291400
2016-03-29,109.5999984741211,110.08999633789062,109.52999877929688,110.08999633789062,86.63257598876953,2981000
2016-03-30,109.83999633789062,110.0199966430664,109.61000061035156,109.94000244140625,86.51451873779297,2808800
2016-03-31,110.06999969482422,110.44000244140625,109.91999816894531,110.33999633789062,86.82931518554688,3759100
2016-04-01,110.18000030517578,110.30999755859375,109.91000366210938,110.13999938964844,86.80403900146484,5489100
2016-04-04,110.25,110.33999633789062,110.11000061035156,110.2699966430664,86.90650177001953,3035600
2016-04-05,110.68000030517578,110.76000213623047,110.55000305175781,110.70999908447266,87.25328063964844,1951500
2016-04-06,110.56999969482422,110.66000366210938,110.33000183105469,110.47000122070312,87.06417846679688,1646000
2016-04-07,110.77999877929688,111.08999633789062,110.73999786376953,111.04000091552734,87.51337432861328,2069600
2016-04-08,110.80999755859375,110.88999938964844,110.68000030517578,110.87000274658203,87.37942504882812,1309500
2016-04-11,110.5999984741211,110.91999816894531,110.56999969482422,110.8499984741211,87.36363220214844,879600
2016-04-12,110.54000091552734,110.66000366210938,110.33000183105469,110.41000366210938,87.01689147949219,1363200
2016-04-13,110.25,110.55999755859375,110.22000122070312,110.48999786376953,87.07991790771484,1466400
2016-04-14,110.2699966430664,110.41999816894531,110.13999938964844,110.2300033569336,86.875,1403900
2016-04-15,110.3499984741211,110.66000366210938,110.30999755859375,110.55999755859375,87.13509368896484,1657800
2016-04-18,110.4800033569336,110.4800033569336,110.27999877929688,110.44999694824219,87.04840087890625,1297800
2016-04-19,110.30000305175781,110.38999938964844,110.12999725341797,110.2699966430664,86.90650177001953,1219600
2016-04-20,110.27999877929688,110.44999694824219,109.68000030517578,109.70999908447266,86.4652099609375,1939800
2016-04-21,109.47000122070312,109.66000366210938,109.4000015258789,109.52999877929688,86.32332611083984,1636600
2016-04-22,109.52999877929688,109.58999633789062,109.33999633789062,109.41000366210938,86.2287368774414,952100
2016-04-25,109.36000061035156,109.5,109.27999877929688,109.29000091552734,86.13420104980469,1416300
2016-04-26,109.23999786376953,109.25,109.0,109.05999755859375,85.95286560058594,1127100
2016-04-27,109.3499984741211,109.76000213623047,109.19000244140625,109.66000366210938,86.42577362060547,1734000
2016-04-28,109.68000030517578,110.06999969482422,109.62999725341797,110.04000091552734,86.72528076171875,2807300
2016-04-29,109.81999969482422,110.0999984741211,109.72000122070312,110.0,86.69374084472656,2858500
2016-05-02,109.66000366210938,109.79000091552734,109.51000213623047,109.5199966430664,86.44195556640625,2226800
2016-05-03,110.13999938964844,110.2699966430664,110.08000183105469,110.16999816894531,86.9549789428711,2330900
2016-05-04,110.19000244140625,110.38999938964844,110.0,110.37000274658203,87.11284637451172,1176900
2016-05-05,110.33000183105469,110.66999816894531,110.13999938964844,110.66999816894531,87.34965515136719,1257500
2016-05-06,110.58999633789062,110.63999938964844,110.29000091552734,110.41000366210938,87.1444320678711,1675600
2016-05-09,110.55000305175781,110.62999725341797,110.45999908447266,110.62000274658203,87.31024932861328,1459900
2016-05-10,110.56999969482422,110.6500015258789,110.4800033569336,110.5999984741211,87.29436492919922,1506900
2016-05-11,110.55000305175781,110.88999938964844,110.48999786376953,110.7699966430664,87.42855072021484,1606800
2016-05-12,110.44000244140625,110.5999984741211,110.36000061035156,110.47000122070312,87.19181060791016,1261500
2016-05-13,110.54000091552734,110.91999816894531,110.48999786376953,110.88999938964844,87.52323150634766,5007300
2016-05-16,110.62000274658203,110.62000274658203,110.44999694824219,110.48999786376953,87.20755767822266,1708100
2016-05-17,110.41000366210938,110.56999969482422,110.33000183105469,110.33999633789062,87.08914947509766,1158700
2016-05-18,110.0999984741211,110.12000274658203,109.31999969482422,109.44999694824219,86.38668823242188,2946500
2016-05-19,109.56999969482422,109.7300033569336,109.51000213623047,109.55999755859375,86.47352600097656,1345000
2016-05-20,109.58000183105469,109.73999786376953,109.4800033569336,109.62999725341797,86.52877044677734,1059400
2016-05-23,109.72000122070312,109.80000305175781,109.56999969482422,109.69999694824219,86.58405303955078,892300
2016-05-24,109.51000213623047,109.62999725341797,109.36000061035156,109.5199966430664,86.44195556640625,965200
2016-05-25,109.48999786376953,109.62999725341797,109.41999816894531,109.47000122070312,86.40251922607422,890300
2016-05-26,109.6500015258789,109.9000015258789,109.58000183105469,109.80999755859375,86.67085266113281,998200
2016-05-27,109.8499984741211,109.88999938964844,109.47000122070312,109.5999984741211,86.5051040649414,1995300
2016-05-31,109.33000183105469,109.83999633789062,109.33000183105469,109.7300033569336,86.60772705078125,1734700
2016-06-01,109.8499984741211,109.9000015258789,109.4800033569336,109.52999877929688,86.57840728759766,2786400
2016-06-02,109.69999694824219,109.94999694824219,109.69999694824219,109.87000274658203,86.84721374511719,5038500
2016-06-03,110.72000122070312,110.91000366210938,110.69000244140625,110.88999938964844,87.65348815917969,1971300
2016-06-06,110.66000366210938,110.80999755859375,110.56999969482422,110.5999984741211,87.42424774169922,1715700
2016-06-07,110.80999755859375,110.88999938964844,110.75,110.76000213623047,87.55072784423828,2672900
2016-06-08,110.83999633789062,110.94000244140625,110.79000091552734,110.88999938964844,87.65348815917969,1284200
2016-06-09,111.20999908447266,111.25,111.05000305175781,111.05999755859375,87.78787231445312,1328400
2016-06-10,111.38999938964844,111.58000183105469,111.2699966430664,111.44999694824219,88.09615325927734,1878900
2016-06-13,111.6500015258789,111.75,111.4800033569336,111.66999816894531,88.27007293701172,1026200
2016-06-14,111.95999908447266,111.95999908447266,111.61000061035156,111.63999938964844,88.24629211425781,1390600
2016-06-15,111.63999938964844,112.0999984741211,111.63999938964844,111.9800033569336,88.51509094238281,2377600
2016-06-16,112.27999877929688,112.52999877929688,111.98999786376953,112.0999984741211,88.60990142822266,3088700
2016-06-17,112.0,112.0,111.63999938964844,111.72000122070312,88.3095703125,3140900
2016-06-20,111.2300033569336,111.30999755859375,111.16000366210938,111.23999786376953,87.93019104003906,1956500
2016-06-21,111.22000122070312,111.36000061035156,110.97000122070312,110.98999786376953,87.7325210571289,1494500
2016-06-22,110.98999786376953,111.2300033569336,110.95999908447266,111.20999908447266,87.9063949584961,1378700
2016-06-23,110.75,110.9800033569336,110.6500015258789,110.68000030517578,87.48751068115234,1715000
2016-06-24,112.47000122070312,112.4800033569336,112.08999633789062,112.20999908447266,88.69688415527344,4390000
2016-06-27,112.95999908447266,113.23999786376953,112.9000015258789,113.18000030517578,89.46363830566406,4493700
2016-06-28,113.1500015258789,113.2300033569336,112.94999694824219,113.16000366210938,89.44780731201172,1799700
2016-06-29,113.06999969482422,113.16000366210938,112.69000244140625,112.69999694824219,89.08419799804688,2670900
2016-06-30,112.87999725341797,113.19999694824219,112.72000122070312,112.94999694824219,89.2818374633789,5690800
2016-07-01,113.30000305175781,113.31999969482422,112.87000274658203,113.08999633789062,89.51771545410156,5292300
2016-07-05,113.51000213623047,113.91000366210938,113.47000122070312,113.70999908447266,90.00849151611328,2926300
2016-07-06,113.81999969482422,113.83999633789062,113.55000305175781,113.7300033569336,90.02429962158203,1921600
2016-07-07,113.5199966430664,113.7699966430664,113.31999969482422,113.58000183105469,89.9056167602539,1323000
2016-07-08,113.58999633789062,113.83000183105469,113.41999816894531,113.80000305175781,90.07972717285156,2097900
2016-07-11,113.4800033569336,113.58000183105469,113.19999694824219,113.19999694824219,89.6047592163086,2728800
2016-07-12,112.73999786376953,112.83000183105469,112.37999725341797,112.52999877929688,89.07439422607422,4116200
2016-07-13,112.86000061035156,113.0199966430664,112.77999877929688,112.81999969482422,89.30397033691406,3077200
2016-07-14,112.19999694824219,112.48999786376953,112.18000030517578,112.3499984741211,88.93194580078125,2761900
2016-07-15,112.02999877929688,112.0999984741211,111.80000305175781,111.91999816894531,88.59159088134766,2811600
2016-07-18,112.0999984741211,112.19999694824219,111.77999877929688,111.88999938964844,88.5678482055664,4173500
2016-07-19,112.16000366210938,112.29000091552734,112.05999755859375,112.19000244140625,88.80530548095703,4171900
2016-07-20,112.02999877929688,112.02999877929688,111.8499984741211,111.95999908447266,88.62321472167969,2213700
2016-07-21,111.68000030517578,112.25,111.66000366210938,112.20999908447266,88.8211669921875,1944700
2016-07-22,111.95999908447266,112.31999969482422,111.91999816894531,112.12000274658203,88.7499008178711,1140000
2016-07-25,112.08999633789062,112.2300033569336,112.01000213623047,112.02999877929688,88.67866516113281,889100
2016-07-26,112.19999694824219,112.19999694824219,111.88999938964844,112.0999984741211,88.73405456542969,1694100
2016-07-27,112.23999786376953,112.58000183105469,112.11000061035156,112.58000183105469,89.11400604248047,1962700
2016-07-28,112.4000015258789,112.73999786376953,112.36000061035156,112.63999938964844,89.16150665283203,1220200
2016-07-29,112.8499984741211,113.0999984741211,112.76000213623047,113.06999969482422,89.50189971923828,2386800
2016-08-01,112.55999755859375,112.7699966430664,112.4800033569336,112.5199966430664,89.19114685058594,2479100
2016-08-02,112.0199966430664,112.4800033569336,112.0199966430664,112.25,88.97708892822266,2920500
2016-08-03,112.31999969482422,112.3499984741211,112.0199966430664,112.30999755859375,89.02465057373047,1148600
2016-08-04,112.55000305175781,112.80000305175781,112.54000091552734,112.58000183105469,89.23870086669922,1065000
2016-08-05,112.26000213623047,112.36000061035156,111.87000274658203,111.87999725341797,88.68383026123047,2368100
2016-08-08,111.75,111.98999786376953,111.63999938964844,111.81999969482422,88.63626098632812,1304000
2016-08-09,111.94999694824219,112.26000213623047,111.88999938964844,112.22000122070312,88.95333862304688,1817000
2016-08-10,112.27999877929688,112.5999984741211,112.26000213623047,112.5199966430664,89.19114685058594,1262500
2016-08-11,112.43000030517578,112.5,111.87000274658203,111.9800033569336,88.76309204101562,1823600
2016-08-12,112.54000091552734,112.69999694824219,112.3499984741211,112.37999725341797,89.08015441894531,1377100
2016-08-15,112.20999908447266,112.27999877929688,112.02999877929688,112.05000305175781,88.81861114501953,1031800
2016-08-16,111.94999694824219,112.05000305175781,111.7699966430664,111.86000061035156,88.66796112060547,1433500
2016-08-17,111.88999938964844,112.19000244140625,111.75,112.04000091552734,88.8106460571289,1733900
2016-08-18,112.12000274658203,112.31999969482422,111.94999694824219,112.23999786376953,88.96923065185547,1245600
2016-08-19,111.93000030517578,112.04000091552734,111.72000122070312,111.86000061035156,88.66796112060547,1396700
2016-08-22,112.11000061035156,112.19999694824219,111.98999786376953,112.11000061035156,88.86617279052734,1084600
2016-08-23,112.19000244140625,112.30000305175781,112.0,112.0999984741211,88.85821533203125,939900
2016-08-24,112.19000244140625,112.22000122070312,111.97000122070312,112.05999755859375,88.8265380859375,1345600
2016-08-25,111.95999908447266,112.08000183105469,111.86000061035156,111.87999725341797,88.68383026123047,1037700
2016-08-26,112.05000305175781,112.31999969482422,111.37000274658203,111.44999694824219,88.34298706054688,1988300
2016-08-29,111.6500015258789,111.9800033569336,111.63999938964844,111.91000366210938,88.70759582519531,1497400
2016-08-30,111.95999908447266,112.0,111.83999633789062,111.9000015258789,88.69971466064453,2498400
2016-08-31,111.91000366210938,112.05000305175781,111.7699966430664,111.7699966430664,88.59667205810547,2008100
2016-09-01,111.33000183105469,111.81999969482422,111.2699966430664,111.79000091552734,88.73556518554688,1775900
2016-09-02,111.58000183105469,111.66999816894531,111.30999755859375,111.5,88.50535583496094,1550100
2016-09-06,111.47000122070312,112.0999984741211,111.41999816894531,112.0199966430664,88.91812896728516,1284000
2016-09-07,112.18000030517578,112.26000213623047,112.0199966430664,112.08000183105469,88.96577453613281,836800
2016-09-08,111.87000274658203,111.97000122070312,111.4000015258789,111.52999877929688,88.52914428710938,1287300
2016-09-09,111.12999725341797,111.1500015258789,110.94999694824219,111.0,88.1084213256836,1700700
2016-09-12,110.87999725341797,111.19000244140625,110.83999633789062,111.0999984741211,88.18780517578125,1446600
2016-09-13,111.18000030517578,111.19000244140625,110.44000244140625,110.69000244140625,87.86241912841797,1993700
2016-09-14,110.70999908447266,111.08999633789062,110.70999908447266,110.94000244140625,88.06082153320312,1062100
2016-09-15,110.87999725341797,111.05000305175781,110.66999816894531,110.97000122070312,88.08467864990234,994100
2016-09-16,111.0999984741211,111.16999816894531,110.94999694824219,111.08999633789062,88.17991638183594,833600
2016-09-19,110.98999786376953,111.08000183105469,110.9000015258789,110.9000015258789,88.02912139892578,490400
2016-09-20,111.02999877929688,111.22000122070312,110.98999786376953,111.06999969482422,88.16400146484375,1177800
2016-09-21,110.94999694824219,111.30000305175781,110.83000183105469,111.25,88.30694580078125,1108300
2016-09-22,111.44000244140625,111.70999908447266,111.41000366210938,111.58000183105469,88.56890869140625,1012300
2016-09-23,111.52999877929688,111.69999694824219,111.5,111.62999725341797,88.60856628417969,952500
2016-09-26,111.77999877929688,112.05000305175781,111.76000213623047,111.94999694824219,88.86257934570312,764000
2016-09-27,112.2699966430664,112.2699966430664,112.02999877929688,112.13999938964844,89.01335906982422,1583700
2016-09-28,112.19000244140625,112.30000305175781,112.05000305175781,112.08999633789062,88.97366333007812,594800
2016-09-29,111.88999938964844,112.33000183105469,111.81999969482422,112.16000366210938,89.0292739868164,1123900
2016-09-30,112.16999816894531,112.19999694824219,111.72000122070312,111.87999725341797,88.80699157714844,1774600
2016-10-03,111.69999694824219,111.7300033569336,111.44999694824219,111.47000122070312,88.6003646850586,3112000
2016-10-04,111.33000183105469,111.43000030517578,110.94999694824219,110.95999908447266,88.19499206542969,3949600
2016-10-05,110.91000366210938,110.94999694824219,110.58999633789062,110.70999908447266,87.99626159667969,1490600
2016-10-06,110.58999633789062,110.7699966430664,110.45999908447266,110.4800033569336,87.81348419189453,1577400
2016-10-07,110.58000183105469,110.72000122070312,110.37999725341797,110.63999938964844,87.94062042236328,1601100
2016-10-10,110.4000015258789,110.4000015258789,110.18000030517578,110.3499984741211,87.71013641357422,1067000
2016-10-11,110.33000183105469,110.51000213623047,110.19999694824219,110.31999969482422,87.68623352050781,1942600
2016-10-12,110.2300033569336,110.31999969482422,110.0999984741211,110.31999969482422,87.68623352050781,1037800
2016-10-13,110.51000213623047,110.69000244140625,110.51000213623047,110.55000305175781,87.86911010742188,1188400
2016-10-14,110.2699966430664,110.56999969482422,110.18000030517578,110.20999908447266,87.59886932373047,2105300
2016-10-17,110.31999969482422,110.55000305175781,110.31999969482422,110.44999694824219,87.78961181640625,1490800
2016-10-18,110.30999755859375,110.66999816894531,110.30000305175781,110.66999816894531,87.96448516845703,1484400
2016-10-19,110.51000213623047,110.80000305175781,110.51000213623047,110.72000122070312,88.00418090820312,1264200
2016-10-20,110.87999725341797,110.87999725341797,110.58000183105469,110.62000274658203,87.92471313476562,979900
2016-10-21,110.77999877929688,110.77999877929688,110.58999633789062,110.73999786376953,88.0201187133789,571100
2016-10-24,110.80999755859375,110.80999755859375,110.45999908447266,110.58999633789062,87.90087890625,900800
2016-10-25,110.44999694824219,110.73999786376953,110.43000030517578,110.56999969482422,87.88494110107422,735100
2016-10-26,110.41000366210938,110.45999908447266,110.29000091552734,110.33000183105469,87.69422149658203,1136600
2016-10-27,109.94999694824219,110.0,109.72000122070312,109.94999694824219,87.3921890258789,3668500
2016-10-28,109.8499984741211,110.05999755859375,109.80000305175781,109.97000122070312,87.40807342529297,1313200
2016-10-31,110.0999984741211,110.13999938964844,109.95999908447266,110.05999755859375,87.47962188720703,4413900
2016-11-01,109.58999633789062,110.12000274658203,109.52999877929688,109.91000366210938,87.4827880859375,2004000
2016-11-02,110.11000061035156,110.43000030517578,110.02999877929688,110.23999786376953,87.7454605102539,1455900
2016-11-03,110.08000183105469,110.2300033569336,110.01000213623047,110.16999816894531,87.68973541259766,686600
2016-11-04,110.30000305175781,110.55999755859375,110.27999877929688,110.51000213623047,87.96039581298828,1699800
2016-11-07,110.0999984741211,110.16999816894531,110.01000213623047,110.05000305175781,87.59423828125,2617900
2016-11-08,110.06999969482422,110.11000061035156,109.61000061035156,109.66000366210938,87.28379821777344,1182200
2016-11-09,109.16000366210938,109.16000366210938,107.91000366210938,107.98999786376953,85.95460510253906,6381300
2016-11-10,107.66999816894531,108.02999877929688,107.31999969482422,107.33999633789062,85.43721008300781,5445300
2016-11-11,107.55000305175781,107.63999938964844,107.08000183105469,107.12000274658203,85.26206970214844,2482900
2016-11-14,106.5,106.9000015258789,106.27999877929688,106.5,84.76864624023438,3753800
2016-11-15,106.48999786376953,106.69000244140625,106.41999816894531,106.5,84.76864624023438,1391700
2016-11-16,106.2699966430664,106.66999816894531,106.2699966430664,106.5999984741211,84.84820556640625,2765700
2016-11-17,106.41999816894531,106.4800033569336,106.05000305175781,106.12999725341797,84.47411346435547,2499200
2016-11-18,106.0999984741211,106.20999908447266,105.55999755859375,105.66000366210938,84.09999084472656,4093700
2016-11-21,105.73999786376953,105.88999938964844,105.62999725341797,105.75,84.17164611816406,1364300
2016-11-22,105.88999938964844,106.08000183105469,105.75,105.8499984741211,84.25123596191406,1744700
2016-11-23,105.25,105.58999633789062,105.0,105.47000122070312,83.94880676269531,4607100
2016-11-25,105.51000213623047,105.55999755859375,105.23999786376953,105.37999725341797,83.87716674804688,948200
2016-11-28,105.7300033569336,105.9000015258789,105.62000274658203,105.86000061035156,84.25922393798828,2474800
2016-11-29,105.68000030517578,106.0,105.61000061035156,105.97000122070312,84.34678649902344,1745000
2016-11-30,105.29000091552734,105.52999877929688,105.16999816894531,105.26000213623047,83.7816162109375,3362500
2016-12-01,104.62000274658203,104.80999755859375,104.30999755859375,104.70999908447266,83.46200561523438,3467600
2016-12-02,104.93000030517578,105.31999969482422,104.93000030517578,105.18000030517578,83.8366470336914,1660400
2016-12-05,104.83000183105469,105.4000015258789,104.70999908447266,105.13999938964844,83.80477142333984,2281600
2016-12-06,105.16999816894531,105.27999877929688,105.08000183105469,105.18000030517578,83.8366470336914,989400
2016-12-07,105.37000274658203,105.58000183105469,105.36000061035156,105.52999877929688,84.11559295654297,1237600
2016-12-08,105.19000244140625,105.26000213623047,105.02999877929688,105.12999725341797,83.79679107666016,1357500
2016-12-09,105.08000183105469,105.19999694824219,104.54000091552734,104.58999633789062,83.36638641357422,3261000
2016-12-12,104.5199966430664,104.72000122070312,104.37000274658203,104.61000061035156,83.38224792480469,1538200
2016-12-13,104.79000091552734,104.86000061035156,104.4800033569336,104.66999816894531,83.43009185791016,1993500
2016-12-14,105.0199966430664,105.0999984741211,103.77999877929688,103.80000305175781,82.73665618896484,3941000
2016-12-15,103.77999877929688,103.81999969482422,103.43000030517578,103.51000213623047,82.50550842285156,1999200
2016-12-16,103.69000244140625,103.95999908447266,103.45999908447266,103.63999938964844,82.609130859375,1811800
2016-12-19,104.0,104.16999816894531,103.87999725341797,104.12000274658203,82.99175262451172,1691800
2016-12-20,103.75,103.95999908447266,103.68000030517578,103.9000015258789,82.8163833618164,969400
2016-12-21,104.0,104.12999725341797,103.94000244140625,104.06999969482422,82.951904296875,1870500
2016-12-22,103.79000091552734,103.94999694824219,103.70999908447266,103.86000061035156,82.9159164428711,1872100
2016-12-23,103.97000122070312,104.08000183105469,103.94000244140625,103.95999908447266,82.99581146240234,830400
2016-12-27,103.70999908447266,103.80999755859375,103.69999694824219,103.80999755859375,82.87602233886719,1148800
2016-12-28,103.86000061035156,104.30000305175781,103.79000091552734,104.19000244140625,83.17943572998047,1369800
2016-12-29,104.36000061035156,104.66000366210938,104.36000061035156,104.51000213623047,83.43486785888672,1328600
2016-12-30,104.55999755859375,104.95999908447266,104.52999877929688,104.81999969482422,83.682373046875,2439500
2017-01-03,104.3499984741211,104.88999938964844,104.29000091552734,104.7699966430664,83.6424560546875,3230500
2017-01-04,104.7300033569336,104.94000244140625,104.62000274658203,104.88999938964844,83.73825073242188,1523000
2017-01-05,105.0999984741211,105.68000030517578,105.02999877929688,105.56999969482422,84.2811279296875,3344400
2017-01-06,105.18000030517578,105.37999725341797,105.04000091552734,105.08999633789062,83.89789581298828,1601400
2017-01-09,105.47000122070312,105.52999877929688,105.36000061035156,105.48999786376953,84.21723937988281,1275000
2017-01-10,105.44000244140625,105.5999984741211,105.38999938964844,105.44000244140625,84.1773452758789,1352700
2017-01-11,105.5,105.93000030517578,105.30999755859375,105.55999755859375,84.27310943603516,1833700
2017-01-12,105.81999969482422,106.02999877929688,105.58999633789062,105.62000274658203,84.32107543945312,1544700
2017-01-13,105.37000274658203,105.55999755859375,105.05000305175781,105.38999938964844,84.1374740600586,1833200
2017-01-17,105.97000122070312,106.02999877929688,105.7300033569336,105.91999816894531,84.5605697631836,1656800
2017-01-18,105.5999984741211,105.69000244140625,105.12999725341797,105.16999816894531,83.9617691040039,3640400
2017-01-19,104.83000183105469,104.88999938964844,104.55999755859375,104.7699966430664,83.6424560546875,1840000
2017-01-20,104.63999938964844,104.91999816894531,104.4800033569336,104.81999969482422,83.682373046875,1306400
2017-01-23,105.01000213623047,105.56999969482422,104.83999633789062,105.37000274658203,84.1214599609375,1720200
2017-01-24,105.13999938964844,105.27999877929688,104.83000183105469,104.97000122070312,83.8021240234375,1344000
2017-01-25,104.55000305175781,104.68000030517578,104.30999755859375,104.44999694824219,83.3869857788086,1816000
2017-01-26,104.41000366210938,104.62000274658203,104.18000030517578,104.58999633789062,83.49872589111328,2212900
2017-01-27,104.6500015258789,104.80000305175781,104.63999938964844,104.72000122070312,83.60253143310547,2285200
2017-01-30,104.73999786376953,104.94999694824219,104.69000244140625,104.69000244140625,83.57860565185547,1909300
2017-01-31,104.79000091552734,105.22000122070312,104.79000091552734,105.05000305175781,83.86602020263672,1411700
2017-02-01,104.55999755859375,104.8499984741211,104.38999938964844,104.69000244140625,83.7052993774414,2055100
2017-02-02,105.02999877929688,105.0999984741211,104.72000122070312,104.7300033569336,83.7372817993164,1423500
2017-02-03,105.0,105.22000122070312,104.62000274658203,104.80999755859375,83.80123138427734,1711100
2017-02-06,105.23999786376953,105.41000366210938,105.0,105.30999755859375,84.20098114013672,1500500
2017-02-07,105.25,105.69000244140625,105.18000030517578,105.5,84.35292053222656,1540600
2017-02-08,105.5,106.0,105.5,105.93000030517578,84.6967544555664,3182200
2017-02-09,105.93000030517578,105.93000030517578,105.27999877929688,105.30000305175781,84.19300842285156,1530200
2017-02-10,105.06999969482422,105.30999755859375,105.06999969482422,105.2300033569336,84.1370620727539,1646400
2017-02-13,105.0,105.08000183105469,104.87999725341797,105.06999969482422,84.00908660888672,1045200
2017-02-14,105.0199966430664,105.0999984741211,104.45999908447266,104.69000244140625,83.7052993774414,2318100
2017-02-15,104.33000183105469,104.55999755859375,104.31999969482422,104.48999786376953,83.54535675048828,2750900
2017-02-16,104.5999984741211,105.01000213623047,104.5999984741211,104.91000366210938,83.88115692138672,2459800
2017-02-17,105.19999694824219,105.31999969482422,105.12000274658203,105.19000244140625,84.10504913330078,2237700
2017-02-21,104.94000244140625,105.27999877929688,104.91999816894531,105.13999938964844,84.06510162353516,2832700
2017-02-22,105.36000061035156,105.41999816894531,104.95999908447266,105.30999755859375,84.20098114013672,2812800
2017-02-23,105.5,105.58999633789062,105.43000030517578,105.58999633789062,84.42483520507812,1842700
2017-02-24,105.94000244140625,106.16000366210938,105.81999969482422,106.08000183105469,84.81665802001953,2677000
2017-02-27,105.98999786376953,106.0,105.63999938964844,105.69999694824219,84.51282501220703,3292600
2017-02-28,105.75,105.91000366210938,105.62999725341797,105.6500015258789,84.47284698486328,2482500
2017-03-01,104.70999908447266,104.80000305175781,104.6500015258789,104.7699966430664,83.88436889648438,2249000
2017-03-02,104.55999755859375,104.5999984741211,104.33000183105469,104.47000122070312,83.64417266845703,2023300
2017-03-03,104.5,104.58000183105469,104.26000213623047,104.56999969482422,83.72421264648438,2509000
2017-03-06,104.58999633789062,104.5999984741211,104.43000030517578,104.55000305175781,83.70825958251953,1401700
2017-03-07,104.43000030517578,104.4800033569336,104.3499984741211,104.4000015258789,83.588134765625,1596300
2017-03-08,103.91999816894531,104.1500015258789,103.9000015258789,104.05000305175781,83.3078842163086,2392800
2017-03-09,103.94000244140625,103.9800033569336,103.69999694824219,103.76000213623047,83.07572937011719,2322900
2017-03-10,103.9800033569336,104.01000213623047,103.75,103.9800033569336,83.25188446044922,1333000
2017-03-13,103.80999755859375,103.91999816894531,103.69000244140625,103.72000122070312,83.04365539550781,1342600
2017-03-14,103.7699966430664,103.94000244140625,103.75,103.83000183105469,83.1317138671875,864600
2017-03-15,103.98999786376953,104.73999786376953,103.91999816894531,104.73999786376953,83.86035919189453,3701900
2017-03-16,104.48999786376953,104.62000274658203,104.41999816894531,104.44999694824219,83.62816619873047,2749900
2017-03-17,104.58000183105469,104.81999969482422,104.55999755859375,104.7300033569336,83.85236358642578,1186700
2017-03-20,104.75,105.01000213623047,104.75,104.9800033569336,84.0525131225586,1362700
2017-03-21,104.91000366210938,105.37000274658203,104.91000366210938,105.33000183105469,84.33271026611328,1407000
2017-03-22,105.52999877929688,105.7300033569336,105.44999694824219,105.52999877929688,84.49286651611328,2231300
2017-03-23,105.58999633789062,105.63999938964844,105.23999786376953,105.41999816894531,84.40478515625,2584700
2017-03-24,105.38999938964844,105.61000061035156,105.3499984741211,105.4800033569336,84.45282745361328,2540000
2017-03-27,105.91999816894531,105.95999908447266,105.66999816894531,105.73999786376953,84.66102600097656,2614000
2017-03-28,105.86000061035156,105.86000061035156,105.37000274658203,105.37999725341797,84.372802734375,1356800
2017-03-29,105.55999755859375,105.72000122070312,105.55999755859375,105.68000030517578,84.61296844482422,1860400
2017-03-30,105.62999725341797,105.63999938964844,105.36000061035156,105.37999725341797,84.372802734375,1487800
2017-03-31,105.52999877929688,105.62999725341797,105.44999694824219,105.58999633789062,84.54086303710938,1698500
2017-04-03,105.55999755859375,106.0,105.52999877929688,105.94999694824219,84.95706939697266,4175500
2017-04-04,105.91999816894531,106.0199966430664,105.80000305175781,105.80000305175781,84.83683776855469,1319600
2017-04-05,105.66999816894531,106.0999984741211,105.62000274658203,106.0,84.99713897705078,2551100
2017-04-06,106.02999877929688,106.0999984741211,105.80000305175781,105.93000030517578,84.9410171508789,1496300
2017-04-07,106.19000244140625,106.31999969482422,105.61000061035156,105.61000061035156,84.68447875976562,1185400
2017-04-10,105.75,105.91999816894531,105.69999694824219,105.80000305175781,84.83683776855469,1752500
2017-04-11,106.05000305175781,106.4000015258789,106.02999877929688,106.29000091552734,85.22967529296875,2219200
2017-04-12,106.37000274658203,106.68000030517578,106.29000091552734,106.62000274658203,85.49432373046875,2273600
2017-04-13,106.80000305175781,107.01000213623047,106.61000061035156,106.94000244140625,85.75093078613281,1868200
2017-04-17,106.94999694824219,107.04000091552734,106.68000030517578,106.7699966430664,85.6146011352539,1110500
2017-04-18,107.05999755859375,107.47000122070312,107.0,107.37999725341797,86.10370635986328,1678400
2017-04-19,107.12000274658203,107.16999816894531,106.98999786376953,107.0999984741211,85.87921905517578,1750000
2017-04-20,106.93000030517578,107.01000213623047,106.72000122070312,106.86000061035156,85.68673706054688,1694700
2017-04-21,106.95999908447266,107.12000274658203,106.87999725341797,106.91000366210938,85.72684478759766,2792500
2017-04-24,106.43000030517578,106.69000244140625,106.37000274658203,106.69000244140625,85.55044555664062,3558000
2017-04-25,106.3499984741211,106.47000122070312,106.08999633789062,106.13999938964844,85.10944366455078,1985700
2017-04-26,106.13999938964844,106.41999816894531,106.12000274658203,106.41999816894531,85.33394622802734,1314400
2017-04-27,106.37999725341797,106.62000274658203,106.33000183105469,106.48999786376953,85.39009094238281,1988200
2017-04-28,106.31999969482422,106.6500015258789,106.2699966430664,106.5999984741211,85.47825622558594,5489800
2017-05-01,106.31999969482422,106.48999786376953,106.05000305175781,106.20999908447266,85.2935562133789,2044400
2017-05-02,106.16000366210938,106.48999786376953,106.13999938964844,106.43000030517578,85.47024536132812,1585300
2017-05-03,106.44999694824219,106.48999786376953,106.1500015258789,106.20999908447266,85.2935562133789,1861300
2017-05-04,105.8499984741211,105.98999786376953,105.81999969482422,105.97000122070312,85.10081481933594,1237100
2017-05-05,105.9800033569336,106.0199966430664,105.80000305175781,105.98999786376953,85.1169204711914,980000
2017-05-08,105.88999938964844,105.88999938964844,105.66999816894531,105.7300033569336,84.90803527832031,4887400
2017-05-09,105.58999633789062,105.66000366210938,105.47000122070312,105.61000061035156,84.8117446899414,1457900
2017-05-10,105.83999633789062,105.86000061035156,105.5,105.56999969482422,84.77964782714844,995500
2017-05-11,105.41000366210938,105.69999694824219,105.41000366210938,105.6500015258789,84.84384155273438,1088800
2017-05-12,106.05999755859375,106.27999877929688,106.05999755859375,106.19000244140625,85.27750396728516,2005600
2017-05-15,106.13999938964844,106.16999816894531,106.05000305175781,106.12000274658203,85.22132873535156,672200
2017-05-16,106.11000061035156,106.41000366210938,106.11000061035156,106.26000213623047,85.33374786376953,1314500
2017-05-17,106.80000305175781,107.16999816894531,106.7300033569336,107.11000061035156,86.01634216308594,5644700
2017-05-18,107.19999694824219,107.25,106.97000122070312,107.08000183105469,85.99224853515625,1715200
2017-05-19,106.97000122070312,107.06999969482422,106.80000305175781,107.05000305175781,85.96818542480469,3503100
2017-05-22,106.93000030517578,107.01000213623047,106.87999725341797,106.93000030517578,85.87179565429688,1425800
2017-05-23,107.05000305175781,107.05000305175781,106.5999984741211,106.6500015258789,85.64691925048828,2984700
2017-05-24,106.6500015258789,106.93000030517578,106.55000305175781,106.87000274658203,85.82355499267578,1776300
2017-05-25,106.93000030517578,106.9800033569336,106.80000305175781,106.93000030517578,85.87179565429688,1361000
2017-05-26,107.02999877929688,107.08000183105469,106.94000244140625,107.0,85.92796325683594,1016600
2017-05-30,107.18000030517578,107.2699966430664,107.0999984741211,107.2699966430664,86.14481353759766,2335200
2017-05-31,107.22000122070312,107.4000015258789,107.16000366210938,107.31999969482422,86.18502807617188,1752300
2017-06-01,106.94000244140625,107.12000274658203,106.9000015258789,107.0999984741211,86.13996124267578,1769300
2017-06-02,107.5,107.69000244140625,107.41000366210938,107.56999969482422,86.51793670654297,1803200
2017-06-05,107.4000015258789,107.48999786376953,107.37000274658203,107.38999938964844,86.3731689453125,1414900
2017-06-06,107.77999877929688,107.83000183105469,107.66000366210938,107.7300033569336,86.6466293334961,2078900
2017-06-07,107.62000274658203,107.70999908447266,107.43000030517578,107.52999877929688,86.48578643798828,1795800
2017-06-08,107.43000030517578,107.43000030517578,107.16999816894531,107.36000061035156,86.34906768798828,3863000
2017-06-09,107.1500015258789,107.33999633789062,107.11000061035156,107.26000213623047,86.26863861083984,1203400
2017-06-12,107.12000274658203,107.44999694824219,107.12000274658203,107.23999786376953,86.25252532958984,766700
2017-06-13,107.13999938964844,107.31999969482422,107.13999938964844,107.27999877929688,86.28474426269531,682300
2017-06-14,107.91999816894531,108.16999816894531,107.70999908447266,107.83999633789062,86.73509216308594,3712100
2017-06-15,107.69000244140625,107.72000122070312,107.56999969482422,107.6500015258789,86.5822525024414,2000400
2017-06-16,107.66999816894531,107.83000183105469,107.66999816894531,107.70999908447266,86.63053894042969,3460300
2017-06-19,107.58999633789062,107.62999725341797,107.41000366210938,107.41000366210938,86.3892822265625,1105900
2017-06-20,107.5,107.76000213623047,107.5,107.68000030517578,86.60645294189453,1252000
2017-06-21,107.55999755859375,107.73999786376953,107.54000091552734,107.66999816894531,86.5983657836914,1159800
2017-06-22,107.83000183105469,107.86000061035156,107.63999938964844,107.7699966430664,86.67882537841797,1160100
2017-06-23,107.72000122070312,107.83999633789062,107.66999816894531,107.80000305175781,86.70293426513672,1581000
2017-06-26,107.9000015258789,108.01000213623047,107.87999725341797,107.88999938964844,86.77530670166016,3625000
2017-06-27,107.5199966430664,107.55000305175781,107.26000213623047,107.36000061035156,86.34906768798828,1755200
2017-06-28,107.30999755859375,107.30999755859375,107.08999633789062,107.26000213623047,86.26863861083984,1530900
2017-06-29,106.69999694824219,106.97000122070312,106.63999938964844,106.86000061035156,85.94688415527344,1997200
2017-06-30,106.83999633789062,106.83999633789062,106.54000091552734,106.61000061035156,85.74585723876953,1909600
2017-07-03,106.44999694824219,106.45999908447266,106.01000213623047,106.05999755859375,85.4308853149414,1255300
2017-07-05,106.04000091552734,106.26000213623047,105.9800033569336,106.13999938964844,85.49530792236328,10477800
2017-07-06,105.94000244140625,105.97000122070312,105.7300033569336,105.94000244140625,85.33419799804688,1794300
2017-07-07,105.80999755859375,105.88999938964844,105.72000122070312,105.7699966430664,85.1972885131836,1799900
2017-07-10,105.83999633789062,106.01000213623047,105.83000183105469,105.91000366210938,85.31005096435547,1247700
2017-07-11,105.87000274658203,106.08000183105469,105.83999633789062,106.05000305175781,85.4228515625,1112600
2017-07-12,106.44999694824219,106.51000213623047,106.31999969482422,106.36000061035156,85.67251586914062,2451700
2017-07-13,106.3499984741211,106.3499984741211,106.05000305175781,106.25,85.58393096923828,2095900
2017-07-14,106.69000244140625,106.73999786376953,106.37999725341797,106.4000015258789,85.70479583740234,1260400
2017-07-17,106.45999908447266,106.61000061035156,106.4000015258789,106.52999877929688,85.80947875976562,1289200
2017-07-18,106.87000274658203,106.97000122070312,106.77999877929688,106.91999816894531,86.12362670898438,1776100
2017-07-19,106.93000030517578,107.01000213623047,106.8499984741211,106.91999816894531,86.12362670898438,2466000
2017-07-20,107.0999984741211,107.16000366210938,106.91000366210938,106.94999694824219,86.14776611328125,2317200
2017-07-21,107.1500015258789,107.2699966430664,107.12000274658203,107.13999938964844,86.30081176757812,1664200
2017-07-24,107.08000183105469,107.1500015258789,106.98999786376953,107.06999969482422,86.2444076538086,2342700
2017-07-25,106.69999694824219,106.69999694824219,106.44000244140625,106.47000122070312,85.76110076904297,2513600
2017-07-26,106.47000122070312,106.91999816894531,106.41000366210938,106.80999755859375,86.03499603271484,3010400
2017-07-27,106.5999984741211,106.7300033569336,106.5199966430664,106.63999938964844,85.8980712890625,1853000
2017-07-28,106.62999725341797,106.8499984741211,106.5999984741211,106.81999969482422,86.04305267333984,1001600
2017-07-31,106.76000213623047,106.86000061035156,106.69000244140625,106.8499984741211,86.06720733642578,921800
2017-08-01,106.5199966430664,106.98999786376953,106.47000122070312,106.94999694824219,86.28101348876953,1958300
2017-08-02,106.9000015258789,107.05000305175781,106.83999633789062,106.8499984741211,86.20030975341797,516100
2017-08-03,107.06999969482422,107.25,106.9800033569336,107.22000122070312,86.49885559082031,1576200
2017-08-04,106.97000122070312,106.97000122070312,106.69999694824219,106.93000030517578,86.264892578125,1266100
2017-08-07,106.87999725341797,107.0,106.81999969482422,106.98999786376953,86.31329345703125,554100
2017-08-08,106.94999694824219,106.95999908447266,106.7300033569336,106.9000015258789,86.24071502685547,1277800
2017-08-09,107.29000091552734,107.31999969482422,107.02999877929688,107.02999877929688,86.34557342529297,1268000
2017-08-10,107.23999786376953,107.47000122070312,107.22000122070312,107.43000030517578,86.66825866699219,1412000
2017-08-11,107.37000274658203,107.62000274658203,107.31999969482422,107.55000305175781,86.76506042480469,911000
2017-08-14,107.33999633789062,107.44999694824219,107.25,107.29000091552734,86.5552978515625,1386100
2017-08-15,106.86000061035156,107.05999755859375,106.83000183105469,106.97000122070312,86.29711151123047,1146300
2017-08-16,106.87000274658203,107.33000183105469,106.8499984741211,107.16999816894531,86.45850372314453,2160100
2017-08-17,107.20999908447266,107.58999633789062,107.16999816894531,107.55000305175781,86.76506042480469,1637300
2017-08-18,107.73999786376953,107.80999755859375,107.41000366210938,107.56999969482422,86.78117370605469,1235700
2017-08-21,107.5999984741211,107.70999908447266,107.55999755859375,107.63999938964844,86.83766174316406,718800
2017-08-22,107.54000091552734,107.54000091552734,107.37000274658203,107.43000030517578,86.66825866699219,984500
2017-08-23,107.66000366210938,107.80000305175781,107.56999969482422,107.80000305175781,86.96674346923828,1246100
2017-08-24,107.62999725341797,107.75,107.56999969482422,107.62999725341797,86.82962036132812,2520900
2017-08-25,107.63999938964844,107.87000274658203,107.56999969482422,107.80999755859375,86.97484588623047,1007500
2017-08-28,107.76000213623047,107.91999816894531,107.72000122070312,107.91000366210938,87.05549621582031,921700
2017-08-29,108.41000366210938,108.43000030517578,108.04000091552734,108.16000366210938,87.2571792602539,1590200
2017-08-30,107.98999786376953,108.12999725341797,107.98999786376953,108.06999969482422,87.18451690673828,1299900
2017-08-31,108.08000183105469,108.25,108.06999969482422,108.23999786376953,87.32169342041016,1023600
2017-09-01,107.95999908447266,107.98999786376953,107.69999694824219,107.76000213623047,87.06475830078125,3460000
2017-09-05,108.16000366210938,108.5199966430664,108.12999725341797,108.51000213623047,87.67073059082031,3054800
2017-09-06,108.4800033569336,108.55000305175781,108.12999725341797,108.25,87.4607162475586,1601500
2017-09-07,108.3499984741211,108.80999755859375,108.3499984741211,108.72000122070312,87.84042358398438,4292500
2017-09-08,108.68000030517578,108.68000030517578,108.5,108.63999938964844,87.77576446533203,1249100
2017-09-11,108.19999694824219,108.23999786376953,108.0199966430664,108.0199966430664,87.27482604980469,2206200
2017-09-12,107.8499984741211,107.8499984741211,107.66000366210938,107.76000213623047,87.06475830078125,3167800
2017-09-13,107.77999877929688,107.77999877929688,107.5199966430664,107.54000091552734,86.88704681396484,1590900
2017-09-14,107.43000030517578,107.58000183105469,107.4000015258789,107.55999755859375,86.9031753540039,1377700
2017-09-15,107.56999969482422,107.69000244140625,107.37999725341797,107.69000244140625,87.00822448730469,1477000
2017-09-18,107.26000213623047,107.36000061035156,107.16999816894531,107.2699966430664,86.66887664794922,3032500
2017-09-19,107.30000305175781,107.3499984741211,107.12000274658203,107.1500015258789,86.57196044921875,673300
2017-09-20,107.25,107.2699966430664,106.7699966430664,106.94000244140625,86.40227508544922,2397500
2017-09-21,106.98999786376953,107.12999725341797,106.80000305175781,106.80000305175781,86.28916931152344,2390000
2017-09-22,107.13999938964844,107.16000366210938,106.95999908447266,106.98999786376953,86.44267272949219,826600
2017-09-25,107.11000061035156,107.38999938964844,107.0,107.30999755859375,86.70118713378906,1927000
2017-09-26,107.20999908447266,107.27999877929688,107.12000274658203,107.22000122070312,86.62848663330078,1061000
2017-09-27,106.69000244140625,106.83000183105469,106.63999938964844,106.66999816894531,86.18411254882812,4039100
2017-09-28,106.54000091552734,106.7300033569336,106.4800033569336,106.6500015258789,86.16796875,1873300
2017-09-29,106.76000213623047,106.7699966430664,106.45999908447266,106.5199966430664,86.06293487548828,2037800
2017-10-02,106.41999816894531,106.47000122070312,106.23999786376953,106.23999786376953,85.96502685546875,3221600
2017-10-03,106.2699966430664,106.43000030517578,106.23999786376953,106.38999938964844,86.0864028930664,2521700
2017-10-04,106.48999786376953,106.48999786376953,106.26000213623047,106.36000061035156,86.06208801269531,2198300
2017-10-05,106.4000015258789,106.45999908447266,106.19000244140625,106.25,85.9731216430664,1779900
2017-10-06,105.97000122070312,106.23999786376953,105.8499984741211,106.12000274658203,85.8679428100586,2350600
2017-10-09,106.20999908447266,106.27999877929688,106.13999938964844,106.23999786376953,85.96502685546875,893100
2017-10-10,106.30000305175781,106.52999877929688,106.25,106.27999877929688,85.99739074707031,1123100
2017-10-11,106.43000030517578,106.44000244140625,106.27999877929688,106.4000015258789,86.09451293945312,2841200
2017-10-12,106.47000122070312,106.54000091552734,106.36000061035156,106.5,86.17538452148438,1349300
2017-10-13,106.81999969482422,106.91999816894531,106.69000244140625,106.86000061035156,86.46670532226562,1521700
2017-10-16,106.66999816894531,106.79000091552734,106.56999969482422,106.68000030517578,86.3210678100586,1666100
2017-10-17,106.5199966430664,106.68000030517578,106.5,106.63999938964844,86.2886734008789,673800
2017-10-18,106.30999755859375,106.41000366210938,106.2699966430664,106.37000274658203,86.07020568847656,1788500
2017-10-19,106.66000366210938,106.69999694824219,106.41000366210938,106.4800033569336,86.15918731689453,1518700
2017-10-20,106.13999938964844,106.20999908447266,106.0,106.04000091552734,85.80321502685547,2651400
2017-10-23,106.08999633789062,106.20999908447266,106.08999633789062,106.13999938964844,85.88410186767578,709800
2017-10-24,105.87999725341797,105.95999908447266,105.76000213623047,105.81999969482422,85.62519836425781,1605600
2017-10-25,105.47000122070312,105.73999786376953,105.47000122070312,105.6500015258789,85.48761749267578,1838800
2017-10-26,105.75,105.7699966430664,105.5,105.51000213623047,85.37433624267578,2062400
2017-10-27,105.62000274658203,105.86000061035156,105.54000091552734,105.8499984741211,85.6494369506836,1315000
2017-10-30,106.08999633789062,106.23999786376953,106.02999877929688,106.2300033569336,85.95689392089844,1692700
2017-10-31,106.23999786376953,106.25,106.13999938964844,106.16000366210938,85.90032196044922,1178000
2017-11-01,105.91999816894531,106.22000122070312,105.91999816894531,106.05999755859375,85.95214080810547,1321500
2017-11-02,106.18000030517578,106.3499984741211,106.12000274658203,106.19999694824219,86.06556701660156,1997900
2017-11-03,106.33999633789062,106.4000015258789,106.1500015258789,106.37000274658203,86.20337677001953,2532400
2017-11-06,106.47000122070312,106.55999755859375,106.4000015258789,106.5,86.30870819091797,858400
2017-11-07,106.5199966430664,106.62000274658203,106.45999908447266,106.54000091552734,86.34117126464844,734800
2017-11-08,106.58999633789062,106.62999725341797,106.37999725341797,106.41000366210938,86.23579406738281,947800
2017-11-09,106.2699966430664,106.45999908447266,106.2300033569336,106.37000274658203,86.20337677001953,925900
2017-11-10,106.0,106.02999877929688,105.79000091552734,105.83000183105469,85.76573181152344,1862000
2017-11-13,105.91000366210938,105.95999908447266,105.7699966430664,105.77999877929688,85.72522735595703,868300
2017-11-14,105.80999755859375,106.0,105.79000091552734,105.93000030517578,85.8468017578125,1629200
2017-11-15,106.27999877929688,106.3499984741211,106.08999633789062,106.30999755859375,86.15473175048828,1933100
2017-11-16,106.13999938964844,106.19999694824219,106.0199966430664,106.04000091552734,85.93594360351562,1749200
2017-11-17,106.2300033569336,106.27999877929688,106.0999984741211,106.18000030517578,86.04938507080078,941200
2017-11-20,106.05000305175781,106.1500015258789,105.94999694824219,106.01000213623047,85.91162872314453,1153400
2017-11-21,106.18000030517578,106.2300033569336,105.94999694824219,106.02999877929688,85.92781829833984,835600
2017-11-22,106.13999938964844,106.41999816894531,106.0999984741211,106.37000274658203,86.20337677001953,1657900
2017-11-24,106.2699966430664,106.33999633789062,106.23999786376953,106.27999877929688,86.13046264648438,614400
2017-11-27,106.33000183105469,106.41999816894531,106.19000244140625,106.3499984741211,86.18714904785156,1927500
2017-11-28,106.51000213623047,106.55000305175781,106.27999877929688,106.37000274658203,86.20337677001953,1388000
2017-11-29,106.0199966430664,106.08000183105469,105.87999725341797,106.02999877929688,85.92781829833984,3193600
2017-11-30,105.95999908447266,106.01000213623047,105.58999633789062,105.69999694824219,85.66043090820312,3306400
2017-12-01,105.69999694824219,106.33999633789062,105.5,105.93000030517578,85.97693634033203,4341500
2017-12-04,105.6500015258789,105.87999725341797,105.63999938964844,105.87999725341797,85.93634796142578,2356200
2017-12-05,105.70999908447266,105.98999786376953,105.69000244140625,105.95999908447266,86.00128936767578,1586000
2017-12-06,106.19999694824219,106.30999755859375,106.16000366210938,106.18000030517578,86.17985534667969,1459000
2017-12-07,106.18000030517578,106.2699966430664,105.86000061035156,105.98999786376953,86.02562713623047,1953400
2017-12-08,105.97000122070312,106.0199966430664,105.83000183105469,105.91000366210938,85.96070098876953,2519500
2017-12-11,105.97000122070312,106.0199966430664,105.80999755859375,105.83999633789062,85.90386962890625,702200
2017-12-12,105.73999786376953,105.76000213623047,105.5999984741211,105.75,85.83080291748047,2557500
2017-12-13,105.9000015258789,106.22000122070312,105.79000091552734,106.18000030517578,86.17985534667969,1477800
2017-12-14,105.98999786376953,106.2300033569336,105.86000061035156,106.13999938964844,86.14737701416016,982100
2017-12-15,105.9800033569336,106.16999816894531,105.91999816894531,106.12000274658203,86.13115692138672,1845200
2017-12-18,106.02999877929688,106.05999755859375,105.83999633789062,105.87999725341797,85.93634796142578,1610300
2017-12-19,105.62000274658203,105.62999725341797,105.25,105.4000015258789,85.54678344726562,4535100
2017-12-20,105.0999984741211,105.29000091552734,105.04000091552734,105.08999633789062,85.2951431274414,3027000
2017-12-21,104.94000244140625,105.01000213623047,104.87000274658203,105.0,85.35528564453125,2098800
2017-12-22,104.98999786376953,105.04000091552734,104.94999694824219,105.04000091552734,85.38782501220703,696900
2017-12-26,105.05000305175781,105.19999694824219,105.02999877929688,105.08000183105469,85.42034149169922,2584800
2017-12-27,105.2300033569336,105.56999969482422,105.2300033569336,105.52999877929688,85.78617858886719,2291500
2017-12-28,105.43000030517578,105.4800033569336,105.33999633789062,105.4000015258789,85.6804428100586,1540500
2017-12-29,105.47000122070312,105.63999938964844,105.45999908447266,105.56999969482422,85.81867980957031,1849600
2018-01-02,105.44000244140625,105.47000122070312,105.08999633789062,105.22000122070312,85.53417205810547,3902000
2018-01-03,105.3499984741211,105.41000366210938,105.22000122070312,105.33000183105469,85.62358093261719,2135900
2018-01-04,105.0999984741211,105.29000091552734,105.0199966430664,105.27999877929688,85.58293151855469,2430000
2018-01-05,105.27999877929688,105.31999969482422,105.05999755859375,105.1500015258789,85.47727966308594,2163600
2018-01-08,105.19999694824219,105.22000122070312,105.01000213623047,105.0999984741211,85.43663024902344,2450600
2018-01-09,104.91999816894531,104.91999816894531,104.58000183105469,104.5999984741211,85.03014373779297,5924200
2018-01-10,104.29000091552734,104.62000274658203,104.2300033569336,104.56999969482422,85.00572967529297,2142500
2018-01-11,104.5199966430664,104.7300033569336,104.41999816894531,104.63999938964844,85.06266784667969,1798700
2018-01-12,104.41999816894531,104.61000061035156,104.4000015258789,104.56999969482422,85.00572967529297,1430700
2018-01-16,104.73999786376953,104.76000213623047,104.4800033569336,104.62000274658203,85.04637908935547,5927500
2018-01-17,104.45999908447266,104.62999725341797,104.31999969482422,104.38999938964844,84.8594741821289,2186100
2018-01-18,104.11000061035156,104.20999908447266,103.9800033569336,104.05999755859375,84.59120178222656,3326100
2018-01-19,104.0,104.0,103.7300033569336,103.79000091552734,84.37171173095703,2921600
2018-01-22,103.87000274658203,103.94999694824219,103.66999816894531,103.75,84.33918762207031,8047400
2018-01-23,103.98999786376953,104.11000061035156,103.9000015258789,104.05000305175781,84.58304595947266,1780100
2018-01-24,103.87000274658203,103.94999694824219,103.7300033569336,103.8499984741211,84.42047882080078,1952200
2018-01-25,103.73999786376953,104.08999633789062,103.62000274658203,104.08000183105469,84.60746765136719,3342000
2018-01-26,103.95999908447266,103.95999908447266,103.66000366210938,103.7699966430664,84.35543823242188,3324500
2018-01-29,103.5,103.55000305175781,103.30999755859375,103.51000213623047,84.14408874511719,2328200
2018-01-30,103.41999816894531,103.4800033569336,103.22000122070312,103.2699966430664,83.94901275634766,2346900
2018-01-31,103.44000244140625,103.48999786376953,103.0199966430664,103.30000305175781,83.973388671875,2966400
2018-02-01,103.0999984741211,103.0999984741211,102.56999969482422,102.5999984741211,83.54022216796875,8958300
2018-02-02,102.29000091552734,102.37000274658203,102.11000061035156,102.22000122070312,83.23078918457031,5753500
2018-02-05,102.25,103.30999755859375,102.08999633789062,103.05999755859375,83.91476440429688,6902000
2018-02-06,102.94999694824219,103.04000091552734,102.61000061035156,102.61000061035156,83.5483169555664,5382900
2018-02-07,102.75,102.7699966430664,102.19000244140625,102.30999755859375,83.30406951904297,4773700
2018-02-08,102.02999877929688,102.52999877929688,101.88999938964844,102.4000015258789,83.37737274169922,5685300
2018-02-09,102.11000061035156,102.80999755859375,102.11000061035156,102.22000122070312,83.23078918457031,4376900
2018-02-12,102.22000122070312,102.36000061035156,102.08000183105469,102.19000244140625,83.20639038085938,2836300
2018-02-13,102.2699966430664,102.38999938964844,102.18000030517578,102.36000061035156,83.34480285644531,2698100
2018-02-14,102.05999755859375,102.05999755859375,101.62999725341797,101.73999786376953,82.83998107910156,4141900
2018-02-15,101.76000213623047,101.95999908447266,101.73999786376953,101.7699966430664,82.86439514160156,3057300
2018-02-16,102.08999633789062,102.18000030517578,101.95999908447266,102.01000213623047,83.059814453125,2277800
2018-02-20,101.80999755859375,101.95999908447266,101.72000122070312,101.9000015258789,82.97025299072266,2138300
2018-02-21,102.0,102.0,101.47000122070312,101.5999984741211,82.72599029541016,2253900
2018-02-22,101.76000213623047,101.87000274658203,101.69999694824219,101.73999786376953,82.83998107910156,4411800
2018-02-23,102.01000213623047,102.20999908447266,101.9800033569336,102.12999725341797,83.15753173828125,4484700
2018-02-26,102.36000061035156,102.44999694824219,102.19999694824219,102.25,83.2552490234375,2725600
2018-02-27,102.29000091552734,102.33000183105469,101.73999786376953,101.93000030517578,82.99468231201172,3308900
2018-02-28,102.05000305175781,102.19000244140625,101.97000122070312,102.16999816894531,83.19010162353516,2521400
2018-03-01,102.16000366210938,102.61000061035156,102.02999877929688,102.44999694824219,83.5480728149414,5352600
2018-03-02,102.31999969482422,102.33000183105469,102.01000213623047,102.06999969482422,83.23821258544922,2140800
2018-03-05,102.3499984741211,102.3499984741211,101.81999969482422,101.94000244140625,83.13215637207031,2059300
2018-03-06,101.97000122070312,102.1500015258789,101.91999816894531,101.93000030517578,83.1240005493164,2331300
2018-03-07,102.16000366210938,102.22000122070312,101.91999816894531,101.93000030517578,83.1240005493164,1258100
2018-03-08,102.06999969482422,102.23999786376953,102.0199966430664,102.13999938964844,83.29527282714844,1636700
2018-03-09,101.88999938964844,102.0,101.7699966430664,101.91999816894531,83.11585998535156,1604500
2018-03-12,102.0,102.16999816894531,101.94000244140625,102.16000366210938,83.31161499023438,1885700
2018-03-13,102.31999969482422,102.37999725341797,102.12999725341797,102.33000183105469,83.45023345947266,1742100
2018-03-14,102.2699966430664,102.66000366210938,102.25,102.52999877929688,83.61329650878906,2598900
2018-03-15,102.51000213623047,102.62000274658203,102.38999938964844,102.48999786376953,83.58067321777344,2758000
2018-03-16,102.36000061035156,102.38999938964844,102.23999786376953,102.37000274658203,83.48282623291016,3595300
2018-03-19,102.1500015258789,102.45999908447266,102.13999938964844,102.2699966430664,83.40131378173828,2825000
2018-03-20,102.08999633789062,102.16000366210938,102.04000091552734,102.06999969482422,83.23821258544922,2600600
2018-03-21,101.94000244140625,102.22000122070312,101.68000030517578,102.13999938964844,83.29527282714844,3365600
2018-03-22,102.5199966430664,102.7699966430664,102.38999938964844,102.55999755859375,83.63777160644531,5026500
2018-03-23,102.45999908447266,102.75,102.45999908447266,102.69999694824219,83.751953125,2519000
2018-03-26,102.5199966430664,102.6500015258789,102.38999938964844,102.41999816894531,83.52359008789062,4184900
2018-03-27,102.52999877929688,103.05000305175781,102.5199966430664,103.0,83.99659729003906,3495900
2018-03-28,103.20999908447266,103.26000213623047,102.88999938964844,102.9800033569336,83.98028564453125,2762500
2018-03-29,103.01000213623047,103.30999755859375,103.01000213623047,103.19000244140625,84.15157318115234,2572100
2018-04-02,102.94000244140625,103.33999633789062,102.88999938964844,103.12000274658203,84.23731994628906,2748800
2018-04-03,102.95999908447266,103.0,102.75,102.79000091552734,83.96774291992188,4229600
2018-04-04,103.0,103.0,102.68000030517578,102.7300033569336,83.91875457763672,2216900
2018-04-05,102.56999969482422,102.61000061035156,102.43000030517578,102.47000122070312,83.70635986328125,1789300
2018-04-06,102.80000305175781,102.95999908447266,102.66000366210938,102.91999816894531,84.07395935058594,2651200
2018-04-09,102.73999786376953,102.94000244140625,102.6500015258789,102.94000244140625,84.09027862548828,2071100
2018-04-10,102.80999755859375,102.87000274658203,102.68000030517578,102.76000213623047,83.94322204589844,1622400
2018-04-11,102.95999908447266,103.0,102.76000213623047,102.86000061035156,84.02494812011719,2520600
2018-04-12,102.72000122070312,102.7300033569336,102.45999908447266,102.48999786376953,83.72265625,2188600
2018-04-13,102.4000015258789,102.62999725341797,102.4000015258789,102.58000183105469,83.79621124267578,2937700
2018-04-16,102.33000183105469,102.55000305175781,102.30999755859375,102.52999877929688,83.75537109375,1637400
2018-04-17,102.4800033569336,102.66000366210938,102.44000244140625,102.58999633789062,83.80439758300781,1301800
2018-04-18,102.37999725341797,102.5,102.19000244140625,102.19000244140625,83.47760009765625,2127600
2018-04-19,101.94999694824219,102.0199966430664,101.79000091552734,101.91000366210938,83.2489013671875,3181500
2018-04-20,101.77999877929688,101.83999633789062,101.56999969482422,101.56999969482422,82.97113800048828,2309400
2018-04-23,101.4800033569336,101.52999877929688,101.33999633789062,101.47000122070312,82.88947296142578,5022800
2018-04-24,101.33000183105469,101.44999694824219,101.26000213623047,101.3499984741211,82.79146575927734,3178800
2018-04-25,101.19000244140625,101.25,101.05999755859375,101.12999725341797,82.61170959472656,3295800
2018-04-26,101.37000274658203,101.45999908447266,101.30999755859375,101.41999816894531,82.84864044189453,1989500
2018-04-27,101.51000213623047,101.6500015258789,101.5,101.58999633789062,82.98749542236328,2409300
2018-04-30,101.63999938964844,101.80999755859375,101.62000274658203,101.69999694824219,83.07733917236328,3504400
2018-05-01,101.5,101.5,101.30999755859375,101.3499984741211,82.94723510742188,1894000
2018-05-02,101.38999938964844,101.51000213623047,101.30000305175781,101.37000274658203,82.96359252929688,3852600
2018-05-03,101.58000183105469,101.7699966430664,101.55999755859375,101.62999725341797,83.17637634277344,6026900
2018-05-04,101.75,101.79000091552734,101.48999786376953,101.63999938964844,83.18453979492188,2370500
2018-05-07,101.62999725341797,101.66000366210938,101.54000091552734,101.58999633789062,83.14362335205078,1854900
2018-05-08,101.43000030517578,101.5199966430664,101.31999969482422,101.41999816894531,83.00454711914062,1654600
2018-05-09,101.19000244140625,101.30000305175781,101.16000366210938,101.19000244140625,82.81629180908203,2838400
2018-05-10,101.43000030517578,101.4800033569336,101.30000305175781,101.4000015258789,82.98815155029297,4183700
2018-05-11,101.47000122070312,101.47000122070312,101.30000305175781,101.41000366210938,82.99632263183594,2816300
2018-05-14,101.25,101.27999877929688,101.18000030517578,101.19000244140625,82.81629180908203,4762000
2018-05-15,100.80000305175781,100.80000305175781,100.48999786376953,100.62999725341797,82.35796356201172,6812500
2018-05-16,100.5,100.69999694824219,100.41999816894531,100.41999816894531,82.18610382080078,4784200
2018-05-17,100.45999908447266,100.5199966430664,100.33000183105469,100.36000061035156,82.13699340820312,1702300
2018-05-18,100.55000305175781,100.80999755859375,100.55000305175781,100.75,82.4561767578125,2642300
2018-05-21,100.69999694824219,100.83000183105469,100.63999938964844,100.81999969482422,82.51344299316406,2845100
2018-05-22,100.81999969482422,100.83000183105469,100.69000244140625,100.77999877929688,82.48072052001953,1977000
2018-05-23,101.08999633789062,101.30000305175781,101.06999969482422,101.23999786376953,82.8572006225586,5102500
2018-05-24,101.47000122070312,101.63999938964844,101.43000030517578,101.5,83.06995391845703,2994100
2018-05-25,101.80999755859375,101.91000366210938,101.76000213623047,101.9000015258789,83.3973617553711,2838400
2018-05-29,102.3499984741211,103.19999694824219,102.23999786376953,103.0,84.29759979248047,11256200
2018-05-30,102.56999969482422,102.72000122070312,102.37999725341797,102.55999755859375,83.93750762939453,4512200
2018-05-31,102.56999969482422,102.73999786376953,102.33999633789062,102.51000213623047,83.89659118652344,5321700
2018-06-01,101.8499984741211,102.08999633789062,101.7699966430664,101.93000030517578,83.58665466308594,7891000
2018-06-04,101.81999969482422,101.83000183105469,101.56999969482422,101.56999969482422,83.2914047241211,3131800
2018-06-05,101.83999633789062,101.97000122070312,101.72000122070312,101.83000183105469,83.5046157836914,4305500
2018-06-06,101.55999755859375,101.58999633789062,101.36000061035156,101.41999816894531,83.16838836669922,3910500
2018-06-07,101.41999816894531,102.12999725341797,101.38999938964844,101.8499984741211,83.52103424072266,4400400
2018-06-08,101.73999786376953,101.86000061035156,101.68000030517578,101.70999908447266,83.40618896484375,7342800
2018-06-11,101.52999877929688,101.63999938964844,101.51000213623047,101.61000061035156,83.32420349121094,1875800
2018-06-12,101.47000122070312,101.5999984741211,101.44999694824219,101.55000305175781,83.27499389648438,1664800
2018-06-13,101.58000183105469,101.6500015258789,101.16000366210938,101.43000030517578,83.17662048339844,3294700
2018-06-14,101.62000274658203,101.76000213623047,101.54000091552734,101.75,83.43899536132812,3626400
2018-06-15,101.97000122070312,102.0999984741211,101.80000305175781,101.83000183105469,83.5046157836914,5826500
2018-06-18,101.95999908447266,101.9800033569336,101.80000305175781,101.87999725341797,83.54560852050781,4600500
2018-06-19,102.18000030517578,102.27999877929688,102.08999633789062,102.1500015258789,83.76703643798828,4172800
2018-06-20,102.11000061035156,102.12999725341797,101.80999755859375,101.81999969482422,83.49639892578125,3059000
2018-06-21,101.9800033569336,102.16999816894531,101.9800033569336,102.08999633789062,83.71784210205078,2680500
2018-06-22,101.95999908447266,102.16000366210938,101.94999694824219,102.11000061035156,83.73419189453125,2309500
2018-06-25,102.22000122070312,102.4000015258789,102.20999908447266,102.25,83.84903717041016,8110800
2018-06-26,102.2699966430664,102.36000061035156,102.20999908447266,102.30000305175781,83.89004516601562,3873200
2018-06-27,102.55999755859375,102.7300033569336,102.4800033569336,102.69000244140625,84.20983123779297,3044200
2018-06-28,102.68000030517578,102.70999908447266,102.51000213623047,102.58999633789062,84.12784576416016,3705600
2018-06-29,102.58000183105469,102.68000030517578,102.5,102.51000213623047,84.06224822998047,2721200
2018-07-02,102.41999816894531,102.44999694824219,102.22000122070312,102.25,84.0047378540039,3911500
2018-07-03,102.29000091552734,102.51000213623047,102.27999877929688,102.51000213623047,84.21834564208984,1463800
2018-07-05,102.4800033569336,102.63999938964844,102.45999908447266,102.5199966430664,84.22657012939453,1682300
2018-07-06,102.63999938964844,102.70999908447266,102.5199966430664,102.61000061035156,84.30049133300781,3206500
2018-07-09,102.37000274658203,102.44000244140625,102.33000183105469,102.3499984741211,84.08688354492188,2258800
2018-07-10,102.25,102.36000061035156,102.20999908447266,102.2699966430664,84.02114868164062,4461100
2018-07-11,102.45999908447266,102.51000213623047,102.31999969482422,102.4800033569336,84.19371795654297,2198700
2018-07-12,102.3499984741211,102.4800033569336,102.33000183105469,102.44000244140625,84.16084289550781,1385900
2018-07-13,102.55000305175781,102.63999938964844,102.4800033569336,102.61000061035156,84.30049133300781,2891800
2018-07-16,102.38999938964844,102.4800033569336,102.26000213623047,102.44000244140625,84.16084289550781,1782600
2018-07-17,102.5,102.5,102.3499984741211,102.37999725341797,84.11151123046875,1034700
2018-07-18,102.43000030517578,102.44999694824219,102.2699966430664,102.30000305175781,84.04582214355469,1355300
2018-07-19,102.37000274658203,102.66999816894531,102.3499984741211,102.58000183105469,84.2758560180664,4201700
2018-07-20,102.45999908447266,102.45999908447266,102.18000030517578,102.22000122070312,83.98008728027344,3362700
2018-07-23,102.0999984741211,102.11000061035156,101.69999694824219,101.72000122070312,83.5693359375,5285700
2018-07-24,101.69999694824219,101.83999633789062,101.62999725341797,101.79000091552734,83.6268081665039,3293800
2018-07-25,101.91000366210938,101.9800033569336,101.66000366210938,101.72000122070312,83.5693359375,2403800
2018-07-26,101.81999969482422,101.87000274658203,101.58999633789062,101.61000061035156,83.47892761230469,2598200
2018-07-27,101.83999633789062,101.83999633789062,101.68000030517578,101.7699966430664,83.61039733886719,1435100
2018-07-30,101.56999969482422,101.76000213623047,101.55999755859375,101.63999938964844,83.50354766845703,3832700
2018-07-31,101.80000305175781,101.83000183105469,101.70999908447266,101.77999877929688,83.61859130859375,3053600
2018-08-01,101.26000213623047,101.41000366210938,101.19000244140625,101.33999633789062,83.42102813720703,5366800
2018-08-02,101.41000366210938,101.4800033569336,101.31999969482422,101.45999908447266,83.51985168457031,3370800
2018-08-03,101.54000091552734,101.75,101.52999877929688,101.72000122070312,83.73382568359375,2174800
2018-08-06,101.79000091552734,101.94999694824219,101.76000213623047,101.7699966430664,83.77499389648438,3867200
2018-08-07,101.70999908447266,101.70999908447266,101.54000091552734,101.55999755859375,83.60211944580078,2181400
2018-08-08,101.58999633789062,101.70999908447266,101.58000183105469,101.6500015258789,83.67623138427734,2777900
2018-08-09,101.80999755859375,101.93000030517578,101.79000091552734,101.93000030517578,83.90670013427734,4318000
2018-08-10,102.19999694824219,102.5,102.16999816894531,102.37000274658203,84.26892852783203,4327800
2018-08-13,102.30999755859375,102.45999908447266,102.2300033569336,102.33999633789062,84.24423217773438,1764700
2018-08-14,102.31999969482422,102.33000183105469,102.19000244140625,102.23999786376953,84.16187286376953,2487600
2018-08-15,102.45999908447266,102.68000030517578,102.43000030517578,102.48999786376953,84.3676986694336,4810700
2018-08-16,102.51000213623047,102.5199966430664,102.27999877929688,102.45999908447266,84.34298706054688,2594400
2018-08-17,102.55000305175781,102.63999938964844,102.4000015258789,102.5,84.37591552734375,3043400
2018-08-20,102.69999694824219,102.86000061035156,102.68000030517578,102.81999969482422,84.63931274414062,2901100
2018-08-21,102.7300033569336,102.7300033569336,102.61000061035156,102.68000030517578,84.52410888671875,2516700
2018-08-22,102.95999908447266,102.95999908447266,102.7699966430664,102.87000274658203,84.6805191040039,2396500
2018-08-23,102.91000366210938,102.94999694824219,102.83000183105469,102.86000061035156,84.67227935791016,871000
2018-08-24,102.68000030517578,102.91000366210938,102.63999938964844,102.88999938964844,84.69698333740234,1296600
2018-08-27,102.75,102.77999877929688,102.63999938964844,102.66000366210938,84.50764465332031,1851900
2018-08-28,102.4800033569336,102.5199966430664,102.38999938964844,102.43000030517578,84.31830596923828,1506300
2018-08-29,102.45999908447266,102.47000122070312,102.30000305175781,102.4000015258789,84.29362487792969,1420400
2018-08-30,102.54000091552734,102.68000030517578,102.51000213623047,102.58999633789062,84.45002746582031,2780900
2018-08-31,102.81999969482422,102.83000183105469,102.5999984741211,102.61000061035156,84.46643829345703,2132200
2018-09-04,102.26000213623047,102.31999969482422,102.12000274658203,102.16999816894531,84.2734603881836,3419500
2018-09-05,102.1500015258789,102.2300033569336,102.05000305175781,102.16000366210938,84.26521301269531,1332300
2018-09-06,102.22000122070312,102.44999694824219,102.20999908447266,102.37000274658203,84.43840789794922,1656700
2018-09-07,102.01000213623047,102.04000091552734,101.87000274658203,101.91000366210938,84.05899047851562,4405000
2018-09-10,101.88999938964844,102.01000213623047,101.88999938964844,101.97000122070312,84.10853576660156,3110800
2018-09-11,101.7699966430664,101.80000305175781,101.5999984741211,101.5999984741211,83.80330657958984,3360500
2018-09-12,101.76000213623047,101.80999755859375,101.72000122070312,101.72000122070312,83.90227508544922,1398800
2018-09-13,101.86000061035156,101.86000061035156,101.69000244140625,101.70999908447266,83.89405822753906,1281600
2018-09-14,101.51000213623047,101.62000274658203,101.45999908447266,101.5199966430664,83.73733520507812,3749900
2018-09-17,101.41000366210938,101.58000183105469,101.37999725341797,101.54000091552734,83.75382995605469,3808400
2018-09-18,101.41000366210938,101.41999816894531,101.08999633789062,101.12000274658203,83.40737915039062,4972900
2018-09-19,101.05999755859375,101.06999969482422,100.80000305175781,100.94999694824219,83.26715850830078,5515900
2018-09-20,100.83000183105469,101.05999755859375,100.80000305175781,100.95999908447266,83.27539825439453,2973500
2018-09-21,100.9000015258789,101.05999755859375,100.9000015258789,101.0,83.30841827392578,1024100
2018-09-24,100.8499984741211,101.01000213623047,100.83999633789062,100.88999938964844,83.21766662597656,2389800
2018-09-25,100.7699966430664,100.80999755859375,100.68000030517578,100.79000091552734,83.13520050048828,2878300
2018-09-26,100.88999938964844,101.13999938964844,100.83999633789062,101.12000274658203,83.40737915039062,2502900
2018-09-27,101.05000305175781,101.1500015258789,100.98999786376953,101.12000274658203,83.40737915039062,6342800
2018-09-28,101.29000091552734,101.30000305175781,101.12999725341797,101.16999816894531,83.44860076904297,3931000
2018-10-01,100.83000183105469,100.88999938964844,100.70999908447266,100.70999908447266,83.23704528808594,6408000
2018-10-02,100.86000061035156,101.04000091552734,100.86000061035156,100.97000122070312,83.45195007324219,2915000
2018-10-03,100.77999877929688,100.79000091552734,100.08999633789062,100.22000122070312,82.83204650878906,6612700
2018-10-04,99.9800033569336,100.12999725341797,99.87999725341797,99.95999908447266,82.61714935302734,6427500
2018-10-05,99.81999969482422,99.91000366210938,99.5999984741211,99.72000122070312,82.41881561279297,5676600
2018-10-08,99.81999969482422,99.86000061035156,99.73999786376953,99.76000213623047,82.45189666748047,1947800
2018-10-09,99.79000091552734,99.94999694824219,99.76000213623047,99.94999694824219,82.60892486572266,3066300
2018-10-10,99.70999908447266,100.02999877929688,99.66999816894531,100.0,82.65019989013672,3001900
2018-10-11,100.22000122070312,100.55000305175781,100.08999633789062,100.41000366210938,82.9891586303711,5821500
2018-10-12,100.29000091552734,100.52999877929688,100.23999786376953,100.29000091552734,82.88993835449219,2647900
2018-10-15,100.38999938964844,100.44000244140625,100.26000213623047,100.3499984741211,82.93952178955078,1860000
2018-10-16,100.2699966430664,100.3499984741211,100.19999694824219,100.33999633789062,82.93122863769531,2703900
2018-10-17,100.31999969482422,100.41999816894531,100.05000305175781,100.05000305175781,82.69155883789062,3336200
2018-10-18,100.0,100.4000015258789,99.94999694824219,100.2300033569336,82.84032440185547,2587700
2018-10-19,100.22000122070312,100.23999786376953,100.02999877929688,100.11000061035156,82.74112701416016,5531900
2018-10-22,100.22000122070312,100.26000213623047,100.12000274658203,100.12999725341797,82.75764465332031,1690100
2018-10-23,100.6500015258789,100.79000091552734,100.33999633789062,100.38999938964844,82.97260284423828,4420100
2018-10-24,100.66999816894531,100.95999908447266,100.5999984741211,100.93000030517578,83.41889190673828,4881200
2018-10-25,100.75,100.81999969482422,100.5999984741211,100.69000244140625,83.22052764892578,3559900
2018-10-26,101.06999969482422,101.30000305175781,101.04000091552734,101.13999938964844,83.5924301147461,4220800
2018-10-29,101.01000213623047,101.23999786376953,100.8499984741211,101.12999725341797,83.58419799804688,3766900
2018-10-30,100.94000244140625,101.05999755859375,100.87000274658203,100.91000366210938,83.40232849121094,5746600
2018-10-31,100.61000061035156,100.73999786376953,100.55000305175781,100.66000366210938,83.19571685791016,3956700
2018-11-01,100.36000061035156,100.56999969482422,100.33000183105469,100.52999877929688,83.26692962646484,4834300
2018-11-02,100.29000091552734,100.31999969482422,99.93000030517578,99.97000122070312,82.8031005859375,5250900
2018-11-05,100.16000366210938,100.19999694824219,100.02999877929688,100.02999877929688,82.8528060913086,2446700
2018-11-06,100.0999984741211,100.0999984741211,99.91000366210938,99.91999816894531,82.76167297363281,2456700
2018-11-07,100.08999633789062,100.16999816894531,99.91000366210938,99.91999816894531,82.76167297363281,3297600
2018-11-08,100.0,100.0199966430664,99.75,99.77999877929688,82.645751953125,2188900
2018-11-09,99.93000030517578,100.22000122070312,99.91999816894531,100.16999816894531,82.96878814697266,2772700
2018-11-12,100.37999725341797,100.51000213623047,100.33000183105469,100.47000122070312,83.21724700927734,3704900
2018-11-13,100.41999816894531,100.58000183105469,100.3499984741211,100.55000305175781,83.28350067138672,3265000
2018-11-14,100.43000030517578,100.95999908447266,100.38999938964844,100.76000213623047,83.45745849609375,4626400
2018-11-15,101.01000213623047,101.05999755859375,100.70999908447266,100.83000183105469,83.51542663574219,2621300
2018-11-16,101.05999755859375,101.18000030517578,100.9800033569336,101.13999938964844,83.77217102050781,7226700
2018-11-19,101.05999755859375,101.31999969482422,101.05999755859375,101.29000091552734,83.89644622802734,3447800
2018-11-20,101.31999969482422,101.41999816894531,101.2300033569336,101.2699966430664,83.8798828125,3658600
2018-11-21,101.18000030517578,101.25,101.06999969482422,101.25,83.86331176757812,1897000
2018-11-23,101.45999908447266,101.47000122070312,101.30999755859375,101.30999755859375,83.91304779052734,531200
2018-11-26,101.19000244140625,101.2300033569336,101.12999725341797,101.2300033569336,83.84671783447266,2345600
2018-11-27,101.19999694824219,101.4000015258789,101.19000244140625,101.33000183105469,83.9295883178711,2334400
2018-11-28,101.25,101.45999908447266,101.16999816894531,101.31999969482422,83.92129516601562,3582500
2018-11-29,101.58999633789062,101.7300033569336,101.45999908447266,101.58000183105469,84.1366195678711,4313000
2018-11-30,101.7300033569336,101.81999969482422,101.66000366210938,101.77999877929688,84.30230712890625,3069700
2018-12-03,101.44000244140625,101.79000091552734,101.41000366210938,101.79000091552734,84.4865493774414,6008500
2018-12-04,101.97000122070312,102.45999908447266,101.94000244140625,102.26000213623047,84.8766860961914,7748800
2018-12-06,102.6500015258789,102.97000122070312,102.5,102.5199966430664,85.09248352050781,9429900
2018-12-07,102.48999786376953,102.86000061035156,102.36000061035156,102.81999969482422,85.34146881103516,7319100
2018-12-10,102.83999633789062,103.04000091552734,102.70999908447266,102.87999725341797,85.39131164550781,9045700
2018-12-11,102.63999938964844,102.8499984741211,102.5,102.62000274658203,85.17544555664062,5290100
2018-12-12,102.44999694824219,102.5,102.30999755859375,102.33999633789062,84.94306945800781,3727200
2018-12-13,102.45999908447266,102.5,102.33999633789062,102.4000015258789,84.99284362792969,4116000
2018-12-14,102.56999969482422,102.72000122070312,102.5199966430664,102.55999755859375,85.12568664550781,3530000
2018-12-17,102.66000366210938,102.93000030517578,102.6500015258789,102.86000061035156,85.37468719482422,7627000
2018-12-18,102.75,102.94999694824219,102.68000030517578,102.9000015258789,85.5851058959961,4461400
2018-12-19,103.01000213623047,103.4800033569336,102.77999877929688,103.26000213623047,85.88453674316406,7710900
2018-12-20,103.44999694824219,103.47000122070312,103.08999633789062,103.12999725341797,85.77639770507812,9245200
2018-12-21,103.19999694824219,103.2300033569336,103.05999755859375,103.22000122070312,85.85126495361328,4918800
2018-12-24,103.37999725341797,103.48999786376953,103.26000213623047,103.4800033569336,86.0675048828125,6373000
2018-12-26,103.47000122070312,103.62000274658203,102.94999694824219,102.98999786376953,85.65995025634766,5477700
2018-12-27,103.43000030517578,103.62999725341797,103.2300033569336,103.25,85.87620544433594,4602100
2018-12-28,103.41999816894531,103.81999969482422,103.38999938964844,103.80999755859375,86.34196472167969,4543100
2018-12-31,103.69000244140625,104.66000366210938,103.62999725341797,104.19999694824219,86.66636657714844,7227500
2019-01-02,104.30999755859375,104.43000030517578,104.18000030517578,104.41999816894531,86.849365234375,18668600
2019-01-03,104.45999908447266,105.31999969482422,104.44000244140625,105.25,87.53965759277344,10616700
2019-01-04,104.55000305175781,104.58999633789062,104.2699966430664,104.4000015258789,86.83269500732422,6616700
2019-01-07,104.5199966430664,104.56999969482422,104.06999969482422,104.11000061035156,86.59151458740234,5459200
2019-01-08,104.0,104.08999633789062,103.8499984741211,103.8499984741211,86.3752212524414,6879500
2019-01-09,103.83999633789062,103.98999786376953,103.7699966430664,103.91000366210938,86.4251480102539,3248700
2019-01-10,104.06999969482422,104.13999938964844,103.79000091552734,103.86000061035156,86.38353729248047,14413000
2019-01-11,104.13999938964844,104.26000213623047,104.06999969482422,104.16999816894531,86.64138793945312,3825700
2019-01-14,104.20999908447266,104.29000091552734,104.05000305175781,104.11000061035156,86.59151458740234,3090100
2019-01-15,104.29000091552734,104.29000091552734,103.97000122070312,104.01000213623047,86.50833892822266,4148000
2019-01-16,103.88999938964844,104.0,103.80999755859375,103.94999694824219,86.45841217041016,4820800
2019-01-17,103.9000015258789,103.94999694824219,103.68000030517578,103.76000213623047,86.30036926269531,5328100
2019-01-18,103.61000061035156,103.72000122070312,103.3499984741211,103.43000030517578,86.02590942382812,6617500
2019-01-22,103.72000122070312,103.91000366210938,103.66999816894531,103.79000091552734,86.32537078857422,5814400
2019-01-23,103.61000061035156,103.8499984741211,103.58000183105469,103.73999786376953,86.28377532958984,3507300
2019-01-24,104.05999755859375,104.18000030517578,103.9800033569336,104.06999969482422,86.55821990966797,6030700
2019-01-25,103.88999938964844,103.94000244140625,103.7300033569336,103.83000183105469,86.358642578125,2763300
2019-01-28,103.79000091552734,103.9800033569336,103.79000091552734,103.86000061035156,86.38353729248047,3116100
2019-01-29,103.94000244140625,104.16000366210938,103.93000030517578,104.16000366210938,86.63311767578125,2836700
2019-01-30,104.05000305175781,104.43000030517578,103.95999908447266,104.4000015258789,86.83269500732422,5788300
2019-01-31,104.63999938964844,104.93000030517578,104.61000061035156,104.87999725341797,87.23194122314453,10206500
2019-02-01,104.47000122070312,104.48999786376953,104.08999633789062,104.0999984741211,86.76520538330078,9191900
2019-02-04,103.97000122070312,103.97000122070312,103.80999755859375,103.87000274658203,86.573486328125,7283500
2019-02-05,104.0,104.18000030517578,103.98999786376953,104.05000305175781,86.72350311279297,3331100
2019-02-06,104.27999877929688,104.29000091552734,104.06999969482422,104.12999725341797,86.79019927978516,3489800
2019-02-07,104.41999816894531,104.55000305175781,104.3499984741211,104.47000122070312,87.07357025146484,6937400
2019-02-08,104.62999725341797,104.7300033569336,104.58999633789062,104.61000061035156,87.19022369384766,2602700
2019-02-11,104.44999694824219,104.54000091552734,104.37000274658203,104.44999694824219,87.056884765625,2637200
2019-02-12,104.37999725341797,104.38999938964844,104.22000122070312,104.30999755859375,86.94017028808594,3305300
2019-02-13,104.06999969482422,104.16999816894531,104.0,104.05000305175781,86.72350311279297,3772100
2019-02-14,104.61000061035156,104.62000274658203,104.41000366210938,104.54000091552734,87.13191223144531,10568700
2019-02-15,104.3499984741211,104.47000122070312,104.33999633789062,104.44000244140625,87.04855346679688,6879000
2019-02-19,104.62999725341797,104.69999694824219,104.55000305175781,104.62000274658203,87.19860076904297,8557400
2019-02-20,104.62000274658203,104.69999694824219,104.5199966430664,104.5999984741211,87.1819076538086,4751100
2019-02-21,104.30000305175781,104.33999633789062,104.22000122070312,104.29000091552734,86.92356872558594,4140200
2019-02-22,104.5,104.72000122070312,104.45999908447266,104.5999984741211,87.1819076538086,3351000
2019-02-25,104.43000030517578,104.5,104.36000061035156,104.44000244140625,87.04855346679688,2849600
2019-02-26,104.75,104.79000091552734,104.5999984741211,104.75,87.30695343017578,2647700
2019-02-27,104.56999969482422,104.58000183105469,104.30000305175781,104.37999725341797,86.99853515625,2530600
2019-02-28,104.33999633789062,104.3499984741211,104.05999755859375,104.11000061035156,86.77352142333984,4949900
2019-03-01,103.73999786376953,103.8499984741211,103.56999969482422,103.56999969482422,86.48875427246094,9003000
2019-03-04,103.7300033569336,103.94999694824219,103.66000366210938,103.88999938964844,86.75594329833984,3506600
2019-03-05,103.7699966430664,103.95999908447266,103.69999694824219,103.94999694824219,86.80609893798828,2112200
2019-03-06,103.98999786376953,104.29000091552734,103.98999786376953,104.23999786376953,87.04827880859375,2401600
2019-03-07,104.44000244140625,104.66999816894531,104.43000030517578,104.58999633789062,87.34053802490234,4822900
2019-03-08,104.69000244140625,104.83000183105469,104.58000183105469,104.73999786376953,87.46578216552734,5212000
2019-03-11,104.7300033569336,104.7300033569336,104.56999969482422,104.66000366210938,87.39898681640625,4654100
2019-03-12,104.73999786376953,105.0,104.69999694824219,104.94999694824219,87.64115142822266,4942800
2019-03-13,104.83999633789062,104.94000244140625,104.80000305175781,104.91000366210938,87.60774993896484,1715000
2019-03-14,104.86000061035156,104.91000366210938,104.6500015258789,104.76000213623047,87.48249053955078,2514700
2019-03-15,105.08000183105469,105.16999816894531,104.97000122070312,105.08999633789062,87.75807189941406,7846600
2019-03-18,104.98999786376953,105.08000183105469,104.94000244140625,104.94999694824219,87.64115142822266,4166200
2019-03-19,104.77999877929688,104.98999786376953,104.75,104.87999725341797,87.58270263671875,2138000
2019-03-20,105.02999877929688,105.63999938964844,105.01000213623047,105.61000061035156,88.19230651855469,8061700
2019-03-21,105.7300033569336,105.75,105.4800033569336,105.55999755859375,88.15056610107422,4633500
2019-03-22,106.08999633789062,106.51000213623047,106.04000091552734,106.33999633789062,88.80194854736328,4721900
2019-03-25,106.33999633789062,106.86000061035156,106.25,106.61000061035156,89.02741241455078,7828800
2019-03-26,106.38999938964844,106.69000244140625,106.33999633789062,106.5199966430664,88.95223236083984,7483700
2019-03-27,106.80999755859375,107.08000183105469,106.75,106.83000183105469,89.21109771728516,3555900
2019-03-28,106.80000305175781,106.91000366210938,106.66000366210938,106.83999633789062,89.21944427490234,3769600
2019-03-29,106.47000122070312,106.68000030517578,106.44000244140625,106.66999816894531,89.07746887207031,2748900
2019-04-01,106.0999984741211,106.12999725341797,105.68000030517578,105.72000122070312,88.4649887084961,9430400
2019-04-02,105.81999969482422,105.91999816894531,105.76000213623047,105.9000015258789,88.61558532714844,7318600
2019-04-03,105.56999969482422,105.69000244140625,105.5199966430664,105.56999969482422,88.33942413330078,5207300
2019-04-04,105.62000274658203,105.72000122070312,105.55000305175781,105.68000030517578,88.4314956665039,2293700
2019-04-05,105.5999984741211,105.80000305175781,105.58999633789062,105.7300033569336,88.47335815429688,1749900
2019-04-08,105.70999908447266,105.76000213623047,105.55999755859375,105.55999755859375,88.3310775756836,3591500
2019-04-09,105.81999969482422,105.87999725341797,105.72000122070312,105.75,88.49005889892578,3210600
2019-04-10,105.91999816894531,106.06999969482422,105.91000366210938,106.0,88.69928741455078,2059800
2019-04-11,105.83000183105469,105.87000274658203,105.72000122070312,105.76000213623047,88.49842071533203,1547500
2019-04-12,105.38999938964844,105.44999694824219,105.2699966430664,105.2699966430664,88.08839416503906,6032100
2019-04-15,105.29000091552734,105.41999816894531,105.29000091552734,105.41000366210938,88.2055435180664,2410700
2019-04-16,105.19000244140625,105.25,105.02999877929688,105.05000305175781,87.90431213378906,5003600
2019-04-17,105.0,105.18000030517578,105.0,105.06999969482422,87.92106628417969,2348800
2019-04-18,105.33000183105469,105.45999908447266,105.29000091552734,105.31999969482422,88.13024139404297,4893200
2019-04-22,105.26000213623047,105.2699966430664,105.12000274658203,105.16999816894531,88.00473022460938,3630000
2019-04-23,105.31999969482422,105.38999938964844,105.27999877929688,105.36000061035156,88.16371154785156,2462100
2019-04-24,105.66000366210938,105.7699966430664,105.63999938964844,105.76000213623047,88.49842071533203,3266700
2019-04-25,105.7300033569336,105.79000091552734,105.58999633789062,105.62999725341797,88.38963317871094,1457600
2019-04-26,105.97000122070312,105.98999786376953,105.8499984741211,105.91000366210938,88.62395477294922,2156100
2019-04-29,105.72000122070312,105.7699966430664,105.61000061035156,105.69000244140625,88.43985748291016,2715000
2019-04-30,105.62999725341797,105.93000030517578,105.62000274658203,105.9000015258789,88.61558532714844,3621900
2019-05-01,105.69999694824219,106.11000061035156,105.55000305175781,105.63999938964844,88.57532501220703,6870700
2019-05-02,105.52999877929688,105.56999969482422,105.2699966430664,105.33999633789062,88.32379150390625,3126200
2019-05-03,105.45999908447266,105.62000274658203,105.43000030517578,105.4800033569336,88.44115447998047,2625200
2019-05-06,105.87999725341797,105.91999816894531,105.7300033569336,105.75,88.66756439208984,3370100
2019-05-07,106.01000213623047,106.19000244140625,105.95999908447266,106.11000061035156,88.96939086914062,3965800
2019-05-08,106.20999908447266,106.25,105.86000061035156,105.91000366210938,88.8017349243164,4226600
2019-05-09,106.30000305175781,106.43000030517578,106.05000305175781,106.19000244140625,89.0364761352539,4224100
2019-05-10,106.23999786376953,106.41999816894531,106.05000305175781,106.12000274658203,88.977783203125,2855400
2019-05-13,106.56999969482422,106.73999786376953,106.5199966430664,106.6500015258789,89.42216491699219,5653400
2019-05-14,106.56999969482422,106.62000274658203,106.44000244140625,106.55000305175781,89.33837890625,2573200
2019-05-15,106.94000244140625,106.97000122070312,106.73999786376953,106.88999938964844,89.6234130859375,5512300
2019-05-16,106.6500015258789,106.72000122070312,106.55000305175781,106.68000030517578,89.44732666015625,3898400
2019-05-17,106.91000366210938,106.91000366210938,106.62000274658203,106.7300033569336,89.48922729492188,2128400
2019-05-20,106.75,106.83999633789062,106.52999877929688,106.55000305175781,89.33837890625,2439600
2019-05-21,106.4800033569336,106.5199966430664,106.33999633789062,106.43000030517578,89.23773193359375,2675300
2019-05-22,106.5999984741211,106.80000305175781,106.56999969482422,106.75,89.50601196289062,3561900
2019-05-23,107.01000213623047,107.55999755859375,107.01000213623047,107.4000015258789,90.05101013183594,6184500
2019-05-24,107.33000183105469,107.37000274658203,107.2300033569336,107.37000274658203,90.0258560180664,2422800
2019-05-28,107.62000274658203,107.83999633789062,107.52999877929688,107.83999633789062,90.41995239257812,7039000
2019-05-29,108.08999633789062,108.23999786376953,107.77999877929688,107.80000305175781,90.38642120361328,5251800
2019-05-30,107.86000061035156,108.23999786376953,107.72000122070312,108.19000244140625,90.71341705322266,3461100
2019-05-31,108.55999755859375,108.94999694824219,108.48999786376953,108.91000366210938,91.31710815429688,6020600
2019-06-03,108.87999725341797,109.33999633789062,108.7699966430664,109.22000122070312,91.75647735595703,23830900
2019-06-04,108.76000213623047,108.98999786376953,108.5999984741211,108.81999969482422,91.42046356201172,5503200
2019-06-05,108.95999908447266,109.12999725341797,108.76000213623047,108.81999969482422,91.42046356201172,7712300
2019-06-06,108.91000366210938,109.0999984741211,108.7300033569336,108.80000305175781,91.40362548828125,2392400
2019-06-07,109.4000015258789,109.41999816894531,109.13999938964844,109.2300033569336,91.76492309570312,2805900
2019-06-10,108.86000061035156,108.87999725341797,108.68000030517578,108.69000244140625,91.31121063232422,6071200
2019-06-11,108.62000274658203,108.7699966430664,108.58000183105469,108.69000244140625,91.31121063232422,2735800
2019-06-12,108.7699966430664,108.98999786376953,108.76000213623047,108.97000122070312,91.5464859008789,2062800
2019-06-13,109.06999969482422,109.33000183105469,109.05000305175781,109.23999786376953,91.77327728271484,1684700
2019-06-14,109.16000366210938,109.37999725341797,109.1500015258789,109.31999969482422,91.84048461914062,3880700
2019-06-17,109.30000305175781,109.37999725341797,109.16999816894531,109.30000305175781,91.82369232177734,3038800
2019-06-18,109.75,109.80000305175781,109.41000366210938,109.51000213623047,92.0001220703125,4564900
2019-06-19,109.27999877929688,109.9000015258789,109.20999908447266,109.80999755859375,92.2521743774414,4541500
2019-06-20,110.04000091552734,110.27999877929688,109.97000122070312,109.98999786376953,92.4033432006836,4575000
2019-06-21,109.7300033569336,109.7699966430664,109.44999694824219,109.54000091552734,92.02528381347656,4305200
2019-06-24,109.73999786376953,109.94000244140625,109.70999908447266,109.91999816894531,92.34454345703125,3046300
2019-06-25,110.02999877929688,110.2300033569336,109.94999694824219,110.08999633789062,92.48737335205078,5251000
2019-06-26,109.94999694824219,109.94999694824219,109.5999984741211,109.63999938964844,92.10934448242188,6675000
2019-06-27,109.7699966430664,110.02999877929688,109.68000030517578,109.97000122070312,92.38653564453125,2538400
2019-06-28,109.87000274658203,110.11000061035156,109.80999755859375,110.0199966430664,92.4285888671875,4341500
2019-07-01,109.81999969482422,109.87000274658203,109.5,109.69000244140625,92.31243896484375,8183600
2019-07-02,109.80999755859375,110.1500015258789,109.79000091552734,110.08000183105469,92.64064025878906,3117100
2019-07-03,110.20999908447266,110.4000015258789,110.19999694824219,110.29000091552734,92.81739044189453,2607000
2019-07-05,109.6500015258789,109.6500015258789,109.33999633789062,109.58999633789062,92.2282485961914,3664100
2019-07-08,109.75,109.81999969482422,109.4800033569336,109.4800033569336,92.1357192993164,3254100
2019-07-09,109.48999786376953,109.5,109.33999633789062,109.41000366210938,92.0767822265625,2061800
2019-07-10,109.51000213623047,109.62000274658203,109.33999633789062,109.47000122070312,92.1272964477539,4343700
2019-07-11,109.33000183105469,109.4000015258789,108.87999725341797,108.93000030517578,91.67283630371094,4769800
2019-07-12,108.91999816894531,109.16999816894531,108.88999938964844,109.05000305175781,91.77384185791016,4141900
2019-07-15,109.13999938964844,109.27999877929688,109.06999969482422,109.27999877929688,91.96736907958984,1753200
2019-07-16,108.93000030517578,109.08000183105469,108.83000183105469,109.04000091552734,91.76542663574219,2766100
2019-07-17,109.2300033569336,109.55999755859375,109.22000122070312,109.55000305175781,92.19464111328125,2624400
2019-07-18,109.43000030517578,109.88999938964844,109.4000015258789,109.81999969482422,92.42182922363281,2386700
2019-07-19,109.58999633789062,109.7300033569336,109.51000213623047,109.62000274658203,92.2535400390625,1728100
2019-07-22,109.79000091552734,109.80000305175781,109.62999725341797,109.66999816894531,92.29558563232422,1629800
2019-07-23,109.55000305175781,109.66000366210938,109.41999816894531,109.48999786376953,92.14412689208984,2329800
2019-07-24,109.63999938964844,109.75,109.55999755859375,109.6500015258789,92.2787857055664,2268500
2019-07-25,109.5199966430664,109.52999877929688,109.2300033569336,109.45999908447266,92.1188735961914,3172000
2019-07-26,109.5,109.51000213623047,109.31999969482422,109.44000244140625,92.10205078125,3004100
2019-07-29,109.62000274658203,109.66000366210938,109.5199966430664,109.54000091552734,92.18616485595703,2505600
2019-07-30,109.62999725341797,109.66999816894531,109.44999694824219,109.58999633789062,92.2282485961914,2514800
2019-07-31,109.55999755859375,109.98999786376953,109.38999938964844,109.87000274658203,92.46392059326172,6669300
2019-08-01,109.83999633789062,110.91999816894531,109.79000091552734,110.91999816894531,93.51270294189453,16938700
2019-08-02,110.94000244140625,111.19999694824219,110.83999633789062,111.1500015258789,93.70661163330078,8503000
2019-08-05,111.81999969482422,112.19999694824219,111.76000213623047,112.11000061035156,94.51592254638672,7626200
2019-08-06,111.87999725341797,112.30000305175781,111.79000091552734,112.29000091552734,94.66770935058594,6462400
2019-08-07,113.06999969482422,113.2699966430664,112.16999816894531,112.29000091552734,94.66770935058594,9665300
2019-08-08,111.98999786376953,112.41000366210938,111.66000366210938,112.30000305175781,94.6761474609375,5178800
2019-08-09,112.37999725341797,112.5999984741211,112.05999755859375,112.12999725341797,94.53280639648438,2869000
2019-08-12,112.54000091552734,112.9800033569336,112.51000213623047,112.83999633789062,95.13139343261719,4739900
2019-08-13,112.86000061035156,112.88999938964844,112.1500015258789,112.44000244140625,94.79413604736328,5888000
2019-08-14,113.08999633789062,113.29000091552734,113.0,113.19000244140625,95.42644500732422,8124300
2019-08-15,113.33999633789062,114.16999816894531,113.27999877929688,113.91000366210938,96.03346252441406,5240200
2019-08-16,113.51000213623047,113.66999816894531,113.16999816894531,113.61000061035156,95.78055572509766,4957800
2019-08-19,113.04000091552734,113.26000213623047,113.01000213623047,113.06999969482422,95.32526397705078,3691400
2019-08-20,113.5199966430664,113.66000366210938,113.45999908447266,113.56999969482422,95.74681854248047,3161800
2019-08-21,113.2699966430664,113.56999969482422,113.20999908447266,113.2699966430664,95.49391174316406,4921700
2019-08-22,113.05000305175781,113.37000274658203,113.0,113.0199966430664,95.28311157226562,5860400
2019-08-23,113.12999725341797,113.94000244140625,113.01000213623047,113.77999877929688,95.92381286621094,8192600
2019-08-26,113.7300033569336,113.93000030517578,113.58000183105469,113.66999816894531,95.83112335205078,7581600
2019-08-27,113.80999755859375,114.19000244140625,113.80999755859375,114.16000366210938,96.2442626953125,3266900
2019-08-28,114.3499984741211,114.38999938964844,114.12000274658203,114.19999694824219,96.27794647216797,2505400
2019-08-29,114.0999984741211,114.0999984741211,113.69000244140625,113.9800033569336,96.09245300292969,4232400
2019-08-30,113.77999877929688,114.05000305175781,113.73999786376953,114.01000213623047,96.11772918701172,3651100
2019-09-03,113.87999725341797,114.44000244140625,113.69999694824219,114.06999969482422,96.3288803100586,11754000
2019-09-04,113.94999694824219,114.30000305175781,113.94999694824219,114.25,96.48090362548828,3447000
2019-09-05,113.58999633789062,113.62000274658203,113.08000183105469,113.33000183105469,95.7039794921875,4597800
2019-09-06,113.33999633789062,113.52999877929688,113.2699966430664,113.4000015258789,95.76307678222656,3111000
2019-09-09,112.86000061035156,112.94000244140625,112.69000244140625,112.69999694824219,95.17193603515625,4818700
2019-09-10,112.52999877929688,112.62999725341797,111.87999725341797,111.87999725341797,94.47946166992188,4797200
2019-09-11,111.77999877929688,111.97000122070312,111.75,111.7699966430664,94.3865966796875,4737000
2019-09-12,112.0999984741211,112.16000366210938,111.3499984741211,111.5199966430664,94.17552185058594,8612500
2019-09-13,111.0999984741211,111.20999908447266,110.5,110.5,93.31410217285156,24187700
2019-09-16,110.9000015258789,111.0999984741211,110.75,110.9800033569336,93.719482421875,5388300
2019-09-17,111.04000091552734,111.37999725341797,110.94000244140625,111.2699966430664,93.96434020996094,8211700
2019-09-18,111.56999969482422,111.80000305175781,111.19999694824219,111.30999755859375,93.99811553955078,5170400
2019-09-19,111.58000183105469,111.58999633789062,111.31999969482422,111.36000061035156,94.04037475585938,7131900
2019-09-20,111.54000091552734,112.0199966430664,111.4800033569336,112.0,94.58080291748047,9915000
2019-09-23,112.13999938964844,112.4800033569336,112.05999755859375,112.16000366210938,94.7159194946289,13163900
2019-09-24,112.22000122070312,112.81999969482422,112.20999908447266,112.72000122070312,95.18885803222656,10459100
2019-09-25,112.58999633789062,112.69000244140625,111.9000015258789,111.9800033569336,94.56393432617188,8430900
2019-09-26,112.25,112.43000030517578,112.16000366210938,112.22000122070312,94.76656341552734,4233000
2019-09-27,112.2300033569336,112.48999786376953,112.19000244140625,112.37999725341797,94.9017333984375,4545500
2019-09-30,112.20999908447266,112.51000213623047,112.16999816894531,112.47000122070312,94.97774505615234,2797900
2019-10-01,111.8499984741211,112.86000061035156,111.80999755859375,112.61000061035156,95.24076843261719,8555100
2019-10-02,112.7300033569336,113.18000030517578,112.70999908447266,113.0,95.57058715820312,3908600
2019-10-03,113.16000366210938,113.87999725341797,113.13999938964844,113.58999633789062,96.06961822509766,6128300
2019-10-04,113.58000183105469,113.88999938964844,113.51000213623047,113.80999755859375,96.25566101074219,4707600
2019-10-07,113.55999755859375,113.68000030517578,113.4000015258789,113.43000030517578,95.93428802490234,3193100
2019-10-08,113.81999969482422,113.87000274658203,113.4800033569336,113.66999816894531,96.13731384277344,4304900
2019-10-09,113.55000305175781,113.55000305175781,113.19999694824219,113.37999725341797,95.89197540283203,3336800
2019-10-10,113.05999755859375,113.08000183105469,112.55999755859375,112.66999816894531,95.29150390625,3924400
2019-10-11,112.12999725341797,112.18000030517578,111.72000122070312,111.9000015258789,94.64026641845703,8685300
2019-10-14,112.25,112.29000091552734,112.16000366210938,112.20999908447266,94.90245819091797,1932200
2019-10-15,112.16000366210938,112.23999786376953,111.63999938964844,111.66999816894531,94.44574737548828,6638500
2019-10-16,111.83999633789062,112.0199966430664,111.75,111.88999938964844,94.63179016113281,2755500
2019-10-17,111.80000305175781,112.08999633789062,111.72000122070312,111.8499984741211,94.59798431396484,3188700
2019-10-18,111.91999816894531,112.12000274658203,111.87000274658203,111.94999694824219,94.68254852294922,2406400
2019-10-21,111.66000366210938,111.79000091552734,111.51000213623047,111.54000091552734,94.33580780029297,1735300
2019-10-22,111.80999755859375,111.8499984741211,111.5,111.80000305175781,94.55567932128906,3334400
2019-10-23,112.0199966430664,112.06999969482422,111.79000091552734,111.83999633789062,94.58953857421875,3305600
2019-10-24,111.88999938964844,112.06999969482422,111.77999877929688,111.81999969482422,94.57261657714844,2645400
2019-10-25,111.9000015258789,111.91999816894531,111.41999816894531,111.58000183105469,94.36963653564453,2381000
2019-10-28,111.19000244140625,111.22000122070312,111.05000305175781,111.16000366210938,94.0144271850586,5837600
2019-10-29,111.30000305175781,111.3499984741211,111.1500015258789,111.26000213623047,94.0989990234375,2199500
2019-10-30,111.3499984741211,111.80999755859375,111.30999755859375,111.80000305175781,94.55567932128906,5276700
2019-10-31,112.11000061035156,112.58000183105469,112.06999969482422,112.51000213623047,95.15614318847656,5540700
2019-11-01,112.18000030517578,112.41999816894531,111.87999725341797,112.12999725341797,94.97661590576172,8149400
2019-11-04,111.62999725341797,111.69000244140625,111.5,111.55999755859375,94.49382019042969,4145200
2019-11-05,111.12999725341797,111.16999816894531,110.8499984741211,110.95999908447266,93.98560333251953,6853500
2019-11-06,111.19000244140625,111.38999938964844,110.9800033569336,111.27999877929688,94.25662994384766,4129800
2019-11-07,110.70999908447266,110.70999908447266,109.9800033569336,110.38999938964844,93.50279998779297,5890100
2019-11-08,110.29000091552734,110.63999938964844,110.23999786376953,110.23999786376953,93.37577056884766,3037300
2019-11-11,110.48999786376953,110.5199966430664,110.23999786376953,110.36000061035156,93.47737121582031,1563000
2019-11-12,110.3499984741211,110.5,110.18000030517578,110.41000366210938,93.51976013183594,4446200
2019-11-13,110.81999969482422,110.86000061035156,110.62999725341797,110.70999908447266,93.77384185791016,2475200
2019-11-14,111.19000244140625,111.4000015258789,111.13999938964844,111.2699966430664,94.24813842773438,3189600
2019-11-15,111.08999633789062,111.29000091552734,111.08000183105469,111.18000030517578,94.17192077636719,2104500
2019-11-18,111.36000061035156,111.48999786376953,111.33000183105469,111.37000274658203,94.33287048339844,1893600
2019-11-19,111.38999938964844,111.62000274658203,111.38999938964844,111.58000183105469,94.51070404052734,8306500
2019-11-20,111.80000305175781,112.0199966430664,111.72000122070312,111.98999786376953,94.85801696777344,3838000
2019-11-21,111.72000122070312,111.83000183105469,111.56999969482422,111.70999908447266,94.62088775634766,3034700
2019-11-22,111.7699966430664,111.80999755859375,111.5999984741211,111.69000244140625,94.60395812988281,1879700
2019-11-25,111.69999694824219,111.77999877929688,111.68000030517578,111.73999786376953,94.64628601074219,3573100
2019-11-26,111.91000366210938,111.98999786376953,111.8499984741211,111.94999694824219,94.82411193847656,3579300
2019-11-27,111.72000122070312,111.7699966430664,111.61000061035156,111.66000366210938,94.5784912109375,2351800
2019-11-29,111.62000274658203,111.62999725341797,111.44000244140625,111.56999969482422,94.50226593017578,2882300
2019-12-02,110.87000274658203,111.12000274658203,110.80999755859375,111.01000213623047,94.1629638671875,6826400
2019-12-03,111.58000183105469,112.16999816894531,111.56999969482422,112.0,95.00271606445312,6561900
2019-12-04,111.7699966430664,111.86000061035156,111.38999938964844,111.56999969482422,94.63800048828125,2072200
2019-12-05,111.1500015258789,111.41999816894531,111.13999938964844,111.30999755859375,94.41744995117188,3062000
2019-12-06,110.87999725341797,111.19000244140625,110.83000183105469,110.97000122070312,94.12907409667969,2717400
2019-12-09,111.20999908447266,111.22000122070312,111.04000091552734,111.05999755859375,94.20542907714844,1928500
2019-12-10,111.1500015258789,111.19000244140625,110.91000366210938,110.93000030517578,94.09510040283203,1707000
2019-12-11,111.0999984741211,111.47000122070312,111.08000183105469,111.38999938964844,94.48529815673828,2462600
2019-12-12,111.27999877929688,111.30000305175781,110.30999755859375,110.51000213623047,93.73887634277344,5490400
2019-12-13,110.80999755859375,111.2300033569336,110.4800033569336,111.16000366210938,94.29020690917969,4162000
2019-12-16,110.87999725341797,110.87999725341797,110.56999969482422,110.63999938964844,93.84916687011719,3028500
2019-12-17,110.7699966430664,110.81999969482422,110.58000183105469,110.6500015258789,93.85762786865234,3471400
2019-12-18,110.58000183105469,110.61000061035156,110.2300033569336,110.3499984741211,93.60316467285156,2249500
2019-12-19,110.12000274658203,110.41999816894531,110.08000183105469,110.27999877929688,93.67617797851562,1962500
2019-12-20,110.11000061035156,110.30000305175781,110.08000183105469,110.27999877929688,93.67617797851562,4660500
2019-12-23,110.30999755859375,110.37999725341797,110.08999633789062,110.18000030517578,93.59125518798828,1809400
2019-12-24,110.04000091552734,110.41000366210938,110.04000091552734,110.37000274658203,93.7526626586914,857600
2019-12-26,110.41000366210938,110.52999877929688,110.2699966430664,110.52999877929688,93.88855743408203,1285100
2019-12-27,110.62000274658203,110.7300033569336,110.62000274658203,110.69000244140625,94.02446746826172,1771100
2019-12-30,110.30999755859375,110.62000274658203,110.23999786376953,110.62000274658203,93.96499633789062,2035400
2019-12-31,110.44000244140625,110.48999786376953,110.20999908447266,110.22000122070312,93.625244140625,2801600
2020-01-02,110.69000244140625,110.94999694824219,110.62999725341797,110.7300033569336,94.0584716796875,4022300
2020-01-03,111.1500015258789,111.48999786376953,111.04000091552734,111.47000122070312,94.68704986572266,3839600
2020-01-06,111.66000366210938,111.66999816894531,111.26000213623047,111.3499984741211,94.58511352539062,2714300
2020-01-07,111.33000183105469,111.43000030517578,111.19000244140625,111.19000244140625,94.44916534423828,2038800
2020-01-08,111.29000091552734,111.41999816894531,110.79000091552734,110.93000030517578,94.22833251953125,5081100
2020-01-09,110.68000030517578,111.04000091552734,110.62999725341797,111.01000213623047,94.29629516601562,3680600
2020-01-10,111.08999633789062,111.31999969482422,111.08999633789062,111.25,94.50018310546875,2600000
2020-01-13,111.11000061035156,111.13999938964844,110.9800033569336,111.12000274658203,94.38971710205078,2672600
2020-01-14,111.18000030517578,111.36000061035156,111.16000366210938,111.33999633789062,94.57660675048828,2376300
2020-01-15,111.55000305175781,111.62000274658203,111.43000030517578,111.62000274658203,94.814453125,2734800
2020-01-16,111.44999694824219,111.51000213623047,111.30000305175781,111.38999938964844,94.61904907226562,2200500
2020-01-17,111.12999725341797,111.30000305175781,111.08999633789062,111.30000305175781,94.54264831542969,2627000
2020-01-21,111.55000305175781,111.77999877929688,111.54000091552734,111.73999786376953,94.9164047241211,2355600
2020-01-22,111.73999786376953,111.81999969482422,111.68000030517578,111.76000213623047,94.9333724975586,1787600
2020-01-23,112.02999877929688,112.23999786376953,111.98999786376953,112.04000091552734,95.17118072509766,1891300
2020-01-24,112.18000030517578,112.61000061035156,112.16000366210938,112.44000244140625,95.51100158691406,7932600
2020-01-27,113.19000244140625,113.20999908447266,113.02999877929688,113.19999694824219,96.15657043457031,3824600
2020-01-28,113.08999633789062,113.12000274658203,112.77999877929688,112.81999969482422,95.83377075195312,1923600
2020-01-29,112.97000122070312,113.41000366210938,112.97000122070312,113.36000061035156,96.29247283935547,2429500
2020-01-30,113.55000305175781,113.83000183105469,113.4000015258789,113.47000122070312,96.38592529296875,4405500
2020-01-31,113.72000122070312,114.12000274658203,113.69000244140625,114.04000091552734,96.8700942993164,9764500
2020-02-03,113.61000061035156,113.83999633789062,113.31999969482422,113.79000091552734,96.78756713867188,5722100
2020-02-04,113.23999786376953,113.25,112.95999908447266,113.12999725341797,96.22621154785156,2569600
2020-02-05,112.70999908447266,112.87000274658203,112.62000274658203,112.63999938964844,95.8094253540039,9027500
2020-02-06,112.61000061035156,112.80000305175781,112.55999755859375,112.72000122070312,95.87747955322266,1697100
2020-02-07,113.18000030517578,113.36000061035156,113.08999633789062,113.26000213623047,96.33677673339844,6177900
2020-02-10,113.5,113.62000274658203,113.37000274658203,113.4800033569336,96.5239028930664,1909100
2020-02-11,113.33000183105469,113.37000274658203,113.13999938964844,113.20999908447266,96.29421997070312,1657100
2020-02-12,112.97000122070312,112.98999786376953,112.83000183105469,112.91999816894531,96.04754638671875,1473800
2020-02-13,112.9800033569336,113.13999938964844,112.94000244140625,113.0199966430664,96.13261413574219,1868000
2020-02-14,113.2699966430664,113.37000274658203,113.20999908447266,113.30000305175781,96.37081146240234,2043600
2020-02-18,113.44999694824219,113.6500015258789,113.3499984741211,113.4800033569336,96.5239028930664,8356600
2020-02-19,113.36000061035156,113.51000213623047,113.30000305175781,113.45999908447266,96.50689697265625,1681800
2020-02-20,113.62999725341797,113.94000244140625,113.62000274658203,113.79000091552734,96.78756713867188,3452900
2020-02-21,114.08999633789062,114.52999877929688,114.08000183105469,114.25,97.17889404296875,5381000
2020-02-24,115.19999694824219,115.29000091552734,115.0199966430664,115.13999938964844,97.93586730957031,6803600
2020-02-25,115.11000061035156,115.70999908447266,115.08000183105469,115.45999908447266,98.20805358886719,10014300
2020-02-26,115.20999908447266,115.79000091552734,115.08999633789062,115.4000015258789,98.15701293945312,19649400
2020-02-27,116.13999938964844,116.33999633789062,115.58000183105469,115.95999908447266,98.63333892822266,8629700
2020-02-28,116.88999938964844,117.44999694824219,116.76000213623047,117.26000213623047,99.73909759521484,13437000
2020-03-02,117.55000305175781,117.94000244140625,116.97000122070312,117.04000091552734,99.6709976196289,19402100
2020-03-03,117.16000366210938,119.29000091552734,117.02999877929688,118.4000015258789,100.82914733886719,11462300
2020-03-04,118.56999969482422,118.91000366210938,118.05000305175781,118.13999938964844,100.60771179199219,7627100
2020-03-05,119.0,119.31999969482422,118.91999816894531,119.19000244140625,101.50187683105469,5284200
2020-03-06,120.9800033569336,121.30999755859375,120.08999633789062,120.4000015258789,102.53234100341797,11614800
2020-03-09,123.25,123.41000366210938,121.44999694824219,121.4800033569336,103.45209503173828,24791700
2020-03-10,120.87999725341797,121.76000213623047,119.25,119.25,101.5530014038086,15072900
2020-03-11,120.2699966430664,120.58999633789062,117.5999984741211,118.05999755859375,100.53961181640625,13316100
2020-03-12,120.1500015258789,120.7699966430664,114.4000015258789,118.12000274658203,100.5906982421875,10671600
2020-03-13,117.80000305175781,118.9800033569336,117.01000213623047,117.3499984741211,99.93492889404297,8697200
2020-03-16,120.02999877929688,120.68000030517578,119.0,120.44999694824219,102.57492065429688,6971700
2020-03-17,119.91000366210938,120.29000091552734,117.41999816894531,117.43000030517578,100.00309753417969,5680300
2020-03-18,116.5999984741211,117.80000305175781,115.33999633789062,115.80000305175781,98.614990234375,13256300
2020-03-19,116.13999938964844,117.62999725341797,115.91999816894531,116.18000030517578,98.93861389160156,6702900
2020-03-20,117.63999938964844,119.87999725341797,117.41000366210938,119.13999938964844,101.4593276977539,9641600
2020-03-23,119.44999694824219,121.05999755859375,119.44999694824219,120.55000305175781,102.66009521484375,12234700
2020-03-24,119.5199966430664,119.97000122070312,119.26000213623047,119.7300033569336,101.96177673339844,5235500
2020-03-25,119.76000213623047,120.26000213623047,119.4000015258789,119.80000305175781,102.02140808105469,5527600
2020-03-26,120.19000244140625,120.5,119.91000366210938,120.08999633789062,102.26834106445312,3384400
2020-03-27,120.80999755859375,121.38999938964844,120.68000030517578,120.9800033569336,103.02628326416016,5282300
2020-03-30,121.79000091552734,122.08999633789062,121.18000030517578,121.26000213623047,103.2647476196289,4649400
2020-03-31,121.44999694824219,121.80999755859375,121.30999755859375,121.4800033569336,103.45209503173828,6356500
2020-04-01,122.12999725341797,122.26000213623047,121.7300033569336,121.83000183105469,103.87322235107422,9256400
2020-04-02,122.16999816894531,122.22000122070312,121.66999816894531,121.8499984741211,103.89031219482422,4789400
2020-04-03,122.04000091552734,122.29000091552734,121.81999969482422,121.94000244140625,103.96701049804688,3441100
2020-04-06,121.52999877929688,121.5999984741211,121.27999877929688,121.38999938964844,103.49810791015625,4697500
2020-04-07,120.55000305175781,120.88999938964844,120.2699966430664,120.8499984741211,103.0377197265625,9340600
2020-04-08,120.5999984741211,120.87000274658203,120.45999908447266,120.69999694824219,102.90983581542969,3341000
2020-04-09,120.63999938964844,121.11000061035156,120.52999877929688,120.95999908447266,103.13145446777344,4543600
2020-04-13,120.8499984741211,121.0199966430664,120.66999816894531,120.69999694824219,102.90983581542969,2103100
2020-04-14,120.83999633789062,121.05000305175781,120.80000305175781,120.86000061035156,103.04621887207031,2180100
2020-04-15,121.5199966430664,122.02999877929688,121.4800033569336,121.94000244140625,103.96701049804688,3137400
2020-04-16,122.11000061035156,122.25,121.98999786376953,122.06999969482422,104.0778579711914,1901600
2020-04-17,121.97000122070312,122.30000305175781,121.63999938964844,121.75,103.8050537109375,2375000
2020-04-20,121.9800033569336,122.08000183105469,121.79000091552734,122.06999969482422,104.0778579711914,4230700
2020-04-21,122.56999969482422,122.69000244140625,122.30000305175781,122.41000366210938,104.36775207519531,3287700
2020-04-22,122.12999725341797,122.25,121.80999755859375,122.02999877929688,104.04377746582031,3168700
2020-04-23,121.97000122070312,122.13999938964844,121.87000274658203,122.11000061035156,104.11197662353516,2345900
2020-04-24,121.88999938964844,122.1500015258789,121.87999725341797,122.13999938964844,104.13755798339844,2373500
2020-04-27,121.8499984741211,121.87999725341797,121.45999908447266,121.48999786376953,103.58335876464844,2508100
2020-04-28,121.75,122.08999633789062,121.73999786376953,122.0199966430664,104.0352554321289,2847600
2020-04-29,122.02999877929688,122.20999908447266,121.70999908447266,121.95999908447266,103.98406219482422,2600100
2020-04-30,122.05000305175781,122.26000213623047,121.66999816894531,121.66999816894531,103.73686218261719,5371500
2020-05-01,121.79000091552734,121.91000366210938,121.56999969482422,121.70999908447266,103.8802490234375,8357700
2020-05-04,121.68000030517578,121.81999969482422,121.55000305175781,121.7300033569336,103.89729309082031,3580500
2020-05-05,121.44999694824219,121.68000030517578,121.37000274658203,121.63999938964844,103.82048034667969,3487600
2020-05-06,120.98999786376953,121.27999877929688,120.8499984741211,121.19000244140625,103.43640899658203,3279500
2020-05-07,121.30000305175781,121.9800033569336,121.26000213623047,121.93000030517578,104.06803131103516,3252800
2020-05-08,121.62000274658203,121.9800033569336,121.44000244140625,121.52999877929688,103.72660064697266,3486800
2020-05-11,121.51000213623047,121.58000183105469,121.08999633789062,121.19000244140625,103.43640899658203,4569400
2020-05-12,121.12999725341797,121.62999725341797,121.11000061035156,121.58999633789062,103.77780151367188,4267700
2020-05-13,121.73999786376953,121.98999786376953,121.6500015258789,121.83999633789062,103.9911880493164,2615800
2020-05-14,122.05000305175781,122.20999908447266,121.9800033569336,122.02999877929688,104.15333557128906,2257600
2020-05-15,122.19999694824219,122.2300033569336,121.86000061035156,121.94999694824219,104.0850830078125,1828900
2020-05-18,121.66000366210938,121.66999816894531,121.05999755859375,121.19999694824219,103.44493103027344,3091200
2020-05-19,121.16999816894531,121.55999755859375,121.16999816894531,121.54000091552734,103.73509216308594,1941700
2020-05-20,121.37000274658203,121.70999908447266,121.27999877929688,121.56999969482422,103.76077270507812,2366700
2020-05-21,121.69000244140625,121.8499984741211,121.5999984741211,121.6500015258789,103.82901000976562,2063800
2020-05-22,121.70999908447266,121.87999725341797,121.69000244140625,121.87999725341797,104.02533721923828,1352400
2020-05-26,121.5,121.62999725341797,121.38999938964844,121.55999755859375,103.7522201538086,3484800
2020-05-27,121.48999786376953,121.83999633789062,121.4800033569336,121.66000366210938,103.8375473022461,2542900
2020-05-28,121.44000244140625,121.61000061035156,121.37000274658203,121.55000305175781,103.74366760253906,3873900
2020-05-29,121.75,121.98999786376953,121.62999725341797,121.94000244140625,104.07656860351562,2993800
2020-06-01,121.62000274658203,121.7699966430664,121.48999786376953,121.7699966430664,104.0354995727539,8531700
2020-06-02,121.62999725341797,121.73999786376953,121.48999786376953,121.56999969482422,103.86460876464844,4711800
2020-06-03,121.16999816894531,121.19000244140625,120.75,120.8499984741211,103.24952697753906,4226600
2020-06-04,120.66000366210938,120.66999816894531,120.30999755859375,120.37000274658203,102.83939361572266,4744100
2020-06-05,119.5999984741211,119.80999755859375,119.3499984741211,119.7699966430664,102.32679748535156,10611700
2020-06-08,119.66999816894531,120.01000213623047,119.66000366210938,119.9000015258789,102.43788146972656,3314700
2020-06-09,120.37000274658203,120.52999877929688,120.25,120.33000183105469,102.80525207519531,3238600
2020-06-10,120.61000061035156,121.2300033569336,120.55000305175781,121.2300033569336,103.57418060302734,4944600
2020-06-11,121.68000030517578,121.8499984741211,121.58999633789062,121.66000366210938,103.94156646728516,6365800
2020-06-12,121.44000244140625,121.66000366210938,121.33000183105469,121.38999938964844,103.71086883544922,3051000
2020-06-15,121.66000366210938,121.73999786376953,121.29000091552734,121.29000091552734,103.62543487548828,2658000
2020-06-16,120.83999633789062,121.2699966430664,120.7300033569336,121.04000091552734,103.4118423461914,5252000
2020-06-17,121.16000366210938,121.2699966430664,120.97000122070312,121.2300033569336,103.57418060302734,2308300
2020-06-18,121.51000213623047,121.55999755859375,121.41999816894531,121.5,103.80487060546875,1694600
2020-06-19,121.2300033569336,121.61000061035156,121.2300033569336,121.54000091552734,103.83900451660156,2033200
2020-06-22,121.66000366210938,121.70999908447266,121.37000274658203,121.43000030517578,103.74504852294922,2284900
2020-06-23,121.30999755859375,121.43000030517578,121.23999786376953,121.38999938964844,103.71086883544922,2010600
2020-06-24,121.29000091552734,121.66000366210938,121.29000091552734,121.62000274658203,103.90736389160156,2310700
2020-06-25,121.80000305175781,121.83000183105469,121.61000061035156,121.63999938964844,103.92446899414062,1650900
2020-06-26,121.80000305175781,122.06999969482422,121.77999877929688,121.97000122070312,104.2063980102539,3413900
2020-06-29,121.93000030517578,122.13999938964844,121.91999816894531,122.08999633789062,104.30891418457031,28632400
2020-06-30,122.1500015258789,122.19000244140625,121.79000091552734,121.87000274658203,104.12094116210938,4126700
2020-07-01,121.52999877929688,121.66000366210938,121.3499984741211,121.56999969482422,103.95845031738281,8416500
2020-07-02,121.44000244140625,121.73999786376953,121.3499984741211,121.72000122070312,104.08675384521484,3054100
2020-07-06,121.41000366210938,121.55999755859375,121.29000091552734,121.54000091552734,103.93282318115234,2821900
2020-07-07,121.62999725341797,121.94000244140625,121.56999969482422,121.93000030517578,104.26634979248047,2920400
2020-07-08,121.72000122070312,121.87000274658203,121.61000061035156,121.73999786376953,104.10386657714844,2096700
2020-07-09,121.7699966430664,122.23999786376953,121.76000213623047,122.12999725341797,104.43736267089844,2769400
2020-07-10,122.25,122.29000091552734,121.8499984741211,121.88999938964844,104.23213195800781,1939000
2020-07-13,121.70999908447266,122.04000091552734,121.68000030517578,122.0199966430664,104.34331512451172,2051100
2020-07-14,122.18000030517578,122.2300033569336,121.98999786376953,122.01000213623047,104.33475494384766,1721500
2020-07-15,121.83000183105469,122.08999633789062,121.81999969482422,121.97000122070312,104.300537109375,2085400
2020-07-16,122.16000366210938,122.25,122.05999755859375,122.05999755859375,104.37751770019531,1907100
2020-07-17,122.12000274658203,122.1500015258789,121.97000122070312,122.02999877929688,104.3518295288086,2405200
2020-07-20,122.19999694824219,122.22000122070312,122.0199966430664,122.11000061035156,104.42024993896484,2695900
2020-07-21,122.16000366210938,122.27999877929688,122.12000274658203,122.23999786376953,104.53141021728516,3228400
2020-07-22,122.38999938964844,122.38999938964844,122.23999786376953,122.27999877929688,104.56559753417969,2431500
2020-07-23,122.43000030517578,122.44999694824219,122.29000091552734,122.4000015258789,104.66826629638672,2006500
2020-07-24,122.30000305175781,122.43000030517578,122.2699966430664,122.33999633789062,104.616943359375,3395600
2020-07-27,122.44000244140625,122.45999908447266,122.12000274658203,122.1500015258789,104.4544906616211,1976500
2020-07-28,122.30000305175781,122.47000122070312,122.26000213623047,122.44000244140625,104.70244598388672,1870300
2020-07-29,122.44999694824219,122.5999984741211,122.30999755859375,122.5999984741211,104.83926391601562,1874200
2020-07-30,122.75,122.77999877929688,122.66999816894531,122.7699966430664,104.98463439941406,28331800
2020-07-31,122.63999938964844,122.88999938964844,122.58999633789062,122.80000305175781,105.01029968261719,4039200
2020-08-03,122.5199966430664,122.6500015258789,122.45999908447266,122.63999938964844,104.95890808105469,6595900
2020-08-04,122.83000183105469,123.08999633789062,122.79000091552734,123.05999755859375,105.31841278076172,3842000
2020-08-05,122.75,122.77999877929688,122.61000061035156,122.6500015258789,104.96749877929688,2423700
2020-08-06,122.88999938964844,123.05999755859375,122.7300033569336,122.79000091552734,105.08732604980469,2286500
2020-08-07,122.83000183105469,122.9000015258789,122.48999786376953,122.52999877929688,104.86483001708984,2363400
2020-08-10,122.69999694824219,122.72000122070312,122.4000015258789,122.4000015258789,104.7535629272461,1994900
2020-08-11,121.95999908447266,122.04000091552734,121.69000244140625,121.9800033569336,104.39411163330078,7166500
2020-08-12,121.6500015258789,121.76000213623047,121.47000122070312,121.62000274658203,104.08596801757812,5538100
2020-08-13,121.5999984741211,121.70999908447266,121.25,121.37000274658203,103.87203979492188,5748400
2020-08-14,121.4800033569336,121.58999633789062,121.41999816894531,121.43000030517578,103.92341613769531,2722800
2020-08-17,121.69000244140625,121.83000183105469,121.5999984741211,121.62999725341797,104.09455871582031,3357700
2020-08-18,121.76000213623047,121.91999816894531,121.69000244140625,121.83999633789062,104.27426147460938,1853600
2020-08-19,121.9000015258789,121.97000122070312,121.6500015258789,121.68000030517578,104.1373519897461,4493800
2020-08-20,122.05000305175781,122.08000183105469,121.94999694824219,122.02999877929688,104.43685150146484,2880300
2020-08-21,122.11000061035156,122.1500015258789,121.91999816894531,122.12000274658203,104.5138931274414,2103700
2020-08-24,122.08999633789062,122.20999908447266,121.93000030517578,121.94999694824219,104.36841583251953,1974900
2020-08-25,121.55999755859375,121.72000122070312,121.38999938964844,121.66000366210938,104.12023162841797,3562800
2020-08-26,121.54000091552734,121.66999816894531,121.37999725341797,121.61000061035156,104.07743835449219,3337400
2020-08-27,121.87000274658203,121.87000274658203,121.18000030517578,121.18000030517578,103.70944213867188,4672900
2020-08-28,121.41000366210938,121.52999877929688,121.26000213623047,121.37999725341797,103.8805923461914,2277200
2020-08-31,121.4000015258789,121.70999908447266,121.37999725341797,121.51000213623047,103.99187469482422,3273300
2020-09-01,121.4000015258789,121.81999969482422,121.30000305175781,121.81999969482422,104.33270263671875,4622900
2020-09-02,121.72000122070312,122.04000091552734,121.69999694824219,121.98999786376953,104.47831726074219,3013400
2020-09-03,122.08000183105469,122.38999938964844,122.0199966430664,122.1500015258789,104.6153564453125,5750500
2020-09-04,121.83000183105469,121.91999816894531,121.37999725341797,121.47000122070312,104.032958984375,7512800
2020-09-08,121.73999786376953,121.91999816894531,121.69999694824219,121.7300033569336,104.25565338134766,3442700
2020-09-09,121.76000213623047,121.83000183105469,121.54000091552734,121.66999816894531,104.20427703857422,3964300
2020-09-10,121.51000213623047,121.83999633789062,121.44000244140625,121.81999969482422,104.33270263671875,3164200
2020-09-11,121.87999725341797,122.01000213623047,121.83999633789062,122.01000213623047,104.4954605102539,4905000
2020-09-14,122.0199966430664,122.0999984741211,121.83000183105469,121.9000015258789,104.4012222290039,1797100
2020-09-15,121.83000183105469,121.9000015258789,121.76000213623047,121.83999633789062,104.34986114501953,2897600
2020-09-16,122.0,122.0,121.66000366210938,121.7699966430664,104.28990173339844,4015700
2020-09-17,122.05000305175781,122.05000305175781,121.7699966430664,121.80999755859375,104.32415008544922,3426800
2020-09-18,121.8499984741211,121.87999725341797,121.69999694824219,121.69999694824219,104.22996520996094,5606900
2020-09-21,122.01000213623047,122.1500015258789,121.9000015258789,121.91999816894531,104.4183578491211,5838100
2020-09-22,121.91999816894531,122.02999877929688,121.87999725341797,121.91999816894531,104.4183578491211,3387900
2020-09-23,121.91999816894531,121.95999908447266,121.76000213623047,121.91999816894531,104.4183578491211,3172000
2020-09-24,121.97000122070312,122.0199966430664,121.91000366210938,121.9800033569336,104.46977233886719,2866900
2020-09-25,122.05999755859375,122.12000274658203,122.0,122.08000183105469,104.55538940429688,2187400
2020-09-28,122.04000091552734,122.08000183105469,122.0,122.05999755859375,104.53826904296875,4167200
2020-09-29,122.12999725341797,122.22000122070312,122.08999633789062,122.1500015258789,104.6153564453125,2577100
2020-09-30,122.02999877929688,122.02999877929688,121.66000366210938,121.81999969482422,104.33270263671875,4276400
2020-10-01,121.52999877929688,121.9000015258789,121.43000030517578,121.80999755859375,104.39183807373047,8733800
2020-10-02,121.91000366210938,121.93000030517578,121.5999984741211,121.69000244140625,104.28899383544922,7509700
2020-10-05,121.3499984741211,121.36000061035156,120.91999816894531,120.91999816894531,103.62911224365234,6132200
2020-10-06,120.94999694824219,121.4000015258789,120.87000274658203,121.19999694824219,103.86905670166016,8516400
2020-10-07,120.97000122070312,121.0999984741211,120.77999877929688,120.8499984741211,103.5691146850586,7116700
2020-10-08,120.98999786376953,121.08999633789062,120.94000244140625,121.06999969482422,103.75769805908203,3499000
2020-10-09,120.97000122070312,121.12999725341797,120.77999877929688,121.01000213623047,103.70623016357422,4358500
2020-10-12,121.05999755859375,121.13999938964844,120.98999786376953,121.13999938964844,103.8176498413086,3287900
2020-10-13,121.2699966430664,121.43000030517578,121.2699966430664,121.41000366210938,104.04906463623047,6583300
2020-10-14,121.4800033569336,121.55000305175781,121.4000015258789,121.44999694824219,104.08332061767578,5200600
2020-10-15,121.58000183105469,121.5999984741211,121.29000091552734,121.31999969482422,103.97193908691406,3839200
2020-10-16,121.31999969482422,121.45999908447266,121.20999908447266,121.25,103.91194152832031,2726200
2020-10-19,121.0199966430664,121.12999725341797,120.9000015258789,121.05000305175781,103.7405014038086,3635800
2020-10-20,120.9000015258789,120.9800033569336,120.75,120.79000091552734,103.51771545410156,6129700
2020-10-21,120.63999938964844,120.76000213623047,120.55999755859375,120.62999725341797,103.38059997558594,6425300
2020-10-22,120.52999877929688,120.56999969482422,120.19999694824219,120.20999908447266,103.02064514160156,6749000
2020-10-23,120.19000244140625,120.48999786376953,120.18000030517578,120.37999725341797,103.16632080078125,5049900
2020-10-26,120.63999938964844,120.83000183105469,120.58999633789062,120.69999694824219,103.44058990478516,4817800
2020-10-27,120.87000274658203,121.01000213623047,120.81999969482422,120.97000122070312,103.67196655273438,3620100
2020-10-28,121.1500015258789,121.18000030517578,120.87999725341797,120.95999908447266,103.66336059570312,5586600
2020-10-29,120.91999816894531,120.94000244140625,120.37000274658203,120.44999694824219,103.22634887695312,7504800
2020-10-30,120.4000015258789,120.44999694824219,120.05999755859375,120.05999755859375,102.89208221435547,7246800
2020-11-02,120.33999633789062,120.41999816894531,120.12999725341797,120.19000244140625,103.06874084472656,7674300
2020-11-03,120.01000213623047,120.02999877929688,119.83000183105469,119.91999816894531,102.83716583251953,9203500
2020-11-04,120.93000030517578,121.05999755859375,120.77999877929688,120.93000030517578,103.70335388183594,14922300
2020-11-05,120.9800033569336,121.0199966430664,120.7699966430664,120.91000366210938,103.68619537353516,6250700
2020-11-06,120.52999877929688,120.58999633789062,120.36000061035156,120.5,103.3345947265625,10402200
2020-11-09,119.58999633789062,119.62999725341797,119.19000244140625,119.61000061035156,102.57138061523438,11195800
2020-11-10,119.22000122070312,119.5,119.20999908447266,119.2699966430664,102.27980041503906,4810500
2020-11-11,119.27999877929688,119.51000213623047,119.26000213623047,119.45999908447266,102.44271850585938,1699900
2020-11-12,119.81999969482422,120.1500015258789,119.77999877929688,120.13999938964844,103.02587127685547,6324000
2020-11-13,120.08999633789062,120.12999725341797,119.95999908447266,119.9800033569336,102.8886489868164,6766000
2020-11-16,119.9000015258789,120.0,119.87999725341797,119.88999938964844,102.8115005493164,3911400
2020-11-17,120.12000274658203,120.25,120.08999633789062,120.19999694824219,103.07733917236328,4707900
2020-11-18,120.27999877929688,120.27999877929688,119.98999786376953,120.16000366210938,103.04300689697266,7931200
2020-11-19,120.29000091552734,120.41000366210938,120.25,120.29000091552734,103.15451049804688,9323000
2020-11-20,120.3499984741211,120.5199966430664,120.33000183105469,120.5,103.3345947265625,16772200
2020-11-23,120.33999633789062,120.36000061035156,120.19999694824219,120.26000213623047,103.1287612915039,2511900
2020-11-24,120.16999816894531,120.19000244140625,120.01000213623047,120.06999969482422,102.96585083007812,4349300
2020-11-25,120.16000366210938,120.33000183105469,120.0999984741211,120.11000061035156,103.00013732910156,2125500
2020-11-27,120.30999755859375,120.47000122070312,120.30000305175781,120.47000122070312,103.3088607788086,2988100
2020-11-30,120.41999816894531,120.51000213623047,120.3499984741211,120.38999938964844,103.2402572631836,2390900
2020-12-01,119.97000122070312,120.01000213623047,119.52999877929688,119.66999816894531,102.6910400390625,13902200
2020-12-02,119.55999755859375,119.58000183105469,119.30000305175781,119.47000122070312,102.51946258544922,5578500
2020-12-03,119.6500015258789,119.9000015258789,119.5999984741211,119.79000091552734,102.79402923583984,4484900
2020-12-04,119.41000366210938,119.44000244140625,119.19999694824219,119.31999969482422,102.39073181152344,4709100
2020-12-07,119.61000061035156,119.76000213623047,119.58999633789062,119.69000244140625,102.70823669433594,4441600
2020-12-08,119.91000366210938,120.04000091552734,119.80000305175781,119.80999755859375,102.81119537353516,4735700
2020-12-09,119.58999633789062,119.7699966430664,119.47000122070312,119.63999938964844,102.66532897949219,3444100
2020-12-10,119.73999786376953,119.94999694824219,119.63999938964844,119.91000366210938,102.89701843261719,3557600
2020-12-11,120.08000183105469,120.2699966430664,120.05000305175781,120.1500015258789,103.10298156738281,4336600
2020-12-14,119.83999633789062,120.16000366210938,119.77999877929688,120.08000183105469,103.04289245605469,2870600
2020-12-15,119.93000030517578,120.02999877929688,119.83999633789062,119.95999908447266,102.93991088867188,2889200
2020-12-16,119.69000244140625,120.0,119.63999938964844,119.86000061035156,102.85411834716797,5058400
2020-12-17,119.98999786376953,120.06999969482422,119.62000274658203,119.69999694824219,102.77940368652344,3233200
2020-12-18,119.79000091552734,119.8499984741211,119.58000183105469,119.5999984741211,102.69354248046875,3189500
2020-12-21,119.79000091552734,119.83000183105469,119.58000183105469,119.68000030517578,102.7622299194336,2850500
2020-12-22,119.83000183105469,119.9000015258789,119.70999908447266,119.87999725341797,102.9339828491211,3688500
2020-12-23,119.6500015258789,119.66000366210938,119.41999816894531,119.62999725341797,102.71928405761719,3047100
2020-12-24,119.73999786376953,119.80000305175781,119.70999908447266,119.80000305175781,102.86529541015625,1529300
2020-12-28,119.61000061035156,119.80999755859375,119.54000091552734,119.80999755859375,102.87384796142578,3677500
2020-12-29,119.63999938964844,119.83000183105469,119.63999938964844,119.79000091552734,102.85668182373047,2157300
2020-12-30,119.73999786376953,119.87000274658203,119.7300033569336,119.87000274658203,102.92538452148438,2549100
2020-12-31,119.8499984741211,120.0,119.8499984741211,119.94999694824219,102.99408721923828,2626200
2021-01-04,119.68000030517578,120.05999755859375,119.6500015258789,119.9800033569336,103.01982879638672,5499000
2021-01-05,119.87000274658203,119.88999938964844,119.58000183105469,119.69999694824219,102.77940368652344,5004400
2021-01-06,119.12000274658203,119.12000274658203,118.7699966430664,119.0,102.1783218383789,10039300
2021-01-07,118.58000183105469,118.66000366210938,118.4800033569336,118.58000183105469,101.8177490234375,7751700
2021-01-08,118.3499984741211,118.43000030517578,118.12999725341797,118.23999786376953,101.52578735351562,8378700
2021-01-11,118.1500015258789,118.16000366210938,117.98999786376953,118.01000213623047,101.32829284667969,6061000
2021-01-12,117.7699966430664,118.04000091552734,117.56999969482422,117.98999786376953,101.31109619140625,6516600
2021-01-13,118.16999816894531,118.55000305175781,118.13999938964844,118.4000015258789,101.6631851196289,7562900
2021-01-14,118.38999938964844,118.47000122070312,118.02999877929688,118.12999725341797,101.43134307861328,8113000
2021-01-15,118.37999725341797,118.52999877929688,118.20999908447266,118.44999694824219,101.70610046386719,5978400
2021-01-19,118.27999877929688,118.5199966430664,118.2300033569336,118.5199966430664,101.7662124633789,4035700
2021-01-20,118.38999938964844,118.56999969482422,118.36000061035156,118.56999969482422,101.80912780761719,4277700
2021-01-21,118.37000274658203,118.4800033569336,118.30000305175781,118.4000015258789,101.6631851196289,4254500
2021-01-22,118.5,118.5999984741211,118.44000244140625,118.58000183105469,101.8177490234375,4706200
2021-01-25,118.75,119.05999755859375,118.70999908447266,119.05999755859375,102.2298812866211,5689200
2021-01-26,118.94000244140625,119.05999755859375,118.91999816894531,119.0199966430664,102.19554138183594,4257100
2021-01-27,119.22000122070312,119.33999633789062,119.12000274658203,119.16000366210938,102.31572723388672,5764700
2021-01-28,119.0,119.01000213623047,118.72000122070312,118.8499984741211,102.04954528808594,5394200
2021-01-29,118.51000213623047,118.79000091552734,118.47000122070312,118.63999938964844,101.86922454833984,7952100
2021-02-01,118.56999969482422,118.7699966430664,118.52999877929688,118.70999908447266,101.99640655517578,3640700
2021-02-02,118.33999633789062,118.45999908447266,118.30000305175781,118.41000366210938,101.73867797851562,3609800
2021-02-03,118.25,118.30999755859375,118.0999984741211,118.12000274658203,101.4894790649414,3844200
2021-02-04,117.9800033569336,118.12999725341797,117.88999938964844,118.08000183105469,101.45510864257812,2146000
2021-02-05,118.05000305175781,118.18000030517578,117.83000183105469,117.83000183105469,101.24029541015625,5498000
2021-02-08,117.80999755859375,118.04000091552734,117.73999786376953,117.87999725341797,101.28324890136719,2861300
2021-02-09,118.01000213623047,118.12999725341797,117.91999816894531,117.97000122070312,101.36062622070312,4458500
2021-02-10,118.0999984741211,118.2699966430664,118.08999633789062,118.2699966430664,101.61836242675781,6726800
2021-02-11,118.2699966430664,118.30999755859375,118.12999725341797,118.18000030517578,101.54102325439453,5949900
2021-02-12,117.88999938964844,118.0199966430664,117.75,117.79000091552734,101.20591735839844,8802400
2021-02-16,117.2699966430664,117.37999725341797,116.86000061035156,116.94000244140625,100.47561645507812,8909000
2021-02-17,117.0199966430664,117.16999816894531,116.87999725341797,117.0199966430664,100.54435729980469,4789700
2021-02-18,116.83000183105469,117.0999984741211,116.73999786376953,117.01000213623047,100.53573608398438,4469900
2021-02-19,116.66000366210938,116.7699966430664,116.37000274658203,116.54000091552734,100.1319351196289,5851800
2021-02-22,116.44999694824219,116.66999816894531,116.26000213623047,116.3499984741211,99.96867370605469,3828000
2021-02-23,116.2699966430664,116.58000183105469,116.16999816894531,116.44000244140625,100.0459976196289,7344900
2021-02-24,115.86000061035156,116.33999633789062,115.79000091552734,116.27999877929688,99.90850830078125,7133700
2021-02-25,115.61000061035156,115.72000122070312,114.0999984741211,114.7300033569336,98.5767822265625,35760600
2021-02-26,115.13999938964844,115.80999755859375,114.70999908447266,115.76000213623047,99.4617691040039,28188400
2021-03-01,115.47000122070312,115.69000244140625,115.25,115.55999755859375,99.3499755859375,9616500
2021-03-02,115.45999908447266,115.77999877929688,115.41000366210938,115.7699966430664,99.53050231933594,6271000
2021-03-03,115.22000122070312,115.23999786376953,114.93000030517578,115.1500015258789,98.99748992919922,8377300
2021-03-04,115.13999938964844,115.2699966430664,114.41000366210938,114.58000183105469,98.50743865966797,12327900
2021-03-05,114.12000274658203,114.56999969482422,114.0199966430664,114.41999816894531,98.36988067626953,8634600
2021-03-08,114.1500015258789,114.18000030517578,113.93000030517578,113.97000122070312,97.9830322265625,7416400
2021-03-09,114.47000122070312,114.61000061035156,114.29000091552734,114.51000213623047,98.44728088378906,7035000
2021-03-10,114.51000213623047,114.86000061035156,114.44999694824219,114.75,98.65361785888672,5683100
2021-03-11,114.73999786376953,114.87000274658203,114.54000091552734,114.70999908447266,98.61919403076172,7576500
2021-03-12,113.9800033569336,113.98999786376953,113.76000213623047,113.87999725341797,97.9056396484375,7332600
2021-03-15,113.94999694824219,114.12999725341797,113.91999816894531,114.0199966430664,98.0260009765625,4465500
2021-03-16,114.1500015258789,114.23999786376953,113.87000274658203,114.0,98.00879669189453,5479400
2021-03-17,113.56999969482422,114.05000305175781,113.36000061035156,113.80999755859375,97.84544372558594,8975900
2021-03-18,112.9000015258789,113.2300033569336,112.79000091552734,113.0999984741211,97.23503875732422,8281400
2021-03-19,112.86000061035156,113.19999694824219,112.83000183105469,113.02999877929688,97.17487335205078,8748100
2021-03-22,113.31999969482422,113.45999908447266,113.2300033569336,113.4000015258789,97.49298095703125,4679800
2021-03-23,113.6500015258789,113.9800033569336,113.56999969482422,113.95999908447266,97.97440338134766,7544000
2021-03-24,113.7300033569336,114.12999725341797,113.69999694824219,114.11000061035156,98.1033935546875,14634800
2021-03-25,114.16999816894531,114.23999786376953,113.79000091552734,113.95999908447266,97.97440338134766,10573800
2021-03-26,113.6500015258789,113.88999938964844,113.56999969482422,113.58000183105469,97.6477279663086,6409700
2021-03-29,113.68000030517578,113.69000244140625,113.08999633789062,113.19000244140625,97.31242370605469,6298000
2021-03-30,112.87999725341797,113.16000366210938,112.77999877929688,113.08999633789062,97.2264633178711,5784900
2021-03-31,113.05999755859375,113.19000244140625,112.79000091552734,112.93000030517578,97.08887481689453,8620000
2021-04-01,113.20999908447266,113.41999816894531,113.12999725341797,113.36000061035156,97.51904296875,8535300
2021-04-05,112.97000122070312,113.12999725341797,112.80000305175781,113.04000091552734,97.2437515258789,9944500
2021-04-06,113.27999877929688,113.61000061035156,113.23999786376953,113.58999633789062,97.71685791015625,8765200
2021-04-07,113.56999969482422,113.80000305175781,113.4800033569336,113.5199966430664,97.65667724609375,6316800
2021-04-08,113.72000122070312,113.91999816894531,113.69999694824219,113.91000366210938,97.99215698242188,6334700
2021-04-09,113.54000091552734,113.81999969482422,113.44000244140625,113.61000061035156,97.73407745361328,5887400
2021-04-12,113.5199966430664,113.56999969482422,113.41999816894531,113.54000091552734,97.67388916015625,5466000
2021-04-13,113.56999969482422,114.01000213623047,113.54000091552734,114.01000213623047,98.07819366455078,7663800
2021-04-14,113.81999969482422,113.91000366210938,113.72000122070312,113.87000274658203,97.95775604248047,4876900
2021-04-15,114.2300033569336,114.7699966430664,114.2300033569336,114.5999984741211,98.58575439453125,9958500
2021-04-16,114.26000213623047,114.47000122070312,114.2300033569336,114.29000091552734,98.31905364990234,7334900
2021-04-19,114.0999984741211,114.36000061035156,114.04000091552734,114.16999816894531,98.2157974243164,5738600
2021-04-20,114.13999938964844,114.58999633789062,114.13999938964844,114.51000213623047,98.50833129882812,6468300
2021-04-21,114.5,114.62999725341797,114.33999633789062,114.56999969482422,98.55994415283203,7976500
2021-04-22,114.55999755859375,114.69000244140625,114.29000091552734,114.66000366210938,98.63734436035156,7681300
2021-04-23,114.63999938964844,114.6500015258789,114.33000183105469,114.51000213623047,98.50833129882812,5509900
2021-04-26,114.45999908447266,114.55000305175781,114.38999938964844,114.38999938964844,98.40513610839844,7145300
2021-04-27,114.2300033569336,114.33000183105469,113.94000244140625,113.94000244140625,98.01795959472656,7720500
2021-04-28,113.94999694824219,114.11000061035156,113.66000366210938,114.08999633789062,98.14702606201172,8692900
2021-04-29,113.55000305175781,113.9000015258789,113.44000244140625,113.88999938964844,97.97496795654297,5547800
2021-04-30,113.94000244140625,114.02999877929688,113.7699966430664,113.98999786376953,98.06101989746094,5160000
2021-05-03,113.95999908447266,114.3499984741211,113.91999816894531,114.11000061035156,98.22801971435547,8593300
2021-05-04,114.33999633789062,114.55999755859375,114.19999694824219,114.26000213623047,98.35710906982422,11171000
2021-05-05,114.13999938964844,114.43000030517578,114.13999938964844,114.4000015258789,98.47763061523438,6810000
2021-05-06,114.31999969482422,114.58000183105469,114.30000305175781,114.44999694824219,98.52068328857422,6546200
2021-05-07,114.72000122070312,114.94999694824219,114.38999938964844,114.48999786376953,98.55509948730469,10657600
2021-05-10,114.54000091552734,114.62999725341797,114.20999908447266,114.26000213623047,98.35710906982422,5906800
2021-05-11,114.08999633789062,114.16999816894531,114.0199966430664,114.06999969482422,98.19355010986328,6591300
2021-05-12,113.6500015258789,113.7300033569336,113.47000122070312,113.5199966430664,97.7200927734375,14509800
2021-05-13,113.66000366210938,113.94000244140625,113.58999633789062,113.9000015258789,98.04718780517578,8242700
2021-05-14,114.06999969482422,114.19000244140625,113.94999694824219,114.1500015258789,98.2624282836914,7943100
2021-05-17,114.06999969482422,114.12000274658203,113.98999786376953,114.04000091552734,98.167724609375,6711100
2021-05-18,114.02999877929688,114.08999633789062,113.91999816894531,114.04000091552734,98.167724609375,4319600
2021-05-19,114.0199966430664,114.25,113.5999984741211,113.69999694824219,97.87504577636719,13156500
2021-05-20,113.9000015258789,114.18000030517578,113.87000274658203,114.16999816894531,98.27964782714844,8412700
2021-05-21,114.27999877929688,114.30999755859375,114.08000183105469,114.20999908447266,98.31407928466797,6648700
2021-05-24,114.2699966430664,114.43000030517578,114.22000122070312,114.31999969482422,98.4087905883789,4826000
2021-05-25,114.44000244140625,114.76000213623047,114.44000244140625,114.73999786376953,98.77027130126953,5748200
2021-05-26,114.66000366210938,114.80999755859375,114.55999755859375,114.61000061035156,98.65837860107422,4501600
2021-05-27,114.36000061035156,114.41000366210938,114.19999694824219,114.41000366210938,98.4862289428711,5998100
2021-05-28,114.36000061035156,114.63999938964844,114.36000061035156,114.4000015258789,98.47763061523438,5575700
2021-06-01,114.19000244140625,114.31999969482422,114.05000305175781,114.30000305175781,98.45953369140625,9498100
2021-06-02,114.41999816894531,114.51000213623047,114.37000274658203,114.43000030517578,98.57154083251953,4269900
2021-06-03,114.33000183105469,114.33000183105469,114.08999633789062,114.13999938964844,98.3216781616211,3591200
2021-06-04,114.43000030517578,114.77999877929688,114.41000366210938,114.7699966430664,98.86438751220703,6326000
2021-06-07,114.62999725341797,114.72000122070312,114.5999984741211,114.68000030517578,98.7868881225586,3068500
2021-06-08,115.04000091552734,115.06999969482422,114.95999908447266,115.01000213623047,99.07111358642578,4760500
2021-06-09,115.41999816894531,115.55000305175781,115.22000122070312,115.37000274658203,99.38124084472656,5679300
2021-06-10,115.12000274658203,115.79000091552734,115.06999969482422,115.77999877929688,99.73441314697266,6494800
2021-06-11,115.69999694824219,115.72000122070312,115.51000213623047,115.61000061035156,99.5880126953125,3914200
2021-06-14,115.48999786376953,115.5,115.19999694824219,115.25,99.27790832519531,3730900
2021-06-15,115.19000244140625,115.29000091552734,115.12999725341797,115.2699966430664,99.29509735107422,4212700
2021-06-16,115.31999969482422,115.37999725341797,114.30999755859375,114.4800033569336,98.6146240234375,13529000
2021-06-17,114.66000366210938,115.26000213623047,114.58000183105469,114.88999938964844,98.96778869628906,8838100
2021-06-18,115.04000091552734,115.58000183105469,114.80999755859375,115.54000091552734,99.52770233154297,13435000
2021-06-21,115.26000213623047,115.3499984741211,115.08000183105469,115.16999816894531,99.20897674560547,6460000
2021-06-22,115.04000091552734,115.41000366210938,115.01000213623047,115.37999725341797,99.38987731933594,5459700
2021-06-23,115.25,115.37000274658203,115.0999984741211,115.1500015258789,99.19173431396484,5429800
2021-06-24,115.1500015258789,115.27999877929688,115.08000183105469,115.12999725341797,99.17453002929688,3631700
2021-06-25,115.20999908447266,115.25,114.69000244140625,114.88999938964844,98.96778869628906,6716800
2021-06-28,115.11000061035156,115.36000061035156,115.0999984741211,115.25,99.27790832519531,4968900
2021-06-29,115.0999984741211,115.31999969482422,115.08999633789062,115.30999755859375,99.32955169677734,3373200
2021-06-30,115.4800033569336,115.66000366210938,115.45999908447266,115.48999786376953,99.48463439941406,6572800
2021-07-01,115.37999725341797,115.44999694824219,115.16999816894531,115.33000183105469,99.41309356689453,11966200
2021-07-02,115.47000122070312,115.75,115.44000244140625,115.75,99.7751235961914,5071900
2021-07-06,115.88999938964844,116.44000244140625,115.88999938964844,116.36000061035156,100.3009262084961,9095300
2021-07-07,116.58000183105469,116.91000366210938,116.47000122070312,116.69999694824219,100.59398651123047,7456400
2021-07-08,116.91999816894531,117.19000244140625,116.81999969482422,117.0,100.85260009765625,7368000
2021-07-09,116.5199966430664,116.54000091552734,116.4000015258789,116.41000366210938,100.34403991699219,5531200
2021-07-12,116.51000213623047,116.55999755859375,116.26000213623047,116.3499984741211,100.29228210449219,3867700
2021-07-13,116.41000366210938,116.52999877929688,115.88999938964844,115.98999786376953,99.98198699951172,6926500
2021-07-14,116.30999755859375,116.5199966430664,116.20999908447266,116.48999786376953,100.41300964355469,6029200
2021-07-15,116.79000091552734,117.04000091552734,116.52999877929688,116.9800033569336,100.83535766601562,5704500
2021-07-16,116.66999816894531,116.9800033569336,116.66000366210938,116.95999908447266,100.818115234375,3577900
2021-07-19,117.73999786376953,118.11000061035156,117.68000030517578,117.95999908447266,101.68009185791016,20557500
2021-07-20,118.47000122070312,118.5199966430664,117.70999908447266,117.80999755859375,101.5508041381836,8729000
2021-07-21,117.33000183105469,117.41000366210938,117.0199966430664,117.12999725341797,100.96466064453125,7438300
2021-07-22,117.12999725341797,117.63999938964844,117.12000274658203,117.4000015258789,101.19738006591797,6363500
2021-07-23,116.9800033569336,117.25,116.97000122070312,117.22000122070312,101.04222869873047,6804600
2021-07-26,117.4000015258789,117.41999816894531,117.12000274658203,117.13999938964844,100.9732894897461,6179600
2021-07-27,117.62000274658203,117.70999908447266,117.51000213623047,117.63999938964844,101.404296875,8621200
2021-07-28,117.41999816894531,117.75,117.26000213623047,117.73999786376953,101.49044799804688,11533500
2021-07-29,117.30999755859375,117.52999877929688,117.27999877929688,117.37999725341797,101.18016815185547,6203800
2021-07-30,117.58000183105469,117.77999877929688,117.56999969482422,117.70999908447266,101.46461486816406,5656400
2021-08-02,117.81999969482422,118.37999725341797,117.70999908447266,118.1500015258789,101.90968322753906,19495800
2021-08-03,118.18000030517578,118.37000274658203,118.12000274658203,118.18000030517578,101.93555450439453,6627300
2021-08-04,118.52999877929688,118.62999725341797,117.77999877929688,118.1500015258789,101.90968322753906,7545000
2021-08-05,117.9000015258789,117.95999908447266,117.63999938964844,117.72000122070312,101.53874969482422,5164600
2021-08-06,117.13999938964844,117.25,117.0,117.02999877929688,100.94363403320312,7807600
2021-08-09,117.19999694824219,117.30999755859375,116.77999877929688,116.77999877929688,100.72799682617188,10842500
2021-08-10,116.87000274658203,116.87999725341797,116.55000305175781,116.55999755859375,100.53824615478516,7192400
2021-08-11,116.63999938964844,116.98999786376953,116.44000244140625,116.69000244140625,100.65032958984375,7254300
2021-08-12,116.56999969482422,116.69999694824219,116.43000030517578,116.56999969482422,100.54685974121094,6932200
2021-08-13,116.75,117.23999786376953,116.7300033569336,117.23999786376953,101.12478637695312,6896500
2021-08-16,117.55000305175781,117.81999969482422,117.5,117.5,101.34901428222656,6928100
2021-08-17,117.4800033569336,117.69999694824219,117.41999816894531,117.44000244140625,101.29728698730469,7785500
2021-08-18,117.38999938964844,117.48999786376953,117.12999725341797,117.37999725341797,101.24552917480469,7025800
2021-08-19,117.62999725341797,117.72000122070312,117.52999877929688,117.63999938964844,101.46981811523438,6242600
2021-08-20,117.63999938964844,117.70999908447266,117.41000366210938,117.52999877929688,101.37490844726562,6510200
2021-08-23,117.5,117.58000183105469,117.4000015258789,117.55999755859375,101.40074920654297,3958500
2021-08-24,117.41000366210938,117.51000213623047,117.20999908447266,117.23999786376953,101.12478637695312,3649700
2021-08-25,117.19999694824219,117.23999786376953,116.72000122070312,116.77999877929688,100.72799682617188,5874700
2021-08-26,116.72000122070312,116.83000183105469,116.58999633789062,116.77999877929688,100.72799682617188,6850600
2021-08-27,116.77999877929688,117.16000366210938,116.62999725341797,117.16000366210938,101.05574035644531,6360700
2021-08-30,117.13999938964844,117.4000015258789,117.0999984741211,117.38999938964844,101.25416564941406,6546200
2021-08-31,117.33000183105469,117.48999786376953,117.12000274658203,117.16999816894531,101.06439971923828,7418400
2021-09-01,117.25,117.29000091552734,117.04000091552734,117.13999938964844,101.10755157470703,11908600
2021-09-02,117.2699966430664,117.27999877929688,117.13999938964844,117.27999877929688,101.22838592529297,2976200
2021-09-03,117.01000213623047,117.05000305175781,116.87999725341797,117.0,100.98670196533203,4988900
2021-09-07,116.58999633789062,116.68000030517578,116.44000244140625,116.54000091552734,100.58966064453125,7098600
2021-09-08,116.69999694824219,116.94000244140625,116.62999725341797,116.86000061035156,100.86585998535156,6046200
2021-09-09,116.91000366210938,117.31999969482422,116.80999755859375,117.19000244140625,101.15070343017578,7009500
2021-09-10,116.93000030517578,117.02999877929688,116.70999908447266,116.81999969482422,100.83132934570312,8147100
2021-09-13,116.93000030517578,117.05999755859375,116.91000366210938,116.95999908447266,100.95219421386719,4269300
2021-09-14,117.16000366210938,117.5199966430664,117.0999984741211,117.4000015258789,101.33196258544922,6991000
2021-09-15,117.33000183105469,117.3499984741211,117.0,117.19999694824219,101.15933227539062,5108900
2021-09-16,116.79000091552734,117.01000213623047,116.68000030517578,116.83000183105469,100.8399658203125,5682700
2021-09-17,116.54000091552734,116.56999969482422,116.37999725341797,116.48999786376953,100.54651641845703,7611700
2021-09-20,116.91000366210938,117.20999908447266,116.81999969482422,117.08000183105469,101.05574035644531,8781600
2021-09-21,117.12000274658203,117.1500015258789,116.94000244140625,117.01000213623047,100.99533081054688,4867900
2021-09-22,117.01000213623047,117.22000122070312,116.79000091552734,117.12000274658203,101.09030151367188,10966400
2021-09-23,116.58000183105469,116.61000061035156,116.05999755859375,116.05999755859375,100.17536163330078,10650100
2021-09-24,115.9000015258789,115.91000366210938,115.63999938964844,115.70999908447266,99.8732681274414,10528000
2021-09-27,115.4000015258789,115.5999984741211,115.37000274658203,115.4000015258789,99.6056900024414,6742100
2021-09-28,114.9800033569336,115.22000122070312,114.7300033569336,114.95999908447266,99.22591400146484,10295500
2021-09-29,115.19999694824219,115.36000061035156,114.87000274658203,115.08000183105469,99.32950592041016,8364000
2021-09-30,114.97000122070312,115.26000213623047,114.91999816894531,115.22000122070312,99.45035552978516,7307900
2021-10-01,115.36000061035156,115.66000366210938,115.26000213623047,115.61000061035156,99.85627746582031,19830100
2021-10-04,115.41000366210938,115.66999816894531,115.26000213623047,115.47000122070312,99.73534393310547,7691800
2021-10-05,115.29000091552734,115.31999969482422,114.98999786376953,115.11000061035156,99.42440032958984,6861900
2021-10-06,115.1500015258789,115.26000213623047,115.05000305175781,115.13999938964844,99.45035552978516,7473500
2021-10-07,114.87999725341797,114.91000366210938,114.66999816894531,114.68000030517578,99.05300903320312,8160200
2021-10-08,114.62000274658203,114.62000274658203,114.30000305175781,114.43000030517578,98.83708953857422,9455100
2021-10-11,114.2300033569336,114.31999969482422,114.12999725341797,114.1500015258789,98.59520721435547,2261300
2021-10-12,114.3499984741211,114.70999908447266,114.27999877929688,114.66999816894531,99.04438781738281,7938400
2021-10-13,114.73999786376953,115.05000305175781,114.68000030517578,114.88999938964844,99.23436737060547,11662400
2021-10-14,115.0199966430664,115.20999908447266,114.9000015258789,115.16000366210938,99.46759796142578,9518200
2021-10-15,114.73999786376953,114.7699966430664,114.52999877929688,114.58999633789062,98.97528076171875,8689700
2021-10-18,114.25,114.5199966430664,114.06999969482422,114.43000030517578,98.83708953857422,8703300
2021-10-19,114.2699966430664,114.31999969482422,114.0,114.0199966430664,98.48292541503906,7445200
2021-10-20,114.0199966430664,114.20999908447266,113.94000244140625,113.97000122070312,98.43975067138672,6230000
2021-10-21,113.9000015258789,113.94999694824219,113.62999725341797,113.66999816894531,98.18060302734375,7103900
2021-10-22,113.77999877929688,114.05000305175781,113.66999816894531,113.95999908447266,98.43113708496094,10204600
2021-10-25,113.9800033569336,114.22000122070312,113.9800033569336,114.0999984741211,98.55205535888672,4835000
2021-10-26,114.12000274658203,114.23999786376953,113.9000015258789,114.23999786376953,98.67295837402344,5603100
2021-10-27,114.63999938964844,115.05999755859375,114.31999969482422,114.87999725341797,99.22573852539062,16140300
2021-10-28,114.76000213623047,114.91000366210938,114.45999908447266,114.58000183105469,98.96662902832031,9940400
2021-10-29,114.2699966430664,114.86000061035156,114.19000244140625,114.62999725341797,99.00983428955078,11254300
2021-11-01,114.22000122070312,114.62999725341797,114.19000244140625,114.54000091552734,99.0020523071289,14479000
2021-11-02,114.66999816894531,114.95999908447266,114.66000366210938,114.81999969482422,99.24403381347656,12191100
2021-11-03,114.83999633789062,114.87999725341797,114.2699966430664,114.45999908447266,98.93289184570312,17031100
2021-11-04,114.66000366210938,115.16999816894531,114.66000366210938,115.08000183105469,99.46879577636719,12665400
2021-11-05,115.33999633789062,115.80999755859375,115.22000122070312,115.70999908447266,100.01329803466797,12955100
2021-11-08,115.5199966430664,115.5199966430664,115.16000366210938,115.20999908447266,99.58113861083984,7404300
2021-11-09,115.69999694824219,115.9800033569336,115.6500015258789,115.73999786376953,100.03924560546875,12345400
2021-11-10,115.54000091552734,115.56999969482422,114.54000091552734,114.75,99.18353271484375,19425100
2021-11-11,114.75,114.80000305175781,114.37999725341797,114.37999725341797,98.86371612548828,3746100
2021-11-12,114.80000305175781,114.94000244140625,114.5199966430664,114.62000274658203,99.07115936279297,10613400
2021-11-15,114.55000305175781,114.58000183105469,114.12999725341797,114.16999816894531,98.68223571777344,8021400
2021-11-16,114.18000030517578,114.4000015258789,114.05000305175781,114.06999969482422,98.59584045410156,6573700
2021-11-17,114.06999969482422,114.48999786376953,114.05000305175781,114.4800033569336,98.95018005371094,10006200
2021-11-18,114.30999755859375,114.58000183105469,114.29000091552734,114.55000305175781,99.01070404052734,10183400
2021-11-19,114.91999816894531,115.11000061035156,114.79000091552734,114.86000061035156,99.27861785888672,10731600
2021-11-22,114.33000183105469,114.44000244140625,113.94999694824219,114.0199966430664,98.55257415771484,10876200
2021-11-23,113.81999969482422,113.87999725341797,113.55000305175781,113.55000305175781,98.14635467529297,11543700
2021-11-24,113.56999969482422,113.91999816894531,113.5,113.9000015258789,98.4488754272461,8322900
2021-11-26,114.9800033569336,115.38999938964844,114.91999816894531,115.37000274658203,99.7194595336914,13878500
2021-11-29,114.69000244140625,115.19999694824219,114.66000366210938,115.11000061035156,99.49472045898438,13908200
2021-11-30,115.81999969482422,116.1500015258789,115.22000122070312,115.80000305175781,100.09111022949219,19416800
2021-12-01,115.30000305175781,115.93000030517578,115.16000366210938,115.93000030517578,100.27970123291016,24991000
2021-12-02,115.9000015258789,115.94999694824219,115.41000366210938,115.68000030517578,100.06344604492188,11448900
2021-12-03,115.48999786376953,116.63999938964844,115.38999938964844,116.36000061035156,100.65164184570312,19790900
2021-12-06,116.19000244140625,116.27999877929688,115.6500015258789,115.77999877929688,100.14994049072266,9863200
2021-12-07,115.45999908447266,115.69999694824219,115.26000213623047,115.33999633789062,99.76932525634766,7678400
2021-12-08,115.16999816894531,115.19999694824219,114.81999969482422,114.97000122070312,99.44930267333984,11126500
2021-12-09,115.25,115.44000244140625,115.0999984741211,115.26000213623047,99.70014953613281,9198400
2021-12-10,115.44000244140625,115.66000366210938,115.27999877929688,115.33999633789062,99.76932525634766,5051500
2021-12-13,115.62999725341797,115.98999786376953,115.61000061035156,115.88999938964844,100.2450942993164,5706900
2021-12-14,115.6500015258789,115.80999755859375,115.43000030517578,115.69000244140625,100.07206726074219,4749500
2021-12-15,115.41000366210938,115.7300033569336,115.27999877929688,115.5199966430664,99.92501068115234,8428000
2021-12-16,115.58000183105469,115.91000366210938,115.55999755859375,115.75,100.2159423828125,9085400
2021-12-17,116.12000274658203,116.33999633789062,115.94000244140625,116.01000213623047,100.44105529785156,7933100
2021-12-20,116.19999694824219,116.3499984741211,115.87999725341797,115.91000366210938,100.35444641113281,13772100
2021-12-21,115.48999786376953,115.54000091552734,115.2300033569336,115.44999694824219,99.95622253417969,7672800
2021-12-22,115.62999725341797,115.63999938964844,115.33999633789062,115.55999755859375,100.05144500732422,5538200
2021-12-23,115.4800033569336,115.48999786376953,115.18000030517578,115.31999969482422,99.84368133544922,7209700
2021-12-27,115.27999877929688,115.41999816894531,115.25,115.36000061035156,99.87831115722656,3471800
2021-12-28,115.55000305175781,115.58000183105469,115.27999877929688,115.33999633789062,99.86099243164062,8314500
2021-12-29,114.97000122070312,115.06999969482422,114.66999816894531,114.75,99.35012817382812,11879900
2021-12-30,114.9800033569336,115.13999938964844,114.79000091552734,115.12999725341797,99.67916870117188,10296000
2021-12-31,115.16000366210938,115.30999755859375,115.0,115.0,99.56661224365234,7584500
2022-01-03,114.37000274658203,114.41000366210938,113.93000030517578,113.93000030517578,98.64018249511719,27744600
2022-01-04,113.66999816894531,113.88999938964844,113.58000183105469,113.87000274658203,98.5882568359375,15911800
2022-01-05,113.88999938964844,113.9000015258789,113.30999755859375,113.38999938964844,98.17269897460938,13715700
2022-01-06,113.12999725341797,113.20999908447266,112.9800033569336,113.11000061035156,97.93022155761719,10957400
2022-01-07,112.95999908447266,113.0,112.47000122070312,112.73999786376953,97.60991668701172,13318200
2022-01-10,112.44999694824219,112.75,112.37999725341797,112.70999908447266,97.58392333984375,8430700
2022-01-11,112.66000366210938,112.98999786376953,112.55999755859375,112.9800033569336,97.81770324707031,8086500
2022-01-12,113.16999816894531,113.43000030517578,112.9800033569336,113.0,97.83499145507812,7996500
2022-01-13,113.06999969482422,113.4000015258789,112.9800033569336,113.36000061035156,98.14672088623047,8431100
2022-01-14,113.06999969482422,113.08999633789062,112.55000305175781,112.58000183105469,97.47138214111328,10595700
2022-01-18,112.0999984741211,112.19999694824219,111.69000244140625,111.7300033569336,96.73544311523438,11594100
2022-01-19,111.91000366210938,112.22000122070312,111.83999633789062,112.0,96.96918487548828,10349700
2022-01-20,112.18000030517578,112.23999786376953,112.02999877929688,112.23999786376953,97.17700958251953,8297300
2022-01-21,112.87000274658203,113.05000305175781,112.6500015258789,112.88999938964844,97.7397689819336,13250000
2022-01-24,113.23999786376953,113.29000091552734,112.7699966430664,112.79000091552734,97.65320587158203,22377400
2022-01-25,112.88999938964844,113.08999633789062,112.56999969482422,112.63999938964844,97.52332305908203,13534000
2022-01-26,112.66000366210938,112.76000213623047,111.83999633789062,111.83999633789062,96.83069610595703,12694700
2022-01-27,112.11000061035156,112.5199966430664,112.08999633789062,112.30999755859375,97.23760986328125,11609400
2022-01-28,112.1500015258789,112.66000366210938,112.12000274658203,112.56999969482422,97.46272277832031,6713500
2022-01-31,112.36000061035156,112.6500015258789,112.29000091552734,112.56999969482422,97.46272277832031,8258600
2022-02-01,112.5,112.54000091552734,112.12999725341797,112.30999755859375,97.33099365234375,16338700
2022-02-02,112.4000015258789,112.80999755859375,112.4000015258789,112.54000091552734,97.53031158447266,5997100
2022-02-03,112.04000091552734,112.16000366210938,111.91999816894531,112.05999755859375,97.11431884765625,8032600
2022-02-04,111.41999816894531,111.44999694824219,111.08999633789062,111.19999694824219,96.36902618408203,8616400
2022-02-07,111.2300033569336,111.3499984741211,111.08999633789062,111.2300033569336,96.39505004882812,10294700
2022-02-08,110.93000030517578,110.98999786376953,110.80999755859375,110.87000274658203,96.08305358886719,8111500
2022-02-09,111.12999725341797,111.37000274658203,110.9800033569336,111.0199966430664,96.21299743652344,10113400
2022-02-10,110.61000061035156,110.68000030517578,109.95999908447266,110.0,95.3290786743164,16633900
2022-02-11,110.47000122070312,111.2300033569336,109.91999816894531,111.13999938964844,96.31706237792969,18315600
2022-02-14,110.54000091552734,110.83000183105469,110.20999908447266,110.37000274658203,95.64974212646484,11090000
2022-02-15,110.05000305175781,110.23999786376953,109.95999908447266,110.04000091552734,95.36370849609375,8490500
2022-02-16,110.31999969482422,110.33999633789062,109.94000244140625,110.2699966430664,95.56306457519531,9007700
2022-02-17,110.52999877929688,110.9000015258789,110.5199966430664,110.86000061035156,96.07434844970703,8749500
2022-02-18,111.04000091552734,111.2300033569336,110.97000122070312,111.22000122070312,96.3863754272461,8486800
2022-02-22,110.97000122070312,111.22000122070312,110.83999633789062,111.20999908447266,96.37769317626953,8392500
2022-02-23,110.80000305175781,110.9000015258789,110.51000213623047,110.62999725341797,95.87503814697266,7941800
2022-02-24,111.5199966430664,111.55000305175781,110.7300033569336,110.88999938964844,96.100341796875,19162100
2022-02-25,110.72000122070312,110.87999725341797,110.4800033569336,110.86000061035156,96.07434844970703,8101900
2022-02-28,111.62000274658203,112.13999938964844,111.58000183105469,112.12000274658203,97.16634368896484,12291800
2022-03-01,112.5999984741211,113.48999786376953,112.55000305175781,113.11000061035156,98.1126708984375,28285600
2022-03-02,112.45999908447266,112.55999755859375,111.38999938964844,111.41000366210938,96.6380615234375,12303800
2022-03-03,111.69000244140625,112.0999984741211,111.48999786376953,111.88999938964844,97.05441284179688,12247400
2022-03-04,112.87999725341797,113.30000305175781,112.7699966430664,113.0,98.01725006103516,20102300
2022-03-07,112.47000122070312,113.08000183105469,112.44000244140625,112.5199966430664,97.60089874267578,13633200
2022-03-08,111.87000274658203,112.06999969482422,111.6500015258789,111.79000091552734,96.96771240234375,10819400
2022-03-09,111.33000183105469,111.43000030517578,110.9800033569336,111.0999984741211,96.36920166015625,7932300
2022-03-10,110.72000122070312,110.83000183105469,110.36000061035156,110.58999633789062,95.92679595947266,11100100
2022-03-11,110.47000122070312,110.69999694824219,110.3499984741211,110.55999755859375,95.9007568359375,5567600
2022-03-14,109.66999816894531,109.73999786376953,109.16000366210938,109.16000366210938,94.68637084960938,8622500
2022-03-15,109.73999786376953,109.80000305175781,109.02999877929688,109.11000061035156,94.64302062988281,9294400
2022-03-16,109.0,109.12000274658203,108.25,108.95999908447266,94.51290893554688,12847300
2022-03-17,109.02999877929688,109.23999786376953,108.55000305175781,108.75,94.33074951171875,7215900
2022-03-18,108.93000030517578,109.22000122070312,108.93000030517578,109.06999969482422,94.60832977294922,7509200
2022-03-21,108.27999877929688,108.44999694824219,107.56999969482422,107.6500015258789,93.37659454345703,11003600
2022-03-22,107.19999694824219,107.23999786376953,106.97000122070312,107.05999755859375,92.86483001708984,7710300
2022-03-23,107.31999969482422,107.77999877929688,107.08999633789062,107.77999877929688,93.48939514160156,11222700
2022-03-24,107.1500015258789,107.5,107.11000061035156,107.18000030517578,92.96894073486328,11112300
2022-03-25,106.69000244140625,106.69999694824219,105.97000122070312,106.08000183105469,92.01476287841797,9055600
2022-03-28,106.25,106.69999694824219,106.12000274658203,106.31999969482422,92.22298431396484,12858500
2022-03-29,106.58000183105469,106.9800033569336,106.3499984741211,106.8499984741211,92.68267059326172,7539900
2022-03-30,106.62999725341797,107.30000305175781,106.55999755859375,107.2699966430664,93.0469741821289,6430100
2022-03-31,107.43000030517578,107.62000274658203,107.2699966430664,107.47000122070312,93.22047424316406,9147200
2022-04-01,106.30999755859375,107.01000213623047,106.19999694824219,106.6500015258789,92.61349487304688,10237000
2022-04-04,106.76000213623047,106.77999877929688,106.37999725341797,106.58000183105469,92.55270385742188,7372100
2022-04-05,106.2699966430664,106.29000091552734,105.19999694824219,105.30999755859375,91.44983673095703,9675600
2022-04-06,104.6500015258789,105.31999969482422,104.6500015258789,104.94000244140625,91.12854766845703,9054400
2022-04-07,104.68000030517578,104.97000122070312,104.45999908447266,104.68000030517578,90.90275573730469,5518900
2022-04-08,104.08000183105469,104.41999816894531,104.0,104.1500015258789,90.44252014160156,8091800
2022-04-11,103.77999877929688,103.9000015258789,103.5199966430664,103.6500015258789,90.00831604003906,7356400
2022-04-12,104.19000244140625,104.58999633789062,104.02999877929688,104.1500015258789,90.44252014160156,12211000
2022-04-13,104.44000244140625,104.91000366210938,104.30999755859375,104.37999725341797,90.64224243164062,6346100
2022-04-14,104.2300033569336,104.2699966430664,103.31999969482422,103.44000244140625,89.8259506225586,6158700
2022-04-18,103.52999877929688,103.55000305175781,103.11000061035156,103.13999938964844,89.56543731689453,4591500
2022-04-19,102.73999786376953,102.93000030517578,102.38999938964844,102.45999908447266,88.97492218017578,7004900
2022-04-20,102.87999725341797,103.41999816894531,102.76000213623047,103.26000213623047,89.66966247558594,7479300
2022-04-21,102.97000122070312,102.9800033569336,102.2699966430664,102.69000244140625,89.1746597290039,9137500
2022-04-22,102.43000030517578,103.0199966430664,102.37999725341797,102.73999786376953,89.21807098388672,5451600
2022-04-25,103.55000305175781,103.9800033569336,103.33999633789062,103.4000015258789,89.79121398925781,8617400
2022-04-26,104.0999984741211,104.2699966430664,103.76000213623047,104.08999633789062,90.3904037475586,9575400
2022-04-27,104.02999877929688,104.12999725341797,103.45999908447266,103.51000213623047,89.88676452636719,7908900
2022-04-28,103.16000366210938,103.38999938964844,102.95999908447266,103.36000061035156,89.7564926147461,6943500
2022-04-29,102.5999984741211,103.20999908447266,102.55000305175781,102.80999755859375,89.27887725830078,10012500
2022-05-02,102.1500015258789,102.22000122070312,101.81999969482422,101.91999816894531,88.61375427246094,11327000
2022-05-03,102.5199966430664,102.5999984741211,102.0199966430664,102.04000091552734,88.71808624267578,8129100
2022-05-04,102.0,102.77999877929688,101.80999755859375,102.69999694824219,89.29191589355469,11934700
2022-05-05,101.88999938964844,102.02999877929688,101.1500015258789,101.66999816894531,88.39639282226562,11675700
2022-05-06,101.1500015258789,101.61000061035156,100.98999786376953,101.08999633789062,87.89212799072266,12538400
2022-05-09,101.13999938964844,101.88999938964844,101.08999633789062,101.83999633789062,88.54420471191406,7301200
2022-05-10,102.30999755859375,102.58000183105469,102.12000274658203,102.18000030517578,88.83978271484375,8054600
2022-05-11,101.93000030517578,102.8499984741211,101.79000091552734,102.80999755859375,89.3875503540039,7167900
2022-05-12,103.12000274658203,103.56999969482422,103.01000213623047,103.1500015258789,89.68318176269531,8132400
2022-05-13,102.87000274658203,102.94000244140625,102.55000305175781,102.61000061035156,89.21366882324219,6016900
2022-05-16,102.9800033569336,103.33000183105469,102.87000274658203,103.04000091552734,89.58755493164062,3315600
2022-05-17,102.3499984741211,102.6500015258789,102.2300033569336,102.26000213623047,88.90935516357422,4286800
2022-05-18,102.26000213623047,103.0999984741211,102.19000244140625,102.98999786376953,89.54403686523438,4465500
2022-05-19,103.9000015258789,103.93000030517578,103.27999877929688,103.36000061035156,89.86576843261719,5137600
2022-05-20,103.30000305175781,103.98999786376953,103.2699966430664,103.83999633789062,90.28308868408203,5908800
2022-05-23,103.56999969482422,103.7699966430664,103.19999694824219,103.20999908447266,89.7353286743164,5720600
2022-05-24,103.73999786376953,104.47000122070312,103.70999908447266,104.0999984741211,90.50914001464844,6786600
2022-05-25,104.47000122070312,104.47000122070312,104.06999969482422,104.30999755859375,90.69170379638672,4274500
2022-05-26,104.37000274658203,104.41000366210938,103.87999725341797,104.26000213623047,90.64824676513672,3478900
2022-05-27,104.44999694824219,104.58999633789062,104.22000122070312,104.41000366210938,90.77864837646484,2508200
2022-05-31,103.62000274658203,103.62999725341797,103.1500015258789,103.31999969482422,89.83097076416016,6773200
2022-06-01,103.2699966430664,103.37000274658203,102.41999816894531,102.61000061035156,89.32518005371094,5555900
2022-06-02,102.91000366210938,102.91999816894531,102.5199966430664,102.76000213623047,89.45574951171875,3014300
2022-06-03,102.36000061035156,102.6500015258789,102.33000183105469,102.55999755859375,89.28166198730469,2687800
2022-06-06,102.30999755859375,102.41000366210938,101.7300033569336,101.79000091552734,88.61135864257812,4800600
2022-06-07,102.05999755859375,102.43000030517578,102.04000091552734,102.19999694824219,88.96826934814453,3230000
2022-06-08,102.01000213623047,102.16999816894531,101.80999755859375,101.81999969482422,88.63744354248047,2917900
2022-06-09,101.69000244140625,101.94000244140625,101.51000213623047,101.7300033569336,88.5591049194336,4178600
2022-06-10,101.20999908447266,101.30999755859375,100.5999984741211,100.7300033569336,87.68861389160156,4443400
2022-06-13,99.66000366210938,99.80000305175781,98.41999816894531,98.94000244140625,86.13033294677734,9200800
2022-06-14,99.16000366210938,99.30000305175781,97.98999786376953,98.1500015258789,85.44261932373047,7829800
2022-06-15,98.94999694824219,99.55999755859375,98.4000015258789,99.5199966430664,86.63524627685547,10256200
2022-06-16,98.55000305175781,100.22000122070312,98.43000030517578,100.16999816894531,87.20106506347656,9168800
2022-06-17,100.26000213623047,100.45999908447266,99.55000305175781,100.19999694824219,87.22721862792969,7029700
2022-06-21,99.66000366210938,99.94999694824219,99.55000305175781,99.68000030517578,86.77452087402344,10342000
2022-06-22,100.83999633789062,101.12000274658203,100.70999908447266,100.94000244140625,87.87141418457031,9501900
2022-06-23,101.55999755859375,102.16999816894531,101.4000015258789,101.51000213623047,88.36759185791016,9247200
2022-06-24,101.37999725341797,101.76000213623047,101.06999969482422,101.1500015258789,88.05420684814453,5127000
2022-06-27,100.56999969482422,101.0199966430664,100.44999694824219,100.58000183105469,87.55804443359375,5439400
2022-06-28,100.47000122070312,100.73999786376953,100.33000183105469,100.70999908447266,87.67118072509766,3763300
2022-06-29,100.87999725341797,101.5199966430664,100.79000091552734,101.5199966430664,88.37633514404297,3559600
2022-06-30,102.0999984741211,102.54000091552734,102.01000213623047,102.30000305175781,89.05529022216797,5409500
2022-07-01,103.12000274658203,103.97000122070312,102.9800033569336,103.23999786376953,90.00999450683594,63222900
2022-07-05,103.75,104.0199966430664,103.44000244140625,103.62000274658203,90.3412857055664,6651400
2022-07-06,104.0,104.01000213623047,102.72000122070312,102.73999786376953,89.57406616210938,4754700
2022-07-07,102.7699966430664,102.7699966430664,102.02999877929688,102.11000061035156,89.0248031616211,4058100
2022-07-08,101.83000183105469,101.83999633789062,101.37000274658203,101.48999786376953,88.48426818847656,3664900
2022-07-11,102.02999877929688,102.45999908447266,101.9800033569336,102.29000091552734,89.18170928955078,2765700
2022-07-12,102.83000183105469,103.02999877929688,102.44999694824219,102.52999877929688,89.39097595214844,3669200
2022-07-13,101.91000366210938,103.05000305175781,101.77999877929688,102.97000122070312,89.77460479736328,6809400
2022-07-14,102.19999694824219,102.63999938964844,101.93000030517578,102.4000015258789,89.27764892578125,5370400
2022-07-15,102.47000122070312,102.98999786376953,102.44000244140625,102.75,89.58277893066406,3834000
2022-07-18,102.41999816894531,102.5999984741211,102.02999877929688,102.44999694824219,89.32122802734375,3150700
2022-07-19,102.31999969482422,102.41000366210938,101.87999725341797,101.9800033569336,88.91146850585938,2996100
2022-07-20,102.4800033569336,102.48999786376953,101.80000305175781,101.87999725341797,88.82427978515625,53057500
2022-07-21,102.29000091552734,103.04000091552734,102.19000244140625,103.04000091552734,89.83564758300781,5344300
2022-07-22,104.0,104.45999908447266,103.81999969482422,104.22000122070312,90.86442565917969,7747100
2022-07-25,103.58000183105469,103.9000015258789,103.55000305175781,103.8499984741211,90.5418472290039,2994500
2022-07-26,104.55000305175781,104.69999694824219,103.8499984741211,103.88999938964844,90.57672119140625,4736300
2022-07-27,104.13999938964844,104.61000061035156,104.0199966430664,104.0999984741211,90.7597885131836,7475300
2022-07-28,105.0999984741211,105.31999969482422,104.75,105.12999725341797,91.65778350830078,5768100
2022-07-29,104.91999816894531,105.58000183105469,104.80999755859375,105.16999816894531,91.6926498413086,5961100
2022-08-01,105.29000091552734,105.66999816894531,105.12999725341797,105.5999984741211,92.22895050048828,9672400
2022-08-02,105.55999755859375,105.75,104.06999969482422,104.13999938964844,90.95379638671875,9269700
2022-08-03,103.9800033569336,104.58000183105469,103.43000030517578,104.56999969482422,91.32935333251953,7829500
2022-08-04,104.68000030517578,105.12999725341797,104.52999877929688,105.0999984741211,91.79225158691406,9873200
2022-08-05,103.7300033569336,103.7699966430664,103.3499984741211,103.58000183105469,90.4647216796875,10047200
2022-08-08,104.0,104.23999786376953,103.91000366210938,104.19000244140625,90.99746704101562,6681300
2022-08-09,103.9000015258789,104.08000183105469,103.77999877929688,103.87999725341797,90.72673034667969,3814700
2022-08-10,104.3499984741211,104.70999908447266,103.93000030517578,103.94000244140625,90.77912139892578,7260300
2022-08-11,104.18000030517578,104.29000091552734,103.13999938964844,103.25,90.17648315429688,8309300
2022-08-12,103.6500015258789,103.69999694824219,103.31999969482422,103.66000366210938,90.5345687866211,4128600
2022-08-15,104.16999816894531,104.33000183105469,103.94999694824219,103.98999786376953,90.82278442382812,3441100
2022-08-16,103.79000091552734,103.91000366210938,103.38999938964844,103.87000274658203,90.71798706054688,3241800
2022-08-17,103.30999755859375,103.36000061035156,102.95999908447266,103.16999816894531,90.10665893554688,6366700
2022-08-18,103.44999694824219,103.7300033569336,103.27999877929688,103.37000274658203,90.28129577636719,3709200
2022-08-19,102.62000274658203,102.69000244140625,102.36000061035156,102.4800033569336,89.50398254394531,6678000
2022-08-22,102.4000015258789,102.44999694824219,101.9800033569336,102.02999877929688,89.11096954345703,4125800
2022-08-23,101.86000061035156,102.48999786376953,101.70999908447266,101.77999877929688,88.89262390136719,7755000
2022-08-24,101.54000091552734,101.63999938964844,101.29000091552734,101.44000244140625,88.5956802368164,3504600
2022-08-25,101.5199966430664,102.12999725341797,101.38999938964844,102.08999633789062,89.16334533691406,6645300
2022-08-26,101.86000061035156,102.2300033569336,101.62000274658203,101.97000122070312,89.0585708618164,5535900
2022-08-29,101.58000183105469,101.58000183105469,101.25,101.38999938964844,88.55198669433594,4416900
2022-08-30,101.38999938964844,101.72000122070312,101.0199966430664,101.36000061035156,88.52583312988281,4474200
2022-08-31,101.20999908447266,101.44000244140625,100.7699966430664,100.94000244140625,88.15897369384766,5797600
2022-09-01,100.08999633789062,100.30999755859375,99.7300033569336,99.95999908447266,87.4581527709961,10324200
2022-09-02,100.36000061035156,100.79000091552734,100.22000122070312,100.5199966430664,87.94810485839844,5741900
2022-09-06,99.91000366210938,99.94000244140625,99.3499984741211,99.4000015258789,86.96819305419922,6769400
2022-09-07,99.79000091552734,100.16999816894531,99.73999786376953,100.05000305175781,87.53691864013672,7169700
2022-09-08,100.04000091552734,100.26000213623047,99.68000030517578,99.68000030517578,87.21318054199219,5773600
2022-09-09,99.9000015258789,100.08999633789062,99.56999969482422,99.69000244140625,87.221923828125,5780600
2022-09-12,99.97000122070312,100.05000305175781,99.2699966430664,99.44999694824219,87.01190948486328,4034200
2022-09-13,98.76000213623047,98.94999694824219,98.6500015258789,98.88999938964844,86.52198791503906,5100500
2022-09-14,98.73999786376953,99.18000030517578,98.69000244140625,98.94000244140625,86.56576538085938,3866600
2022-09-15,98.66999816894531,98.79000091552734,98.5,98.5999984741211,86.26827239990234,4622600
2022-09-16,98.5199966430664,98.98999786376953,98.44999694824219,98.68000030517578,86.33824157714844,4718200
2022-09-19,98.30999755859375,98.61000061035156,98.23999786376953,98.4000015258789,86.09329223632812,3879000
2022-09-20,97.69999694824219,98.04000091552734,97.54000091552734,97.79000091552734,85.55957794189453,4869100
2022-09-21,97.95999908447266,98.27999877929688,97.30000305175781,98.18000030517578,85.9007797241211,5414900
2022-09-22,97.16000366210938,97.22000122070312,96.58999633789062,96.69999694824219,84.60587310791016,6662400
2022-09-23,96.66000366210938,96.97000122070312,96.27999877929688,96.81999969482422,84.71088409423828,7630600
2022-09-26,96.29000091552734,96.30000305175781,95.06999969482422,95.20999908447266,83.30223083496094,8015500
2022-09-27,95.23999786376953,95.3499984741211,94.51000213623047,94.55999755859375,82.73350524902344,8668400
2022-09-28,95.9000015258789,96.80000305175781,95.5199966430664,96.69000244140625,84.59712982177734,8471700
2022-09-29,95.9800033569336,96.58000183105469,95.88999938964844,96.23999786376953,84.20343780517578,6056500
2022-09-30,96.66000366210938,96.87999725341797,95.66000366210938,95.98999786376953,83.98469543457031,8847200
2022-10-03,96.72000122070312,97.6500015258789,96.48999786376953,96.94000244140625,84.9814224243164,10579900
2022-10-04,97.33000183105469,97.69999694824219,96.95999908447266,97.13999938964844,85.15676879882812,7361400
2022-10-05,96.55999755859375,96.58999633789062,95.9800033569336,96.22000122070312,84.35022735595703,8603700
2022-10-06,96.05999755859375,96.19000244140625,95.55999755859375,95.69000244140625,83.88560485839844,11298400
2022-10-07,95.19000244140625,95.52999877929688,95.06999969482422,95.22000122070312,83.47361755371094,5085300
2022-10-10,95.08000183105469,95.13999938964844,94.31999969482422,94.66000366210938,82.98267364501953,3829100
2022-10-11,94.9800033569336,95.43000030517578,94.63999938964844,94.9000015258789,83.19307708740234,5498500
2022-10-12,94.7699966430664,95.33999633789062,94.70999908447266,95.20999908447266,83.4648666381836,5847400
2022-10-13,93.9800033569336,95.23999786376953,93.97000122070312,94.80999755859375,83.11417388916016,6220100
2022-10-14,95.31999969482422,95.33000183105469,94.2300033569336,94.27999877929688,82.64954376220703,5886200
2022-10-17,94.95999908447266,95.11000061035156,94.33000183105469,94.37999725341797,82.73722839355469,3215200
2022-10-18,94.62999725341797,94.80000305175781,94.06999969482422,94.62000274658203,82.9476318359375,4006600
2022-10-19,93.87999725341797,94.06999969482422,93.55999755859375,93.62999725341797,82.0797348022461,5762600
2022-10-20,93.41000366210938,93.6500015258789,92.86000061035156,92.93000030517578,81.46610260009766,5738400
2022-10-21,92.5999984741211,93.33000183105469,92.4800033569336,93.13999938964844,81.65019226074219,7528500
2022-10-24,93.11000061035156,93.43000030517578,92.69000244140625,93.0199966430664,81.54500579833984,6210800
2022-10-25,94.04000091552734,94.44000244140625,93.95999908447266,94.18000030517578,82.56192016601562,6301500
2022-10-26,94.41000366210938,94.81999969482422,94.4000015258789,94.66000366210938,82.98267364501953,6692700
2022-10-27,94.95999908447266,95.47000122070312,94.66999816894531,95.33000183105469,83.57001495361328,7238100
2022-10-28,94.72000122070312,95.19000244140625,94.58000183105469,94.83999633789062,83.14047241210938,5659800
2022-10-31,94.43000030517578,94.55999755859375,94.01000213623047,94.41000366210938,82.7635269165039,4586900
2022-11-01,94.95999908447266,94.98999786376953,94.02999877929688,94.19000244140625,82.74858093261719,6066400
2022-11-02,94.30999755859375,94.87000274658203,93.79000091552734,94.02999877929688,82.60802459716797,7581400
2022-11-03,93.19000244140625,93.79000091552734,93.18000030517578,93.62000274658203,82.24781036376953,8403900
2022-11-04,93.63999938964844,93.94999694824219,93.4000015258789,93.41999816894531,82.07213592529297,5287000
2022-11-07,93.54000091552734,93.58999633789062,93.06999969482422,93.08999633789062,81.78219604492188,4289300
2022-11-08,93.3499984741211,93.87999725341797,93.31999969482422,93.70999908447266,82.32689666748047,4679200
2022-11-09,93.61000061035156,94.08999633789062,93.54000091552734,94.02999877929688,82.60802459716797,3658100
2022-11-10,95.43000030517578,96.18000030517578,95.43000030517578,96.13999938964844,84.46170806884766,9608300
2022-11-11,95.69999694824219,96.05999755859375,95.6500015258789,95.94000244140625,84.2860107421875,2840200
2022-11-14,95.83999633789062,95.8499984741211,95.52999877929688,95.70999908447266,84.08395385742188,4130800
2022-11-15,96.18000030517578,96.48999786376953,95.94000244140625,96.41999816894531,84.70770263671875,6841600
2022-11-16,96.87000274658203,97.2300033569336,96.63999938964844,97.12999725341797,85.33145904541016,6140100
2022-11-17,96.52999877929688,96.62999725341797,96.26000213623047,96.47000122070312,84.75162506103516,5986800
2022-11-18,96.47000122070312,96.58999633789062,96.11000061035156,96.12999725341797,84.45295715332031,3102100
2022-11-21,96.54000091552734,96.61000061035156,96.04000091552734,96.06999969482422,84.40019989013672,4477700
2022-11-22,96.4800033569336,96.72000122070312,96.37999725341797,96.62000274658203,84.88343048095703,5532800
2022-11-23,96.75,97.18000030517578,96.6500015258789,97.13999938964844,85.34025573730469,5236500
2022-11-25,96.87000274658203,97.12000274658203,96.8499984741211,97.11000061035156,85.31391143798828,1345400
2022-11-28,97.22000122070312,97.3499984741211,97.01000213623047,97.1500015258789,85.3490219116211,4218400
2022-11-29,96.76000213623047,97.08000183105469,96.70999908447266,96.73999786376953,84.98883056640625,3356600
2022-11-30,96.56999969482422,97.61000061035156,96.4000015258789,97.61000061035156,85.75314331054688,7127100
2022-12-01,97.5999984741211,98.5,97.56999969482422,98.4800033569336,86.68978881835938,17629100
2022-12-02,97.91999816894531,98.69000244140625,97.61000061035156,98.68000030517578,86.86583709716797,5783700
2022-12-05,98.08999633789062,98.12999725341797,97.62999725341797,97.68000030517578,85.9855728149414,6295800
2022-12-06,97.93000030517578,98.41000366210938,97.8499984741211,98.27999877929688,86.51372528076172,5745500
2022-12-07,98.68000030517578,99.25,98.62000274658203,99.13999938964844,87.2707748413086,5386200
2022-12-08,98.62000274658203,98.87999725341797,98.44999694824219,98.58000183105469,86.77779388427734,5325800
2022-12-09,98.29000091552734,98.37000274658203,97.8499984741211,97.8499984741211,86.13519287109375,4343100
2022-12-12,98.30000305175781,98.38999938964844,97.58000183105469,97.70999908447266,86.01195526123047,5192200
2022-12-13,99.13999938964844,99.26000213623047,98.5,98.58999633789062,86.7865982055664,7856600
2022-12-14,98.6500015258789,98.98999786376953,98.20999908447266,98.86000061035156,87.0242691040039,6533200
2022-12-15,98.80999755859375,99.01000213623047,98.55000305175781,98.86000061035156,87.19361114501953,4344200
2022-12-16,98.16999816894531,98.79000091552734,98.06999969482422,98.61000061035156,86.97313690185547,4432800
2022-12-19,98.05000305175781,98.05999755859375,97.7300033569336,97.80999755859375,86.26751708984375,3951100
2022-12-20,97.08000183105469,97.30999755859375,96.98999786376953,97.0999984741211,85.64131164550781,4199800
2022-12-21,97.5,97.54000091552734,97.08999633789062,97.22000122070312,85.74718475341797,4406600
2022-12-22,97.23999786376953,97.4800033569336,97.13999938964844,97.19000244140625,85.7207260131836,2143100
2022-12-23,96.7300033569336,96.94999694824219,96.69000244140625,96.75,85.3326187133789,3164900
2022-12-27,96.22000122070312,96.41000366210938,95.9000015258789,95.94000244140625,84.61820220947266,4780800
2022-12-28,96.08000183105469,96.16000366210938,95.69000244140625,95.70999908447266,84.41535186767578,3161200
2022-12-29,95.97000122070312,96.2699966430664,95.91999816894531,96.18000030517578,84.82991790771484,4021800
2022-12-30,95.86000061035156,96.2699966430664,95.62000274658203,95.77999877929688,84.4770736694336,5043800
2023-01-03,96.91000366210938,97.0,96.33999633789062,96.52999877929688,85.13859558105469,6808300
2023-01-04,97.33999633789062,97.41999816894531,96.98999786376953,97.2699966430664,85.79124450683594,7800100
2023-01-05,96.69999694824219,97.22000122070312,96.56999969482422,97.12999725341797,85.66775512695312,3177900
2023-01-06,97.16999816894531,98.43000030517578,97.08000183105469,98.37999725341797,86.77024841308594,6807700
2023-01-09,98.26000213623047,98.80999755859375,98.19999694824219,98.62999725341797,86.99078369140625,4988000
2023-01-10,98.22000122070312,98.33000183105469,97.83000183105469,98.01000213623047,86.44395446777344,4026900
2023-01-11,98.30000305175781,98.66000366210938,98.23999786376953,98.63999938964844,86.99958801269531,7118700
2023-01-12,98.95999908447266,99.5199966430664,98.4800033569336,99.5199966430664,87.7757339477539,5768000
2023-01-13,99.26000213623047,99.5,98.86000061035156,98.98999786376953,87.30828857421875,5573500
2023-01-17,98.66000366210938,99.0199966430664,98.63999938964844,98.68000030517578,87.03487396240234,3709000
2023-01-18,99.87000274658203,100.05999755859375,99.55000305175781,100.0199966430664,88.21674346923828,7926400
2023-01-19,99.81999969482422,99.9800033569336,99.62999725341797,99.83000183105469,88.04917907714844,4234100
2023-01-20,99.31999969482422,99.44999694824219,99.05999755859375,99.16999816894531,87.467041015625,8822700
2023-01-23,98.83999633789062,99.13999938964844,98.80999755859375,98.8499984741211,87.1847915649414,4334900
2023-01-24,98.9800033569336,99.44000244140625,98.6500015258789,99.41999816894531,87.68753814697266,3540300
2023-01-25,99.48999786376953,99.7300033569336,99.20999908447266,99.52999877929688,87.78455352783203,2924700
2023-01-26,99.33999633789062,99.52999877929688,99.02999877929688,99.16999816894531,87.467041015625,2875400
2023-01-27,98.80000305175781,99.0199966430664,98.7699966430664,99.0199966430664,87.3347396850586,5524100
2023-01-30,98.73999786376953,98.94999694824219,98.66000366210938,98.70999908447266,87.06132507324219,2584600
2023-01-31,99.16000366210938,99.25,98.73999786376953,99.20999908447266,87.50230407714844,4856400
2023-02-01,99.19999694824219,99.7699966430664,98.83000183105469,99.70999908447266,88.13163757324219,20159100
2023-02-02,100.0199966430664,100.20999908447266,99.63999938964844,99.66999816894531,88.09627532958984,5823000
2023-02-03,98.80999755859375,99.0,98.47000122070312,98.5999984741211,87.15055084228516,5267000
2023-02-06,97.9000015258789,98.04000091552734,97.69999694824219,97.75,86.39922332763672,5500400
2023-02-07,97.6500015258789,98.12999725341797,97.45999908447266,97.51000213623047,86.18709564208984,5678900
2023-02-08,97.61000061035156,97.87999725341797,97.4000015258789,97.87000274658203,86.50530242919922,6137600
2023-02-09,98.12000274658203,98.13999938964844,97.31999969482422,97.43000030517578,86.11639404296875,7358300
2023-02-10,97.3499984741211,97.37999725341797,96.88999938964844,96.95999908447266,85.70097351074219,5290000
2023-02-13,96.97000122070312,97.23999786376953,96.94999694824219,97.19000244140625,85.9042739868164,17262300
2023-02-14,96.88999938964844,97.12000274658203,96.48999786376953,96.75,85.51535034179688,7133600
2023-02-15,96.58000183105469,96.80000305175781,96.33000183105469,96.45999908447266,85.25902557373047,4964700
2023-02-16,96.2300033569336,96.43000030517578,96.05000305175781,96.13999938964844,84.97618865966797,27126400
2023-02-17,95.93000030517578,96.44000244140625,95.9000015258789,96.41000366210938,85.21483612060547,4540500
2023-02-21,95.75,95.83000183105469,95.33999633789062,95.36000061035156,84.28678894042969,11382100
2023-02-22,95.63999938964844,95.80999755859375,95.4800033569336,95.52999877929688,84.43702697753906,30136400
2023-02-23,95.55999755859375,96.0,95.51000213623047,95.9000015258789,84.76406860351562,7059800
2023-02-24,95.29000091552734,95.44999694824219,95.11000061035156,95.31999969482422,84.25142669677734,10757200
2023-02-27,95.66000366210938,95.76000213623047,95.44999694824219,95.61000061035156,84.50772857666016,3693200
2023-02-28,95.31999969482422,95.79000091552734,95.19999694824219,95.76000213623047,84.64031982421875,4690000
2023-03-01,95.13999938964844,95.30000305175781,94.75,94.80000305175781,83.96365356445312,8328600
2023-03-02,94.29000091552734,94.48999786376953,94.20999908447266,94.41000366210938,83.61822509765625,12952800
2023-03-03,94.91000366210938,95.16999816894531,94.62999725341797,95.16999816894531,84.29135131835938,5696900
2023-03-06,95.38999938964844,95.41999816894531,94.93000030517578,95.0,84.14080047607422,3766400
2023-03-07,95.16999816894531,95.29000091552734,94.77999877929688,95.01000213623047,84.1496353149414,5053300
2023-03-08,95.37999725341797,95.55999755859375,94.86000061035156,94.9800033569336,84.12306213378906,5163500
2023-03-09,95.13999938964844,95.72000122070312,95.08000183105469,95.56999969482422,84.6456298828125,12498800
2023-03-10,96.80999755859375,97.41999816894531,96.66999816894531,97.33000183105469,86.20446014404297,11041300
2023-03-13,98.94999694824219,99.41999816894531,98.13999938964844,98.51000213623047,87.24955749511719,23930600
2023-03-14,98.08999633789062,98.18000030517578,97.37999725341797,97.58000183105469,86.4258804321289,47886700
2023-03-15,99.26000213623047,99.77999877929688,98.5199966430664,98.98999786376953,87.67469024658203,25157400
2023-03-16,99.52999877929688,99.76000213623047,97.9800033569336,98.0999984741211,86.88642120361328,13961000
2023-03-17,98.86000061035156,99.62999725341797,98.7699966430664,99.26000213623047,87.91383361816406,12293700
2023-03-20,99.41999816894531,99.43000030517578,98.62999725341797,98.86000061035156,87.55956268310547,7982400
2023-03-21,98.18000030517578,98.45999908447266,97.86000061035156,98.0,86.79784393310547,9851600
2023-03-22,97.83000183105469,99.37000274658203,97.75,99.29000091552734,87.94042205810547,10705200
2023-03-23,99.12999725341797,99.94000244140625,98.9800033569336,99.86000061035156,88.44525146484375,7118800
2023-03-24,100.44000244140625,100.58000183105469,99.76000213623047,99.88999938964844,88.4718017578125,9135800
2023-03-27,98.94000244140625,99.13999938964844,98.62999725341797,98.66000366210938,87.38243103027344,8284400
2023-03-28,98.44999694824219,98.75,98.36000061035156,98.5999984741211,87.32928466796875,13324800
2023-03-29,98.2300033569336,98.62000274658203,98.19000244140625,98.43000030517578,87.1786880493164,13404700
2023-03-30,98.33999633789062,98.66999816894531,98.30999755859375,98.58000183105469,87.31156158447266,4157500
2023-03-31,98.73999786376953,99.19000244140625,98.58000183105469,99.12000274658203,87.78984832763672,6330100
2023-04-03,98.80999755859375,99.55999755859375,98.73999786376953,99.38999938964844,88.20338439941406,7226600
2023-04-04,98.97000122070312,100.13999938964844,98.94999694824219,100.02999877929688,88.77135467529297,6763200
2023-04-05,100.4000015258789,100.7699966430664,100.30000305175781,100.44999694824219,89.14408874511719,6257100
2023-04-06,100.48999786376953,100.72000122070312,100.45999908447266,100.4800033569336,89.17072296142578,4264700
2023-04-10,99.69000244140625,99.76000213623047,99.37000274658203,99.48999786376953,88.2921371459961,6025100
2023-04-11,99.56999969482422,99.58000183105469,99.22000122070312,99.44999694824219,88.2566146850586,5459000
2023-04-12,99.91000366210938,99.94999694824219,99.29000091552734,99.73999786376953,88.51397705078125,5857200
2023-04-13,99.9000015258789,100.06999969482422,99.33000183105469,99.41000366210938,88.22114562988281,39858200
2023-04-14,99.08000183105469,99.0999984741211,98.79000091552734,98.91999816894531,87.78630065917969,4968500
2023-04-17,98.54000091552734,98.5999984741211,98.26000213623047,98.29000091552734,87.2271957397461,5681000
2023-04-18,98.31999969482422,98.66999816894531,98.30000305175781,98.44999694824219,87.36919403076172,5061300
2023-04-19,98.22000122070312,98.30999755859375,97.9800033569336,98.23999786376953,87.18282318115234,4648100
2023-04-20,98.77999877929688,98.88999938964844,98.68000030517578,98.80999755859375,87.68867492675781,4608000
2023-04-21,99.0199966430664,99.0999984741211,98.48999786376953,98.56999969482422,87.47567749023438,5948100
2023-04-24,98.83999633789062,99.06999969482422,98.7699966430664,99.05000305175781,87.90165710449219,5143700
2023-04-25,99.61000061035156,100.06999969482422,99.58999633789062,100.02999877929688,88.77135467529297,13076800
2023-04-26,100.01000213623047,100.12999725341797,99.48999786376953,99.63999938964844,88.42523956298828,5903000
2023-04-27,99.2300033569336,99.27999877929688,98.87999725341797,98.98999786376953,87.84843444824219,5065800
2023-04-28,99.58999633789062,99.73999786376953,99.37000274658203,99.7300033569336,88.505126953125,8525900
2023-05-01,99.11000061035156,99.16999816894531,98.19000244140625,98.31999969482422,87.46343231201172,17442000
2023-05-02,98.66000366210938,99.62999725341797,98.5999984741211,99.5999984741211,88.60208129882812,8540700
2023-05-03,99.87000274658203,100.27999877929688,99.69000244140625,100.25,89.18028259277344,9534800
2023-05-04,99.9800033569336,100.80000305175781,99.95999908447266,100.2300033569336,89.16251373291016,12014100
2023-05-05,99.6500015258789,99.7300033569336,99.44000244140625,99.69000244140625,88.68215942382812,11254400
2023-05-08,99.06999969482422,99.29000091552734,99.02999877929688,99.08000183105469,88.13949584960938,7022400
2023-05-09,99.06999969482422,99.16999816894531,98.94000244140625,98.95999908447266,88.0327377319336,7317200
2023-05-10,99.41000366210938,99.77999877929688,99.4000015258789,99.69999694824219,88.6910400390625,9930800
2023-05-11,100.29000091552734,100.41000366210938,99.95999908447266,100.06999969482422,89.02017974853516,5979600
2023-05-12,99.98999786376953,100.06999969482422,99.44000244140625,99.47000122070312,88.4864501953125,5107300
2023-05-15,99.19000244140625,99.25,99.12000274658203,99.25,88.29071807861328,4459100
2023-05-16,98.87000274658203,99.0,98.6500015258789,98.93000030517578,88.00604248046875,7194000
2023-05-17,98.98999786376953,99.0199966430664,98.48999786376953,98.61000061035156,87.7214126586914,5542600
2023-05-18,98.25,98.26000213623047,97.95999908447266,98.0,87.17872619628906,9448900
2023-05-19,97.6500015258789,98.0999984741211,97.45999908447266,97.62999725341797,86.849609375,12923500
2023-05-22,97.6500015258789,97.9000015258789,97.4000015258789,97.44999694824219,86.68949127197266,7034700
2023-05-23,97.30999755859375,97.7300033569336,97.2300033569336,97.61000061035156,86.8318099975586,8264200
2023-05-24,97.7300033569336,97.7699966430664,97.30999755859375,97.36000061035156,86.60940551757812,7415400
2023-05-25,97.18000030517578,97.26000213623047,96.66999816894531,96.75,86.0667953491211,11647700
2023-05-26,96.5999984741211,96.93000030517578,96.38999938964844,96.93000030517578,86.22689819335938,7408900
2023-05-30,97.22000122070312,97.69000244140625,97.1500015258789,97.69000244140625,86.90298461914062,7883000
2023-05-31,97.75,98.20999908447266,97.62000274658203,98.05999755859375,87.23213958740234,10817900
2023-06-01,98.12000274658203,98.37999725341797,97.97000122070312,98.0999984741211,87.47467041015625,18161600
2023-06-02,97.93000030517578,97.95999908447266,97.23999786376953,97.31999969482422,86.77915954589844,7585400
2023-06-05,96.91999816894531,97.55999755859375,96.81999969482422,97.29000091552734,86.75239562988281,6243100
2023-06-06,97.33000183105469,97.37999725341797,97.05999755859375,97.3499984741211,86.80589294433594,3986200
2023-06-07,97.22000122070312,97.31999969482422,96.54000091552734,96.63999938964844,86.17278289794922,8226600
2023-06-08,96.80999755859375,97.30999755859375,96.7699966430664,97.29000091552734,86.75239562988281,5841900
2023-06-09,96.95999908447266,97.08000183105469,96.7699966430664,96.94000244140625,86.4403076171875,6421900
2023-06-12,97.08999633789062,97.12000274658203,96.66999816894531,97.0999984741211,86.58297729492188,5261700
2023-06-13,97.25,97.31999969482422,96.26000213623047,96.41000366210938,85.96770477294922,9173500
2023-06-14,96.69999694824219,96.83000183105469,96.18000030517578,96.54000091552734,86.08362579345703,7704400
2023-06-15,97.11000061035156,97.36000061035156,96.9800033569336,97.29000091552734,86.75239562988281,5959100
2023-06-16,96.80999755859375,97.05000305175781,96.58999633789062,96.87000274658203,86.37789916992188,6538100
2023-06-20,97.05000305175781,97.38999938964844,97.05000305175781,97.16000366210938,86.63648223876953,5477300
2023-06-21,96.9000015258789,97.33000183105469,96.75,97.25,86.71672821044922,5119600
2023-06-22,96.95999908447266,97.12999725341797,96.62999725341797,96.69999694824219,86.2262954711914,4102100
2023-06-23,97.47000122070312,97.5,96.9800033569336,97.0999984741211,86.58297729492188,4112100
2023-06-26,97.3499984741211,97.43000030517578,97.16000366210938,97.33999633789062,86.7969970703125,2976600
2023-06-27,97.31999969482422,97.5,96.87000274658203,97.0,86.49380493164062,4752500
2023-06-28,97.13999938964844,97.43000030517578,96.94999694824219,97.38999938964844,86.8415756225586,5257300
2023-06-29,96.51000213623047,96.58000183105469,96.22000122070312,96.38999938964844,85.94987487792969,8268700
2023-06-30,96.41999816894531,96.66000366210938,96.30999755859375,96.5999984741211,86.13711547851562,7450600
2023-07-03,96.31999969482422,96.62000274658203,95.94999694824219,95.94999694824219,85.76351165771484,4687100
2023-07-05,95.94999694824219,96.0,95.37000274658203,95.48999786376953,85.35234069824219,10181200
2023-07-06,94.76000213623047,94.86000061035156,94.36000061035156,94.70999908447266,84.6551513671875,9285100
2023-07-07,94.58000183105469,94.94999694824219,94.54000091552734,94.58999633789062,84.54788970947266,6577600
2023-07-10,94.73999786376953,95.22000122070312,94.7300033569336,95.08000183105469,84.98588562011719,6622700
2023-07-11,95.26000213623047,95.41999816894531,95.12999725341797,95.27999877929688,85.16463470458984,6327100
2023-07-12,95.91000366210938,96.33999633789062,95.7699966430664,96.20999908447266,85.99591827392578,8255100
2023-07-13,96.68000030517578,97.06999969482422,96.58000183105469,97.01000213623047,86.71098327636719,9742600
2023-07-14,96.80000305175781,96.91999816894531,96.48999786376953,96.52999877929688,86.28194427490234,7491100
2023-07-17,96.5999984741211,96.77999877929688,96.4800033569336,96.69000244140625,86.4249496459961,3182400
2023-07-18,97.0,97.12000274658203,96.73999786376953,96.80000305175781,86.52328491210938,3626500
2023-07-19,96.9800033569336,97.19000244140625,96.79000091552734,97.12999725341797,86.81822967529297,5059300
2023-07-20,96.62999725341797,96.66999816894531,96.19000244140625,96.36000061035156,86.1300048828125,9486600
2023-07-21,96.56999969482422,96.66000366210938,96.41000366210938,96.44000244140625,86.20149230957031,4560100
2023-07-24,96.61000061035156,96.70999908447266,96.16999816894531,96.20999908447266,85.99591827392578,7451100
2023-07-25,95.83000183105469,96.08999633789062,95.81999969482422,96.02999877929688,85.83502960205078,4079300
2023-07-26,96.25,96.41000366210938,95.97000122070312,96.36000061035156,86.1300048828125,4880100
2023-07-27,95.98999786376953,96.0999984741211,95.18000030517578,95.30999755859375,85.19143676757812,8522800
2023-07-28,95.52999877929688,95.73999786376953,95.44000244140625,95.62000274658203,85.46855926513672,5794100
2023-07-31,95.58000183105469,95.91000366210938,95.56999969482422,95.73999786376953,85.57581329345703,6347000
2023-08-01,95.04000091552734,95.18000030517578,94.77999877929688,94.94000244140625,85.07579803466797,7714000
2023-08-02,94.66000366210938,94.79000091552734,94.36000061035156,94.75,84.905517578125,8009200
2023-08-03,94.11000061035156,94.25,93.95999908447266,94.05000305175781,84.27824401855469,11057900
2023-08-04,94.4000015258789,95.12999725341797,94.4000015258789,95.05000305175781,85.17436218261719,10189900
2023-08-07,94.93000030517578,94.9800033569336,94.70999908447266,94.81999969482422,84.9682388305664,4007400
2023-08-08,95.30999755859375,95.54000091552734,95.19000244140625,95.30000305175781,85.39836120605469,5401400
2023-08-09,95.30000305175781,95.5199966430664,95.26000213623047,95.36000061035156,85.4521713256836,5317200
2023-08-10,95.36000061035156,95.54000091552734,94.62000274658203,94.62999725341797,84.7979736328125,8462100
2023-08-11,94.23999786376953,94.55999755859375,94.08999633789062,94.12999725341797,84.34994506835938,5915000
2023-08-14,93.9800033569336,94.26000213623047,93.77999877929688,93.9800033569336,84.21554565429688,6218400
2023-08-15,93.87999725341797,94.18000030517578,93.75,93.80000305175781,84.05422973632812,9602600
2023-08-16,93.77999877929688,94.0,93.37000274658203,93.44000244140625,83.7316665649414,7199600
2023-08-17,93.41000366210938,93.47000122070312,93.05999755859375,93.31999969482422,83.62410736083984,9858300
2023-08-18,93.48999786376953,93.80999755859375,93.44000244140625,93.5999984741211,83.87503814697266,7510500
2023-08-21,93.16000366210938,93.19999694824219,92.91000366210938,93.0199966430664,83.35525512695312,10864000
2023-08-22,92.94000244140625,93.16000366210938,92.8499984741211,93.05999755859375,83.3910903930664,6330500
2023-08-23,93.62999725341797,94.06999969482422,93.5999984741211,94.06999969482422,84.2961654663086,8550500
2023-08-24,93.77999877929688,94.05000305175781,93.69000244140625,93.72000122070312,83.9825439453125,5735800
2023-08-25,93.58999633789062,93.93000030517578,93.33999633789062,93.69000244140625,83.95565795898438,7895700
2023-08-28,93.91000366210938,93.9800033569336,93.70999908447266,93.94999694824219,84.18863677978516,3301700
2023-08-29,93.7300033569336,94.66000366210938,93.70999908447266,94.62000274658203,84.78900146484375,7064200
2023-08-30,94.73999786376953,94.79000091552734,94.55000305175781,94.61000061035156,84.78008270263672,6346700
2023-08-31,94.72000122070312,94.94000244140625,94.62999725341797,94.80000305175781,84.95032501220703,6167300
2023-09-01,94.56999969482422,94.58000183105469,93.86000061035156,93.9800033569336,84.43106842041016,7746600
2023-09-05,93.70999908447266,93.72000122070312,93.37000274658203,93.41000366210938,83.91897583007812,4993400
2023-09-06,93.56999969482422,93.58999633789062,93.12000274658203,93.16999816894531,83.70335388183594,7344100
2023-09-07,93.38999938964844,93.52999877929688,93.29000091552734,93.48999786376953,83.99082946777344,7137500
2023-09-08,93.72000122070312,93.86000061035156,93.47000122070312,93.51000213623047,84.0088119506836,4648500
2023-09-11,93.30999755859375,93.44000244140625,93.23999786376953,93.3499984741211,83.8650894165039,4321700
2023-09-12,93.37999725341797,93.5,93.2699966430664,93.4800033569336,83.98187255859375,4998400
2023-09-13,93.33999633789062,93.72000122070312,93.31999969482422,93.58999633789062,84.08067321777344,6675400
2023-09-14,93.66000366210938,93.73999786376953,93.31999969482422,93.37999725341797,83.89203643798828,6421000
2023-09-15,93.2300033569336,93.29000091552734,93.0199966430664,93.08999633789062,83.6314926147461,9367700
2023-09-18,92.97000122070312,93.25,92.97000122070312,93.18000030517578,83.71234130859375,4622200
2023-09-19,92.97000122070312,93.13999938964844,92.80000305175781,92.83999633789062,83.40687561035156,7536800
2023-09-20,93.0999984741211,93.23999786376953,92.75,92.7699966430664,83.343994140625,10751800
2023-09-21,92.12999725341797,92.22000122070312,92.0199966430664,92.08000183105469,82.7240982055664,8702500
2023-09-22,92.16999816894531,92.5199966430664,92.0999984741211,92.44000244140625,83.0475082397461,8637800
2023-09-25,91.8499984741211,92.0199966430664,91.72000122070312,91.76000213623047,82.4366226196289,11712000
2023-09-26,91.93000030517578,91.98999786376953,91.62000274658203,91.7300033569336,82.40967559814453,8281800
2023-09-27,91.97000122070312,92.01000213623047,91.08000183105469,91.31999969482422,82.04132080078125,10586100
2023-09-28,91.11000061035156,91.58999633789062,90.8499984741211,91.56999969482422,82.26592254638672,11654600
2023-09-29,91.94999694824219,92.04000091552734,91.44999694824219,91.58999633789062,82.28387451171875,13488300
2023-10-02,90.88999938964844,90.98999786376953,90.5,90.61000061035156,81.616455078125,21010000
2023-10-03,90.41999816894531,90.58999633789062,89.80999755859375,89.86000061035156,80.94087219238281,21364700
2023-10-04,90.13999938964844,90.4800033569336,89.93000030517578,90.43000030517578,81.45429229736328,14054000
2023-10-05,90.63999938964844,90.66000366210938,90.41000366210938,90.5999984741211,81.6074447631836,11315900
2023-10-06,89.7699966430664,90.36000061035156,89.69000244140625,90.06999969482422,81.1300277709961,12257100
2023-10-09,90.75,91.22000122070312,90.61000061035156,91.22000122070312,82.16587829589844,5816700
2023-10-10,90.76000213623047,91.29000091552734,90.6500015258789,91.04000091552734,82.00374603271484,11508300
2023-10-11,91.4000015258789,91.5999984741211,91.19999694824219,91.54000091552734,82.45414733886719,14815800
2023-10-12,91.33999633789062,91.38999938964844,90.55000305175781,90.66000366210938,81.66146850585938,12855900
2023-10-13,91.31999969482422,91.36000061035156,91.05999755859375,91.23999786376953,82.18392181396484,9872500
2023-10-16,90.70999908447266,90.7699966430664,90.58000183105469,90.69999694824219,81.69750213623047,7248000
2023-10-17,89.9000015258789,90.04000091552734,89.6500015258789,89.80999755859375,80.89582824707031,11191600
2023-10-18,89.55999755859375,89.69000244140625,89.23999786376953,89.38999938964844,80.51753234863281,13794200
2023-10-19,89.13999938964844,89.5,88.86000061035156,88.94999694824219,80.12118530273438,27116700
2023-10-20,89.2699966430664,89.5999984741211,89.25,89.47000122070312,80.58958435058594,12587100
2023-10-23,89.1500015258789,90.0,89.01000213623047,89.88999938964844,80.96790313720703,12365000
2023-10-24,89.81999969482422,90.05999755859375,89.61000061035156,90.05000305175781,81.1120376586914,10906000
2023-10-25,89.58000183105469,89.61000061035156,89.1500015258789,89.26000213623047,80.40044403076172,15170200
2023-10-26,89.3499984741211,89.9800033569336,89.33000183105469,89.94000244140625,81.01294708251953,15901300
2023-10-27,89.87000274658203,90.08999633789062,89.70999908447266,90.08000183105469,81.13906860351562,11628200
2023-10-30,89.63999938964844,89.93000030517578,89.4800033569336,89.77999877929688,80.86881256103516,11022500
2023-10-31,89.83000183105469,90.0199966430664,89.56999969482422,89.58999633789062,80.69768524169922,11574700
2023-11-01,89.5999984741211,90.41999816894531,89.55999755859375,90.37000274658203,81.62715148925781,22448900
2023-11-02,91.05999755859375,91.22000122070312,90.7300033569336,90.93000030517578,82.13294982910156,14046200
2023-11-03,92.04000091552734,92.23999786376953,91.62000274658203,91.62999725341797,82.76522064208984,23133700
2023-11-06,91.29000091552734,91.31999969482422,91.0,91.0999984741211,82.28652954101562,11246700
2023-11-07,91.38999938964844,91.81999969482422,91.38999938964844,91.62000274658203,82.75621032714844,13189400
2023-11-08,91.63999938964844,92.08000183105469,91.62999725341797,91.98999786376953,83.09039306640625,11117600
2023-11-09,91.83000183105469,91.83999633789062,91.02999877929688,91.08000183105469,82.26842498779297,17067900
2023-11-10,91.45999908447266,91.4800033569336,91.08000183105469,91.18000030517578,82.35875701904297,10674700
2023-11-13,90.83000183105469,91.16000366210938,90.69000244140625,91.12999725341797,82.31358337402344,8930200
2023-11-14,92.43000030517578,92.56999969482422,92.27999877929688,92.5,83.55107116699219,14313600
2023-11-15,92.05000305175781,92.05999755859375,91.69999694824219,91.77999877929688,82.90072631835938,12969400
2023-11-16,92.31999969482422,92.61000061035156,92.30999755859375,92.47000122070312,83.52394104003906,10375600
2023-11-17,92.58000183105469,92.62999725341797,92.3499984741211,92.52999877929688,83.57817840576172,8462000
2023-11-20,92.33999633789062,92.72000122070312,92.30999755859375,92.66000366210938,83.69557189941406,7481200
2023-11-21,92.7699966430664,92.91000366210938,92.54000091552734,92.77999877929688,83.80397033691406,9153300
2023-11-22,92.91999816894531,92.98999786376953,92.5199966430664,92.75,83.7768783569336,7255100
2023-11-24,92.3499984741211,92.41999816894531,92.26000213623047,92.2699966430664,83.34331512451172,4125800
2023-11-27,92.55000305175781,92.9800033569336,92.48999786376953,92.97000122070312,83.97557830810547,9539800
2023-11-28,92.86000061035156,93.41000366210938,92.80999755859375,93.37999725341797,84.345947265625,13563300
2023-11-29,93.72000122070312,93.97000122070312,93.58999633789062,93.87000274658203,84.78849792480469,19075400
2023-11-30,93.5199966430664,93.55000305175781,93.22000122070312,93.41000366210938,84.37300109863281,18446700
2023-12-01,93.13999938964844,94.08999633789062,93.11000061035156,94.04000091552734,85.16909790039062,21393200
2023-12-04,93.68000030517578,93.88999938964844,93.44999694824219,93.6500015258789,84.81587982177734,16402000
2023-12-05,94.05000305175781,94.41000366210938,93.98999786376953,94.30999755859375,85.41365051269531,25452100
2023-12-06,94.5199966430664,94.79000091552734,94.41000366210938,94.69999694824219,85.7668685913086,14023400
2023-12-07,94.5,94.86000061035156,94.45999908447266,94.55999755859375,85.6400375366211,13730100
2023-12-08,94.02999877929688,94.1500015258789,93.7300033569336,93.94999694824219,85.08760070800781,13825300
2023-12-11,93.75,94.0,93.55999755859375,93.95999908447266,85.09664154052734,10484600
2023-12-12,93.94999694824219,94.22000122070312,93.86000061035156,94.16000366210938,85.27779388427734,7248000
2023-12-13,94.44000244140625,95.68000030517578,94.37000274658203,95.55999755859375,86.54572296142578,16155200
2023-12-14,95.7699966430664,96.2699966430664,95.72000122070312,96.06999969482422,87.26513671875,32373200
2023-12-15,95.88999938964844,96.1500015258789,95.83999633789062,95.98999786376953,87.19245910644531,9407100
2023-12-18,95.80999755859375,95.81999969482422,95.62999725341797,95.77999877929688,87.00169372558594,8634100
2023-12-19,95.94000244140625,96.13999938964844,95.88999938964844,95.95999908447266,87.16522979736328,9047100
2023-12-20,96.18000030517578,96.48999786376953,95.9800033569336,96.43000030517578,87.5921401977539,12659100
2023-12-21,96.63999938964844,96.69999694824219,96.1500015258789,96.27999877929688,87.4559097290039,8939700
2023-12-22,96.45999908447266,96.4800033569336,96.05000305175781,96.19000244140625,87.3741455078125,4956400
2023-12-26,96.1500015258789,96.33999633789062,96.12999725341797,96.25,87.42864227294922,3342500
2023-12-27,96.66000366210938,97.04000091552734,96.58999633789062,97.0,88.10990905761719,7362400
2023-12-28,96.80000305175781,96.95999908447266,96.52999877929688,96.62999725341797,87.77381134033203,4858500
2023-12-29,96.3499984741211,96.63999938964844,96.29000091552734,96.38999938964844,87.5558090209961,7820500
2024-01-02,95.94000244140625,96.1500015258789,95.91999816894531,96.02999877929688,87.22879791259766,9444000
2024-01-03,95.61000061035156,96.33999633789062,95.52999877929688,96.26000213623047,87.4377212524414,11040500
2024-01-04,95.69000244140625,95.83000183105469,95.58000183105469,95.68000030517578,86.91087341308594,7354800
2024-01-05,95.33000183105469,96.0199966430664,95.26000213623047,95.33000183105469,86.59294891357422,10001000
2024-01-08,95.38999938964844,95.95999908447266,95.36000061035156,95.6500015258789,86.88362884521484,7044700
2024-01-09,95.5199966430664,95.75,95.5199966430664,95.61000061035156,86.8472900390625,7360800
2024-01-10,95.79000091552734,95.86000061035156,95.44000244140625,95.45999908447266,86.71102905273438,9212700
2024-01-11,95.5999984741211,96.04000091552734,95.4800033569336,95.97000122070312,87.17430877685547,10305400
2024-01-12,96.2300033569336,96.4800033569336,96.0199966430664,96.2300033569336,87.41046905517578,8469600
2024-01-16,95.83999633789062,95.95999908447266,95.31999969482422,95.44999694824219,86.70198059082031,9847100
2024-01-17,95.16999816894531,95.2300033569336,94.94999694824219,95.13999938964844,86.42036437988281,9170700
2024-01-18,95.0999984741211,95.16999816894531,94.83000183105469,94.93000030517578,86.22962951660156,8910100
2024-01-19,94.77999877929688,94.95999908447266,94.54000091552734,94.94000244140625,86.23870849609375,17711100
2024-01-22,95.27999877929688,95.38999938964844,95.1500015258789,95.2300033569336,86.50211334228516,9831500
2024-01-23,95.0,95.0199966430664,94.87000274658203,94.98999786376953,86.28411865234375,6428600
2024-01-24,95.33999633789062,95.37000274658203,94.66000366210938,94.72000122070312,86.0388412475586,9718000
2024-01-25,95.05000305175781,95.16000366210938,94.9000015258789,95.12999725341797,86.4112777709961,11588100
2024-01-26,95.05000305175781,95.05000305175781,94.83999633789062,94.95999908447266,86.25688171386719,9134600
2024-01-29,95.25,95.62000274658203,95.18000030517578,95.52999877929688,86.77462768554688,6947500
2024-01-30,95.69000244140625,95.73999786376953,95.1500015258789,95.66000366210938,86.89269256591797,7265800
2024-01-31,96.08999633789062,96.4800033569336,95.98999786376953,96.45999908447266,87.619384765625,15778300
2024-02-01,96.5999984741211,97.11000061035156,96.33999633789062,96.81999969482422,88.16211700439453,33372900
2024-02-02,95.73999786376953,95.9000015258789,95.37999725341797,95.55999755859375,87.01476287841797,13809200
2024-02-05,94.9000015258789,94.98999786376953,94.52999877929688,94.62999725341797,86.16792297363281,12147700
2024-02-06,94.73999786376953,95.2300033569336,94.70999908447266,95.13999938964844,86.63231658935547,9327000
2024-02-07,94.97000122070312,95.3499984741211,94.94000244140625,94.97000122070312,86.47754669189453,8619800
2024-02-08,94.76000213623047,94.83999633789062,94.56999969482422,94.66000366210938,86.19523620605469,7808000
2024-02-09,94.43000030517578,94.56999969482422,94.4000015258789,94.48999786376953,86.04045867919922,8492500
2024-02-12,94.56999969482422,94.69000244140625,94.4000015258789,94.58000183105469,86.12240600585938,7023600
2024-02-13,93.87999725341797,93.97000122070312,93.5199966430664,93.54000091552734,85.1754150390625,11978400
2024-02-14,93.63999938964844,94.05999755859375,93.63999938964844,93.88999938964844,85.49410247802734,8979600
2024-02-15,94.30000305175781,94.4000015258789,94.02999877929688,94.1500015258789,85.73082733154297,6788300
2024-02-16,93.5999984741211,93.79000091552734,93.55000305175781,93.73999786376953,85.35751342773438,7147400
2024-02-20,93.93000030517578,94.12000274658203,93.88999938964844,93.9000015258789,85.50320434570312,8286300
2024-02-21,93.97000122070312,94.0199966430664,93.54000091552734,93.5999984741211,85.23002624511719,6433900
2024-02-22,93.56999969482422,93.79000091552734,93.44000244140625,93.61000061035156,85.23912048339844,8688500
2024-02-23,93.63999938964844,94.11000061035156,93.63999938964844,94.04000091552734,85.63068389892578,6426700
2024-02-26,94.05000305175781,94.05999755859375,93.68000030517578,93.9000015258789,85.50320434570312,6417200
2024-02-27,93.76000213623047,93.91999816894531,93.62999725341797,93.69000244140625,85.3119888305664,7540600
2024-02-28,93.80000305175781,94.02999877929688,93.73999786376953,94.02999877929688,85.62159729003906,5293600
2024-02-29,94.0999984741211,94.33000183105469,94.08000183105469,94.22000122070312,85.79461669921875,11919200
2024-03-01,93.8499984741211,94.45999908447266,93.62000274658203,94.4000015258789,86.186279296875,11857200
2024-03-04,94.08000183105469,94.29000091552734,94.06999969482422,94.19000244140625,85.99452209472656,6641600
2024-03-05,94.66999816894531,94.94000244140625,94.55999755859375,94.7699966430664,86.52408599853516,7673100
2024-03-06,94.94000244140625,95.19000244140625,94.88999938964844,95.0,86.73405456542969,9499200
2024-03-07,95.19000244140625,95.22000122070312,94.91999816894531,95.16000366210938,86.88015747070312,8420900
2024-03-08,95.31999969482422,95.38999938964844,95.1500015258789,95.2300033569336,86.94404602050781,8103600
2024-03-11,95.26000213623047,95.29000091552734,95.0199966430664,95.11000061035156,86.83448028564453,5568200
2024-03-12,94.83999633789062,94.87000274658203,94.61000061035156,94.72000122070312,86.4784164428711,6556500
2024-03-13,94.58000183105469,94.6500015258789,94.47000122070312,94.51000213623047,86.28671264648438,9708400
2024-03-14,94.16000366210938,94.16999816894531,93.79000091552734,93.80999755859375,85.64759063720703,10055900
2024-03-15,93.73999786376953,93.81999969482422,93.62999725341797,93.6500015258789,85.50151062011719,6591400
2024-03-18,93.62000274658203,93.69999694824219,93.44999694824219,93.54000091552734,85.4011001586914,5319700
2024-03-19,93.7300033569336,93.94000244140625,93.66999816894531,93.80999755859375,85.64759063720703,5470300
2024-03-20,93.91000366210938,94.3499984741211,93.69999694824219,94.02999877929688,85.84847259521484,10190800
2024-03-21,94.20999908447266,94.27999877929688,93.95999908447266,94.04000091552734,85.85758209228516,8271200
2024-03-22,94.55999755859375,94.55999755859375,94.41000366210938,94.5,86.27757263183594,6119800
2024-03-25,94.41000366210938,94.41000366210938,94.19000244140625,94.25,86.04930114746094,4488900
2024-03-26,94.22000122070312,94.41000366210938,94.11000061035156,94.38999938964844,86.17713165283203,5477600
2024-03-27,94.5,94.79000091552734,94.48999786376953,94.75,86.50580596923828,4838500
2024-03-28,94.54000091552734,94.7699966430664,94.4800033569336,94.66000366210938,86.42362976074219,7561400
2024-04-01,93.98999786376953,93.98999786376953,93.45999908447266,93.52999877929688,85.64165496826172,10854000
2024-04-02,93.11000061035156,93.37000274658203,93.0199966430664,93.33000183105469,85.45854187011719,7214900
2024-04-03,92.94999694824219,93.44000244140625,92.86000061035156,93.44000244140625,85.55926513671875,12908000
2024-04-04,93.63999938964844,93.77999877929688,93.37999725341797,93.76000213623047,85.85227966308594,6960500
2024-04-05,93.25,93.54000091552734,93.12999725341797,93.13999938964844,85.2845458984375,6334600
2024-04-08,92.91000366210938,93.05999755859375,92.80999755859375,92.93000030517578,85.09227752685547,7115100
2024-04-09,93.19999694824219,93.37999725341797,93.19999694824219,93.30000305175781,85.43106842041016,5151100
2024-04-10,92.51000213623047,92.56999969482422,91.91999816894531,92.05999755859375,84.29562377929688,14993700
2024-04-11,92.2300033569336,92.2699966430664,91.80999755859375,91.93000030517578,84.1766128540039,9371400
2024-04-12,92.41000366210938,92.55999755859375,92.30999755859375,92.30999755859375,84.52455139160156,11675600
2024-04-15,91.68000030517578,91.73999786376953,91.3499984741211,91.72000122070312,83.98432159423828,12315300
2024-04-16,91.31999969482422,91.52999877929688,91.18000030517578,91.36000061035156,83.65467071533203,12027200
2024-04-17,91.69000244140625,92.01000213623047,91.54000091552734,91.94000244140625,84.18577575683594,10515400
2024-04-18,91.8499984741211,91.8499984741211,91.5,91.62000274658203,83.89274597167969,6964500
2024-04-19,91.83999633789062,91.86000061035156,91.63999938964844,91.73999786376953,84.00263214111328,6125800
2024-04-22,91.56999969482422,91.81999969482422,91.55000305175781,91.75,84.01181030273438,4002900
2024-04-23,91.62999725341797,92.0999984741211,91.54000091552734,91.87000274658203,84.12169647216797,8319800
2024-04-24,91.66000366210938,91.69000244140625,91.44000244140625,91.58999633789062,83.86527252197266,7567400
2024-04-25,91.08999633789062,91.33000183105469,91.0199966430664,91.23999786376953,83.54481506347656,5784300
2024-04-26,91.44999694824219,91.62999725341797,91.41999816894531,91.48999786376953,83.77371978759766,5432600
2024-04-29,91.69999694824219,91.87999725341797,91.62000274658203,91.86000061035156,84.11251831054688,4846500
2024-04-30,91.51000213623047,91.6500015258789,91.3499984741211,91.43000030517578,83.71878814697266,7516700
2024-05-01,91.43000030517578,91.86000061035156,91.19000244140625,91.5199966430664,84.0503158569336,12392500
2024-05-02,91.5199966430664,92.01000213623047,91.44999694824219,91.94999694824219,84.44522857666016,8661500
2024-05-03,92.61000061035156,92.69999694824219,92.22000122070312,92.45999908447266,84.91358184814453,8501100
2024-05-06,92.5,92.63999938964844,92.41000366210938,92.54000091552734,84.987060546875,4043400
2024-05-07,92.87000274658203,93.0199966430664,92.69999694824219,92.77999877929688,85.20745849609375,7776200
2024-05-08,92.58000183105469,92.66000366210938,92.51000213623047,92.5199966430664,84.96869659423828,9024000
2024-05-09,92.5,92.87000274658203,92.47000122070312,92.80000305175781,85.2258529663086,9625200
2024-05-10,92.5999984741211,92.63999938964844,92.44999694824219,92.5,84.9503402709961,3205000
2024-05-13,92.73999786376953,92.7699966430664,92.5999984741211,92.61000061035156,85.05136108398438,3228700
2024-05-14,92.79000091552734,92.91999816894531,92.69000244140625,92.87999725341797,85.29932403564453,4688800
2024-05-15,93.41999816894531,93.6500015258789,93.30000305175781,93.58000183105469,85.94219970703125,11384500
2024-05-16,93.61000061035156,93.61000061035156,93.37000274658203,93.4000015258789,85.77687072753906,4278400
2024-05-17,93.25,93.33000183105469,93.08999633789062,93.11000061035156,85.51054382324219,3883900
2024-05-20,92.9800033569336,93.05999755859375,92.94000244140625,92.97000122070312,85.38196563720703,4575900
2024-05-21,93.25,93.29000091552734,93.16000366210938,93.20999908447266,85.60238647460938,2669700
2024-05-22,92.9800033569336,93.19999694824219,92.97000122070312,93.08999633789062,85.49219512939453,3616300
2024-05-23,93.12999725341797,93.13999938964844,92.62000274658203,92.76000213623047,85.18911743164062,6005500
2024-05-24,92.66999816894531,92.88999938964844,92.63999938964844,92.87999725341797,85.29932403564453,3926400
2024-05-28,92.95999908447266,92.9800033569336,92.33999633789062,92.36000061035156,84.82176208496094,8761400
2024-05-29,92.12999725341797,92.13999938964844,91.72000122070312,91.91000366210938,84.40850067138672,10126800
2024-05-30,92.22000122070312,92.38999938964844,92.16999816894531,92.37000274658203,84.83094024658203,5069500
2024-05-31,92.6500015258789,92.81999969482422,92.61000061035156,92.80000305175781,85.2258529663086,4807400
2024-06-03,92.6500015258789,93.18000030517578,92.6500015258789,93.12999725341797,85.7840347290039,7675900
2024-06-04,93.44000244140625,93.7300033569336,93.37999725341797,93.63999938964844,86.25382232666016,8752000
2024-06-05,93.76000213623047,93.98999786376953,93.48999786376953,93.9800033569336,86.56700897216797,6466800
2024-06-06,93.81999969482422,94.02999877929688,93.79000091552734,93.94000244140625,86.53016662597656,5849400
2024-06-07,93.13999938964844,93.16000366210938,92.94000244140625,92.94999694824219,85.61824798583984,7125100
2024-06-10,92.77999877929688,92.83999633789062,92.66000366210938,92.75,85.43402862548828,3938900
2024-06-11,92.91000366210938,93.26000213623047,92.81999969482422,93.23999786376953,85.88536071777344,3954700
2024-06-12,94.08000183105469,94.31999969482422,93.73999786376953,93.76000213623047,86.3643569946289,9243200
2024-06-13,94.18000030517578,94.5199966430664,94.08000183105469,94.37999725341797,86.93545532226562,6529900
2024-06-14,94.51000213623047,94.69000244140625,94.45999908447266,94.5999984741211,87.13809967041016,5424600
2024-06-17,94.13999938964844,94.22000122070312,94.02999877929688,94.16000366210938,86.73280334472656,4957200
2024-06-18,94.31999969482422,94.68000030517578,94.27999877929688,94.56999969482422,87.11046600341797,5232600
2024-06-20,94.0999984741211,94.36000061035156,94.05000305175781,94.33000183105469,86.88939666748047,3573100
2024-06-21,94.51000213623047,94.5999984741211,94.18000030517578,94.3499984741211,86.90779113769531,6908700
2024-06-24,94.37000274658203,94.43000030517578,94.2300033569336,94.43000030517578,86.98149871826172,5276000
2024-06-25,94.37000274658203,94.55000305175781,94.33000183105469,94.51000213623047,87.05521392822266,3790100
2024-06-26,94.0199966430664,94.08999633789062,93.91999816894531,93.94000244140625,86.53016662597656,4196400
2024-06-27,94.12000274658203,94.23999786376953,94.11000061035156,94.1500015258789,86.72357940673828,4946600
2024-06-28,94.36000061035156,94.37999725341797,93.6500015258789,93.6500015258789,86.26303100585938,6032400
2024-07-01,92.83999633789062,93.11000061035156,92.58000183105469,92.66999816894531,85.62088012695312,13662800
2024-07-02,93.05999755859375,93.12999725341797,92.87999725341797,93.0199966430664,85.94427490234375,8195700
2024-07-03,93.25,93.68000030517578,93.19999694824219,93.63999938964844,86.51708984375,3861000
2024-07-05,93.97000122070312,94.22000122070312,93.8499984741211,94.16000366210938,86.9975357055664,5111500
2024-07-08,94.12999725341797,94.26000213623047,93.98999786376953,94.19000244140625,87.0252685546875,5294600
2024-07-09,94.04000091552734,94.16999816894531,93.83000183105469,94.05999755859375,86.90514373779297,3006900
2024-07-10,94.13999938964844,94.19999694824219,94.01000213623047,94.1500015258789,86.98831176757812,4076600
2024-07-11,94.81999969482422,94.9800033569336,94.70999908447266,94.75,87.54267120361328,9658400
2024-07-12,94.7699966430664,94.94999694824219,94.70999908447266,94.94999694824219,87.72746276855469,4304500
2024-07-15,94.70999908447266,94.83000183105469,94.56999969482422,94.6500015258789,87.45030975341797,3754500
2024-07-16,94.81999969482422,95.08000183105469,94.7300033569336,95.06999969482422,87.83834075927734,4705800
2024-07-17,94.93000030517578,95.20999908447266,94.83999633789062,95.1500015258789,87.9122543334961,5113500
2024-07-18,94.94000244140625,95.1500015258789,94.81999969482422,94.87999725341797,87.66278076171875,8640600
2024-07-19,94.62999725341797,94.69999694824219,94.52999877929688,94.58000183105469,87.38560485839844,5274400
2024-07-22,94.69000244140625,94.76000213623047,94.33999633789062,94.48999786376953,87.30245971679688,3869800
2024-07-23,94.62000274658203,94.75,94.55000305175781,94.55999755859375,87.36713409423828,5095600
2024-07-24,94.7300033569336,94.87999725341797,94.33999633789062,94.3499984741211,87.173095703125,4733500
2024-07-25,94.54000091552734,94.87999725341797,94.48999786376953,94.55999755859375,87.36713409423828,4335600
2024-07-26,94.95999908447266,95.04000091552734,94.87000274658203,95.01000213623047,87.78289794921875,5217500
2024-07-29,95.25,95.26000213623047,95.08000183105469,95.16999816894531,87.93072509765625,6165600
2024-07-30,95.27999877929688,95.47000122070312,95.11000061035156,95.37000274658203,88.11551666259766,4419200
2024-07-31,95.6500015258789,96.08000183105469,95.44999694824219,96.06999969482422,88.76226043701172,10982900
2024-08-01,96.0,96.43000030517578,95.9800033569336,96.19000244140625,89.14131164550781,10492600
2024-08-02,97.19000244140625,97.75,97.12999725341797,97.68000030517578,90.52210235595703,18286500
2024-08-05,98.38999938964844,98.58000183105469,97.4000015258789,97.77999877929688,90.61478424072266,19098200
2024-08-06,97.54000091552734,97.58000183105469,96.83999633789062,96.91000366210938,89.80856323242188,9507000
2024-08-07,96.62999725341797,96.7300033569336,96.37999725341797,96.55999755859375,89.48419189453125,8419700
2024-08-08,96.16000366210938,96.33999633789062,96.06999969482422,96.2699966430664,89.21544647216797,4856100
2024-08-09,96.77999877929688,96.79000091552734,96.58000183105469,96.66000366210938,89.57686614990234,5174900
2024-08-12,96.54000091552734,96.9800033569336,96.4800033569336,96.93000030517578,89.82707214355469,4166400
2024-08-13,97.33000183105469,97.36000061035156,97.19000244140625,97.36000061035156,90.22555541992188,6458700
2024-08-14,97.31999969482422,97.62999725341797,97.30000305175781,97.48999786376953,90.34602355957031,4275700
2024-08-15,96.69999694824219,96.87999725341797,96.62000274658203,96.87999725341797,89.78072357177734,5507000
2024-08-16,97.08000183105469,97.08999633789062,96.80999755859375,97.06999969482422,89.9568099975586,4437000
2024-08-19,97.04000091552734,97.30999755859375,97.0199966430664,97.19999694824219,90.07730102539062,4437600
2024-08-20,97.44000244140625,97.62999725341797,97.36000061035156,97.58999633789062,90.43869018554688,4886000
2024-08-21,97.69000244140625,98.01000213623047,97.45999908447266,97.79000091552734,90.6240463256836,5386000
2024-08-22,97.55000305175781,97.56999969482422,97.19999694824219,97.33999633789062,90.20701599121094,4819500
2024-08-23,97.54000091552734,97.86000061035156,97.43000030517578,97.79000091552734,90.6240463256836,5475400
2024-08-26,97.95999908447266,97.97000122070312,97.66999816894531,97.66999816894531,90.5128402709961,3062400
2024-08-27,97.41000366210938,97.69999694824219,97.36000061035156,97.62999725341797,90.47576904296875,4433700
2024-08-28,97.6500015258789,97.7300033569336,97.54000091552734,97.58000183105469,90.429443359375,8147000
2024-08-29,97.36000061035156,97.44999694824219,97.26000213623047,97.41000366210938,90.27190399169922,6199800
2024-08-30,97.43000030517578,97.55000305175781,97.05000305175781,97.06999969482422,89.9568099975586,4802600
2024-09-03,97.30999755859375,97.56999969482422,97.25,97.41999816894531,90.54983520507812,8232700
2024-09-04,97.52999877929688,98.04000091552734,97.5,97.98999786376953,91.07959747314453,9914900
2024-09-05,98.25,98.30000305175781,97.91000366210938,98.22000122070312,91.29339599609375,33635000
2024-09-06,98.26000213623047,98.8499984741211,98.0199966430664,98.36000061035156,91.42353820800781,17777600
2024-09-09,98.30000305175781,98.56999969482422,98.18000030517578,98.5,91.55365753173828,8532500
2024-09-10,98.51000213623047,98.97000122070312,98.48999786376953,98.91999816894531,91.94405364990234,7921400
2024-09-11,98.72000122070312,99.1500015258789,98.66000366210938,98.8499984741211,91.87897491455078,7286200
2024-09-12,98.7699966430664,98.87999725341797,98.51000213623047,98.69000244140625,91.73027038574219,5929800
2024-09-13,98.95999908447266,99.0,98.76000213623047,98.87999725341797,91.90686798095703,5305500
2024-09-16,98.98999786376953,99.18000030517578,98.87000274658203,99.13999938964844,92.14851379394531,6666900
2024-09-17,99.08000183105469,99.13999938964844,98.88999938964844,98.95999908447266,91.98121643066406,7807000
2024-09-18,98.7300033569336,99.05000305175781,98.4800033569336,98.52999877929688,91.58154296875,8584500
2024-09-19,98.26000213623047,98.47000122070312,98.22000122070312,98.44999694824219,91.5071792602539,16770800
2024-09-20,98.30999755859375,98.55000305175781,98.18000030517578,98.41999816894531,91.47930145263672,6580600
2024-09-23,98.22000122070312,98.44999694824219,97.98999786376953,98.36000061035156,91.42353820800781,7491700
2024-09-24,98.08999633789062,98.5,98.01000213623047,98.47000122070312,91.5257797241211,6580800
2024-09-25,98.2699966430664,98.2699966430664,98.06999969482422,98.06999969482422,91.15398406982422,10455100
2024-09-26,98.1500015258789,98.19999694824219,97.83999633789062,98.0,91.08892822265625,8026500
2024-09-27,98.2300033569336,98.44000244140625,98.1500015258789,98.38999938964844,91.451416015625,6207700
2024-09-30,98.31999969482422,98.3499984741211,97.95999908447266,98.12000274658203,91.20045471191406,8902400
2024-10-01,98.16999816894531,98.47000122070312,98.08000183105469,98.19000244140625,91.53231811523438,11665600
2024-10-02,97.75,97.94999694824219,97.63999938964844,97.91000366210938,91.27129364013672,7742100
2024-10-03,97.6500015258789,97.72000122070312,97.37999725341797,97.41000366210938,90.80520629882812,11556100
2024-10-04,96.56999969482422,96.77999877929688,96.41999816894531,96.47000122070312,89.9289321899414,8878300
2024-10-07,96.11000061035156,96.2699966430664,96.06999969482422,96.12000274658203,89.6026840209961,10152600
2024-10-08,95.97000122070312,96.19999694824219,95.93000030517578,96.19999694824219,89.67726135253906,5975200
2024-10-09,96.02999877929688,96.08000183105469,95.79000091552734,95.83999633789062,89.34163665771484,6769200
2024-10-10,95.7699966430664,95.87999725341797,95.52999877929688,95.83000183105469,89.33232116699219,5959000
2024-10-11,95.7300033569336,95.94999694824219,95.68000030517578,95.86000061035156,89.36029815673828,5394100
2024-10-14,95.45999908447266,95.69000244140625,95.41000366210938,95.69000244140625,89.20183563232422,3850900
2024-10-15,96.05999755859375,96.22000122070312,96.01000213623047,96.18000030517578,89.65861511230469,7736900
2024-10-16,96.36000061035156,96.45999908447266,96.2699966430664,96.33000183105469,89.7984390258789,5041100
2024-10-17,95.91000366210938,95.94999694824219,95.75,95.83000183105469,89.33232116699219,5460200
2024-10-18,95.98999786376953,96.05000305175781,95.91999816894531,95.94000244140625,89.43488311767578,5174700
2024-10-21,95.56999969482422,95.5999984741211,95.19000244140625,95.19999694824219,88.74505615234375,6633600
2024-10-22,95.31999969482422,95.37999725341797,95.02999877929688,95.11000061035156,88.66114807128906,5433900
2024-10-23,94.83000183105469,95.0,94.73999786376953,94.88999938964844,88.45606231689453,6914300
2024-10-24,94.9800033569336,95.26000213623047,94.87000274658203,95.0999984741211,88.65181732177734,5486300
2024-10-25,95.30999755859375,95.31999969482422,94.81999969482422,94.88999938964844,88.45606231689453,6455300
2024-10-28,94.91000366210938,94.91999816894531,94.48999786376953,94.66999816894531,88.2509765625,5447300
2024-10-29,94.2699966430664,94.7300033569336,94.22000122070312,94.70999908447266,88.28827667236328,8475400
2024-10-30,94.93000030517578,95.16999816894531,94.52999877929688,94.56999969482422,88.15778350830078,6341100
2024-10-31,94.41999816894531,94.69999694824219,94.22000122070312,94.5199966430664,88.11113739013672,8662900
2024-11-01,94.37000274658203,94.45999908447266,93.63999938964844,93.66999816894531,87.58940124511719,15659500
2024-11-04,94.31999969482422,94.44000244140625,93.98999786376953,94.16999816894531,88.0569076538086,8179300
2024-11-05,94.05000305175781,94.33999633789062,93.73999786376953,94.22000122070312,88.10368347167969,8118500
2024-11-06,93.04000091552734,93.51000213623047,93.01000213623047,93.25,87.1966323852539,15261400
2024-11-07,93.62999725341797,94.16999816894531,93.58000183105469,94.0,87.89796447753906,15674000
2024-11-08,94.19999694824219,94.4800033569336,94.08999633789062,94.19999694824219,88.08497619628906,12335300
2024-11-11,93.91999816894531,93.95999908447266,93.77999877929688,93.94000244140625,87.84187316894531,3980000
2024-11-12,93.56999969482422,93.76000213623047,93.23999786376953,93.3499984741211,87.29017639160156,8037600
2024-11-13,93.7699966430664,93.77999877929688,93.16999816894531,93.29000091552734,87.23406219482422,6661800
2024-11-14,93.44000244140625,93.66000366210938,93.16999816894531,93.27999877929688,87.2247085571289,7510000
2024-11-15,93.0999984741211,93.62999725341797,92.9000015258789,93.31999969482422,87.26211547851562,16761500
2024-11-18,93.27999877929688,93.58999633789062,93.16999816894531,93.52999877929688,87.45845794677734,4788200
2024-11-19,93.81999969482422,93.87999725341797,93.69000244140625,93.7300033569336,87.64547729492188,4951500
2024-11-20,93.47000122070312,93.76000213623047,93.44000244140625,93.58999633789062,87.51456451416016,5752900
2024-11-21,93.66000366210938,93.83000183105469,93.41999816894531,93.54000091552734,87.46782684326172,5098200
2024-11-22,93.66999816894531,93.7300033569336,93.5,93.5999984741211,87.52392578125,5373900
2024-11-25,94.45999908447266,94.63999938964844,94.31999969482422,94.61000061035156,88.46836853027344,7716000
2024-11-26,94.41000366210938,94.44000244140625,94.22000122070312,94.41000366210938,88.28135681152344,5093100
2024-11-27,94.79000091552734,94.91999816894531,94.5999984741211,94.79000091552734,88.63666534423828,5587600
2024-11-29,95.12999725341797,95.19999694824219,95.0,95.19000244140625,89.01071166992188,5136200
2024-12-02,94.61000061035156,95.01000213623047,94.5,94.88999938964844,89.00320434570312,5950600
2024-12-03,94.98999786376953,95.02999877929688,94.55999755859375,94.62000274658203,88.74996185302734,5364800
2024-12-04,94.37999725341797,95.01000213623047,94.3499984741211,94.9800033569336,89.08763122558594,5908800
2024-12-05,94.69999694824219,95.02999877929688,94.69999694824219,94.97000122070312,89.07826232910156,5210300
2024-12-06,95.36000061035156,95.41999816894531,95.06999969482422,95.2699966430664,89.35963439941406,6880200
2024-12-09,95.1500015258789,95.16000366210938,94.94000244140625,94.94000244140625,89.05010223388672,4303100
2024-12-10,94.73999786376953,94.83999633789062,94.6500015258789,94.7699966430664,88.89065551757812,3543400
2024-12-11,94.91000366210938,95.0,94.45999908447266,94.48999786376953,88.6280288696289,6452800
2024-12-12,94.37999725341797,94.45999908447266,94.0999984741211,94.12999725341797,88.29034423828125,4518000
2024-12-13,93.9800033569336,94.01000213623047,93.63999938964844,93.69000244140625,87.87763977050781,5230100
2024-12-16,93.86000061035156,93.87000274658203,93.62000274658203,93.72000122070312,87.90579986572266,4607600
2024-12-17,93.69999694824219,93.87000274658203,93.66999816894531,93.72000122070312,87.90579986572266,4881100
2024-12-18,93.4000015258789,93.5199966430664,92.62000274658203,92.69000244140625,87.22634887695312,11553900
2024-12-19,92.37999725341797,92.44000244140625,92.12000274658203,92.2699966430664,86.83110809326172,9273800
2024-12-20,92.75,92.9000015258789,92.58999633789062,92.61000061035156,87.15105438232422,6070900
2024-12-23,92.54000091552734,92.58000183105469,92.12999725341797,92.19999694824219,86.76522827148438,5954500
2024-12-24,92.01000213623047,92.26000213623047,91.97000122070312,92.25,86.81230163574219,3076100
2024-12-26,91.95999908447266,92.36000061035156,91.93000030517578,92.31999969482422,86.87815856933594,3703300
2024-12-27,92.26000213623047,92.38999938964844,92.05999755859375,92.08000183105469,86.65229797363281,3752500
2024-12-30,92.52999877929688,92.66999816894531,92.5199966430664,92.62000274658203,87.16047668457031,4797700
2024-12-31,92.75,92.81999969482422,92.37999725341797,92.44999694824219,87.00050354003906,5856000
2025-01-02,92.6500015258789,92.77999877929688,92.30999755859375,92.5,87.04754638671875,5034800
2025-01-03,92.5999984741211,92.66999816894531,92.31999969482422,92.3499984741211,86.90638732910156,2863700
2025-01-06,92.23999786376953,92.33000183105469,92.05999755859375,92.26000213623047,86.82170867919922,3894600
2025-01-07,92.13999938964844,92.20999908447266,91.75,91.83999633789062,86.42643737792969,5524400
2025-01-08,91.70999908447266,92.0199966430664,91.69000244140625,92.0,86.57701110839844,6402900
2025-01-10,91.45999908447266,91.62999725341797,91.2300033569336,91.33000183105469,85.94652557373047,8210900
2025-01-13,91.27999877929688,91.30999755859375,91.08000183105469,91.16999816894531,85.79593658447266,5094300
2025-01-14,91.20999908447266,91.27999877929688,91.08000183105469,91.19999694824219,85.82417297363281,4365500
2025-01-15,92.12999725341797,92.2300033569336,91.9800033569336,92.16000366210938,86.72760772705078,7846600
2025-01-16,92.08000183105469,92.58000183105469,91.94999694824219,92.37999725341797,86.93461608886719,7550900
2025-01-17,92.5199966430664,92.58000183105469,92.36000061035156,92.44999694824219,87.00050354003906,3912800
2025-01-21,92.75,92.83000183105469,92.61000061035156,92.76000213623047,87.29222106933594,4431300
2025-01-22,92.72000122070312,92.7300033569336,92.41000366210938,92.5199966430664,87.06636810302734,3656400
2025-01-23,92.12999725341797,92.3499984741211,92.12999725341797,92.27999877929688,86.84052276611328,4860900
2025-01-24,92.25,92.58000183105469,92.19999694824219,92.47000122070312,87.0193099975586,4468700
2025-01-27,93.08000183105469,93.1500015258789,92.87000274658203,93.06999969482422,87.58394622802734,4297100
2025-01-28,92.83999633789062,93.0999984741211,92.77999877929688,93.08000183105469,87.5933609008789,3906600
2025-01-29,93.18000030517578,93.25,92.69999694824219,92.97000122070312,87.48983764648438,4918400
2025-01-30,93.16999816894531,93.31999969482422,93.08000183105469,93.16999816894531,87.67807006835938,4365600
2025-01-31,93.19999694824219,93.33999633789062,92.80999755859375,93.0199966430664,87.53690338134766,6277400
2025-02-03,92.98999786376953,93.27999877929688,92.66000366210938,92.79000091552734,87.59921264648438,8294000
2025-02-04,92.5999984741211,93.0199966430664,92.5999984741211,93.0199966430664,87.81632995605469,6742300
2025-02-05,93.4000015258789,93.7300033569336,93.37000274658203,93.55999755859375,88.32613372802734,6576300
2025-02-06,93.45999908447266,93.58000183105469,93.30999755859375,93.44999694824219,88.22227478027344,5268500
2025-02-07,93.1500015258789,93.2300033569336,92.9800033569336,93.13999938964844,87.92961883544922,4565300
2025-02-10,93.23999786376953,93.37000274658203,93.06999969482422,93.12000274658203,87.91075134277344,3229100
2025-02-11,92.88999938964844,92.95999908447266,92.81999969482422,92.87999725341797,87.68417358398438,3379500
2025-02-12,92.26000213623047,92.31999969482422,92.08000183105469,92.23999786376953,87.0799789428711,7280200
2025-02-13,92.72000122070312,93.0,92.69999694824219,92.93000030517578,87.73137664794922,6121900
2025-02-14,93.37000274658203,93.51000213623047,93.27999877929688,93.31999969482422,88.09954833984375,5157900
2025-02-18,93.02999877929688,93.12999725341797,92.80999755859375,92.81999969482422,87.62751007080078,4484100
2025-02-19,92.7699966430664,93.01000213623047,92.7699966430664,92.97000122070312,87.76912689208984,4607000
2025-02-20,93.12000274658203,93.26000213623047,93.11000061035156,93.16000366210938,87.94851684570312,7545400
2025-02-21,93.27999877929688,93.83000183105469,93.2699966430664,93.70999908447266,88.4677505493164,6156500
2025-02-24,93.62000274658203,93.97000122070312,93.58999633789062,93.91000366210938,88.65656280517578,4109500
2025-02-25,94.5,94.69999694824219,94.41999816894531,94.6500015258789,89.35516357421875,7697100
2025-02-26,94.61000061035156,94.97000122070312,94.48999786376953,94.91000366210938,89.6006088256836,7379800
2025-02-27,94.58999633789062,94.83000183105469,94.55000305175781,94.80000305175781,89.49677276611328,5907900
2025-02-28,95.08999633789062,95.36000061035156,94.9000015258789,95.31999969482422,89.9876708984375,11831500
2025-03-03,94.72000122070312,95.44999694824219,94.70999908447266,95.38999938964844,90.31431579589844,9637400
2025-03-04,95.54000091552734,95.77999877929688,94.93000030517578,95.08999633789062,90.0302734375,12745500
2025-03-05,95.11000061035156,95.23999786376953,94.52999877929688,94.55999755859375,89.52848815917969,15590000
2025-03-06,94.51000213623047,94.69000244140625,94.16000366210938,94.51000213623047,89.48116302490234,9318900
2025-03-07,94.9800033569336,95.0199966430664,94.30000305175781,94.38999938964844,89.36751556396484,9210200
2025-03-10,94.94000244140625,95.19999694824219,94.8499984741211,95.05000305175781,89.9924087524414,7698500
2025-03-11,95.05000305175781,95.30999755859375,94.58000183105469,94.70999908447266,89.67048645019531,10408600
2025-03-12,94.41000366210938,94.66000366210938,94.38999938964844,94.43000030517578,89.4053955078125,7610300
2025-03-13,94.29000091552734,94.8499984741211,94.19999694824219,94.80999755859375,89.76518249511719,6902300
2025-03-14,94.56999969482422,94.6500015258789,94.44999694824219,94.4800033569336,89.45272827148438,4390900
2025-03-17,94.6500015258789,94.8499984741211,94.45999908447266,94.55999755859375,89.52848815917969,6734000
2025-03-18,94.41999816894531,94.83000183105469,94.41000366210938,94.66999816894531,89.63262939453125,8993300
2025-03-19,94.58999633789062,94.98999786376953,94.44000244140625,94.95999908447266,89.90718841552734,5854500
2025-03-20,95.47000122070312,95.48999786376953,94.98999786376953,95.0999984741211,90.03974151611328,4409100
2025-03-21,95.25,95.33999633789062,95.0,95.0199966430664,89.9639892578125,4919600
2025-03-24,94.76000213623047,94.77999877929688,94.44000244140625,94.47000122070312,89.44327545166016,4823500
2025-03-25,94.47000122070312,94.73999786376953,94.44999694824219,94.62999725341797,89.59475708007812,6825800
2025-03-26,94.47000122070312,94.56999969482422,94.33000183105469,94.41000366210938,89.38645935058594,8281700
2025-03-27,94.30000305175781,94.41000366210938,94.20999908447266,94.33000183105469,89.31072235107422,5085100
2025-03-28,94.77999877929688,95.1500015258789,94.75,95.08999633789062,90.0302734375,6224500
2025-03-31,95.48999786376953,95.55999755859375,95.08999633789062,95.37000274658203,90.2953872680664,13255800
2025-04-01,95.2699966430664,95.66000366210938,95.2699966430664,95.4000015258789,90.61261749267578,18128800
2025-04-02,95.80000305175781,95.80000305175781,95.01000213623047,95.30999755859375,90.52713775634766,7635900
2025-04-03,96.41000366210938,96.6500015258789,96.18000030517578,96.29000091552734,91.45794677734375,18188000
2025-04-04,97.19999694824219,97.5199966430664,96.55000305175781,96.55999755859375,91.71440124511719,27006500
2025-04-07,96.48999786376953,96.66000366210938,95.19000244140625,95.41000366210938,90.62212371826172,68670600
2025-04-08,94.91000366210938,95.58999633789062,94.87999725341797,94.93000030517578,90.16619873046875,19508000
2025-04-09,94.2300033569336,94.68000030517578,93.61000061035156,94.62999725341797,89.88126373291016,24170800
2025-04-10,94.5199966430664,94.77999877929688,93.98999786376953,94.04000091552734,89.32088470458984,12093800
2025-04-11,93.47000122070312,93.7300033569336,92.79000091552734,93.51000213623047,88.81747436523438,55446600
2025-04-14,93.91999816894531,94.36000061035156,93.80000305175781,94.26000213623047,89.52983093261719,12630900
2025-04-15,94.25,94.76000213623047,94.23999786376953,94.54000091552734,89.7957763671875,7708100
2025-04-16,94.66000366210938,95.08000183105469,94.45999908447266,94.94999694824219,90.1852035522461,8708400
2025-04-17,94.9000015258789,94.98999786376953,94.58999633789062,94.68000030517578,89.92875671386719,6987000
2025-04-21,94.4000015258789,94.75,94.1500015258789,94.16999816894531,89.44435119628906,4901300
2025-04-22,94.41999816894531,94.44000244140625,94.2300033569336,94.23999786376953,89.51082611083984,5233000
2025-04-23,95.04000091552734,95.22000122070312,94.22000122070312,94.33999633789062,89.6058120727539,8041300
2025-04-24,94.72000122070312,94.87999725341797,94.62000274658203,94.8499984741211,90.09022521972656,7308900
2025-04-25,95.11000061035156,95.27999877929688,94.9800033569336,95.20999908447266,90.43216705322266,5341300
2025-04-28,95.0999984741211,95.62000274658203,95.06999969482422,95.58999633789062,90.79308319091797,4950500
2025-04-29,95.54000091552734,95.93000030517578,95.52999877929688,95.91999816894531,91.10653686523438,5350200
2025-04-30,95.9000015258789,96.16000366210938,95.80000305175781,96.06999969482422,91.2490005493164,13923200
2025-05-01,95.87999725341797,95.9000015258789,95.1500015258789,95.33999633789062,90.85163879394531,13703300
2025-05-02,94.8499984741211,94.98999786376953,94.54000091552734,94.69999694824219,90.24175262451172,9331600
2025-05-05,94.66999816894531,94.68000030517578,94.33000183105469,94.52999877929688,90.07976531982422,10089400
2025-05-06,94.48999786376953,94.79000091552734,94.4000015258789,94.7699966430664,90.3084716796875,6081200
2025-05-07,94.87000274658203,95.13999938964844,94.8499984741211,95.0199966430664,90.54668426513672,9471100
2025-05-08,94.95999908447266,94.9800033569336,94.26000213623047,94.27999877929688,89.8415298461914,6409000
2025-05-09,94.44999694824219,94.61000061035156,94.31999969482422,94.3499984741211,89.9082260131836,3698700
2025-05-12,93.7300033569336,93.97000122070312,93.7300033569336,93.75,89.33648681640625,9483700
2025-05-13,93.87000274658203,93.91999816894531,93.52999877929688,93.68000030517578,89.26976776123047,13166800
2025-05-14,93.63999938964844,93.70999908447266,93.2699966430664,93.33000183105469,88.93626403808594,6994700
2025-05-15,93.72000122070312,93.98999786376953,93.5999984741211,93.94000244140625,89.51753997802734,9024900
2025-05-16,94.30999755859375,94.33000183105469,93.95999908447266,93.97000122070312,89.54612731933594,6819200
2025-05-19,93.43000030517578,93.94000244140625,93.38999938964844,93.91999816894531,89.49848937988281,11704900
2025-05-20,93.66999816894531,93.87000274658203,93.52999877929688,93.80000305175781,89.3841323852539,8929600
2025-05-21,93.43000030517578,93.55999755859375,93.02999877929688,93.1500015258789,88.76472473144531,11383500
2025-05-22,93.18000030517578,93.54000091552734,93.05999755859375,93.5,89.09825897216797,10981200
2025-05-23,93.91000366210938,93.91999816894531,93.63999938964844,93.7699966430664,89.35554504394531,9860700
2025-05-27,93.9800033569336,94.26000213623047,93.87000274658203,94.16000366210938,89.72718048095703,10834400
2025-05-28,93.97000122070312,94.04000091552734,93.79000091552734,93.9000015258789,89.47942352294922,8591500
2025-05-29,94.1500015258789,94.37999725341797,94.0999984741211,94.29000091552734,89.85106658935547,9679100
2025-05-30,94.36000061035156,94.62000274658203,94.30000305175781,94.56999969482422,90.11788177490234,10268600
2025-06-02,94.0,94.13999938964844,93.77999877929688,93.94000244140625,89.81194305419922,13341900
2025-06-03,94.06999969482422,94.19999694824219,93.7699966430664,93.8499984741211,89.72590637207031,8508900
2025-06-04,94.20999908447266,94.62000274658203,94.12999725341797,94.54000091552734,90.38557434082031,10115900
2025-06-05,94.54000091552734,94.66000366210938,94.2300033569336,94.26000213623047,90.11788940429688,8762800
2025-06-06,93.77999877929688,93.86000061035156,93.4800033569336,93.51000213623047,89.40084838867188,7624200
2025-06-09,93.5199966430664,93.80000305175781,93.51000213623047,93.68000030517578,89.56336212158203,6061200
2025-06-10,93.9800033569336,94.0199966430664,93.73999786376953,93.83999633789062,89.71634674072266,5579900
2025-06-11,94.0199966430664,94.2699966430664,93.94000244140625,94.2300033569336,90.0892105102539,6594900
2025-06-12,94.58999633789062,94.6500015258789,94.41999816894531,94.63999938964844,90.48118591308594,7795400
2025-06-13,94.43000030517578,94.5,94.04000091552734,94.29000091552734,90.14657592773438,9195200
2025-06-16,94.18000030517578,94.37999725341797,94.0,94.0199966430664,89.888427734375,7508400
2025-06-17,94.26000213623047,94.5199966430664,94.11000061035156,94.4800033569336,90.32820892333984,5285000
2025-06-18,94.63999938964844,94.83999633789062,94.37999725341797,94.54000091552734,90.38557434082031,6732400
2025-06-20,94.3499984741211,94.73999786376953,94.29000091552734,94.5999984741211,90.44294738769531,6261700
2025-06-23,94.87000274658203,95.23999786376953,94.80000305175781,94.93000030517578,90.75843048095703,9310300
2025-06-24,94.83999633789062,95.30999755859375,94.80000305175781,95.26000213623047,91.07393646240234,7694500
2025-06-25,95.08000183105469,95.33999633789062,94.9800033569336,95.30000305175781,91.11219024658203,6393300
2025-06-26,95.4800033569336,95.6500015258789,95.3499984741211,95.63999938964844,91.43724060058594,7131900
2025-06-27,95.38999938964844,95.68000030517578,95.33000183105469,95.38999938964844,91.19821166992188,8402400
2025-06-30,95.5999984741211,95.80999755859375,95.45999908447266,95.7699966430664,91.5615234375,10542300
2025-07-01,95.41999816894531,95.51000213623047,95.12000274658203,95.29000091552734,91.39176177978516,10659800
2025-07-02,94.98999786376953,95.13999938964844,94.93000030517578,95.08999633789062,91.19995880126953,6026200
2025-07-03,94.80000305175781,94.86000061035156,94.63999938964844,94.76000213623047,90.88345336914062,7398900
2025-07-07,94.61000061035156,94.62000274658203,94.37999725341797,94.45999908447266,90.59571838378906,8518600
2025-07-08,94.20999908447266,94.33000183105469,94.16000366210938,94.31999969482422,90.4614486694336,5282800
2025-07-09,94.45999908447266,94.81999969482422,94.45999908447266,94.80999755859375,90.93140411376953,6900800
2025-07-10,94.73999786376953,94.77999877929688,94.56999969482422,94.76000213623047,90.88345336914062,4451900
2025-07-11,94.44000244140625,94.47000122070312,94.2699966430664,94.31999969482422,90.4614486694336,6004300
2025-07-14,94.31999969482422,94.45999908447266,94.16999816894531,94.27999877929688,90.42308044433594,5101600
2025-07-15,94.38999938964844,94.4000015258789,93.86000061035156,93.91000366210938,90.06822967529297,5628100
2025-07-16,94.05999755859375,94.23999786376953,93.93000030517578,94.16999816894531,90.31759643554688,12786300
2025-07-17,94.22000122070312,94.33000183105469,94.05999755859375,94.13999938964844,90.2887954711914,4747200
2025-07-18,94.41000366210938,94.4800033569336,94.30000305175781,94.4000015258789,90.53817749023438,4035000
2025-07-21,94.80000305175781,94.9000015258789,94.68000030517578,94.7300033569336,90.85467529296875,5232300
2025-07-22,94.83000183105469,95.05999755859375,94.80999755859375,95.0,91.1136245727539,6098000
2025-07-23,94.77999877929688,94.83999633789062,94.61000061035156,94.66000366210938,90.78754425048828,5074000
2025-07-24,94.33000183105469,94.62000274658203,94.31999969482422,94.5199966430664,90.65328216552734,5867400
2025-07-25,94.48999786376953,94.73999786376953,94.44999694824219,94.73999786376953,90.86427307128906,3614000
2025-07-28,94.56999969482422,94.63999938964844,94.48999786376953,94.52999877929688,90.66285705566406,5073200
2025-07-29,94.66999816894531,95.1500015258789,94.6500015258789,95.1500015258789,91.25749969482422,7864000
2025-07-30,94.81999969482422,95.08000183105469,94.75,94.81999969482422,90.94100189208984,7425600
2025-07-31,94.97000122070312,95.12999725341797,94.86000061035156,94.9000015258789,91.01773071289062,10411800
2025-08-01,95.36000061035156,95.7300033569336,95.33999633789062,95.68000030517578,92.06558990478516,11870100
2025-08-04,95.7699966430664,95.8499984741211,95.52999877929688,95.80999755859375,92.190673828125,8449500
2025-08-05,95.63999938964844,95.86000061035156,95.62000274658203,95.73999786376953,92.12332916259766,8218700
2025-08-06,95.5999984741211,95.72000122070312,95.26000213623047,95.66999816894531,92.05596160888672,10107500
2025-08-07,95.66999816894531,95.7699966430664,95.52999877929688,95.5999984741211,91.98861694335938,5725900
2025-08-08,95.47000122070312,95.47000122070312,95.33000183105469,95.37999725341797,91.77691650390625,5623800
2025-08-11,95.44999694824219,95.54000091552734,95.36000061035156,95.41000366210938,91.80579376220703,4920200
2025-08-12,95.29000091552734,95.38999938964844,95.18000030517578,95.38999938964844,91.78653717041016,6724600
2025-08-13,95.66000366210938,95.83000183105469,95.63999938964844,95.7300033569336,92.11369323730469,5925200
2025-08-14,95.56999969482422,95.5999984741211,95.3499984741211,95.41999816894531,91.8154296875,5527500
2025-08-15,95.37999725341797,95.44000244140625,95.16999816894531,95.2300033569336,91.6325912475586,7428500
2025-08-18,95.30000305175781,95.30999755859375,95.05000305175781,95.13999938964844,91.54598236083984,9669600
2025-08-19,95.27999877929688,95.41999816894531,95.2699966430664,95.37999725341797,91.77691650390625,6499300
2025-08-20,95.37999725341797,95.61000061035156,95.36000061035156,95.5199966430664,91.91161346435547,6270700
2025-08-21,95.38999938964844,95.44000244140625,95.11000061035156,95.23999786376953,91.6422119140625,5351300
2025-08-22,95.4000015258789,95.87999725341797,95.37000274658203,95.7699966430664,92.15217590332031,10867700
2025-08-25,95.5999984741211,95.70999908447266,95.52999877929688,95.58000183105469,91.96935272216797,9936400
2025-08-26,95.66000366210938,95.86000061035156,95.5999984741211,95.83000183105469,92.20993041992188,5871200
2025-08-27,95.69999694824219,96.01000213623047,95.63999938964844,96.01000213623047,92.38311767578125,5222800
2025-08-28,95.9800033569336,96.2300033569336,95.94000244140625,96.2300033569336,92.59479522705078,6544700
2025-08-29,96.12000274658203,96.2300033569336,96.02999877929688,96.1500015258789,92.51783752441406,6818900
2025-09-02,95.45999908447266,95.62999725341797,95.43000030517578,95.55000305175781,92.24173736572266,8623200
2025-09-03,95.55999755859375,96.0199966430664,95.55999755859375,95.87999725341797,92.560302734375,7586100
2025-09-04,96.12000274658203,96.30999755859375,96.0,96.30999755859375,92.97542572021484,6395300
2025-09-05,96.91000366210938,97.0199966430664,96.77999877929688,96.77999877929688,93.42915344238281,9566300
2025-09-08,97.0199966430664,97.08999633789062,96.91999816894531,97.08000183105469,93.7187728881836,7599600
2025-09-09,97.02999877929688,97.13999938964844,96.76000213623047,96.8499984741211,93.49671936035156,8223100
2025-09-10,97.05000305175781,97.2300033569336,96.95999908447266,97.11000061035156,93.74772644042969,8864500
2025-09-11,97.23999786376953,97.45999908447266,97.2300033569336,97.26000213623047,93.89253234863281,8554300
2025-09-12,97.02999877929688,97.04000091552734,96.83999633789062,96.9800033569336,93.62222290039062,36502700
2025-09-15,97.1500015258789,97.22000122070312,97.0999984741211,97.13999938964844,93.77669525146484,4990100
2025-09-16,97.1500015258789,97.29000091552734,97.11000061035156,97.19999694824219,93.83460235595703,5847700
2025-09-17,97.30000305175781,97.5199966430664,96.87000274658203,96.98999786376953,93.63187408447266,10701700
2025-09-18,96.6500015258789,96.80999755859375,96.51000213623047,96.66999816894531,93.32295989990234,7589200
2025-09-19,96.62000274658203,96.69999694824219,96.5,96.62999725341797,93.28433990478516,5528800
2025-09-22,96.62999725341797,96.66000366210938,96.45999908447266,96.47000122070312,93.1298828125,5282700
2025-09-23,96.61000061035156,96.75,96.48999786376953,96.73999786376953,93.39053344726562,7077500
2025-09-24,96.62000274658203,96.62999725341797,96.44000244140625,96.4800033569336,93.13954162597656,5419700
2025-09-25,96.26000213623047,96.31999969482422,96.0999984741211,96.2699966430664,92.93681335449219,6517500
2025-09-26,96.25,96.43000030517578,96.12999725341797,96.22000122070312,92.88854217529297,7295300
2025-09-29,96.33999633789062,96.55000305175781,96.33000183105469,96.5,93.15884399414062,6357500
2025-09-30,96.58000183105469,96.76000213623047,96.41999816894531,96.45999908447266,93.12023162841797,9257800
2025-10-01,96.55999755859375,96.62999725341797,96.33999633789062,96.48999786376953,93.43396759033203,8347000
2025-10-02,96.44999694824219,96.6500015258789,96.38999938964844,96.58999633789062,93.53079986572266,9420600
2025-10-03,96.5999984741211,96.63999938964844,96.37999725341797,96.4000015258789,93.34681701660156,5154300
2025-10-06,96.16999816894531,96.33999633789062,96.11000061035156,96.12000274658203,93.07568359375,6319600
2025-10-07,96.23999786376953,96.48999786376953,96.18000030517578,96.36000061035156,93.3080825805664,5119900
2025-10-08,96.54000091552734,96.55999755859375,96.31999969482422,96.37999725341797,93.32745361328125,5141900
2025-10-09,96.29000091552734,96.36000061035156,96.2300033569336,96.30999755859375,93.2596664428711,7130600
2025-10-10,96.6500015258789,97.0199966430664,96.56999969482422,96.91000366210938,93.84066009521484,10417700
2025-10-13,96.9000015258789,96.98999786376953,96.77999877929688,96.95999908447266,93.88908386230469,5607600
2025-10-14,97.05999755859375,97.23999786376953,96.9800033569336,97.20999908447266,94.13116455078125,7650600
2025-10-15,97.20999908447266,97.33000183105469,97.0199966430664,97.0999984741211,94.02464294433594,7769300
2025-10-16,97.0199966430664,97.58999633789062,97.0,97.55000305175781,94.46039581298828,11627200
2025-10-17,97.45999908447266,97.4800033569336,97.2699966430664,97.38999938964844,94.30545043945312,12491000
2025-10-20,97.44999694824219,97.52999877929688,97.37000274658203,97.5199966430664,94.43133544921875,10437800
2025-10-21,97.69000244140625,97.7699966430664,97.62999725341797,97.69999694824219,94.60563659667969,7642000
2025-10-22,97.6500015258789,97.7699966430664,97.55999755859375,97.72000122070312,94.62501525878906,6523500
2025-10-23,97.5199966430664,97.58000183105469,97.37999725341797,97.4000015258789,94.31514739990234,6138300
2025-10-24,97.5199966430664,97.54000091552734,97.33000183105469,97.48999786376953,94.40229797363281,7555200
2025-10-27,97.33999633789062,97.48999786376953,97.20999908447266,97.48999786376953,94.40229797363281,7272300
2025-10-28,97.43000030517578,97.62999725341797,97.43000030517578,97.58000183105469,94.48944854736328,5539600
2025-10-29,97.52999877929688,97.52999877929688,96.9000015258789,96.94999694824219,93.87939453125,11223300
2025-10-30,96.66999816894531,96.95999908447266,96.6500015258789,96.80999755859375,93.74383544921875,8958800
2025-10-31,96.87000274658203,96.94999694824219,96.79000091552734,96.8499984741211,93.78253936767578,9739900
2025-11-03,96.41999816894531,96.55999755859375,96.37000274658203,96.5,93.73788452148438,8012500
2025-11-04,96.56999969482422,96.66999816894531,96.55000305175781,96.62000274658203,93.85445404052734,6119000
2025-11-05,96.44999694824219,96.47000122070312,96.12999725341797,96.16000366210938,93.4076156616211,11749200
2025-11-06,96.5199966430664,96.72000122070312,96.51000213623047,96.6500015258789,93.88358306884766,7665000
2025-11-07,96.55999755859375,96.86000061035156,96.55000305175781,96.69000244140625,93.92245483398438,11460300
2025-11-10,96.56999969482422,96.6500015258789,96.51000213623047,96.55999755859375,93.79615020751953,9097300
2025-11-11,96.80999755859375,96.88999938964844,96.7300033569336,96.86000061035156,94.08757781982422,4937700
2025-11-12,96.80999755859375,96.94999694824219,96.77999877929688,96.87999725341797,94.10700225830078,7188200
2025-11-13,96.6500015258789,96.80000305175781,96.5999984741211,96.5999984741211,93.83502197265625,46965300
2025-11-14,96.87999725341797,96.93000030517578,96.41999816894531,96.44000244140625,93.67960357666016,11288500
2025-11-17,96.54000091552734,96.62000274658203,96.48999786376953,96.55000305175781,93.78646850585938,6648500
2025-11-18,96.83999633789062,96.93000030517578,96.56999969482422,96.70999908447266,93.94186401367188,8769000
2025-11-19,96.80999755859375,96.86000061035156,96.5999984741211,96.63999938964844,93.8738784790039,13075900
2025-11-20,96.73999786376953,96.94999694824219,96.69999694824219,96.87000274658203,94.09729766845703,9076400
2025-11-21,97.19000244140625,97.2300033569336,97.0,97.19000244140625,94.40812683105469,12551100
2025-11-24,97.29000091552734,97.36000061035156,97.18000030517578,97.33999633789062,94.5538330078125,6903900
2025-11-25,97.44000244140625,97.69999694824219,97.43000030517578,97.58999633789062,94.79668426513672,9193400
2025-11-26,97.4800033569336,97.66999816894531,97.33000183105469,97.66999816894531,94.8743896484375,7747100
2025-11-28,97.62999725341797,97.6500015258789,97.38999938964844,97.5,94.7092514038086,7798000
2025-12-01,96.7699966430664,96.83999633789062,96.68000030517578,96.69000244140625,94.20069122314453,9898100
2025-12-02,96.66000366210938,96.81999969482422,96.5999984741211,96.7699966430664,94.27863311767578,7317200
2025-12-03,96.93000030517578,97.02999877929688,96.80999755859375,96.97000122070312,94.47349548339844,6855100
2025-12-04,96.81999969482422,96.83000183105469,96.62000274658203,96.66999816894531,94.18121337890625,8928900
2025-12-05,96.69000244140625,96.69999694824219,96.41999816894531,96.47000122070312,93.98635864257812,9118700
2025-12-08,96.41000366210938,96.41999816894531,96.08999633789062,96.2699966430664,93.79149627685547,14728300
2025-12-09,96.41000366210938,96.41000366210938,96.11000061035156,96.12999725341797,93.65512084960938,8509200
2025-12-10,96.08999633789062,96.47000122070312,96.08000183105469,96.44000244140625,93.9571304321289,13356900
2025-12-11,96.68000030517578,96.7300033569336,96.41999816894531,96.44999694824219,93.96688079833984,8672800
2025-12-12,96.19000244140625,96.2699966430664,96.16999816894531,96.19000244140625,93.71356964111328,8348700
2025-12-15,96.41000366210938,96.51000213623047,96.25,96.2699966430664,93.79149627685547,6117000
2025-12-16,96.23999786376953,96.55999755859375,96.2300033569336,96.54000091552734,94.0545654296875,7456400
2025-12-17,96.41999816894531,96.56999969482422,96.4000015258789,96.5199966430664,94.03506469726562,5673200
2025-12-18,96.7699966430664,96.83000183105469,96.63999938964844,96.7699966430664,94.27863311767578,7357600
2025-12-19,96.30000305175781,96.38999938964844,96.19999694824219,96.23999786376953,94.0665283203125,5806600
2025-12-22,96.16000366210938,96.19000244140625,96.08000183105469,96.13999938964844,93.96879577636719,4672800
2025-12-23,95.93000030517578,96.12999725341797,95.87999725341797,96.0999984741211,93.92969512939453,5093900
2025-12-24,96.22000122070312,96.37000274658203,96.16999816894531,96.3499984741211,94.17405700683594,3967700
2025-12-26,96.48999786376953,96.51000213623047,96.33000183105469,96.44000244140625,94.26201629638672,3491500
2025-12-29,96.55000305175781,96.5999984741211,96.44999694824219,96.58000183105469,94.39885711669922,5034600
2025-12-30,96.44000244140625,96.55999755859375,96.4000015258789,96.4800033569336,94.30111694335938,4108600
2025-12-31,96.33999633789062,96.47000122070312,96.1500015258789,96.16000366210938,93.98834991455078,6802100
2026-01-02,96.29000091552734,96.29000091552734,96.06999969482422,96.08000183105469,93.91014099121094,6611800
2026-01-05,96.2300033569336,96.37999725341797,96.16999816894531,96.37000274658203,94.193603515625,8693200
2026-01-06,96.25,96.31999969482422,96.0999984741211,96.30000305175781,94.12519073486328,12834100
2026-01-07,96.5199966430664,96.55000305175781,96.33999633789062,96.4800033569336,94.30111694335938,7990900
2026-01-08,96.2300033569336,96.30999755859375,96.18000030517578,96.19000244140625,94.01766204833984,6931700
2026-01-09,96.16000366210938,96.37999725341797,96.06999969482422,96.30000305175781,94.12519073486328,10277300
2026-01-12,96.1500015258789,96.30000305175781,96.12000274658203,96.18000030517578,94.00788879394531,6360600
2026-01-13,96.33999633789062,96.37000274658203,96.19999694824219,96.30000305175781,94.12519073486328,7622500
2026-01-14,96.37999725341797,96.5999984741211,96.37000274658203,96.5,94.32066345214844,7331200
2026-01-15,96.51000213623047,96.5199966430664,96.27999877929688,96.30000305175781,94.12519073486328,6172500
2026-01-16,96.2300033569336,96.26000213623047,95.91000366210938,95.93000030517578,93.76353454589844,11979300
2026-01-20,95.5999984741211,95.72000122070312,95.52999877929688,95.55000305175781,93.39212799072266,13607700
2026-01-21,95.66000366210938,95.83999633789062,95.55999755859375,95.80000305175781,93.63646697998047,11969000
2026-01-22,95.69999694824219,95.86000061035156,95.6500015258789,95.79000091552734,93.626708984375,10209500
2026-01-23,95.83000183105469,95.97000122070312,95.75,95.94999694824219,93.7830810546875,8147500
2026-01-26,96.0999984741211,96.16000366210938,96.04000091552734,96.08999633789062,93.919921875,6803800
2026-01-27,96.02999877929688,96.1500015258789,95.94999694824219,95.9800033569336,93.81240844726562,9857200
2026-01-28,95.91999816894531,95.94999694824219,95.7300033569336,95.9000015258789,93.73420715332031,17032400
2026-01-29,95.80000305175781,96.08999633789062,95.77999877929688,96.0,93.83194732666016,11049100
2026-01-30,95.98999786376953,96.05999755859375,95.91000366210938,95.94000244140625,93.77330780029297,8238500
2026-02-02,95.66999816894531,95.69999694824219,95.44000244140625,95.44000244140625,93.58895874023438,8987100
2026-02-03,95.38999938964844,95.56999969482422,95.37000274658203,95.52999877929688,93.67720794677734,7313800
2026-02-04,95.44999694824219,95.61000061035156,95.41000366210938,95.51000213623047,93.65760803222656,7268600
2026-02-05,95.80000305175781,96.0999984741211,95.70999908447266,96.06999969482422,94.20674133300781,12086800
2026-02-06,96.12000274658203,96.12999725341797,95.91999816894531,96.06999969482422,94.20674133300781,7759900
2026-02-09,96.01000213623047,96.12999725341797,95.93000030517578,96.08999633789062,94.22634887695312,8165100
2026-02-10,96.43000030517578,96.55000305175781,96.41000366210938,96.51000213623047,94.63819885253906,9752300
2026-02-11,96.18000030517578,96.44999694824219,96.16000366210938,96.23999786376953,94.3734359741211,9106600
2026-02-12,96.4000015258789,96.8499984741211,96.38999938964844,96.83000183105469,94.95199584960938,13099900
2026-02-13,97.12000274658203,97.26000213623047,97.08999633789062,97.20999908447266,95.32462310791016,11681500
2026-02-17,97.25,97.30999755859375,97.1500015258789,97.19999694824219,95.3148193359375,8623800
2026-02-18,97.02999877929688,97.08999633789062,96.97000122070312,97.0,95.11870574951172,7778800
2026-02-19,96.95999908447266,97.13999938964844,96.94000244140625,97.08999633789062,95.20695495605469,4993000
2026-02-20,97.12999725341797,97.13999938964844,96.88999938964844,97.08999633789062,95.20695495605469,11200200
2026-02-23,97.16999816894531,97.52999877929688,97.16999816894531,97.44000244140625,95.55016326904297,9862900
2026-02-24,97.44000244140625,97.4800033569336,97.33000183105469,97.41999816894531,95.53056335449219,9493300
2026-02-25,97.2699966430664,97.41999816894531,97.2699966430664,97.33999633789062,95.45210266113281,8762700
2026-02-26,97.41999816894531,97.5999984741211,97.41999816894531,97.5999984741211,95.70706176757812,8177300
2026-02-27,97.87999725341797,98.05000305175781,97.83000183105469,97.98999786376953,96.08949279785156,9970300
2026-03-02,97.37999725341797,97.38999938964844,96.94999694824219,97.12000274658203,95.51222229003906,17709600
2026-03-03,96.66999816894531,97.1500015258789,96.63999938964844,97.01000213623047,95.40403747558594,13708500
2026-03-04,96.97000122070312,96.98999786376953,96.79000091552734,96.80999755859375,95.20734405517578,12535500
2026-03-05,96.44999694824219,96.58000183105469,96.38999938964844,96.51000213623047,94.91230773925781,12599700
2026-03-06,96.22000122070312,96.73999786376953,96.16999816894531,96.44999694824219,94.85330200195312,12758200
2026-03-09,96.36000061035156,96.80000305175781,96.25,96.75,95.14834594726562,12134400
2026-03-10,96.69999694824219,96.7699966430664,96.41000366210938,96.44000244140625,94.84347534179688,10571300
2026-03-11,96.26000213623047,96.30999755859375,95.9800033569336,96.0,94.41075897216797,12197600
2026-03-12,95.8499984741211,95.9800033569336,95.58999633789062,95.69000244140625,94.10588836669922,11401400
2026-03-13,95.83999633789062,95.93000030517578,95.55000305175781,95.58999633789062,94.00753784179688,11839700
2026-03-16,95.9800033569336,96.05999755859375,95.87000274658203,96.0199966430664,94.43041229248047,9092100
2026-03-17,96.16999816894531,96.27999877929688,96.12999725341797,96.19000244140625,94.59761810302734,7209700
2026-03-18,96.05000305175781,96.12000274658203,95.7300033569336,95.75,94.1648941040039,13048700
2026-03-19,95.48999786376953,95.87999725341797,95.4800033569336,95.73999786376953,94.15505981445312,18464600
2026-03-20,95.30999755859375,95.33999633789062,94.8499984741211,94.87999725341797,93.30928802490234,20761500
2026-03-23,95.0,95.43000030517578,94.88999938964844,95.18000030517578,93.60433959960938,28336300
2026-03-24,94.79000091552734,95.08000183105469,94.62000274658203,94.86000061035156,93.28962707519531,19785600
2026-03-25,95.29000091552734,95.4000015258789,95.13999938964844,95.36000061035156,93.78135681152344,15939200
2026-03-26,95.01000213623047,95.12999725341797,94.58999633789062,94.58999633789062,93.02410125732422,12897300
2026-03-27,94.37000274658203,94.77999877929688,94.36000061035156,94.5999984741211,93.03392791748047,11401900
2026-03-30,95.19999694824219,95.38999938964844,95.12999725341797,95.2699966430664,93.69283294677734,15430000
2026-03-31,95.54000091552734,95.68000030517578,95.3499984741211,95.44000244140625,93.86003112792969,18649700
2026-04-01,95.08000183105469,95.29000091552734,95.0199966430664,95.04000091552734,93.77812194824219,13557600
2026-04-02,95.02999877929688,95.38999938964844,95.01000213623047,95.26000213623047,93.9952163696289,13171300
2026-04-06,95.0,95.18000030517578,94.91000366210938,95.01000213623047,93.74852752685547,6104900
2026-04-07,95.06999969482422,95.29000091552734,94.76000213623047,95.25,93.98533630371094,6737500
2026-04-08,95.72000122070312,95.7300033569336,95.37000274658203,95.45999908447266,94.19255828857422,12107400
2026-04-09,95.37000274658203,95.6500015258789,95.2300033569336,95.43000030517578,94.1629409790039,11065900
2026-04-10,95.43000030517578,95.45999908447266,95.26000213623047,95.2699966430664,94.00506591796875,4404800
2026-04-13,95.2699966430664,95.48999786376953,95.16999816894531,95.4800033569336,94.21228790283203,4300200
2026-04-14,95.44000244140625,95.80000305175781,95.41000366210938,95.79000091552734,94.5181655883789,5239800
2026-04-15,95.69000244140625,95.69999694824219,95.5,95.58000183105469,94.31096649169922,5592900
2026-04-16,95.66999816894531,95.69999694824219,95.37999725341797,95.41000366210938,94.14321899414062,6618900
2026-04-17,95.88999938964844,96.05000305175781,95.83999633789062,95.93000030517578,94.65631103515625,6912900
2026-04-20,95.91000366210938,95.91999816894531,95.70999908447266,95.83999633789062,94.5675048828125,3868800
2026-04-21,95.69000244140625,95.75,95.41000366210938,95.41999816894531,94.15309143066406,4872900
2026-04-22,95.68000030517578,95.70999908447266,95.5,95.5199966430664,94.25175476074219,4121400
2026-04-23,95.55999755859375,95.62999725341797,95.19000244140625,95.37000274658203,94.10375213623047,6795600
2026-04-24,95.29000091552734,95.58999633789062,95.20999908447266,95.55999755859375,94.29122161865234,5490000
2026-04-27,95.41999816894531,95.52999877929688,95.27999877929688,95.33999633789062,94.07414245605469,4055500
2026-04-28,95.19000244140625,95.2699966430664,95.11000061035156,95.25,93.98533630371094,4867700
2026-04-29,95.02999877929688,95.02999877929688,94.69999694824219,94.80000305175781,93.54132080078125,7200300
2026-04-30,95.04000091552734,95.08999633789062,94.87000274658203,94.9800033569336,93.71892547607422,10382400
2026-05-01,94.69000244140625,95.04000091552734,94.62000274658203,94.73999786376953,93.79020690917969,5359200
2026-05-04,94.58999633789062,94.5999984741211,94.22000122070312,94.38999938964844,93.44371032714844,6593900
2026-05-05,94.5,94.63999938964844,94.47000122070312,94.52999877929688,93.58231353759766,11281600
2026-05-06,94.93000030517578,95.02999877929688,94.86000061035156,95.0,94.04759216308594,9031100
2026-05-07,95.18000030517578,95.18000030517578,94.69000244140625,94.70999908447266,93.76050567626953,5610100
2026-05-08,95.04000091552734,95.08999633789062,94.91999816894531,94.95999908447266,94.00800323486328,3215100
2026-05-11,94.86000061035156,94.87999725341797,94.63999938964844,94.63999938964844,93.69121551513672,4025400
2026-05-12,94.41999816894531,94.43000030517578,94.30000305175781,94.31999969482422,93.37442016601562,5686700
2026-05-13,94.30000305175781,94.37999725341797,94.11000061035156,94.31999969482422,93.37442016601562,3459200
2026-05-14,94.54000091552734,94.55999755859375,94.25,94.26000213623047,93.31501770019531,5167300
2026-05-15,93.72000122070312,93.75,93.48999786376953,93.51000213623047,92.57254791259766,12498700
2026-05-18,93.62000274658203,93.75,93.33999633789062,93.47000122070312,92.53294372558594,8422900
2026-05-19,93.12999725341797,93.2699966430664,92.94999694824219,93.11000061035156,92.17654418945312,10069800
2026-05-20,93.16999816894531,93.80999755859375,93.1500015258789,93.73999786376953,92.80023193359375,14892500
2026-05-21,93.47000122070312,93.83999633789062,93.30999755859375,93.80000305175781,92.85963439941406,7762000
2026-05-22,93.95999908447266,93.98999786376953,93.62999725341797,93.87999725341797,92.93882751464844,6321900
2026-05-26,94.33999633789062,94.3499984741211,94.12999725341797,94.27999877929688,93.33482360839844,5494400
2026-05-27,94.3499984741211,94.4800033569336,94.29000091552734,94.31999969482422,93.37442016601562,5958800
2026-05-28,94.3499984741211,94.66999816894531,94.29000091552734,94.54000091552734,93.59220886230469,5938300
2026-05-29,94.63999938964844,94.73999786376953,94.52999877929688,94.6500015258789,93.70111083984375,9639700
2026-06-01,93.91000366210938,94.19999694824219,93.80999755859375,94.16999816894531,93.53919982910156,8054100
2026-06-02,94.33000183105469,94.33000183105469,94.16000366210938,94.23999786376953,93.60873413085938,15426600
2026-06-03,93.98999786376953,94.0999984741211,93.91000366210938,94.0,93.3703384399414,7056500
2026-06-04,94.19999694824219,94.27999877929688,94.08999633789062,94.12000274658203,93.48954010009766,4417900
2026-06-05,93.70999908447266,93.79000091552734,93.58999633789062,93.62000274658203,92.99288940429688,9880800
2026-06-08,93.80000305175781,93.86000061035156,93.5199966430664,93.5199966430664,92.89354705810547,5352200
2026-06-09,93.70999908447266,93.8499984741211,93.61000061035156,93.77999877929688,93.15180969238281,8007300
2026-06-10,93.81999969482422,93.9000015258789,93.5999984741211,93.69000244140625,93.06242370605469,5804900
2026-06-11,93.80999755859375,94.37999725341797,93.75,94.33999633789062,93.70806121826172,11281600
2026-06-12,94.16000366210938,94.2699966430664,94.0199966430664,94.18000030517578,93.54914093017578,8861800
2026-06-15,94.38999938964844,94.47000122070312,94.26000213623047,94.27999877929688,93.64846801757812,3787600
2026-06-16,94.37999725341797,94.62000274658203,94.3499984741211,94.5199966430664,93.88685607910156,4675000
2026-06-17,94.52999877929688,94.58000183105469,94.01000213623047,94.0199966430664,93.39020538330078,11508300
2026-06-18,94.43000030517578,94.5999984741211,94.33000183105469,94.36000061035156,93.7279281616211,6836500
2026-06-22,94.11000061035156,94.12999725341797,93.97000122070312,94.0,93.3703384399414,4572200
2026-06-23,94.16000366210938,94.26000213623047,94.08999633789062,94.12000274658203,93.48954010009766,6504600
2026-06-24,94.56999969482422,94.77999877929688,94.55999755859375,94.7300033569336,94.095458984375,5179800
2026-06-25,94.86000061035156,95.0199966430664,94.77999877929688,94.79000091552734,94.1550521850586,5630500
2026-06-26,94.83000183105469,95.08000183105469,94.83000183105469,95.02999877929688,94.39344024658203,5584100
2026-06-29,94.9800033569336,95.06999969482422,94.93000030517578,95.05999755859375,94.42323303222656,5901500
2026-06-30,94.87999725341797,94.9000015258789,94.55000305175781,94.56999969482422,93.9365234375,8034000
2026-07-01,94.04000091552734,94.19999694824219,94.0,94.02999877929688,93.70830535888672,7890500
2026-07-02,94.08999633789062,94.26000213623047,94.02999877929688,94.12000274658203,93.79800415039062,7605500
2026-07-06,94.13999938964844,94.19000244140625,94.02999877929688,94.18000030517578,93.85779571533203,4600500
2026-07-07,94.0,94.0199966430664,93.69000244140625,93.69999694824219,93.37943267822266,5813600
2026-07-08,93.52999877929688,93.58999633789062,93.36000061035156,93.51000213623047,93.1900863647461,5509600
2026-07-09,93.58999633789062,93.8499984741211,93.58999633789062,93.70999908447266,93.38939666748047,3223100
2026-07-10,93.73999786376953,93.77999877929688,93.58999633789062,93.62999725341797,93.3096694946289,6507600
2026-07-13,93.5,93.5199966430664,93.26000213623047,93.29000091552734,92.97084045410156,5769700
2026-07-14,93.5999984741211,93.79000091552734,93.45999908447266,93.55000305175781,93.22994995117188,5315900
2026-07-15,93.63999938964844,93.87000274658203,93.63999938964844,93.77999877929688,93.45915985107422,6735500
2026-07-16,93.58000183105469,93.75,93.54000091552734,93.72000122070312,93.39936828613281,4841200
2026-07-17,93.95999908447266,94.0999984741211,93.81999969482422,93.83999633789062,93.51895141601562,7561300
2026-07-20,93.73999786376953,93.76000213623047,93.44000244140625,93.54000091552734,93.21998596191406,3784800
2026-07-21,93.4000015258789,93.41999816894531,93.26000213623047,93.30999755859375,92.99076843261719,2786200
2026-07-22,93.27999877929688,93.29000091552734,93.08000183105469,93.0999984741211,92.78148651123047,3428200
2026-07-23,92.80000305175781,92.9000015258789,92.76000213623047,92.8499984741211,92.53234100341797,5002200
2026-07-24,92.98999786376953,93.22000122070312,92.94000244140625,93.02999877929688,92.71172332763672,5092700
2026-07-27,93.20999908447266,93.3499984741211,93.13999938964844,93.27999877929688,92.96086883544922,4046300
2026-07-28,93.37000274658203,93.66000366210938,93.37000274658203,93.55999755859375,93.23991394042969,3320700
2026-07-29,93.41000366210938,93.52999877929688,93.16000366210938,93.16999816894531,92.85124969482422,5391000
2026-07-30,93.23999786376953,93.31999969482422,93.12000274658203,93.20999908447266,92.89111328125,3973000
2026-07-31,92.9800033569336,92.9800033569336,92.7300033569336,92.94999694824219,92.63199615478516,8490100
2026-08-03,92.80000305175781,92.87000274658203,92.69000244140625,92.81999969482422,92.81999969482422,5758500
2026-08-04,93.1500015258789,93.2699966430664,93.0999984741211,93.25,93.25,5461600
2026-08-05,93.20999908447266,93.33000183105469,93.12999725341797,93.30999755859375,93.30999755859375,5609200
2026-08-06,93.16000366210938,93.19000244140625,92.9000015258789,92.94999694824219,92.94999694824219,4831900
