date,open,high,low,close,adj_close,volume
2002-07-30,101.30000305175781,102.0,101.25,101.37000274658203,36.53215408325195,21200
2002-07-31,101.80000305175781,102.25,101.55000305175781,101.98999786376953,36.75554656982422,272000
2002-08-01,102.4000015258789,103.0999984741211,102.30000305175781,102.98999786376953,37.115962982177734,111700
2002-08-02,102.9000015258789,103.30000305175781,102.44999694824219,103.19999694824219,37.191612243652344,29200
2002-08-05,103.6500015258789,103.6500015258789,102.51000213623047,102.94999694824219,37.1015739440918,166500
2002-08-06,102.5,102.6500015258789,102.0999984741211,102.5999984741211,36.97541046142578,430100
2002-08-07,102.69999694824219,103.0999984741211,102.19999694824219,102.88999938964844,37.07990646362305,33100
2002-08-08,103.0,103.0,102.33000183105469,102.58999633789062,36.97182083129883,83600
2002-08-09,102.80000305175781,103.18000030517578,102.61000061035156,103.0,37.11952590942383,273800
2002-08-12,103.0999984741211,103.30999755859375,102.94999694824219,103.13999938964844,37.16999816894531,69100
2002-08-13,103.4800033569336,103.98999786376953,103.1500015258789,103.98999786376953,37.47635269165039,36400
2002-08-14,104.0199966430664,104.69999694824219,104.0,104.02999877929688,37.490726470947266,76400
2002-08-15,104.25,104.25,103.5,103.72000122070312,37.37904739379883,132000
2002-08-16,104.4000015258789,104.4000015258789,103.19999694824219,103.22000122070312,37.1988639831543,57400
2002-08-19,103.6500015258789,104.04000091552734,103.5999984741211,103.80000305175781,37.40786361694336,18700
2002-08-20,104.80000305175781,104.94999694824219,104.44000244140625,104.91000366210938,37.80788803100586,262800
2002-08-21,105.0,105.1500015258789,104.69999694824219,105.05000305175781,37.85835266113281,22300
2002-08-22,105.25,105.25,104.7699966430664,104.9000015258789,37.804290771484375,161800
2002-08-23,105.19999694824219,105.30000305175781,104.8499984741211,105.19999694824219,37.912384033203125,47500
2002-08-26,105.0,105.4000015258789,105.0,105.30999755859375,37.952049255371094,28900
2002-08-27,105.19999694824219,105.25,104.75,105.05000305175781,37.85835266113281,202400
2002-08-28,105.4000015258789,105.69000244140625,105.1500015258789,105.25,37.93044662475586,307900
2002-08-29,105.80000305175781,105.9000015258789,105.30000305175781,105.63999938964844,38.07094955444336,42900
2002-08-30,106.0,106.0,105.30000305175781,105.69999694824219,38.092613220214844,36500
2002-09-03,105.9000015258789,106.05000305175781,105.6500015258789,105.6500015258789,38.273372650146484,49300
2002-09-04,106.0999984741211,106.1500015258789,105.75,106.04000091552734,38.41463088989258,1690000
2002-09-05,106.5999984741211,106.69999694824219,105.81999969482422,106.33999633789062,38.52334213256836,138300
2002-09-06,106.33000183105469,106.33000183105469,105.19999694824219,105.62000274658203,38.26247787475586,224800
2002-09-09,105.25,106.0,105.25,105.69000244140625,38.28788375854492,53600
2002-09-10,105.26000213623047,106.3499984741211,105.25,106.13999938964844,38.450889587402344,176800
2002-09-11,105.5,106.0,105.22000122070312,106.0,38.400177001953125,125500
2002-09-12,106.19999694824219,106.73999786376953,105.9000015258789,106.55000305175781,38.599403381347656,523900
2002-09-13,106.80000305175781,106.91999816894531,106.25,106.7300033569336,38.66463088989258,93400
2002-09-16,107.58999633789062,107.58999633789062,106.91999816894531,107.1500015258789,38.816776275634766,32200
2002-09-17,107.25,108.2300033569336,106.75,107.2300033569336,38.845733642578125,135500
2002-09-18,107.4000015258789,107.4000015258789,106.83999633789062,107.0999984741211,38.798641204833984,214400
2002-09-19,107.4000015258789,107.45999908447266,106.8499984741211,107.0999984741211,38.798641204833984,143000
2002-09-20,107.0999984741211,107.1500015258789,106.69999694824219,107.1500015258789,38.816776275634766,46900
2002-09-23,107.5,107.5,106.80000305175781,106.81999969482422,38.69720458984375,75100
2002-09-24,106.9000015258789,107.69999694824219,106.4000015258789,106.80000305175781,38.689998626708984,229100
2002-09-25,106.69999694824219,106.94999694824219,106.12000274658203,106.58000183105469,38.61027526855469,97000
2002-09-26,106.01000213623047,106.76000213623047,105.80000305175781,106.69999694824219,38.653770446777344,280200
2002-09-27,106.9000015258789,107.55000305175781,106.55999755859375,107.55000305175781,38.961666107177734,301400
2002-09-30,107.5999984741211,107.8499984741211,107.1500015258789,107.3499984741211,38.889225006103516,105200
2002-10-01,106.9000015258789,107.0,106.5,106.83000183105469,38.86265563964844,333500
2002-10-02,107.0,107.0,106.4800033569336,106.80000305175781,38.85176467895508,314000
2002-10-03,107.05000305175781,107.05000305175781,106.5,106.75,38.83357620239258,160500
2002-10-04,105.6500015258789,106.6500015258789,105.6500015258789,106.5,38.74263381958008,123300
2002-10-07,106.4000015258789,106.4000015258789,106.0,106.0,38.56074523925781,61300
2002-10-08,105.0,105.80000305175781,105.0,105.01000213623047,38.20059585571289,281800
2002-10-09,105.0,105.0,104.1500015258789,104.62000274658203,38.05868911743164,300600
2002-10-10,104.0999984741211,104.5999984741211,103.69999694824219,104.5999984741211,38.051422119140625,116600
2002-10-11,105.3499984741211,105.3499984741211,104.4800033569336,104.9000015258789,38.16053771972656,86100
2002-10-14,104.9000015258789,105.2699966430664,104.7699966430664,105.08999633789062,38.22966384887695,47600
2002-10-15,103.80000305175781,104.6500015258789,103.80000305175781,103.8499984741211,37.7785758972168,47600
2002-10-16,103.75,104.69999694824219,103.4000015258789,103.5999984741211,37.687660217285156,1124900
2002-10-17,103.25,103.25,102.4000015258789,102.81999969482422,37.403907775878906,638900
2002-10-18,102.75,103.0999984741211,101.9000015258789,103.08999633789062,37.50214767456055,599800
2002-10-21,103.4000015258789,103.4000015258789,102.30999755859375,102.4800033569336,37.28021240234375,183400
2002-10-22,102.44999694824219,103.08999633789062,102.44999694824219,102.9000015258789,37.43301773071289,464900
2002-10-23,102.80999755859375,103.5,102.5999984741211,103.0999984741211,37.505775451660156,128500
2002-10-24,103.0,103.5,102.69999694824219,103.48999786376953,37.647621154785156,30600
2002-10-25,104.06999969482422,104.19999694824219,103.44000244140625,104.19999694824219,37.905921936035156,58500
2002-10-28,104.48999786376953,104.5,104.19999694824219,104.48999786376953,38.01140594482422,771200
2002-10-29,104.9000015258789,105.4800033569336,104.5,105.0999984741211,38.23334884643555,29200
2002-10-30,105.0,105.4800033569336,104.75,105.12000274658203,38.24060821533203,828500
2002-10-31,105.43000030517578,106.25,105.43000030517578,106.25,38.65169143676758,111000
2002-11-01,105.7300033569336,105.7300033569336,104.69999694824219,104.9800033569336,38.37639236450195,13100
2002-11-04,105.0,105.19999694824219,104.3499984741211,105.19999694824219,38.45683288574219,155200
2002-11-05,105.69999694824219,105.69999694824219,104.6500015258789,105.08999633789062,38.416587829589844,53100
2002-11-06,105.6500015258789,106.27999877929688,105.0199966430664,105.41000366210938,38.53362274169922,598300
2002-11-07,106.44000244140625,106.9000015258789,106.22000122070312,106.9000015258789,39.078277587890625,247800
2002-11-08,107.1500015258789,107.1500015258789,102.56999969482422,107.04000091552734,39.12946319580078,847700
2002-11-11,107.5,107.5,107.16000366210938,107.33000183105469,39.235469818115234,18100
2002-11-12,107.30000305175781,107.30000305175781,106.44000244140625,106.44000244140625,38.910133361816406,26300
2002-11-13,106.97000122070312,106.97000122070312,106.43000030517578,106.8499984741211,39.060001373291016,339400
2002-11-14,106.19999694824219,106.80999755859375,106.01000213623047,106.13999938964844,38.80046463012695,120300
2002-11-15,106.30000305175781,106.80000305175781,106.1500015258789,106.75,39.0234489440918,112900
2002-11-18,106.86000061035156,107.55000305175781,106.61000061035156,107.48999786376953,39.29396057128906,50400
2002-11-19,107.63999938964844,107.63999938964844,107.02999877929688,107.29000091552734,39.2208366394043,22600
2002-11-20,107.93000030517578,107.93000030517578,106.94000244140625,106.94000244140625,39.09290313720703,81200
2002-11-21,106.9000015258789,106.98999786376953,106.33999633789062,106.94000244140625,39.09290313720703,239200
2002-11-22,106.75,106.88999938964844,106.5,106.5,38.93206787109375,1099900
2002-11-25,106.80999755859375,106.83999633789062,106.41000366210938,106.48999786376953,38.92839050292969,28100
2002-11-26,106.6500015258789,107.08999633789062,106.5999984741211,107.08999633789062,39.14774703979492,75800
2002-11-27,106.9000015258789,106.98999786376953,106.19999694824219,106.48999786376953,38.92839050292969,123000
2002-11-29,106.69999694824219,106.80000305175781,106.0199966430664,106.48999786376953,38.92839050292969,17200
2002-12-02,105.77999877929688,106.38999938964844,105.30000305175781,106.20999908447266,38.992645263671875,63300
2002-12-03,106.19999694824219,106.58999633789062,106.16000366210938,106.4000015258789,39.06239700317383,2064200
2002-12-04,106.4000015258789,106.54000091552734,106.0999984741211,106.4000015258789,39.06239700317383,248700
2002-12-05,106.12000274658203,106.83999633789062,106.0999984741211,106.63999938964844,39.150535583496094,123500
2002-12-06,107.19999694824219,107.33999633789062,106.11000061035156,106.69999694824219,39.172550201416016,297400
2002-12-09,106.8499984741211,107.0999984741211,106.5,106.69999694824219,39.172550201416016,63500
2002-12-10,106.51000213623047,106.98999786376953,106.51000213623047,106.9000015258789,39.24597930908203,115600
2002-12-11,107.30000305175781,107.44999694824219,106.80999755859375,107.3499984741211,39.41114807128906,217600
2002-12-12,107.25,107.58999633789062,106.93000030517578,107.3499984741211,39.41114807128906,26800
2002-12-13,106.9000015258789,107.38999938964844,106.76000213623047,106.80000305175781,39.2092399597168,44900
2002-12-16,107.3499984741211,107.3499984741211,106.75,106.75,39.19090270996094,317400
2002-12-17,107.5999984741211,107.5999984741211,106.80999755859375,107.1500015258789,39.337730407714844,294400
2002-12-18,107.5,107.72000122070312,107.25,107.69000244140625,39.535980224609375,46800
2002-12-19,108.05000305175781,108.37999725341797,107.55000305175781,108.37999725341797,39.78933334350586,50600
2002-12-20,108.44999694824219,108.44999694824219,108.01000213623047,108.41000366210938,39.80036163330078,39800
2002-12-23,108.30000305175781,108.5,108.04000091552734,108.43000030517578,39.80767059326172,23900
2002-12-24,108.5,109.0,108.4000015258789,108.66000366210938,39.892120361328125,14500
2002-12-26,108.33000183105469,109.0199966430664,108.33000183105469,109.0199966430664,40.024295806884766,14100
2002-12-27,109.25,109.66999816894531,109.0,109.6500015258789,40.255550384521484,16500
2002-12-30,109.8499984741211,110.0999984741211,109.5,109.9800033569336,40.37670135498047,30200
2002-12-31,109.69999694824219,109.91000366210938,109.3499984741211,109.69000244140625,40.45751190185547,96100
2003-01-02,108.97000122070312,108.97000122070312,107.01000213623047,107.33000183105469,39.58705139160156,66700
2003-01-03,107.5999984741211,107.94000244140625,107.26000213623047,107.94000244140625,39.812042236328125,23800
2003-01-06,107.75,107.88999938964844,107.1500015258789,107.88999938964844,39.7935905456543,623000
2003-01-07,107.8499984741211,108.41999816894531,107.41000366210938,108.30000305175781,39.94483184814453,45100
2003-01-08,108.5999984741211,108.75,108.19999694824219,108.41000366210938,39.985408782958984,107600
2003-01-09,108.0,108.0,107.02999877929688,107.54000091552734,39.66447830200195,55600
2003-01-10,108.19999694824219,108.19999694824219,107.31999969482422,107.81999969482422,39.767738342285156,82100
2003-01-13,108.0,108.25,107.54000091552734,107.69999694824219,39.723514556884766,53300
2003-01-14,108.69999694824219,108.69999694824219,107.81999969482422,108.0,39.83417892456055,239200
2003-01-15,108.19999694824219,108.25,107.72000122070312,108.0,39.83417892456055,111500
2003-01-16,108.0,108.04000091552734,107.25,107.75,39.7419548034668,185900
2003-01-17,108.25,108.30000305175781,107.76000213623047,108.25,39.92635726928711,1489000
2003-01-21,108.0,108.37999725341797,107.75,108.31999969482422,39.952178955078125,37600
2003-01-22,108.25,108.6500015258789,108.0999984741211,108.54000091552734,40.03333282470703,39300
2003-01-23,108.30000305175781,108.75,108.2699966430664,108.58999633789062,40.0517692565918,200300
2003-01-24,108.94000244140625,109.36000061035156,108.66000366210938,109.08000183105469,40.23250198364258,1025300
2003-01-27,109.05000305175781,109.05000305175781,108.13999938964844,108.44000244140625,39.9964599609375,819100
2003-01-28,108.30000305175781,108.77999877929688,108.16999816894531,108.7699966430664,40.11817169189453,691100
2003-01-29,108.9000015258789,108.9000015258789,108.05000305175781,108.12999725341797,39.88211441040039,38100
2003-01-30,108.30000305175781,108.68000030517578,108.01000213623047,108.5,40.0185661315918,812000
2003-01-31,108.75,108.8499984741211,108.19999694824219,108.80000305175781,40.129249572753906,128300
2003-02-03,107.75,108.5199966430664,107.75,108.44999694824219,40.168113708496094,25300
2003-02-04,108.19999694824219,108.80000305175781,108.12999725341797,108.66000366210938,40.24592590332031,557200
2003-02-05,108.62000274658203,108.79000091552734,108.01000213623047,108.5,40.18663787841797,118900
2003-02-06,108.69999694824219,108.77999877929688,108.26000213623047,108.69000244140625,40.25701141357422,29600
2003-02-07,108.5999984741211,109.01000213623047,108.25,108.93000030517578,40.34590148925781,266500
2003-02-10,108.8499984741211,108.9000015258789,108.05999755859375,108.26000213623047,40.097755432128906,425700
2003-02-11,108.20999908447266,108.66000366210938,108.20999908447266,108.66000366210938,40.24592590332031,133300
2003-02-12,108.94000244140625,108.94000244140625,108.5,108.51000213623047,40.19034194946289,35300
2003-02-13,108.73999786376953,109.25,108.51000213623047,108.51000213623047,40.19034194946289,79200
2003-02-14,108.94999694824219,108.94999694824219,108.25,108.45999908447266,40.17183303833008,75900
2003-02-18,108.5,108.83999633789062,108.25,108.80000305175781,40.29777908325195,930400
2003-02-19,108.94000244140625,109.30999755859375,108.69999694824219,109.1500015258789,40.42741012573242,27200
2003-02-20,109.16000366210938,109.68000030517578,109.0,109.43000030517578,40.53110122680664,164900
2003-02-21,109.75,109.75,109.0,109.12999725341797,40.41996383666992,81200
2003-02-24,109.5999984741211,109.72000122070312,109.30999755859375,109.48999786376953,40.553314208984375,125200
2003-02-25,109.98999786376953,109.98999786376953,109.45999908447266,109.69000244140625,40.627410888671875,163800
2003-02-26,109.98999786376953,110.0,109.55000305175781,109.98999786376953,40.7385139465332,32300
2003-02-27,110.0,110.48999786376953,109.72000122070312,110.44999694824219,40.90889358520508,89700
2003-02-28,110.45999908447266,110.77999877929688,109.9800033569336,110.48999786376953,40.923683166503906,81000
2003-03-03,110.5999984741211,110.87000274658203,110.11000061035156,110.69999694824219,41.15907287597656,196700
2003-03-04,110.41000366210938,110.83999633789062,110.25,110.76000213623047,41.181339263916016,96400
2003-03-05,110.9000015258789,110.9000015258789,110.25,110.69999694824219,41.15907287597656,23900
2003-03-06,110.9000015258789,110.9000015258789,110.25,110.51000213623047,41.08842468261719,48000
2003-03-07,110.76000213623047,110.95999908447266,110.23999786376953,110.54000091552734,41.099578857421875,28400
2003-03-10,110.54000091552734,111.05999755859375,110.52999877929688,110.8499984741211,41.214813232421875,48600
2003-03-11,110.9800033569336,110.9800033569336,110.3499984741211,110.5999984741211,41.121883392333984,49700
2003-03-12,110.5,110.8499984741211,110.19999694824219,110.4000015258789,41.04747009277344,139500
2003-03-13,109.5199966430664,109.9800033569336,109.2699966430664,109.69999694824219,40.78725051879883,190500
2003-03-14,109.55000305175781,109.94000244140625,109.3499984741211,109.56999969482422,40.73891830444336,212800
2003-03-17,109.80000305175781,110.08999633789062,108.8499984741211,109.0,40.52700424194336,502800
2003-03-18,109.0199966430664,109.62000274658203,108.27999877929688,108.56999969482422,40.36710739135742,1098700
2003-03-19,108.69999694824219,108.7300033569336,107.83000183105469,108.0,40.155147552490234,869800
2003-03-20,108.63999938964844,108.79000091552734,107.75,108.19000244140625,40.22581481933594,44700
2003-03-21,108.30000305175781,108.3499984741211,107.56999969482422,107.63999938964844,40.02128982543945,142200
2003-03-24,108.0,108.69000244140625,107.9800033569336,108.5,40.3410758972168,123000
2003-03-25,108.55000305175781,108.80000305175781,108.3499984741211,108.62000274658203,40.38569641113281,30700
2003-03-26,108.6500015258789,109.19000244140625,108.6500015258789,109.0999984741211,40.564178466796875,129600
2003-03-27,109.44000244140625,109.44000244140625,109.01000213623047,109.25,40.61996078491211,54600
2003-03-28,109.44999694824219,109.98999786376953,109.4000015258789,109.69000244140625,40.783546447753906,650500
2003-03-31,109.69999694824219,110.25,109.69999694824219,110.19999694824219,40.97316360473633,59000
2003-04-01,109.80000305175781,110.13999938964844,109.30000305175781,110.05999755859375,41.194366455078125,94500
2003-04-02,109.4000015258789,109.80999755859375,109.20999908447266,109.73999786376953,41.074588775634766,155700
2003-04-03,109.73999786376953,110.08999633789062,109.5,109.75,41.07835388183594,31200
2003-04-04,109.73999786376953,109.83000183105469,109.30999755859375,109.4800033569336,40.977264404296875,680000
2003-04-07,109.0199966430664,109.5199966430664,108.56999969482422,109.27999877929688,40.90241241455078,61800
2003-04-08,109.5,109.73999786376953,109.13999938964844,109.68000030517578,41.05213928222656,377400
2003-04-09,109.80000305175781,110.08999633789062,109.41000366210938,110.04000091552734,41.186893463134766,31500
2003-04-10,110.0,110.0,109.5,109.63999938964844,41.03716278076172,795300
2003-04-11,109.30000305175781,109.58000183105469,109.05999755859375,109.25,40.89119338989258,106100
2003-04-14,109.31999969482422,109.48999786376953,108.69999694824219,109.30999755859375,40.91366958618164,145200
2003-04-15,109.81999969482422,110.0,109.31999969482422,109.51000213623047,40.988502502441406,824100
2003-04-16,110.0999984741211,110.30000305175781,109.75,110.25,41.26545333862305,196400
2003-04-17,110.5999984741211,110.61000061035156,110.01000213623047,110.0199966430664,41.17938995361328,54800
2003-04-21,110.0999984741211,110.37999725341797,109.87999725341797,110.25,41.26545333862305,89000
2003-04-22,110.58999633789062,110.8499984741211,110.19999694824219,110.30000305175781,41.284202575683594,35500
2003-04-23,110.3499984741211,111.05000305175781,110.3499984741211,110.94000244140625,41.523738861083984,51700
2003-04-24,111.13999938964844,111.80000305175781,111.13999938964844,111.58999633789062,41.76700973510742,344000
2003-04-25,111.80000305175781,111.88999938964844,111.30000305175781,111.5999984741211,41.770774841308594,128400
2003-04-28,111.63999938964844,111.7300033569336,111.20999908447266,111.66000366210938,41.79322814941406,50300
2003-04-29,111.4000015258789,111.66999816894531,111.0199966430664,111.26000213623047,41.643531799316406,275900
2003-04-30,111.30000305175781,112.27999877929688,111.20999908447266,112.05000305175781,41.9392204284668,345500
2003-05-01,112.0999984741211,112.37999725341797,111.47000122070312,111.83000183105469,42.174156188964844,47700
2003-05-02,111.61000061035156,112.08999633789062,111.23999786376953,111.44999694824219,42.03083801269531,49200
2003-05-05,111.69999694824219,111.94999694824219,111.22000122070312,111.94999694824219,42.21940231323242,32100
2003-05-06,112.1500015258789,112.8499984741211,111.66000366210938,112.54000091552734,42.44191360473633,139900
2003-05-07,113.25,113.3499984741211,112.80999755859375,113.29000091552734,42.72476577758789,102300
2003-05-08,113.80000305175781,113.88999938964844,113.16000366210938,113.30000305175781,42.728515625,1671300
2003-05-09,113.44999694824219,113.44999694824219,112.76000213623047,113.0999984741211,42.65306854248047,36100
2003-05-12,113.98999786376953,113.98999786376953,113.16000366210938,113.48999786376953,42.8001823425293,59500
2003-05-13,113.2699966430664,113.52999877929688,113.0199966430664,113.5,42.80397033691406,73100
2003-05-14,113.8499984741211,114.18000030517578,113.5,114.0,42.99248504638672,36500
2003-05-15,113.5999984741211,114.25,113.51000213623047,113.95999908447266,42.97743225097656,55200
2003-05-16,114.0,114.7300033569336,113.5999984741211,114.72000122070312,43.26407241821289,84400
2003-05-19,114.45999908447266,114.9000015258789,113.9800033569336,114.25,43.08677673339844,751100
2003-05-20,114.4000015258789,114.9000015258789,113.8499984741211,114.5999984741211,43.2187614440918,559100
2003-05-21,114.5999984741211,114.98999786376953,114.12000274658203,114.5999984741211,43.2187614440918,52700
2003-05-22,114.5999984741211,115.37000274658203,114.5999984741211,115.37000274658203,43.509159088134766,39200
2003-05-23,115.69999694824219,115.80000305175781,115.12999725341797,115.52999877929688,43.56952667236328,2946200
2003-05-27,115.62999725341797,115.63999938964844,114.63999938964844,115.12999725341797,43.41865158081055,63800
2003-05-28,115.0,115.16999816894531,114.30000305175781,114.66999816894531,43.245174407958984,711900
2003-05-29,115.3499984741211,115.7300033569336,115.0199966430664,115.5,43.55821228027344,134300
2003-05-30,115.5,115.58000183105469,114.86000061035156,115.55000305175781,43.57704544067383,32900
2003-06-02,114.75,114.83000183105469,114.0199966430664,114.3499984741211,43.392242431640625,73100
2003-06-03,114.94000244140625,115.47000122070312,114.52999877929688,115.4000015258789,43.79069137573242,43600
2003-06-04,115.48999786376953,115.73999786376953,114.91000366210938,115.55000305175781,43.84762954711914,344300
2003-06-05,115.5999984741211,116.0,115.01000213623047,115.36000061035156,43.77546691894531,124600
2003-06-06,115.31999969482422,115.61000061035156,115.0,115.55000305175781,43.84762954711914,81600
2003-06-09,115.98999786376953,116.16000366210938,115.48999786376953,115.80000305175781,43.9424934387207,38600
2003-06-10,116.3499984741211,116.69999694824219,116.12000274658203,116.69999694824219,44.28400421142578,32100
2003-06-11,116.51000213623047,116.94999694824219,116.30999755859375,116.56999969482422,44.23469161987305,191600
2003-06-12,116.4800033569336,117.1500015258789,116.4800033569336,116.98999786376953,44.39404296875,70200
2003-06-13,117.25,117.69999694824219,116.98999786376953,117.4800033569336,44.579986572265625,26800
2003-06-16,117.9000015258789,117.95999908447266,116.75,117.05000305175781,44.41681671142578,173500
2003-06-17,117.04000091552734,117.04000091552734,116.19999694824219,116.68000030517578,44.27642822265625,43000
2003-06-18,116.05000305175781,116.44000244140625,115.5999984741211,115.5999984741211,43.866580963134766,75200
2003-06-19,115.5,116.12999725341797,115.3499984741211,115.80000305175781,43.9424934387207,107700
2003-06-20,115.80000305175781,115.80000305175781,115.1500015258789,115.25,43.733795166015625,57900
2003-06-23,115.30000305175781,115.97000122070312,115.26000213623047,115.83000183105469,43.953880310058594,233500
2003-06-24,115.9000015258789,116.25,115.61000061035156,116.0,44.01840591430664,365000
2003-06-25,116.75,116.83000183105469,115.2300033569336,115.41000366210938,43.79450607299805,76700
2003-06-26,115.22000122070312,115.22000122070312,114.1500015258789,114.4000015258789,43.411216735839844,98400
2003-06-27,114.8499984741211,114.87000274658203,113.80999755859375,114.0999984741211,43.297401428222656,47700
2003-06-30,114.5,114.62999725341797,114.01000213623047,114.62999725341797,43.498504638671875,279500
2003-07-01,114.19999694824219,114.3499984741211,113.27999877929688,113.3499984741211,43.26301193237305,1089100
2003-07-02,113.31999969482422,114.0999984741211,112.87000274658203,113.75,43.415679931640625,1120200
2003-07-03,114.0,114.08999633789062,113.0,113.05000305175781,43.1485481262207,118500
2003-07-07,112.9000015258789,112.98999786376953,112.33000183105469,112.5,42.9385986328125,211300
2003-07-08,112.69999694824219,113.0,112.0999984741211,112.5999984741211,42.97677230834961,191600
2003-07-09,112.9000015258789,113.30999755859375,112.6500015258789,113.0,43.12942886352539,131800
2003-07-10,113.5999984741211,113.5999984741211,113.0,113.2300033569336,43.21718215942383,68000
2003-07-11,113.44999694824219,113.48999786376953,113.19999694824219,113.37000274658203,43.27067947387695,43700
2003-07-14,113.25,113.94999694824219,113.06999969482422,113.06999969482422,43.15614318847656,47400
2003-07-15,113.25,113.25,111.43000030517578,111.77999877929688,42.66378402709961,64700
2003-07-16,111.0,111.94000244140625,111.0,111.73999786376953,42.64849853515625,191200
2003-07-17,111.6500015258789,111.76000213623047,111.0,111.22000122070312,42.450042724609375,80600
2003-07-18,111.75,111.83999633789062,111.20999908447266,111.69000244140625,42.629451751708984,74100
2003-07-21,111.5999984741211,111.5999984741211,110.01000213623047,110.33999633789062,42.11415481567383,40900
2003-07-22,110.1500015258789,110.72000122070312,109.83000183105469,110.25,42.07978820800781,116500
2003-07-23,111.0999984741211,111.31999969482422,110.69999694824219,110.9800033569336,42.35841751098633,172300
2003-07-24,110.73999786376953,110.73999786376953,110.12999725341797,110.5,42.17525100708008,73000
2003-07-25,110.69999694824219,111.16999816894531,109.94999694824219,110.25,42.07978820800781,95300
2003-07-28,109.75,110.12000274658203,109.1500015258789,109.1500015258789,41.65996551513672,142100
2003-07-29,109.0,110.0,108.12000274658203,108.1500015258789,41.27828598022461,355200
2003-07-30,108.4800033569336,109.25,108.37000274658203,108.69999694824219,41.488250732421875,565300
2003-07-31,108.3499984741211,108.43000030517578,107.0,107.3499984741211,40.97297668457031,165400
2003-08-01,106.69999694824219,107.31999969482422,106.19999694824219,106.94999694824219,41.09475326538086,179400
2003-08-04,106.72000122070312,107.75,106.72000122070312,107.58000183105469,41.33683776855469,74200
2003-08-05,107.30000305175781,107.8499984741211,106.7300033569336,107.08999633789062,41.14855194091797,82500
2003-08-06,107.30000305175781,107.94000244140625,106.80000305175781,107.5,41.306087493896484,103500
2003-08-07,108.25,108.27999877929688,107.4000015258789,108.08999633789062,41.53280258178711,62800
2003-08-08,108.0999984741211,108.73999786376953,107.80000305175781,108.1500015258789,41.555843353271484,40500
2003-08-11,108.0999984741211,108.16999816894531,107.41000366210938,107.7300033569336,41.39447021484375,76500
2003-08-12,107.55000305175781,108.20999908447266,107.4000015258789,107.61000061035156,41.34835433959961,55600
2003-08-13,107.4000015258789,107.4000015258789,106.29000091552734,106.4000015258789,40.88340759277344,88100
2003-08-14,106.05999755859375,106.97000122070312,105.7699966430664,106.54000091552734,40.93724822998047,456200
2003-08-15,106.4000015258789,107.75,106.4000015258789,106.75,41.01791000366211,8000
2003-08-18,107.05000305175781,107.36000061035156,106.5999984741211,107.0999984741211,41.15238952636719,40800
2003-08-19,107.4000015258789,108.05999755859375,106.91999816894531,108.05000305175781,41.51739501953125,101100
2003-08-20,108.01000213623047,108.38999938964844,107.41999816894531,107.72000122070312,41.39060974121094,32100
2003-08-21,107.94999694824219,108.0,107.0999984741211,107.19999694824219,41.19083023071289,88100
2003-08-22,107.69999694824219,107.91000366210938,107.22000122070312,107.72000122070312,41.39060974121094,66500
2003-08-25,107.4000015258789,107.88999938964844,107.01000213623047,107.23999786376953,41.20621109008789,55400
2003-08-26,107.19999694824219,107.62999725341797,106.7699966430664,107.44999694824219,41.286861419677734,47200
2003-08-27,107.91999816894531,107.91999816894531,107.05999755859375,107.43000030517578,41.27922058105469,23700
2003-08-28,107.72000122070312,108.4000015258789,107.51000213623047,108.22000122070312,41.58275604248047,105300
2003-08-29,108.68000030517578,108.68000030517578,107.80000305175781,108.18000030517578,41.5673942565918,42600
2003-09-02,106.88999938964844,107.62999725341797,106.88999938964844,107.16000366210938,41.46830368041992,135100
2003-09-03,107.05999755859375,107.5199966430664,106.80999755859375,107.47000122070312,41.58828353881836,69500
2003-09-04,107.47000122070312,107.97000122070312,107.05999755859375,107.83999633789062,41.731441497802734,364600
2003-09-05,108.05000305175781,109.0,107.93000030517578,108.66000366210938,42.048770904541016,738700
2003-09-08,108.79000091552734,109.3499984741211,108.25,108.26000213623047,41.894020080566406,264900
2003-09-09,108.81999969482422,108.81999969482422,107.86000061035156,108.5999984741211,42.02555465698242,193200
2003-09-10,108.8499984741211,109.47000122070312,108.6500015258789,109.47000122070312,42.36221694946289,50600
2003-09-11,109.19999694824219,109.33000183105469,108.69999694824219,108.9000015258789,42.14165496826172,137900
2003-09-12,109.52999877929688,110.13999938964844,109.36000061035156,109.69999694824219,42.45124816894531,33300
2003-09-15,109.69999694824219,109.8499984741211,109.08000183105469,109.73999786376953,42.466705322265625,345300
2003-09-16,109.80000305175781,109.98999786376953,109.26000213623047,109.9800033569336,42.559593200683594,44300
2003-09-17,110.31999969482422,110.7699966430664,109.69999694824219,110.6500015258789,42.818870544433594,87700
2003-09-18,110.5,110.80000305175781,110.01000213623047,110.5,42.760826110839844,83300
2003-09-19,110.5999984741211,110.77999877929688,110.27999877929688,110.61000061035156,42.80339050292969,33700
2003-09-22,110.16999816894531,110.27999877929688,109.5199966430664,110.19999694824219,42.64472198486328,161300
2003-09-23,110.19999694824219,110.37999725341797,109.51000213623047,110.36000061035156,42.70662307739258,551000
2003-09-24,110.11000061035156,110.94000244140625,110.11000061035156,110.77999877929688,42.869171142578125,58900
2003-09-25,110.94000244140625,111.16000366210938,110.56999969482422,111.16000366210938,43.01622009277344,50600
2003-09-26,111.3499984741211,111.8499984741211,111.11000061035156,111.8499984741211,43.283241271972656,36700
2003-09-29,111.6500015258789,111.73999786376953,111.19999694824219,111.55000305175781,43.167137145996094,79800
2003-09-30,111.69999694824219,112.33000183105469,111.43000030517578,112.29000091552734,43.45349884033203,57500
2003-10-01,111.80000305175781,112.0,111.38999938964844,111.87999725341797,43.57851791381836,420900
2003-10-02,110.80000305175781,111.75,110.80000305175781,111.44999694824219,43.411048889160156,105300
2003-10-03,110.25,110.70999908447266,109.72000122070312,109.9000015258789,42.80731201171875,584500
2003-10-06,109.55999755859375,110.19999694824219,109.55999755859375,110.01000213623047,42.850162506103516,111800
2003-10-07,110.05999755859375,110.43000030517578,109.62000274658203,109.63999938964844,42.706016540527344,33200
2003-10-08,109.55000305175781,110.33999633789062,109.55000305175781,110.04000091552734,42.86184310913086,524800
2003-10-09,109.44000244140625,109.77999877929688,109.05000305175781,109.66000366210938,42.71383285522461,71700
2003-10-10,109.5999984741211,110.41000366210938,109.5999984741211,110.19999694824219,42.92414855957031,286000
2003-10-13,109.6500015258789,110.1500015258789,109.6500015258789,110.12999725341797,42.896888732910156,26800
2003-10-14,109.8499984741211,110.13999938964844,109.51000213623047,109.68000030517578,42.72163391113281,47700
2003-10-15,109.6500015258789,109.73999786376953,109.23999786376953,109.69000244140625,42.72551727294922,53600
2003-10-16,109.83999633789062,109.83999633789062,109.06999969482422,109.33999633789062,42.58916091918945,752200
2003-10-17,109.06999969482422,109.9800033569336,109.06999969482422,109.94000244140625,42.82288360595703,35600
2003-10-20,109.93000030517578,110.27999877929688,109.54000091552734,110.04000091552734,42.86184310913086,26500
2003-10-21,110.4000015258789,110.44000244140625,109.58000183105469,110.08000183105469,42.87739562988281,233000
2003-10-22,110.4000015258789,110.5,110.0999984741211,110.4000015258789,43.00205993652344,57900
2003-10-23,110.5,110.5,109.44000244140625,109.80000305175781,42.768348693847656,54000
2003-10-24,110.5999984741211,110.5999984741211,110.12999725341797,110.5999984741211,43.0799674987793,190300
2003-10-27,110.5999984741211,110.6500015258789,110.05000305175781,110.3499984741211,42.98260498046875,35000
2003-10-28,110.43000030517578,111.08999633789062,109.9000015258789,111.08000183105469,43.26691818237305,68100
2003-10-29,110.76000213623047,111.08000183105469,110.22000122070312,110.30000305175781,42.96308898925781,72500
2003-10-30,109.75,110.1500015258789,109.5,110.1500015258789,42.90468215942383,64700
2003-10-31,109.94999694824219,110.43000030517578,109.91000366210938,110.1500015258789,42.90468215942383,45100
2003-11-03,110.30000305175781,110.30000305175781,109.16999816894531,109.77999877929688,42.926979064941406,150800
2003-11-04,109.73999786376953,109.97000122070312,109.5,109.94999694824219,42.99345779418945,89800
2003-11-05,109.94999694824219,109.94999694824219,109.18000030517578,109.18000030517578,42.692359924316406,50900
2003-11-06,109.1500015258789,109.19000244140625,108.56999969482422,108.58000183105469,42.45771026611328,50200
2003-11-07,108.56999969482422,108.86000061035156,108.12000274658203,108.79000091552734,42.539852142333984,71500
2003-11-10,108.94999694824219,109.02999877929688,108.30000305175781,108.47000122070312,42.41471862792969,78200
2003-11-11,108.12000274658203,108.98999786376953,108.11000061035156,108.94000244140625,42.598514556884766,32200
2003-11-12,109.0999984741211,109.19999694824219,108.86000061035156,109.0,42.62196350097656,76100
2003-11-13,109.4000015258789,110.3499984741211,109.4000015258789,110.02999877929688,43.02470397949219,62000
2003-11-14,110.0,110.69000244140625,110.0,110.62999725341797,43.259342193603516,322000
2003-11-17,111.25,111.27999877929688,110.79000091552734,110.83999633789062,43.34144973754883,165700
2003-11-18,110.80000305175781,111.33000183105469,110.4800033569336,111.33000183105469,43.53307342529297,30500
2003-11-19,111.0999984741211,111.55999755859375,110.3499984741211,110.3499984741211,43.14988327026367,436800
2003-11-20,111.0,111.2300033569336,110.30000305175781,110.87999725341797,43.357093811035156,40500
2003-11-21,111.25,111.43000030517578,110.8499984741211,111.25,43.501747131347656,33200
2003-11-24,110.4000015258789,110.97000122070312,110.27999877929688,110.5,43.208526611328125,29500
2003-11-25,110.51000213623047,111.08000183105469,110.5,110.8499984741211,43.34535217285156,32600
2003-11-26,111.05000305175781,111.18000030517578,110.5199966430664,110.61000061035156,43.251529693603516,18900
2003-11-28,110.6500015258789,110.6500015258789,110.0,110.05999755859375,43.036476135253906,32900
2003-12-01,109.0,109.44000244140625,108.75,109.38999938964844,42.946922302246094,183000
2003-12-02,109.47000122070312,109.80999755859375,108.69999694824219,109.69000244140625,43.0647087097168,227300
2003-12-03,110.0,110.0,109.12999725341797,109.5,42.9901008605957,181500
2003-12-04,109.8499984741211,109.8499984741211,109.08000183105469,109.58999633789062,43.025474548339844,672300
2003-12-05,110.38999938964844,110.93000030517578,109.97000122070312,110.7300033569336,43.47301483154297,81900
2003-12-08,110.79000091552734,110.79000091552734,109.72000122070312,109.9000015258789,43.14717483520508,275000
2003-12-09,110.0,110.48999786376953,109.0999984741211,109.55000305175781,43.0097541809082,38100
2003-12-10,110.3499984741211,110.3499984741211,109.30000305175781,109.80000305175781,43.107906341552734,34200
2003-12-11,109.0999984741211,110.31999969482422,109.0999984741211,110.30000305175781,43.30423355102539,65000
2003-12-12,110.62999725341797,110.7300033569336,110.25,110.5999984741211,43.4219970703125,78200
2003-12-15,110.0999984741211,110.69999694824219,110.0199966430664,110.3499984741211,43.3238639831543,275500
2003-12-16,110.75,110.75,110.05999755859375,110.5999984741211,43.97390365600586,40600
2003-12-17,110.5999984741211,111.23999786376953,110.55000305175781,110.8499984741211,44.073299407958984,41900
2003-12-18,111.05999755859375,111.48999786376953,110.86000061035156,111.48999786376953,44.32778549194336,45700
2003-12-19,111.48999786376953,111.56999969482422,111.0,111.55999755859375,44.3556022644043,152700
2003-12-22,111.9000015258789,112.0,111.01000213623047,111.3499984741211,44.27210235595703,299400
2003-12-23,111.4000015258789,111.4000015258789,110.63999938964844,110.70999908447266,44.01766586303711,39900
2003-12-24,111.19999694824219,111.37000274658203,110.76000213623047,111.37000274658203,44.28006362915039,29700
2003-12-26,111.77999877929688,111.77999877929688,111.19999694824219,111.4000015258789,44.291954040527344,17600
2003-12-29,111.6500015258789,111.6500015258789,110.75,111.18000030517578,44.20448684692383,82400
2003-12-30,110.88999938964844,111.13999938964844,110.52999877929688,110.75,44.03352355957031,55700
2003-12-31,110.8499984741211,110.8499984741211,110.19999694824219,110.56999969482422,44.143333435058594,53600
2004-01-02,110.56999969482422,110.56999969482422,109.6500015258789,109.77999877929688,43.827945709228516,209600
2004-01-05,110.05000305175781,110.1500015258789,109.6500015258789,109.9000015258789,43.87586975097656,69900
2004-01-06,110.4000015258789,110.94999694824219,110.0,110.88999938964844,44.271121978759766,304400
2004-01-07,110.8499984741211,111.29000091552734,110.69999694824219,110.9800033569336,44.307003021240234,60600
2004-01-08,111.1500015258789,111.30000305175781,110.80000305175781,111.16000366210938,44.37887191772461,63400
2004-01-09,111.9000015258789,112.19999694824219,111.58999633789062,112.05999755859375,44.7381706237793,86600
2004-01-12,112.0,112.72000122070312,112.0,112.25,44.814048767089844,114500
2004-01-13,111.8499984741211,112.87999725341797,111.8499984741211,112.55000305175781,44.93384552001953,72500
2004-01-14,112.8499984741211,113.11000061035156,112.30000305175781,112.79000091552734,45.02962875366211,272300
2004-01-15,113.0999984741211,113.30000305175781,112.69999694824219,113.30000305175781,45.233238220214844,165700
2004-01-16,113.01000213623047,113.44000244140625,112.77999877929688,112.80000305175781,45.03364181518555,45600
2004-01-20,112.69999694824219,113.18000030517578,112.43000030517578,112.56999969482422,44.941802978515625,76100
2004-01-21,112.81999969482422,112.98999786376953,112.30000305175781,112.83000183105469,45.045623779296875,43800
2004-01-22,113.0,113.62000274658203,112.63999938964844,113.4000015258789,45.273136138916016,77800
2004-01-23,113.75,113.87000274658203,112.4800033569336,112.5,44.91386032104492,112900
2004-01-26,112.75,112.75,111.87999725341797,111.87999725341797,44.66633224487305,239100
2004-01-27,112.4000015258789,112.77999877929688,112.19999694824219,112.55999755859375,44.93779754638672,571700
2004-01-28,112.80000305175781,113.12000274658203,111.5,111.66999816894531,44.58247375488281,70100
2004-01-29,111.69999694824219,111.95999908447266,111.30000305175781,111.6500015258789,44.574501037597656,133100
2004-01-30,112.25,112.36000061035156,111.5199966430664,111.91999816894531,44.68230056762695,80000
2004-02-02,111.80000305175781,111.87999725341797,111.4000015258789,111.44999694824219,44.67028045654297,320600
2004-02-03,111.94999694824219,111.94999694824219,111.33999633789062,111.68000030517578,44.762454986572266,152200
2004-02-04,111.66999816894531,111.8499984741211,111.30000305175781,111.58999633789062,44.72636032104492,55000
2004-02-05,111.58000183105469,111.9000015258789,111.13999938964844,111.4000015258789,44.650238037109375,47100
2004-02-06,111.94999694824219,112.0999984741211,111.5,111.7300033569336,44.78254699707031,122500
2004-02-09,111.77999877929688,112.30000305175781,111.66999816894531,112.19999694824219,44.97088623046875,130400
2004-02-10,112.25,112.25,111.72000122070312,111.87000274658203,44.838619232177734,52400
2004-02-11,111.51000213623047,112.86000061035156,111.51000213623047,112.55000305175781,45.11116409301758,41700
2004-02-12,112.83000183105469,112.83000183105469,112.08000183105469,112.3499984741211,45.03102111816406,106100
2004-02-13,113.0,113.01000213623047,112.47000122070312,112.98999786376953,45.287513732910156,92300
2004-02-17,113.02999877929688,113.02999877929688,112.5999984741211,112.66000366210938,45.155269622802734,64800
2004-02-18,113.08999633789062,113.0999984741211,112.2300033569336,112.4000015258789,45.051029205322266,52400
2004-02-19,112.68000030517578,113.51000213623047,112.36000061035156,112.80000305175781,45.21138000488281,51900
2004-02-20,112.95999908447266,112.95999908447266,112.22000122070312,112.25,44.99091720581055,119300
2004-02-23,112.5,112.83999633789062,112.30000305175781,112.55999755859375,45.11517333984375,33600
2004-02-24,112.36000061035156,113.08000183105469,112.36000061035156,112.66999816894531,45.159271240234375,63100
2004-02-25,113.05000305175781,113.23999786376953,112.44999694824219,112.75,45.19131088256836,49500
2004-02-26,112.83999633789062,112.94999694824219,112.52999877929688,112.83000183105469,45.223426818847656,37700
2004-02-27,112.86000061035156,113.30999755859375,112.81999969482422,113.16000366210938,45.355674743652344,39700
2004-03-01,112.93000030517578,113.05000305175781,112.43000030517578,112.69000244140625,45.34159851074219,291000
2004-03-02,112.79000091552734,112.83999633789062,112.01000213623047,112.47000122070312,45.253047943115234,51800
2004-03-03,112.47000122070312,112.5,111.79000091552734,112.41999816894531,45.23296356201172,58800
2004-03-04,111.9000015258789,112.6500015258789,111.9000015258789,112.5999984741211,45.30535888671875,128000
2004-03-05,114.30000305175781,114.3499984741211,113.5199966430664,113.80000305175781,45.7882080078125,158600
2004-03-08,114.4000015258789,114.4800033569336,113.91999816894531,114.12000274658203,45.91693878173828,61000
2004-03-09,114.5,114.76000213623047,114.06999969482422,114.3499984741211,46.00947189331055,71000
2004-03-10,114.4000015258789,114.75,114.30000305175781,114.72000122070312,46.15837860107422,60300
2004-03-11,114.69000244140625,114.79000091552734,113.81999969482422,114.2300033569336,45.96122360229492,145800
2004-03-12,114.69999694824219,114.69999694824219,113.88999938964844,114.0999984741211,45.90889358520508,69700
2004-03-15,113.91000366210938,114.43000030517578,113.86000061035156,114.2300033569336,45.96122360229492,67900
2004-03-16,114.01000213623047,114.8499984741211,113.77999877929688,114.75,46.17040252685547,98400
2004-03-17,114.98999786376953,115.0,114.5999984741211,114.80999755859375,46.19456100463867,34700
2004-03-18,114.80000305175781,114.9800033569336,114.19999694824219,114.33000183105469,46.00147247314453,173700
2004-03-19,114.56999969482422,114.56999969482422,113.91999816894531,114.1500015258789,45.929019927978516,139700
2004-03-22,114.48999786376953,114.83000183105469,114.18000030517578,114.58999633789062,46.10602569580078,48400
2004-03-23,114.66999816894531,114.80000305175781,114.26000213623047,114.80000305175781,46.1905517578125,65600
2004-03-24,114.91000366210938,114.91000366210938,114.5,114.69000244140625,46.146297454833984,38200
2004-03-25,114.66000366210938,114.69999694824219,114.27999877929688,114.37999725341797,46.021568298339844,50500
2004-03-26,114.44000244140625,114.4800033569336,113.5199966430664,113.52999877929688,45.67955017089844,139200
2004-03-29,113.6500015258789,113.70999908447266,113.12999725341797,113.70999908447266,45.75197982788086,153900
2004-03-30,113.8499984741211,113.91000366210938,113.41000366210938,113.43000030517578,45.639305114746094,60900
2004-03-31,113.7300033569336,114.19999694824219,113.33000183105469,113.83999633789062,45.804298400878906,246500
2004-04-01,113.9000015258789,113.9000015258789,113.0999984741211,113.36000061035156,45.78449630737305,393100
2004-04-02,111.8499984741211,111.98999786376953,111.37999725341797,111.58999633789062,45.069618225097656,226800
2004-04-05,110.9000015258789,111.33999633789062,110.75,111.02999877929688,44.8433952331543,127600
2004-04-06,111.3499984741211,111.69000244140625,111.20999908447266,111.55000305175781,45.053443908691406,48800
2004-04-07,111.5999984741211,112.0999984741211,111.31999969482422,111.58000183105469,45.06558609008789,29900
2004-04-08,111.5999984741211,111.80000305175781,111.1500015258789,111.69000244140625,45.11000442504883,36000
2004-04-12,111.41999816894531,111.41999816894531,110.80999755859375,111.01000213623047,44.835365295410156,79900
2004-04-13,110.19999694824219,110.83999633789062,110.19999694824219,110.30999755859375,44.552669525146484,91300
2004-04-14,109.98999786376953,110.31999969482422,109.7300033569336,110.16000366210938,44.492061614990234,134200
2004-04-15,110.0,110.4000015258789,109.63999938964844,109.69999694824219,44.306278228759766,144000
2004-04-16,110.0199966430664,110.48999786376953,110.01000213623047,110.33000183105469,44.560733795166016,32200
2004-04-19,110.48999786376953,110.5,109.8499984741211,110.12999725341797,44.47994613647461,47300
2004-04-20,109.5,110.1500015258789,109.37999725341797,109.41000366210938,44.18914794921875,35000
2004-04-21,109.30000305175781,109.80000305175781,109.18000030517578,109.5,44.225494384765625,245500
2004-04-22,109.62999725341797,110.22000122070312,109.55999755859375,110.0999984741211,44.46784591674805,37000
2004-04-23,109.43000030517578,109.83999633789062,109.30000305175781,109.62999725341797,44.27799606323242,67100
2004-04-26,109.80000305175781,109.94999694824219,109.44000244140625,109.63999938964844,44.28205108642578,61000
2004-04-27,109.44999694824219,110.16000366210938,109.44999694824219,110.16000366210938,44.492061614990234,105000
2004-04-28,109.5,110.05999755859375,109.2699966430664,109.48999786376953,44.22145462036133,132200
2004-04-29,109.0999984741211,109.73999786376953,108.62000274658203,109.0,44.023563385009766,235200
2004-04-30,109.1500015258789,109.5,108.70999908447266,109.0,44.023563385009766,74100
2004-05-03,108.8499984741211,108.88999938964844,108.41000366210938,108.70999908447266,44.08112716674805,210800
2004-05-04,109.0,109.1500015258789,108.33999633789062,108.3499984741211,43.935157775878906,78200
2004-05-05,108.41999816894531,108.72000122070312,107.80999755859375,108.19000244140625,43.87025833129883,262200
2004-05-06,107.94000244140625,107.9800033569336,107.58000183105469,107.69999694824219,43.67160415649414,53700
2004-05-07,106.9000015258789,106.9000015258789,106.1500015258789,106.30000305175781,43.103885650634766,136200
2004-05-10,106.05999755859375,106.19999694824219,105.5,105.51000213623047,42.78356170654297,338300
2004-05-11,105.61000061035156,105.94000244140625,105.56999969482422,105.72000122070312,42.86872100830078,224200
2004-05-12,106.19999694824219,106.23999786376953,105.5,105.76000213623047,42.884944915771484,98200
2004-05-13,105.38999938964844,105.5,105.12999725341797,105.19999694824219,42.657859802246094,106400
2004-05-14,105.91000366210938,106.27999877929688,105.36000061035156,105.83999633789062,42.91737365722656,60300
2004-05-17,106.45999908447266,106.5,106.1500015258789,106.3499984741211,43.1241455078125,162000
2004-05-18,106.7300033569336,106.7300033569336,106.01000213623047,106.5,43.185001373291016,47400
2004-05-19,106.5,106.5,105.97000122070312,106.1500015258789,43.04306411743164,36500
2004-05-20,106.33000183105469,106.75,106.26000213623047,106.73999786376953,43.28233337402344,47800
2004-05-21,106.9000015258789,106.9000015258789,106.41999816894531,106.6500015258789,43.24582290649414,282900
2004-05-24,107.0,107.11000061035156,106.70999908447266,107.08000183105469,43.42020034790039,187500
2004-05-25,107.3499984741211,107.37000274658203,106.77999877929688,107.19000244140625,43.46479797363281,219100
2004-05-26,107.5999984741211,107.66999816894531,106.98999786376953,107.66999816894531,43.6594123840332,159300
2004-05-27,108.06999969482422,108.18000030517578,107.48999786376953,108.16000366210938,43.85810089111328,179700
2004-05-28,108.0,108.2300033569336,107.77999877929688,108.0,43.793243408203125,80900
2004-06-01,107.29000091552734,107.29000091552734,106.69999694824219,106.98999786376953,43.55950164794922,114000
2004-06-02,106.97000122070312,107.01000213623047,106.5999984741211,106.70999908447266,43.44554138183594,73800
2004-06-03,106.66999816894531,107.05999755859375,106.55000305175781,106.98999786376953,43.55950164794922,91600
2004-06-04,107.0,107.0,106.41999816894531,106.61000061035156,43.40485763549805,94300
2004-06-07,106.5999984741211,106.7699966430664,106.38999938964844,106.75,43.461795806884766,52500
2004-06-08,106.20999908447266,106.80999755859375,106.20999908447266,106.76000213623047,43.46589660644531,83200
2004-06-09,106.8499984741211,106.86000061035156,106.16000366210938,106.29000091552734,43.27457809448242,91300
2004-06-10,106.06999969482422,106.5,105.94999694824219,106.3499984741211,43.298946380615234,162400
2004-06-14,106.45999908447266,106.45999908447266,105.80000305175781,105.80999755859375,43.0791130065918,68400
2004-06-15,106.30000305175781,107.25,106.12999725341797,107.01000213623047,43.567684173583984,116100
2004-06-16,107.0999984741211,107.13999938964844,106.5,107.0199966430664,43.571773529052734,87200
2004-06-17,107.04000091552734,107.33000183105469,106.6500015258789,107.2300033569336,43.65724182128906,63300
2004-06-18,107.05999755859375,107.48999786376953,106.86000061035156,107.0999984741211,43.604305267333984,52500
2004-06-21,107.3499984741211,107.5,107.11000061035156,107.29000091552734,43.681697845458984,66800
2004-06-22,107.55000305175781,107.55000305175781,106.66999816894531,107.13999938964844,43.62063217163086,268800
2004-06-23,107.33999633789062,107.5999984741211,106.86000061035156,107.06999969482422,43.592098236083984,163900
2004-06-24,107.91000366210938,107.91999816894531,107.41999816894531,107.41999816894531,43.73462677001953,93500
2004-06-25,107.19999694824219,107.7300033569336,107.19999694824219,107.5,43.76718521118164,211700
2004-06-28,107.54000091552734,107.54000091552734,106.72000122070312,106.75,43.461795806884766,53900
2004-06-29,107.20999908447266,107.5,106.56999969482422,107.5,43.76718521118164,110700
2004-06-30,107.58999633789062,107.9800033569336,107.20999908447266,107.69999694824219,43.848594665527344,52400
2004-07-01,107.22000122070312,107.83999633789062,107.0999984741211,107.80000305175781,44.067691802978516,422400
2004-07-02,108.30999755859375,108.6500015258789,108.25,108.55000305175781,44.37432861328125,40900
2004-07-06,108.66999816894531,108.66999816894531,108.0,108.30000305175781,44.27212905883789,49900
2004-07-07,108.30000305175781,108.52999877929688,108.30000305175781,108.38999938964844,44.30891799926758,27800
2004-07-08,108.51000213623047,108.6500015258789,108.3499984741211,108.44999694824219,44.33342361450195,46600
2004-07-09,108.5,108.55000305175781,108.0999984741211,108.48999786376953,44.34980773925781,32600
2004-07-12,108.7699966430664,108.81999969482422,108.52999877929688,108.70999908447266,44.43968963623047,70300
2004-07-13,108.5999984741211,108.5999984741211,108.25,108.5,44.353858947753906,64500
2004-07-14,108.6500015258789,108.69000244140625,108.3499984741211,108.55000305175781,44.37432861328125,22600
2004-07-15,108.68000030517578,108.7300033569336,108.25,108.33000183105469,44.28438949584961,233500
2004-07-16,108.95999908447266,109.37999725341797,108.5,109.37999725341797,44.71361541748047,191200
2004-07-19,109.4000015258789,109.5,109.16000366210938,109.44999694824219,44.74221420288086,38700
2004-07-20,109.20999908447266,109.4000015258789,108.66999816894531,108.69999694824219,44.435638427734375,37800
2004-07-21,108.72000122070312,108.72000122070312,108.16999816894531,108.68000030517578,44.42747116088867,49700
2004-07-22,108.68000030517578,108.93000030517578,108.43000030517578,108.43000030517578,44.32522964477539,38900
2004-07-23,108.91000366210938,109.0,108.56999969482422,108.9000015258789,44.51740264892578,34600
2004-07-26,108.88999938964844,108.9000015258789,108.5,108.83999633789062,44.49285125732422,44000
2004-07-27,108.41000366210938,108.69999694824219,107.83000183105469,108.08000183105469,44.182193756103516,379000
2004-07-28,107.94999694824219,108.05000305175781,107.55999755859375,107.76000213623047,44.051353454589844,67900
2004-07-29,107.55000305175781,108.25,107.55000305175781,108.16999816894531,44.218997955322266,45100
2004-07-30,108.9000015258789,108.94000244140625,108.43000030517578,108.94000244140625,44.53374099731445,135800
2004-08-02,108.73999786376953,108.83999633789062,108.44999694824219,108.7300033569336,44.6252555847168,77500
2004-08-03,108.94999694824219,108.9800033569336,108.13999938964844,108.61000061035156,44.57600402832031,147900
2004-08-04,108.80000305175781,109.08999633789062,108.55999755859375,108.9000015258789,44.695037841796875,34300
2004-08-05,109.30000305175781,109.30000305175781,108.80000305175781,109.0999984741211,44.777130126953125,77300
2004-08-06,110.30999755859375,110.41999816894531,109.95999908447266,110.08000183105469,45.179317474365234,102700
2004-08-09,110.4000015258789,110.4000015258789,109.98999786376953,110.0999984741211,45.187530517578125,46800
2004-08-10,110.19000244140625,110.19000244140625,109.44999694824219,109.73999786376953,45.03974914550781,38600
2004-08-11,109.9000015258789,109.97000122070312,109.37000274658203,109.66000366210938,45.00695037841797,25500
2004-08-12,109.5,110.19999694824219,109.4000015258789,109.80999755859375,45.0684928894043,84400
2004-08-13,109.94999694824219,110.5999984741211,109.94999694824219,110.25,45.249114990234375,61400
2004-08-16,110.16999816894531,110.23999786376953,109.7300033569336,110.13999938964844,45.203941345214844,131200
2004-08-17,110.11000061035156,110.73999786376953,110.0999984741211,110.73999786376953,45.450199127197266,39000
2004-08-18,111.04000091552734,111.04000091552734,110.22000122070312,110.41999816894531,45.318885803222656,82900
2004-08-19,110.4000015258789,110.93000030517578,110.33000183105469,110.80999755859375,45.478946685791016,51300
2004-08-20,110.80999755859375,110.87999725341797,110.4000015258789,110.41000366210938,45.31478500366211,48300
2004-08-23,110.31999969482422,110.3499984741211,109.95999908447266,110.19999694824219,45.22862243652344,33400
2004-08-24,109.75,110.2300033569336,109.75,110.0999984741211,45.187530517578125,385100
2004-08-25,110.56999969482422,110.76000213623047,110.30000305175781,110.62000274658203,45.40095138549805,233400
2004-08-26,110.81999969482422,110.9000015258789,110.37999725341797,110.69000244140625,45.42969512939453,42300
2004-08-27,110.69000244140625,111.0,110.63999938964844,110.94999694824219,45.536376953125,142800
2004-08-30,111.19999694824219,111.37999725341797,110.70999908447266,111.37999725341797,45.7129020690918,67400
2004-08-31,111.4800033569336,112.0,111.25,111.8499984741211,45.90581130981445,68100
2004-09-01,111.55999755859375,111.63999938964844,111.02999877929688,111.19999694824219,45.817996978759766,128200
2004-09-02,111.01000213623047,111.3499984741211,110.55000305175781,110.7300033569336,45.624366760253906,70200
2004-09-03,110.22000122070312,110.55000305175781,109.83999633789062,109.86000061035156,45.26588821411133,92800
2004-09-07,110.05000305175781,110.4800033569336,110.0,110.4800033569336,45.5213623046875,70800
2004-09-08,110.37999725341797,111.18000030517578,110.29000091552734,110.94999694824219,45.7149772644043,63700
2004-09-09,111.0199966430664,111.48999786376953,110.9000015258789,111.18000030517578,45.80975341796875,50100
2004-09-10,111.47000122070312,111.47000122070312,111.0,111.12000274658203,45.785072326660156,47000
2004-09-13,111.29000091552734,111.54000091552734,110.95999908447266,111.5,45.94162368774414,148600
2004-09-14,111.48999786376953,111.69000244140625,111.30999755859375,111.52999877929688,45.9539909362793,47600
2004-09-15,111.66000366210938,111.66000366210938,111.31999969482422,111.52999877929688,45.9539909362793,25400
2004-09-16,111.66000366210938,112.30000305175781,111.54000091552734,112.16999816894531,46.217689514160156,64600
2004-09-17,112.16000366210938,112.19000244140625,111.70999908447266,111.75,46.04460525512695,56500
2004-09-20,112.11000061035156,112.37999725341797,111.87999725341797,112.36000061035156,46.29598617553711,106000
2004-09-21,112.19999694824219,112.52999877929688,111.91999816894531,112.4000015258789,46.312442779541016,54600
2004-09-22,112.37999725341797,112.94999694824219,112.13999938964844,112.80000305175781,46.477256774902344,1033000
2004-09-23,112.68000030517578,112.94999694824219,112.33999633789062,112.3499984741211,46.29184341430664,98000
2004-09-24,112.05999755859375,112.43000030517578,112.01000213623047,112.30999755859375,46.275413513183594,83600
2004-09-27,112.41000366210938,112.7699966430664,112.3499984741211,112.69999694824219,46.43610382080078,45500
2004-09-28,112.80000305175781,112.81999969482422,112.31999969482422,112.62000274658203,46.40313720703125,52000
2004-09-29,112.2300033569336,112.2300033569336,111.66999816894531,112.08999633789062,46.18470001220703,43300
2004-09-30,111.38999938964844,111.91999816894531,111.38999938964844,111.76000213623047,46.04874038696289,50400
2004-10-01,111.22000122070312,111.47000122070312,110.66999816894531,110.83999633789062,45.8448486328125,442000
2004-10-04,110.51000213623047,111.19000244140625,110.5,110.7699966430664,45.815895080566406,244800
2004-10-05,110.9000015258789,111.23999786376953,110.75,111.2300033569336,46.00611877441406,61800
2004-10-06,111.16000366210938,111.19999694824219,110.9000015258789,110.91000366210938,45.873783111572266,47200
2004-10-07,110.87999725341797,110.94999694824219,110.55999755859375,110.66999816894531,45.7745361328125,64600
2004-10-08,111.4000015258789,111.9000015258789,111.26000213623047,111.75,46.22123718261719,48100
2004-10-11,111.80000305175781,111.8499984741211,111.47000122070312,111.8499984741211,46.26259994506836,34400
2004-10-12,112.05000305175781,112.12000274658203,111.69999694824219,111.91000366210938,46.287384033203125,68000
2004-10-13,111.83999633789062,112.61000061035156,111.76000213623047,112.33999633789062,46.46528625488281,526400
2004-10-14,112.33000183105469,112.80000305175781,112.01000213623047,112.80000305175781,46.65556716918945,46700
2004-10-15,112.47000122070312,112.79000091552734,111.8499984741211,112.30000305175781,46.44871520996094,85400
2004-10-18,112.20999908447266,112.5199966430664,112.11000061035156,112.48999786376953,46.527286529541016,35600
2004-10-19,112.1500015258789,112.5999984741211,112.0,112.47000122070312,46.51902770996094,42300
2004-10-20,112.58999633789062,112.83999633789062,112.54000091552734,112.83999633789062,46.67206573486328,108300
2004-10-21,112.80000305175781,112.88999938964844,112.58000183105469,112.73999786376953,46.63072204589844,51200
2004-10-22,112.58000183105469,112.8499984741211,112.37000274658203,112.6500015258789,46.593467712402344,166500
2004-10-25,112.80999755859375,113.13999938964844,112.70999908447266,112.9000015258789,46.69688415527344,50600
2004-10-26,112.98999786376953,113.0,112.69999694824219,112.77999877929688,46.647274017333984,37000
2004-10-27,112.9800033569336,113.16000366210938,112.0,112.0999984741211,46.3659782409668,108400
2004-10-28,112.4000015258789,112.55000305175781,111.91000366210938,112.29000091552734,46.4445915222168,81000
2004-10-29,112.5,112.8499984741211,112.30000305175781,112.6500015258789,46.593467712402344,55400
2004-11-01,112.29000091552734,112.29000091552734,111.75,111.75,46.398746490478516,73900
2004-11-02,111.8499984741211,112.12000274658203,111.75,111.91999816894531,46.469383239746094,97800
2004-11-03,111.69999694824219,112.58999633789062,111.54000091552734,111.69999694824219,46.37799072265625,315700
2004-11-04,112.63999938964844,112.70999908447266,112.13999938964844,112.18000030517578,46.577308654785156,53100
2004-11-05,111.69999694824219,111.7699966430664,111.13999938964844,111.69999694824219,46.37799072265625,99500
2004-11-08,111.2300033569336,111.5999984741211,110.80999755859375,111.2300033569336,46.18282699584961,123000
2004-11-09,111.29000091552734,111.6500015258789,111.11000061035156,111.25,46.19113540649414,172200
2004-11-10,111.44000244140625,111.44999694824219,111.01000213623047,111.1500015258789,46.14963150024414,34000
2004-11-11,111.48999786376953,111.5,111.0,111.16000366210938,46.1537971496582,52100
2004-11-12,111.63999938964844,111.94999694824219,111.1500015258789,111.72000122070312,46.386295318603516,355400
2004-11-15,111.69000244140625,111.94999694824219,111.3499984741211,111.76000213623047,46.402896881103516,61500
2004-11-16,111.80999755859375,111.80999755859375,110.95999908447266,111.69999694824219,46.37799072265625,932500
2004-11-17,111.87999725341797,112.41000366210938,111.69999694824219,112.31999969482422,46.63541793823242,79300
2004-11-18,112.3499984741211,112.61000061035156,111.8499984741211,112.5,46.71016311645508,274900
2004-11-19,112.44000244140625,112.44000244140625,111.30999755859375,111.91000366210938,46.465179443359375,105700
2004-11-22,111.98999786376953,112.13999938964844,111.69999694824219,111.86000061035156,46.444427490234375,171300
2004-11-23,111.8499984741211,112.12999725341797,111.62999725341797,112.0,46.502567291259766,53800
2004-11-24,112.19999694824219,112.23999786376953,111.86000061035156,111.98999786376953,46.4984016418457,42900
2004-11-26,111.56999969482422,111.86000061035156,111.56999969482422,111.58999633789062,46.33231735229492,18300
2004-11-29,111.30000305175781,111.30000305175781,110.69000244140625,110.70999908447266,45.966949462890625,259300
2004-11-30,110.83999633789062,111.0999984741211,110.55999755859375,110.8499984741211,46.02507400512695,163200
2004-12-01,110.5199966430664,110.80999755859375,110.05000305175781,110.36000061035156,45.99757766723633,159900
2004-12-02,110.30000305175781,110.30000305175781,109.81999969482422,110.01000213623047,45.85169982910156,129300
2004-12-03,110.75,111.45999908447266,110.62999725341797,110.62999725341797,46.11008834838867,180100
2004-12-06,111.19000244140625,111.19999694824219,110.70999908447266,110.94000244140625,46.23931884765625,140200
2004-12-07,111.12999725341797,111.3499984741211,110.80000305175781,111.19999694824219,46.347660064697266,665400
2004-12-08,111.73999786376953,111.94000244140625,111.38999938964844,111.58000183105469,46.50606918334961,558700
2004-12-09,111.73999786376953,112.0,111.5,111.83999633789062,46.61445236206055,91100
2004-12-10,111.97000122070312,112.22000122070312,111.51000213623047,111.88999938964844,46.63526916503906,98600
2004-12-13,112.1500015258789,112.16000366210938,111.81999969482422,112.11000061035156,46.72697067260742,90200
2004-12-14,112.0,112.16000366210938,111.5999984741211,112.16000366210938,46.74783706665039,77600
2004-12-15,112.19999694824219,112.76000213623047,112.19999694824219,112.76000213623047,46.99789810180664,64400
2004-12-16,112.5999984741211,112.5999984741211,111.61000061035156,111.79000091552734,46.593589782714844,45400
2004-12-17,111.6500015258789,111.91000366210938,111.5199966430664,111.91000366210938,46.643585205078125,36000
2004-12-20,111.7699966430664,112.05999755859375,111.5199966430664,111.83000183105469,46.6102409362793,80000
2004-12-21,111.8499984741211,112.29000091552734,111.3499984741211,111.87999725341797,46.6310920715332,240000
2004-12-22,112.05000305175781,112.11000061035156,111.70999908447266,112.0,46.68111801147461,54300
2004-12-23,112.12999725341797,112.20999908447266,111.87999725341797,112.19999694824219,46.76448059082031,49300
2004-12-27,111.83000183105469,111.93000030517578,111.30999755859375,111.5999984741211,46.514400482177734,71400
2004-12-28,111.61000061035156,111.73999786376953,111.22000122070312,111.72000122070312,46.56436538696289,75500
2004-12-29,111.83000183105469,111.83000183105469,111.4000015258789,111.55000305175781,46.49359893798828,72300
2004-12-30,111.73999786376953,111.95999908447266,111.4800033569336,111.94999694824219,46.6602668762207,122700
2004-12-31,111.8499984741211,111.9800033569336,111.52999877929688,111.52999877929688,46.665260314941406,100600
2005-01-03,111.70999908447266,112.25,111.5,112.25,46.966548919677734,1497800
2005-01-04,112.2699966430664,112.29000091552734,111.5,111.62000274658203,46.702945709228516,90200
2005-01-05,111.6500015258789,111.91000366210938,111.45999908447266,111.70999908447266,46.740623474121094,120700
2005-01-06,111.55000305175781,111.94999694824219,111.55000305175781,111.79000091552734,46.774078369140625,43900
2005-01-07,111.91000366210938,111.91999816894531,111.43000030517578,111.73999786376953,46.753143310546875,68300
2005-01-10,111.76000213623047,111.76000213623047,111.4000015258789,111.55000305175781,46.67367172241211,73200
2005-01-11,111.79000091552734,112.12999725341797,111.37999725341797,111.80999755859375,46.78246307373047,265900
2005-01-12,111.3499984741211,112.05000305175781,111.3499984741211,111.91999816894531,46.82847213745117,46100
2005-01-13,111.98999786376953,112.41000366210938,111.9000015258789,112.22000122070312,46.95400619506836,61100
2005-01-14,112.1500015258789,112.54000091552734,111.87000274658203,112.3499984741211,47.008399963378906,61300
2005-01-18,111.9800033569336,112.43000030517578,111.91000366210938,112.41000366210938,47.03347396850586,145600
2005-01-19,112.4800033569336,112.5999984741211,112.11000061035156,112.58000183105469,47.10464859008789,78900
2005-01-20,112.27999877929688,112.69000244140625,112.26000213623047,112.37999725341797,47.020931243896484,62200
2005-01-21,112.45999908447266,112.7300033569336,112.1500015258789,112.62999725341797,47.12555694580078,111900
2005-01-24,112.8499984741211,112.87999725341797,112.5199966430664,112.83000183105469,47.209232330322266,100500
2005-01-25,112.91999816894531,112.91999816894531,112.36000061035156,112.44999694824219,47.05021667480469,72900
2005-01-26,112.5999984741211,112.70999908447266,112.44999694824219,112.48999786376953,47.06698226928711,47000
2005-01-27,112.37999725341797,112.58999633789062,111.66999816894531,112.25,46.966548919677734,1000300
2005-01-28,112.6500015258789,113.0199966430664,112.61000061035156,112.9000015258789,47.23851013183594,64500
2005-01-31,112.52999877929688,112.98999786376953,112.52999877929688,112.9000015258789,47.23851013183594,83100
2005-02-01,112.62999725341797,112.69999694824219,112.3499984741211,112.44999694824219,47.22887420654297,57000
2005-02-02,112.36000061035156,112.62999725341797,112.20999908447266,112.3499984741211,47.186832427978516,118600
2005-02-03,112.30000305175781,112.48999786376953,112.0199966430664,112.48999786376953,47.245628356933594,46800
2005-02-04,113.16000366210938,113.19999694824219,112.33999633789062,112.8499984741211,47.39686965942383,749000
2005-02-07,112.98999786376953,113.16000366210938,112.83999633789062,112.88999938964844,47.413631439208984,218400
2005-02-08,113.29000091552734,113.30999755859375,112.91000366210938,113.30000305175781,47.58585739135742,101800
2005-02-09,113.37000274658203,113.80000305175781,113.23999786376953,113.69999694824219,47.753868103027344,78800
2005-02-10,113.56999969482422,113.56999969482422,113.01000213623047,113.30000305175781,47.58585739135742,56600
2005-02-11,113.11000061035156,113.19000244140625,112.73999786376953,112.97000122070312,47.44724655151367,65000
2005-02-14,113.19000244140625,113.29000091552734,112.80000305175781,113.16000366210938,47.527076721191406,69600
2005-02-15,112.94999694824219,113.19000244140625,112.76000213623047,112.98999786376953,47.45566177368164,52800
2005-02-16,113.0999984741211,113.0999984741211,112.30000305175781,112.44999694824219,47.22887420654297,194700
2005-02-17,112.0999984741211,112.5999984741211,111.87000274658203,112.19999694824219,47.123905181884766,73800
2005-02-18,112.0,112.08999633789062,111.81999969482422,112.01000213623047,47.0440788269043,55400
2005-02-22,111.73999786376953,112.05000305175781,111.69999694824219,111.91000366210938,47.00204849243164,56400
2005-02-23,112.0999984741211,112.44999694824219,111.91999816894531,112.06999969482422,47.06925582885742,66900
2005-02-24,112.19999694824219,112.4000015258789,111.8499984741211,111.8499984741211,46.976871490478516,86400
2005-02-25,112.1500015258789,112.22000122070312,111.87000274658203,112.05000305175781,47.06089401245117,66600
2005-02-28,111.5,112.0,111.30000305175781,111.41999816894531,46.7962646484375,192300
2005-03-01,111.0199966430664,111.18000030517578,110.75,110.97000122070312,46.78742218017578,92400
2005-03-02,110.95999908447266,111.19999694824219,110.87999725341797,111.01000213623047,46.80427551269531,60300
2005-03-03,111.0999984741211,111.2699966430664,110.8499984741211,111.0,46.80005645751953,109400
2005-03-04,111.43000030517578,111.62999725341797,111.25,111.36000061035156,46.95183563232422,64100
2005-03-07,111.36000061035156,111.80000305175781,111.30000305175781,111.68000030517578,47.08680725097656,53100
2005-03-08,111.37999725341797,111.37999725341797,111.01000213623047,111.18000030517578,46.87596893310547,65600
2005-03-09,110.75,110.83999633789062,110.12000274658203,110.12000274658203,46.429012298583984,69800
2005-03-10,110.5999984741211,110.5999984741211,110.05999755859375,110.2699966430664,46.492244720458984,93500
2005-03-11,110.01000213623047,110.30000305175781,109.83999633789062,110.08000183105469,46.412193298339844,71100
2005-03-14,110.0,110.19999694824219,109.72000122070312,110.06999969482422,46.40796661376953,55200
2005-03-15,110.02999877929688,110.30000305175781,109.61000061035156,109.62000274658203,46.218231201171875,73700
2005-03-16,109.80000305175781,110.41000366210938,109.75,110.0,46.3784294128418,60200
2005-03-17,110.12999725341797,110.16999816894531,109.4000015258789,109.75,46.27302932739258,252800
2005-03-18,109.83999633789062,109.8499984741211,109.20999908447266,109.41999816894531,46.133914947509766,62000
2005-03-21,109.30000305175781,109.68000030517578,109.20999908447266,109.29000091552734,46.079097747802734,95900
2005-03-22,109.30000305175781,109.75,108.3499984741211,108.3499984741211,45.68275451660156,97500
2005-03-23,108.06999969482422,108.81999969482422,108.05000305175781,108.66999816894531,45.81766128540039,124800
2005-03-24,109.04000091552734,109.04000091552734,108.7300033569336,108.9000015258789,45.91465377807617,48500
2005-03-28,108.9000015258789,108.9000015258789,108.5999984741211,108.73999786376953,45.84718704223633,53000
2005-03-29,108.68000030517578,109.22000122070312,108.5999984741211,108.93000030517578,45.92729949951172,83700
2005-03-30,108.5999984741211,109.30000305175781,108.5999984741211,109.20999908447266,46.04540252685547,91400
2005-03-31,109.30999755859375,109.61000061035156,109.2699966430664,109.58999633789062,46.205570220947266,69100
2005-04-01,109.54000091552734,109.55999755859375,108.91000366210938,109.25,46.24788284301758,104000
2005-04-04,109.11000061035156,109.48999786376953,108.51000213623047,108.58000183105469,45.964271545410156,379500
2005-04-05,108.80000305175781,108.9800033569336,108.30000305175781,108.91000366210938,46.10395050048828,141300
2005-04-06,109.0999984741211,109.2300033569336,108.68000030517578,108.8499984741211,46.07857894897461,259800
2005-04-07,108.80000305175781,109.41000366210938,108.30000305175781,108.30000305175781,45.84577178955078,156800
2005-04-08,108.69000244140625,108.69000244140625,108.12000274658203,108.6500015258789,45.99391555786133,115700
2005-04-11,108.63999938964844,109.08999633789062,108.62000274658203,108.94999694824219,46.12086868286133,71600
2005-04-12,108.56999969482422,109.58000183105469,108.56999969482422,109.38999938964844,46.3071403503418,57100
2005-04-13,109.4000015258789,109.7300033569336,109.38999938964844,109.6500015258789,46.417198181152344,58400
2005-04-14,109.58999633789062,109.5999984741211,109.19999694824219,109.25,46.24788284301758,67400
2005-04-15,109.9000015258789,109.9000015258789,109.30000305175781,109.75,46.45956039428711,93900
2005-04-18,109.83999633789062,110.0,109.70999908447266,109.7699966430664,46.46800231933594,116400
2005-04-19,110.02999877929688,110.25,109.70999908447266,110.2300033569336,46.66273880004883,60500
2005-04-20,109.80000305175781,110.31999969482422,109.80000305175781,110.29000091552734,46.68813705444336,324400
2005-04-21,110.25,110.30999755859375,109.70999908447266,109.70999908447266,46.4426383972168,81200
2005-04-22,110.37999725341797,110.51000213623047,110.0199966430664,110.2300033569336,46.66273880004883,149000
2005-04-25,110.30000305175781,110.5,110.13999938964844,110.5,46.7770881652832,45200
2005-04-26,110.05000305175781,110.55999755859375,109.94999694824219,110.31999969482422,46.70087432861328,49400
2005-04-27,110.69999694824219,110.97000122070312,110.4000015258789,110.86000061035156,46.929439544677734,350000
2005-04-28,110.88999938964844,111.33999633789062,110.87999725341797,111.31999969482422,47.12419128417969,315000
2005-04-29,111.1500015258789,111.41999816894531,110.83000183105469,110.91999816894531,46.95481491088867,92200
2005-05-02,110.56999969482422,110.66999816894531,110.20999908447266,110.52999877929688,46.97102355957031,52400
2005-05-03,110.51000213623047,110.5999984741211,110.18000030517578,110.58999633789062,46.99649429321289,52400
2005-05-04,109.5999984741211,110.55999755859375,109.5999984741211,110.33999633789062,46.89023971557617,58900
2005-05-05,110.4800033569336,110.72000122070312,110.12999725341797,110.5,46.95825958251953,80700
2005-05-06,109.88999938964844,110.05000305175781,109.62999725341797,109.9000015258789,46.7032470703125,60700
2005-05-09,109.6500015258789,109.7300033569336,109.26000213623047,109.5199966430664,46.5417594909668,473600
2005-05-10,109.48999786376953,110.0199966430664,109.41000366210938,109.5,46.53328323364258,134800
2005-05-11,109.69000244140625,109.9800033569336,109.55000305175781,109.5999984741211,46.5757942199707,157600
2005-05-12,109.47000122070312,109.62000274658203,108.6500015258789,109.25,46.427040100097656,803900
2005-05-13,109.27999877929688,109.9800033569336,109.27999877929688,109.86000061035156,46.68626022338867,57300
2005-05-16,110.0,110.05999755859375,109.44000244140625,109.69000244140625,46.614036560058594,133500
2005-05-17,109.83999633789062,109.9000015258789,108.94999694824219,109.75,46.63951873779297,584300
2005-05-18,110.0,110.19000244140625,109.76000213623047,110.13999938964844,46.80524826049805,54800
2005-05-19,110.0999984741211,110.19999694824219,109.7300033569336,109.9800033569336,46.73727035522461,55500
2005-05-20,109.6500015258789,110.0999984741211,109.6500015258789,109.94999694824219,46.72453308105469,143100
2005-05-23,110.41999816894531,110.41999816894531,109.75,110.41000366210938,46.91999816894531,339700
2005-05-24,110.72000122070312,110.80000305175781,110.5199966430664,110.6500015258789,47.02195739746094,161300
2005-05-25,110.6500015258789,110.76000213623047,110.33999633789062,110.63999938964844,47.017738342285156,48500
2005-05-26,110.5,110.76000213623047,110.44999694824219,110.70999908447266,47.0474967956543,76200
2005-05-27,110.79000091552734,110.80000305175781,110.51000213623047,110.69999694824219,47.04326248168945,62400
2005-05-31,111.16000366210938,111.27999877929688,110.97000122070312,111.18000030517578,47.247230529785156,172900
2005-06-01,110.98999786376953,111.6500015258789,110.98999786376953,111.51000213623047,47.57185363769531,195600
2005-06-02,111.41000366210938,111.94999694824219,111.3499984741211,111.94000244140625,47.75532913208008,1231800
2005-06-03,112.44000244140625,112.44000244140625,111.25,111.3499984741211,47.50364685058594,70400
2005-06-06,111.58999633789062,111.69000244140625,111.36000061035156,111.66000366210938,47.63582229614258,195200
2005-06-07,112.04000091552734,112.55000305175781,111.75,111.88999938964844,47.73398971557617,796500
2005-06-08,111.94000244140625,111.94000244140625,111.61000061035156,111.66000366210938,47.63582229614258,37200
2005-06-09,111.63999938964844,111.63999938964844,110.41000366210938,111.44999694824219,47.546295166015625,171000
2005-06-10,111.44000244140625,111.44000244140625,110.8499984741211,110.94999694824219,47.33296203613281,64200
2005-06-13,110.83999633789062,111.04000091552734,110.58999633789062,110.69000244140625,47.222084045410156,138400
2005-06-14,110.69000244140625,110.70999908447266,110.3499984741211,110.56999969482422,47.17084884643555,107300
2005-06-15,110.45999908447266,110.58999633789062,110.18000030517578,110.36000061035156,47.081260681152344,106400
2005-06-16,110.58999633789062,110.58999633789062,110.19999694824219,110.47000122070312,47.12819290161133,175800
2005-06-17,110.55999755859375,110.69999694824219,110.31999969482422,110.44999694824219,47.119632720947266,209500
2005-06-20,110.41999816894531,110.41999816894531,110.13999938964844,110.31999969482422,47.06421661376953,194600
2005-06-21,110.58999633789062,110.73999786376953,110.41999816894531,110.69000244140625,47.222084045410156,73200
2005-06-22,111.31999969482422,111.66000366210938,111.01000213623047,111.4800033569336,47.559078216552734,229700
2005-06-23,111.4800033569336,111.5999984741211,111.30999755859375,111.55000305175781,47.58892059326172,119600
2005-06-24,111.83999633789062,111.83999633789062,111.6500015258789,111.83000183105469,47.70840835571289,57000
2005-06-27,111.8499984741211,112.0,111.75,111.98999786376953,47.77664566040039,55300
2005-06-28,111.83999633789062,111.93000030517578,111.5,111.63999938964844,47.62730026245117,42600
2005-06-29,111.93000030517578,111.98999786376953,111.5999984741211,111.69999694824219,47.652915954589844,57600
2005-06-30,112.05999755859375,112.2699966430664,111.69000244140625,112.0999984741211,47.82354736328125,94300
2005-07-01,111.83999633789062,111.9000015258789,111.13999938964844,111.16000366210938,47.60389709472656,77500
2005-07-05,110.83000183105469,110.91000366210938,110.63999938964844,110.80000305175781,47.44972229003906,47500
2005-07-06,110.94999694824219,111.12000274658203,110.80999755859375,111.04000091552734,47.55250930786133,70100
2005-07-07,111.05000305175781,111.4800033569336,111.05000305175781,111.33000183105469,47.67669677734375,45700
2005-07-08,111.45999908447266,111.45999908447266,111.0,111.11000061035156,47.58248519897461,62300
2005-07-11,110.83999633789062,110.9000015258789,110.5,110.5,47.32124328613281,220300
2005-07-12,110.69999694824219,110.69999694824219,110.1500015258789,110.25,47.214176177978516,242100
2005-07-13,110.4800033569336,110.66000366210938,110.30000305175781,110.5,47.32124328613281,102400
2005-07-14,110.72000122070312,110.73999786376953,110.5,110.5999984741211,47.36407470703125,132000
2005-07-15,110.58999633789062,110.75,110.5,110.6500015258789,47.38545608520508,178000
2005-07-18,110.83999633789062,110.83999633789062,110.36000061035156,110.55999755859375,47.34693908691406,85900
2005-07-19,110.48999786376953,110.80000305175781,110.31999969482422,110.6500015258789,47.38545608520508,102300
2005-07-20,110.7300033569336,111.0199966430664,110.3499984741211,110.7699966430664,47.436866760253906,132000
2005-07-21,110.5999984741211,110.75,110.16999816894531,110.19999694824219,47.19276428222656,187300
2005-07-22,110.20999908447266,110.80000305175781,110.19999694824219,110.70999908447266,47.41117477416992,58100
2005-07-25,110.69999694824219,110.91000366210938,110.6500015258789,110.69999694824219,47.406917572021484,59100
2005-07-26,110.80000305175781,110.98999786376953,110.63999938964844,110.72000122070312,47.41543960571289,1058300
2005-07-27,110.72000122070312,110.72000122070312,110.31999969482422,110.58000183105469,47.35548782348633,66500
2005-07-28,110.81999969482422,111.16999816894531,110.58999633789062,111.0,47.53538513183594,105500
2005-07-29,111.04000091552734,111.0999984741211,110.58999633789062,110.75,47.42832946777344,76500
2005-08-01,110.05999755859375,110.30000305175781,109.61000061035156,110.04000091552734,47.31564712524414,139000
2005-08-02,109.98999786376953,110.19000244140625,109.68000030517578,109.83999633789062,47.2296257019043,88900
2005-08-03,110.04000091552734,110.33000183105469,109.87000274658203,110.0999984741211,47.341453552246094,74200
2005-08-04,110.0199966430664,110.3499984741211,110.0,110.0999984741211,47.341453552246094,112700
2005-08-05,110.05000305175781,110.05000305175781,109.5999984741211,109.91000366210938,47.25971603393555,57900
2005-08-08,109.70999908447266,109.76000213623047,109.31999969482422,109.41000366210938,47.04475021362305,102900
2005-08-09,109.68000030517578,109.70999908447266,109.31999969482422,109.58999633789062,47.12216567993164,56400
2005-08-10,109.87000274658203,109.91999816894531,109.54000091552734,109.68000030517578,47.16084671020508,72700
2005-08-11,109.62999725341797,110.06999969482422,108.8499984741211,110.0199966430664,47.30702590942383,69400
2005-08-12,110.16000366210938,110.55000305175781,110.12000274658203,110.55000305175781,47.534912109375,46000
2005-08-15,110.58999633789062,110.62000274658203,110.1500015258789,110.38999938964844,47.46611022949219,77000
2005-08-16,110.69999694824219,111.0,110.47000122070312,110.68000030517578,47.59085464477539,2083500
2005-08-17,110.51000213623047,110.83999633789062,110.30999755859375,110.38999938964844,47.46611022949219,69800
2005-08-18,110.55999755859375,110.86000061035156,110.52999877929688,110.69999694824219,47.59947204589844,139900
2005-08-19,110.66000366210938,110.69000244140625,110.47000122070312,110.5999984741211,47.55643844604492,101600
2005-08-22,110.73999786376953,110.73999786376953,110.1500015258789,110.55000305175781,47.534912109375,206500
2005-08-23,110.4000015258789,110.75,110.36000061035156,110.63999938964844,47.573646545410156,265800
2005-08-24,110.72000122070312,110.83999633789062,110.5199966430664,110.5999984741211,47.55643844604492,77600
2005-08-25,110.80000305175781,111.23999786376953,110.61000061035156,110.80999755859375,47.64668655395508,54000
2005-08-26,110.81999969482422,110.98999786376953,110.6500015258789,110.98999786376953,47.72411346435547,82200
2005-08-29,111.0,111.12999725341797,110.7699966430664,111.0,47.728450775146484,105800
2005-08-30,111.4000015258789,111.5199966430664,111.05000305175781,111.18000030517578,47.80583953857422,187900
2005-08-31,111.54000091552734,111.9800033569336,111.54000091552734,111.95999908447266,48.141204833984375,47700
2005-09-01,111.58000183105469,111.7300033569336,110.51000213623047,111.19000244140625,48.00522232055664,803700
2005-09-02,110.94999694824219,111.38999938964844,110.93000030517578,111.22000122070312,48.01816177368164,54800
2005-09-06,110.80000305175781,111.27999877929688,110.80000305175781,110.98999786376953,47.918880462646484,72700
2005-09-07,110.87999725341797,110.9000015258789,110.33999633789062,110.58999633789062,47.74615478515625,105300
2005-09-08,110.87999725341797,110.87999725341797,110.51000213623047,110.62000274658203,47.75911331176758,201400
2005-09-09,110.62999725341797,110.87000274658203,110.4800033569336,110.66999816894531,47.78074264526367,119700
2005-09-12,110.63999938964844,110.63999938964844,110.18000030517578,110.38999938964844,47.65983581542969,90800
2005-09-13,110.66999816894531,110.75,110.43000030517578,110.58000183105469,47.74188232421875,120300
2005-09-14,110.56999969482422,110.69000244140625,110.30000305175781,110.30999755859375,47.625301361083984,72100
2005-09-15,110.30999755859375,110.38999938964844,109.7699966430664,109.91999816894531,47.4568977355957,92900
2005-09-16,109.91999816894531,109.94999694824219,109.52999877929688,109.62000274658203,47.32740020751953,83900
2005-09-19,109.69999694824219,109.95999908447266,109.56999969482422,109.91999816894531,47.4568977355957,88100
2005-09-20,109.87000274658203,109.97000122070312,109.13999938964844,109.75,47.38349914550781,108500
2005-09-21,110.0,110.37000274658203,109.45999908447266,110.23999786376953,47.5951042175293,102500
2005-09-22,110.38999938964844,110.41000366210938,109.95999908447266,110.18000030517578,47.56916046142578,113400
2005-09-23,110.05000305175781,110.05000305175781,109.75,109.86000061035156,47.430999755859375,46500
2005-09-26,109.5,109.70999908447266,109.4000015258789,109.51000213623047,47.279930114746094,95800
2005-09-27,109.52999877929688,109.87999725341797,109.30000305175781,109.61000061035156,47.32307434082031,137600
2005-09-28,109.56999969482422,109.94999694824219,109.5199966430664,109.83999633789062,47.42235565185547,85400
2005-09-29,109.81999969482422,109.9000015258789,109.66000366210938,109.80000305175781,47.405128479003906,105100
2005-09-30,109.58000183105469,109.8499984741211,109.37000274658203,109.43000030517578,47.24534225463867,145600
2005-10-03,109.19999694824219,109.19999694824219,108.55999755859375,108.66000366210938,47.1005744934082,146000
2005-10-04,108.91000366210938,109.0199966430664,108.5999984741211,108.80000305175781,47.16128158569336,87200
2005-10-05,108.76000213623047,109.02999877929688,108.72000122070312,108.94999694824219,47.22627639770508,50700
2005-10-06,108.93000030517578,109.05000305175781,108.62999725341797,108.70999908447266,47.12223434448242,75500
2005-10-07,108.56999969482422,108.98999786376953,108.5,108.88999938964844,47.20026397705078,51100
2005-10-10,108.88999938964844,109.06999969482422,108.4800033569336,108.81999969482422,47.1699333190918,51600
2005-10-11,108.88999938964844,108.88999938964844,108.56999969482422,108.63999938964844,47.09193420410156,73500
2005-10-12,108.55999755859375,108.55999755859375,108.04000091552734,108.18000030517578,46.89251708984375,204100
2005-10-13,108.0199966430664,108.13999938964844,107.70999908447266,108.0,46.81448745727539,71100
2005-10-14,108.16000366210938,108.16000366210938,107.56999969482422,107.77999877929688,46.719154357910156,76200
2005-10-17,107.5,108.12999725341797,107.5,107.93000030517578,46.78413772583008,69600
2005-10-18,107.91000366210938,108.0999984741211,107.9000015258789,108.06999969482422,46.84480667114258,66500
2005-10-19,108.11000061035156,108.31999969482422,108.05999755859375,108.18000030517578,46.89251708984375,84000
2005-10-20,107.86000061035156,108.05999755859375,107.75,107.91000366210938,46.775482177734375,58200
2005-10-21,108.3499984741211,108.6500015258789,108.0999984741211,108.4800033569336,47.0225830078125,56600
2005-10-24,108.62000274658203,108.66000366210938,108.01000213623047,108.06999969482422,46.84480667114258,137000
2005-10-25,107.5999984741211,108.30000305175781,107.4000015258789,107.54000091552734,46.61508560180664,110800
2005-10-26,107.1500015258789,107.36000061035156,107.02999877929688,107.22000122070312,46.47642517089844,119600
2005-10-27,107.22000122070312,107.47000122070312,107.04000091552734,107.30000305175781,46.51103591918945,56700
2005-10-28,107.55000305175781,107.55000305175781,106.95999908447266,107.30000305175781,46.51103591918945,84800
2005-10-31,107.33999633789062,107.48999786376953,107.1500015258789,107.2699966430664,46.498046875,87300
2005-11-01,107.0,107.0999984741211,106.6500015258789,106.81999969482422,46.48151397705078,66500
2005-11-02,106.81999969482422,107.0199966430664,106.61000061035156,106.61000061035156,46.39015579223633,104100
2005-11-03,106.7300033569336,106.7699966430664,106.20999908447266,106.23999786376953,46.22911834716797,125000
2005-11-04,106.26000213623047,106.51000213623047,106.08000183105469,106.31999969482422,46.26397705078125,76900
2005-11-07,106.55999755859375,106.62000274658203,106.36000061035156,106.43000030517578,46.31184005737305,77200
2005-11-08,106.70999908447266,107.13999938964844,106.69999694824219,107.06999969482422,46.59031677246094,148600
2005-11-09,106.94000244140625,106.94000244140625,106.06999969482422,106.5,46.34227752685547,164900
2005-11-10,106.68000030517578,107.06999969482422,106.56999969482422,107.05999755859375,46.5859489440918,71900
2005-11-11,106.6500015258789,107.19000244140625,106.6500015258789,107.1500015258789,46.625152587890625,92500
2005-11-14,107.08999633789062,107.11000061035156,106.41999816894531,106.61000061035156,46.39015579223633,105500
2005-11-15,106.51000213623047,107.04000091552734,106.51000213623047,106.88999938964844,46.51199722290039,111300
2005-11-16,106.95999908447266,107.47000122070312,106.95999908447266,107.33999633789062,46.70779800415039,78300
2005-11-17,107.08999633789062,107.69999694824219,107.08999633789062,107.5199966430664,46.78611755371094,89800
2005-11-18,107.38999938964844,107.5,107.11000061035156,107.30999755859375,46.694759368896484,100200
2005-11-21,107.55999755859375,107.80000305175781,107.41000366210938,107.66000366210938,46.84703063964844,147000
2005-11-22,107.69999694824219,107.9000015258789,107.4800033569336,107.86000061035156,46.93406677246094,182000
2005-11-23,108.04000091552734,108.04000091552734,107.5999984741211,107.76000213623047,46.89056396484375,475800
2005-11-25,107.66999816894531,108.0,107.66999816894531,107.9000015258789,46.95151138305664,27100
2005-11-28,107.9800033569336,108.3499984741211,107.86000061035156,108.26000213623047,47.10814666748047,1690700
2005-11-29,108.2699966430664,108.30999755859375,107.6500015258789,107.76000213623047,46.89056396484375,97300
2005-11-30,107.7300033569336,107.95999908447266,107.5199966430664,107.55999755859375,46.80354690551758,49900
2005-12-01,107.55999755859375,107.58999633789062,106.91999816894531,106.94999694824219,46.708736419677734,92400
2005-12-02,106.7699966430664,107.0999984741211,106.7699966430664,106.9800033569336,46.72187423706055,99100
2005-12-05,106.91000366210938,107.05000305175781,106.61000061035156,106.69999694824219,46.599578857421875,58400
2005-12-06,107.0,107.23999786376953,106.76000213623047,106.91999816894531,46.69562911987305,332500
2005-12-07,106.6500015258789,107.02999877929688,106.62999725341797,106.79000091552734,46.638877868652344,93300
2005-12-08,106.69999694824219,107.12000274658203,106.69999694824219,107.01000213623047,46.734947204589844,244000
2005-12-09,106.86000061035156,107.01000213623047,106.70999908447266,106.81999969482422,46.6519889831543,62700
2005-12-12,106.76000213623047,106.94999694824219,106.55999755859375,106.58999633789062,46.551517486572266,71200
2005-12-13,106.5999984741211,106.88999938964844,106.52999877929688,106.68000030517578,46.5908317565918,104200
2005-12-14,107.0,107.4000015258789,106.91000366210938,107.2300033569336,46.8310661315918,62800
2005-12-15,107.4000015258789,107.4000015258789,106.9000015258789,107.13999938964844,46.79175567626953,134000
2005-12-16,107.30999755859375,107.75,107.30999755859375,107.58999633789062,46.98830032348633,356700
2005-12-19,107.6500015258789,107.75,107.2699966430664,107.41000366210938,46.90966796875,88600
2005-12-20,107.20999908447266,107.69000244140625,107.1500015258789,107.5,46.94896697998047,143200
2005-12-21,107.26000213623047,107.54000091552734,107.1500015258789,107.54000091552734,46.96644592285156,79900
2005-12-22,107.31999969482422,107.69000244140625,107.31999969482422,107.55000305175781,46.9708251953125,88500
2005-12-23,107.5,108.19999694824219,107.26000213623047,107.97000122070312,47.15419387817383,123900
2005-12-27,108.08000183105469,108.54000091552734,107.87999725341797,108.45999908447266,47.36820983886719,157500
2005-12-28,108.0,108.16000366210938,107.70999908447266,108.11000061035156,47.39057540893555,93000
2005-12-29,107.9000015258789,108.04000091552734,107.55000305175781,107.81999969482422,47.26346206665039,123100
2005-12-30,107.86000061035156,108.1500015258789,107.61000061035156,107.69000244140625,47.20646667480469,97500
2006-01-03,107.69000244140625,108.30000305175781,107.41000366210938,108.27999877929688,47.46509552001953,676400
2006-01-04,108.2699966430664,108.43000030517578,107.95999908447266,108.27999877929688,47.46509552001953,66500
2006-01-05,108.2699966430664,108.44999694824219,108.26000213623047,108.37000274658203,47.5045166015625,63500
2006-01-06,108.3499984741211,108.36000061035156,107.94999694824219,108.19999694824219,47.43000030517578,112000
2006-01-09,108.02999877929688,108.2300033569336,107.97000122070312,108.22000122070312,47.43880081176758,60400
2006-01-10,108.0199966430664,108.1500015258789,107.80000305175781,107.93000030517578,47.3116340637207,94000
2006-01-11,107.69999694824219,108.06999969482422,107.69999694824219,107.75,47.23276901245117,150800
2006-01-12,107.93000030517578,108.1500015258789,107.70999908447266,108.08999633789062,47.38182830810547,127600
2006-01-13,107.97000122070312,108.44000244140625,107.97000122070312,108.41000366210938,47.5220947265625,77000
2006-01-17,108.30000305175781,108.55999755859375,108.1500015258789,108.41000366210938,47.5220947265625,138200
2006-01-18,108.5199966430664,108.6500015258789,108.3499984741211,108.37999725341797,47.50894546508789,80200
2006-01-19,108.20999908447266,108.58000183105469,108.12999725341797,108.36000061035156,47.50019836425781,97400
2006-01-20,108.5,108.62999725341797,108.25,108.44999694824219,47.539608001708984,111000
2006-01-23,108.30999755859375,108.69999694824219,108.19999694824219,108.69999694824219,47.64923095703125,580000
2006-01-24,108.58999633789062,108.58999633789062,108.4000015258789,108.45999908447266,47.54398727416992,92900
2006-01-25,108.41999816894531,108.41999816894531,107.69000244140625,107.86000061035156,47.280982971191406,100500
2006-01-26,107.87999725341797,107.9000015258789,107.45999908447266,107.69999694824219,47.21083450317383,75800
2006-01-27,107.88999938964844,107.9000015258789,107.62999725341797,107.86000061035156,47.280982971191406,107000
2006-01-30,107.76000213623047,107.83000183105469,107.45999908447266,107.45999908447266,47.105628967285156,113000
2006-01-31,107.5,107.77999877929688,107.0,107.22000122070312,47.00043487548828,1313000
2006-02-01,107.05000305175781,107.13999938964844,106.69000244140625,106.83999633789062,47.013221740722656,98800
2006-02-02,106.79000091552734,107.13999938964844,106.73999786376953,106.75,46.97361755371094,83800
2006-02-03,106.69999694824219,107.13999938964844,106.61000061035156,106.91999816894531,47.04840087890625,92900
2006-02-06,106.87000274658203,107.1500015258789,106.8499984741211,107.0999984741211,47.127601623535156,108700
2006-02-07,106.9000015258789,107.44000244140625,106.80000305175781,106.83000183105469,47.00880432128906,90400
2006-02-08,106.9000015258789,107.05000305175781,106.75,106.83000183105469,47.00880432128906,76300
2006-02-09,106.83000183105469,107.11000061035156,106.7699966430664,107.0,47.08361053466797,91300
2006-02-10,107.0999984741211,107.26000213623047,106.72000122070312,106.80000305175781,46.99561309814453,85200
2006-02-13,106.9800033569336,107.06999969482422,106.76000213623047,106.95999908447266,47.06600570678711,71600
2006-02-14,106.83999633789062,107.02999877929688,106.66999816894531,106.8499984741211,47.01759338378906,55600
2006-02-15,106.97000122070312,107.27999877929688,106.80999755859375,106.91999816894531,47.04840087890625,140500
2006-02-16,106.91000366210938,107.19000244140625,106.87000274658203,107.06999969482422,47.11442184448242,99500
2006-02-17,107.38999938964844,107.6500015258789,107.30999755859375,107.41999816894531,47.26839828491211,101200
2006-02-21,107.51000213623047,107.5199966430664,107.26000213623047,107.37000274658203,47.246402740478516,92300
2006-02-22,107.58999633789062,107.7699966430664,107.44000244140625,107.7699966430664,47.42242431640625,74200
2006-02-23,107.63999938964844,107.6500015258789,107.25,107.52999877929688,47.31681442260742,63500
2006-02-24,107.69000244140625,107.69000244140625,107.38999938964844,107.4800033569336,47.29484939575195,75300
2006-02-27,107.69999694824219,107.69999694824219,107.30999755859375,107.43000030517578,47.27286911010742,71900
2006-02-28,107.5,107.77999877929688,107.41000366210938,107.54000091552734,47.32122039794922,71900
2006-03-01,107.0,107.30000305175781,106.43000030517578,106.69000244140625,47.13875961303711,220400
2006-03-02,106.5,106.76000213623047,106.06999969482422,106.19999694824219,46.92225646972656,136700
2006-03-03,106.4000015258789,106.41999816894531,105.68000030517578,106.0,46.83388900756836,132300
2006-03-06,106.04000091552734,106.05000305175781,105.44999694824219,105.44999694824219,46.590858459472656,157800
2006-03-07,105.66999816894531,105.83999633789062,105.2300033569336,105.4000015258789,46.56878662109375,120500
2006-03-08,105.55999755859375,105.63999938964844,105.19999694824219,105.44999694824219,46.590858459472656,75300
2006-03-09,105.3499984741211,105.9000015258789,105.3499984741211,105.43000030517578,46.58205795288086,84300
2006-03-10,105.4800033569336,105.69999694824219,105.16000366210938,105.69999694824219,46.701358795166016,100900
2006-03-13,105.5,105.76000213623047,105.04000091552734,105.55999755859375,46.63949203491211,69200
2006-03-14,105.98999786376953,106.33000183105469,105.7300033569336,106.23999786376953,46.939945220947266,61600
2006-03-15,106.19000244140625,106.2300033569336,105.91000366210938,106.08000183105469,46.86922836303711,117700
2006-03-16,106.12000274658203,106.80000305175781,106.12000274658203,106.66000366210938,47.12552261352539,101000
2006-03-17,106.66000366210938,106.70999908447266,106.5,106.55999755859375,47.08131408691406,56200
2006-03-20,106.73999786376953,106.7699966430664,106.12000274658203,106.68000030517578,47.13436508178711,63500
2006-03-21,106.26000213623047,106.75,106.19999694824219,106.27999877929688,46.95758056640625,80000
2006-03-22,106.30000305175781,106.68000030517578,105.94999694824219,106.26000213623047,46.94878387451172,75100
2006-03-23,106.38999938964844,106.44999694824219,105.75,106.19999694824219,46.92225646972656,79400
2006-03-24,106.41000366210938,106.76000213623047,105.8499984741211,106.45999908447266,47.0371208190918,85800
2006-03-27,106.22000122070312,106.75,106.22000122070312,106.45999908447266,47.0371208190918,92800
2006-03-28,106.0199966430664,106.36000061035156,105.87999725341797,105.95999908447266,46.816226959228516,61800
2006-03-29,105.95999908447266,105.97000122070312,105.6500015258789,105.86000061035156,46.77202224731445,83800
2006-03-30,105.69999694824219,105.75,105.20999908447266,105.54000091552734,46.63064193725586,93700
2006-03-31,105.66999816894531,105.66999816894531,105.2699966430664,105.30000305175781,46.52461624145508,102200
2006-04-03,104.80000305175781,105.1500015258789,104.55000305175781,104.94999694824219,46.56365966796875,114200
2006-04-04,104.81999969482422,105.30000305175781,104.81999969482422,105.05000305175781,46.60801696777344,83000
2006-04-05,105.43000030517578,105.48999786376953,105.0999984741211,105.4000015258789,46.7633171081543,80200
2006-04-06,105.19999694824219,105.19999694824219,104.8499984741211,105.0199966430664,46.5947151184082,82400
2006-04-07,104.80999755859375,104.87000274658203,104.36000061035156,104.61000061035156,46.41279220581055,80100
2006-04-10,104.66000366210938,104.73999786376953,104.25,104.37999725341797,46.31074905395508,299000
2006-04-11,104.5,104.83999633789062,104.41999816894531,104.68000030517578,46.443885803222656,101600
2006-04-12,104.69000244140625,104.97000122070312,104.19999694824219,104.3499984741211,46.29743576049805,138700
2006-04-13,104.30000305175781,104.30000305175781,103.80000305175781,104.1500015258789,46.20869827270508,100500
2006-04-17,103.94999694824219,104.3499984741211,103.41000366210938,104.12999725341797,46.19983673095703,110300
2006-04-18,104.30000305175781,104.58999633789062,104.19999694824219,104.55000305175781,46.38618469238281,76700
2006-04-19,104.3499984741211,104.48999786376953,104.26000213623047,104.4800033569336,46.35512924194336,87200
2006-04-20,104.52999877929688,104.55999755859375,104.30000305175781,104.43000030517578,46.33296203613281,63400
2006-04-21,104.62999725341797,104.69000244140625,104.36000061035156,104.62999725341797,46.42164611816406,84200
2006-04-24,104.69000244140625,104.9800033569336,104.56999969482422,104.83999633789062,46.51485824584961,82200
2006-04-25,104.86000061035156,104.86000061035156,104.2699966430664,104.33999633789062,46.293033599853516,93100
2006-04-26,104.26000213623047,104.3499984741211,104.06999969482422,104.22000122070312,46.23978805541992,173100
2006-04-27,104.19999694824219,104.75,104.08000183105469,104.41000366210938,46.32406997680664,74300
2006-04-28,104.56999969482422,104.69000244140625,104.44000244140625,104.6500015258789,46.430545806884766,90600
2006-05-01,104.01000213623047,104.13999938964844,103.61000061035156,103.66000366210938,46.19523239135742,72800
2006-05-02,103.63999938964844,104.0,103.63999938964844,103.81999969482422,46.26655960083008,76600
2006-05-03,103.66000366210938,103.97000122070312,103.55999755859375,103.81999969482422,46.26655960083008,85900
2006-05-04,103.9000015258789,103.9000015258789,103.55000305175781,103.77999877929688,46.248680114746094,86900
2006-05-05,104.0,104.0999984741211,103.86000061035156,103.9000015258789,46.30222702026367,72700
2006-05-08,104.06999969482422,104.1500015258789,103.86000061035156,104.02999877929688,46.360145568847656,87100
2006-05-09,103.9000015258789,104.12999725341797,103.9000015258789,104.06999969482422,46.377967834472656,108300
2006-05-10,104.01000213623047,104.4000015258789,104.0,104.13999938964844,46.4091682434082,76600
2006-05-11,104.0,104.04000091552734,103.80000305175781,103.95999908447266,46.328948974609375,80900
2006-05-12,103.80000305175781,103.86000061035156,103.5,103.69999694824219,46.21308898925781,111200
2006-05-15,103.5199966430664,103.9000015258789,103.5199966430664,103.79000091552734,46.25318908691406,68500
2006-05-16,103.79000091552734,104.19000244140625,103.79000091552734,104.16999816894531,46.42256164550781,105600
2006-05-17,103.83000183105469,103.88999938964844,103.30999755859375,103.83999633789062,46.27545928955078,127900
2006-05-18,103.9000015258789,104.5,103.9000015258789,104.5,46.56957244873047,68900
2006-05-19,104.33999633789062,104.62999725341797,104.27999877929688,104.44999694824219,46.54731369018555,68500
2006-05-22,104.58999633789062,104.97000122070312,104.37999725341797,104.51000213623047,46.57406234741211,71300
2006-05-23,104.19999694824219,104.48999786376953,104.19999694824219,104.44000244140625,46.542850494384766,59200
2006-05-24,104.5999984741211,104.7699966430664,104.20999908447266,104.55000305175781,46.591861724853516,120600
2006-05-25,104.58999633789062,104.61000061035156,104.30999755859375,104.41000366210938,46.52950668334961,84700
2006-05-26,104.44999694824219,104.58000183105469,104.33000183105469,104.41999816894531,46.53395080566406,81800
2006-05-30,104.38999938964844,104.41000366210938,104.13999938964844,104.19000244140625,46.431419372558594,148700
2006-05-31,104.37999725341797,104.4000015258789,103.8499984741211,103.98999786376953,46.34232711791992,130500
2006-06-01,103.61000061035156,103.83000183105469,103.47000122070312,103.73999786376953,46.42329406738281,102400
2006-06-02,104.0999984741211,104.44999694824219,104.05000305175781,104.38999938964844,46.71417236328125,63200
2006-06-05,104.25,104.4000015258789,104.05999755859375,104.06999969482422,46.57099914550781,79100
2006-06-06,104.25,104.3499984741211,104.05999755859375,104.30000305175781,46.673919677734375,116100
2006-06-07,104.12999725341797,104.26000213623047,103.91999816894531,104.0199966430664,46.54861068725586,82200
2006-06-08,104.30000305175781,104.55999755859375,104.05000305175781,104.36000061035156,46.70075988769531,76600
2006-06-09,104.30000305175781,104.48999786376953,104.26000213623047,104.47000122070312,46.74995803833008,67500
2006-06-12,104.37000274658203,104.41000366210938,104.1500015258789,104.19000244140625,46.624664306640625,75900
2006-06-13,104.30999755859375,104.41000366210938,104.11000061035156,104.30000305175781,46.673919677734375,108600
2006-06-14,104.01000213623047,104.16000366210938,103.75,103.8499984741211,46.47254180908203,66600
2006-06-15,103.61000061035156,103.87999725341797,103.5,103.63999938964844,46.37860107421875,79400
2006-06-16,103.77999877929688,103.83000183105469,103.30999755859375,103.5,46.31594467163086,98500
2006-06-19,103.4000015258789,103.45999908447266,103.23999786376953,103.37000274658203,46.25771713256836,76200
2006-06-20,103.25,103.3499984741211,103.16000366210938,103.29000091552734,46.221927642822266,53500
2006-06-21,103.30000305175781,103.37000274658203,103.13999938964844,103.16000366210938,46.16377639770508,48000
2006-06-22,103.19000244140625,103.19999694824219,102.8499984741211,102.91999816894531,46.05638885498047,86500
2006-06-23,102.97000122070312,103.0,102.66999816894531,102.75,45.98027801513672,62700
2006-06-26,102.83000183105469,102.8499984741211,102.51000213623047,102.75,45.98027801513672,54000
2006-06-27,102.72000122070312,102.9000015258789,102.38999938964844,102.58999633789062,45.908668518066406,480300
2006-06-28,102.41999816894531,102.75,102.3499984741211,102.36000061035156,45.80577087402344,91400
2006-06-29,102.6500015258789,102.9000015258789,102.41999816894531,102.9000015258789,46.047420501708984,64600
2006-06-30,102.9000015258789,103.47000122070312,102.76000213623047,103.47000122070312,46.30250549316406,58500
2006-07-03,100.0,103.23999786376953,100.0,102.88999938964844,46.24543762207031,245800
2006-07-05,102.6500015258789,102.72000122070312,102.19999694824219,102.23999786376953,45.95325469970703,939300
2006-07-06,102.41999816894531,102.80999755859375,102.3499984741211,102.75,46.18248748779297,86500
2006-07-07,102.98999786376953,103.25,102.87999725341797,103.13999938964844,46.357784271240234,77900
2006-07-10,103.13999938964844,103.31999969482422,103.05999755859375,103.2699966430664,46.416175842285156,59300
2006-07-11,103.43000030517578,103.58999633789062,103.30000305175781,103.43000030517578,46.48810577392578,108400
2006-07-12,103.29000091552734,103.66999816894531,103.0999984741211,103.5999984741211,46.564517974853516,94900
2006-07-13,103.5,103.80000305175781,103.5,103.58999633789062,46.5600471496582,92200
2006-07-14,103.70999908447266,103.88999938964844,103.55000305175781,103.68000030517578,46.6004638671875,122300
2006-07-17,103.6500015258789,103.80999755859375,103.5199966430664,103.79000091552734,46.64991760253906,104200
2006-07-18,103.52999877929688,103.52999877929688,103.1500015258789,103.25,46.4072265625,208700
2006-07-19,103.1500015258789,103.9000015258789,103.05000305175781,103.72000122070312,46.61844253540039,80600
2006-07-20,103.54000091552734,104.18000030517578,103.54000091552734,104.16999816894531,46.82075881958008,97900
2006-07-21,104.19000244140625,104.29000091552734,104.0199966430664,104.08999633789062,46.784751892089844,83700
2006-07-24,104.05999755859375,104.1500015258789,104.02999877929688,104.12000274658203,46.79825973510742,108300
2006-07-25,103.9800033569336,104.13999938964844,103.93000030517578,104.04000091552734,46.76231002807617,60100
2006-07-26,103.91000366210938,104.27999877929688,103.9000015258789,104.26000213623047,46.861167907714844,69200
2006-07-27,104.30000305175781,104.31999969482422,104.0999984741211,104.0999984741211,46.789276123046875,74900
2006-07-28,104.26000213623047,104.55999755859375,104.0,104.5,46.969024658203125,195200
2006-07-31,104.55000305175781,104.58000183105469,104.37999725341797,104.5199966430664,46.97803497314453,108600
2006-08-01,104.25,104.25,103.94999694824219,104.20999908447266,47.043949127197266,76000
2006-08-02,104.11000061035156,104.5,104.0999984741211,104.38999938964844,47.12523651123047,60300
2006-08-03,104.0,104.55000305175781,104.0,104.4000015258789,47.129756927490234,110700
2006-08-04,104.8499984741211,104.94000244140625,104.69999694824219,104.80999755859375,47.314815521240234,57300
2006-08-07,104.6500015258789,104.80000305175781,104.6500015258789,104.72000122070312,47.274173736572266,76900
2006-08-08,104.8499984741211,104.9800033569336,104.58000183105469,104.77999877929688,47.301273345947266,62000
2006-08-09,104.4000015258789,104.7699966430664,104.4000015258789,104.7300033569336,47.278690338134766,58300
2006-08-10,104.77999877929688,104.77999877929688,104.54000091552734,104.72000122070312,47.274173736572266,61300
2006-08-11,104.54000091552734,104.58000183105469,104.4000015258789,104.51000213623047,47.17936706542969,54200
2006-08-14,104.41000366210938,104.44999694824219,104.22000122070312,104.37999725341797,47.12068176269531,48000
2006-08-15,104.61000061035156,104.9800033569336,104.55999755859375,104.91999816894531,47.36444854736328,99200
2006-08-16,105.05000305175781,105.41999816894531,105.05000305175781,105.36000061035156,47.5631103515625,69700
2006-08-17,105.44000244140625,105.5,105.22000122070312,105.30999755859375,47.54051208496094,84900
2006-08-18,105.30999755859375,105.6500015258789,105.30999755859375,105.5199966430664,47.63527297973633,115700
2006-08-21,105.5,105.68000030517578,105.44999694824219,105.66999816894531,47.70304489135742,77300
2006-08-22,105.75,105.8499984741211,105.56999969482422,105.73999786376953,47.73461151123047,194100
2006-08-23,105.73999786376953,105.77999877929688,105.58999633789062,105.69999694824219,47.71660232543945,107400
2006-08-24,105.6500015258789,105.87000274658203,105.6500015258789,105.69999694824219,47.71660232543945,54800
2006-08-25,105.76000213623047,105.9800033569336,105.70999908447266,105.8499984741211,47.78428649902344,105800
2006-08-28,105.91000366210938,105.9800033569336,105.76000213623047,105.87999725341797,47.797821044921875,101300
2006-08-29,105.7300033569336,105.95999908447266,105.55000305175781,105.94999694824219,47.82942199707031,110000
2006-08-30,105.95999908447266,106.1500015258789,105.95999908447266,106.0199966430664,47.861019134521484,80100
2006-08-31,106.05000305175781,106.37999725341797,105.80000305175781,106.37999725341797,48.0235481262207,125600
2006-09-01,105.7699966430664,105.94000244140625,104.87000274658203,105.77999877929688,47.96640396118164,139900
2006-09-05,105.7699966430664,105.77999877929688,105.44999694824219,105.45999908447266,47.821311950683594,74900
2006-09-06,105.41000366210938,105.52999877929688,105.29000091552734,105.45999908447266,47.821311950683594,158200
2006-09-07,105.5,105.66999816894531,105.23999786376953,105.56999969482422,47.87120056152344,280100
2006-09-08,105.80000305175781,105.87000274658203,105.61000061035156,105.68000030517578,47.92103576660156,130200
2006-09-11,105.7699966430664,105.80000305175781,105.52999877929688,105.63999938964844,47.90296173095703,81200
2006-09-12,105.4800033569336,105.88999938964844,105.4800033569336,105.80000305175781,47.97549057006836,72500
2006-09-13,105.81999969482422,106.19999694824219,105.81999969482422,106.08000183105469,48.102439880371094,173000
2006-09-14,106.01000213623047,106.05000305175781,105.80000305175781,105.80999755859375,47.980018615722656,63800
2006-09-15,105.91999816894531,106.08000183105469,105.72000122070312,105.73999786376953,47.94826889038086,116400
2006-09-18,105.55000305175781,105.77999877929688,105.4000015258789,105.76000213623047,47.95737075805664,55100
2006-09-19,105.91999816894531,106.30000305175781,105.91999816894531,106.16999816894531,48.14326858520508,239900
2006-09-20,106.44000244140625,106.48999786376953,106.29000091552734,106.33999633789062,48.22035217285156,124600
2006-09-21,106.31999969482422,106.9800033569336,106.31999969482422,106.9800033569336,48.51056671142578,232400
2006-09-22,107.04000091552734,107.16000366210938,106.94000244140625,107.04000091552734,48.53779220581055,152600
2006-09-25,107.23999786376953,107.30999755859375,107.08000183105469,107.19999694824219,48.61030578613281,366900
2006-09-26,107.29000091552734,107.29000091552734,106.88999938964844,106.9000015258789,48.474281311035156,243200
2006-09-27,107.0999984741211,107.29000091552734,106.76000213623047,106.8499984741211,48.45161056518555,559500
2006-09-28,106.88999938964844,106.9800033569336,106.69000244140625,106.87999725341797,48.46522521972656,255400
2006-09-29,106.94999694824219,107.12000274658203,106.75,106.83000183105469,48.4425163269043,110100
2006-10-02,100.0,106.69999694824219,100.0,106.52999877929688,48.52227020263672,102700
2006-10-03,106.69000244140625,106.69000244140625,106.30999755859375,106.5999984741211,48.554107666015625,118200
2006-10-04,106.79000091552734,107.12000274658203,106.72000122070312,107.11000061035156,48.7863883972168,162700
2006-10-05,106.95999908447266,107.0,106.63999938964844,106.76000213623047,48.627010345458984,78900
2006-10-06,106.56999969482422,106.56999969482422,106.05999755859375,106.16000366210938,48.353755950927734,124500
2006-10-09,106.30000305175781,106.38999938964844,106.11000061035156,106.23999786376953,48.39015197753906,51600
2006-10-10,106.05000305175781,106.05000305175781,105.7699966430664,105.7699966430664,48.17609786987305,121000
2006-10-11,106.0,106.0199966430664,105.5,105.52999877929688,48.06678009033203,130800
2006-10-12,105.83000183105469,105.87000274658203,105.5999984741211,105.77999877929688,48.18063735961914,91000
2006-10-13,105.5999984741211,105.68000030517578,105.36000061035156,105.38999938964844,48.0030403137207,215000
2006-10-16,105.37000274658203,105.7300033569336,105.37000274658203,105.6500015258789,48.12142562866211,113000
2006-10-17,105.93000030517578,106.12000274658203,105.77999877929688,105.8499984741211,48.21251678466797,153100
2006-10-18,106.04000091552734,106.06999969482422,105.5,106.06999969482422,48.312705993652344,363600
2006-10-19,105.87999725341797,105.93000030517578,105.62999725341797,105.7300033569336,48.15785598754883,665000
2006-10-20,105.76000213623047,105.83999633789062,105.56999969482422,105.7699966430664,48.17609786987305,101600
2006-10-23,105.58000183105469,105.68000030517578,105.45999908447266,105.52999877929688,48.06678009033203,116200
2006-10-24,105.58000183105469,105.72000122070312,105.58000183105469,105.70999908447266,48.14875411987305,95200
2006-10-25,105.72000122070312,106.16999816894531,105.6500015258789,106.16000366210938,48.353755950927734,91700
2006-10-26,106.3499984741211,106.51000213623047,106.30000305175781,106.5,48.508602142333984,79500
2006-10-27,107.08999633789062,107.08999633789062,106.63999938964844,106.83999633789062,48.6634521484375,88400
2006-10-30,106.9000015258789,106.98999786376953,106.77999877929688,106.94000244140625,48.70896911621094,56200
2006-10-31,107.04000091552734,107.4800033569336,107.0,107.41999816894531,48.927650451660156,144100
2006-11-01,107.25,107.4800033569336,107.08999633789062,107.30999755859375,49.08913803100586,220200
2006-11-02,107.11000061035156,107.23999786376953,107.11000061035156,107.18000030517578,49.0296516418457,319200
2006-11-03,106.5999984741211,106.62000274658203,106.33000183105469,106.43000030517578,48.686553955078125,73000
2006-11-06,106.3499984741211,106.55000305175781,106.22000122070312,106.55000305175781,48.74144744873047,80600
2006-11-07,106.94000244140625,107.08999633789062,106.83000183105469,106.93000030517578,48.915306091308594,130000
2006-11-08,107.0,107.08999633789062,106.94000244140625,107.05999755859375,48.974761962890625,124800
2006-11-09,107.1500015258789,107.26000213623047,107.05999755859375,107.16999816894531,49.02509689331055,111500
2006-11-10,107.37999725341797,107.5999984741211,107.30000305175781,107.45999908447266,49.15775680541992,62200
2006-11-13,107.44000244140625,107.44999694824219,107.20999908447266,107.38999938964844,49.125728607177734,100400
2006-11-14,107.6500015258789,107.79000091552734,107.55999755859375,107.55999755859375,49.20348358154297,120600
2006-11-15,107.55000305175781,107.55000305175781,107.19999694824219,107.27999877929688,49.075401306152344,103000
2006-11-16,107.54000091552734,107.54000091552734,107.06999969482422,107.12999725341797,49.00681686401367,108400
2006-11-17,107.19999694824219,107.63999938964844,107.1500015258789,107.4800033569336,49.166866302490234,99600
2006-11-20,107.6500015258789,107.6500015258789,107.48999786376953,107.55999755859375,49.20348358154297,81300
2006-11-21,107.6500015258789,107.8499984741211,107.52999877929688,107.70999908447266,49.27207946777344,155500
2006-11-22,107.81999969482422,107.87999725341797,107.66999816894531,107.83000183105469,49.32700729370117,75000
2006-11-24,108.1500015258789,108.19999694824219,107.98999786376953,108.0,49.40476989746094,48600
2006-11-27,107.7699966430664,108.19000244140625,107.66999816894531,108.01000213623047,49.409339904785156,147500
2006-11-28,108.3499984741211,108.37000274658203,108.06999969482422,108.20999908447266,49.50082015991211,182300
2006-11-29,108.38999938964844,108.43000030517578,108.11000061035156,108.11000061035156,49.455108642578125,102800
2006-11-30,108.4000015258789,108.66000366210938,108.2699966430664,108.5199966430664,49.64263916015625,108600
2006-12-01,108.25,108.58999633789062,108.0999984741211,108.19999694824219,49.70098876953125,175400
2006-12-04,108.30000305175781,108.55000305175781,108.0199966430664,108.44999694824219,49.81581497192383,97200
2006-12-05,108.44999694824219,108.6500015258789,108.22000122070312,108.4000015258789,49.79286575317383,109700
2006-12-06,108.33000183105469,108.33000183105469,107.94999694824219,108.12999725341797,49.66880416870117,101900
2006-12-07,108.33000183105469,108.33000183105469,108.08999633789062,108.18000030517578,49.691776275634766,99600
2006-12-08,108.25,108.25,107.76000213623047,107.77999877929688,49.5080451965332,109900
2006-12-11,107.94999694824219,108.12999725341797,107.94999694824219,108.0199966430664,49.61826705932617,69400
2006-12-12,108.12000274658203,108.33000183105469,108.05000305175781,108.25,49.72391128540039,85500
2006-12-13,107.91999816894531,108.01000213623047,107.69000244140625,107.70999908447266,49.4758186340332,116600
2006-12-14,107.70999908447266,107.70999908447266,107.54000091552734,107.61000061035156,49.42997360229492,73400
2006-12-15,108.12000274658203,108.22000122070312,107.5199966430664,107.58999633789062,49.4207649230957,103700
2006-12-18,107.5999984741211,107.63999938964844,107.5,107.5999984741211,49.425323486328125,69800
2006-12-19,107.5199966430664,107.70999908447266,107.4800033569336,107.58000183105469,49.416194915771484,115400
2006-12-20,107.48999786376953,107.72000122070312,107.48999786376953,107.66000366210938,49.452911376953125,73200
2006-12-21,107.73999786376953,108.05999755859375,107.66999816894531,107.94000244140625,49.581520080566406,145000
2006-12-22,107.80000305175781,107.83999633789062,107.44999694824219,107.5999984741211,49.425323486328125,100200
2006-12-26,107.6500015258789,107.7300033569336,107.51000213623047,107.72000122070312,49.480499267578125,61800
2006-12-27,107.25,107.29000091552734,106.7300033569336,106.94999694824219,49.32231521606445,114500
2006-12-28,107.05000305175781,107.05000305175781,106.51000213623047,106.7300033569336,49.22080993652344,129300
2006-12-29,106.72000122070312,106.72000122070312,106.55999755859375,106.68000030517578,49.19778823852539,120500
2007-01-03,107.1500015258789,107.19999694824219,106.19000244140625,106.44999694824219,49.09174346923828,1597400
2007-01-04,106.73999786376953,107.30000305175781,106.73999786376953,107.25,49.46063995361328,111600
2007-01-05,107.0,107.19999694824219,106.87000274658203,107.18000030517578,49.42837905883789,103200
2007-01-08,106.97000122070312,107.22000122070312,106.97000122070312,107.1500015258789,49.414554595947266,120600
2007-01-09,107.16000366210938,107.2300033569336,107.08000183105469,107.16999816894531,49.42378234863281,127200
2007-01-10,107.0999984741211,107.1500015258789,106.94999694824219,107.02999877929688,49.35920715332031,66500
2007-01-11,106.9000015258789,106.95999908447266,106.62999725341797,106.69999694824219,49.20697784423828,73600
2007-01-12,106.66000366210938,106.66999816894531,106.51000213623047,106.58999633789062,49.156280517578125,86400
2007-01-16,106.6500015258789,106.76000213623047,106.44999694824219,106.70999908447266,49.21162796020508,205300
2007-01-17,106.77999877929688,106.77999877929688,106.43000030517578,106.55999755859375,49.14244079589844,100400
2007-01-18,106.68000030517578,106.87000274658203,106.5,106.87000274658203,49.28540802001953,91700
2007-01-19,106.87999725341797,106.87999725341797,106.69999694824219,106.80999755859375,49.25775146484375,181100
2007-01-22,106.87000274658203,106.87999725341797,106.76000213623047,106.87999725341797,49.28997802734375,73200
2007-01-23,106.80000305175781,106.80000305175781,106.41999816894531,106.58999633789062,49.156280517578125,142800
2007-01-24,106.62999725341797,106.6500015258789,106.51000213623047,106.63999938964844,49.17933654785156,84900
2007-01-25,106.52999877929688,106.55999755859375,106.19999694824219,106.30000305175781,49.02255630493164,168800
2007-01-26,106.19999694824219,106.38999938964844,106.13999938964844,106.2300033569336,48.99026870727539,97900
2007-01-29,106.36000061035156,106.44000244140625,106.05999755859375,106.18000030517578,48.96720504760742,154100
2007-01-30,106.33999633789062,106.3499984741211,106.22000122070312,106.33000183105469,49.03636932373047,77100
2007-01-31,106.29000091552734,106.80999755859375,106.26000213623047,106.77999877929688,49.243896484375,166800
2007-02-01,106.88999938964844,106.88999938964844,106.19000244140625,106.27999877929688,49.223995208740234,135300
2007-02-02,106.38999938964844,106.61000061035156,106.27999877929688,106.37999725341797,49.27028274536133,174000
2007-02-05,106.47000122070312,106.52999877929688,106.41000366210938,106.5199966430664,49.33513641357422,101400
2007-02-06,106.4000015258789,106.80000305175781,106.33000183105469,106.80000305175781,49.46480941772461,168100
2007-02-07,107.0,107.01000213623047,106.80999755859375,106.94999694824219,49.5343132019043,156700
2007-02-08,106.94000244140625,107.16000366210938,106.83999633789062,107.06999969482422,49.58987808227539,113600
2007-02-09,106.94999694824219,106.94999694824219,106.52999877929688,106.62000274658203,49.3814811706543,175400
2007-02-12,106.69000244140625,106.73999786376953,105.75,106.63999938964844,49.3907356262207,572300
2007-02-13,106.69000244140625,106.69000244140625,106.26000213623047,106.56999969482422,49.35831069946289,97600
2007-02-14,106.80000305175781,107.18000030517578,106.69000244140625,107.18000030517578,49.640811920166016,102700
2007-02-15,107.30999755859375,107.48999786376953,107.20999908447266,107.37999725341797,49.73344802856445,141900
2007-02-16,107.5,107.6500015258789,107.41999816894531,107.48999786376953,49.78440475463867,149700
2007-02-20,107.52999877929688,107.68000030517578,107.4000015258789,107.66000366210938,49.863121032714844,101600
2007-02-21,107.47000122070312,107.8499984741211,107.33000183105469,107.58999633789062,49.83074188232422,120500
2007-02-22,107.56999969482422,107.56999969482422,107.30999755859375,107.44000244140625,49.761268615722656,101800
2007-02-23,107.58000183105469,107.88999938964844,107.58000183105469,107.79000091552734,49.92332458496094,161400
2007-02-26,108.0999984741211,108.2300033569336,107.93000030517578,108.2300033569336,50.12712478637695,109700
2007-02-27,108.27999877929688,109.13999938964844,108.27999877929688,108.6500015258789,50.3216552734375,143800
2007-02-28,108.5999984741211,108.5999984741211,108.20999908447266,108.44999694824219,50.22902297973633,87000
2007-03-01,107.9000015258789,108.36000061035156,107.80000305175781,108.0199966430664,50.238807678222656,143000
2007-03-02,108.23999786376953,108.31999969482422,107.76000213623047,108.31999969482422,50.37833023071289,145600
2007-03-05,108.30000305175781,108.30999755859375,108.0,108.16000366210938,50.303916931152344,98100
2007-03-06,107.98999786376953,108.0,107.62000274658203,107.75,50.11323547363281,348200
2007-03-07,107.95999908447266,108.0199966430664,107.61000061035156,107.8499984741211,50.15972137451172,120300
2007-03-08,107.95999908447266,107.98999786376953,107.69999694824219,107.98999786376953,50.22482681274414,123800
2007-03-09,107.44999694824219,107.76000213623047,107.36000061035156,107.70999908447266,50.0946159362793,95000
2007-03-12,107.69999694824219,108.02999877929688,107.69999694824219,107.94000244140625,50.20158386230469,79100
2007-03-13,107.95999908447266,108.20999908447266,107.80000305175781,108.0,50.229522705078125,217500
2007-03-14,108.0999984741211,108.0999984741211,107.56999969482422,107.9000015258789,50.1829833984375,144900
2007-03-15,108.0,108.0,107.66999816894531,107.91999816894531,50.192256927490234,74000
2007-03-16,107.72000122070312,107.94999694824219,107.31999969482422,107.5,49.996952056884766,199800
2007-03-19,107.5,107.58000183105469,107.30000305175781,107.30000305175781,49.90392303466797,108800
2007-03-20,107.43000030517578,107.66000366210938,107.33000183105469,107.58999633789062,50.038814544677734,100200
2007-03-21,107.58000183105469,108.01000213623047,107.20999908447266,107.91000366210938,50.18762969970703,116200
2007-03-22,107.72000122070312,107.87000274658203,107.47000122070312,107.61000061035156,50.04815673828125,67900
2007-03-23,107.76000213623047,107.76000213623047,107.2300033569336,107.33000183105469,49.91789627075195,74500
2007-03-26,107.3499984741211,107.80000305175781,107.33000183105469,107.52999877929688,50.01089859008789,69500
2007-03-27,107.4000015258789,107.5999984741211,107.33000183105469,107.51000213623047,50.00163650512695,84500
2007-03-28,107.54000091552734,107.80000305175781,107.30999755859375,107.44000244140625,49.96904754638672,82500
2007-03-29,107.37999725341797,107.45999908447266,107.25,107.30999755859375,49.90859603881836,119400
2007-03-30,107.43000030517578,107.44000244140625,107.0199966430664,107.2699966430664,49.890010833740234,127000
2007-04-02,106.83000183105469,106.86000061035156,106.68000030517578,106.83999633789062,49.918949127197266,77000
2007-04-03,106.79000091552734,106.80999755859375,106.62999725341797,106.77999877929688,49.89095687866211,158900
2007-04-04,106.83000183105469,107.01000213623047,106.75,106.87000274658203,49.9329948425293,93600
2007-04-05,106.80000305175781,106.88999938964844,106.56999969482422,106.6500015258789,49.83021545410156,129900
2007-04-09,106.0199966430664,106.33999633789062,106.0199966430664,106.30000305175781,49.666648864746094,137400
2007-04-10,106.5199966430664,106.58999633789062,106.3499984741211,106.5199966430664,49.76942443847656,115800
2007-04-11,106.5999984741211,106.68000030517578,106.31999969482422,106.31999969482422,49.675987243652344,103400
2007-04-12,106.43000030517578,106.58999633789062,106.33999633789062,106.4800033569336,49.750797271728516,83700
2007-04-13,106.55999755859375,106.55999755859375,106.26000213623047,106.30000305175781,49.666648864746094,96400
2007-04-16,106.58999633789062,106.58999633789062,106.30000305175781,106.38999938964844,49.70871353149414,180500
2007-04-17,106.75,106.9800033569336,106.62999725341797,106.97000122070312,49.97969436645508,101200
2007-04-18,107.20999908447266,107.23999786376953,106.81999969482422,107.0,49.99368667602539,127300
2007-04-19,107.1500015258789,107.2699966430664,106.98999786376953,107.06999969482422,50.02641296386719,124200
2007-04-20,107.18000030517578,107.26000213623047,106.9000015258789,107.04000091552734,50.01239013671875,92500
2007-04-23,107.22000122070312,107.38999938964844,107.0,107.3499984741211,50.1572265625,100600
2007-04-24,107.30000305175781,107.6500015258789,107.16999816894531,107.62000274658203,50.283390045166016,105900
2007-04-25,107.5999984741211,107.73999786376953,107.41999816894531,107.47000122070312,50.21329879760742,125200
2007-04-26,107.4000015258789,107.44999694824219,107.13999938964844,107.23999786376953,50.10585403442383,194500
2007-04-27,107.31999969482422,107.3499984741211,107.16000366210938,107.20999908447266,50.0918083190918,235700
2007-04-30,107.30999755859375,107.76000213623047,107.30999755859375,107.7300033569336,50.33480453491211,362600
2007-05-01,107.12999725341797,107.33000183105469,106.91000366210938,107.19000244140625,50.30663299560547,226900
2007-05-02,107.23999786376953,107.25,107.0,107.16000366210938,50.292537689208984,145000
2007-05-03,107.0199966430664,107.11000061035156,106.80000305175781,107.01000213623047,50.22214889526367,157200
2007-05-04,107.3499984741211,107.3499984741211,107.0999984741211,107.2699966430664,50.344215393066406,100900
2007-05-07,107.29000091552734,107.4000015258789,107.20999908447266,107.4000015258789,50.40515899658203,136900
2007-05-08,107.5,107.5,107.19999694824219,107.33999633789062,50.37702941894531,134500
2007-05-09,107.38999938964844,107.38999938964844,107.08000183105469,107.16999816894531,50.29724884033203,107200
2007-05-10,107.22000122070312,107.30999755859375,107.12999725341797,107.22000122070312,50.320682525634766,75900
2007-05-11,107.44999694824219,107.48999786376953,107.01000213623047,107.11000061035156,50.26907730102539,87100
2007-05-14,107.13999938964844,107.16999816894531,106.87000274658203,107.0,50.217430114746094,121600
2007-05-15,107.0,107.13999938964844,106.66999816894531,106.76000213623047,50.10480499267578,174200
2007-05-16,106.94999694824219,107.02999877929688,106.69999694824219,107.01000213623047,50.22214889526367,157200
2007-05-17,106.80000305175781,106.86000061035156,106.62000274658203,106.69000244140625,50.071990966796875,126100
2007-05-18,106.5,106.66000366210938,106.30000305175781,106.38999938964844,49.93118667602539,147700
2007-05-21,106.30000305175781,106.55999755859375,106.23999786376953,106.52999877929688,49.99684524536133,88700
2007-05-22,106.5,106.5199966430664,106.12000274658203,106.19000244140625,49.837318420410156,83100
2007-05-23,106.30000305175781,106.33000183105469,105.91000366210938,106.08999633789062,49.79037094116211,128200
2007-05-24,106.11000061035156,106.22000122070312,105.7699966430664,106.22000122070312,49.85142135620117,92800
2007-05-25,106.08000183105469,106.37999725341797,105.94000244140625,106.1500015258789,49.81855773925781,104000
2007-05-29,106.0999984741211,106.12000274658203,105.79000091552734,105.94000244140625,49.7199592590332,139700
2007-05-30,106.13999938964844,106.20999908447266,105.87999725341797,106.0199966430664,49.757511138916016,94700
2007-05-31,106.04000091552734,106.04000091552734,105.58999633789062,105.93000030517578,49.715274810791016,130100
2007-06-01,105.20999908447266,105.25,104.91999816894531,105.02999877929688,49.524757385253906,105200
2007-06-04,104.94999694824219,105.22000122070312,104.91999816894531,105.19999694824219,49.60493469238281,111300
2007-06-05,104.95999908447266,105.0,104.76000213623047,104.86000061035156,49.44464111328125,97200
2007-06-06,104.9000015258789,105.0199966430664,104.80000305175781,104.94999694824219,49.4870719909668,64800
2007-06-07,104.55000305175781,104.55000305175781,103.7300033569336,103.83000183105469,48.958953857421875,179800
2007-06-08,103.61000061035156,103.94999694824219,103.3499984741211,103.87999725341797,48.982513427734375,404300
2007-06-11,103.77999877929688,103.95999908447266,103.5199966430664,103.55999755859375,48.83161926269531,109700
2007-06-12,103.37999725341797,103.44999694824219,102.95999908447266,103.0,48.56757736206055,129400
2007-06-13,103.41999816894531,103.62000274658203,103.05999755859375,103.44999694824219,48.779747009277344,249400
2007-06-14,103.27999877929688,103.61000061035156,103.19999694824219,103.41999816894531,48.76564407348633,110100
2007-06-15,103.5,103.94999694824219,103.47000122070312,103.83000183105469,48.958953857421875,100100
2007-06-18,103.68000030517578,103.94999694824219,103.47000122070312,103.81999969482422,48.954193115234375,101100
2007-06-19,103.9800033569336,104.48999786376953,103.9000015258789,104.48999786376953,49.27019119262695,121000
2007-06-20,104.0999984741211,104.2300033569336,103.86000061035156,103.98999786376953,49.03438949584961,77700
2007-06-21,103.70999908447266,104.04000091552734,103.63999938964844,103.72000122070312,48.90708923339844,83200
2007-06-22,103.66000366210938,104.01000213623047,103.5,104.0,49.03911590576172,73900
2007-06-25,104.30000305175781,104.37999725341797,103.97000122070312,104.12000274658203,49.095672607421875,82500
2007-06-26,104.30999755859375,104.3499984741211,103.98999786376953,104.0999984741211,49.08624267578125,68900
2007-06-27,104.37999725341797,104.48999786376953,104.06999969482422,104.0999984741211,49.08624267578125,105900
2007-06-28,104.12999725341797,104.30000305175781,103.87000274658203,103.98999786376953,49.03438949584961,63100
2007-06-29,104.18000030517578,104.75,104.18000030517578,104.58000183105469,49.31254577636719,191400
2007-07-02,104.19999694824219,104.19999694824219,103.69999694824219,103.8499984741211,49.19039535522461,3074400
2007-07-03,104.27999877929688,104.29000091552734,103.66999816894531,103.87000274658203,49.199886322021484,45900
2007-07-05,103.4000015258789,103.6500015258789,103.18000030517578,103.19999694824219,48.88251495361328,83600
2007-07-06,103.11000061035156,103.26000213623047,102.81999969482422,103.0,48.787750244140625,83700
2007-07-09,103.30000305175781,103.33999633789062,103.02999877929688,103.20999908447266,48.88726806640625,100900
2007-07-10,103.88999938964844,104.11000061035156,103.51000213623047,103.91999816894531,49.22355651855469,159600
2007-07-11,104.0199966430664,104.06999969482422,103.38999938964844,103.44999694824219,49.000911712646484,86000
2007-07-12,103.66999816894531,103.66999816894531,102.94999694824219,103.04000091552734,48.80673599243164,129500
2007-07-13,103.3499984741211,103.54000091552734,103.06999969482422,103.48999786376953,49.01987075805664,71800
2007-07-16,103.68000030517578,103.83000183105469,103.4000015258789,103.76000213623047,49.14774703979492,90500
2007-07-17,103.73999786376953,103.93000030517578,103.37999725341797,103.54000091552734,49.04355239868164,86600
2007-07-18,103.56999969482422,104.1500015258789,103.52999877929688,103.83999633789062,49.18566131591797,85900
2007-07-19,103.66000366210938,103.88999938964844,103.33999633789062,103.62000274658203,49.08145523071289,170900
2007-07-20,104.0999984741211,104.33999633789062,103.86000061035156,103.91000366210938,49.21882247924805,181000
2007-07-23,104.06999969482422,104.12999725341797,103.75,103.79000091552734,49.1619758605957,56900
2007-07-24,104.19999694824219,104.19999694824219,103.5999984741211,103.66000366210938,49.100399017333984,101600
2007-07-25,104.05000305175781,104.0999984741211,103.73999786376953,103.73999786376953,49.13831329345703,239800
2007-07-26,104.18000030517578,104.5999984741211,103.5199966430664,103.5199966430664,49.03404235839844,104600
2007-07-27,103.98999786376953,104.30000305175781,103.0,103.13999938964844,48.854068756103516,91400
2007-07-30,103.7300033569336,103.83999633789062,102.8499984741211,103.30000305175781,48.929866790771484,138300
2007-07-31,103.4000015258789,103.87000274658203,103.25,103.25,48.906185150146484,152700
2007-08-01,103.55000305175781,103.75,102.91999816894531,103.08999633789062,49.06416702270508,77200
2007-08-02,103.22000122070312,103.52999877929688,102.88999938964844,102.94999694824219,48.99757766723633,117400
2007-08-03,103.36000061035156,103.91999816894531,103.19999694824219,103.45999908447266,49.240299224853516,109200
2007-08-06,103.80999755859375,104.0,103.04000091552734,103.0999984741211,49.06894302368164,99100
2007-08-07,103.62000274658203,103.69000244140625,103.0999984741211,103.37999725341797,49.202232360839844,100500
2007-08-08,102.76000213623047,103.76000213623047,102.76000213623047,103.48999786376953,49.25459289550781,92500
2007-08-09,103.68000030517578,103.7699966430664,103.0999984741211,103.4000015258789,49.21174621582031,69300
2007-08-10,103.5,104.44000244140625,102.73999786376953,102.94000244140625,48.9927864074707,142700
2007-08-13,103.1500015258789,103.72000122070312,103.01000213623047,103.30000305175781,49.16415023803711,155100
2007-08-14,103.52999877929688,104.0,103.26000213623047,103.94999694824219,49.4735107421875,115800
2007-08-15,103.95999908447266,103.97000122070312,103.43000030517578,103.66999816894531,49.34021759033203,125700
2007-08-16,103.79000091552734,104.0199966430664,102.58999633789062,102.66000366210938,48.85954666137695,438800
2007-08-17,102.80999755859375,103.38999938964844,102.5999984741211,102.83999633789062,48.945213317871094,234100
2007-08-20,102.86000061035156,103.70999908447266,102.86000061035156,103.58000183105469,49.29739761352539,129100
2007-08-21,103.5999984741211,103.91000366210938,103.47000122070312,103.79000091552734,49.397369384765625,104000
2007-08-22,103.79000091552734,104.0999984741211,103.55999755859375,104.0,49.49729919433594,102600
2007-08-23,103.93000030517578,104.25,103.66999816894531,104.05000305175781,49.52110290527344,88600
2007-08-24,104.36000061035156,104.36000061035156,103.7699966430664,104.27999877929688,49.63056182861328,231600
2007-08-27,104.44999694824219,104.55999755859375,104.0,104.0,49.49729919433594,82200
2007-08-28,104.45999908447266,104.88999938964844,104.20999908447266,104.88999938964844,49.920875549316406,145100
2007-08-29,105.1500015258789,105.1500015258789,104.41000366210938,104.41000366210938,49.69243240356445,63100
2007-08-30,104.69999694824219,104.80000305175781,104.43000030517578,104.72000122070312,49.839969635009766,155200
2007-08-31,104.30000305175781,105.31999969482422,103.88999938964844,105.20999908447266,50.07321548461914,290200
2007-09-04,104.58999633789062,104.5999984741211,104.16999816894531,104.48999786376953,49.96225357055664,148500
2007-09-05,104.55000305175781,104.91999816894531,104.05999755859375,104.9000015258789,50.15827178955078,69600
2007-09-06,104.81999969482422,104.83000183105469,104.4800033569336,104.66000366210938,50.04356384277344,106600
2007-09-07,104.61000061035156,105.30999755859375,104.61000061035156,105.2300033569336,50.31608581542969,102300
2007-09-10,105.0999984741211,105.66999816894531,104.9000015258789,105.54000091552734,50.46430969238281,118800
2007-09-11,105.0999984741211,105.43000030517578,104.91999816894531,104.93000030517578,50.17265701293945,98500
2007-09-12,104.88999938964844,104.97000122070312,104.4800033569336,104.5,49.967018127441406,94800
2007-09-13,104.52999877929688,104.58999633789062,104.19999694824219,104.3499984741211,49.895320892333984,134300
2007-09-14,104.62999725341797,104.86000061035156,104.20999908447266,104.63999938964844,50.03396987915039,83300
2007-09-17,104.0,104.63999938964844,104.0,104.5999984741211,50.01483154296875,70700
2007-09-18,104.5,104.95999908447266,104.0999984741211,104.8499984741211,50.134376525878906,78200
2007-09-19,104.43000030517578,104.72000122070312,104.11000061035156,104.2699966430664,49.85707092285156,141100
2007-09-20,103.9000015258789,104.68000030517578,103.80000305175781,104.08000183105469,49.7662239074707,113700
2007-09-21,104.25,104.80999755859375,104.0999984741211,104.56999969482422,50.00050354003906,103300
2007-09-24,104.83999633789062,105.08999633789062,104.31999969482422,105.08999633789062,50.24913024902344,64100
2007-09-25,104.94000244140625,105.33999633789062,104.91000366210938,105.02999877929688,50.22045135498047,78400
2007-09-26,105.37999725341797,105.4000015258789,104.76000213623047,105.29000091552734,50.34477615356445,111700
2007-09-27,105.29000091552734,105.6500015258789,104.83999633789062,105.55999755859375,50.473846435546875,65600
2007-09-28,105.83000183105469,105.8499984741211,105.19999694824219,105.48999786376953,50.44039535522461,95800
2007-10-01,105.81999969482422,105.81999969482422,104.2699966430664,104.33000183105469,50.115234375,1038900
2007-10-02,104.06999969482422,104.6500015258789,104.06999969482422,104.2300033569336,50.06718444824219,187300
2007-10-03,104.66999816894531,104.81999969482422,104.23999786376953,104.69999694824219,50.292903900146484,253900
2007-10-04,104.80999755859375,105.52999877929688,104.80999755859375,105.52999877929688,50.691619873046875,768400
2007-10-05,104.91000366210938,105.2699966430664,104.61000061035156,105.0999984741211,50.48505783081055,75200
2007-10-08,104.51000213623047,105.5199966430664,104.51000213623047,105.47000122070312,50.662803649902344,78100
2007-10-09,105.19999694824219,105.44999694824219,104.95999908447266,105.01000213623047,50.441856384277344,70200
2007-10-10,105.22000122070312,105.5199966430664,104.94000244140625,105.37999725341797,50.61956787109375,69200
2007-10-11,105.26000213623047,105.62999725341797,104.93000030517578,105.5999984741211,50.72528076171875,138700
2007-10-12,105.51000213623047,105.51000213623047,104.7699966430664,105.0199966430664,50.4466552734375,149400
2007-10-15,105.31999969482422,105.3499984741211,104.9000015258789,105.3499984741211,50.60514450073242,101700
2007-10-16,105.41999816894531,105.61000061035156,105.11000061035156,105.52999877929688,50.691619873046875,123700
2007-10-17,105.75,106.23999786376953,105.33999633789062,106.02999877929688,50.93179702758789,65900
2007-10-18,106.23999786376953,106.25,105.86000061035156,106.04000091552734,50.93660354614258,96800
2007-10-19,106.30000305175781,106.7300033569336,105.88999938964844,106.7300033569336,51.26806640625,97700
2007-10-22,106.33999633789062,106.7300033569336,106.33999633789062,106.7300033569336,51.26806640625,73100
2007-10-23,106.20999908447266,106.6500015258789,106.05999755859375,106.0999984741211,50.96542739868164,157500
2007-10-24,106.63999938964844,107.0,106.43000030517578,106.75,51.27763748168945,114900
2007-10-25,106.91000366210938,106.91000366210938,106.5,106.5,51.1576042175293,51400
2007-10-26,106.3499984741211,106.7699966430664,106.1500015258789,106.33000183105469,51.075904846191406,73500
2007-10-29,106.05000305175781,106.5999984741211,106.05000305175781,106.58000183105469,51.19599151611328,84200
2007-10-30,106.5199966430664,106.58999633789062,106.23999786376953,106.56999969482422,51.19118118286133,55400
2007-10-31,106.38999938964844,106.68000030517578,105.87999725341797,106.0199966430664,50.927040100097656,101100
2007-11-01,105.30000305175781,106.3499984741211,105.30000305175781,106.3499984741211,51.31593322753906,70300
2007-11-02,105.9000015258789,106.45999908447266,105.61000061035156,105.69000244140625,50.997493743896484,132300
2007-11-05,106.2300033569336,106.2300033569336,105.8499984741211,105.94999694824219,51.122901916503906,60300
2007-11-06,105.41000366210938,105.77999877929688,105.30000305175781,105.30000305175781,50.80928039550781,82700
2007-11-07,105.54000091552734,105.6500015258789,105.16000366210938,105.2300033569336,50.775535583496094,93000
2007-11-08,105.55000305175781,105.5999984741211,105.20999908447266,105.4000015258789,50.85753631591797,174600
2007-11-09,105.69999694824219,105.9000015258789,105.30999755859375,105.87000274658203,51.08430099487305,42700
2007-11-12,104.87000274658203,105.83999633789062,104.87000274658203,105.83000183105469,51.065006256103516,89900
2007-11-13,105.76000213623047,105.76000213623047,105.0199966430664,105.30000305175781,50.80928039550781,112500
2007-11-14,105.22000122070312,105.36000061035156,104.8499984741211,104.8499984741211,50.592140197753906,102700
2007-11-15,105.2699966430664,105.4800033569336,105.01000213623047,105.25,50.78514862060547,88900
2007-11-16,105.12000274658203,105.56999969482422,105.12000274658203,105.26000213623047,50.78998565673828,72100
2007-11-19,105.55000305175781,106.2300033569336,105.30000305175781,106.06999969482422,51.18080520629883,73000
2007-11-20,105.87999725341797,105.9000015258789,105.4000015258789,105.4000015258789,50.85753631591797,77800
2007-11-21,105.98999786376953,106.30000305175781,105.79000091552734,106.13999938964844,51.214599609375,269500
2007-11-23,105.88999938964844,106.02999877929688,105.61000061035156,105.61000061035156,50.9588508605957,49800
2007-11-26,106.05999755859375,107.48999786376953,105.75,107.36000061035156,51.80324935913086,142400
2007-11-27,105.93000030517578,106.75,105.93000030517578,106.44000244140625,51.359375,280100
2007-11-28,106.05000305175781,106.80000305175781,105.66999816894531,105.69999694824219,51.00227737426758,152400
2007-11-29,106.47000122070312,106.75,105.9800033569336,106.0999984741211,51.195274353027344,134400
2007-11-30,105.55000305175781,106.62000274658203,105.22000122070312,106.62000274658203,51.446205139160156,1046100
2007-12-03,107.25,107.25,105.98999786376953,106.19999694824219,51.46412658691406,97900
2007-12-04,106.12000274658203,106.79000091552734,105.86000061035156,106.25,51.48836898803711,72800
2007-12-05,105.45999908447266,106.0,105.45999908447266,105.8499984741211,51.29448318481445,143900
2007-12-06,105.62000274658203,105.62000274658203,105.05000305175781,105.06999969482422,50.916561126708984,88500
2007-12-07,105.08000183105469,105.08000183105469,104.12999725341797,104.16999816894531,50.480411529541016,106800
2007-12-10,104.4800033569336,104.55999755859375,103.91999816894531,104.23999786376953,50.5142936706543,118000
2007-12-11,104.6500015258789,105.5999984741211,104.05000305175781,105.25,51.0037727355957,101100
2007-12-12,103.61000061035156,105.20999908447266,103.61000061035156,104.91999816894531,50.84386444091797,125700
2007-12-13,104.12999725341797,104.72000122070312,104.01000213623047,104.31999969482422,50.55308151245117,126700
2007-12-14,103.86000061035156,104.23999786376953,103.13999938964844,103.13999938964844,49.98123550415039,328500
2007-12-17,103.66999816894531,104.30000305175781,103.66999816894531,104.13999938964844,50.46586608886719,112400
2007-12-18,104.73999786376953,104.9000015258789,104.18000030517578,104.45999908447266,50.620914459228516,119100
2007-12-19,105.33999633789062,105.52999877929688,104.45999908447266,105.27999877929688,51.0182991027832,131400
2007-12-20,105.30999755859375,105.58999633789062,104.7699966430664,104.7699966430664,50.77113342285156,162800
2007-12-21,105.30999755859375,105.30999755859375,104.44000244140625,104.66000366210938,50.71788024902344,123200
2007-12-24,104.5,104.58999633789062,104.12000274658203,104.12999725341797,50.460975646972656,61700
2007-12-26,104.25,104.66000366210938,104.02999877929688,104.16000366210938,50.47554016113281,78900
2007-12-27,104.47000122070312,104.47000122070312,103.72000122070312,104.30999755859375,50.774898529052734,139400
2007-12-28,104.52999877929688,105.41999816894531,104.52999877929688,104.63999938964844,50.93552780151367,177600
2007-12-31,105.0,105.55999755859375,104.80000305175781,104.83999633789062,51.03292465209961,93900
2008-01-02,105.61000061035156,106.22000122070312,105.05999755859375,106.08000183105469,51.63652801513672,728300
2008-01-03,105.36000061035156,106.04000091552734,105.36000061035156,105.7300033569336,51.46611785888672,151300
2008-01-04,106.29000091552734,106.61000061035156,106.05000305175781,106.5999984741211,51.8896484375,135900
2008-01-07,106.55000305175781,106.70999908447266,106.25,106.47000122070312,51.82634353637695,148300
2008-01-08,106.54000091552734,106.61000061035156,105.98999786376953,106.2699966430664,51.72896957397461,127100
2008-01-09,105.88999938964844,106.5,105.86000061035156,106.05000305175781,51.62191390991211,146200
2008-01-10,106.05999755859375,106.16999816894531,105.58999633789062,105.73999786376953,51.47100067138672,388300
2008-01-11,105.75,106.54000091552734,105.75,106.51000213623047,51.84579086303711,98800
2008-01-14,106.11000061035156,106.55999755859375,104.9800033569336,106.06999969482422,51.63166809082031,335000
2008-01-15,106.41000366210938,106.79000091552734,106.06999969482422,106.63999938964844,51.909088134765625,159800
2008-01-16,106.62000274658203,107.0999984741211,106.11000061035156,106.4800033569336,51.831214904785156,173400
2008-01-17,106.20999908447266,106.9800033569336,106.05999755859375,106.9800033569336,52.0745964050293,152700
2008-01-18,106.2300033569336,107.68000030517578,106.2300033569336,106.80000305175781,51.98698806762695,195800
2008-01-22,106.9800033569336,107.2699966430664,106.16000366210938,107.02999877929688,52.09891891479492,267100
2008-01-23,107.81999969482422,108.26000213623047,106.77999877929688,107.16999816894531,52.16710662841797,440200
2008-01-24,106.97000122070312,107.0,106.26000213623047,106.26000213623047,51.7241096496582,244400
2008-01-25,105.91000366210938,107.5,105.83000183105469,107.41000366210938,52.283912658691406,159700
2008-01-28,107.26000213623047,107.6500015258789,106.55000305175781,107.37999725341797,52.269283294677734,272100
2008-01-29,107.33999633789062,107.33999633789062,106.75,107.19999694824219,52.18167495727539,152000
2008-01-30,106.62000274658203,107.26000213623047,106.62000274658203,107.18000030517578,52.17192459106445,147200
2008-01-31,107.4000015258789,107.5999984741211,106.94000244140625,107.52999877929688,52.34231185913086,162900
2008-02-01,107.66999816894531,107.68000030517578,107.0,107.48999786376953,52.56431579589844,188500
2008-02-04,107.13999938964844,107.3499984741211,107.0,107.19999694824219,52.42253494262695,155800
2008-02-05,107.88999938964844,107.88999938964844,107.2300033569336,107.56999969482422,52.60341262817383,212400
2008-02-06,107.44999694824219,107.4800033569336,106.80999755859375,106.98999786376953,52.319793701171875,215000
2008-02-07,107.0,107.05999755859375,105.5,105.76000213623047,51.71829605102539,206400
2008-02-08,106.25,106.37999725341797,105.81999969482422,106.16000366210938,51.91398239135742,210000
2008-02-11,106.6500015258789,106.97000122070312,106.08999633789062,106.4800033569336,52.070430755615234,146100
2008-02-12,106.45999908447266,106.45999908447266,105.7300033569336,106.33000183105469,51.99702835083008,270400
2008-02-13,105.9800033569336,106.20999908447266,105.25,105.26000213623047,51.47380447387695,200500
2008-02-14,105.51000213623047,105.62000274658203,104.73999786376953,105.02999877929688,51.361328125,172700
2008-02-15,105.55999755859375,105.55999755859375,104.98999786376953,105.37000274658203,51.52760314941406,179400
2008-02-19,104.87999725341797,105.20999908447266,104.19999694824219,104.33000183105469,51.01902770996094,220800
2008-02-20,104.31999969482422,104.61000061035156,104.0,104.55999755859375,51.13150405883789,151000
2008-02-21,104.83999633789062,105.37000274658203,104.5999984741211,105.27999877929688,51.483577728271484,264600
2008-02-22,105.2300033569336,105.38999938964844,104.4800033569336,104.87000274658203,51.28308868408203,276800
2008-02-25,104.8499984741211,104.91999816894531,104.19999694824219,104.19999694824219,50.955448150634766,194200
2008-02-26,104.58000183105469,104.94999694824219,104.19999694824219,104.94999694824219,51.322242736816406,235600
2008-02-27,104.98999786376953,105.2300033569336,104.31999969482422,104.8499984741211,51.2733154296875,286900
2008-02-28,105.3499984741211,105.68000030517578,105.01000213623047,105.61000061035156,51.64497756958008,214400
2008-02-29,106.0,106.27999877929688,105.51000213623047,106.27999877929688,51.97262954711914,211800
2008-03-03,106.19999694824219,106.37000274658203,105.30999755859375,105.83000183105469,51.97163772583008,571400
2008-03-04,105.83000183105469,106.0199966430664,104.86000061035156,105.20999908447266,51.66715621948242,335900
2008-03-05,105.08000183105469,105.08000183105469,104.20999908447266,104.47000122070312,51.303768157958984,391400
2008-03-06,104.63999938964844,104.86000061035156,104.19000244140625,104.33000183105469,51.2349967956543,151600
2008-03-07,104.08000183105469,104.83999633789062,103.68000030517578,104.11000061035156,51.126930236816406,317200
2008-03-10,104.51000213623047,104.51000213623047,103.72000122070312,104.08999633789062,51.11714553833008,139400
2008-03-11,104.0,104.0,102.9000015258789,102.9000015258789,50.53274917602539,149700
2008-03-12,103.33999633789062,104.25,102.7699966430664,104.13999938964844,51.14169692993164,523400
2008-03-13,104.08000183105469,104.08000183105469,102.80000305175781,103.01000213623047,50.5867805480957,402100
2008-03-14,103.54000091552734,103.88999938964844,102.70999908447266,102.94999694824219,50.55730056762695,96200
2008-03-17,104.0,105.0,103.4800033569336,103.79000091552734,50.96984100341797,175400
2008-03-18,103.5,104.13999938964844,103.04000091552734,103.5999984741211,50.87651824951172,103700
2008-03-19,104.12000274658203,104.44000244140625,103.87000274658203,104.05000305175781,51.09749221801758,187400
2008-03-20,104.19999694824219,104.75,103.98999786376953,104.5999984741211,51.367591857910156,118100
2008-03-24,104.51000213623047,105.0,104.0,104.4000015258789,51.269378662109375,107100
2008-03-25,104.0999984741211,104.9800033569336,104.0999984741211,104.87000274658203,51.50018310546875,95300
2008-03-26,104.80000305175781,105.16999816894531,104.62999725341797,105.0,51.56404113769531,140500
2008-03-27,104.52999877929688,104.79000091552734,104.05999755859375,104.36000061035156,51.249759674072266,126900
2008-03-28,104.58000183105469,105.05000305175781,104.08000183105469,104.91999816894531,51.52474594116211,119900
2008-03-31,105.25,105.69999694824219,105.0,105.19999694824219,51.662254333496094,435100
2008-04-01,105.19000244140625,105.19000244140625,104.02999877929688,104.5199966430664,51.57985305786133,395100
2008-04-02,105.12000274658203,105.12000274658203,104.5,104.69999694824219,51.66867446899414,261400
2008-04-03,104.95999908447266,104.9800033569336,104.5,104.75,51.69333267211914,143700
2008-04-04,105.73999786376953,106.02999877929688,105.30999755859375,106.0199966430664,52.320106506347656,308700
2008-04-07,105.8499984741211,106.2300033569336,105.4000015258789,106.13999938964844,52.379276275634766,302900
2008-04-08,106.33999633789062,106.3499984741211,105.26000213623047,105.76000213623047,52.191741943359375,168100
2008-04-09,105.87000274658203,106.13999938964844,105.38999938964844,105.44999694824219,52.038787841796875,150000
2008-04-10,105.54000091552734,105.63999938964844,105.04000091552734,105.55000305175781,52.0881233215332,126600
2008-04-11,105.81999969482422,106.05000305175781,105.23999786376953,105.6500015258789,52.13751220703125,176800
2008-04-14,105.73999786376953,105.73999786376953,104.9000015258789,105.0,51.81672286987305,115500
2008-04-15,104.9800033569336,105.08999633789062,104.47000122070312,104.77999877929688,51.70815658569336,90200
2008-04-16,104.83999633789062,104.94999694824219,104.05999755859375,104.18000030517578,51.41204071044922,111400
2008-04-17,104.56999969482422,104.5999984741211,103.83000183105469,104.44999694824219,51.545291900634766,139800
2008-04-18,104.33000183105469,104.91999816894531,103.79000091552734,104.91000366210938,51.77228927612305,118200
2008-04-21,104.83999633789062,105.02999877929688,104.33000183105469,104.56999969482422,51.6045036315918,164600
2008-04-22,104.4000015258789,104.94999694824219,104.33999633789062,104.33999633789062,51.49100875854492,298500
2008-04-23,104.79000091552734,105.05000305175781,104.5199966430664,104.66000366210938,51.648948669433594,455600
2008-04-24,104.68000030517578,104.91000366210938,104.16999816894531,104.5199966430664,51.57985305786133,238600
2008-04-25,104.5999984741211,104.70999908447266,104.2300033569336,104.56999969482422,51.6045036315918,120100
2008-04-28,104.6500015258789,105.06999969482422,104.56999969482422,105.06999969482422,51.85125732421875,178400
2008-04-29,105.3499984741211,105.73999786376953,105.05000305175781,105.4000015258789,52.014102935791016,226700
2008-04-30,105.54000091552734,105.98999786376953,105.23999786376953,105.98999786376953,52.305274963378906,196500
2008-05-01,106.25,106.29000091552734,105.80000305175781,106.1500015258789,52.61405944824219,221300
2008-05-02,105.0,106.5199966430664,105.0,105.52999877929688,52.3067626953125,236900
2008-05-05,105.5999984741211,105.98999786376953,105.51000213623047,105.68000030517578,52.381107330322266,129900
2008-05-06,106.0,106.0199966430664,105.0,105.0,52.04405975341797,143500
2008-05-07,105.25,105.37999725341797,104.54000091552734,105.27999877929688,52.182838439941406,401700
2008-05-08,105.5199966430664,105.83000183105469,105.26000213623047,105.75,52.415802001953125,139700
2008-05-09,105.91000366210938,105.9800033569336,105.54000091552734,105.75,52.415802001953125,225400
2008-05-12,106.37999725341797,106.37999725341797,105.58999633789062,105.6500015258789,52.36626434326172,205100
2008-05-13,105.30000305175781,105.5,104.93000030517578,105.05000305175781,52.06884002685547,276300
2008-05-14,105.29000091552734,105.3499984741211,104.70999908447266,105.11000061035156,52.09860610961914,324000
2008-05-15,105.13999938964844,105.80999755859375,105.05999755859375,105.80999755859375,52.44554138183594,243800
2008-05-16,105.5199966430664,106.23999786376953,105.44000244140625,105.66999816894531,52.37615203857422,155300
2008-05-19,105.91999816894531,106.0,105.44999694824219,105.69000244140625,52.38609313964844,206100
2008-05-20,105.91999816894531,106.0199966430664,105.5199966430664,105.7300033569336,52.405906677246094,159600
2008-05-21,105.55999755859375,105.75,105.13999938964844,105.2699966430664,52.17788314819336,184600
2008-05-22,104.87000274658203,105.0,103.77999877929688,104.11000061035156,51.60292434692383,219600
2008-05-23,104.36000061035156,104.62000274658203,104.08000183105469,104.58999633789062,51.840797424316406,129500
2008-05-27,104.31999969482422,104.5,103.87000274658203,103.95999908447266,51.528560638427734,150300
2008-05-28,103.7699966430664,103.87000274658203,103.2300033569336,103.29000091552734,51.19648742675781,151200
2008-05-29,103.16000366210938,103.16000366210938,102.66999816894531,102.79000091552734,50.948692321777344,159000
2008-05-30,103.2699966430664,103.38999938964844,103.02999877929688,103.19999694824219,51.1518669128418,171900
2008-06-02,102.52999877929688,103.51000213623047,102.29000091552734,103.08000183105469,51.32761764526367,151900
2008-06-03,103.44000244140625,103.5999984741211,102.5999984741211,103.4800033569336,51.5268440246582,149300
2008-06-04,103.83999633789062,103.83999633789062,103.01000213623047,103.16000366210938,51.36747741699219,127600
2008-06-05,102.75,103.01000213623047,102.5999984741211,102.61000061035156,51.09360885620117,118700
2008-06-06,103.02999877929688,103.61000061035156,103.02999877929688,103.12000274658203,51.34756851196289,118900
2008-06-09,103.13999938964844,103.38999938964844,102.72000122070312,103.02999877929688,51.30277633666992,124200
2008-06-10,103.0,103.16000366210938,102.25,102.44000244140625,51.00900650024414,135900
2008-06-11,102.48999786376953,102.83999633789062,101.91999816894531,102.4000015258789,50.98905944824219,230800
2008-06-12,101.56999969482422,102.19999694824219,101.5199966430664,101.52999877929688,50.55583572387695,189800
2008-06-13,101.75,102.0,100.91000366210938,101.0,50.29192352294922,215900
2008-06-16,101.6500015258789,101.6500015258789,101.06999969482422,101.36000061035156,50.471187591552734,123500
2008-06-17,101.8499984741211,101.94999694824219,101.47000122070312,101.69000244140625,50.635536193847656,271500
2008-06-18,102.02999877929688,102.25,101.7699966430664,102.19999694824219,50.88946533203125,300100
2008-06-19,101.93000030517578,102.11000061035156,101.38999938964844,101.66999816894531,50.625553131103516,98000
2008-06-20,101.9000015258789,102.06999969482422,101.5,101.7300033569336,50.65544128417969,74000
2008-06-23,101.68000030517578,102.0199966430664,101.41999816894531,101.69000244140625,50.635536193847656,128800
2008-06-24,101.81999969482422,102.02999877929688,101.45999908447266,101.62999725341797,50.60564422607422,153200
2008-06-25,101.81999969482422,102.11000061035156,100.91000366210938,101.70999908447266,50.645484924316406,228400
2008-06-26,102.44000244140625,102.5,101.68000030517578,101.79000091552734,50.6853141784668,342300
2008-06-27,101.94000244140625,102.01000213623047,101.47000122070312,101.69000244140625,50.635536193847656,203700
2008-06-30,101.97000122070312,102.04000091552734,101.4000015258789,101.4000015258789,50.49107360839844,97700
2008-07-01,101.63999938964844,101.7300033569336,100.83999633789062,100.91999816894531,50.46807098388672,308700
2008-07-02,101.1500015258789,101.37999725341797,100.72000122070312,100.8499984741211,50.4331169128418,212300
2008-07-03,100.94999694824219,101.0999984741211,100.61000061035156,100.72000122070312,50.36804962158203,49900
2008-07-07,101.36000061035156,101.37000274658203,100.5999984741211,101.19000244140625,50.60311508178711,367800
2008-07-08,100.8499984741211,101.76000213623047,100.77999877929688,101.73999786376953,50.87815856933594,352100
2008-07-09,101.7699966430664,102.06999969482422,101.2300033569336,101.80999755859375,50.913169860839844,135300
2008-07-10,101.37000274658203,101.9000015258789,100.9000015258789,101.2300033569336,50.623130798339844,275700
2008-07-11,101.52999877929688,101.52999877929688,100.36000061035156,100.44999694824219,50.233028411865234,159400
2008-07-14,101.4000015258789,101.44999694824219,100.36000061035156,100.5,50.2580680847168,207300
2008-07-15,100.0999984741211,100.94999694824219,100.0999984741211,100.4800033569336,50.24806213378906,145800
2008-07-16,100.5,100.5999984741211,99.5,99.69000244140625,49.85300064086914,264100
2008-07-17,100.16000366210938,100.16000366210938,98.91000366210938,99.3499984741211,49.6829719543457,195900
2008-07-18,98.91000366210938,99.80000305175781,98.91000366210938,99.16999816894531,49.59296417236328,175200
2008-07-21,99.05999755859375,99.87999725341797,99.0199966430664,99.27999877929688,49.647972106933594,217000
2008-07-22,99.33999633789062,100.05000305175781,99.33999633789062,99.91999816894531,49.968048095703125,713000
2008-07-23,99.7699966430664,99.94999694824219,99.26000213623047,99.56999969482422,49.79301452636719,232300
2008-07-24,99.9000015258789,100.47000122070312,99.66999816894531,100.44999694824219,50.233028411865234,92000
2008-07-25,100.04000091552734,100.22000122070312,99.69999694824219,99.91999816894531,49.968048095703125,148000
2008-07-28,100.08999633789062,100.73999786376953,100.08999633789062,100.5,50.2580680847168,264700
2008-07-29,100.27999877929688,100.33999633789062,99.94999694824219,100.25,50.1330451965332,135000
2008-07-30,100.30000305175781,100.80999755859375,100.02999877929688,100.7300033569336,50.373130798339844,293100
2008-07-31,100.55000305175781,101.36000061035156,100.55000305175781,101.36000061035156,50.68813705444336,1078000
2008-08-01,100.88999938964844,101.0999984741211,100.11000061035156,100.52999877929688,50.505245208740234,109800
2008-08-04,100.5,100.73999786376953,100.12999725341797,100.54000091552734,50.51029586791992,244200
2008-08-05,100.11000061035156,100.45999908447266,100.0999984741211,100.0999984741211,50.289268493652344,113300
2008-08-06,100.4000015258789,100.4000015258789,100.02999877929688,100.25,50.36455535888672,280700
2008-08-07,100.33000183105469,101.13999938964844,100.22000122070312,101.08000183105469,50.78156661987305,169800
2008-08-08,101.05999755859375,101.19999694824219,100.7300033569336,101.18000030517578,50.831844329833984,356000
2008-08-11,101.44000244140625,101.44000244140625,100.29000091552734,100.72000122070312,50.600730895996094,170000
2008-08-12,101.12000274658203,101.33000183105469,100.75,101.33000183105469,50.90717697143555,188800
2008-08-13,101.05000305175781,101.30000305175781,100.5,100.80000305175781,50.64091491699219,141400
2008-08-14,101.1500015258789,101.27999877929688,100.55999755859375,101.08999633789062,50.786582946777344,219100
2008-08-15,101.33000183105469,101.4000015258789,100.91999816894531,101.31999969482422,50.902191162109375,116600
2008-08-18,101.0,101.36000061035156,101.0,101.36000061035156,50.922298431396484,107900
2008-08-19,101.41000366210938,101.41000366210938,101.0,101.19999694824219,50.841861724853516,160300
2008-08-20,100.80999755859375,101.27999877929688,100.62000274658203,101.20999908447266,50.84687042236328,509200
2008-08-21,101.30999755859375,101.30999755859375,100.52999877929688,100.61000061035156,50.54548263549805,234600
2008-08-22,101.1500015258789,101.1500015258789,100.08000183105469,100.6500015258789,50.56556701660156,187300
2008-08-25,101.31999969482422,101.37000274658203,101.04000091552734,101.30000305175781,50.892086029052734,101700
2008-08-26,101.22000122070312,101.51000213623047,100.91000366210938,101.41999816894531,50.952430725097656,727400
2008-08-27,100.87000274658203,101.30999755859375,100.72000122070312,101.26000213623047,50.87199401855469,164600
2008-08-28,101.27999877929688,101.27999877929688,100.83999633789062,101.23999786376953,50.86199188232422,143900
2008-08-29,101.56999969482422,101.56999969482422,100.06999969482422,101.04000091552734,50.76148986816406,535000
2008-09-02,100.88999938964844,101.26000213623047,100.33999633789062,100.9800033569336,50.96182632446289,134200
2008-09-03,101.18000030517578,101.37000274658203,100.9000015258789,101.18000030517578,51.062808990478516,225200
2008-09-04,101.01000213623047,101.37999725341797,100.7300033569336,101.20999908447266,51.0778923034668,333900
2008-09-05,101.52999877929688,101.69000244140625,101.01000213623047,101.11000061035156,51.02745056152344,119600
2008-09-08,101.22000122070312,101.66000366210938,100.81999969482422,101.27999877929688,51.113277435302734,356400
2008-09-09,101.3499984741211,101.83999633789062,101.05999755859375,101.62999725341797,51.28988265991211,263600
2008-09-10,100.81999969482422,101.91999816894531,100.80999755859375,101.58999633789062,51.26972198486328,834400
2008-09-11,100.47000122070312,101.18000030517578,100.44000244140625,100.80000305175781,50.870994567871094,438100
2008-09-12,100.43000030517578,100.52999877929688,99.72000122070312,100.02999877929688,50.482391357421875,226600
2008-09-15,100.08999633789062,100.08999633789062,98.05999755859375,99.29000091552734,50.10892868041992,227400
2008-09-16,97.7300033569336,98.93000030517578,90.88999938964844,92.98999786376953,46.929508209228516,2894600
2008-09-17,93.13999938964844,93.7300033569336,85.04000091552734,88.7300033569336,44.779571533203125,993700
2008-09-18,89.33999633789062,92.93000030517578,87.0,89.94000244140625,45.39021301269531,800200
2008-09-19,92.55999755859375,93.48999786376953,91.75,92.75,46.80836868286133,818900
2008-09-22,93.93000030517578,94.16000366210938,92.01000213623047,93.30000305175781,47.085941314697266,862000
2008-09-23,93.63999938964844,93.94999694824219,92.19000244140625,92.33999633789062,46.60148239135742,311900
2008-09-24,93.63999938964844,93.63999938964844,91.7300033569336,92.0999984741211,46.480350494384766,207800
2008-09-25,91.87999725341797,92.69000244140625,91.75,92.5,46.68224334716797,365500
2008-09-26,91.69999694824219,92.0,87.25,90.0,45.42055892944336,513400
2008-09-29,88.5,89.48999786376953,80.0,81.80000305175781,41.28221893310547,787300
2008-09-30,85.9000015258789,89.79000091552734,85.0999984741211,89.79000091552734,45.314552307128906,905100
2008-10-01,88.68000030517578,90.30000305175781,87.52999877929688,90.20999908447266,45.732810974121094,639700
2008-10-02,88.30000305175781,89.70999908447266,88.0,88.9000015258789,45.06865310668945,340400
2008-10-03,90.1500015258789,90.1500015258789,88.11000061035156,88.86000061035156,45.04841232299805,273400
2008-10-06,88.5999984741211,88.9000015258789,84.44999694824219,87.83000183105469,44.526241302490234,380800
2008-10-07,88.0,91.36000061035156,88.0,89.47000122070312,45.35767364501953,581200
2008-10-08,87.4800033569336,89.9800033569336,86.30000305175781,88.83000183105469,45.03321838378906,524800
2008-10-09,89.9000015258789,89.9000015258789,84.75,86.45999908447266,43.83170700073242,353900
2008-10-10,80.0,87.0,76.05000305175781,81.69999694824219,41.418575286865234,905400
2008-10-13,79.56999969482422,87.19999694824219,79.56999969482422,86.19999694824219,43.69989013671875,481100
2008-10-14,90.5,91.23999786376953,84.02999877929688,84.8499984741211,43.01551818847656,610300
2008-10-15,83.80000305175781,86.97000122070312,83.52999877929688,84.8499984741211,43.01551818847656,238900
2008-10-16,86.0999984741211,88.06999969482422,84.94999694824219,85.73999786376953,43.46669006347656,221500
2008-10-17,86.0,86.87000274658203,84.23999786376953,85.01000213623047,43.09663391113281,494800
2008-10-20,86.1500015258789,87.83999633789062,85.5,87.5999984741211,44.40966033935547,945600
2008-10-21,87.77999877929688,88.9000015258789,86.51000213623047,88.47000122070312,44.8506965637207,1048700
2008-10-22,87.26000213623047,88.37000274658203,86.01000213623047,87.44999694824219,44.33357620239258,691500
2008-10-23,87.70999908447266,88.69000244140625,87.6500015258789,88.0,44.61240005493164,1166100
2008-10-24,86.0,88.5,86.0,88.3499984741211,44.789852142333984,1777300
2008-10-27,87.98999786376953,87.98999786376953,86.93000030517578,87.77999877929688,44.50090408325195,975300
2008-10-28,87.8499984741211,88.16000366210938,86.54000091552734,87.19999694824219,44.20686340332031,732000
2008-10-29,86.4000015258789,89.23999786376953,86.0,88.66999816894531,44.95206832885742,1970600
2008-10-30,88.66999816894531,89.05000305175781,88.0,88.01000213623047,44.61750793457031,1219400
2008-10-31,88.73999786376953,88.73999786376953,87.0999984741211,87.6500015258789,44.43498229980469,636300
2008-11-03,87.5,88.08999633789062,87.19999694824219,87.93000030517578,44.799259185791016,374200
2008-11-04,88.30000305175781,89.13999938964844,88.0,88.52999877929688,45.104949951171875,1376400
2008-11-05,88.6500015258789,90.44999694824219,88.6500015258789,90.25,45.98129653930664,654400
2008-11-06,90.94999694824219,91.12000274658203,90.01000213623047,90.87000274658203,46.29716873168945,2814300
2008-11-07,90.6500015258789,91.18000030517578,90.0999984741211,90.2300033569336,45.97108459472656,2126600
2008-11-10,90.16000366210938,90.66000366210938,89.73999786376953,90.2699966430664,45.99148178100586,452100
2008-11-11,90.66000366210938,91.62000274658203,90.30000305175781,90.55999755859375,46.13919448852539,621000
2008-11-12,90.18000030517578,90.6500015258789,90.18000030517578,90.54000091552734,46.12902069091797,1815700
2008-11-13,90.4000015258789,90.44999694824219,89.5,89.91999816894531,45.81312942504883,858300
2008-11-14,89.41000366210938,90.2300033569336,87.0,89.9000015258789,45.802940368652344,409400
2008-11-17,90.48999786376953,90.5999984741211,90.0,90.55000305175781,46.13412094116211,360300
2008-11-18,90.22000122070312,91.16999816894531,90.22000122070312,90.66000366210938,46.190147399902344,450300
2008-11-19,90.7699966430664,91.11000061035156,90.30999755859375,90.80000305175781,46.261505126953125,487200
2008-11-20,91.06999969482422,91.93000030517578,89.6500015258789,89.80999755859375,45.75712585449219,756600
2008-11-21,90.5999984741211,91.38999938964844,89.9000015258789,90.8499984741211,46.28696823120117,756500
2008-11-24,91.75,92.02999877929688,90.01000213623047,90.44999694824219,46.08317184448242,1088800
2008-11-25,91.2300033569336,91.44000244140625,90.13999938964844,90.87999725341797,46.302268981933594,1002200
2008-11-26,91.33000183105469,91.33000183105469,90.01000213623047,90.4000015258789,46.05769729614258,2219400
2008-11-28,90.98999786376953,91.0999984741211,90.0999984741211,90.13999938964844,45.92522430419922,825200
2008-12-01,90.98999786376953,91.1500015258789,89.5199966430664,91.08999633789062,46.643123626708984,1636600
2008-12-02,91.3499984741211,92.0999984741211,90.8499984741211,91.77999877929688,46.996490478515625,949600
2008-12-03,92.30000305175781,92.41999816894531,91.30000305175781,92.41999816894531,47.32415008544922,739000
2008-12-04,91.76000213623047,92.77999877929688,91.72000122070312,92.51000213623047,47.370277404785156,1064600
2008-12-05,92.05000305175781,92.41999816894531,91.51000213623047,91.87999725341797,47.04766082763672,1339700
2008-12-08,92.30000305175781,93.19000244140625,92.0,92.83000183105469,47.534114837646484,1697800
2008-12-09,92.98999786376953,93.5199966430664,92.75,93.45999908447266,47.8567008972168,1440300
2008-12-10,93.16000366210938,93.68000030517578,92.87999725341797,93.68000030517578,47.96933364868164,807200
2008-12-11,93.94999694824219,94.12999725341797,93.25,94.0,48.13323211669922,950400
2008-12-12,94.0999984741211,94.52999877929688,93.26000213623047,94.51000213623047,48.39433670043945,945300
2008-12-15,94.3499984741211,94.5199966430664,94.0999984741211,94.4800033569336,48.3790397644043,906000
2008-12-16,96.41999816894531,96.47000122070312,94.29000091552734,96.41999816894531,49.372398376464844,1581500
2008-12-17,97.27999877929688,98.31999969482422,97.0,97.8499984741211,50.10464096069336,2113300
2008-12-18,98.81999969482422,100.9800033569336,98.66999816894531,100.22000122070312,51.31819534301758,2787900
2008-12-19,99.06999969482422,100.06999969482422,98.0999984741211,98.7300033569336,50.55527877807617,1669000
2008-12-22,99.7300033569336,100.0999984741211,99.0,99.91999816894531,51.16457748413086,2562500
2008-12-23,99.44999694824219,100.43000030517578,99.4000015258789,100.25,51.33355712890625,1677900
2008-12-24,99.66000366210938,101.75,99.61000061035156,100.5,51.46158218383789,886300
2008-12-26,100.0999984741211,100.91999816894531,100.0999984741211,100.69000244140625,51.55886459350586,515500
2008-12-29,100.19000244140625,100.98999786376953,100.08999633789062,100.58000183105469,51.719295501708984,1503900
2008-12-30,100.16999816894531,101.45999908447266,100.16999816894531,101.45999908447266,52.17178726196289,1129400
2008-12-31,101.36000061035156,101.75,100.41000366210938,101.6500015258789,52.26951599121094,1232800
2009-01-02,101.5,101.66000366210938,100.48999786376953,100.61000061035156,51.73472213745117,1095800
2009-01-05,100.1500015258789,101.73999786376953,100.0999984741211,101.30000305175781,52.08951950073242,2938400
2009-01-06,101.25,101.87000274658203,100.69999694824219,101.47000122070312,52.176979064941406,2036600
2009-01-07,101.23999786376953,101.29000091552734,100.25,100.62000274658203,51.739891052246094,1675100
2009-01-08,100.5999984741211,101.3499984741211,100.55000305175781,101.33999633789062,52.11012268066406,1445200
2009-01-09,101.62000274658203,102.5999984741211,101.3499984741211,102.5999984741211,52.75798416137695,2232600
2009-01-12,102.19999694824219,102.43000030517578,101.5999984741211,102.06999969482422,52.48548889160156,1053300
2009-01-13,101.62000274658203,101.88999938964844,101.4000015258789,101.8499984741211,52.372318267822266,1165400
2009-01-14,101.66999816894531,101.94999694824219,100.5199966430664,101.4000015258789,52.1409797668457,2006000
2009-01-15,101.4000015258789,101.68000030517578,100.9000015258789,101.5999984741211,52.24376678466797,2086000
2009-01-16,100.95999908447266,101.62999725341797,100.51000213623047,101.5999984741211,52.24376678466797,1484300
2009-01-20,101.12999725341797,101.44999694824219,100.01000213623047,100.0999984741211,51.47248458862305,1458600
2009-01-21,100.01000213623047,100.22000122070312,99.0999984741211,99.5999984741211,51.21533203125,1845200
2009-01-22,99.68000030517578,99.70999908447266,98.29000091552734,99.2300033569336,51.025123596191406,1310800
2009-01-23,98.05999755859375,98.88999938964844,98.05999755859375,98.56999969482422,50.685733795166016,1353600
2009-01-26,98.20999908447266,98.75,97.31999969482422,97.69000244140625,50.23322296142578,1641000
2009-01-27,98.20999908447266,99.87999725341797,98.05000305175781,99.52999877929688,51.17937088012695,1628700
2009-01-28,100.23999786376953,101.0,99.66000366210938,100.31999969482422,51.585609436035156,1436500
2009-01-29,99.94000244140625,100.58999633789062,99.08999633789062,99.12000274658203,50.968597412109375,1098000
2009-01-30,99.5,100.4000015258789,99.30000305175781,99.81999969482422,51.32848358154297,1373200
2009-02-02,98.98999786376953,99.5999984741211,98.80000305175781,98.8499984741211,51.08096694946289,1616700
2009-02-03,98.98999786376953,98.98999786376953,98.25,98.5199966430664,50.910430908203125,1799100
2009-02-04,98.51000213623047,98.79000091552734,98.4000015258789,98.55999755859375,50.93112564086914,4207300
2009-02-05,98.69999694824219,98.70999908447266,97.5999984741211,97.69999694824219,50.48674011230469,1820400
2009-02-06,97.72000122070312,98.41000366210938,97.51000213623047,98.27999877929688,50.78642272949219,1855200
2009-02-09,98.0999984741211,98.5199966430664,97.69999694824219,98.45999908447266,50.87945556640625,872900
2009-02-10,98.16000366210938,99.16999816894531,98.16000366210938,98.94000244140625,51.12751007080078,1109400
2009-02-11,99.29000091552734,99.66000366210938,99.0,99.27999877929688,51.30314636230469,1118500
2009-02-12,99.44999694824219,99.7300033569336,99.12000274658203,99.36000061035156,51.34452819824219,1050400
2009-02-13,99.05000305175781,99.33000183105469,98.19999694824219,98.5999984741211,50.951805114746094,1249600
2009-02-17,99.0,99.44000244140625,98.58000183105469,99.13999938964844,51.230857849121094,1136200
2009-02-18,99.36000061035156,99.37999725341797,98.55999755859375,98.6500015258789,50.977630615234375,1288600
2009-02-19,97.87999725341797,98.63999938964844,97.22000122070312,97.83999633789062,50.55907440185547,1349200
2009-02-20,97.51000213623047,97.6500015258789,96.63999938964844,97.43000030517578,50.34720230102539,2035700
2009-02-23,96.9800033569336,97.19999694824219,96.5999984741211,97.0999984741211,50.17667007446289,1171500
2009-02-24,97.37000274658203,97.7300033569336,96.5199966430664,96.75,49.99578094482422,1777200
2009-02-25,96.91000366210938,96.94000244140625,95.0,95.43000030517578,49.31369400024414,2134700
2009-02-26,95.43000030517578,95.43000030517578,94.81999969482422,94.81999969482422,48.998477935791016,1365800
2009-02-27,94.80999755859375,95.05000305175781,94.0,94.16000366210938,48.657405853271484,1583900
2009-03-02,94.27999877929688,94.48999786376953,93.04000091552734,93.69000244140625,48.66364288330078,1936200
2009-03-03,93.75,93.9800033569336,92.8499984741211,93.18000030517578,48.398746490478516,1375700
2009-03-04,93.22000122070312,93.44000244140625,93.0,93.1500015258789,48.38314437866211,1186600
2009-03-05,92.91000366210938,93.6500015258789,92.51000213623047,92.9000015258789,48.25333786010742,1645100
2009-03-06,93.36000061035156,94.04000091552734,92.80000305175781,93.0999984741211,48.35719299316406,1349600
2009-03-09,92.87999725341797,93.23999786376953,90.51000213623047,90.54000091552734,47.02751159667969,2680200
2009-03-10,91.25,91.98999786376953,91.0,91.8499984741211,47.70793533325195,2112800
2009-03-11,92.01000213623047,92.01000213623047,91.0,91.87999725341797,47.7235107421875,2179000
2009-03-12,91.72000122070312,91.98999786376953,91.38999938964844,91.80000305175781,47.681968688964844,1108400
2009-03-13,92.05999755859375,92.72000122070312,91.79000091552734,92.6500015258789,48.123470306396484,1547000
2009-03-16,92.33999633789062,92.9000015258789,92.1500015258789,92.77999877929688,48.19096374511719,959300
2009-03-17,92.76000213623047,92.94999694824219,92.2300033569336,92.52999877929688,48.06112289428711,1909700
2009-03-18,92.55999755859375,95.37000274658203,92.23999786376953,94.5,49.08436965942383,1934400
2009-03-19,95.0,97.70999908447266,94.33000183105469,94.69999694824219,49.18826675415039,4319900
2009-03-20,95.04000091552734,95.58000183105469,93.55000305175781,93.73999786376953,48.68961715698242,1293200
2009-03-23,93.8499984741211,94.2699966430664,93.6500015258789,94.02999877929688,48.84027862548828,1631700
2009-03-24,93.56999969482422,93.69000244140625,93.0999984741211,93.0999984741211,48.35719299316406,1220100
2009-03-25,93.44999694824219,93.5199966430664,92.47000122070312,92.6500015258789,48.123470306396484,1392700
2009-03-26,92.83999633789062,93.3499984741211,92.44000244140625,93.12999725341797,48.37281799316406,1486100
2009-03-27,93.48999786376953,93.80999755859375,93.30000305175781,93.41999816894531,48.52338409423828,1703900
2009-03-30,93.68000030517578,93.70999908447266,93.11000061035156,93.3499984741211,48.48704528808594,944200
2009-03-31,93.58999633789062,94.13999938964844,93.5,94.12000274658203,48.88698959350586,1093000
2009-04-01,93.66999816894531,93.95999908447266,93.26000213623047,93.45999908447266,48.81332015991211,1401200
2009-04-02,93.73999786376953,93.97000122070312,93.26000213623047,93.48999786376953,48.829017639160156,1233700
2009-04-03,93.4800033569336,93.6500015258789,92.81999969482422,92.91000366210938,48.52609634399414,1359400
2009-04-06,93.12999725341797,93.16000366210938,92.70999908447266,92.86000061035156,48.49997329711914,911600
2009-04-07,92.80000305175781,92.94000244140625,92.4800033569336,92.81999969482422,48.479095458984375,1245200
2009-04-08,93.23999786376953,93.79000091552734,92.97000122070312,93.75,48.96481704711914,1135900
2009-04-09,93.6500015258789,94.6500015258789,93.61000061035156,94.37999725341797,49.29387283325195,1395000
2009-04-13,94.63999938964844,95.3499984741211,94.33000183105469,95.29000091552734,49.76913833618164,1581700
2009-04-14,95.44000244140625,95.58000183105469,94.91000366210938,95.54000091552734,49.89973068237305,1687200
2009-04-15,95.7300033569336,96.27999877929688,95.23999786376953,96.27999877929688,50.286231994628906,1922400
2009-04-16,96.19999694824219,96.69999694824219,96.04000091552734,96.69000244140625,50.500335693359375,1764500
2009-04-17,96.68000030517578,96.94999694824219,96.05000305175781,96.56999969482422,50.437686920166016,1720500
2009-04-20,97.0,97.0,95.23999786376953,96.04000091552734,50.160850524902344,1915300
2009-04-21,96.23999786376953,96.43000030517578,95.68000030517578,96.33999633789062,50.317562103271484,574500
2009-04-22,96.12999725341797,96.30000305175781,95.7300033569336,96.0999984741211,50.19218444824219,1781700
2009-04-23,96.23999786376953,96.36000061035156,95.5999984741211,96.0199966430664,50.15040588378906,1302700
2009-04-24,96.04000091552734,96.4800033569336,95.87000274658203,96.2300033569336,50.260101318359375,1541400
2009-04-27,96.16999816894531,96.3499984741211,95.6500015258789,96.11000061035156,50.19744110107422,1201600
2009-04-28,96.2699966430664,96.4000015258789,95.75,95.80000305175781,50.035499572753906,1468200
2009-04-29,96.37000274658203,96.75,95.80999755859375,96.26000213623047,50.27573776245117,1089900
2009-04-30,96.30000305175781,96.4000015258789,95.83999633789062,96.19999694824219,50.24441909790039,1129800
2009-05-01,95.58000183105469,96.04000091552734,95.44999694824219,95.97000122070312,50.36934280395508,1183900
2009-05-04,96.0999984741211,96.19999694824219,95.5999984741211,96.19999694824219,50.49003982543945,984400
2009-05-05,96.30000305175781,96.62999725341797,96.0,96.51000213623047,50.65275955200195,1009000
2009-05-06,96.66000366210938,97.04000091552734,96.33000183105469,96.94000244140625,50.87845230102539,1815600
2009-05-07,96.56999969482422,97.19999694824219,96.0,96.01000213623047,50.39030456542969,1783000
2009-05-08,96.48999786376953,96.8499984741211,96.22000122070312,96.62000274658203,50.71052932739258,1313200
2009-05-11,96.86000061035156,97.0,96.26000213623047,96.91000366210938,50.862693786621094,1045200
2009-05-12,96.98999786376953,97.38999938964844,96.86000061035156,97.18000030517578,51.004398345947266,1073900
2009-05-13,97.37000274658203,97.54000091552734,96.93000030517578,97.0,50.909942626953125,1615400
2009-05-14,97.16999816894531,97.63999938964844,96.68000030517578,97.22000122070312,51.025413513183594,1112700
2009-05-15,97.22000122070312,97.2699966430664,96.69999694824219,97.19999694824219,51.01490783691406,1025900
2009-05-18,97.58999633789062,97.66999816894531,96.91999816894531,97.05999755859375,50.94142532348633,1259800
2009-05-19,96.91000366210938,97.45999908447266,96.69999694824219,97.44999694824219,51.146114349365234,1366600
2009-05-20,97.58999633789062,98.13999938964844,97.33000183105469,98.01000213623047,51.44004440307617,1324200
2009-05-21,98.37999725341797,98.37999725341797,96.69999694824219,97.01000213623047,50.91518020629883,1540900
2009-05-22,96.7699966430664,97.0199966430664,96.5999984741211,96.87999725341797,50.846961975097656,1070100
2009-05-26,97.0,97.05000305175781,96.55000305175781,96.83999633789062,50.82594680786133,1056100
2009-05-27,97.01000213623047,97.29000091552734,95.9800033569336,96.16999816894531,50.47430419921875,1422100
2009-05-28,96.56999969482422,96.83999633789062,96.04000091552734,96.52999877929688,50.66324234008789,1084600
2009-05-29,96.86000061035156,98.08999633789062,96.5,97.94999694824219,51.40853500366211,1280400
2009-06-01,97.8499984741211,98.05000305175781,97.11000061035156,97.43000030517578,51.39165115356445,1234400
2009-06-02,97.66000366210938,98.55999755859375,97.6500015258789,98.1500015258789,51.771480560302734,1882900
2009-06-03,98.31999969482422,99.0199966430664,98.2300033569336,98.6500015258789,52.035160064697266,1156300
2009-06-04,98.79000091552734,98.79000091552734,98.01000213623047,98.22000122070312,51.808353424072266,1109500
2009-06-05,98.06999969482422,98.12999725341797,97.19999694824219,97.69999694824219,51.53410339355469,1133900
2009-06-08,97.5199966430664,98.0999984741211,97.5,97.5,51.428565979003906,885000
2009-06-09,97.5,98.31999969482422,97.3499984741211,98.23999786376953,51.81892395019531,809500
2009-06-10,97.94000244140625,98.7300033569336,97.6500015258789,97.94999694824219,51.66593933105469,1526400
2009-06-11,98.3499984741211,98.6500015258789,97.73999786376953,98.29000091552734,51.84525680541992,948000
2009-06-12,98.5199966430664,99.23999786376953,98.30000305175781,99.0199966430664,52.23030090332031,854600
2009-06-15,99.0,99.41999816894531,98.51000213623047,99.05000305175781,52.24613952636719,809000
2009-06-16,99.3499984741211,99.69999694824219,98.43000030517578,98.98999786376953,52.21450424194336,1000100
2009-06-17,98.79000091552734,99.37000274658203,98.5999984741211,99.11000061035156,52.277793884277344,1070900
2009-06-18,98.72000122070312,98.72000122070312,97.69999694824219,97.8499984741211,51.61319351196289,1363500
2009-06-19,97.87999725341797,98.88999938964844,97.69000244140625,98.58999633789062,52.00354766845703,1395400
2009-06-22,98.9800033569336,99.30000305175781,98.66999816894531,98.94999694824219,52.19341278076172,878800
2009-06-23,99.41999816894531,99.75,99.05000305175781,99.75,52.615394592285156,816400
2009-06-24,99.80000305175781,100.27999877929688,99.44999694824219,99.58999633789062,52.531002044677734,995600
2009-06-25,99.5999984741211,100.41999816894531,99.33000183105469,100.37000274658203,52.94245147705078,618900
2009-06-26,100.4800033569336,100.5,100.02999877929688,100.41999816894531,52.968814849853516,924000
2009-06-29,100.5,100.55000305175781,100.1500015258789,100.30999755859375,52.9107780456543,828500
2009-06-30,100.12000274658203,100.44000244140625,99.55999755859375,100.27999877929688,52.894954681396484,967700
2009-07-01,99.2699966430664,99.79000091552734,99.20999908447266,99.69999694824219,52.82343292236328,2274400
2009-07-02,99.45999908447266,99.98999786376953,99.43000030517578,99.70999908447266,52.82872772216797,660700
2009-07-06,99.55000305175781,100.0,99.41999816894531,99.94999694824219,52.955902099609375,1346200
2009-07-07,99.5999984741211,100.0199966430664,99.4000015258789,99.55000305175781,52.743961334228516,1242800
2009-07-08,99.86000061035156,100.5,99.61000061035156,100.45999908447266,53.22610092163086,918700
2009-07-09,100.05999755859375,100.5,100.05999755859375,100.5,53.24730682373047,706300
2009-07-10,100.2300033569336,100.9000015258789,100.08999633789062,100.9000015258789,53.45920181274414,827100
2009-07-13,100.75,100.98999786376953,100.22000122070312,100.83999633789062,53.427433013916016,720200
2009-07-14,100.88999938964844,100.88999938964844,100.33000183105469,100.62000274658203,53.31085205078125,951900
2009-07-15,100.33999633789062,100.55999755859375,99.5199966430664,99.69000244140625,52.81813049316406,1671600
2009-07-16,99.8499984741211,100.37999725341797,99.81999969482422,100.37999725341797,53.18370819091797,989700
2009-07-17,100.06999969482422,100.4800033569336,99.79000091552734,100.06999969482422,53.01945495605469,1502600
2009-07-20,100.4800033569336,100.9800033569336,99.80999755859375,100.4800033569336,53.23668670654297,884400
2009-07-21,100.69999694824219,101.94999694824219,100.56999969482422,101.9000015258789,53.98902893066406,1271000
2009-07-22,102.0,102.1500015258789,101.33999633789062,101.62999725341797,53.84598922729492,869000
2009-07-23,101.69999694824219,101.86000061035156,101.0,101.45999908447266,53.755916595458984,802300
2009-07-24,101.25,101.73999786376953,101.05999755859375,101.73999786376953,53.9043083190918,1183200
2009-07-27,101.19999694824219,101.5199966430664,101.0999984741211,101.51000213623047,53.78240966796875,631300
2009-07-28,101.33000183105469,102.23999786376953,101.33000183105469,101.9000015258789,53.98902893066406,943100
2009-07-29,102.23999786376953,102.55000305175781,101.75,102.54000091552734,54.3281364440918,956100
2009-07-30,102.56999969482422,103.3499984741211,102.16000366210938,103.0999984741211,54.624855041503906,1118800
2009-07-31,103.19000244140625,104.5999984741211,103.19000244140625,104.45999908447266,55.34537124633789,1604600
2009-08-03,103.5199966430664,103.94999694824219,102.94999694824219,103.0,54.830142974853516,1396500
2009-08-04,103.56999969482422,103.56999969482422,102.30000305175781,102.4800033569336,54.55327224731445,1103500
2009-08-05,102.52999877929688,103.1500015258789,102.25,102.5,54.56391525268555,1383600
2009-08-06,102.94000244140625,102.9800033569336,102.0999984741211,102.22000122070312,54.414894104003906,996200
2009-08-07,101.83999633789062,102.33999633789062,101.54000091552734,102.19999694824219,54.40425109863281,945900
2009-08-10,102.45999908447266,102.94000244140625,102.05999755859375,102.5199966430664,54.574546813964844,909900
2009-08-11,103.1500015258789,103.25,102.5,103.05000305175781,54.85665512084961,595100
2009-08-12,103.0,103.0,101.80000305175781,102.1500015258789,54.37761306762695,1328300
2009-08-13,102.6500015258789,103.2699966430664,102.0999984741211,103.13999938964844,54.904624938964844,1213800
2009-08-14,103.20999908447266,103.54000091552734,103.06999969482422,103.12000274658203,54.89396667480469,746500
2009-08-17,102.8499984741211,103.52999877929688,102.5999984741211,103.29000091552734,54.98445510864258,722800
2009-08-18,103.12999725341797,103.36000061035156,102.7300033569336,103.02999877929688,54.84612274169922,870300
2009-08-19,103.55000305175781,103.75,103.2699966430664,103.36000061035156,55.0217399597168,905800
2009-08-20,103.55000305175781,104.0,103.26000213623047,103.8499984741211,55.282562255859375,789200
2009-08-21,103.98999786376953,104.0,103.26000213623047,103.37999725341797,55.032386779785156,724100
2009-08-24,103.5,104.02999877929688,103.2699966430664,103.91000366210938,55.314510345458984,1031100
2009-08-25,104.16000366210938,104.41000366210938,103.75,104.08999633789062,55.41035842895508,1209400
2009-08-26,104.45999908447266,104.79000091552734,104.22000122070312,104.77999877929688,55.77762985229492,702000
2009-08-27,104.51000213623047,104.58000183105469,104.12999725341797,104.30000305175781,55.522117614746094,1136200
2009-08-28,104.20999908447266,104.83999633789062,104.12999725341797,104.81999969482422,55.798946380615234,981900
2009-08-31,104.58000183105469,105.33999633789062,104.37000274658203,105.33000183105469,56.070396423339844,2122200
2009-09-01,104.51000213623047,104.95999908447266,104.1500015258789,104.30999755859375,55.789093017578125,1077500
2009-09-02,104.25,105.12999725341797,104.04000091552734,104.62000274658203,55.95493698120117,1225400
2009-09-03,104.68000030517578,105.16999816894531,104.44999694824219,104.80000305175781,56.05116653442383,865400
2009-09-04,105.04000091552734,105.1500015258789,104.80000305175781,104.87000274658203,56.08860778808594,757200
2009-09-08,104.83999633789062,105.0999984741211,104.5,104.5999984741211,55.944217681884766,817900
2009-09-09,104.61000061035156,104.66000366210938,104.33000183105469,104.56999969482422,55.928157806396484,873800
2009-09-10,104.98999786376953,105.55999755859375,104.04000091552734,105.26000213623047,56.297203063964844,873700
2009-09-11,105.77999877929688,106.37999725341797,105.5,106.20999908447266,56.8053092956543,704700
2009-09-14,106.12999725341797,106.20999908447266,105.48999786376953,105.66999816894531,56.5164680480957,850700
2009-09-15,105.79000091552734,105.8499984741211,105.5199966430664,105.61000061035156,56.484352111816406,1052800
2009-09-16,106.1500015258789,106.1500015258789,105.52999877929688,105.94000244140625,56.66086196899414,1097900
2009-09-17,105.94999694824219,106.47000122070312,105.75,106.45999908447266,56.93905258178711,985000
2009-09-18,106.2300033569336,106.38999938964844,105.79000091552734,105.79000091552734,56.5806770324707,759700
2009-09-21,106.19999694824219,106.29000091552734,105.87999725341797,106.04000091552734,56.71437072753906,586600
2009-09-22,105.83999633789062,106.31999969482422,105.75,106.29000091552734,56.84806442260742,815300
2009-09-23,106.1500015258789,106.4000015258789,105.8499984741211,106.33999633789062,56.87480926513672,980900
2009-09-24,106.12999725341797,106.66000366210938,106.12999725341797,106.51000213623047,56.96574401855469,634000
2009-09-25,106.5199966430664,106.94000244140625,106.30000305175781,106.91999816894531,57.18501663208008,722400
2009-09-28,107.0,107.19000244140625,106.72000122070312,107.19000244140625,57.32945251464844,731500
2009-09-29,106.7300033569336,107.0199966430664,106.55000305175781,106.7699966430664,57.10479736328125,1299100
2009-09-30,106.63999938964844,106.83999633789062,106.36000061035156,106.68000030517578,57.056678771972656,1447400
2009-10-01,106.1500015258789,106.22000122070312,104.79000091552734,105.12000274658203,56.47215270996094,3051300
2009-10-02,105.4000015258789,105.4000015258789,104.30000305175781,104.44000244140625,56.10683822631836,3318300
2009-10-05,104.37000274658203,105.0,104.37000274658203,105.0,56.40773391723633,1066700
2009-10-06,105.38999938964844,105.38999938964844,104.72000122070312,104.77999877929688,56.28950119018555,1470300
2009-10-07,105.06999969482422,105.5,104.77999877929688,105.44999694824219,56.64945983886719,900800
2009-10-08,105.58000183105469,105.6500015258789,104.8499984741211,104.86000061035156,56.332523345947266,1012500
2009-10-09,104.87999725341797,104.87999725341797,103.75,103.94000244140625,55.83829116821289,1497300
2009-10-12,103.61000061035156,104.38999938964844,103.61000061035156,104.30000305175781,56.03164291381836,687200
2009-10-13,104.38999938964844,104.63999938964844,104.19999694824219,104.5,56.139102935791016,803100
2009-10-14,104.25,104.56999969482422,104.0,104.0,55.8704948425293,1181600
2009-10-15,104.0,104.20999908447266,103.58000183105469,103.9800033569336,55.859745025634766,1096300
2009-10-16,103.97000122070312,104.22000122070312,103.76000213623047,104.05999755859375,55.90273666381836,876200
2009-10-19,104.27999877929688,104.87999725341797,104.11000061035156,104.58999633789062,56.187442779541016,825100
2009-10-20,105.19999694824219,105.58999633789062,105.12999725341797,105.26000213623047,56.54740905761719,873400
2009-10-21,105.04000091552734,105.16999816894531,104.7300033569336,104.81999969482422,56.310997009277344,984600
2009-10-22,105.12999725341797,105.44000244140625,104.81999969482422,105.44000244140625,56.64408493041992,707200
2009-10-23,105.0,105.37000274658203,104.8499984741211,104.86000061035156,56.332523345947266,640500
2009-10-26,105.0,105.05999755859375,104.36000061035156,104.41999816894531,56.09614181518555,953700
2009-10-27,104.94999694824219,105.47000122070312,104.55000305175781,105.31999969482422,56.579620361328125,732600
2009-10-28,105.19999694824219,105.44999694824219,104.31999969482422,104.61000061035156,56.19819641113281,1114300
2009-10-29,105.01000213623047,105.05999755859375,104.37999725341797,104.73999786376953,56.26803970336914,932500
2009-10-30,105.08999633789062,105.68000030517578,104.93000030517578,105.68000030517578,56.77301025390625,1419700
2009-11-02,105.33000183105469,105.36000061035156,104.76000213623047,105.04000091552734,56.688838958740234,983600
2009-11-03,105.0199966430664,105.02999877929688,104.37000274658203,104.55999755859375,56.42977523803711,810500
2009-11-04,104.5199966430664,105.01000213623047,104.48999786376953,104.97000122070312,56.65102767944336,760100
2009-11-05,104.9000015258789,105.05000305175781,104.7300033569336,105.04000091552734,56.688838958740234,705000
2009-11-06,105.02999877929688,105.31999969482422,104.6500015258789,105.31999969482422,56.83995819091797,693100
2009-11-09,105.37999725341797,105.5199966430664,105.26000213623047,105.37999725341797,56.87234115600586,594100
2009-11-10,105.5,105.66999816894531,105.29000091552734,105.30999755859375,56.83451843261719,606400
2009-11-11,105.58999633789062,106.0,105.47000122070312,105.69999694824219,57.045013427734375,688100
2009-11-12,105.6500015258789,105.93000030517578,105.06999969482422,105.69999694824219,57.045013427734375,1043100
2009-11-13,105.94000244140625,106.01000213623047,105.55000305175781,106.01000213623047,57.212318420410156,655800
2009-11-16,106.0,106.51000213623047,105.8499984741211,106.51000213623047,57.482177734375,1141700
2009-11-17,106.30000305175781,106.66999816894531,106.1500015258789,106.66999816894531,57.56851577758789,587100
2009-11-18,106.41000366210938,106.8499984741211,106.12999725341797,106.31999969482422,57.379615783691406,718900
2009-11-19,106.33000183105469,106.62999725341797,106.18000030517578,106.44999694824219,57.449790954589844,855100
2009-11-20,106.52999877929688,106.61000061035156,105.93000030517578,105.94999694824219,57.17995834350586,628600
2009-11-23,105.5999984741211,105.98999786376953,105.44000244140625,105.94999694824219,57.17995834350586,1143000
2009-11-24,105.94999694824219,106.54000091552734,105.94999694824219,106.36000061035156,57.4012565612793,768100
2009-11-25,106.43000030517578,106.79000091552734,106.20999908447266,106.75,57.6116943359375,670900
2009-11-27,106.02999877929688,106.7300033569336,106.0,106.72000122070312,57.59553146362305,344600
2009-11-30,106.68000030517578,107.25,106.51000213623047,107.25,57.88151168823242,1399900
2009-12-01,106.58000183105469,106.72000122070312,106.26000213623047,106.26000213623047,57.59208679199219,867400
2009-12-02,106.23999786376953,106.43000030517578,106.0,106.27999877929688,57.60298156738281,1171600
2009-12-03,106.19000244140625,106.31999969482422,106.08000183105469,106.25,57.58671951293945,543300
2009-12-04,106.0,106.02999877929688,105.5,105.80999755859375,57.348228454589844,1285900
2009-12-07,105.94999694824219,105.94999694824219,105.5,105.76000213623047,57.321102142333984,1128000
2009-12-08,106.33999633789062,106.4800033569336,106.16999816894531,106.20999908447266,57.56499481201172,951700
2009-12-09,106.30000305175781,106.4800033569336,105.55000305175781,105.5999984741211,57.2343864440918,1547200
2009-12-10,105.33000183105469,105.91999816894531,105.33000183105469,105.69000244140625,57.28315734863281,1253200
2009-12-11,105.75,105.75,105.06999969482422,105.19000244140625,57.01216506958008,1340800
2009-12-14,105.55999755859375,105.77999877929688,105.33999633789062,105.7699966430664,57.3265380859375,1017300
2009-12-15,105.41000366210938,105.47000122070312,105.01000213623047,105.01000213623047,56.91461944580078,884200
2009-12-16,105.16999816894531,105.83999633789062,105.16999816894531,105.41000366210938,57.13139343261719,962300
2009-12-17,105.63999938964844,105.9000015258789,105.33000183105469,105.86000061035156,57.37532424926758,1426400
2009-12-18,106.01000213623047,106.19000244140625,105.63999938964844,105.69000244140625,57.28315734863281,792400
2009-12-21,105.51000213623047,105.62999725341797,105.05999755859375,105.18000030517578,57.00677490234375,683800
2009-12-22,105.43000030517578,105.43000030517578,104.5,104.73999786376953,56.76826858520508,1590500
2009-12-23,104.9800033569336,105.22000122070312,104.8499984741211,105.06999969482422,56.94715118408203,678000
2009-12-24,104.69999694824219,105.0,104.55000305175781,104.58000183105469,56.681575775146484,529300
2009-12-28,104.2699966430664,104.66000366210938,104.05999755859375,104.30000305175781,56.52979278564453,1017600
2009-12-29,103.87999725341797,104.19000244140625,103.80000305175781,104.18000030517578,56.70125198364258,610100
2009-12-30,104.29000091552734,104.52999877929688,104.08000183105469,104.30000305175781,56.766544342041016,1405500
2009-12-31,104.02999877929688,104.3499984741211,103.7699966430664,104.1500015258789,56.68490219116211,499100
2010-01-04,104.7699966430664,104.7699966430664,104.33999633789062,104.69999694824219,56.98429870605469,2017600
2010-01-05,104.9800033569336,105.44999694824219,104.86000061035156,105.19999694824219,57.25640106201172,1143800
2010-01-06,105.38999938964844,105.44999694824219,104.81999969482422,104.88999938964844,57.087669372558594,1005500
2010-01-07,104.97000122070312,105.22000122070312,104.87000274658203,105.0199966430664,57.1584358215332,1264100
2010-01-08,105.13999938964844,105.25,104.97000122070312,105.25,57.28364944458008,704600
2010-01-11,105.0,105.37999725341797,105.0,105.36000061035156,57.34348678588867,817500
2010-01-12,105.41999816894531,105.6500015258789,105.31999969482422,105.55999755859375,57.452335357666016,1343100
2010-01-13,105.54000091552734,105.56999969482422,105.0,105.12000274658203,57.21282958984375,1090700
2010-01-14,105.45999908447266,105.5,105.02999877929688,105.5,57.419700622558594,873200
2010-01-15,105.72000122070312,105.80000305175781,105.43000030517578,105.45999908447266,57.397918701171875,834300
2010-01-19,105.2699966430664,105.56999969482422,105.0199966430664,105.55000305175781,57.446895599365234,822100
2010-01-20,105.69999694824219,105.83999633789062,105.43000030517578,105.4800033569336,57.408775329589844,1112000
2010-01-21,105.75,106.2699966430664,105.69999694824219,105.76000213623047,57.56118392944336,1333400
2010-01-22,105.77999877929688,105.80000305175781,105.5,105.5999984741211,57.474098205566406,1003800
2010-01-25,105.55000305175781,105.62999725341797,105.43000030517578,105.58999633789062,57.46863555908203,765100
2010-01-26,105.69000244140625,105.69999694824219,105.23999786376953,105.30999755859375,57.31626892089844,887200
2010-01-27,105.44000244140625,105.44000244140625,104.68000030517578,104.93000030517578,57.10942840576172,1496100
2010-01-28,104.97000122070312,105.25,104.76000213623047,104.77999877929688,57.02778625488281,1158800
2010-01-29,104.98999786376953,105.45999908447266,104.9000015258789,105.44999694824219,57.3924674987793,1218600
2010-02-01,105.05000305175781,105.08000183105469,104.41999816894531,104.52999877929688,57.13665771484375,1202800
2010-02-02,104.6500015258789,105.06999969482422,104.6500015258789,104.86000061035156,57.317020416259766,1950500
2010-02-03,104.83000183105469,104.9000015258789,104.5199966430664,104.75,57.25691604614258,1478800
2010-02-04,104.8499984741211,104.88999938964844,104.54000091552734,104.73999786376953,57.251434326171875,1116700
2010-02-05,104.62999725341797,104.72000122070312,104.22000122070312,104.41999816894531,57.07651138305664,2204600
2010-02-08,104.52999877929688,104.68000030517578,104.30999755859375,104.5199966430664,57.13117218017578,1736500
2010-02-09,104.58999633789062,104.69999694824219,104.27999877929688,104.27999877929688,57.0000114440918,969800
2010-02-10,104.20999908447266,104.31999969482422,103.37999725341797,103.47000122070312,56.55723571777344,1178000
2010-02-11,103.5999984741211,103.7699966430664,103.33999633789062,103.70999908447266,56.6884765625,1045500
2010-02-12,103.83000183105469,103.9800033569336,103.68000030517578,103.83000183105469,56.7540283203125,707100
2010-02-16,103.61000061035156,104.23999786376953,103.5,104.23999786376953,56.97809982299805,1029500
2010-02-17,104.19000244140625,104.20999908447266,103.62999725341797,103.88999938964844,56.78683853149414,717200
2010-02-18,103.91000366210938,104.06999969482422,103.5,103.81999969482422,56.748565673828125,1717100
2010-02-19,103.69999694824219,104.19000244140625,103.66000366210938,104.19000244140625,56.95079803466797,1827800
2010-02-22,104.12000274658203,104.25,104.01000213623047,104.25,56.98357391357422,585900
2010-02-23,104.33000183105469,104.54000091552734,104.19000244140625,104.5,57.12028121948242,1095300
2010-02-24,104.6500015258789,105.0,104.55000305175781,104.94999694824219,57.366249084472656,924400
2010-02-25,105.12000274658203,105.12000274658203,104.83000183105469,104.83999633789062,57.30612564086914,572300
2010-02-26,104.98999786376953,105.55999755859375,104.98999786376953,105.52999877929688,57.683284759521484,804600
2010-03-01,105.19000244140625,105.29000091552734,104.9000015258789,105.22000122070312,57.75732421875,598700
2010-03-02,105.02999877929688,105.55000305175781,105.0,105.44000244140625,57.8781623840332,625600
2010-03-03,105.19000244140625,105.66000366210938,105.19000244140625,105.66000366210938,57.9989128112793,746300
2010-03-04,105.55999755859375,105.80999755859375,105.37999725341797,105.70999908447266,58.02635955810547,492300
2010-03-05,105.62000274658203,105.63999938964844,105.11000061035156,105.58000183105469,57.954952239990234,786000
2010-03-08,105.58000183105469,105.75,105.37999725341797,105.75,58.04828643798828,966800
2010-03-09,105.70999908447266,105.81999969482422,105.58999633789062,105.6500015258789,57.993404388427734,722100
2010-03-10,105.48999786376953,105.75,105.37000274658203,105.75,58.04828643798828,688200
2010-03-11,105.58000183105469,105.75,105.44000244140625,105.70999908447266,58.02635955810547,480000
2010-03-12,105.62000274658203,105.9800033569336,105.5,105.93000030517578,58.1471061706543,819100
2010-03-15,105.97000122070312,105.9800033569336,105.66999816894531,105.91000366210938,58.13612747192383,497200
2010-03-16,106.0,106.4000015258789,105.86000061035156,106.4000015258789,58.40509796142578,635600
2010-03-17,106.58000183105469,106.86000061035156,106.4000015258789,106.79000091552734,58.619171142578125,983900
2010-03-18,106.75,106.80999755859375,106.58000183105469,106.58000183105469,58.50391387939453,497200
2010-03-19,106.5,106.76000213623047,106.4000015258789,106.5,58.45997619628906,621500
2010-03-22,106.37999725341797,106.75,106.37999725341797,106.66999816894531,58.55326843261719,406000
2010-03-23,106.73999786376953,106.8499984741211,106.5999984741211,106.5999984741211,58.51487350463867,463300
2010-03-24,106.16000366210938,106.2699966430664,105.58999633789062,105.80999755859375,58.081241607666016,801600
2010-03-25,105.66000366210938,105.79000091552734,105.23999786376953,105.43000030517578,57.87263870239258,985400
2010-03-26,105.3499984741211,105.75,105.30999755859375,105.75,58.04828643798828,614000
2010-03-29,105.73999786376953,105.79000091552734,105.37000274658203,105.66000366210938,57.9989128112793,597600
2010-03-30,105.62999725341797,105.79000091552734,105.44999694824219,105.72000122070312,58.03183364868164,616100
2010-03-31,105.81999969482422,106.01000213623047,105.7300033569336,105.7699966430664,58.05925369262695,997800
2010-04-01,105.44999694824219,105.62000274658203,105.29000091552734,105.52999877929688,58.18556594848633,1565600
2010-04-05,105.01000213623047,105.12000274658203,104.44000244140625,104.55999755859375,57.65072250366211,1417800
2010-04-06,104.9000015258789,105.13999938964844,104.73999786376953,104.80999755859375,57.78854751586914,1175000
2010-04-07,104.93000030517578,105.48999786376953,104.93000030517578,105.33999633789062,58.08077621459961,1041200
2010-04-08,105.58999633789062,105.6500015258789,105.13999938964844,105.13999938964844,57.970516204833984,938600
2010-04-09,105.25,105.4000015258789,105.02999877929688,105.20999908447266,58.00909423828125,657800
2010-04-12,105.3499984741211,105.5999984741211,105.30000305175781,105.51000213623047,58.17448806762695,502800
2010-04-13,105.76000213623047,105.91999816894531,105.58000183105469,105.88999938964844,58.38401794433594,728100
2010-04-14,105.94999694824219,106.0,105.6500015258789,105.80000305175781,58.33437728881836,697200
2010-04-15,105.79000091552734,106.13999938964844,105.66000366210938,105.9800033569336,58.43363571166992,766300
2010-04-16,106.16000366210938,106.45999908447266,105.9800033569336,106.2300033569336,58.57151412963867,1091800
2010-04-19,106.36000061035156,106.36000061035156,105.95999908447266,105.95999908447266,58.42264175415039,643900
2010-04-20,106.16999816894531,106.20999908447266,106.0199966430664,106.19000244140625,58.54941177368164,923200
2010-04-21,106.4800033569336,106.72000122070312,106.2699966430664,106.55999755859375,58.753456115722656,646600
2010-04-22,106.55999755859375,106.75,106.30000305175781,106.31999969482422,58.62108612060547,248000
2010-04-23,106.2699966430664,106.37999725341797,106.16000366210938,106.30000305175781,58.61003494262695,327400
2010-04-26,106.4800033569336,106.55999755859375,106.20999908447266,106.3499984741211,58.637630462646484,839900
2010-04-27,106.58000183105469,106.93000030517578,106.25,106.41999816894531,58.6762809753418,590500
2010-04-28,106.33999633789062,106.8499984741211,106.25,106.5999984741211,58.77547836303711,1670600
2010-04-29,106.86000061035156,106.94999694824219,106.62999725341797,106.87000274658203,58.92439651489258,1102600
2010-04-30,107.0,107.54000091552734,106.87000274658203,107.30999755859375,59.16695785522461,1031700
2010-05-03,106.91000366210938,106.94999694824219,106.68000030517578,106.88999938964844,59.184696197509766,495800
2010-05-04,107.05999755859375,107.3499984741211,106.94999694824219,107.0199966430664,59.256622314453125,844700
2010-05-05,107.01000213623047,107.19000244140625,106.12999725341797,106.55999755859375,59.001953125,1288500
2010-05-06,106.3499984741211,106.61000061035156,102.47000122070312,104.80000305175781,58.027469635009766,1687800
2010-05-07,105.58999633789062,106.12000274658203,104.83000183105469,105.13999938964844,58.215702056884766,1758600
2010-05-10,105.4000015258789,105.97000122070312,105.4000015258789,105.80000305175781,58.581138610839844,1275900
2010-05-11,105.69999694824219,105.95999908447266,105.37000274658203,105.91000366210938,58.642059326171875,997500
2010-05-12,105.77999877929688,106.04000091552734,105.5999984741211,105.87000274658203,58.61991500854492,1034900
2010-05-13,106.19000244140625,106.2300033569336,105.70999908447266,106.18000030517578,58.79155349731445,585100
2010-05-14,106.33999633789062,106.68000030517578,105.97000122070312,106.1500015258789,58.77492141723633,575700
2010-05-17,106.5199966430664,106.79000091552734,106.0,106.33000183105469,58.87459945678711,877200
2010-05-18,106.66000366210938,106.9000015258789,106.29000091552734,106.66999816894531,59.062835693359375,582100
2010-05-19,106.41000366210938,107.0,106.41000366210938,106.7300033569336,59.09610366821289,503300
2010-05-20,106.80000305175781,106.93000030517578,106.26000213623047,106.48999786376953,58.963191986083984,1009400
2010-05-21,106.55999755859375,106.66000366210938,105.93000030517578,106.30999755859375,58.86350631713867,1775500
2010-05-24,106.36000061035156,106.68000030517578,106.3499984741211,106.58999633789062,59.01854705810547,717800
2010-05-25,106.41999816894531,106.4800033569336,105.95999908447266,106.08000183105469,58.73617935180664,901500
2010-05-26,106.13999938964844,106.19999694824219,105.76000213623047,106.1500015258789,58.77492141723633,562000
2010-05-27,105.7300033569336,105.73999786376953,105.37999725341797,105.5999984741211,58.47037124633789,767600
2010-05-28,105.79000091552734,106.02999877929688,105.4000015258789,105.45999908447266,58.39289093017578,1042200
2010-06-01,105.02999877929688,105.33000183105469,104.87000274658203,104.93000030517578,58.34452438354492,782400
2010-06-02,104.93000030517578,105.30000305175781,104.93000030517578,105.30000305175781,58.55026626586914,521000
2010-06-03,105.2699966430664,105.55000305175781,104.95999908447266,104.95999908447266,58.36119079589844,1017000
2010-06-04,105.22000122070312,105.66000366210938,105.0999984741211,105.5999984741211,58.717041015625,745200
2010-06-07,105.5,106.12999725341797,105.5,106.04000091552734,58.96170425415039,551500
2010-06-08,105.9800033569336,106.2699966430664,105.76000213623047,106.04000091552734,58.96170425415039,953500
2010-06-09,105.88999938964844,106.2300033569336,105.66000366210938,106.08000183105469,58.98393249511719,526900
2010-06-10,105.73999786376953,105.94999694824219,105.45999908447266,105.63999938964844,58.739315032958984,1037200
2010-06-11,105.88999938964844,106.08000183105469,105.62000274658203,106.02999877929688,58.95615005493164,483100
2010-06-14,105.66999816894531,105.83000183105469,105.44000244140625,105.83000183105469,58.84501266479492,712900
2010-06-15,105.87000274658203,105.91999816894531,105.5199966430664,105.69999694824219,58.77261734008789,663100
2010-06-16,105.83999633789062,105.9000015258789,105.55000305175781,105.80999755859375,58.8338508605957,568000
2010-06-17,106.1500015258789,106.58999633789062,106.0,106.51000213623047,59.22304916381836,1487500
2010-06-18,106.52999877929688,106.66999816894531,106.36000061035156,106.5,59.21751022338867,726300
2010-06-21,106.33000183105469,106.79000091552734,106.26000213623047,106.7699966430664,59.36760711669922,686300
2010-06-22,106.63999938964844,107.33000183105469,106.61000061035156,107.29000091552734,59.65674591064453,657000
2010-06-23,107.13999938964844,107.79000091552734,107.12999725341797,107.73999786376953,59.90695571899414,1105800
2010-06-24,107.77999877929688,107.83000183105469,107.25,107.30999755859375,59.667903900146484,743000
2010-06-25,107.31999969482422,107.73999786376953,107.20999908447266,107.48999786376953,59.7679557800293,485000
2010-06-28,107.9000015258789,108.12000274658203,107.7300033569336,108.08000183105469,60.096031188964844,772700
2010-06-29,108.26000213623047,108.26000213623047,107.94000244140625,108.02999877929688,60.06819152832031,1007200
2010-06-30,108.2300033569336,108.45999908447266,108.18000030517578,108.45999908447266,60.307308197021484,850800
2010-07-01,108.16000366210938,108.45999908447266,108.01000213623047,108.13999938964844,60.374324798583984,1478700
2010-07-02,108.1500015258789,108.22000122070312,107.7699966430664,107.83000183105469,60.20126724243164,600400
2010-07-06,108.19999694824219,108.5999984741211,108.0,108.27999877929688,60.45245361328125,993400
2010-07-07,108.22000122070312,108.54000091552734,108.20999908447266,108.3499984741211,60.491546630859375,634100
2010-07-08,108.12000274658203,108.1500015258789,107.87000274658203,108.08000183105469,60.340824127197266,738200
2010-07-09,108.08000183105469,108.12000274658203,107.86000061035156,107.94999694824219,60.26823043823242,530000
2010-07-12,108.16999816894531,108.26000213623047,107.94000244140625,108.08000183105469,60.340824127197266,585100
2010-07-13,108.19999694824219,108.30000305175781,107.95999908447266,108.13999938964844,60.374324798583984,709000
2010-07-14,108.2300033569336,108.72000122070312,108.19999694824219,108.62000274658203,60.64229965209961,1880300
2010-07-15,108.62000274658203,108.91999816894531,108.62000274658203,108.80999755859375,60.74837875366211,1038800
2010-07-16,108.98999786376953,109.37000274658203,108.88999938964844,109.0,60.854454040527344,814100
2010-07-19,108.95999908447266,109.13999938964844,108.87999725341797,108.9800033569336,60.84329605102539,580700
2010-07-20,108.95999908447266,109.37000274658203,108.95999908447266,109.0999984741211,60.91024398803711,1052100
2010-07-21,108.98999786376953,109.62999725341797,108.94000244140625,109.62999725341797,61.2061767578125,779400
2010-07-22,109.66000366210938,109.68000030517578,109.18000030517578,109.48999786376953,61.12801742553711,827300
2010-07-23,109.66000366210938,109.69000244140625,109.37000274658203,109.62999725341797,61.2061767578125,675800
2010-07-26,109.47000122070312,109.75,109.3499984741211,109.7300033569336,61.26198196411133,538000
2010-07-27,109.51000213623047,109.80000305175781,109.36000061035156,109.36000061035156,61.055389404296875,1108600
2010-07-28,109.58999633789062,109.7699966430664,109.23999786376953,109.75,61.273170471191406,777600
2010-07-29,109.66000366210938,109.9000015258789,109.54000091552734,109.79000091552734,61.29548645019531,513000
2010-07-30,110.02999877929688,110.41999816894531,110.02999877929688,110.30000305175781,61.58023452758789,796300
2010-08-02,109.91000366210938,109.94999694824219,109.55999755859375,109.62999725341797,61.449642181396484,764100
2010-08-03,109.9000015258789,110.04000091552734,109.69999694824219,109.9000015258789,61.60096740722656,1060700
2010-08-04,109.83000183105469,109.94999694824219,109.55000305175781,109.55999755859375,61.410423278808594,859900
2010-08-05,109.69000244140625,109.88999938964844,109.58999633789062,109.76000213623047,61.52252960205078,1093400
2010-08-06,110.19000244140625,110.4800033569336,110.05999755859375,110.38999938964844,61.8756103515625,685700
2010-08-09,110.45999908447266,110.77999877929688,110.30000305175781,110.75,62.07741165161133,844400
2010-08-10,110.5999984741211,110.7300033569336,110.37999725341797,110.61000061035156,61.99894332885742,1260100
2010-08-11,110.62999725341797,110.94000244140625,110.54000091552734,110.5999984741211,61.99336242675781,934600
2010-08-12,110.54000091552734,110.69999694824219,110.18000030517578,110.20999908447266,61.77473068237305,1427100
2010-08-13,110.38999938964844,110.77999877929688,110.33999633789062,110.63999938964844,62.0157470703125,894800
2010-08-16,111.27999877929688,111.97000122070312,111.27999877929688,111.86000061035156,62.699615478515625,786200
2010-08-17,111.9000015258789,111.9800033569336,111.47000122070312,111.68000030517578,62.598697662353516,799600
2010-08-18,111.79000091552734,111.98999786376953,111.5999984741211,111.77999877929688,62.65471649169922,1889200
2010-08-19,111.58999633789062,112.37999725341797,111.58000183105469,111.9000015258789,62.721981048583984,1439500
2010-08-20,111.8499984741211,112.25,111.80000305175781,112.0999984741211,62.83412551879883,1402000
2010-08-23,111.98999786376953,112.36000061035156,111.83000183105469,112.33999633789062,62.9686279296875,549100
2010-08-24,112.61000061035156,112.80000305175781,112.3499984741211,112.5999984741211,63.11439514160156,826000
2010-08-25,113.0,113.0,112.4000015258789,112.80999755859375,63.232017517089844,1820000
2010-08-26,112.75,112.95999908447266,112.58000183105469,112.91000366210938,63.2880973815918,703600
2010-08-27,112.72000122070312,112.91000366210938,111.81999969482422,111.88999938964844,62.71640396118164,1642300
2010-08-30,112.45999908447266,112.72000122070312,111.9800033569336,112.62000274658203,63.125579833984375,1574500
2010-08-31,112.66000366210938,113.05000305175781,112.4000015258789,113.0,63.33856964111328,1450700
2010-09-01,112.3499984741211,112.38999938964844,111.44999694824219,111.7300033569336,62.86260986328125,2395600
2010-09-02,111.47000122070312,111.66999816894531,111.33000183105469,111.58999633789062,62.78380584716797,1243900
2010-09-03,110.72000122070312,111.1500015258789,110.66999816894531,110.75,62.31120681762695,1184800
2010-09-07,111.58999633789062,111.73999786376953,111.0,111.56999969482422,62.77257537841797,1128300
2010-09-08,111.4800033569336,111.5,111.19999694824219,111.3499984741211,62.648807525634766,556200
2010-09-09,111.18000030517578,111.19999694824219,110.55999755859375,110.7699966430664,62.32247543334961,967700
2010-09-10,110.51000213623047,110.94000244140625,110.41999816894531,110.8499984741211,62.36748123168945,1105900
2010-09-13,110.83000183105469,111.30000305175781,110.75,111.0,62.45187759399414,987900
2010-09-14,111.19999694824219,111.5999984741211,111.12999725341797,111.5199966430664,62.744441986083984,1846500
2010-09-15,111.33999633789062,111.55999755859375,111.19999694824219,111.33999633789062,62.64316177368164,983200
2010-09-16,111.04000091552734,111.05000305175781,110.70999908447266,110.98999786376953,62.44626235961914,1382000
2010-09-17,111.33999633789062,111.45999908447266,111.04000091552734,111.3499984741211,62.648807525634766,2647200
2010-09-20,111.48999786376953,111.58999633789062,111.30999755859375,111.48999786376953,62.72754669189453,775000
2010-09-21,111.62000274658203,112.4800033569336,111.5999984741211,112.33999633789062,63.20579147338867,1416600
2010-09-22,112.44999694824219,112.58999633789062,112.18000030517578,112.2699966430664,63.166404724121094,851200
2010-09-23,112.68000030517578,112.69999694824219,112.2699966430664,112.3499984741211,63.2114372253418,594200
2010-09-24,112.33999633789062,112.33999633789062,112.01000213623047,112.0999984741211,63.070762634277344,1064700
2010-09-27,112.52999877929688,112.75,112.41000366210938,112.68000030517578,63.39705276489258,770900
2010-09-28,112.68000030517578,113.19000244140625,112.61000061035156,112.87999725341797,63.509620666503906,595900
2010-09-29,112.91999816894531,112.98999786376953,112.68000030517578,112.7699966430664,63.44770812988281,751900
2010-09-30,112.76000213623047,113.1500015258789,112.19999694824219,113.08999633789062,63.62775802612305,1089800
2010-10-01,112.36000061035156,112.54000091552734,108.9800033569336,112.11000061035156,63.319358825683594,3916600
2010-10-04,112.12000274658203,112.36000061035156,112.12000274658203,112.29000091552734,63.42103958129883,847300
2010-10-05,112.58999633789062,112.72000122070312,112.37999725341797,112.5199966430664,63.550926208496094,1236000
2010-10-06,113.12999725341797,113.9800033569336,113.06999969482422,113.25,63.963260650634766,1457100
2010-10-07,113.43000030517578,113.48999786376953,113.16999816894531,113.22000122070312,63.946346282958984,713800
2010-10-08,113.5,113.58999633789062,113.06999969482422,113.11000061035156,63.88420104980469,1160400
2010-10-11,113.08999633789062,113.4000015258789,113.06999969482422,113.20999908447266,63.940650939941406,460300
2010-10-12,113.27999877929688,113.48999786376953,112.95999908447266,113.04000091552734,63.844627380371094,748800
2010-10-13,112.93000030517578,113.18000030517578,112.69999694824219,112.9800033569336,63.8107795715332,996600
2010-10-14,112.83999633789062,112.94999694824219,112.05000305175781,112.06999969482422,63.29677963256836,1236100
2010-10-15,111.68000030517578,111.97000122070312,111.36000061035156,111.36000061035156,62.89577865600586,1287700
2010-10-18,111.79000091552734,112.1500015258789,111.76000213623047,112.12999725341797,63.33070755004883,662600
2010-10-19,111.79000091552734,112.37999725341797,111.73999786376953,112.13999938964844,63.336326599121094,685300
2010-10-20,112.19000244140625,112.62000274658203,111.91000366210938,112.33999633789062,63.449283599853516,632700
2010-10-21,112.29000091552734,112.56999969482422,112.04000091552734,112.04000091552734,63.27985763549805,841200
2010-10-22,112.08999633789062,112.33999633789062,112.0,112.18000030517578,63.35896682739258,640000
2010-10-25,112.81999969482422,112.91000366210938,112.55000305175781,112.58000183105469,63.58485412597656,716400
2010-10-26,112.16000366210938,112.44000244140625,111.9800033569336,111.9800033569336,63.2459831237793,598800
2010-10-27,111.66999816894531,111.91999816894531,111.66000366210938,111.69000244140625,63.08217239379883,1751000
2010-10-28,111.98999786376953,112.33999633789062,111.91000366210938,112.13999938964844,63.336326599121094,1264500
2010-10-29,112.16000366210938,112.5,112.12000274658203,112.36000061035156,63.46065139770508,583800
2010-11-01,112.08000183105469,112.56999969482422,111.7699966430664,111.88999938964844,63.439048767089844,865500
2010-11-02,112.08000183105469,112.45999908447266,112.08000183105469,112.41000366210938,63.733882904052734,555600
2010-11-03,112.61000061035156,112.9000015258789,111.80000305175781,112.04000091552734,63.524112701416016,932000
2010-11-04,112.58000183105469,113.19000244140625,112.58000183105469,113.0999984741211,64.12510681152344,990300
2010-11-05,112.87000274658203,113.02999877929688,112.61000061035156,112.73999786376953,63.92098617553711,455800
2010-11-08,112.8499984741211,112.9800033569336,112.56999969482422,112.80000305175781,63.95500183105469,432500
2010-11-09,112.91000366210938,112.91999816894531,111.91000366210938,111.95999908447266,63.478755950927734,1438900
2010-11-10,111.62999725341797,111.93000030517578,110.80999755859375,111.72000122070312,63.342674255371094,1169900
2010-11-11,111.69999694824219,111.75,111.22000122070312,111.2300033569336,63.0648078918457,778500
2010-11-12,111.0999984741211,111.25,110.41999816894531,110.44999694824219,62.622623443603516,1351700
2010-11-15,110.05999755859375,110.27999877929688,109.23999786376953,109.23999786376953,61.93657302856445,1294100
2010-11-16,109.5,109.9000015258789,109.0199966430664,109.81999969482422,62.26539611816406,2219600
2010-11-17,109.91000366210938,110.37000274658203,109.7699966430664,109.81999969482422,62.26539611816406,1237000
2010-11-18,109.93000030517578,110.08000183105469,109.4800033569336,109.9000015258789,62.310768127441406,1001200
2010-11-19,110.06999969482422,110.36000061035156,109.9000015258789,110.27999877929688,62.52621078491211,676400
2010-11-22,110.5,110.91000366210938,110.5,110.88999938964844,62.87202072143555,759800
2010-11-23,111.16000366210938,111.19000244140625,110.75,110.94999694824219,62.906105041503906,749200
2010-11-24,110.44000244140625,110.45999908447266,109.86000061035156,110.04000091552734,62.39012908935547,644500
2010-11-26,110.18000030517578,110.33999633789062,109.95999908447266,110.18000030517578,62.46951675415039,233400
2010-11-29,110.31999969482422,110.5,110.19000244140625,110.29000091552734,62.5318489074707,494600
2010-11-30,110.5999984741211,110.73999786376953,110.08000183105469,110.12000274658203,62.435455322265625,1324500
2010-12-01,109.4000015258789,109.55999755859375,109.06999969482422,109.44999694824219,62.2966194152832,1473400
2010-12-02,109.11000061035156,109.48999786376953,108.91999816894531,109.20999908447266,62.15999984741211,1011600
2010-12-03,109.43000030517578,109.66999816894531,108.86000061035156,108.9000015258789,61.98355484008789,1391800
2010-12-06,109.41000366210938,109.66000366210938,109.30999755859375,109.66000366210938,62.41612243652344,670700
2010-12-07,109.1500015258789,109.3499984741211,108.27999877929688,108.63999938964844,61.83558654785156,1302200
2010-12-08,108.25,108.2699966430664,107.2300033569336,107.94000244140625,61.43716049194336,3831100
2010-12-09,108.05999755859375,108.4000015258789,107.77999877929688,108.19999694824219,61.585140228271484,1967300
2010-12-10,107.94999694824219,108.23999786376953,107.56999969482422,107.69999694824219,61.30051803588867,1335200
2010-12-13,107.61000061035156,108.37999725341797,107.56999969482422,108.0999984741211,61.52824401855469,1670200
2010-12-14,107.6500015258789,107.93000030517578,107.01000213623047,107.44000244140625,61.15255355834961,1976500
2010-12-15,107.62000274658203,107.81999969482422,106.68000030517578,106.7699966430664,60.77117919921875,2601900
2010-12-16,106.69000244140625,107.33999633789062,106.33999633789062,107.29000091552734,61.067176818847656,1892500
2010-12-17,107.37000274658203,108.31999969482422,107.36000061035156,108.2699966430664,61.625003814697266,1678700
2010-12-20,108.41999816894531,108.63999938964844,108.05999755859375,108.19999694824219,61.585140228271484,1438200
2010-12-21,108.33999633789062,108.47000122070312,107.93000030517578,108.43000030517578,61.71605682373047,985200
2010-12-22,108.48999786376953,108.55999755859375,108.19999694824219,108.33999633789062,61.664794921875,749800
2010-12-23,108.22000122070312,108.38999938964844,108.08999633789062,108.38999938964844,61.69329833984375,861300
2010-12-27,108.12999725341797,108.69000244140625,107.97000122070312,108.5999984741211,61.81283950805664,781400
2010-12-28,108.0999984741211,108.19000244140625,107.22000122070312,107.30999755859375,61.320228576660156,584800
2010-12-29,107.23999786376953,108.4000015258789,107.16999816894531,108.12000274658203,61.78310775756836,1031600
2010-12-30,107.97000122070312,108.20999908447266,107.69000244140625,108.16999816894531,61.81168746948242,562900
2010-12-31,108.25,108.75,108.25,108.44000244140625,61.9659423828125,914800
2011-01-03,108.22000122070312,108.88999938964844,108.05999755859375,108.86000061035156,62.20598220825195,2447900
2011-01-04,108.9800033569336,109.19000244140625,108.75,109.0,62.28600311279297,962500
2011-01-05,108.51000213623047,108.58000183105469,108.0,108.19999694824219,61.82878875732422,1209200
2011-01-06,108.31999969482422,108.63999938964844,108.19999694824219,108.36000061035156,61.92023468017578,1089700
2011-01-07,108.26000213623047,109.05999755859375,108.19999694824219,108.91000366210938,62.234535217285156,1118600
2011-01-10,108.77999877929688,109.19999694824219,108.77999877929688,109.0999984741211,62.34318161010742,909200
2011-01-11,108.9000015258789,109.16999816894531,108.58000183105469,109.05000305175781,62.31450271606445,845000
2011-01-12,108.80999755859375,109.0199966430664,108.66999816894531,108.9800033569336,62.2745475769043,1291600
2011-01-13,108.8499984741211,109.45999908447266,108.7699966430664,109.44999694824219,62.5430793762207,971000
2011-01-14,109.38999938964844,109.43000030517578,108.88999938964844,108.93000030517578,62.245948791503906,1629900
2011-01-18,108.80000305175781,109.08000183105469,108.4000015258789,108.87000274658203,62.21170425415039,1422700
2011-01-19,108.83000183105469,108.97000122070312,108.68000030517578,108.79000091552734,62.16596603393555,1685300
2011-01-20,108.58000183105469,108.75,107.69999694824219,108.31999969482422,61.89738845825195,1699200
2011-01-21,108.18000030517578,108.55000305175781,108.13999938964844,108.4800033569336,61.988826751708984,1056600
2011-01-24,108.55000305175781,108.81999969482422,108.45999908447266,108.52999877929688,62.017364501953125,727200
2011-01-25,108.81999969482422,109.18000030517578,108.41999816894531,109.06999969482422,62.325950622558594,1302200
2011-01-26,108.83000183105469,108.98999786376953,108.45999908447266,108.45999908447266,61.97738265991211,1647100
2011-01-27,108.5,108.79000091552734,108.33999633789062,108.63999938964844,62.08024215698242,1094300
2011-01-28,108.37000274658203,109.0199966430664,108.33999633789062,108.77999877929688,62.16023254394531,1388100
2011-01-31,108.72000122070312,109.0,108.44000244140625,108.4800033569336,61.988826751708984,1849900
2011-02-01,107.95999908447266,108.11000061035156,107.72000122070312,107.91000366210938,61.906803131103516,989200
2011-02-02,108.12000274658203,108.1500015258789,107.55999755859375,107.69999694824219,61.786319732666016,1975700
2011-02-03,107.51000213623047,107.7699966430664,107.41999816894531,107.44000244140625,61.63715744018555,1645800
2011-02-04,107.30000305175781,107.44000244140625,106.87999725341797,107.11000061035156,61.44783020019531,1367700
2011-02-07,106.93000030517578,107.3499984741211,106.87999725341797,107.2300033569336,61.51666259765625,1709500
2011-02-08,107.26000213623047,107.47000122070312,106.79000091552734,106.83999633789062,61.29292678833008,1263200
2011-02-09,106.94999694824219,107.66000366210938,106.81999969482422,107.52999877929688,61.68878173828125,2124900
2011-02-10,107.19999694824219,107.38999938964844,106.94000244140625,107.0,61.38468933105469,690600
2011-02-11,107.3499984741211,107.66000366210938,107.2300033569336,107.58999633789062,61.72317886352539,817300
2011-02-14,107.33000183105469,107.86000061035156,107.33000183105469,107.66000366210938,61.763343811035156,785400
2011-02-15,107.69000244140625,107.9000015258789,107.52999877929688,107.9000015258789,61.90104675292969,621800
2011-02-16,107.88999938964844,108.16999816894531,107.6500015258789,107.7699966430664,61.826438903808594,1892600
2011-02-17,108.12000274658203,108.19999694824219,107.9000015258789,107.97000122070312,61.94120407104492,585600
2011-02-18,107.70999908447266,108.12999725341797,107.66000366210938,108.12999725341797,62.032989501953125,505900
2011-02-22,107.98999786376953,108.68000030517578,107.98999786376953,108.43000030517578,62.20509338378906,1225300
2011-02-23,108.6500015258789,108.75,108.25,108.30000305175781,62.13053894042969,1293600
2011-02-24,108.58999633789062,108.75,108.36000061035156,108.41999816894531,62.199337005615234,718900
2011-02-25,108.70999908447266,108.95999908447266,108.54000091552734,108.93000030517578,62.49190139770508,722900
2011-02-28,108.94000244140625,109.22000122070312,108.94000244140625,109.22000122070312,62.65829849243164,718600
2011-03-01,108.43000030517578,108.80000305175781,108.37999725341797,108.79000091552734,62.659454345703125,1332300
2011-03-02,108.68000030517578,108.81999969482422,108.20999908447266,108.20999908447266,62.32541275024414,837100
2011-03-03,108.08000183105469,108.1500015258789,107.69000244140625,107.75,62.060428619384766,1024200
2011-03-04,107.8499984741211,108.2699966430664,107.81999969482422,108.16000366210938,62.296630859375,1385200
2011-03-07,107.73999786376953,108.27999877929688,107.73999786376953,107.88999938964844,62.14109420776367,451800
2011-03-08,107.91999816894531,108.01000213623047,107.66000366210938,107.75,62.060428619384766,745900
2011-03-09,107.9000015258789,108.38999938964844,107.80000305175781,108.30999755859375,62.383026123046875,1745300
2011-03-10,108.5,108.83999633789062,108.12999725341797,108.75,62.63645935058594,965400
2011-03-11,108.70999908447266,109.0,108.52999877929688,108.6500015258789,62.57884216308594,1541500
2011-03-14,108.94000244140625,109.0999984741211,108.69999694824219,108.7699966430664,62.64794158935547,1095700
2011-03-15,109.02999877929688,109.06999969482422,108.62000274658203,108.76000213623047,62.64219284057617,1659400
2011-03-16,109.26000213623047,109.98999786376953,109.05999755859375,109.41000366210938,63.016578674316406,2000100
2011-03-17,109.06999969482422,109.45999908447266,108.97000122070312,109.33999633789062,62.976234436035156,1117800
2011-03-18,108.94000244140625,109.48999786376953,108.93000030517578,109.41000366210938,63.016578674316406,693500
2011-03-21,109.0999984741211,109.36000061035156,108.94000244140625,109.05999755859375,62.814945220947266,870400
2011-03-22,108.83000183105469,109.29000091552734,108.83000183105469,109.26000213623047,62.93014907836914,463300
2011-03-23,109.4000015258789,109.4800033569336,109.0,109.19000244140625,62.889801025390625,537800
2011-03-24,109.08999633789062,109.13999938964844,108.77999877929688,108.83000183105469,62.68247604370117,516800
2011-03-25,108.87000274658203,109.08000183105469,108.55000305175781,108.66999816894531,62.59031677246094,420200
2011-03-28,108.5,108.86000061035156,108.36000061035156,108.70999908447266,62.613399505615234,573000
2011-03-29,108.4000015258789,108.73999786376953,108.12000274658203,108.18000030517578,62.30815887451172,625000
2011-03-30,108.19999694824219,108.55000305175781,108.19000244140625,108.55000305175781,62.521236419677734,754700
2011-03-31,108.61000061035156,108.61000061035156,108.11000061035156,108.19999694824219,62.319644927978516,832900
2011-04-01,107.76000213623047,108.38999938964844,107.5199966430664,108.27999877929688,62.61394119262695,2873600
2011-04-04,108.30000305175781,108.63999938964844,108.30000305175781,108.52999877929688,62.758522033691406,767300
2011-04-05,108.61000061035156,108.61000061035156,108.25,108.58999633789062,62.793243408203125,1901800
2011-04-06,108.55999755859375,108.56999969482422,108.18000030517578,108.23999786376953,62.59086608886719,1253300
2011-04-07,108.30000305175781,108.33999633789062,108.0,108.08000183105469,62.49832534790039,641400
2011-04-08,108.0,108.2300033569336,107.9000015258789,108.0199966430664,62.4636116027832,572200
2011-04-11,107.9000015258789,108.18000030517578,107.9000015258789,108.02999877929688,62.46938705444336,667500
2011-04-12,108.43000030517578,108.58000183105469,108.25,108.41000366210938,62.689170837402344,625100
2011-04-13,108.23999786376953,108.66999816894531,108.23999786376953,108.5999984741211,62.79904556274414,673700
2011-04-14,108.76000213623047,108.76000213623047,108.26000213623047,108.33000183105469,62.64289855957031,1076400
2011-04-15,108.7300033569336,109.0,108.7300033569336,108.9000015258789,62.9725227355957,662600
2011-04-18,108.80999755859375,109.16000366210938,108.55999755859375,109.05000305175781,63.059242248535156,822800
2011-04-19,109.19000244140625,109.44000244140625,109.08000183105469,109.27999877929688,63.19225311279297,467300
2011-04-20,109.41000366210938,109.43000030517578,109.20999908447266,109.33000183105469,63.22117614746094,515400
2011-04-21,109.37999725341797,109.69999694824219,109.26000213623047,109.43000030517578,63.27897262573242,624800
2011-04-25,109.41000366210938,109.61000061035156,109.33999633789062,109.54000091552734,63.34258270263672,687000
2011-04-26,109.62000274658203,110.08000183105469,109.61000061035156,110.05000305175781,63.63751983642578,953600
2011-04-27,109.8499984741211,110.0,109.68000030517578,109.91000366210938,63.55654525756836,716100
2011-04-28,109.94999694824219,110.29000091552734,109.8499984741211,110.26000213623047,63.758934020996094,508700
2011-04-29,110.19000244140625,110.4800033569336,110.16000366210938,110.47000122070312,63.88034439086914,756000
2011-05-02,110.05000305175781,110.43000030517578,109.95999908447266,110.30000305175781,64.02953338623047,1771000
2011-05-03,110.33000183105469,110.4000015258789,110.08999633789062,110.25,64.00054168701172,661300
2011-05-04,110.45999908447266,110.58999633789062,110.30999755859375,110.41000366210938,64.09339141845703,720600
2011-05-05,110.51000213623047,110.87999725341797,110.51000213623047,110.79000091552734,64.3139877319336,771600
2011-05-06,110.55999755859375,111.02999877929688,110.41999816894531,110.79000091552734,64.3139877319336,857100
2011-05-09,110.80999755859375,111.0,110.7300033569336,110.9000015258789,64.37786102294922,485200
2011-05-10,110.80000305175781,110.83000183105469,110.4000015258789,110.44999694824219,64.11661529541016,974700
2011-05-11,110.44999694824219,110.7699966430664,110.30999755859375,110.62999725341797,64.22113037109375,538900
2011-05-12,110.56999969482422,110.69999694824219,110.18000030517578,110.37000274658203,64.07022094726562,595000
2011-05-13,110.63999938964844,110.93000030517578,110.55000305175781,110.69999694824219,64.26175689697266,1062900
2011-05-16,110.63999938964844,111.08000183105469,110.5999984741211,111.0199966430664,64.44754028320312,614900
2011-05-17,111.05000305175781,111.3499984741211,110.98999786376953,111.16999816894531,64.53459930419922,1227800
2011-05-18,111.23999786376953,111.36000061035156,110.87000274658203,110.88999938964844,64.37206268310547,477800
2011-05-19,110.58999633789062,111.0999984741211,110.5,111.08000183105469,64.48237609863281,430800
2011-05-20,110.95999908447266,111.08999633789062,110.80000305175781,111.0,64.43592834472656,585600
2011-05-23,111.29000091552734,111.3499984741211,110.9000015258789,110.93000030517578,64.3952865600586,1200000
2011-05-24,110.86000061035156,111.19000244140625,110.80999755859375,111.06999969482422,64.47654724121094,590500
2011-05-25,111.22000122070312,111.22000122070312,110.77999877929688,110.8499984741211,64.34880828857422,675300
2011-05-26,111.0999984741211,111.33999633789062,110.9800033569336,111.33000183105469,64.62745666503906,1042600
2011-05-27,111.12000274658203,111.44999694824219,111.11000061035156,111.44999694824219,64.69711303710938,510300
2011-05-31,111.43000030517578,111.58000183105469,111.30000305175781,111.44000244140625,64.69134521484375,1022400
2011-06-01,111.37999725341797,111.9000015258789,111.30999755859375,111.56999969482422,65.01476287841797,1467600
2011-06-02,111.25,111.25,110.54000091552734,110.55999755859375,64.42613220214844,1448900
2011-06-03,111.02999877929688,111.23999786376953,110.52999877929688,110.80000305175781,64.56607818603516,684700
2011-06-06,110.52999877929688,110.77999877929688,110.44999694824219,110.61000061035156,64.45531463623047,445500
2011-06-07,110.52999877929688,111.02999877929688,110.47000122070312,110.98999786376953,64.67674255371094,405200
2011-06-08,111.02999877929688,111.23999786376953,110.91000366210938,111.05999755859375,64.71753692626953,450600
2011-06-09,111.1500015258789,111.25,110.55999755859375,110.76000213623047,64.542724609375,1355700
2011-06-10,110.81999969482422,110.98999786376953,110.52999877929688,110.62999725341797,64.46697235107422,1379300
2011-06-13,110.58999633789062,110.87000274658203,110.4800033569336,110.75,64.53689575195312,908900
2011-06-14,110.41999816894531,110.55000305175781,110.30999755859375,110.41999816894531,64.34455871582031,690200
2011-06-15,110.3499984741211,111.05000305175781,110.30000305175781,111.02999877929688,64.7000503540039,1024100
2011-06-16,111.0,111.08999633789062,110.7300033569336,110.81999969482422,64.57769775390625,1002000
2011-06-17,110.77999877929688,111.05000305175781,110.76000213623047,110.86000061035156,64.60099029541016,556100
2011-06-20,110.98999786376953,111.0,110.62000274658203,110.87999725341797,64.6126480102539,619400
2011-06-21,110.8499984741211,111.05999755859375,110.6500015258789,110.8499984741211,64.59518432617188,692800
2011-06-22,111.08999633789062,111.0999984741211,110.69999694824219,111.0,64.68262481689453,703200
2011-06-23,111.05999755859375,111.43000030517578,111.0,111.29000091552734,64.85152435302734,796100
2011-06-24,111.30999755859375,111.55999755859375,111.19000244140625,111.3499984741211,64.88655090332031,716900
2011-06-27,111.38999938964844,111.41999816894531,110.91000366210938,110.98999786376953,64.67674255371094,995100
2011-06-28,110.73999786376953,110.81999969482422,110.12999725341797,110.22000122070312,64.22801971435547,863400
2011-06-29,110.19000244140625,110.33999633789062,109.80000305175781,109.97000122070312,64.08238983154297,1041200
2011-06-30,110.16999816894531,110.20999908447266,109.56999969482422,110.12999725341797,64.17557525634766,1004100
2011-07-01,109.95999908447266,109.95999908447266,109.38999938964844,109.70999908447266,64.17916107177734,1495800
2011-07-05,109.72000122070312,110.37999725341797,109.72000122070312,110.0999984741211,64.40730285644531,1116100
2011-07-06,110.18000030517578,110.33999633789062,110.01000213623047,110.33000183105469,64.54183197021484,1343800
2011-07-07,110.06999969482422,110.43000030517578,110.0,110.36000061035156,64.55937957763672,1463800
2011-07-08,110.80000305175781,111.1500015258789,110.51000213623047,111.06999969482422,64.97469329833984,1044300
2011-07-11,111.36000061035156,111.5,111.0,111.44000244140625,65.1911392211914,1397100
2011-07-12,111.75,111.75,111.33999633789062,111.52999877929688,65.2437744140625,694400
2011-07-13,111.66000366210938,111.8499984741211,111.41000366210938,111.80999755859375,65.4076156616211,1014400
2011-07-14,111.5999984741211,111.6500015258789,111.06999969482422,111.12000274658203,65.00395965576172,761200
2011-07-15,111.06999969482422,111.37999725341797,110.97000122070312,111.37000274658203,65.15017700195312,531400
2011-07-18,111.30999755859375,111.33999633789062,110.81999969482422,110.94000244140625,64.89862060546875,1163600
2011-07-19,110.9800033569336,111.56999969482422,110.93000030517578,111.4800033569336,65.21458435058594,1230200
2011-07-20,111.41999816894531,111.58999633789062,111.12000274658203,111.22000122070312,65.06248474121094,1019800
2011-07-21,111.05000305175781,111.26000213623047,110.8499984741211,111.05000305175781,64.9630126953125,931400
2011-07-22,111.33000183105469,111.52999877929688,111.18000030517578,111.5,65.22624206542969,1121000
2011-07-25,111.0199966430664,111.44000244140625,110.81999969482422,110.97000122070312,64.91616821289062,1166900
2011-07-26,111.08999633789062,111.68000030517578,111.08999633789062,111.45999908447266,65.20285034179688,900200
2011-07-27,111.31999969482422,111.43000030517578,110.98999786376953,111.12999725341797,65.0097885131836,762400
2011-07-28,111.45999908447266,111.52999877929688,111.29000091552734,111.37000274658203,65.15017700195312,890200
2011-07-29,111.69999694824219,112.44000244140625,111.54000091552734,112.37000274658203,65.73522186279297,1680200
2011-08-01,112.23999786376953,112.83000183105469,112.12999725341797,112.27999877929688,65.92957305908203,2151200
2011-08-02,112.58999633789062,113.23999786376953,112.3499984741211,113.22000122070312,66.48151397705078,1427300
2011-08-03,113.37000274658203,113.70999908447266,113.1500015258789,113.18000030517578,66.4580307006836,2093400
2011-08-04,113.41000366210938,114.16999816894531,113.29000091552734,114.0,66.93950653076172,2160900
2011-08-05,113.86000061035156,113.91999816894531,112.37999725341797,112.58999633789062,66.11162567138672,2470900
2011-08-08,112.47000122070312,112.47000122070312,111.51000213623047,111.5199966430664,65.48326873779297,2548400
2011-08-09,111.68000030517578,113.63999938964844,111.55000305175781,112.5199966430664,66.07044219970703,2109000
2011-08-10,113.18000030517578,113.73999786376953,112.79000091552734,113.52999877929688,66.66352844238281,1264900
2011-08-11,112.19999694824219,113.30000305175781,110.80999755859375,111.19999694824219,65.2953872680664,1858300
2011-08-12,111.7699966430664,112.62999725341797,111.5199966430664,112.47000122070312,66.04115295410156,1962400
2011-08-15,112.52999877929688,112.80999755859375,112.30000305175781,112.68000030517578,66.16446685791016,1884300
2011-08-16,112.5199966430664,113.30999755859375,112.41000366210938,113.08999633789062,66.4051742553711,1692300
2011-08-17,113.37999725341797,113.7300033569336,112.9800033569336,113.4000015258789,66.5871810913086,1050200
2011-08-18,113.93000030517578,114.0,113.20999908447266,113.55000305175781,66.67529296875,1358100
2011-08-19,113.44999694824219,113.61000061035156,113.18000030517578,113.41000366210938,66.59310150146484,1749300
2011-08-22,113.55000305175781,113.6500015258789,112.91000366210938,112.98999786376953,66.34640502929688,1464200
2011-08-23,112.45999908447266,112.5,111.44999694824219,111.69999694824219,65.5890121459961,2340100
2011-08-24,111.4800033569336,111.62000274658203,110.19999694824219,110.37999725341797,64.81388854980469,1513600
2011-08-25,110.91000366210938,111.18000030517578,110.66999816894531,110.98999786376953,65.17205810546875,1480200
2011-08-26,111.13999938964844,111.62000274658203,110.88999938964844,111.04000091552734,65.20143127441406,1134400
2011-08-29,110.94999694824219,111.47000122070312,110.8499984741211,111.4000015258789,65.41287994384766,1186200
2011-08-30,111.7699966430664,112.16000366210938,111.66000366210938,111.98999786376953,65.75928497314453,1420000
2011-08-31,112.44999694824219,112.73999786376953,112.19999694824219,112.33000183105469,65.9589614868164,1332700
2011-09-01,112.37999725341797,112.55999755859375,111.52999877929688,112.0,66.00782012939453,2821200
2011-09-02,112.80000305175781,113.0,112.25,112.69000244140625,66.41448974609375,1386300
2011-09-06,112.83999633789062,113.95999908447266,112.51000213623047,113.3499984741211,66.8034896850586,4665100
2011-09-07,113.56999969482422,113.81999969482422,113.26000213623047,113.56999969482422,66.93311309814453,826700
2011-09-08,113.73999786376953,113.73999786376953,113.1500015258789,113.47000122070312,66.87416076660156,1397100
2011-09-09,113.4000015258789,113.9000015258789,113.08000183105469,113.58999633789062,66.94489288330078,1029500
2011-09-12,113.05000305175781,113.5199966430664,112.81999969482422,112.9000015258789,66.5382308959961,1749500
2011-09-13,112.69000244140625,112.9800033569336,112.5,112.87999725341797,66.52643585205078,1536800
2011-09-14,112.68000030517578,113.11000061035156,112.68000030517578,112.83000183105469,66.4969711303711,954900
2011-09-15,112.41999816894531,112.62999725341797,112.25,112.44000244140625,66.26720428466797,1326900
2011-09-16,112.30000305175781,112.81999969482422,112.30000305175781,112.44000244140625,66.26720428466797,1528700
2011-09-19,113.0,113.19999694824219,112.91999816894531,113.05999755859375,66.63260650634766,903300
2011-09-20,113.0999984741211,113.31999969482422,113.0,113.11000061035156,66.66201782226562,889200
2011-09-21,113.11000061035156,113.55000305175781,112.75,113.37000274658203,66.81524658203125,1006500
2011-09-22,113.68000030517578,113.80999755859375,112.9000015258789,113.58999633789062,66.94489288330078,1304000
2011-09-23,113.44999694824219,113.5199966430664,112.88999938964844,112.88999938964844,66.53238677978516,686500
2011-09-26,112.69999694824219,113.0199966430664,112.44999694824219,112.68000030517578,66.40862274169922,811500
2011-09-27,112.1500015258789,112.55000305175781,112.04000091552734,112.31999969482422,66.19639587402344,1298700
2011-09-28,112.18000030517578,112.18000030517578,111.66000366210938,111.87000274658203,65.93122100830078,1238500
2011-09-29,112.0999984741211,112.2699966430664,111.75,111.75,65.86046600341797,864500
2011-09-30,112.33000183105469,112.43000030517578,111.9000015258789,112.30999755859375,66.1905517578125,1483800
2011-10-03,112.0199966430664,112.19000244140625,111.69000244140625,112.0999984741211,66.31352996826172,3575400
2011-10-04,112.13999938964844,112.1500015258789,110.75,111.12000274658203,65.73384094238281,1753300
2011-10-05,111.26000213623047,111.5999984741211,110.69000244140625,111.58000183105469,66.00593566894531,4530500
2011-10-06,111.63999938964844,111.81999969482422,111.08000183105469,111.12999725341797,65.73980712890625,1410900
2011-10-07,111.1500015258789,111.48999786376953,110.94999694824219,111.02999877929688,65.68064880371094,2117800
2011-10-10,111.02999877929688,111.36000061035156,110.6500015258789,111.23999786376953,65.80482482910156,953700
2011-10-11,111.54000091552734,111.75,111.13999938964844,111.54000091552734,65.9822998046875,2097300
2011-10-12,111.54000091552734,111.87999725341797,111.20999908447266,111.70999908447266,66.0828857421875,1613100
2011-10-13,111.9800033569336,112.01000213623047,111.66000366210938,111.80999755859375,66.14201354980469,1494400
2011-10-14,111.13999938964844,111.91999816894531,111.08000183105469,111.73999786376953,66.10063934326172,1051900
2011-10-17,111.94999694824219,111.94999694824219,111.62999725341797,111.66000366210938,66.05329895019531,979000
2011-10-18,111.8499984741211,112.27999877929688,111.80000305175781,112.05000305175781,66.28398132324219,835100
2011-10-19,112.27999877929688,112.5,112.0,112.33999633789062,66.45557403564453,1839700
2011-10-20,112.30000305175781,112.6500015258789,112.06999969482422,112.58999633789062,66.60343933105469,937600
2011-10-21,112.6500015258789,113.0199966430664,112.63999938964844,112.95999908447266,66.82227325439453,850600
2011-10-24,113.22000122070312,113.54000091552734,113.19999694824219,113.54000091552734,67.1653823852539,1341200
2011-10-25,113.4800033569336,114.19999694824219,113.43000030517578,114.0999984741211,67.49665832519531,1546300
2011-10-26,114.22000122070312,114.30999755859375,113.7699966430664,114.0199966430664,67.44937133789062,1035800
2011-10-27,113.97000122070312,114.63999938964844,113.9000015258789,114.0,67.43753051757812,2364200
2011-10-28,114.25,114.72000122070312,114.04000091552734,114.44000244140625,67.69779205322266,2102500
2011-10-31,114.63999938964844,114.94999694824219,114.3499984741211,114.69999694824219,67.85163879394531,1548300
2011-11-01,114.69999694824219,114.98999786376953,114.36000061035156,114.87000274658203,68.191162109375,1530900
2011-11-02,114.73999786376953,115.31999969482422,114.5999984741211,115.29000091552734,68.44051361083984,1871200
2011-11-03,115.16999816894531,115.52999877929688,114.86000061035156,115.3499984741211,68.47614288330078,1868200
2011-11-04,115.30000305175781,115.68000030517578,115.0199966430664,115.58000183105469,68.61266326904297,1489300
2011-11-07,115.4000015258789,115.68000030517578,115.06999969482422,115.12000274658203,68.33960723876953,757000
2011-11-08,115.11000061035156,115.23999786376953,114.37000274658203,114.41000366210938,67.91815185546875,4358700
2011-11-09,114.62000274658203,114.87999725341797,114.05999755859375,114.11000061035156,67.74004364013672,1252300
2011-11-10,113.77999877929688,113.87000274658203,113.05999755859375,113.54000091552734,67.40161895751953,1487800
2011-11-11,113.56999969482422,113.58000183105469,112.9800033569336,113.33999633789062,67.28289031982422,1114200
2011-11-14,113.41000366210938,113.61000061035156,113.19999694824219,113.33000183105469,67.2770004272461,821400
2011-11-15,113.26000213623047,113.55000305175781,113.01000213623047,113.22000122070312,67.21166229248047,1425200
2011-11-16,113.37000274658203,113.37000274658203,112.75,112.86000061035156,66.99794006347656,2641800
2011-11-17,112.7300033569336,112.93000030517578,111.9000015258789,111.97000122070312,66.46961975097656,4230700
2011-11-18,111.97000122070312,112.19999694824219,111.77999877929688,112.1500015258789,66.57649993896484,1280400
2011-11-21,112.12000274658203,112.12000274658203,111.58000183105469,111.69000244140625,66.30343627929688,1355300
2011-11-22,111.51000213623047,111.72000122070312,111.4000015258789,111.4000015258789,66.13125610351562,1391700
2011-11-23,111.19999694824219,111.19999694824219,110.6500015258789,110.83000183105469,65.79289245605469,1796600
2011-11-25,110.61000061035156,110.83000183105469,110.33000183105469,110.38999938964844,65.53166961669922,660100
2011-11-28,110.12999725341797,110.80999755859375,109.80999755859375,110.44000244140625,65.56135559082031,2416000
2011-11-29,110.38999938964844,110.43000030517578,109.93000030517578,110.19000244140625,65.41302490234375,1460500
2011-11-30,110.80000305175781,110.9000015258789,110.44000244140625,110.69000244140625,65.70977020263672,1759300
2011-12-01,110.30000305175781,110.63999938964844,110.11000061035156,110.55999755859375,65.8623046875,1661300
2011-12-02,110.8499984741211,111.55000305175781,110.56999969482422,111.5,66.42229461669922,1882200
2011-12-05,111.5,112.33000183105469,111.44999694824219,112.33000183105469,66.91671752929688,1826300
2011-12-06,112.05999755859375,112.37000274658203,111.66999816894531,111.7300033569336,66.55928802490234,1166900
2011-12-07,112.16000366210938,112.47000122070312,111.98999786376953,112.43000030517578,66.97630310058594,1560000
2011-12-08,112.30000305175781,112.33999633789062,111.95999908447266,112.05000305175781,66.74986267089844,1110300
2011-12-09,112.37999725341797,112.44000244140625,111.5,111.62000274658203,66.49375915527344,1018000
2011-12-12,111.91000366210938,111.95999908447266,111.47000122070312,111.62999725341797,66.49967956542969,574500
2011-12-13,111.68000030517578,112.29000091552734,111.6500015258789,112.01000213623047,66.7260513305664,1206100
2011-12-14,112.1500015258789,112.29000091552734,111.9000015258789,112.19999694824219,66.83927154541016,1085400
2011-12-15,112.19999694824219,112.5,112.19000244140625,112.37999725341797,66.94644165039062,912600
2011-12-16,112.5,113.05000305175781,112.44999694824219,113.01000213623047,67.32178497314453,1464900
2011-12-19,113.12999725341797,113.48999786376953,112.87000274658203,113.41000366210938,67.5600357055664,1061800
2011-12-20,113.31999969482422,113.58000183105469,113.19999694824219,113.33000183105469,67.51243591308594,1127900
2011-12-21,113.37999725341797,113.44000244140625,112.8499984741211,112.8499984741211,67.22647857666016,1159500
2011-12-22,113.19000244140625,113.5,113.11000061035156,113.44000244140625,67.57797241210938,1762800
2011-12-23,113.3499984741211,113.3499984741211,112.94999694824219,113.08999633789062,67.36942291259766,830600
2011-12-27,112.81999969482422,113.13999938964844,112.43000030517578,113.12999725341797,67.62527465820312,872900
2011-12-28,113.27999877929688,113.5,113.05000305175781,113.33999633789062,67.75080871582031,501500
2011-12-29,113.48999786376953,113.5,113.0199966430664,113.27999877929688,67.71492004394531,971600
2011-12-30,113.44999694824219,113.8499984741211,113.33000183105469,113.76000213623047,68.00191497802734,807100
2012-01-03,113.80000305175781,114.0,113.5,113.66999816894531,67.94806671142578,2509400
2012-01-04,113.75,113.94999694824219,113.44000244140625,113.76000213623047,68.00191497802734,1641400
2012-01-05,113.69999694824219,113.76000213623047,113.19999694824219,113.2699966430664,67.7089614868164,1454800
2012-01-06,113.48999786376953,113.81999969482422,113.38999938964844,113.70999908447266,67.97200775146484,781000
2012-01-09,113.83000183105469,113.93000030517578,113.54000091552734,113.54000091552734,67.870361328125,1184400
2012-01-10,113.69999694824219,113.91999816894531,113.61000061035156,113.86000061035156,68.0616683959961,1946400
2012-01-11,113.88999938964844,114.05000305175781,113.80999755859375,113.83999633789062,68.0497055053711,2382700
2012-01-12,114.18000030517578,114.37999725341797,114.01000213623047,114.0999984741211,68.2051010131836,1820800
2012-01-13,114.44000244140625,114.81999969482422,114.3499984741211,114.51000213623047,68.4502182006836,3220100
2012-01-17,114.77999877929688,114.88999938964844,114.61000061035156,114.86000061035156,68.65940856933594,1689000
2012-01-18,115.0,115.04000091552734,114.58999633789062,114.62999725341797,68.52197265625,1643200
2012-01-19,114.7699966430664,114.93000030517578,114.41999816894531,114.5999984741211,68.50396728515625,1268300
2012-01-20,114.52999877929688,114.61000061035156,114.20999908447266,114.30999755859375,68.33063507080078,1140300
2012-01-23,114.23999786376953,114.4000015258789,114.13999938964844,114.13999938964844,68.22904205322266,1129000
2012-01-24,114.23999786376953,114.56999969482422,114.16000366210938,114.55000305175781,68.47415924072266,1321300
2012-01-25,114.61000061035156,115.52999877929688,114.38999938964844,114.94000244140625,68.70721435546875,1697600
2012-01-26,115.62999725341797,115.87000274658203,115.51000213623047,115.83999633789062,69.24518585205078,1342800
2012-01-27,115.91000366210938,116.20999908447266,115.75,116.01000213623047,69.34681701660156,1148400
2012-01-30,116.4000015258789,116.41000366210938,115.83999633789062,115.86000061035156,69.25719451904297,1325500
2012-01-31,116.13999938964844,116.37999725341797,115.94999694824219,116.19999694824219,69.46044921875,1504000
2012-02-01,116.08000183105469,116.31999969482422,115.73999786376953,116.2699966430664,69.73689270019531,3195600
2012-02-02,116.27999877929688,116.56999969482422,116.19999694824219,116.51000213623047,69.880859375,2860600
2012-02-03,116.0999984741211,116.38999938964844,115.9000015258789,116.33999633789062,69.77893829345703,2148400
2012-02-06,116.23999786376953,116.83999633789062,116.23999786376953,116.63999938964844,69.95878601074219,1141700
2012-02-07,116.44000244140625,116.55999755859375,116.19999694824219,116.41999816894531,69.82688903808594,1061100
2012-02-08,116.47000122070312,116.6500015258789,116.31999969482422,116.54000091552734,69.89886474609375,1651200
2012-02-09,116.5,116.51000213623047,115.9800033569336,116.16999816894531,69.67695617675781,2439000
2012-02-10,116.18000030517578,116.25,115.83000183105469,116.05999755859375,69.61099243164062,1776500
2012-02-13,116.5,116.52999877929688,116.29000091552734,116.45999908447266,69.85086059570312,1061300
2012-02-14,116.5199966430664,116.73999786376953,116.4000015258789,116.55000305175781,69.90485382080078,1972900
2012-02-15,116.6500015258789,116.86000061035156,116.3499984741211,116.38999938964844,69.80890655517578,1025100
2012-02-16,116.43000030517578,116.43000030517578,116.0199966430664,116.19000244140625,69.68893432617188,1821400
2012-02-17,115.95999908447266,116.13999938964844,115.83000183105469,116.01000213623047,69.58096313476562,1858600
2012-02-21,116.16999816894531,116.30000305175781,115.81999969482422,115.81999969482422,69.4670181274414,1887500
2012-02-22,116.16999816894531,116.58000183105469,115.94000244140625,116.54000091552734,69.89886474609375,2834500
2012-02-23,116.44999694824219,116.72000122070312,116.22000122070312,116.69999694824219,69.9948501586914,1590800
2012-02-24,116.83000183105469,116.98999786376953,116.52999877929688,116.79000091552734,70.04881286621094,2175100
2012-02-27,117.18000030517578,117.30000305175781,116.97000122070312,117.22000122070312,70.30673217773438,1160200
2012-02-28,117.5,117.80000305175781,117.41000366210938,117.58999633789062,70.5286636352539,2136700
2012-02-29,117.5999984741211,117.87000274658203,117.4000015258789,117.69999694824219,70.59461975097656,1769800
2012-03-01,116.94000244140625,117.19000244140625,116.79000091552734,117.0199966430664,70.42790985107422,2300600
2012-03-02,117.02999877929688,117.37000274658203,117.01000213623047,117.05999755859375,70.45196533203125,1880600
2012-03-05,117.18000030517578,117.30999755859375,116.69000244140625,116.8499984741211,70.32560729980469,1646400
2012-03-06,116.81999969482422,116.91000366210938,116.5,116.66999816894531,70.2172622680664,1682900
2012-03-07,116.68000030517578,116.8499984741211,116.5199966430664,116.62000274658203,70.18714904785156,1410400
2012-03-08,116.72000122070312,116.83000183105469,116.52999877929688,116.63999938964844,70.1991958618164,1202400
2012-03-09,116.52999877929688,116.5999984741211,116.2699966430664,116.58000183105469,70.16304016113281,1659400
2012-03-12,116.75,116.77999877929688,116.33999633789062,116.3499984741211,70.02469635009766,2027900
2012-03-13,116.2699966430664,116.4000015258789,115.91999816894531,116.02999877929688,69.83206939697266,2230100
2012-03-14,115.73999786376953,115.73999786376953,114.5999984741211,114.6500015258789,69.00154876708984,3067800
2012-03-15,114.72000122070312,115.12000274658203,114.29000091552734,114.4000015258789,68.85107421875,2035800
2012-03-16,114.19999694824219,114.58999633789062,114.0,114.56999969482422,68.95343017578125,3390500
2012-03-19,114.54000091552734,114.62999725341797,114.16000366210938,114.41000366210938,68.85711669921875,1961200
2012-03-20,114.18000030517578,114.5,114.05000305175781,114.33999633789062,68.81494140625,1825900
2012-03-21,114.58000183105469,114.9000015258789,114.45999908447266,114.86000061035156,69.12794494628906,2112500
2012-03-22,114.81999969482422,114.83999633789062,114.5999984741211,114.66999816894531,69.0135498046875,3073000
2012-03-23,114.91999816894531,115.0999984741211,114.76000213623047,114.76000213623047,69.06775665283203,2235200
2012-03-26,115.0199966430664,115.27999877929688,114.81999969482422,115.01000213623047,69.21818542480469,1600200
2012-03-27,115.0199966430664,115.94999694824219,115.0199966430664,115.9000015258789,69.75389099121094,2904800
2012-03-28,115.7300033569336,116.0,115.5199966430664,115.68000030517578,69.62140655517578,1666400
2012-03-29,115.87000274658203,116.04000091552734,115.62000274658203,115.91000366210938,69.7598648071289,1632100
2012-03-30,116.0999984741211,116.18000030517578,115.4800033569336,115.62999725341797,69.59136199951172,4285000
2012-04-02,115.43000030517578,115.5999984741211,115.16000366210938,115.52999877929688,69.77072143554688,6107600
2012-04-03,115.5,115.80000305175781,114.38999938964844,114.43000030517578,69.10643768310547,2724100
2012-04-04,114.80999755859375,114.98999786376953,114.63999938964844,114.6500015258789,69.23927307128906,1620100
2012-04-05,114.87999725341797,115.12999725341797,114.5999984741211,114.83999633789062,69.35401916503906,1646300
2012-04-09,115.6500015258789,115.73999786376953,115.38999938964844,115.58999633789062,69.80696868896484,1026600
2012-04-10,115.80999755859375,115.80999755859375,115.47000122070312,115.5199966430664,69.7646713256836,2263600
2012-04-11,115.5199966430664,115.58000183105469,114.98999786376953,115.4000015258789,69.6922378540039,1311400
2012-04-12,115.5999984741211,115.69999694824219,115.38999938964844,115.44999694824219,69.72237396240234,1400700
2012-04-13,115.69999694824219,116.04000091552734,115.69999694824219,116.0,70.0545425415039,1012800
2012-04-16,115.97000122070312,116.29000091552734,115.9000015258789,116.0,70.0545425415039,2396800
2012-04-17,115.97000122070312,116.16999816894531,115.80999755859375,116.1500015258789,70.1451644897461,2229300
2012-04-18,116.2300033569336,116.27999877929688,116.05000305175781,116.12999725341797,70.133056640625,2663500
2012-04-19,116.38999938964844,116.4000015258789,116.12999725341797,116.20999908447266,70.18135833740234,1141800
2012-04-20,116.08000183105469,116.2699966430664,115.93000030517578,116.18000030517578,70.16322326660156,663400
2012-04-23,116.4000015258789,116.41000366210938,116.1500015258789,116.19999694824219,70.17529296875,976400
2012-04-24,116.16000366210938,116.20999908447266,115.94000244140625,115.98999786376953,70.04851531982422,1988800
2012-04-25,115.8499984741211,116.2300033569336,115.75,116.19000244140625,70.16931915283203,1709800
2012-04-26,116.25,116.54000091552734,116.23999786376953,116.37999725341797,70.28404235839844,1116300
2012-04-27,116.47000122070312,116.5999984741211,116.2699966430664,116.55000305175781,70.38675689697266,1601000
2012-04-30,116.68000030517578,116.76000213623047,116.41999816894531,116.4800033569336,70.34443664550781,1733000
2012-05-01,116.38999938964844,116.51000213623047,115.83000183105469,115.87000274658203,70.21054077148438,2430700
2012-05-02,116.12999725341797,116.29000091552734,116.05999755859375,116.25,70.44074249267578,2046500
2012-05-03,116.25,116.44999694824219,116.11000061035156,116.31999969482422,70.48320770263672,1356300
2012-05-04,116.4800033569336,116.58000183105469,116.44000244140625,116.44999694824219,70.56195068359375,686400
2012-05-07,116.5,116.69999694824219,116.4000015258789,116.6500015258789,70.68313598632812,787200
2012-05-08,116.75,117.0,116.62000274658203,116.94000244140625,70.8589096069336,1570700
2012-05-09,116.6500015258789,116.98999786376953,116.56999969482422,116.73999786376953,70.73765563964844,2175700
2012-05-10,116.62000274658203,116.68000030517578,116.30000305175781,116.5,70.59228515625,1600000
2012-05-11,116.77999877929688,117.0,116.75,116.8499984741211,70.80435180664062,2977200
2012-05-14,117.05999755859375,117.18000030517578,116.76000213623047,116.87999725341797,70.82251739501953,1925800
2012-05-15,117.05999755859375,117.05999755859375,116.62000274658203,116.7300033569336,70.73162841796875,2455300
2012-05-16,116.30999755859375,116.91000366210938,116.22000122070312,116.79000091552734,70.76797485351562,2700500
2012-05-17,116.38999938964844,116.44999694824219,115.9000015258789,115.91999816894531,70.24083709716797,2367900
2012-05-18,115.75,115.7699966430664,115.38999938964844,115.47000122070312,69.96814727783203,1969000
2012-05-21,115.47000122070312,115.66000366210938,115.25,115.5999984741211,70.04690551757812,1387000
2012-05-22,115.37999725341797,115.5999984741211,115.22000122070312,115.29000091552734,69.85907745361328,1728300
2012-05-23,115.38999938964844,115.80000305175781,115.37000274658203,115.56999969482422,70.0287094116211,1870700
2012-05-24,115.58999633789062,115.63999938964844,115.43000030517578,115.58999633789062,70.0408706665039,1212900
2012-05-25,115.68000030517578,115.91000366210938,115.5999984741211,115.87999725341797,70.21659851074219,594000
2012-05-29,115.9800033569336,116.29000091552734,115.94999694824219,116.05000305175781,70.31961059570312,2514200
2012-05-30,116.4800033569336,116.56999969482422,116.12999725341797,116.1500015258789,70.38015747070312,1919500
2012-05-31,116.48999786376953,117.0,116.25,116.97000122070312,70.87704467773438,4629800
2012-06-01,116.58999633789062,117.30000305175781,116.33000183105469,117.29000091552734,71.31239318847656,3800200
2012-06-04,116.75,116.91000366210938,116.36000061035156,116.4000015258789,70.7712173461914,2643900
2012-06-05,116.2699966430664,116.48999786376953,116.06999969482422,116.1500015258789,70.61921691894531,2430900
2012-06-06,116.2699966430664,116.2699966430664,115.56999969482422,115.80999755859375,70.41258239746094,2499400
2012-06-07,115.88999938964844,116.0999984741211,115.7300033569336,116.05000305175781,70.55851745605469,2929700
2012-06-08,116.55999755859375,116.66999816894531,116.19999694824219,116.4800033569336,70.8199234008789,1713000
2012-06-11,116.45999908447266,116.7300033569336,116.27999877929688,116.45999908447266,70.80774688720703,1354200
2012-06-12,116.3499984741211,116.43000030517578,115.93000030517578,116.12000274658203,70.6010513305664,926300
2012-06-13,116.19000244140625,116.55000305175781,116.04000091552734,116.54000091552734,70.85638427734375,1333000
2012-06-14,116.4800033569336,116.55999755859375,116.16999816894531,116.4000015258789,70.7712173461914,1574900
2012-06-15,116.75,116.95999908447266,116.62000274658203,116.87999725341797,71.06310272216797,1347100
2012-06-18,116.95999908447266,117.0,116.69999694824219,116.83000183105469,71.03270721435547,996800
2012-06-19,116.97000122070312,117.30999755859375,116.66999816894531,116.72000122070312,70.96585083007812,2159200
2012-06-20,116.66000366210938,116.9800033569336,116.4800033569336,116.7699966430664,70.99622344970703,2579000
2012-06-21,116.9800033569336,117.2699966430664,116.91999816894531,116.94999694824219,71.10563659667969,2229400
2012-06-22,116.94000244140625,117.12000274658203,116.80000305175781,116.86000061035156,71.05096435546875,1245600
2012-06-25,117.12000274658203,117.33999633789062,116.95999908447266,117.16000366210938,71.23338317871094,1702300
2012-06-26,117.08999633789062,117.41999816894531,117.0199966430664,117.27999877929688,71.3062744140625,1642300
2012-06-27,117.48999786376953,117.61000061035156,117.31999969482422,117.44000244140625,71.40357208251953,2352100
2012-06-28,117.68000030517578,117.86000061035156,117.61000061035156,117.62000274658203,71.51302337646484,2286500
2012-06-29,117.5,117.80999755859375,117.4000015258789,117.58999633789062,71.4947738647461,2348600
2012-07-02,117.58000183105469,118.0,117.44999694824219,117.81999969482422,71.87425231933594,2310500
2012-07-03,117.86000061035156,117.98999786376953,117.73999786376953,117.91999816894531,71.93521118164062,808800
2012-07-05,117.9800033569336,118.33999633789062,117.93000030517578,118.22000122070312,72.11824798583984,1982300
2012-07-06,118.38999938964844,118.56999969482422,118.0199966430664,118.5199966430664,72.3012466430664,1533100
2012-07-09,118.41000366210938,118.76000213623047,118.37999725341797,118.5999984741211,72.35005950927734,1119500
2012-07-10,118.7699966430664,118.86000061035156,118.56999969482422,118.56999969482422,72.33177185058594,1385600
2012-07-11,118.80000305175781,119.11000061035156,118.75,118.7699966430664,72.4537353515625,1210000
2012-07-12,118.94999694824219,119.41000366210938,118.81999969482422,119.37000274658203,72.81974792480469,1716700
2012-07-13,119.31999969482422,119.5199966430664,119.05000305175781,119.41000366210938,72.84418487548828,1634700
2012-07-16,119.83000183105469,119.86000061035156,119.58999633789062,119.73999786376953,73.04547882080078,750100
2012-07-17,119.7699966430664,119.9000015258789,119.52999877929688,119.73999786376953,73.04547882080078,2479000
2012-07-18,120.12000274658203,120.48999786376953,120.06999969482422,120.4000015258789,73.44813537597656,2351900
2012-07-19,120.41000366210938,120.87000274658203,120.41000366210938,120.61000061035156,73.57621765136719,3499900
2012-07-20,120.80000305175781,120.91999816894531,120.66000366210938,120.69999694824219,73.631103515625,1144600
2012-07-23,120.72000122070312,120.80000305175781,120.25,120.30999755859375,73.39318084716797,1328000
2012-07-24,120.22000122070312,120.62999725341797,120.16999816894531,120.5,73.50910186767578,1333100
2012-07-25,120.69000244140625,120.86000061035156,120.54000091552734,120.7300033569336,73.64945220947266,2551400
2012-07-26,120.7300033569336,120.97000122070312,120.7300033569336,120.91999816894531,73.76536560058594,1094600
2012-07-27,120.55999755859375,120.6500015258789,119.73999786376953,120.3499984741211,73.41759490966797,2952200
2012-07-30,120.22000122070312,120.77999877929688,120.22000122070312,120.66000366210938,73.60672760009766,2581500
2012-07-31,121.05000305175781,121.29000091552734,120.83999633789062,121.27999877929688,73.98497009277344,1563500
2012-08-01,120.66000366210938,120.97000122070312,120.4000015258789,120.76000213623047,73.90233612060547,2583100
2012-08-02,121.0,121.05999755859375,120.19999694824219,120.83999633789062,73.95130920410156,1500000
2012-08-03,120.54000091552734,120.68000030517578,120.19000244140625,120.55000305175781,73.7738037109375,2259800
2012-08-06,120.72000122070312,120.79000091552734,120.5999984741211,120.70999908447266,73.87171936035156,1596300
2012-08-07,120.2300033569336,120.33999633789062,120.0,120.08000183105469,73.48619079589844,4136600
2012-08-08,120.2300033569336,120.2699966430664,119.69999694824219,119.73999786376953,73.2780990600586,2310300
2012-08-09,119.58000183105469,119.7699966430664,119.30000305175781,119.66000366210938,73.2291488647461,2496100
2012-08-10,120.08999633789062,120.0999984741211,119.79000091552734,120.0,73.43718719482422,1482700
2012-08-13,119.95999908447266,120.06999969482422,119.7300033569336,119.75,73.28425598144531,1127000
2012-08-14,119.47000122070312,119.47000122070312,119.18000030517578,119.20999908447266,72.95378112792969,1593600
2012-08-15,119.02999877929688,119.06999969482422,118.6500015258789,118.6500015258789,72.61106872558594,3995300
2012-08-16,118.75,118.9000015258789,118.12999725341797,118.30000305175781,72.39683532714844,1895700
2012-08-17,118.41000366210938,118.79000091552734,118.4000015258789,118.45999908447266,72.49481964111328,1734500
2012-08-20,118.2699966430664,118.81999969482422,118.26000213623047,118.79000091552734,72.69671630859375,1813900
2012-08-21,118.76000213623047,118.98999786376953,118.4800033569336,118.98999786376953,72.81913757324219,2010000
2012-08-22,119.44999694824219,119.69999694824219,119.19000244140625,119.66999816894531,73.23528289794922,2281400
2012-08-23,119.83999633789062,119.91000366210938,119.72000122070312,119.76000213623047,73.29036712646484,883300
2012-08-24,119.94999694824219,119.94999694824219,119.7300033569336,119.88999938964844,73.3698959350586,1335300
2012-08-27,120.1500015258789,120.26000213623047,120.0,120.04000091552734,73.461669921875,1879300
2012-08-28,120.19000244140625,120.27999877929688,120.05999755859375,120.20999908447266,73.56574249267578,908300
2012-08-29,120.19000244140625,120.19000244140625,119.87999725341797,119.95999908447266,73.41275787353516,1777000
2012-08-30,120.05999755859375,120.12999725341797,119.94999694824219,120.0,73.43718719482422,1888000
2012-08-31,120.04000091552734,120.83000183105469,120.04000091552734,120.83000183105469,73.94520568847656,1766500
2012-09-04,120.55999755859375,120.56999969482422,120.05000305175781,120.16000366210938,73.77022552490234,3788800
2012-09-05,120.1500015258789,120.80000305175781,120.05999755859375,120.20999908447266,73.80085754394531,817600
2012-09-06,119.8499984741211,119.91999816894531,119.61000061035156,119.68000030517578,73.47553253173828,2078500
2012-09-07,120.5999984741211,120.62000274658203,119.9000015258789,119.93000030517578,73.62899780273438,2192700
2012-09-10,119.93000030517578,120.01000213623047,119.72000122070312,119.91999816894531,73.62285614013672,1075900
2012-09-11,120.0,120.12000274658203,119.80000305175781,120.0199966430664,73.68428039550781,2641500
2012-09-12,119.77999877929688,119.83000183105469,119.56999969482422,119.77999877929688,73.53692626953125,1334800
2012-09-13,120.0199966430664,120.58999633789062,119.6500015258789,120.41999816894531,73.92981719970703,3618500
2012-09-14,120.0999984741211,120.0999984741211,119.36000061035156,119.69999694824219,73.48776245117188,3164800
2012-09-17,120.02999877929688,120.33999633789062,119.91999816894531,120.11000061035156,73.7394790649414,898100
2012-09-18,120.48999786376953,120.6500015258789,120.31999969482422,120.4800033569336,73.96665954589844,1563000
2012-09-19,120.83000183105469,120.94000244140625,120.6500015258789,120.68000030517578,74.08941650390625,1237400
2012-09-20,120.9800033569336,121.05999755859375,120.55000305175781,120.58000183105469,74.02803802490234,1165200
2012-09-21,120.52999877929688,120.86000061035156,120.44999694824219,120.80000305175781,74.1630859375,1305900
2012-09-24,120.97000122070312,121.02999877929688,120.83999633789062,120.9800033569336,74.27360534667969,1191700
2012-09-25,121.01000213623047,121.22000122070312,120.83000183105469,121.22000122070312,74.42095184326172,3287800
2012-09-26,121.26000213623047,121.56999969482422,121.19999694824219,121.55999755859375,74.62969970703125,1162900
2012-09-27,121.5199966430664,121.73999786376953,121.43000030517578,121.5,74.5928726196289,1720200
2012-09-28,121.75,121.91000366210938,121.55999755859375,121.7699966430664,74.75865936279297,2519100
2012-10-01,121.66999816894531,121.76000213623047,121.4000015258789,121.70999908447266,74.9581298828125,3318000
2012-10-02,121.58999633789062,121.79000091552734,121.55999755859375,121.75,74.9827880859375,2188900
2012-10-03,121.6500015258789,121.83000183105469,121.52999877929688,121.83000183105469,75.03206634521484,6193600
2012-10-04,121.7300033569336,121.91999816894531,121.66999816894531,121.7300033569336,74.97046661376953,1710500
2012-10-05,121.56999969482422,121.69000244140625,121.5,121.54000091552734,74.85347747802734,1711500
2012-10-08,121.86000061035156,121.94999694824219,121.7300033569336,121.86000061035156,75.05054473876953,715300
2012-10-09,121.6500015258789,122.22000122070312,121.6500015258789,121.98999786376953,75.1306381225586,3132200
2012-10-10,121.88999938964844,122.36000061035156,121.76000213623047,122.20999908447266,75.26612091064453,2418400
2012-10-11,122.05999755859375,122.69000244140625,122.02999877929688,122.61000061035156,75.51246643066406,2165200
2012-10-12,122.76000213623047,122.95999908447266,122.66000366210938,122.75,75.59867095947266,1712000
2012-10-15,122.79000091552734,123.1500015258789,122.7300033569336,123.12999725341797,75.8327407836914,2144800
2012-10-16,123.05999755859375,123.19999694824219,122.93000030517578,123.05000305175781,75.78341674804688,2177900
2012-10-17,123.0199966430664,123.1500015258789,122.76000213623047,122.80999755859375,75.63563537597656,6454900
2012-10-18,122.95999908447266,123.0,122.5,122.58000183105469,75.49398803710938,1541400
2012-10-19,122.69999694824219,123.01000213623047,122.5999984741211,122.80000305175781,75.62947082519531,1716000
2012-10-22,122.54000091552734,122.70999908447266,122.45999908447266,122.51000213623047,75.45091247558594,2030300
2012-10-23,122.4000015258789,122.75,122.37000274658203,122.72000122070312,75.58024597167969,1188600
2012-10-24,122.61000061035156,122.76000213623047,122.37000274658203,122.38999938964844,75.37696838378906,2842400
2012-10-25,122.23999786376953,122.43000030517578,122.0,122.04000091552734,75.16139221191406,1511200
2012-10-26,122.37000274658203,122.66000366210938,122.22000122070312,122.63999938964844,75.53093719482422,1206500
2012-10-31,122.94000244140625,123.18000030517578,122.69000244140625,123.0199966430664,75.76498413085938,1286500
2012-11-01,122.58999633789062,122.7699966430664,122.38999938964844,122.4800033569336,75.43236541748047,1953700
2012-11-02,122.38999938964844,122.48999786376953,122.02999877929688,122.23999786376953,75.2845230102539,1940300
2012-11-05,122.26000213623047,122.51000213623047,122.26000213623047,122.30000305175781,75.32157135009766,2073200
2012-11-06,122.11000061035156,122.2300033569336,121.6500015258789,121.70999908447266,74.9581298828125,1459400
2012-11-07,122.41000366210938,122.44999694824219,121.95999908447266,121.95999908447266,75.11212921142578,1585400
2012-11-08,121.9000015258789,122.0,121.5999984741211,121.83999633789062,75.0382080078125,3176500
2012-11-09,121.69000244140625,121.83000183105469,121.37999725341797,121.54000091552734,74.85347747802734,2850300
2012-11-12,121.54000091552734,121.77999877929688,121.5,121.55999755859375,74.86579895019531,991500
2012-11-13,121.8499984741211,121.9800033569336,121.55000305175781,121.61000061035156,74.89656066894531,1849500
2012-11-14,121.37999725341797,121.93000030517578,121.37999725341797,121.86000061035156,75.05054473876953,2445600
2012-11-15,121.52999877929688,121.70999908447266,121.5199966430664,121.62000274658203,74.90272521972656,2218400
2012-11-16,121.62999725341797,121.8499984741211,121.5999984741211,121.66000366210938,74.9273910522461,2181100
2012-11-19,121.56999969482422,122.06999969482422,121.55000305175781,122.04000091552734,75.16139221191406,2385000
2012-11-20,121.9800033569336,122.04000091552734,121.62999725341797,121.66000366210938,74.9273910522461,3229500
2012-11-21,121.63999938964844,121.80000305175781,121.55000305175781,121.75,74.9827880859375,2263700
2012-11-23,121.80000305175781,121.94000244140625,121.75,121.80000305175781,75.01358795166016,929000
2012-11-26,122.0,122.18000030517578,121.91000366210938,122.0,75.13680267333984,2412300
2012-11-27,121.97000122070312,122.1500015258789,121.97000122070312,122.06999969482422,75.17988586425781,2243300
2012-11-28,122.16000366210938,122.30000305175781,122.0199966430664,122.05000305175781,75.16758728027344,1479700
2012-11-29,122.13999938964844,122.20999908447266,122.05000305175781,122.13999938964844,75.2229995727539,1052700
2012-11-30,122.27999877929688,122.37000274658203,122.0999984741211,122.12999725341797,75.21686553955078,2129200
2012-12-03,121.7300033569336,121.98999786376953,121.52999877929688,121.88999938964844,75.30023956298828,3859100
2012-12-04,122.04000091552734,122.0999984741211,121.88999938964844,122.0,75.36821746826172,2387600
2012-12-05,122.11000061035156,122.30999755859375,122.0199966430664,122.25,75.52264404296875,1943900
2012-12-06,122.33000183105469,122.4800033569336,122.19999694824219,122.2300033569336,75.5102767944336,2737400
2012-12-07,122.05000305175781,122.08999633789062,121.93000030517578,121.94000244140625,75.33113098144531,1947300
2012-12-10,122.0999984741211,122.1500015258789,121.97000122070312,122.05000305175781,75.39910125732422,2290200
2012-12-11,122.0,122.0199966430664,121.55999755859375,121.5999984741211,75.12110137939453,2365400
2012-12-12,121.58999633789062,121.80000305175781,121.1500015258789,121.2300033569336,74.89247131347656,2390900
2012-12-13,121.02999877929688,121.22000122070312,120.87000274658203,121.04000091552734,74.77513885498047,3635100
2012-12-14,121.16000366210938,121.29000091552734,121.0999984741211,121.12999725341797,74.8306884765625,2844200
2012-12-17,121.13999938964844,121.19999694824219,120.73999786376953,120.73999786376953,74.58979034423828,1983300
2012-12-18,120.87000274658203,120.88999938964844,120.30000305175781,120.44000244140625,74.40449523925781,2278500
2012-12-19,120.6500015258789,120.94999694824219,120.6500015258789,120.91000366210938,74.69481658935547,3112200
2012-12-20,121.12000274658203,121.25,120.94000244140625,121.02999877929688,74.7689437866211,2545200
2012-12-21,121.19000244140625,121.33000183105469,121.08999633789062,121.23999786376953,74.89869689941406,2649700
2012-12-24,121.08000183105469,121.27999877929688,121.05999755859375,121.16000366210938,74.8492660522461,1902500
2012-12-26,121.12000274658203,121.13999938964844,120.94999694824219,120.97000122070312,74.95584106445312,1642000
2012-12-27,121.0,121.41999816894531,120.97000122070312,121.36000061035156,75.19749450683594,1556900
2012-12-28,121.5,121.62999725341797,121.41000366210938,121.62999725341797,75.36479187011719,1894500
2012-12-31,121.41000366210938,121.5,120.9000015258789,120.98999786376953,74.96822357177734,1867700
2013-01-02,120.95999908447266,121.30999755859375,120.80999755859375,121.2699966430664,75.14175415039062,4058400
2013-01-03,121.13999938964844,121.18000030517578,120.55999755859375,120.61000061035156,74.73278045654297,3207900
2013-01-04,120.56999969482422,120.6500015258789,120.26000213623047,120.55000305175781,74.69561004638672,4663300
2013-01-07,120.69000244140625,120.80000305175781,120.51000213623047,120.75,74.81951904296875,3832600
2013-01-08,120.80000305175781,120.94000244140625,120.76000213623047,120.86000061035156,74.88768768310547,2534900
2013-01-09,120.9800033569336,121.0,120.79000091552734,120.81999969482422,74.86290740966797,1867600
2013-01-10,120.63999938964844,120.97000122070312,120.62999725341797,120.87999725341797,74.90010070800781,1439900
2013-01-11,120.75,121.11000061035156,120.66000366210938,121.0999984741211,75.0363540649414,758200
2013-01-14,121.19000244140625,121.19000244140625,120.83000183105469,120.86000061035156,74.88768768310547,1569400
2013-01-15,120.98999786376953,121.13999938964844,120.66999816894531,120.76000213623047,74.82573699951172,3042900
2013-01-16,120.83999633789062,120.94000244140625,120.70999908447266,120.76000213623047,74.82573699951172,4199900
2013-01-17,120.56999969482422,120.61000061035156,120.30000305175781,120.55000305175781,74.69561004638672,2225700
2013-01-18,120.55999755859375,120.79000091552734,120.4800033569336,120.66999816894531,74.76995086669922,2704400
2013-01-22,120.5199966430664,120.77999877929688,120.37999725341797,120.66999816894531,74.76995086669922,1730300
2013-01-23,120.8499984741211,120.94000244140625,120.76000213623047,120.81999969482422,74.86290740966797,2446600
2013-01-24,120.76000213623047,120.80000305175781,120.58000183105469,120.6500015258789,74.75758361816406,1873600
2013-01-25,120.44000244140625,120.44000244140625,120.02999877929688,120.0999984741211,74.41676330566406,2434600
2013-01-28,119.69999694824219,120.02999877929688,119.0,120.0,74.3548355102539,2434200
2013-01-29,119.7699966430664,120.05000305175781,119.62000274658203,119.7300033569336,74.1875228881836,1424100
2013-01-30,119.38999938964844,119.5999984741211,119.22000122070312,119.33000183105469,73.93968963623047,3009300
2013-01-31,119.43000030517578,119.4800033569336,119.23999786376953,119.41999816894531,73.99540710449219,2804100
2013-02-01,119.44000244140625,119.6500015258789,118.7300033569336,118.73999786376953,73.8033218383789,4589000
2013-02-04,118.9800033569336,119.30000305175781,118.97000122070312,119.13999938964844,74.05198669433594,2581400
2013-02-05,118.91999816894531,119.08000183105469,118.87000274658203,118.9000015258789,73.90279388427734,2814700
2013-02-06,119.08000183105469,119.27999877929688,118.95999908447266,119.20999908447266,74.09545135498047,1970200
2013-02-07,119.12000274658203,119.5,119.11000061035156,119.25,74.12035369873047,1680000
2013-02-08,119.4000015258789,119.51000213623047,119.16999816894531,119.51000213623047,74.28194427490234,1496700
2013-02-11,119.4800033569336,119.5199966430664,119.41000366210938,119.44999694824219,74.24465942382812,749100
2013-02-12,119.16999816894531,119.44999694824219,119.16000366210938,119.33000183105469,74.17009735107422,1520200
2013-02-13,118.93000030517578,119.16999816894531,118.93000030517578,119.05000305175781,73.99608612060547,2317800
2013-02-14,119.08000183105469,119.45999908447266,119.06999969482422,119.37999725341797,74.2011489868164,3180500
2013-02-15,119.37999725341797,119.41999816894531,119.19999694824219,119.33000183105469,74.17009735107422,1363600
2013-02-19,119.37000274658203,119.5999984741211,119.20999908447266,119.30000305175781,74.15142059326172,1842300
2013-02-20,119.16000366210938,119.5199966430664,119.16000366210938,119.5,74.27574157714844,1369800
2013-02-21,119.68000030517578,119.81999969482422,119.61000061035156,119.69000244140625,74.39385223388672,3578100
2013-02-22,119.76000213623047,119.8499984741211,119.66999816894531,119.7699966430664,74.44355773925781,1914300
2013-02-25,119.41999816894531,120.52999877929688,119.41000366210938,120.4800033569336,74.8849105834961,2643500
2013-02-26,120.31999969482422,120.58999633789062,120.26000213623047,120.33000183105469,74.7916488647461,1574100
2013-02-27,120.5199966430664,120.58000183105469,120.16999816894531,120.29000091552734,74.76673889160156,941400
2013-02-28,120.38999938964844,120.38999938964844,120.11000061035156,120.33000183105469,74.7916488647461,2231100
2013-03-01,120.12000274658203,120.29000091552734,119.98999786376953,120.2300033569336,74.96246337890625,1363700
2013-03-04,120.19000244140625,120.2300033569336,120.04000091552734,120.13999938964844,74.90641021728516,1733400
2013-03-05,120.13999938964844,120.1500015258789,119.8499984741211,119.94000244140625,74.7816162109375,1395400
2013-03-06,119.63999938964844,119.80999755859375,119.54000091552734,119.58999633789062,74.56342315673828,1014700
2013-03-07,119.29000091552734,119.4000015258789,119.19999694824219,119.19999694824219,74.3202896118164,1964000
2013-03-08,118.87000274658203,119.02999877929688,118.6500015258789,118.77999877929688,74.05839538574219,2526900
2013-03-11,118.77999877929688,118.95999908447266,118.77999877929688,118.86000061035156,74.10828399658203,2632500
2013-03-12,118.98999786376953,119.16999816894531,118.94999694824219,119.0999984741211,74.25789642333984,3172900
2013-03-13,118.88999938964844,119.11000061035156,118.88999938964844,118.98999786376953,74.18936920166016,1958600
2013-03-14,118.83000183105469,119.12999725341797,118.81999969482422,119.04000091552734,74.22053527832031,1669600
2013-03-15,118.9800033569336,119.29000091552734,118.9800033569336,119.19999694824219,74.3202896118164,1188500
2013-03-18,119.41000366210938,119.5199966430664,119.33000183105469,119.48999786376953,74.50108337402344,1665700
2013-03-19,119.58999633789062,119.81999969482422,119.56999969482422,119.69000244140625,74.62576293945312,1354600
2013-03-20,119.43000030517578,119.58000183105469,119.33000183105469,119.33999633789062,74.40758514404297,1905100
2013-03-21,119.58000183105469,119.5999984741211,119.31999969482422,119.45999908447266,74.48234558105469,1854000
2013-03-22,119.4000015258789,119.62000274658203,119.33999633789062,119.47000122070312,74.48857879638672,997900
2013-03-25,119.37000274658203,119.58000183105469,119.25,119.47000122070312,74.48857879638672,1089700
2013-03-26,119.27999877929688,119.56999969482422,119.26000213623047,119.55000305175781,74.53849792480469,918000
2013-03-27,119.6500015258789,120.05000305175781,119.6500015258789,119.97000122070312,74.80039978027344,1847200
2013-03-28,119.73999786376953,119.94000244140625,119.7300033569336,119.9000015258789,74.75672912597656,1874300
2013-04-01,119.41999816894531,119.7699966430664,119.29000091552734,119.36000061035156,74.64916229248047,5877400
2013-04-02,119.43000030517578,119.47000122070312,119.27999877929688,119.3499984741211,74.64291381835938,1319200
2013-04-03,119.5199966430664,119.83000183105469,119.48999786376953,119.83000183105469,74.94307708740234,1421000
2013-04-04,119.95999908447266,120.48999786376953,119.95999908447266,120.47000122070312,75.34335327148438,2660900
2013-04-05,120.83999633789062,121.05000305175781,120.73999786376953,120.83999633789062,75.57475280761719,3268500
2013-04-08,121.0,121.04000091552734,120.88999938964844,120.94999694824219,75.64359283447266,2276800
2013-04-09,121.0199966430664,121.18000030517578,120.9800033569336,121.06999969482422,75.7186279296875,3157000
2013-04-10,120.80000305175781,120.94999694824219,120.66000366210938,120.75,75.51847839355469,2181600
2013-04-11,120.87999725341797,120.9800033569336,120.76000213623047,120.83000183105469,75.5684814453125,1496900
2013-04-12,121.19999694824219,121.5,121.05000305175781,121.43000030517578,75.94374084472656,1358900
2013-04-15,121.4000015258789,121.52999877929688,121.31999969482422,121.47000122070312,75.96881103515625,1024800
2013-04-16,121.25,121.37000274658203,121.2300033569336,121.25,75.83118438720703,1629800
2013-04-17,121.31999969482422,121.62999725341797,121.31999969482422,121.41999816894531,75.9375228881836,1373200
2013-04-18,121.44999694824219,121.66000366210938,121.44999694824219,121.52999877929688,76.00629425048828,1656700
2013-04-19,121.62000274658203,121.7699966430664,121.47000122070312,121.70999908447266,76.11886596679688,877900
2013-04-22,121.75,121.80999755859375,121.66999816894531,121.75,76.14384460449219,1271500
2013-04-23,121.91000366210938,122.08999633789062,121.80999755859375,121.91000366210938,76.24394226074219,1659700
2013-04-24,121.86000061035156,122.04000091552734,121.80999755859375,121.95999908447266,76.27522277832031,1366900
2013-04-25,121.91000366210938,122.0199966430664,121.83000183105469,121.88999938964844,76.23141479492188,1067100
2013-04-26,122.1500015258789,122.3499984741211,122.1500015258789,122.33000183105469,76.50662231445312,1294500
2013-04-29,122.54000091552734,122.55000305175781,122.30000305175781,122.33999633789062,76.51284790039062,875700
2013-04-30,122.31999969482422,122.56999969482422,122.0999984741211,122.12999725341797,76.38151550292969,2347500
2013-05-01,121.94999694824219,122.38999938964844,121.94999694824219,122.30999755859375,76.72149658203125,4063500
2013-05-02,122.08999633789062,122.4000015258789,122.08999633789062,122.30999755859375,76.72149658203125,1799000
2013-05-03,121.88999938964844,121.88999938964844,121.1500015258789,121.16000366210938,76.00020599365234,2882200
2013-05-06,121.30000305175781,121.4000015258789,121.08000183105469,121.13999938964844,75.98762512207031,1839300
2013-05-07,121.05000305175781,121.26000213623047,120.98999786376953,121.05000305175781,75.93118286132812,3886100
2013-05-08,121.0199966430664,121.2699966430664,120.95999908447266,121.16000366210938,76.00020599365234,2379000
2013-05-09,121.1500015258789,121.41000366210938,120.9000015258789,120.9000015258789,75.83708190917969,825800
2013-05-10,120.86000061035156,120.86000061035156,120.05000305175781,120.2699966430664,75.44185638427734,2808200
2013-05-13,120.02999877929688,120.16000366210938,119.9000015258789,119.95999908447266,75.2474594116211,2498400
2013-05-14,120.2300033569336,120.30999755859375,119.61000061035156,119.63999938964844,75.04668426513672,2325000
2013-05-15,120.12999725341797,120.1500015258789,119.66999816894531,120.05999755859375,75.31012725830078,2081600
2013-05-16,120.27999877929688,120.75,120.27999877929688,120.61000061035156,75.65520477294922,2916500
2013-05-17,120.5,120.55000305175781,120.04000091552734,120.08999633789062,75.32898712158203,909500
2013-05-20,120.2300033569336,120.30999755859375,119.87000274658203,119.94999694824219,75.2412109375,2097100
2013-05-21,119.91000366210938,120.41000366210938,119.7300033569336,120.4000015258789,75.52344512939453,2007700
2013-05-22,120.41999816894531,120.5999984741211,119.44000244140625,119.44999694824219,74.92752838134766,2886300
2013-05-23,119.7300033569336,119.80999755859375,119.2300033569336,119.56999969482422,75.0028076171875,2568500
2013-05-24,119.63999938964844,119.80999755859375,119.45999908447266,119.48999786376953,74.95265197753906,1090900
2013-05-28,119.33000183105469,119.48999786376953,118.33000183105469,118.33999633789062,74.23126220703125,1683700
2013-05-29,118.41000366210938,118.58000183105469,118.1500015258789,118.29000091552734,74.19990539550781,3574100
2013-05-30,118.31999969482422,118.5999984741211,118.25,118.44000244140625,74.2939453125,1759000
2013-05-31,118.31999969482422,118.44999694824219,117.4800033569336,117.8499984741211,73.9239501953125,4297500
2013-06-03,117.25,117.75,116.93000030517578,117.18000030517578,73.72948455810547,10863900
2013-06-04,116.94999694824219,117.25,116.70999908447266,116.72000122070312,73.4400405883789,3726500
2013-06-05,116.80999755859375,117.0,116.4800033569336,116.55000305175781,73.33302307128906,4575200
2013-06-06,116.56999969482422,117.45999908447266,116.41999816894531,117.05000305175781,73.64766693115234,2500000
2013-06-07,116.88999938964844,117.19999694824219,116.38999938964844,116.58999633789062,73.35822296142578,3159800
2013-06-10,116.22000122070312,116.4800033569336,116.06999969482422,116.2300033569336,73.1317367553711,2911100
2013-06-11,115.5,116.05000305175781,115.2300033569336,116.01000213623047,72.9933090209961,3983700
2013-06-12,115.80000305175781,116.0999984741211,115.5,115.61000061035156,72.74163055419922,3469000
2013-06-13,115.83999633789062,116.91000366210938,115.79000091552734,116.8499984741211,73.52179718017578,2474400
2013-06-14,116.93000030517578,117.1500015258789,116.73999786376953,116.7699966430664,73.47151947021484,1283900
2013-06-17,116.91000366210938,117.11000061035156,116.55000305175781,116.5999984741211,73.36454772949219,1868600
2013-06-18,116.27999877929688,116.55999755859375,116.16000366210938,116.37000274658203,73.21984100341797,1748400
2013-06-19,116.5,116.55999755859375,114.66999816894531,114.72000122070312,72.18164825439453,2823000
2013-06-20,113.87000274658203,113.88999938964844,112.79000091552734,113.13999938964844,71.18751525878906,6649600
2013-06-21,113.26000213623047,113.4800033569336,112.19999694824219,112.20999908447266,70.60236358642578,4107600
2013-06-24,111.43000030517578,112.0999984741211,110.91000366210938,111.4800033569336,70.14305114746094,6063600
2013-06-25,112.19000244140625,112.47000122070312,111.66000366210938,111.8499984741211,70.3758544921875,3653200
2013-06-26,112.75,113.0,112.51000213623047,112.69999694824219,70.91067504882812,2010000
2013-06-27,113.23999786376953,113.79000091552734,113.23999786376953,113.72000122070312,71.55242919921875,1544800
2013-06-28,113.12999725341797,113.69999694824219,112.87999725341797,113.6500015258789,71.50838470458984,2960300
2013-07-01,113.08000183105469,113.94000244140625,113.08000183105469,113.58000183105469,71.6933364868164,2849900
2013-07-02,113.80999755859375,114.16999816894531,113.66000366210938,113.94000244140625,71.9206314086914,2214800
2013-07-03,113.9000015258789,114.08000183105469,113.56999969482422,113.61000061035156,71.7123031616211,2132000
2013-07-05,112.18000030517578,112.43000030517578,111.69999694824219,112.16999816894531,70.8033447265625,2500100
2013-07-08,112.54000091552734,113.08999633789062,112.54000091552734,113.08999633789062,71.38404083251953,3096700
2013-07-09,113.05000305175781,113.51000213623047,113.05000305175781,113.19000244140625,71.44715118408203,4037000
2013-07-10,113.26000213623047,113.44999694824219,112.80000305175781,112.86000061035156,71.23890686035156,2908800
2013-07-11,113.86000061035156,114.19999694824219,113.5999984741211,114.19000244140625,72.078369140625,2179100
2013-07-12,114.31999969482422,114.5,113.73999786376953,113.87000274658203,71.87642669677734,2008800
2013-07-15,114.08999633789062,114.62000274658203,113.94999694824219,114.5999984741211,72.33716583251953,3308200
2013-07-16,114.52999877929688,114.5999984741211,114.29000091552734,114.43000030517578,72.22991180419922,1625900
2013-07-17,114.87999725341797,115.1500015258789,114.73999786376953,114.86000061035156,72.50130462646484,1248400
2013-07-18,114.94999694824219,114.94999694824219,114.41999816894531,114.55999755859375,72.31193542480469,1119900
2013-07-19,114.7699966430664,115.20999908447266,114.7300033569336,115.19000244140625,72.70960235595703,2734900
2013-07-22,115.31999969482422,115.47000122070312,115.29000091552734,115.44999694824219,72.87369537353516,2235900
2013-07-23,115.12999725341797,115.37999725341797,115.01000213623047,115.2699966430664,72.7601089477539,827300
2013-07-24,114.72000122070312,114.87999725341797,114.29000091552734,114.70999908447266,72.40663146972656,1960700
2013-07-25,114.18000030517578,114.56999969482422,114.12999725341797,114.56999969482422,72.31826782226562,2109200
2013-07-26,114.66999816894531,114.79000091552734,114.48999786376953,114.69000244140625,72.39399719238281,1022700
2013-07-29,114.54000091552734,114.68000030517578,114.44000244140625,114.5,72.27404022216797,2211900
2013-07-30,114.72000122070312,114.77999877929688,114.36000061035156,114.52999877929688,72.29298400878906,1331900
2013-07-31,113.87999725341797,114.6500015258789,113.69999694824219,114.54000091552734,72.29931640625,2282100
2013-08-01,113.94999694824219,113.94999694824219,113.12000274658203,113.27999877929688,71.72315216064453,1845700
2013-08-02,113.6500015258789,113.97000122070312,113.62000274658203,113.83999633789062,72.0777359008789,1772000
2013-08-05,113.68000030517578,113.83000183105469,113.37999725341797,113.41000366210938,71.80543518066406,3111500
2013-08-06,113.36000061035156,113.5999984741211,113.27999877929688,113.4800033569336,71.84980010986328,1047200
2013-08-07,113.61000061035156,113.86000061035156,113.58999633789062,113.7300033569336,72.0080795288086,946000
2013-08-08,113.91000366210938,114.16999816894531,113.88999938964844,113.97000122070312,72.16000366210938,960900
2013-08-09,114.0199966430664,114.08000183105469,113.75,113.97000122070312,72.16000366210938,539600
2013-08-12,114.08000183105469,114.18000030517578,113.8499984741211,113.91000366210938,72.12200927734375,1042800
2013-08-13,113.27999877929688,113.41000366210938,113.0,113.0999984741211,71.60916137695312,1221600
2013-08-14,113.0199966430664,113.1500015258789,112.87000274658203,112.91000366210938,71.48888397216797,1723700
2013-08-15,112.08999633789062,112.41999816894531,111.98999786376953,112.11000061035156,70.98238372802734,1793800
2013-08-16,112.06999969482422,112.20999908447266,111.36000061035156,111.55000305175781,70.62779998779297,2469000
2013-08-19,111.31999969482422,111.44000244140625,110.93000030517578,110.94000244140625,70.24160766601562,4884400
2013-08-20,111.29000091552734,111.73999786376953,111.29000091552734,111.62000274658203,70.672119140625,2100500
2013-08-21,111.41000366210938,111.66000366210938,110.88999938964844,110.94999694824219,70.24787139892578,2310800
2013-08-22,111.05000305175781,111.5,111.05000305175781,111.45999908447266,70.57081604003906,2507700
2013-08-23,111.43000030517578,112.22000122070312,111.37999725341797,112.20999908447266,71.045654296875,2327600
2013-08-26,112.31999969482422,112.47000122070312,112.26000213623047,112.44000244140625,71.19132995605469,1385700
2013-08-27,112.51000213623047,112.97000122070312,112.44999694824219,112.91999816894531,71.49522399902344,2398500
2013-08-28,112.73999786376953,112.94000244140625,112.55000305175781,112.94000244140625,71.50786590576172,2488300
2013-08-29,112.6500015258789,113.06999969482422,112.5199966430664,113.05000305175781,71.57749938964844,2273100
2013-08-30,113.0,113.29000091552734,112.80999755859375,113.05000305175781,71.57749938964844,1668800
2013-09-03,112.0,112.2699966430664,111.51000213623047,112.23999786376953,71.29549407958984,5473600
2013-09-04,112.2699966430664,112.37000274658203,111.79000091552734,111.83000183105469,71.03511047363281,2335000
2013-09-05,111.38999938964844,111.41999816894531,110.7300033569336,110.91000366210938,70.45062255859375,2703800
2013-09-06,111.41000366210938,111.6500015258789,110.98999786376953,111.06999969482422,70.55228424072266,1960600
2013-09-09,111.45999908447266,111.5999984741211,111.2699966430664,111.36000061035156,70.73648834228516,1615600
2013-09-10,111.04000091552734,111.31999969482422,110.81999969482422,110.87000274658203,70.42522430419922,2115900
2013-09-11,111.11000061035156,111.38999938964844,110.81999969482422,111.38999938964844,70.75555419921875,2301300
2013-09-12,111.5999984741211,111.76000213623047,111.2300033569336,111.30999755859375,70.70477294921875,1860200
2013-09-13,111.33999633789062,111.54000091552734,111.31999969482422,111.37999725341797,70.74919891357422,1255400
2013-09-16,112.41999816894531,112.44000244140625,111.44000244140625,111.51000213623047,70.83184051513672,2311100
2013-09-17,111.68000030517578,111.83999633789062,111.55999755859375,111.80999755859375,71.02235412597656,1020100
2013-09-18,111.69999694824219,113.70999908447266,111.41999816894531,113.44999694824219,72.0640869140625,5100000
2013-09-19,113.4000015258789,113.55999755859375,112.66000366210938,112.7300033569336,71.60676574707031,5030300
2013-09-20,112.93000030517578,113.08999633789062,112.75,112.83000183105469,71.67030334472656,1089700
2013-09-23,112.88999938964844,113.5199966430664,112.88999938964844,113.5,72.0958023071289,3719000
2013-09-24,113.62000274658203,113.93000030517578,113.4000015258789,113.79000091552734,72.28005981445312,2576200
2013-09-25,113.72000122070312,114.18000030517578,113.62999725341797,114.13999938964844,72.50239562988281,1931100
2013-09-26,113.7300033569336,113.94999694824219,113.7300033569336,113.86000061035156,72.32450866699219,921300
2013-09-27,113.75,113.8499984741211,113.66000366210938,113.7699966430664,72.2673568725586,1194100
2013-09-30,113.5999984741211,113.77999877929688,113.41999816894531,113.5199966430664,72.1085433959961,1800800
2013-10-01,113.06999969482422,113.18000030517578,112.93000030517578,113.04000091552734,72.035888671875,3172400
2013-10-02,113.19999694824219,113.55999755859375,113.19000244140625,113.37999725341797,72.25259399414062,910300
2013-10-03,113.29000091552734,113.62999725341797,113.29000091552734,113.44000244140625,72.29080963134766,1411600
2013-10-04,113.29000091552734,113.43000030517578,113.19000244140625,113.33000183105469,72.22074890136719,569300
2013-10-07,113.45999908447266,113.69000244140625,113.43000030517578,113.52999877929688,72.34814453125,1374600
2013-10-08,113.4800033569336,113.62000274658203,113.27999877929688,113.51000213623047,72.33536529541016,1667900
2013-10-09,113.43000030517578,113.52999877929688,113.20999908447266,113.2699966430664,72.18247985839844,1017300
2013-10-10,113.08999633789062,113.48999786376953,113.0199966430664,113.43000030517578,72.28439331054688,1978400
2013-10-11,113.68000030517578,113.80999755859375,113.52999877929688,113.58000183105469,72.38002014160156,3275900
2013-10-14,113.51000213623047,113.63999938964844,113.11000061035156,113.2300033569336,72.15694427490234,525100
2013-10-15,113.56999969482422,113.58000183105469,113.19999694824219,113.25,72.16971588134766,1430400
2013-10-16,113.26000213623047,114.1500015258789,113.20999908447266,114.08999633789062,72.70504760742188,1395200
2013-10-17,114.41000366210938,115.0,114.33999633789062,114.93000030517578,73.24029541015625,2697900
2013-10-18,115.0999984741211,115.2699966430664,114.98999786376953,115.08000183105469,73.3359146118164,1071200
2013-10-21,115.01000213623047,115.18000030517578,114.73999786376953,114.77999877929688,73.14471435546875,1031400
2013-10-22,115.30999755859375,115.48999786376953,115.26000213623047,115.4800033569336,73.59081268310547,1372100
2013-10-23,115.47000122070312,115.66999816894531,115.41000366210938,115.44999694824219,73.57172393798828,1514800
2013-10-24,115.55999755859375,115.63999938964844,115.2699966430664,115.33000183105469,73.49524688720703,1500200
2013-10-25,115.30999755859375,115.52999877929688,115.30000305175781,115.31999969482422,73.48886108398438,708700
2013-10-28,115.26000213623047,115.5199966430664,115.25,115.43000030517578,73.5589828491211,2958700
2013-10-29,115.3499984741211,115.5999984741211,115.26000213623047,115.58999633789062,73.6609115600586,1584300
2013-10-30,115.58999633789062,115.75,115.08000183105469,115.36000061035156,73.51434326171875,1436200
2013-10-31,115.44999694824219,115.5,115.08999633789062,115.19999694824219,73.412353515625,1072800
2013-11-01,114.80999755859375,114.93000030517578,114.29000091552734,114.51000213623047,73.21414947509766,1965300
2013-11-04,114.66000366210938,114.79000091552734,114.5199966430664,114.54000091552734,73.23336791992188,772400
2013-11-05,114.33000183105469,114.33000183105469,113.91999816894531,114.05000305175781,72.92007446289062,1264700
2013-11-06,114.2300033569336,114.23999786376953,114.08000183105469,114.18000030517578,73.00323486328125,1060000
2013-11-07,114.37000274658203,114.48999786376953,114.20999908447266,114.41000366210938,73.15022277832031,1337000
2013-11-08,113.4800033569336,113.51000213623047,113.27999877929688,113.29000091552734,72.43412780761719,1634000
2013-11-11,113.22000122070312,113.27999877929688,113.01000213623047,113.0999984741211,72.31267547607422,1241500
2013-11-12,113.04000091552734,113.22000122070312,113.0,113.18000030517578,72.36383819580078,2301900
2013-11-13,113.33000183105469,113.56999969482422,113.30000305175781,113.44000244140625,72.53006744384766,4339700
2013-11-14,113.73999786376953,114.13999938964844,113.66000366210938,114.05999755859375,72.92646026611328,1355100
2013-11-15,114.08000183105469,114.1500015258789,113.93000030517578,114.05999755859375,72.92646026611328,1451200
2013-11-18,114.12000274658203,114.56999969482422,114.12000274658203,114.56999969482422,73.25253295898438,3003900
2013-11-19,114.36000061035156,114.45999908447266,114.16999816894531,114.16999816894531,72.99675750732422,914200
2013-11-20,114.13999938964844,114.44000244140625,113.5199966430664,113.68000030517578,72.68350982666016,1881300
2013-11-21,113.58999633789062,113.93000030517578,113.33000183105469,113.9000015258789,72.82415771484375,3320600
2013-11-22,114.02999877929688,114.30000305175781,114.0,114.30000305175781,73.0799560546875,1190900
2013-11-25,114.2699966430664,114.54000091552734,114.2699966430664,114.5,73.20777130126953,1189200
2013-11-26,114.5199966430664,114.77999877929688,114.5199966430664,114.7300033569336,73.3548583984375,1044500
2013-11-27,114.5999984741211,114.80999755859375,114.27999877929688,114.75,73.36763763427734,2387900
2013-11-29,114.37000274658203,114.75,114.33999633789062,114.66000366210938,73.31008911132812,741200
2013-12-02,114.0999984741211,114.19999694824219,113.73999786376953,113.75,72.9624252319336,5714000
2013-12-03,113.88999938964844,114.13999938964844,113.88999938964844,114.04000091552734,73.14848327636719,1164500
2013-12-04,113.41999816894531,113.72000122070312,113.41999816894531,113.66999816894531,72.9111557006836,1705000
2013-12-05,113.38999938964844,113.58999633789062,113.23999786376953,113.41999816894531,72.75080871582031,1234400
2013-12-06,113.43000030517578,113.69000244140625,113.33999633789062,113.66000366210938,72.90469360351562,737400
2013-12-09,113.66000366210938,113.8499984741211,113.66000366210938,113.83000183105469,73.0137939453125,590100
2013-12-10,114.16999816894531,114.30999755859375,113.98999786376953,114.29000091552734,73.30879974365234,1171600
2013-12-11,114.19999694824219,114.29000091552734,113.94000244140625,113.97000122070312,73.10356140136719,1087800
2013-12-12,113.86000061035156,113.91999816894531,113.70999908447266,113.77999877929688,72.98165130615234,877300
2013-12-13,113.98999786376953,114.12999725341797,113.81999969482422,114.08999633789062,73.18054962158203,904000
2013-12-16,114.27999877929688,114.3499984741211,114.05999755859375,114.18000030517578,73.23828125,1593500
2013-12-17,114.08999633789062,114.5199966430664,114.08999633789062,114.5199966430664,73.45630645751953,1500800
2013-12-18,114.33000183105469,114.9000015258789,114.04000091552734,114.5199966430664,73.45630645751953,1946900
2013-12-19,114.19000244140625,114.5,114.16999816894531,114.3499984741211,73.34728240966797,2493300
2013-12-20,114.66000366210938,114.87999725341797,114.51000213623047,114.87999725341797,73.68724060058594,1269700
2013-12-23,114.81999969482422,115.04000091552734,114.69000244140625,114.69999694824219,73.57176971435547,1204900
2013-12-24,114.5199966430664,115.0,114.51000213623047,114.66999816894531,73.55255126953125,1003500
2013-12-26,114.16999816894531,114.38999938964844,114.16999816894531,114.23999786376953,73.49979400634766,2268000
2013-12-27,114.08000183105469,114.23999786376953,114.04000091552734,114.13999938964844,73.4354248046875,2463600
2013-12-30,114.19999694824219,114.48999786376953,114.19999694824219,114.4800033569336,73.65422058105469,2790000
2013-12-31,114.30000305175781,114.48999786376953,114.0199966430664,114.19000244140625,73.46765899658203,1658600
2014-01-02,114.29000091552734,114.45999908447266,114.11000061035156,114.41000366210938,73.6091537475586,1887700
2014-01-03,114.22000122070312,114.73999786376953,114.22000122070312,114.58000183105469,73.71855926513672,1695800
2014-01-06,114.73999786376953,114.88999938964844,114.6500015258789,114.83000183105469,73.8794174194336,1171700
2014-01-07,114.91999816894531,114.94000244140625,114.66000366210938,114.73999786376953,73.82149505615234,1086500
2014-01-08,114.5,114.52999877929688,114.1500015258789,114.25,73.50617218017578,1067000
2014-01-09,114.4000015258789,114.51000213623047,114.18000030517578,114.51000213623047,73.67353057861328,1216000
2014-01-10,114.91000366210938,115.25,114.88999938964844,115.12999725341797,74.07240295410156,1736900
2014-01-13,115.2300033569336,115.44999694824219,115.16999816894531,115.3499984741211,74.21392059326172,2109900
2014-01-14,115.19999694824219,115.30000305175781,115.0,115.01000213623047,73.99520874023438,1529100
2014-01-15,114.80000305175781,115.08999633789062,114.73999786376953,115.04000091552734,74.0145034790039,1495000
2014-01-16,115.22000122070312,115.31999969482422,115.16999816894531,115.30999755859375,74.1882095336914,1372300
2014-01-17,115.19000244140625,115.44000244140625,115.11000061035156,115.44000244140625,74.27186584472656,1766000
2014-01-21,115.2699966430664,115.4000015258789,115.2699966430664,115.27999877929688,74.16890716552734,1114100
2014-01-22,115.16000366210938,115.29000091552734,114.98999786376953,115.0,73.9887924194336,1687800
2014-01-23,115.22000122070312,115.5999984741211,115.19999694824219,115.44000244140625,74.27186584472656,1597600
2014-01-24,115.48999786376953,115.62999725341797,115.2699966430664,115.36000061035156,74.22038269042969,1681100
2014-01-27,115.2699966430664,115.58999633789062,115.13999938964844,115.13999938964844,74.07886505126953,1979600
2014-01-28,115.4000015258789,115.69999694824219,115.30000305175781,115.69999694824219,74.43910217285156,2420900
2014-01-29,115.72000122070312,115.98999786376953,115.58000183105469,115.93000030517578,74.58712768554688,2105500
2014-01-30,115.83000183105469,116.0199966430664,115.66999816894531,115.98999786376953,74.62566375732422,1821900
2014-01-31,116.05000305175781,116.33999633789062,116.01000213623047,116.33999633789062,74.85089874267578,1427400
2014-02-03,115.88999938964844,116.75,115.83000183105469,116.73999786376953,75.33358764648438,6064600
2014-02-04,116.33000183105469,116.33999633789062,116.0999984741211,116.18000030517578,74.97222900390625,2015000
2014-02-05,116.0,116.01000213623047,115.77999877929688,115.80999755859375,74.73345184326172,3226900
2014-02-06,115.75,115.83000183105469,115.62000274658203,115.69999694824219,74.6624755859375,853500
2014-02-07,115.83000183105469,116.16999816894531,115.77999877929688,116.05999755859375,74.89476013183594,1076900
2014-02-10,115.93000030517578,116.12000274658203,115.87999725341797,116.11000061035156,74.92704010009766,1048800
2014-02-11,115.87000274658203,115.93000030517578,115.70999908447266,115.87000274658203,74.77216339111328,2288900
2014-02-12,115.69999694824219,115.72000122070312,115.45999908447266,115.5199966430664,74.54629516601562,971500
2014-02-13,116.04000091552734,116.0999984741211,115.8499984741211,116.0,74.85603332519531,1125500
2014-02-14,116.12000274658203,116.22000122070312,115.9800033569336,116.22000122070312,74.9980239868164,1063900
2014-02-18,116.3499984741211,116.6500015258789,116.29000091552734,116.45999908447266,75.15290069580078,1034400
2014-02-19,116.69999694824219,116.69999694824219,116.26000213623047,116.33000183105469,75.06902313232422,1556900
2014-02-20,116.19000244140625,116.30999755859375,116.0,116.18000030517578,74.97222900390625,1148800
2014-02-21,116.05999755859375,116.33999633789062,116.04000091552734,116.30000305175781,75.0496597290039,711000
2014-02-24,116.41000366210938,116.45999908447266,116.2300033569336,116.36000061035156,75.08837127685547,703600
2014-02-25,116.62999725341797,116.80999755859375,116.44999694824219,116.80999755859375,75.37873077392578,787300
2014-02-26,116.80000305175781,117.19999694824219,116.79000091552734,117.19000244140625,75.62398529052734,898200
2014-02-27,117.29000091552734,117.44000244140625,117.26000213623047,117.38999938964844,75.75302124023438,964900
2014-02-28,117.2300033569336,117.36000061035156,117.02999877929688,117.31999969482422,75.70784759521484,1791900
2014-03-03,117.05999755859375,117.29000091552734,116.95999908447266,117.27999877929688,75.90591430664062,1292700
2014-03-04,116.9800033569336,117.04000091552734,116.6500015258789,116.6500015258789,75.49815368652344,1075900
2014-03-05,116.56999969482422,116.8499984741211,116.55000305175781,116.58999633789062,75.45934295654297,2869300
2014-03-06,116.13999938964844,116.37999725341797,116.12000274658203,116.23999786376953,75.23280334472656,1271000
2014-03-07,115.94999694824219,116.0,115.63999938964844,115.81999969482422,74.96098327636719,1473800
2014-03-10,115.69999694824219,115.79000091552734,115.62000274658203,115.63999938964844,74.84447479248047,1851400
2014-03-11,115.69000244140625,115.80999755859375,115.61000061035156,115.68000030517578,74.87035369873047,943800
2014-03-12,116.0,116.13999938964844,115.93000030517578,116.08999633789062,75.13571166992188,1303800
2014-03-13,115.81999969482422,116.55999755859375,115.81999969482422,116.5,75.40107727050781,1696400
2014-03-14,116.69999694824219,116.7699966430664,116.37000274658203,116.37000274658203,75.3169174194336,797800
2014-03-17,116.36000061035156,116.43000030517578,116.16999816894531,116.22000122070312,75.21985626220703,635800
2014-03-18,116.25,116.58000183105469,116.19000244140625,116.58000183105469,75.45287322998047,963500
2014-03-19,116.52999877929688,116.54000091552734,115.69000244140625,115.73999786376953,74.90917205810547,1286700
2014-03-20,115.7300033569336,115.95999908447266,115.70999908447266,115.9000015258789,75.0127182006836,2003400
2014-03-21,116.06999969482422,116.38999938964844,116.01000213623047,116.30000305175781,75.27163696289062,636100
2014-03-24,116.29000091552734,116.66000366210938,116.25,116.5199966430664,75.41400909423828,1061300
2014-03-25,116.27999877929688,116.5999984741211,116.27999877929688,116.55999755859375,75.43992614746094,1352800
2014-03-26,116.62000274658203,117.02999877929688,116.5999984741211,117.01000213623047,75.73115539550781,955000
2014-03-27,116.87000274658203,117.26000213623047,116.80999755859375,117.04000091552734,75.75060272216797,665500
2014-03-28,117.0199966430664,117.11000061035156,116.83000183105469,116.94999694824219,75.69233703613281,816300
2014-03-31,116.69000244140625,116.97000122070312,116.56999969482422,116.94000244140625,75.68582153320312,1695700
2014-04-01,116.44000244140625,116.52999877929688,116.30000305175781,116.30999755859375,75.49764251708984,3416600
2014-04-02,116.08000183105469,116.26000213623047,116.08000183105469,116.1500015258789,75.39381408691406,1236800
2014-04-03,116.25,116.51000213623047,116.25,116.37000274658203,75.53653717041016,1012200
2014-04-04,116.73999786376953,117.02999877929688,116.72000122070312,116.83000183105469,75.83514404296875,989900
2014-04-07,116.98999786376953,117.19999694824219,116.95999908447266,117.11000061035156,76.01688385009766,1024500
2014-04-08,117.0999984741211,117.41999816894531,117.02999877929688,117.41999816894531,76.2181396484375,992600
2014-04-09,117.19000244140625,117.58999633789062,117.12999725341797,117.5199966430664,76.28304290771484,1675600
2014-04-10,117.4800033569336,118.04000091552734,117.38999938964844,117.68000030517578,76.38687896728516,1401500
2014-04-11,118.0,118.0,117.76000213623047,117.76000213623047,76.43880462646484,1258200
2014-04-14,117.8499984741211,117.93000030517578,117.69999694824219,117.83999633789062,76.49073028564453,908600
2014-04-15,117.83999633789062,118.2300033569336,117.7699966430664,118.08999633789062,76.6530532836914,1152500
2014-04-16,117.7699966430664,118.1500015258789,117.75,118.13999938964844,76.68547821044922,956300
2014-04-17,118.12000274658203,118.12000274658203,117.41999816894531,117.45999908447266,76.24407196044922,1510500
2014-04-21,117.70999908447266,117.79000091552734,117.51000213623047,117.62000274658203,76.34794616699219,652500
2014-04-22,117.44999694824219,117.73999786376953,117.4000015258789,117.68000030517578,76.38687896728516,1385000
2014-04-23,117.7699966430664,118.01000213623047,117.76000213623047,117.94000244140625,76.55567169189453,1778900
2014-04-24,117.73999786376953,118.01000213623047,117.69999694824219,117.95999908447266,76.56865692138672,1161000
2014-04-25,118.04000091552734,118.2699966430664,117.94000244140625,117.94000244140625,76.55567169189453,1051500
2014-04-28,117.94000244140625,118.08000183105469,117.69999694824219,117.80000305175781,76.46479034423828,1015500
2014-04-29,117.61000061035156,117.87000274658203,117.5999984741211,117.81999969482422,76.47775268554688,1359500
2014-04-30,117.95999908447266,118.27999877929688,117.79000091552734,118.1500015258789,76.69196319580078,2123200
2014-05-01,117.87999725341797,118.31999969482422,117.81999969482422,118.30000305175781,77.01360321044922,2193800
2014-05-02,118.04000091552734,118.68000030517578,117.94000244140625,118.55000305175781,77.17631530761719,862700
2014-05-05,118.5,118.63999938964844,118.23999786376953,118.25,76.98100280761719,1879800
2014-05-06,118.41000366210938,118.55000305175781,118.37000274658203,118.44999694824219,77.11119079589844,2251100
2014-05-07,118.4800033569336,118.58000183105469,118.29000091552734,118.47000122070312,77.12422943115234,1869200
2014-05-08,118.58000183105469,118.83000183105469,118.37000274658203,118.5,77.14378356933594,3351200
2014-05-09,118.33999633789062,118.4800033569336,118.2300033569336,118.37000274658203,77.0591049194336,1148100
2014-05-12,118.12000274658203,118.19999694824219,117.97000122070312,118.06999969482422,76.86380767822266,1634400
2014-05-13,118.3499984741211,118.5199966430664,118.30000305175781,118.51000213623047,77.15027618408203,961600
2014-05-14,118.86000061035156,119.22000122070312,118.83999633789062,119.0999984741211,77.53439331054688,1359000
2014-05-15,119.29000091552734,119.55999755859375,119.0999984741211,119.30999755859375,77.67108154296875,755100
2014-05-16,119.0999984741211,119.36000061035156,119.06999969482422,119.16999816894531,77.57996368408203,821100
2014-05-19,119.3499984741211,119.45999908447266,118.97000122070312,119.05999755859375,77.50834655761719,726700
2014-05-20,118.94999694824219,119.31999969482422,118.94999694824219,119.05999755859375,77.50834655761719,1200100
2014-05-21,118.77999877929688,118.88999938964844,118.66999816894531,118.83999633789062,77.36504364013672,1397200
2014-05-22,118.8499984741211,118.87000274658203,118.68000030517578,118.80000305175781,77.33906555175781,605800
2014-05-23,118.94000244140625,119.04000091552734,118.83000183105469,118.93000030517578,77.4237289428711,582500
2014-05-27,119.05999755859375,119.3499984741211,118.80999755859375,119.3499984741211,77.69718933105469,1062700
2014-05-28,119.51000213623047,119.91999816894531,119.51000213623047,119.91999816894531,78.06819152832031,1430800
2014-05-29,119.86000061035156,120.12999725341797,119.56999969482422,119.56999969482422,77.84038543701172,1325700
2014-05-30,119.47000122070312,119.69000244140625,119.33999633789062,119.58999633789062,77.85334777832031,1045400
2014-06-02,118.88999938964844,119.08000183105469,118.55000305175781,118.58999633789062,77.421142578125,2652700
2014-06-03,118.45999908447266,118.48999786376953,118.05000305175781,118.05000305175781,77.06861877441406,1431100
2014-06-04,118.20999908447266,118.2300033569336,117.97000122070312,117.98999786376953,77.02943420410156,1263600
2014-06-05,118.04000091552734,118.3499984741211,117.91000366210938,118.23999786376953,77.19267272949219,801000
2014-06-06,118.44000244140625,118.76000213623047,118.37000274658203,118.48999786376953,77.35587310791016,1112700
2014-06-09,118.29000091552734,118.33000183105469,118.11000061035156,118.25,77.19921875,1215400
2014-06-10,118.06999969482422,118.16999816894531,118.0,118.02999877929688,77.05555725097656,758800
2014-06-11,118.11000061035156,118.27999877929688,118.02999877929688,118.12000274658203,77.11433410644531,507500
2014-06-12,118.18000030517578,118.5999984741211,118.05999755859375,118.5,77.36239624023438,964800
2014-06-13,118.12999725341797,118.58999633789062,118.08000183105469,118.4800033569336,77.34935760498047,474700
2014-06-16,118.4000015258789,118.62000274658203,118.37999725341797,118.47000122070312,77.34281158447266,732400
2014-06-17,118.37000274658203,118.37999725341797,118.05999755859375,118.06999969482422,77.0816879272461,605200
2014-06-18,118.33999633789062,118.75,118.16999816894531,118.75,77.52564239501953,791400
2014-06-19,118.88999938964844,118.9000015258789,118.20999908447266,118.33000183105469,77.25141143798828,610700
2014-06-20,118.23999786376953,118.61000061035156,118.18000030517578,118.55999755859375,77.40162658691406,1151900
2014-06-23,118.69999694824219,118.77999877929688,118.48999786376953,118.55000305175781,77.39505767822266,833300
2014-06-24,118.87999725341797,119.05999755859375,118.58999633789062,119.05000305175781,77.72148895263672,777600
2014-06-25,119.43000030517578,119.43000030517578,119.13999938964844,119.16999816894531,77.79981231689453,827100
2014-06-26,119.23999786376953,119.5199966430664,119.23999786376953,119.38999938964844,77.94342803955078,698700
2014-06-27,119.5199966430664,119.61000061035156,119.37000274658203,119.37000274658203,77.93035125732422,729300
2014-06-30,119.44000244140625,119.45999908447266,119.16999816894531,119.26000213623047,77.85860443115234,857200
2014-07-01,118.70999908447266,118.8499984741211,118.45999908447266,118.47000122070312,77.55742645263672,5448400
2014-07-02,118.31999969482422,118.31999969482422,117.97000122070312,118.05000305175781,77.28245544433594,3278000
2014-07-03,117.76000213623047,118.0,117.66000366210938,117.93000030517578,77.20393371582031,648400
2014-07-07,118.0199966430664,118.22000122070312,117.94999694824219,118.13999938964844,77.34142303466797,1219200
2014-07-08,118.48999786376953,118.66000366210938,118.45999908447266,118.58000183105469,77.62945556640625,1296400
2014-07-09,118.5199966430664,118.87000274658203,118.37000274658203,118.7699966430664,77.75379943847656,836700
2014-07-10,118.94000244140625,118.97000122070312,118.6500015258789,118.68000030517578,77.69488525390625,524000
2014-07-11,118.83999633789062,119.11000061035156,118.83999633789062,119.05000305175781,77.93720245361328,1259300
2014-07-14,118.86000061035156,118.93000030517578,118.7300033569336,118.80000305175781,77.77346801757812,690900
2014-07-15,118.70999908447266,119.04000091552734,118.5,118.66999816894531,77.68841552734375,791400
2014-07-16,118.79000091552734,118.98999786376953,118.69000244140625,118.94999694824219,77.87165832519531,963800
2014-07-17,119.18000030517578,119.48999786376953,119.05999755859375,119.4000015258789,78.16625213623047,847900
2014-07-18,119.3499984741211,119.38999938964844,119.06999969482422,119.23999786376953,78.0615234375,539300
2014-07-21,119.37000274658203,119.47000122070312,119.20999908447266,119.23999786376953,78.0615234375,852600
2014-07-22,119.30999755859375,119.4000015258789,119.18000030517578,119.33000183105469,78.12043762207031,1017500
2014-07-23,119.45999908447266,119.55000305175781,119.41000366210938,119.47000122070312,78.21212005615234,1597800
2014-07-24,119.11000061035156,119.16999816894531,118.9800033569336,119.0,77.90435791015625,813400
2014-07-25,119.37000274658203,119.45999908447266,119.22000122070312,119.45999908447266,78.2055435180664,655400
2014-07-28,119.41000366210938,119.51000213623047,119.2300033569336,119.31999969482422,78.11388397216797,1290600
2014-07-29,119.52999877929688,119.55000305175781,119.27999877929688,119.43000030517578,78.1858901977539,787500
2014-07-30,119.08000183105469,119.18000030517578,118.69999694824219,118.87999725341797,77.82585144042969,1305800
2014-07-31,118.37000274658203,118.7300033569336,118.36000061035156,118.55000305175781,77.60982513427734,2121700
2014-08-01,118.12999725341797,118.87999725341797,118.08000183105469,118.81999969482422,78.0096206665039,2763600
2014-08-04,118.87000274658203,119.01000213623047,118.72000122070312,118.8499984741211,78.02936553955078,1779300
2014-08-05,118.66999816894531,118.98999786376953,118.5,118.97000122070312,78.108154296875,2416200
2014-08-06,119.11000061035156,119.12000274658203,118.73999786376953,118.76000213623047,77.97022247314453,1799500
2014-08-07,118.94000244140625,119.12000274658203,118.79000091552734,119.06999969482422,78.17381286621094,1839200
2014-08-08,119.2699966430664,119.41000366210938,119.0,119.04000091552734,78.154052734375,1048300
2014-08-11,119.13999938964844,119.27999877929688,119.0199966430664,119.08999633789062,78.18689727783203,770900
2014-08-12,119.19999694824219,119.20999908447266,118.9800033569336,119.02999877929688,78.14752197265625,1927400
2014-08-13,119.04000091552734,119.33000183105469,119.0,119.2699966430664,78.30509185791016,2260600
2014-08-14,119.45999908447266,119.5,119.19000244140625,119.4000015258789,78.3904037475586,1694200
2014-08-15,119.56999969482422,120.18000030517578,119.51000213623047,119.81999969482422,78.66617584228516,1729500
2014-08-18,119.68000030517578,119.73999786376953,119.45999908447266,119.55000305175781,78.48894500732422,1624200
2014-08-19,119.73999786376953,119.77999877929688,119.30000305175781,119.47000122070312,78.43640899658203,1559000
2014-08-20,119.43000030517578,119.47000122070312,119.11000061035156,119.19999694824219,78.25909423828125,746700
2014-08-21,119.38999938964844,119.63999938964844,119.37999725341797,119.61000061035156,78.52831268310547,1817900
2014-08-22,119.61000061035156,119.87999725341797,119.33999633789062,119.76000213623047,78.62678527832031,1014500
2014-08-25,119.87999725341797,119.94999694824219,119.72000122070312,119.94999694824219,78.75151824951172,793300
2014-08-26,120.05000305175781,120.08999633789062,119.8499984741211,120.02999877929688,78.80406188964844,730100
2014-08-27,120.0999984741211,120.29000091552734,120.0199966430664,120.2300033569336,78.93531799316406,1412400
2014-08-28,120.5,120.5999984741211,120.31999969482422,120.48999786376953,79.10604858398438,1100200
2014-08-29,120.43000030517578,120.68000030517578,120.38999938964844,120.58000183105469,79.16514587402344,1257900
2014-09-02,119.73999786376953,119.87999725341797,119.58000183105469,119.66999816894531,78.7885513305664,3493400
2014-09-03,119.45999908447266,119.83000183105469,119.41000366210938,119.83000183105469,78.89388275146484,838300
2014-09-04,119.52999877929688,119.66000366210938,118.94999694824219,118.9800033569336,78.33424377441406,4901900
2014-09-05,119.26000213623047,119.4000015258789,118.88999938964844,119.0,78.34742736816406,1557300
2014-09-08,119.20999908447266,119.30000305175781,118.7699966430664,118.80000305175781,78.21578216552734,1133000
2014-09-09,118.69000244140625,118.70999908447266,118.47000122070312,118.4800033569336,78.00507354736328,1853400
2014-09-10,118.23999786376953,118.41000366210938,118.19999694824219,118.29000091552734,77.87999725341797,1894800
2014-09-11,118.38999938964844,118.55000305175781,118.19999694824219,118.19999694824219,77.82073974609375,1300200
2014-09-12,117.86000061035156,118.02999877929688,117.5999984741211,117.62999725341797,77.44544219970703,1296900
2014-09-15,117.88999938964844,117.94000244140625,117.61000061035156,117.66000366210938,77.4651870727539,3575600
2014-09-16,117.66999816894531,117.91999816894531,117.58000183105469,117.63999938964844,77.4520492553711,1567600
2014-09-17,117.80999755859375,117.91000366210938,117.26000213623047,117.31999969482422,77.24134063720703,1763300
2014-09-18,117.41000366210938,117.58000183105469,117.33000183105469,117.52999877929688,77.37962341308594,1521200
2014-09-19,117.66999816894531,118.0199966430664,117.5,117.98999786376953,77.68245697021484,739000
2014-09-22,118.05000305175781,118.16999816894531,117.91000366210938,118.0999984741211,77.7548828125,1729400
2014-09-23,118.16999816894531,118.29000091552734,118.05999755859375,118.29000091552734,77.87999725341797,904400
2014-09-24,118.22000122070312,118.23999786376953,117.94000244140625,118.01000213623047,77.69564819335938,786700
2014-09-25,118.05999755859375,118.44000244140625,118.05000305175781,118.36000061035156,77.92606353759766,1375200
2014-09-26,117.87999725341797,118.13999938964844,117.4000015258789,118.0999984741211,77.7548828125,3295000
2014-09-29,118.12000274658203,118.2300033569336,117.87999725341797,118.05000305175781,77.72200775146484,3628200
2014-09-30,118.13999938964844,118.41999816894531,118.05000305175781,118.22000122070312,77.83393859863281,1716100
2014-10-01,118.30999755859375,118.80999755859375,118.25,118.5999984741211,78.30596923828125,1973500
2014-10-02,118.5999984741211,118.79000091552734,118.37000274658203,118.58999633789062,78.29937744140625,1891200
2014-10-03,118.56999969482422,118.94999694824219,118.37000274658203,118.93000030517578,78.52388000488281,2535800
2014-10-06,118.91000366210938,119.1500015258789,118.87000274658203,118.98999786376953,78.5634536743164,1858400
2014-10-07,119.27999877929688,119.62999725341797,119.16000366210938,119.41999816894531,78.8473892211914,1887900
2014-10-08,119.5999984741211,120.08000183105469,119.2300033569336,120.02999877929688,79.25013732910156,2297900
2014-10-09,119.7300033569336,119.94000244140625,119.51000213623047,119.52999877929688,78.9200210571289,1786200
2014-10-10,119.5999984741211,119.66999816894531,119.41000366210938,119.62999725341797,78.98607635498047,1371400
2014-10-13,119.91999816894531,120.18000030517578,119.80000305175781,119.94000244140625,79.19071960449219,1748200
2014-10-14,120.08999633789062,120.25,119.88999938964844,120.20999908447266,79.36897277832031,2826400
2014-10-15,120.80000305175781,122.43000030517578,120.12999725341797,120.30000305175781,79.42841339111328,3497900
2014-10-16,120.73999786376953,120.79000091552734,119.83999633789062,120.02999877929688,79.25013732910156,2229900
2014-10-17,120.05999755859375,120.19999694824219,119.75,119.9800033569336,79.21710968017578,1537800
2014-10-20,120.27999877929688,120.29000091552734,119.97000122070312,120.19999694824219,79.36238861083984,1735300
2014-10-21,120.0,120.23999786376953,119.94999694824219,120.12999725341797,79.31613159179688,1150000
2014-10-22,119.93000030517578,120.0199966430664,119.77999877929688,119.93000030517578,79.18407440185547,957000
2014-10-23,119.69999694824219,119.8499984741211,119.44999694824219,119.69999694824219,79.0322494506836,1408400
2014-10-24,119.68000030517578,119.94999694824219,119.5999984741211,119.75,79.06526184082031,1727800
2014-10-27,119.75,119.91000366210938,119.66000366210938,119.9000015258789,79.16431427001953,1946500
2014-10-28,119.70999908447266,119.75,119.44000244140625,119.5,78.90021514892578,2212700
2014-10-29,119.44000244140625,119.5,118.86000061035156,119.27999877929688,78.75494384765625,3574000
2014-10-30,119.44999694824219,119.69999694824219,119.30000305175781,119.36000061035156,78.80779266357422,2542000
2014-10-31,119.30999755859375,119.44000244140625,119.02999877929688,119.33999633789062,78.7945327758789,1893700
2014-11-03,118.77999877929688,118.97000122070312,118.62999725341797,118.7699966430664,78.63896179199219,6621700
2014-11-04,118.80000305175781,119.12999725341797,118.7699966430664,118.94000244140625,78.75152587890625,2155400
2014-11-05,118.80999755859375,118.8499984741211,118.61000061035156,118.72000122070312,78.60584259033203,1725300
2014-11-06,118.58999633789062,118.70999908447266,118.33000183105469,118.36000061035156,78.36750030517578,1458700
2014-11-07,118.5,119.12000274658203,118.5,119.11000061035156,78.86406707763672,1730000
2014-11-10,118.9800033569336,119.0,118.5,118.51000213623047,78.46678924560547,1710500
2014-11-11,118.5,118.58999633789062,118.4000015258789,118.5,78.460205078125,805600
2014-11-12,118.83000183105469,118.9800033569336,118.3499984741211,118.48999786376953,78.4535903930664,1931400
2014-11-13,118.52999877929688,118.55999755859375,118.30999755859375,118.36000061035156,78.36750030517578,2128500
2014-11-14,118.25,118.70999908447266,118.19000244140625,118.51000213623047,78.46678924560547,1784800
2014-11-17,118.63999938964844,118.68000030517578,118.16999816894531,118.2300033569336,78.28146362304688,1770100
2014-11-18,118.20999908447266,118.36000061035156,118.16000366210938,118.33000183105469,78.34764862060547,2002900
2014-11-19,117.86000061035156,118.08000183105469,117.69999694824219,117.69999694824219,77.93048095703125,1890200
2014-11-20,118.20999908447266,118.30000305175781,117.87000274658203,118.1500015258789,78.22846984863281,2040100
2014-11-21,118.38999938964844,118.75,118.30000305175781,118.66000366210938,78.5661392211914,1820200
2014-11-24,118.62000274658203,118.88999938964844,118.5999984741211,118.8499984741211,78.69192504882812,1592600
2014-11-25,119.0,119.44999694824219,118.94999694824219,119.36000061035156,79.02960205078125,2052800
2014-11-26,119.7300033569336,119.8499984741211,119.66000366210938,119.7699966430664,79.30109405517578,978200
2014-11-28,119.91000366210938,120.11000061035156,119.91000366210938,120.08999633789062,79.51294708251953,1037800
2014-12-01,119.80000305175781,119.87999725341797,118.94999694824219,119.33999633789062,79.23738098144531,6029800
2014-12-02,118.94000244140625,118.95999908447266,118.54000091552734,118.54000091552734,78.70626068115234,1496200
2014-12-03,118.62000274658203,118.83000183105469,118.55000305175781,118.66000366210938,78.78591918945312,5153700
2014-12-04,118.61000061035156,119.0,118.58000183105469,118.8499984741211,78.91205596923828,2413000
2014-12-05,118.75,118.80999755859375,118.30000305175781,118.36000061035156,78.58672332763672,1118600
2014-12-08,118.52999877929688,119.05999755859375,118.41999816894531,118.91999816894531,78.9585189819336,1842000
2014-12-09,119.12999725341797,119.2699966430664,118.9000015258789,119.0199966430664,79.0249252319336,1369900
2014-12-10,118.9800033569336,119.2699966430664,118.93000030517578,118.9800033569336,78.9983901977539,2974000
2014-12-11,119.05000305175781,119.1500015258789,118.68000030517578,118.86000061035156,78.91871643066406,1915600
2014-12-12,119.1500015258789,119.62999725341797,119.0,119.05000305175781,79.04486846923828,3457700
2014-12-15,119.0,119.48999786376953,118.86000061035156,119.33000183105469,79.23074340820312,4318600
2014-12-16,119.33999633789062,119.5999984741211,119.13999938964844,119.29000091552734,79.2042007446289,2041000
2014-12-17,119.5199966430664,119.88999938964844,119.12999725341797,119.31999969482422,79.22415924072266,1875200
2014-12-18,119.25,119.51000213623047,118.87999725341797,119.44000244140625,79.3038330078125,2056600
2014-12-19,119.19000244140625,119.47000122070312,119.02999877929688,119.37999725341797,79.26395416259766,1088400
2014-12-22,119.55999755859375,119.80999755859375,119.33000183105469,119.76000213623047,79.51625061035156,2011400
2014-12-23,119.5999984741211,119.61000061035156,118.7699966430664,118.8499984741211,78.91205596923828,1285700
2014-12-24,118.51000213623047,118.98999786376953,118.41999816894531,118.91000366210938,79.1664047241211,466200
2014-12-26,119.0999984741211,119.12999725341797,118.86000061035156,119.0,79.22631072998047,499100
2014-12-29,119.2699966430664,119.41999816894531,119.11000061035156,119.2300033569336,79.37945556640625,826200
2014-12-30,119.55000305175781,119.72000122070312,119.30000305175781,119.33000183105469,79.44597625732422,1052000
2014-12-31,119.58000183105469,119.79000091552734,119.30999755859375,119.41000366210938,79.4992446899414,1231400
2015-01-02,119.5999984741211,120.23999786376953,119.55000305175781,119.83000183105469,79.77890014648438,2523600
2015-01-05,120.19000244140625,120.68000030517578,120.08999633789062,120.31999969482422,80.10516357421875,3218800
2015-01-06,120.6500015258789,121.16999816894531,120.47000122070312,120.80999755859375,80.43138122558594,5313400
2015-01-07,120.63999938964844,121.05000305175781,120.51000213623047,120.97000122070312,80.53789520263672,1636600
2015-01-08,120.6500015258789,120.66999816894531,120.37000274658203,120.58000183105469,80.27823638916016,2156900
2015-01-09,120.41999816894531,121.0199966430664,120.38999938964844,120.9000015258789,80.4913101196289,1530400
2015-01-12,120.94000244140625,121.19000244140625,120.87000274658203,121.12999725341797,80.6444320678711,1948000
2015-01-13,121.12999725341797,121.27999877929688,120.91000366210938,121.23999786376953,80.71760559082031,1468300
2015-01-14,121.70999908447266,121.81999969482422,121.3499984741211,121.44999694824219,80.85741424560547,2457000
2015-01-15,121.52999877929688,122.2699966430664,121.44999694824219,122.08000183105469,81.27690887451172,2171300
2015-01-16,121.70999908447266,121.91000366210938,121.2300033569336,121.4000015258789,80.82416534423828,1322500
2015-01-20,121.70999908447266,122.05999755859375,121.62999725341797,121.68000030517578,81.01058197021484,1648900
2015-01-21,122.08000183105469,122.11000061035156,121.31999969482422,121.62999725341797,80.97731018066406,1878000
2015-01-22,121.87999725341797,121.95999908447266,121.25,121.56999969482422,80.93731689453125,1938400
2015-01-23,122.08999633789062,122.41000366210938,122.04000091552734,122.27999877929688,81.40998077392578,1436300
2015-01-26,122.3499984741211,122.47000122070312,122.0,122.25,81.3900375366211,2347900
2015-01-27,122.68000030517578,122.83000183105469,122.19999694824219,122.33999633789062,81.44996643066406,1268000
2015-01-28,122.38999938964844,123.33999633789062,122.37000274658203,123.16999816894531,82.00257873535156,1367900
2015-01-29,122.86000061035156,123.02999877929688,122.69000244140625,122.87999725341797,81.80950164794922,1674500
2015-01-30,123.55000305175781,123.9000015258789,123.43000030517578,123.88999938964844,82.4819107055664,3499000
2015-02-02,123.23999786376953,123.72000122070312,123.05000305175781,123.66999816894531,82.55865478515625,5684700
2015-02-03,123.05999755859375,123.19000244140625,122.5199966430664,122.66999816894531,81.89112091064453,2828500
2015-02-04,122.26000213623047,122.87000274658203,122.19000244140625,122.83999633789062,82.00457000732422,3209500
2015-02-05,122.58999633789062,122.69000244140625,122.36000061035156,122.44999694824219,81.74425506591797,1789300
2015-02-06,121.95999908447266,122.08999633789062,121.13999938964844,121.16999816894531,80.88973999023438,2578400
2015-02-09,121.55999755859375,121.62000274658203,121.11000061035156,121.25,80.94322204589844,2426900
2015-02-10,121.2300033569336,121.30000305175781,120.88999938964844,120.91999816894531,80.72283935546875,2580300
2015-02-11,121.02999877929688,121.05000305175781,120.63999938964844,121.0,80.7762451171875,2239600
2015-02-12,121.0,121.44000244140625,120.9000015258789,121.30999755859375,80.98320770263672,4045600
2015-02-13,121.29000091552734,121.36000061035156,120.81999969482422,120.83000183105469,80.66280364990234,2068700
2015-02-17,120.66000366210938,120.77999877929688,120.05999755859375,120.2699966430664,80.28890991210938,2970300
2015-02-18,120.33999633789062,121.0,120.20999908447266,120.69999694824219,80.57599639892578,3221900
2015-02-19,120.63999938964844,121.08000183105469,120.54000091552734,120.68000030517578,80.56266784667969,2765500
2015-02-20,121.0199966430664,121.31999969482422,120.47000122070312,120.86000061035156,80.68281555175781,1621100
2015-02-23,121.1500015258789,121.27999877929688,121.05999755859375,121.2699966430664,80.95651245117188,2191400
2015-02-24,121.05999755859375,122.0999984741211,120.80000305175781,122.05999755859375,81.4839096069336,1891700
2015-02-25,121.91999816894531,122.19999694824219,121.73999786376953,122.16999816894531,81.55731964111328,2024500
2015-02-26,122.0,122.1500015258789,121.44000244140625,121.51000213623047,81.11673736572266,1192200
2015-02-27,121.54000091552734,121.86000061035156,121.30999755859375,121.80000305175781,81.31033325195312,2892800
2015-03-02,121.36000061035156,121.36000061035156,120.4000015258789,120.41999816894531,80.60547637939453,4540700
2015-03-03,120.5,120.7699966430664,120.33999633789062,120.3499984741211,80.5585708618164,4737600
2015-03-04,120.66000366210938,120.66999816894531,120.19999694824219,120.2699966430664,80.50505828857422,2703200
2015-03-05,120.5,120.58000183105469,120.12999725341797,120.43000030517578,80.61217498779297,1307600
2015-03-06,119.69999694824219,119.80999755859375,119.11000061035156,119.1500015258789,79.7553482055664,3372800
2015-03-09,119.58999633789062,119.68000030517578,119.37999725341797,119.62999725341797,80.07666015625,6241000
2015-03-10,120.0199966430664,120.19000244140625,119.79000091552734,119.81999969482422,80.20386505126953,3356900
2015-03-11,120.06999969482422,120.44000244140625,119.87999725341797,120.43000030517578,80.61217498779297,1712200
2015-03-12,120.62999725341797,120.72000122070312,120.08000183105469,120.30999755859375,80.53182983398438,2970700
2015-03-13,120.0,120.30000305175781,119.9000015258789,119.97000122070312,80.30429077148438,1845300
2015-03-16,120.41999816894531,120.41999816894531,119.91000366210938,120.08999633789062,80.38453674316406,1588300
2015-03-17,120.0999984741211,120.37000274658203,119.87999725341797,120.29000091552734,80.51847076416016,2528800
2015-03-18,120.54000091552734,121.88999938964844,120.36000061035156,121.7699966430664,81.50914764404297,3382500
2015-03-19,121.4800033569336,121.61000061035156,121.05000305175781,121.1500015258789,81.09410858154297,2503000
2015-03-20,121.47000122070312,121.70999908447266,121.36000061035156,121.48999786376953,81.32170867919922,3669300
2015-03-23,121.56999969482422,121.83000183105469,121.55000305175781,121.7699966430664,81.50914764404297,2946600
2015-03-24,121.88999938964844,122.0,121.69999694824219,121.94999694824219,81.62959289550781,2782100
2015-03-25,122.0,122.30000305175781,121.44000244140625,121.55000305175781,81.36186981201172,3205900
2015-03-26,121.2699966430664,121.37999725341797,120.72000122070312,120.80000305175781,80.85982513427734,2681800
2015-03-27,121.18000030517578,121.54000091552734,121.02999877929688,121.27999877929688,81.18111419677734,1009700
2015-03-30,121.41999816894531,121.58999633789062,121.27999877929688,121.48999786376953,81.32170867919922,981100
2015-03-31,121.47000122070312,121.76000213623047,121.31999969482422,121.70999908447266,81.46895599365234,1688400
2015-04-01,121.69999694824219,122.16999816894531,121.61000061035156,121.7300033569336,81.70319366455078,7393500
2015-04-02,121.94000244140625,122.12000274658203,121.5,121.52999877929688,81.5689697265625,3013700
2015-04-06,122.01000213623047,122.16000366210938,121.4000015258789,121.69000244140625,81.67636108398438,3496000
2015-04-07,121.5999984741211,122.13999938964844,121.47000122070312,122.12999725341797,81.9716796875,2613500
2015-04-08,122.12999725341797,122.12999725341797,121.69999694824219,122.08999633789062,81.9448013305664,3933500
2015-04-09,122.06999969482422,122.06999969482422,121.36000061035156,121.47000122070312,81.52871704101562,1780600
2015-04-10,121.80999755859375,121.9000015258789,121.55999755859375,121.63999938964844,81.6427993774414,1325000
2015-04-13,121.6500015258789,121.8499984741211,121.54000091552734,121.5999984741211,81.615966796875,1710100
2015-04-14,122.05000305175781,122.30999755859375,121.8499984741211,121.87999725341797,81.8038558959961,2245000
2015-04-15,122.1500015258789,122.29000091552734,121.95999908447266,121.95999908447266,81.85755920410156,1560900
2015-04-16,122.13999938964844,122.13999938964844,121.56999969482422,121.88999938964844,81.81061553955078,1820500
2015-04-17,121.81999969482422,122.3499984741211,121.6500015258789,122.22000122070312,82.03205108642578,1625800
2015-04-20,122.19000244140625,122.3499984741211,121.83999633789062,121.93000030517578,81.83746337890625,1527200
2015-04-21,122.05000305175781,122.0999984741211,121.77999877929688,121.9000015258789,81.81730651855469,2441600
2015-04-22,121.93000030517578,121.94000244140625,121.08999633789062,121.11000061035156,81.28707885742188,2106000
2015-04-23,121.13999938964844,121.58999633789062,121.04000091552734,121.41999816894531,81.49513244628906,1962900
2015-04-24,121.61000061035156,121.83000183105469,121.51000213623047,121.6500015258789,81.6495132446289,1690200
2015-04-27,121.6500015258789,121.76000213623047,121.31999969482422,121.55999755859375,81.589111328125,1564700
2015-04-28,121.22000122070312,121.37999725341797,120.76000213623047,120.83999633789062,81.10582733154297,1972700
2015-04-29,120.01000213623047,120.1500015258789,119.5999984741211,119.83999633789062,80.43468475341797,3087100
2015-04-30,119.66000366210938,120.01000213623047,119.16999816894531,119.94000244140625,80.50176239013672,5716000
2015-05-01,119.22000122070312,119.47000122070312,118.80000305175781,118.94999694824219,80.05754852294922,3462200
2015-05-04,119.01000213623047,119.16000366210938,118.55999755859375,118.56999969482422,79.80183410644531,2689600
2015-05-05,118.63999938964844,118.69000244140625,118.05000305175781,118.37000274658203,79.66725158691406,3307400
2015-05-06,118.30000305175781,118.30000305175781,117.68000030517578,117.86000061035156,79.32398223876953,2105900
2015-05-07,118.01000213623047,118.41000366210938,117.86000061035156,118.33000183105469,79.64029693603516,3641200
2015-05-08,119.08999633789062,119.2300033569336,118.83000183105469,119.01000213623047,80.09798431396484,5393700
2015-05-11,118.61000061035156,118.6500015258789,117.69000244140625,117.80999755859375,79.2903060913086,3882800
2015-05-12,117.44999694824219,117.9800033569336,117.19999694824219,117.63999938964844,79.17591094970703,3737200
2015-05-13,118.20999908447266,118.27999877929688,117.48999786376953,117.52999877929688,79.10186004638672,3263600
2015-05-14,117.75,118.13999938964844,117.61000061035156,117.93000030517578,79.37108612060547,3094300
2015-05-15,118.20999908447266,118.81999969482422,118.0999984741211,118.75,79.92298889160156,1856500
2015-05-18,118.30999755859375,118.4800033569336,117.75,117.83999633789062,79.31051635742188,2820500
2015-05-19,117.30000305175781,117.80000305175781,117.19999694824219,117.20999908447266,78.886474609375,3562500
2015-05-20,117.37999725341797,117.68000030517578,117.11000061035156,117.3499984741211,78.98075103759766,2626800
2015-05-21,117.55000305175781,117.94999694824219,117.41999816894531,117.91000366210938,79.35759735107422,1606900
2015-05-22,117.81999969482422,117.8499984741211,117.51000213623047,117.83000183105469,79.30380249023438,2858500
2015-05-26,117.86000061035156,118.41000366210938,117.80999755859375,118.3499984741211,79.65374755859375,2232300
2015-05-27,118.36000061035156,118.55000305175781,118.08999633789062,118.47000122070312,79.73451232910156,2282700
2015-05-28,118.43000030517578,118.48999786376953,118.19000244140625,118.22000122070312,79.56626892089844,2901000
2015-05-29,118.5,118.56999969482422,118.12999725341797,118.2699966430664,79.59990692138672,2845800
2015-06-01,117.86000061035156,117.98999786376953,117.22000122070312,117.27999877929688,79.15384674072266,5315800
2015-06-02,116.87000274658203,116.98999786376953,116.58999633789062,116.68000030517578,78.74887084960938,7084900
2015-06-03,116.44000244140625,116.44000244140625,115.70999908447266,115.93000030517578,78.24269104003906,3307900
2015-06-04,116.12000274658203,116.66999816894531,116.12000274658203,116.52999877929688,78.64763641357422,2849100
2015-06-05,115.91000366210938,116.20999908447266,115.5,115.94000244140625,78.24939727783203,5548400
2015-06-08,116.08000183105469,116.19999694824219,115.86000061035156,115.86000061035156,78.19538879394531,2131100
2015-06-09,115.66999816894531,115.66999816894531,115.23999786376953,115.33999633789062,77.8444595336914,6152300
2015-06-10,115.18000030517578,115.27999877929688,114.93000030517578,115.02999877929688,77.6352310180664,1959600
2015-06-11,115.54000091552734,116.06999969482422,115.29000091552734,116.05000305175781,78.32366943359375,2562600
2015-06-12,115.76000213623047,116.33000183105469,115.7300033569336,115.8499984741211,78.18866729736328,2437900
2015-06-15,116.19999694824219,116.25,115.68000030517578,115.83000183105469,78.17514038085938,1827600
2015-06-16,115.95999908447266,116.12000274658203,115.66000366210938,116.12000274658203,78.37091827392578,2274100
2015-06-17,116.04000091552734,116.19999694824219,115.47000122070312,116.11000061035156,78.3641128540039,3824200
2015-06-18,115.8499984741211,116.0,115.52999877929688,115.9000015258789,78.22245788574219,1853100
2015-06-19,116.2300033569336,116.62000274658203,116.05999755859375,116.5199966430664,78.64088439941406,5114500
2015-06-22,116.08999633789062,116.25,115.54000091552734,115.5999984741211,78.01993560791016,2547700
2015-06-23,115.08999633789062,115.63999938964844,115.08999633789062,115.33999633789062,77.8444595336914,1238700
2015-06-24,115.44000244140625,115.72000122070312,115.30000305175781,115.66000366210938,78.06040954589844,2540000
2015-06-25,115.4800033569336,115.63999938964844,115.26000213623047,115.47000122070312,77.93221282958984,2567500
2015-06-26,115.0199966430664,115.12999725341797,114.7300033569336,114.94000244140625,77.57450866699219,2285000
2015-06-29,115.22000122070312,116.08999633789062,115.1500015258789,115.94000244140625,78.24939727783203,5945700
2015-06-30,115.66999816894531,116.18000030517578,115.5999984741211,115.72000122070312,78.10096740722656,2668600
2015-07-01,115.02999877929688,115.29000091552734,115.0199966430664,115.0199966430664,77.8504867553711,4088700
2015-07-02,115.30000305175781,115.66000366210938,115.27999877929688,115.45999908447266,78.14833068847656,1971000
2015-07-06,115.87999725341797,116.06999969482422,115.58999633789062,115.91999816894531,78.45964050292969,4845100
2015-07-07,116.6500015258789,116.86000061035156,116.26000213623047,116.4000015258789,78.78453826904297,3627500
2015-07-08,116.51000213623047,116.70999908447266,116.2300033569336,116.55999755859375,78.89282989501953,3490600
2015-07-09,116.16000366210938,116.19999694824219,115.72000122070312,115.79000091552734,78.37169647216797,1427800
2015-07-10,115.1500015258789,115.36000061035156,114.80999755859375,115.05000305175781,77.87081909179688,2740000
2015-07-13,114.58000183105469,115.08000183105469,114.58000183105469,114.80000305175781,77.70162963867188,3146100
2015-07-14,114.87000274658203,115.0,114.66000366210938,114.9000015258789,77.769287109375,4364200
2015-07-15,114.86000061035156,115.37000274658203,114.7699966430664,115.19999694824219,77.97237396240234,1923800
2015-07-16,115.02999877929688,115.45999908447266,114.91999816894531,115.37999725341797,78.0941390991211,2036600
2015-07-17,115.38999938964844,115.62000274658203,115.38999938964844,115.45999908447266,78.14833068847656,2268200
2015-07-20,115.25,115.44999694824219,115.1500015258789,115.19000244140625,77.96554565429688,2805800
2015-07-21,115.01000213623047,115.4800033569336,115.0,115.43000030517578,78.12799072265625,2490900
2015-07-22,115.41000366210938,115.75,115.33999633789062,115.58000183105469,78.22953033447266,1292900
2015-07-23,115.52999877929688,116.0199966430664,115.4000015258789,115.91999816894531,78.45964050292969,2007600
2015-07-24,116.11000061035156,116.11000061035156,115.66999816894531,115.87000274658203,78.42584991455078,2704700
2015-07-27,115.93000030517578,116.18000030517578,115.80999755859375,115.87999725341797,78.43257904052734,4836700
2015-07-28,115.62999725341797,115.81999969482422,115.5,115.79000091552734,78.37169647216797,2755100
2015-07-29,115.7300033569336,115.80999755859375,115.5199966430664,115.69000244140625,78.3039779663086,1569200
2015-07-30,115.7699966430664,115.91999816894531,115.5999984741211,115.75,78.34461975097656,2157600
2015-07-31,116.11000061035156,116.41000366210938,116.0999984741211,116.3499984741211,78.75069427490234,3626900
2015-08-03,115.86000061035156,116.37999725341797,115.83000183105469,116.29000091552734,78.93397521972656,2942800
2015-08-04,115.98999786376953,116.05000305175781,115.63999938964844,115.69999694824219,78.53349304199219,3823200
2015-08-05,115.51000213623047,115.51000213623047,115.08999633789062,115.25,78.2280502319336,2991600
2015-08-06,115.37999725341797,115.58999633789062,115.33000183105469,115.47000122070312,78.37736511230469,1750800
2015-08-07,115.63999938964844,115.94000244140625,115.55000305175781,115.87000274658203,78.64888763427734,2907200
2015-08-10,115.58000183105469,115.68000030517578,115.3499984741211,115.41000366210938,78.33663940429688,1317600
2015-08-11,115.88999938964844,116.20999908447266,115.81999969482422,115.88999938964844,78.6624526977539,5011600
2015-08-12,115.88999938964844,116.26000213623047,115.6500015258789,115.70999908447266,78.54029846191406,5062200
2015-08-13,115.41000366210938,115.66000366210938,115.22000122070312,115.30999755859375,78.26875305175781,1647500
2015-08-14,115.27999877929688,115.52999877929688,115.16999816894531,115.41999816894531,78.34345245361328,1693600
2015-08-17,115.80000305175781,116.0999984741211,115.58999633789062,115.79000091552734,78.59455871582031,3313900
2015-08-18,115.5199966430664,115.63999938964844,115.27999877929688,115.3499984741211,78.29589080810547,2200900
2015-08-19,115.0999984741211,115.98999786376953,115.0,115.91000366210938,78.6760482788086,2600100
2015-08-20,115.94999694824219,116.11000061035156,115.80999755859375,115.9800033569336,78.72359466552734,1760100
2015-08-21,116.01000213623047,116.29000091552734,115.81999969482422,116.01000213623047,78.7439193725586,2971100
2015-08-24,116.5,116.58999633789062,115.62999725341797,115.69000244140625,78.52667999267578,3966000
2015-08-25,115.3499984741211,115.55999755859375,114.87000274658203,115.0999984741211,78.12623596191406,2625300
2015-08-26,114.87999725341797,115.2300033569336,114.68000030517578,115.02999877929688,78.07870483398438,3299400
2015-08-27,114.80999755859375,115.38999938964844,114.69999694824219,115.13999938964844,78.15338897705078,2957800
2015-08-28,115.70999908447266,115.76000213623047,115.2699966430664,115.3499984741211,78.29589080810547,1901200
2015-08-31,115.79000091552734,115.81999969482422,115.05999755859375,115.05999755859375,78.09906768798828,1250200
2015-09-01,115.05999755859375,115.48999786376953,114.83999633789062,115.41999816894531,78.57221221923828,3856800
2015-09-02,114.97000122070312,115.45999908447266,114.97000122070312,115.25,78.4565200805664,1824500
2015-09-03,115.56999969482422,115.94000244140625,115.41999816894531,115.80000305175781,78.83088684082031,11303000
2015-09-04,115.97000122070312,116.19999694824219,115.77999877929688,116.05999755859375,79.00791931152344,1648600
2015-09-08,115.76000213623047,115.81999969482422,115.5,115.5199966430664,78.64025115966797,1892300
2015-09-09,115.2300033569336,115.83999633789062,115.19999694824219,115.7699966430664,78.81050109863281,2079100
2015-09-10,115.56999969482422,115.6500015258789,115.36000061035156,115.54000091552734,78.65388488769531,2566500
2015-09-11,115.58000183105469,115.88999938964844,115.56999969482422,115.62000274658203,78.70831298828125,2333300
2015-09-14,115.77999877929688,115.81999969482422,115.4800033569336,115.61000061035156,78.70156860351562,1732500
2015-09-15,115.33999633789062,115.4800033569336,114.63999938964844,114.73999786376953,78.10928344726562,3090400
2015-09-16,114.80999755859375,115.05000305175781,114.76000213623047,114.94999694824219,78.25228118896484,2918300
2015-09-17,114.93000030517578,115.94000244140625,114.88999938964844,115.9000015258789,78.89896392822266,4106700
2015-09-18,116.08000183105469,116.37999725341797,116.0,116.25,79.13723754882812,4692400
2015-09-21,115.94000244140625,116.0999984741211,115.61000061035156,115.66000366210938,78.735595703125,3209900
2015-09-22,116.05000305175781,116.3499984741211,115.94000244140625,116.16000366210938,79.07595825195312,4001000
2015-09-23,116.12000274658203,116.22000122070312,115.93000030517578,116.08999633789062,79.02833557128906,2435200
2015-09-24,116.45999908447266,116.5199966430664,116.08000183105469,116.11000061035156,79.04188537597656,2378100
2015-09-25,115.73999786376953,115.94999694824219,115.6500015258789,115.76000213623047,78.80366516113281,2858800
2015-09-28,115.83999633789062,116.16000366210938,115.69999694824219,115.95999908447266,78.9398422241211,3099400
2015-09-29,115.91000366210938,116.1500015258789,115.81999969482422,116.11000061035156,79.04188537597656,2267100
2015-09-30,115.87999725341797,116.12999725341797,115.83000183105469,116.08999633789062,79.02833557128906,4404200
2015-10-01,115.73999786376953,115.91999816894531,115.56999969482422,115.7300033569336,79.01057434082031,6459600
2015-10-02,116.3499984741211,116.48999786376953,116.0199966430664,116.23999786376953,79.35873413085938,3480100
2015-10-05,115.91999816894531,116.06999969482422,115.80000305175781,115.93000030517578,79.14708709716797,7567200
2015-10-06,115.93000030517578,116.22000122070312,115.6500015258789,116.16000366210938,79.30411529541016,3241200
2015-10-07,116.23999786376953,116.5999984741211,115.91999816894531,116.56999969482422,79.58406066894531,5884900
2015-10-08,116.56999969482422,116.56999969482422,115.9800033569336,116.11000061035156,79.26995086669922,2175000
2015-10-09,116.08999633789062,116.27999877929688,115.98999786376953,116.16000366210938,79.30411529541016,3798800
2015-10-12,116.31999969482422,116.69999694824219,116.31999969482422,116.62999725341797,79.62498474121094,860400
2015-10-13,116.61000061035156,116.63999938964844,116.23999786376953,116.54000091552734,79.56352233886719,2147200
2015-10-14,116.83999633789062,117.01000213623047,116.56999969482422,117.0,79.87760162353516,1976500
2015-10-15,116.8499984741211,116.94999694824219,116.61000061035156,116.94999694824219,79.84344482421875,4233500
2015-10-16,116.91999816894531,117.02999877929688,116.83000183105469,116.98999786376953,79.87080383300781,3055300
2015-10-19,116.94000244140625,116.98999786376953,116.63999938964844,116.9800033569336,79.86393737792969,2510700
2015-10-20,116.63999938964844,116.8499984741211,116.55000305175781,116.76000213623047,79.71376037597656,4190100
2015-10-21,117.05000305175781,117.37000274658203,117.05000305175781,117.33999633789062,80.10971069335938,2497700
2015-10-22,117.30999755859375,117.77999877929688,117.22000122070312,117.58999633789062,80.28038787841797,2396900
2015-10-23,117.3499984741211,117.41000366210938,117.16000366210938,117.16000366210938,79.98684692382812,3682800
2015-10-26,117.37000274658203,117.43000030517578,117.12999725341797,117.37000274658203,80.13019561767578,3771900
2015-10-27,117.66000366210938,117.69000244140625,117.37000274658203,117.4000015258789,80.15070343017578,2809600
2015-10-28,117.29000091552734,117.36000061035156,116.81999969482422,116.94000244140625,79.83663940429688,4693300
2015-10-29,116.61000061035156,116.62999725341797,116.0,116.12000274658203,79.27680969238281,2942100
2015-10-30,116.19000244140625,116.44000244140625,116.08000183105469,116.41999816894531,79.48162841796875,2664100
2015-11-02,115.80000305175781,115.87999725341797,115.55999755859375,115.58999633789062,79.13999938964844,6241700
2015-11-03,115.5999984741211,115.70999908447266,115.43000030517578,115.5999984741211,79.1468276977539,2672700
2015-11-04,115.62999725341797,115.79000091552734,115.44999694824219,115.47000122070312,79.05783081054688,4176400
2015-11-05,115.55999755859375,115.72000122070312,115.2300033569336,115.5,79.07831573486328,3743100
2015-11-06,114.83000183105469,114.87999725341797,114.63999938964844,114.75,78.56485748291016,4306200
2015-11-09,114.54000091552734,114.80999755859375,114.43000030517578,114.55999755859375,78.43479919433594,3253200
2015-11-10,114.69999694824219,115.05999755859375,114.56999969482422,114.8499984741211,78.63330078125,2228800
2015-11-11,114.80000305175781,114.9000015258789,114.7300033569336,114.83999633789062,78.62650299072266,910900
2015-11-12,114.75,115.19999694824219,114.73999786376953,114.80000305175781,78.59912109375,3102000
2015-11-13,115.08999633789062,115.19000244140625,114.9800033569336,115.13999938964844,78.8318862915039,2618900
2015-11-16,115.20999908447266,115.30000305175781,115.0199966430664,115.16000366210938,78.8455810546875,2558400
2015-11-17,114.94999694824219,115.5,114.86000061035156,115.27999877929688,78.92771911621094,3857700
2015-11-18,115.19999694824219,115.41000366210938,115.06999969482422,115.30999755859375,78.94828796386719,1713300
2015-11-19,115.47000122070312,115.7699966430664,115.44000244140625,115.6500015258789,79.18106842041016,2890500
2015-11-20,115.62999725341797,115.76000213623047,115.4800033569336,115.62999725341797,79.16737365722656,2344900
2015-11-23,115.54000091552734,115.75,115.47000122070312,115.66999816894531,79.19476318359375,1948100
2015-11-24,115.63999938964844,115.81999969482422,115.58000183105469,115.70999908447266,79.22216033935547,1659500
2015-11-25,115.75,115.91000366210938,115.68000030517578,115.81999969482422,79.29743957519531,609600
2015-11-27,115.91000366210938,116.0,115.86000061035156,115.86000061035156,79.32486724853516,409200
2015-11-30,115.8499984741211,115.94999694824219,115.80000305175781,115.91000366210938,79.35909271240234,4925000
2015-12-01,115.63999938964844,116.47000122070312,115.55999755859375,116.44999694824219,79.95574951171875,5961700
2015-12-02,116.20999908447266,116.33000183105469,116.05000305175781,116.16999816894531,79.7635269165039,6138300
2015-12-03,115.58000183105469,115.69000244140625,114.55999755859375,114.62999725341797,78.70611572265625,4515400
2015-12-04,114.79000091552734,115.27999877929688,114.79000091552734,115.25,79.13179779052734,3120500
2015-12-07,115.22000122070312,115.83000183105469,115.19000244140625,115.44999694824219,79.2691421508789,3094600
2015-12-08,115.5999984741211,115.61000061035156,115.22000122070312,115.30000305175781,79.16613006591797,3754100
2015-12-09,115.16999816894531,115.41999816894531,114.93000030517578,115.2699966430664,79.14557647705078,3394600
2015-12-10,115.29000091552734,115.47000122070312,115.0,115.0,78.96016693115234,4722600
2015-12-11,115.27999877929688,115.41000366210938,114.80999755859375,115.19999694824219,79.09751892089844,7949600
2015-12-14,114.8499984741211,115.0,114.18000030517578,114.3499984741211,78.51387023925781,6442800
2015-12-15,114.06999969482422,114.62999725341797,113.94000244140625,114.36000061035156,78.52071380615234,3822600
2015-12-16,114.30999755859375,114.62999725341797,113.69999694824219,114.33999633789062,78.50698852539062,2540900
2015-12-17,114.66000366210938,114.73999786376953,114.33999633789062,114.47000122070312,78.59622955322266,2327500
2015-12-18,114.5199966430664,114.76000213623047,114.43000030517578,114.47000122070312,78.59622955322266,2566200
2015-12-21,114.76000213623047,114.9000015258789,114.45999908447266,114.55000305175781,78.6512222290039,3026000
2015-12-22,114.43000030517578,114.58999633789062,114.29000091552734,114.4000015258789,78.54818725585938,2204900
2015-12-23,114.27999877929688,114.5199966430664,114.20999908447266,114.5,78.61685180664062,1923200
2015-12-24,114.33999633789062,114.55000305175781,114.19999694824219,114.55000305175781,78.87301635742188,920100
2015-12-28,114.36000061035156,114.55999755859375,114.20999908447266,114.41000366210938,78.77659606933594,2422500
2015-12-29,114.27999877929688,114.37999725341797,113.80999755859375,113.81999969482422,78.37037658691406,2965700
2015-12-30,113.7699966430664,114.05000305175781,113.7300033569336,113.81999969482422,78.37037658691406,1890600
2015-12-31,114.16999816894531,114.2699966430664,114.0,114.01000213623047,78.50119018554688,1228200
2016-01-04,114.1500015258789,114.41000366210938,113.88999938964844,113.94999694824219,78.4598388671875,8333700
2016-01-05,114.08999633789062,114.2300033569336,113.91000366210938,114.01000213623047,78.50119018554688,4474300
2016-01-06,114.4800033569336,114.52999877929688,114.30000305175781,114.45999908447266,78.81103515625,4522400
2016-01-07,114.56999969482422,114.68000030517578,114.25,114.55000305175781,78.87301635742188,4820000
2016-01-08,114.5199966430664,114.91999816894531,114.44000244140625,114.63999938964844,78.93497467041016,4363500
2016-01-11,114.48999786376953,114.61000061035156,114.2300033569336,114.2699966430664,78.6801986694336,4161500
2016-01-12,114.30000305175781,114.91000366210938,114.30000305175781,114.52999877929688,78.8592300415039,2616600
2016-01-13,114.72000122070312,115.0,114.54000091552734,114.87999725341797,79.10025024414062,5649800
2016-01-14,114.9000015258789,114.91999816894531,114.26000213623047,114.30999755859375,78.70770263671875,4735300
2016-01-15,114.33999633789062,114.48999786376953,113.9800033569336,114.13999938964844,78.59065246582031,5977900
2016-01-19,114.04000091552734,114.12000274658203,113.61000061035156,113.62999725341797,78.23954772949219,3374300
2016-01-20,113.83999633789062,113.94000244140625,113.51000213623047,113.80000305175781,78.35658264160156,6175300
2016-01-21,113.80999755859375,113.98999786376953,113.36000061035156,113.47000122070312,78.12935638427734,3928300
2016-01-22,113.43000030517578,113.76000213623047,113.3499984741211,113.54000091552734,78.17752838134766,2932000
2016-01-25,113.19000244140625,113.70999908447266,113.19000244140625,113.41999816894531,78.09496307373047,2485200
2016-01-26,113.51000213623047,113.77999877929688,113.44000244140625,113.73999786376953,78.31526947021484,4002200
2016-01-27,113.52999877929688,113.70999908447266,113.20999908447266,113.43000030517578,78.10175323486328,2535900
2016-01-28,113.2699966430664,113.75,113.2699966430664,113.55999755859375,78.19133758544922,4187100
2016-01-29,114.22000122070312,114.22000122070312,113.9000015258789,114.1500015258789,78.59757995605469,2022700
2016-02-01,113.48999786376953,113.58999633789062,113.11000061035156,113.44999694824219,78.34685516357422,8696800
2016-02-02,113.63999938964844,113.73999786376953,113.37000274658203,113.66000366210938,78.4919204711914,5881200
2016-02-03,113.5199966430664,113.94000244140625,113.23999786376953,113.37999725341797,78.29854583740234,3732100
2016-02-04,113.48999786376953,113.68000030517578,113.33000183105469,113.43000030517578,78.33309173583984,3367500
2016-02-05,113.27999877929688,113.5,113.12000274658203,113.41000366210938,78.31925964355469,4334400
2016-02-08,113.6500015258789,114.08000183105469,113.5,114.0,78.7267074584961,3265200
2016-02-09,113.66000366210938,114.08000183105469,113.58999633789062,113.61000061035156,78.45736694335938,3346900
2016-02-10,113.73999786376953,113.93000030517578,113.62000274658203,113.75,78.55401611328125,3738300
2016-02-11,114.0,114.48999786376953,113.9000015258789,114.12999725341797,78.81649017333984,5333600
2016-02-12,113.66999816894531,113.83000183105469,113.16999816894531,113.48999786376953,78.37450408935547,4180600
2016-02-16,113.52999877929688,113.52999877929688,112.87999725341797,112.94999694824219,78.00160217285156,4972200
2016-02-17,112.9000015258789,113.13999938964844,112.66999816894531,112.91999816894531,77.98091888427734,5008100
2016-02-18,113.19000244140625,113.87999725341797,113.08000183105469,113.83999633789062,78.61620330810547,3810700
2016-02-19,113.80000305175781,113.97000122070312,113.56999969482422,113.76000213623047,78.56098175048828,3587300
2016-02-22,113.87000274658203,114.04000091552734,113.77999877929688,113.98999786376953,78.71976470947266,4556800
2016-02-23,113.75,114.30000305175781,113.55000305175781,114.22000122070312,78.87863159179688,2832100
2016-02-24,114.5,114.81999969482422,114.2699966430664,114.33000183105469,78.95460510253906,3402200
2016-02-25,114.58000183105469,115.11000061035156,114.58000183105469,114.97000122070312,79.39659118652344,4531800
2016-02-26,114.91000366210938,114.95999908447266,114.56999969482422,114.93000030517578,79.36901092529297,5422500
2016-02-29,114.8499984741211,115.06999969482422,114.77999877929688,115.01000213623047,79.4242172241211,5231900
2016-03-01,115.11000061035156,115.11000061035156,113.91999816894531,114.05000305175781,78.99129486083984,8301800
2016-03-02,113.94999694824219,114.30000305175781,113.81999969482422,114.27999877929688,79.15062713623047,3519600
2016-03-03,114.29000091552734,114.9000015258789,114.27999877929688,114.81999969482422,79.52464294433594,3614600
2016-03-04,114.73999786376953,114.81999969482422,114.44999694824219,114.80000305175781,79.5107421875,2040600
2016-03-07,114.48999786376953,114.95999908447266,114.48999786376953,114.93000030517578,79.60082244873047,3616900
2016-03-08,115.7699966430664,115.86000061035156,115.44999694824219,115.54000091552734,80.02332305908203,3279800
2016-03-09,115.19999694824219,115.54000091552734,115.18000030517578,115.41000366210938,79.93326568603516,3205800
2016-03-10,115.91000366210938,116.08999633789062,115.4000015258789,115.88999938964844,80.26573944091797,4459000
2016-03-11,116.30000305175781,116.37999725341797,115.97000122070312,116.22000122070312,80.49427795410156,4603500
2016-03-14,116.43000030517578,116.5999984741211,116.20999908447266,116.55999755859375,80.7297592163086,2997400
2016-03-15,116.83000183105469,116.83000183105469,116.38999938964844,116.5199966430664,80.70207214355469,6599400
2016-03-16,116.3499984741211,117.12000274658203,116.26000213623047,117.08000183105469,81.08990478515625,3975400
2016-03-17,117.08000183105469,117.69000244140625,117.08000183105469,117.44000244140625,81.33927917480469,3341900
2016-03-18,117.86000061035156,117.91000366210938,117.5,117.70999908447266,81.5262680053711,3315200
2016-03-21,117.51000213623047,117.83999633789062,117.41999816894531,117.56999969482422,81.4293441772461,2948600
2016-03-22,117.80000305175781,117.80000305175781,117.27999877929688,117.3499984741211,81.27694702148438,3762900
2016-03-23,117.58999633789062,117.94000244140625,117.30999755859375,117.94000244140625,81.6855697631836,5338700
2016-03-24,118.26000213623047,118.26000213623047,117.80000305175781,117.88999938964844,81.65091705322266,2601500
2016-03-28,117.94000244140625,118.19000244140625,117.86000061035156,117.95999908447266,81.69940185546875,3274500
2016-03-29,118.27999877929688,118.5999984741211,118.11000061035156,118.48999786376953,82.06649780273438,3758500
2016-03-30,118.48999786376953,118.48999786376953,118.19000244140625,118.3499984741211,81.9695053100586,3877600
2016-03-31,118.37999725341797,118.86000061035156,118.29000091552734,118.81999969482422,82.2950439453125,7853500
2016-04-01,118.6500015258789,118.95999908447266,118.19000244140625,118.87000274658203,82.56033325195312,6809800
2016-04-04,118.9000015258789,118.91999816894531,118.66000366210938,118.87999725341797,82.56732940673828,4138700
2016-04-05,118.69000244140625,119.2699966430664,118.55999755859375,119.26000213623047,82.83120727539062,6944700
2016-04-06,119.06999969482422,119.18000030517578,118.91000366210938,119.16000366210938,82.76177215576172,4793600
2016-04-07,119.44000244140625,119.54000091552734,119.25,119.4800033569336,82.98406219482422,3591900
2016-04-08,119.37999725341797,119.38999938964844,119.13999938964844,119.20999908447266,82.79652404785156,2060900
2016-04-11,119.08999633789062,119.33999633789062,118.9800033569336,119.19999694824219,82.78958892822266,1998600
2016-04-12,118.87999725341797,119.04000091552734,118.61000061035156,118.7300033569336,82.46316528320312,3553400
2016-04-13,118.7699966430664,119.16000366210938,118.69999694824219,119.13999938964844,82.74785614013672,2502200
2016-04-14,119.18000030517578,119.2300033569336,118.91000366210938,119.05999755859375,82.69230651855469,1864000
2016-04-15,119.30000305175781,119.62000274658203,119.13999938964844,119.55999755859375,83.0395736694336,3789500
2016-04-18,119.33999633789062,119.69000244140625,119.33999633789062,119.69000244140625,83.12989044189453,2827400
2016-04-19,119.7300033569336,119.91999816894531,119.56999969482422,119.91000366210938,83.28267669677734,2577100
2016-04-20,120.05999755859375,120.38999938964844,119.55000305175781,119.58000183105469,83.05353546142578,3040900
2016-04-21,119.66000366210938,119.69000244140625,119.33000183105469,119.52999877929688,83.01874542236328,3579500
2016-04-22,119.91000366210938,119.91000366210938,119.55000305175781,119.66000366210938,83.10906219482422,1651800
2016-04-25,119.68000030517578,119.69000244140625,119.30000305175781,119.37999725341797,82.91455841064453,2923600
2016-04-26,119.5,119.5,119.12000274658203,119.33000183105469,82.87983703613281,3286600
2016-04-27,119.58999633789062,120.08999633789062,119.41999816894531,120.08999633789062,83.40771484375,3091100
2016-04-28,119.9000015258789,120.2699966430664,119.81999969482422,120.19999694824219,83.48409271240234,3503200
2016-04-29,120.08000183105469,120.41999816894531,119.8499984741211,120.33000183105469,83.57438659667969,2924600
2016-05-02,119.94999694824219,120.05000305175781,119.7699966430664,119.8499984741211,83.4664535522461,6771200
2016-05-03,120.04000091552734,120.23999786376953,119.9000015258789,120.05999755859375,83.61272430419922,3732700
2016-05-04,120.0,120.01000213623047,119.72000122070312,119.86000061035156,83.473388671875,4228200
2016-05-05,119.95999908447266,120.12999725341797,119.62000274658203,120.0999984741211,83.64057922363281,4466000
2016-05-06,120.05000305175781,120.05000305175781,119.69000244140625,119.83999633789062,83.45946502685547,3045000
2016-05-09,119.94999694824219,119.94999694824219,119.61000061035156,119.72000122070312,83.37592315673828,6202800
2016-05-10,119.80999755859375,119.97000122070312,119.66999816894531,119.91999816894531,83.51521301269531,5469900
2016-05-11,119.83999633789062,120.23999786376953,119.75,120.05000305175781,83.60575866699219,3416600
2016-05-12,120.0999984741211,120.0999984741211,119.66999816894531,119.80000305175781,83.43161010742188,2681900
2016-05-13,119.91000366210938,120.05999755859375,119.77999877929688,120.0199966430664,83.58480072021484,4328100
2016-05-16,120.0199966430664,120.0199966430664,119.5999984741211,119.62000274658203,83.30626678466797,2968400
2016-05-17,119.61000061035156,119.80000305175781,119.51000213623047,119.58000183105469,83.27842712402344,3386000
2016-05-18,119.44999694824219,119.44999694824219,118.44000244140625,118.55999755859375,82.56805419921875,7022100
2016-05-19,118.62000274658203,118.91999816894531,118.62000274658203,118.83999633789062,82.7630615234375,5759900
2016-05-20,118.93000030517578,118.98999786376953,118.69000244140625,118.91999816894531,82.81878662109375,2977700
2016-05-23,118.91999816894531,118.9800033569336,118.70999908447266,118.91999816894531,82.81878662109375,2842000
2016-05-24,118.98999786376953,118.98999786376953,118.55999755859375,118.72000122070312,82.67945098876953,3498100
2016-05-25,118.7300033569336,118.95999908447266,118.69999694824219,118.93000030517578,82.82573699951172,4793800
2016-05-26,118.95999908447266,119.44999694824219,118.95999908447266,119.2699966430664,83.06253051757812,4858600
2016-05-27,119.27999877929688,119.41000366210938,119.02999877929688,119.18000030517578,82.99986267089844,2762800
2016-05-31,119.0,119.5,118.91000366210938,119.38999938964844,83.14611053466797,3170400
2016-06-01,119.27999877929688,119.41999816894531,119.04000091552734,119.13999938964844,83.20478820800781,5528700
2016-06-02,119.27999877929688,119.5999984741211,119.2300033569336,119.37999725341797,83.37236785888672,2709400
2016-06-03,120.05000305175781,120.33999633789062,119.93000030517578,120.33999633789062,84.04280090332031,2998800
2016-06-06,120.30999755859375,120.30999755859375,120.0199966430664,120.05000305175781,83.84029388427734,6401500
2016-06-07,120.31999969482422,120.44999694824219,120.18000030517578,120.2300033569336,83.96598052978516,3663400
2016-06-08,120.37999725341797,120.63999938964844,120.33000183105469,120.62999725341797,84.24529266357422,2478800
2016-06-09,120.91000366210938,120.97000122070312,120.7300033569336,120.80000305175781,84.36408233642578,2885400
2016-06-10,120.9000015258789,121.1500015258789,120.87999725341797,120.94000244140625,84.46182250976562,4209200
2016-06-13,121.1500015258789,121.1500015258789,120.68000030517578,120.76000213623047,84.3361587524414,3979900
2016-06-14,120.91999816894531,121.0199966430664,120.44999694824219,120.48999786376953,84.1475601196289,6301100
2016-06-15,120.9000015258789,121.08999633789062,120.6500015258789,120.94000244140625,84.46182250976562,5589500
2016-06-16,120.91999816894531,121.26000213623047,120.86000061035156,121.12000274658203,84.58756256103516,4550700
2016-06-17,121.08000183105469,121.08000183105469,120.69000244140625,120.76000213623047,84.3361587524414,2673200
2016-06-20,120.68000030517578,120.69999694824219,120.4800033569336,120.61000061035156,84.23139190673828,4549700
2016-06-21,120.70999908447266,120.7699966430664,120.41000366210938,120.5,84.1545639038086,4396400
2016-06-22,120.52999877929688,120.7300033569336,120.5,120.72000122070312,84.30819702148438,4090400
2016-06-23,120.6500015258789,120.69999694824219,120.5,120.5999984741211,84.224365234375,3942700
2016-06-24,120.87999725341797,121.5,120.87999725341797,121.16999816894531,84.62245178222656,5294900
2016-06-27,121.58999633789062,121.98999786376953,121.58999633789062,121.68000030517578,84.97863006591797,7323900
2016-06-28,121.83000183105469,122.38999938964844,121.81999969482422,122.3499984741211,85.44656372070312,5555700
2016-06-29,122.5199966430664,122.69000244140625,122.22000122070312,122.30999755859375,85.4185791015625,5325800
2016-06-30,122.44000244140625,122.83999633789062,122.30000305175781,122.73999786376953,85.71892547607422,5398300
2016-07-01,122.98999786376953,123.16999816894531,122.76000213623047,123.05000305175781,86.16780090332031,4396300
2016-07-05,123.45999908447266,123.58000183105469,123.19999694824219,123.47000122070312,86.46190643310547,4415000
2016-07-06,123.63999938964844,123.75,123.4000015258789,123.69000244140625,86.61597442626953,6770300
2016-07-07,123.62999725341797,123.86000061035156,123.45999908447266,123.70999908447266,86.62992858886719,2597100
2016-07-08,124.05000305175781,124.41999816894531,123.86000061035156,124.4000015258789,87.1131820678711,3835300
2016-07-11,124.27999877929688,124.4800033569336,124.05999755859375,124.08000183105469,86.88909912109375,3000200
2016-07-12,123.83000183105469,123.83999633789062,123.37000274658203,123.37999725341797,86.39886474609375,4363000
2016-07-13,123.88999938964844,124.05999755859375,123.7300033569336,123.86000061035156,86.73503112792969,3738500
2016-07-14,123.2300033569336,123.68000030517578,123.20999908447266,123.55999755859375,86.52490234375,7254900
2016-07-15,123.2699966430664,123.5,123.0,123.08999633789062,86.19578552246094,4442600
2016-07-18,123.41000366210938,123.44999694824219,122.83000183105469,123.08999633789062,86.19578552246094,4737300
2016-07-19,123.41000366210938,123.41000366210938,123.0199966430664,123.30999755859375,86.34984588623047,7196300
2016-07-20,123.19000244140625,123.30999755859375,122.94000244140625,123.2699966430664,86.32183837890625,3676800
2016-07-21,122.87999725341797,123.44999694824219,122.80000305175781,123.41000366210938,86.41986083984375,3570100
2016-07-22,123.16999816894531,123.61000061035156,123.0999984741211,123.33999633789062,86.37086486816406,3748200
2016-07-25,123.5199966430664,123.5199966430664,123.19999694824219,123.2699966430664,86.32183837890625,3295600
2016-07-26,123.55999755859375,123.55999755859375,122.97000122070312,123.1500015258789,86.2378158569336,4929300
2016-07-27,123.38999938964844,123.73999786376953,123.19999694824219,123.66000366210938,86.59491729736328,5976800
2016-07-28,123.38999938964844,123.62000274658203,123.25,123.54000091552734,86.51091003417969,5276100
2016-07-29,123.5,124.04000091552734,123.5,123.98999786376953,86.82605743408203,4226100
2016-08-01,123.31999969482422,123.44000244140625,122.94999694824219,122.97000122070312,86.33667755126953,4827700
2016-08-02,122.43000030517578,122.66999816894531,122.11000061035156,122.27999877929688,85.85224914550781,4526700
2016-08-03,122.52999877929688,122.6500015258789,122.18000030517578,122.44000244140625,85.96456146240234,6037600
2016-08-04,122.8499984741211,123.2300033569336,122.7300033569336,122.95999908447266,86.32963562011719,3413100
2016-08-05,122.87000274658203,122.95999908447266,122.41000366210938,122.45999908447266,85.97860717773438,3888300
2016-08-08,122.33999633789062,122.7699966430664,122.2300033569336,122.54000091552734,86.03478240966797,4161300
2016-08-09,122.87999725341797,123.31999969482422,122.75,123.26000213623047,86.54029083251953,4259100
2016-08-10,123.5999984741211,123.72000122070312,123.27999877929688,123.61000061035156,86.78598022460938,6338800
2016-08-11,123.69999694824219,123.76000213623047,123.05999755859375,123.19999694824219,86.49815368652344,4227600
2016-08-12,123.76000213623047,124.05999755859375,123.68000030517578,123.76000213623047,86.89134216308594,6585200
2016-08-15,123.62000274658203,123.63999938964844,123.37999725341797,123.37999725341797,86.62454986572266,2980700
2016-08-16,123.5199966430664,123.52999877929688,123.11000061035156,123.16000366210938,86.47007751464844,4526300
2016-08-17,123.25,123.66000366210938,123.18000030517578,123.5,86.70879364013672,4566900
2016-08-18,123.73999786376953,123.94000244140625,123.5,123.80000305175781,86.91940307617188,4237900
2016-08-19,123.54000091552734,123.69999694824219,123.26000213623047,123.43000030517578,86.65963745117188,5272100
2016-08-22,123.83999633789062,123.97000122070312,123.63999938964844,123.8499984741211,86.9544906616211,5221000
2016-08-23,124.05000305175781,124.2300033569336,123.9000015258789,123.98999786376953,87.05284118652344,5398800
2016-08-24,124.16999816894531,124.25,123.9000015258789,123.91000366210938,86.99664306640625,3871200
2016-08-25,123.91999816894531,124.06999969482422,123.76000213623047,123.79000091552734,86.91242218017578,3679300
2016-08-26,124.05000305175781,124.44999694824219,123.31999969482422,123.4000015258789,86.63858032226562,3388100
2016-08-29,123.80000305175781,124.25,123.70999908447266,124.0999984741211,87.13004302978516,2668000
2016-08-30,124.08000183105469,124.0999984741211,123.80999755859375,123.94000244140625,87.01769256591797,10626500
2016-08-31,124.01000213623047,124.05000305175781,123.7699966430664,123.88999938964844,86.98258972167969,5300000
2016-09-01,123.19999694824219,123.62999725341797,123.08000183105469,123.56999969482422,86.98260498046875,10146300
2016-09-02,123.58000183105469,123.58999633789062,123.0999984741211,123.3499984741211,86.82776641845703,4155700
2016-09-06,123.47000122070312,123.9000015258789,123.18000030517578,123.77999877929688,87.13040924072266,6387400
2016-09-07,123.94999694824219,124.04000091552734,123.61000061035156,123.61000061035156,87.01075744628906,2983400
2016-09-08,123.25,123.4000015258789,122.66999816894531,122.73999786376953,86.39833068847656,4632300
2016-09-09,122.11000061035156,122.37999725341797,121.75,121.81999969482422,85.75074768066406,8136000
2016-09-12,121.72000122070312,122.05999755859375,121.55000305175781,121.83000183105469,85.75778198242188,5164100
2016-09-13,121.98999786376953,121.98999786376953,121.05000305175781,121.43000030517578,85.4762191772461,13637100
2016-09-14,121.48999786376953,121.72000122070312,121.3499984741211,121.51000213623047,85.53254699707031,4444000
2016-09-15,121.48999786376953,121.69999694824219,121.19999694824219,121.58999633789062,85.58885955810547,3441100
2016-09-16,121.75,121.81999969482422,121.5,121.7300033569336,85.68736267089844,6832400
2016-09-19,121.80999755859375,121.91000366210938,121.61000061035156,121.69000244140625,85.65923309326172,5997100
2016-09-20,121.9800033569336,122.20999908447266,121.80999755859375,121.8499984741211,85.77182006835938,5026100
2016-09-21,121.87999725341797,122.5,121.62000274658203,122.47000122070312,86.20830535888672,4651400
2016-09-22,122.72000122070312,123.11000061035156,122.69999694824219,122.97000122070312,86.56024932861328,8544300
2016-09-23,122.95999908447266,123.04000091552734,122.83999633789062,122.87999725341797,86.49690246582031,6284600
2016-09-26,122.94999694824219,123.20999908447266,122.9000015258789,123.06999969482422,86.6306381225586,5027000
2016-09-27,123.33999633789062,123.44000244140625,123.06999969482422,123.37000274658203,86.84178924560547,4571800
2016-09-28,123.48999786376953,123.51000213623047,123.25,123.44999694824219,86.89814758300781,8094600
2016-09-29,123.19000244140625,123.44000244140625,123.08000183105469,123.4000015258789,86.86292266845703,5409100
2016-09-30,123.44999694824219,123.44999694824219,122.83999633789062,123.18000030517578,86.70802307128906,5224600
2016-10-03,122.91999816894531,122.94999694824219,122.51000213623047,122.51000213623047,86.46248626708984,5555900
2016-10-04,122.43000030517578,122.56999969482422,121.94000244140625,121.94000244140625,86.06019592285156,6890100
2016-10-05,122.04000091552734,122.1500015258789,121.66999816894531,121.80999755859375,85.96844482421875,4168600
2016-10-06,121.80999755859375,122.12999725341797,121.6500015258789,121.81999969482422,85.97549438476562,5909300
2016-10-07,121.98999786376953,122.19999694824219,121.69000244140625,122.11000061035156,86.18016815185547,2545900
2016-10-10,122.11000061035156,122.12000274658203,121.7699966430664,122.11000061035156,86.18016815185547,2246100
2016-10-11,121.75,122.01000213623047,121.69000244140625,121.7300033569336,85.91194152832031,3416600
2016-10-12,121.80000305175781,121.93000030517578,121.58000183105469,121.88999938964844,86.02490234375,2327800
2016-10-13,122.0999984741211,122.33000183105469,122.05999755859375,122.19000244140625,86.23661804199219,4204300
2016-10-14,121.86000061035156,122.0999984741211,121.61000061035156,121.62000274658203,85.83435821533203,2208900
2016-10-17,121.80000305175781,122.06999969482422,121.80000305175781,122.0199966430664,86.11669921875,2698800
2016-10-18,121.91999816894531,122.31999969482422,121.91000366210938,122.31999969482422,86.32838439941406,2944100
2016-10-19,122.23999786376953,122.56999969482422,122.16000366210938,122.4800033569336,86.44132232666016,5010500
2016-10-20,122.7699966430664,122.7699966430664,122.41999816894531,122.44000244140625,86.41305541992188,2646800
2016-10-21,122.5199966430664,122.58000183105469,122.30000305175781,122.51000213623047,86.46248626708984,3502500
2016-10-24,122.55000305175781,122.55000305175781,122.0199966430664,122.16000366210938,86.21541595458984,3816500
2016-10-25,122.08999633789062,122.29000091552734,121.9800033569336,122.06999969482422,86.15196990966797,6611600
2016-10-26,121.87999725341797,121.91999816894531,121.55000305175781,121.55999755859375,85.79199981689453,10256000
2016-10-27,121.31999969482422,121.31999969482422,120.7300033569336,121.01000213623047,85.40384674072266,11643100
2016-10-28,120.94999694824219,121.13999938964844,120.83999633789062,120.87000274658203,85.3050537109375,5629800
2016-10-31,121.16000366210938,121.19999694824219,120.94000244140625,120.9800033569336,85.38265228271484,5377300
2016-11-01,120.43000030517578,120.66999816894531,120.18000030517578,120.51000213623047,85.27510070800781,9303000
2016-11-02,120.5999984741211,120.80999755859375,120.51000213623047,120.69000244140625,85.40245056152344,4798100
2016-11-03,120.51000213623047,120.61000061035156,120.36000061035156,120.44999694824219,85.23262786865234,6320500
2016-11-04,120.62999725341797,120.9000015258789,120.62999725341797,120.80999755859375,85.48737335205078,4242900
2016-11-07,120.68000030517578,120.7699966430664,120.55999755859375,120.7300033569336,85.43080139160156,4352400
2016-11-08,120.69000244140625,120.77999877929688,120.33000183105469,120.45999908447266,85.23971557617188,3632400
2016-11-09,119.47000122070312,119.69000244140625,118.51000213623047,118.69000244140625,83.98725891113281,9216200
2016-11-10,118.51000213623047,119.08000183105469,118.41000366210938,118.58999633789062,83.91647338867188,9063900
2016-11-11,118.54000091552734,118.6500015258789,118.0199966430664,118.08000183105469,83.55558013916016,6011900
2016-11-14,117.31999969482422,118.01000213623047,117.18000030517578,117.47000122070312,83.12393188476562,7148700
2016-11-15,117.66000366210938,118.05000305175781,117.56999969482422,117.83000183105469,83.37866973876953,4840300
2016-11-16,117.69000244140625,118.05999755859375,117.6500015258789,118.0,83.49899291992188,5417800
2016-11-17,117.70999908447266,117.77999877929688,117.12000274658203,117.25,82.96826171875,6106200
2016-11-18,117.41000366210938,117.44999694824219,116.5199966430664,116.58999633789062,82.50125122070312,9801400
2016-11-21,116.79000091552734,116.94999694824219,116.58999633789062,116.70999908447266,82.58615112304688,5077200
2016-11-22,117.0999984741211,117.11000061035156,116.77999877929688,117.01000213623047,82.79844665527344,3693100
2016-11-23,116.30000305175781,116.76000213623047,116.04000091552734,116.58000183105469,82.4941635131836,6098300
2016-11-25,116.87000274658203,116.87000274658203,116.45999908447266,116.58999633789062,82.50125122070312,876100
2016-11-28,116.97000122070312,117.16999816894531,116.87000274658203,117.12000274658203,82.87627410888672,3125200
2016-11-29,117.04000091552734,117.31999969482422,116.94999694824219,117.27999877929688,82.9894790649414,3926200
2016-11-30,116.55999755859375,116.93000030517578,116.4800033569336,116.83999633789062,82.67811584472656,11333400
2016-12-01,115.9800033569336,116.16000366210938,115.5999984741211,115.87000274658203,82.21481323242188,11597800
2016-12-02,116.16000366210938,116.69000244140625,116.16000366210938,116.4000015258789,82.59085083007812,7533500
2016-12-05,116.27999877929688,116.87000274658203,116.11000061035156,116.6500015258789,82.76827239990234,4107500
2016-12-06,116.69999694824219,116.77999877929688,116.61000061035156,116.63999938964844,82.76116180419922,9040100
2016-12-07,116.91000366210938,117.2699966430664,116.86000061035156,117.12999725341797,83.1087875366211,8069200
2016-12-08,116.81999969482422,116.8499984741211,116.56999969482422,116.6500015258789,82.76827239990234,5941700
2016-12-09,116.54000091552734,116.69999694824219,116.05000305175781,116.19999694824219,82.44893646240234,8875100
2016-12-12,116.05999755859375,116.22000122070312,115.87000274658203,116.08999633789062,82.37089538574219,7302800
2016-12-13,116.56999969482422,116.56999969482422,116.13999938964844,116.3499984741211,82.55538177490234,6232700
2016-12-14,116.87000274658203,116.87000274658203,115.58000183105469,115.61000061035156,82.03033447265625,6133700
2016-12-15,115.83999633789062,116.05000305175781,115.55999755859375,115.69000244140625,82.08710479736328,9352800
2016-12-16,115.87000274658203,116.0,115.55000305175781,115.5999984741211,82.02326965332031,7852000
2016-12-19,116.19999694824219,116.22000122070312,115.94999694824219,116.16000366210938,82.42059326171875,5777400
2016-12-20,115.93000030517578,116.12999725341797,115.81999969482422,116.08999633789062,82.37089538574219,3750000
2016-12-21,116.12000274658203,116.4800033569336,116.12000274658203,116.45999908447266,82.63345336914062,4199600
2016-12-22,115.98999786376953,116.20999908447266,115.88999938964844,116.1500015258789,82.63915252685547,3773400
2016-12-23,116.23999786376953,116.37999725341797,116.22000122070312,116.33000183105469,82.7671890258789,1291700
2016-12-27,116.0999984741211,116.16999816894531,116.0,116.12000274658203,82.61778259277344,2542800
2016-12-28,116.33000183105469,116.68000030517578,116.12999725341797,116.55000305175781,82.9237060546875,1731700
2016-12-29,116.79000091552734,117.13999938964844,116.66000366210938,117.0,83.24388885498047,3309500
2016-12-30,117.0,117.36000061035156,116.94999694824219,117.18000030517578,83.37196350097656,2388400
2017-01-03,116.94999694824219,117.4000015258789,116.5199966430664,117.27999877929688,83.443115234375,5822600
2017-01-04,117.52999877929688,117.68000030517578,117.33000183105469,117.68000030517578,83.72770690917969,4999200
2017-01-05,117.80000305175781,118.33999633789062,117.70999908447266,118.30999755859375,84.17594909667969,7071100
2017-01-06,117.87000274658203,117.9800033569336,117.62000274658203,117.69000244140625,83.73483276367188,4496000
2017-01-09,118.01000213623047,118.06999969482422,117.87000274658203,117.91999816894531,83.89844512939453,3561400
2017-01-10,117.91999816894531,117.97000122070312,117.7699966430664,117.8499984741211,83.84864044189453,4259600
2017-01-11,117.9000015258789,118.38999938964844,117.69000244140625,118.02999877929688,83.97672271728516,7133600
2017-01-12,118.41999816894531,118.43000030517578,118.01000213623047,118.0199966430664,83.96959686279297,3922600
2017-01-13,117.81999969482422,117.97000122070312,117.38999938964844,117.77999877929688,83.7988510131836,4045300
2017-01-17,118.43000030517578,118.54000091552734,118.0999984741211,118.29000091552734,84.16168212890625,8443000
2017-01-18,117.94999694824219,118.01000213623047,117.41999816894531,117.51000213623047,83.60675048828125,6026200
2017-01-19,117.30000305175781,117.3499984741211,116.91999816894531,117.11000061035156,83.3221664428711,3371300
2017-01-20,117.12999725341797,117.36000061035156,116.9000015258789,117.31999969482422,83.47156524658203,4570600
2017-01-23,117.54000091552734,118.05000305175781,117.31999969482422,117.86000061035156,83.8558120727539,8747800
2017-01-24,117.66999816894531,117.76000213623047,117.33999633789062,117.51000213623047,83.60675048828125,5129700
2017-01-25,117.16999816894531,117.25,116.86000061035156,117.05999755859375,83.28659057617188,5886400
2017-01-26,117.05999755859375,117.25,116.81999969482422,117.19999694824219,83.38616943359375,4033200
2017-01-27,117.3499984741211,117.41999816894531,117.22000122070312,117.33999633789062,83.4858169555664,3816700
2017-01-30,117.29000091552734,117.33999633789062,117.0999984741211,117.13999938964844,83.34349060058594,3651000
2017-01-31,117.18000030517578,117.55999755859375,117.08000183105469,117.3499984741211,83.49291229248047,4982500
2017-02-01,116.77999877929688,117.05000305175781,116.52999877929688,116.88999938964844,83.39022064208984,3626900
2017-02-02,117.13999938964844,117.29000091552734,116.87999725341797,116.91999816894531,83.41156768798828,7145600
2017-02-03,117.26000213623047,117.43000030517578,116.80000305175781,117.05000305175781,83.50430297851562,5243200
2017-02-06,117.43000030517578,117.52999877929688,117.16999816894531,117.41999816894531,83.76830291748047,4494500
2017-02-07,117.41999816894531,117.83000183105469,117.29000091552734,117.62000274658203,83.91094970703125,3228900
2017-02-08,118.01000213623047,118.13999938964844,117.83999633789062,118.02999877929688,84.20343780517578,6287200
2017-02-09,118.02999877929688,118.02999877929688,117.4800033569336,117.55999755859375,83.86820220947266,4692700
2017-02-10,117.3499984741211,117.62000274658203,117.26000213623047,117.52999877929688,83.84672546386719,4881600
2017-02-13,117.41000366210938,117.4800033569336,117.26000213623047,117.4800033569336,83.81108093261719,3723500
2017-02-14,117.5199966430664,117.5199966430664,116.80999755859375,117.19999694824219,83.611328125,4404100
2017-02-15,116.94999694824219,117.11000061035156,116.87000274658203,117.11000061035156,83.54711151123047,3632700
2017-02-16,117.31999969482422,117.56999969482422,117.20999908447266,117.44000244140625,83.78252410888672,4037700
2017-02-17,117.86000061035156,117.87000274658203,117.62999725341797,117.73999786376953,83.99655151367188,3104800
2017-02-21,117.56999969482422,117.91999816894531,117.5,117.79000091552734,84.0322494506836,3656200
2017-02-22,118.05000305175781,118.16999816894531,117.54000091552734,117.87999725341797,84.09645080566406,4259100
2017-02-23,118.16000366210938,118.20999908447266,118.05000305175781,118.18000030517578,84.31049346923828,4247900
2017-02-24,118.62000274658203,118.87000274658203,118.44000244140625,118.77999877929688,84.7385482788086,5388800
2017-02-27,118.76000213623047,118.76000213623047,118.45999908447266,118.5,84.53874206542969,5083400
2017-02-28,118.62000274658203,118.77999877929688,118.5,118.58000183105469,84.59583282470703,4290600
2017-03-01,117.61000061035156,117.62000274658203,117.38999938964844,117.55999755859375,84.09585571289062,6524600
2017-03-02,117.44999694824219,117.4800033569336,117.25,117.37999725341797,83.9670639038086,4687900
2017-03-03,117.5199966430664,117.52999877929688,117.12999725341797,117.5,84.0528564453125,4926300
2017-03-06,117.4800033569336,117.5,117.20999908447266,117.29000091552734,83.90265655517578,3464400
2017-03-07,117.01000213623047,117.12999725341797,116.5999984741211,116.70999908447266,83.48777770996094,5999600
2017-03-08,116.4800033569336,116.4800033569336,116.16000366210938,116.3499984741211,83.23020935058594,7933300
2017-03-09,115.98999786376953,116.0199966430664,115.66000366210938,115.72000122070312,82.7795639038086,5497200
2017-03-10,116.06999969482422,116.06999969482422,115.76000213623047,116.01000213623047,82.987060546875,4789100
2017-03-13,115.9000015258789,116.0,115.62000274658203,115.62000274658203,82.70804595947266,3171600
2017-03-14,115.70999908447266,115.80000305175781,115.62999725341797,115.72000122070312,82.7795639038086,3598500
2017-03-15,116.04000091552734,116.80999755859375,115.91000366210938,116.72000122070312,83.49491119384766,7841600
2017-03-16,116.7300033569336,116.73999786376953,116.5,116.55000305175781,83.37333679199219,3116900
2017-03-17,116.75,116.91999816894531,116.68000030517578,116.81999969482422,83.56648254394531,4440500
2017-03-20,116.86000061035156,117.12999725341797,116.81999969482422,117.08999633789062,83.75961303710938,2939600
2017-03-21,117.0999984741211,117.47000122070312,117.02999877929688,117.37999725341797,83.9670639038086,5032300
2017-03-22,117.70999908447266,117.80000305175781,117.47000122070312,117.68000030517578,84.18163299560547,3905800
2017-03-23,117.76000213623047,117.77999877929688,117.44999694824219,117.5999984741211,84.12442779541016,4504900
2017-03-24,117.5199966430664,117.81999969482422,117.5199966430664,117.72000122070312,84.21028137207031,3158300
2017-03-27,118.08999633789062,118.08999633789062,117.80000305175781,117.97000122070312,84.3891372680664,3492100
2017-03-28,117.93000030517578,118.08999633789062,117.69000244140625,117.72000122070312,84.21028137207031,4834900
2017-03-29,117.91999816894531,118.0999984741211,117.81999969482422,118.0999984741211,84.48213195800781,3457100
2017-03-30,117.93000030517578,118.04000091552734,117.73999786376953,117.79000091552734,84.2603530883789,2667700
2017-03-31,117.87000274658203,117.94000244140625,117.79000091552734,117.91000366210938,84.34618377685547,5772300
2017-04-03,117.63999938964844,118.12000274658203,117.61000061035156,118.12000274658203,84.72492980957031,3713700
2017-04-04,117.98999786376953,118.02999877929688,117.80999755859375,117.80999755859375,84.50257110595703,3016200
2017-04-05,117.87999725341797,118.06999969482422,117.69999694824219,117.95999908447266,84.61016082763672,6753900
2017-04-06,118.08000183105469,118.12000274658203,117.80999755859375,118.06999969482422,84.68909454345703,2012600
2017-04-07,118.33999633789062,118.44000244140625,117.75,117.77999877929688,84.4810562133789,2121700
2017-04-10,117.98999786376953,118.1500015258789,117.91000366210938,118.0,84.63884735107422,2766200
2017-04-11,118.26000213623047,118.62000274658203,118.26000213623047,118.55000305175781,85.03336334228516,3534200
2017-04-12,118.80999755859375,118.94000244140625,118.51000213623047,118.94000244140625,85.31305694580078,2886300
2017-04-13,119.05999755859375,119.20999908447266,118.88999938964844,119.13999938964844,85.45652770996094,3286700
2017-04-17,119.19000244140625,119.20999908447266,118.8499984741211,118.91000366210938,85.29157257080078,2933700
2017-04-18,119.27999877929688,119.66000366210938,119.1500015258789,119.61000061035156,85.79362487792969,3616800
2017-04-19,119.37000274658203,119.43000030517578,119.16000366210938,119.25,85.53544616699219,1839400
2017-04-20,119.0999984741211,119.19000244140625,118.9000015258789,119.08000183105469,85.41352081298828,3264000
2017-04-21,119.27999877929688,119.29000091552734,119.06999969482422,119.08000183105469,85.41352081298828,3892400
2017-04-24,118.93000030517578,119.02999877929688,118.73999786376953,118.91999816894531,85.29871368408203,3193400
2017-04-25,118.75,118.80999755859375,118.41000366210938,118.44999694824219,84.96160125732422,3541100
2017-04-26,118.47000122070312,118.77999877929688,118.44000244140625,118.73999786376953,85.16960906982422,3320400
2017-04-27,118.73999786376953,118.94000244140625,118.61000061035156,118.8499984741211,85.24850463867188,4391000
2017-04-28,118.70999908447266,119.01000213623047,118.5999984741211,118.98999786376953,85.34896850585938,4478000
2017-05-01,118.56999969482422,118.70999908447266,118.18000030517578,118.30000305175781,85.08432006835938,3479800
2017-05-02,118.36000061035156,118.68000030517578,118.29000091552734,118.6500015258789,85.33599090576172,2858200
2017-05-03,118.87000274658203,118.9000015258789,118.5,118.58999633789062,85.29285430908203,2854900
2017-05-04,118.25,118.36000061035156,118.16999816894531,118.36000061035156,85.12744140625,1540100
2017-05-05,118.37999725341797,118.4000015258789,118.12999725341797,118.4000015258789,85.15618896484375,2887300
2017-05-08,118.37000274658203,118.37000274658203,118.0999984741211,118.19000244140625,85.00516510009766,3886500
2017-05-09,118.12000274658203,118.20999908447266,118.05000305175781,118.20999908447266,85.01952362060547,3012400
2017-05-10,118.52999877929688,118.52999877929688,118.2300033569336,118.37000274658203,85.1346435546875,4282600
2017-05-11,118.19999694824219,118.47000122070312,118.1500015258789,118.43000030517578,85.17780303955078,2263500
2017-05-12,118.80000305175781,119.05999755859375,118.77999877929688,119.02999877929688,85.6092758178711,3165000
2017-05-15,118.95999908447266,119.08000183105469,118.87999725341797,119.0199966430664,85.60209655761719,3752700
2017-05-16,119.08999633789062,119.36000061035156,119.05000305175781,119.19000244140625,85.72440338134766,3996400
2017-05-17,119.58999633789062,119.9800033569336,119.58999633789062,119.91999816894531,86.24942016601562,7304300
2017-05-18,119.91000366210938,119.94999694824219,119.69999694824219,119.9000015258789,86.23503875732422,4825400
2017-05-19,119.83000183105469,119.97000122070312,119.69999694824219,119.97000122070312,86.28538513183594,2907800
2017-05-22,119.87999725341797,119.93000030517578,119.80000305175781,119.87000274658203,86.21343994140625,2852900
2017-05-23,120.01000213623047,120.01000213623047,119.45999908447266,119.5,85.94733428955078,5154200
2017-05-24,119.56999969482422,119.76000213623047,119.37999725341797,119.69000244140625,86.08399963378906,5274800
2017-05-25,119.7699966430664,119.7699966430664,119.55000305175781,119.73999786376953,86.11993408203125,2806200
2017-05-26,119.81999969482422,119.91000366210938,119.72000122070312,119.83000183105469,86.18467712402344,2054800
2017-05-30,120.0,120.12000274658203,119.95999908447266,120.11000061035156,86.38604736328125,3898300
2017-05-31,120.11000061035156,120.26000213623047,120.0199966430664,120.25,86.48677062988281,4428500
2017-06-01,119.69000244140625,119.97000122070312,119.66999816894531,119.95999908447266,86.5055160522461,9430000
2017-06-02,120.45999908447266,120.58000183105469,120.30000305175781,120.5199966430664,86.90931701660156,5130100
2017-06-05,120.26000213623047,120.37000274658203,120.16999816894531,120.18000030517578,86.66416931152344,3198500
2017-06-06,120.66000366210938,120.66000366210938,120.44999694824219,120.52999877929688,86.91654205322266,1806700
2017-06-07,120.47000122070312,120.5999984741211,120.31999969482422,120.37999725341797,86.80836486816406,5702400
2017-06-08,120.38999938964844,120.38999938964844,120.0,120.16999816894531,86.65692138671875,3895200
2017-06-09,119.94999694824219,120.13999938964844,119.8499984741211,120.05000305175781,86.5704345703125,6884700
2017-06-12,119.95999908447266,120.27999877929688,119.91999816894531,120.08000183105469,86.59204864501953,4075100
2017-06-13,119.95999908447266,120.20999908447266,119.95999908447266,120.20999908447266,86.685791015625,4822000
2017-06-14,120.98999786376953,121.30999755859375,120.79000091552734,121.02999877929688,87.27713775634766,6852800
2017-06-15,120.87000274658203,120.87000274658203,120.58999633789062,120.73999786376953,87.06800079345703,6624700
2017-06-16,120.83999633789062,120.91000366210938,120.76000213623047,120.83999633789062,87.1401138305664,4314800
2017-06-19,120.8499984741211,120.8499984741211,120.62999725341797,120.69000244140625,87.03191375732422,7827700
2017-06-20,120.86000061035156,121.08000183105469,120.73999786376953,120.95999908447266,87.22663879394531,6906500
2017-06-21,120.94999694824219,121.08000183105469,120.83000183105469,121.0199966430664,87.26988983154297,5462700
2017-06-22,121.19000244140625,121.2300033569336,120.9800033569336,121.12000274658203,87.34196472167969,3520800
2017-06-23,121.11000061035156,121.19000244140625,121.05000305175781,121.18000030517578,87.38526916503906,5495700
2017-06-26,121.44999694824219,121.55999755859375,121.37000274658203,121.4000015258789,87.54387664794922,3808600
2017-06-27,121.12999725341797,121.1500015258789,120.81999969482422,120.8499984741211,87.14730072021484,4736500
2017-06-28,120.91000366210938,120.9800033569336,120.62999725341797,120.9800033569336,87.24105834960938,3933900
2017-06-29,120.37000274658203,120.70999908447266,120.33999633789062,120.61000061035156,86.9742660522461,6954200
2017-06-30,120.66000366210938,120.69000244140625,120.47000122070312,120.51000213623047,86.90209197998047,4567700
2017-07-03,120.33999633789062,120.33999633789062,119.93000030517578,119.93000030517578,86.71414184570312,5759500
2017-07-05,120.02999877929688,120.1500015258789,119.9000015258789,120.12999725341797,86.85877227783203,5406900
2017-07-06,119.77999877929688,119.88999938964844,119.5,119.81999969482422,86.63459014892578,11548000
2017-07-07,119.69999694824219,119.7699966430664,119.5999984741211,119.72000122070312,86.56230163574219,9803900
2017-07-10,119.88999938964844,119.94999694824219,119.73999786376953,119.91999816894531,86.70691680908203,2234500
2017-07-11,119.9000015258789,119.98999786376953,119.7300033569336,119.97000122070312,86.74303436279297,4340900
2017-07-12,120.5,120.62000274658203,120.37999725341797,120.5,87.1262435913086,6779600
2017-07-13,120.37999725341797,120.43000030517578,120.12000274658203,120.29000091552734,86.97439575195312,3977400
2017-07-14,120.72000122070312,120.80000305175781,120.37999725341797,120.56999969482422,87.1768569946289,5302000
2017-07-17,120.56999969482422,120.75,120.44999694824219,120.68000030517578,87.25642395019531,5899000
2017-07-18,121.05000305175781,121.19999694824219,120.91999816894531,121.19999694824219,87.63240814208984,4775300
2017-07-19,121.19000244140625,121.30000305175781,121.08999633789062,121.16000366210938,87.60347747802734,4144200
2017-07-20,121.41999816894531,121.47000122070312,121.19000244140625,121.2699966430664,87.68299865722656,1925200
2017-07-21,121.44000244140625,121.61000061035156,121.43000030517578,121.55000305175781,87.88542938232422,3634000
2017-07-24,121.47000122070312,121.5,121.30999755859375,121.41000366210938,87.78422546386719,2647900
2017-07-25,120.94000244140625,120.9800033569336,120.66000366210938,120.69000244140625,87.26364135742188,7043100
2017-07-26,120.68000030517578,121.19000244140625,120.63999938964844,121.08999633789062,87.55286407470703,9355500
2017-07-27,120.83999633789062,120.93000030517578,120.69999694824219,120.79000091552734,87.33592224121094,2769100
2017-07-28,120.83999633789062,121.11000061035156,120.79000091552734,121.11000061035156,87.5673599243164,2312200
2017-07-31,120.91000366210938,121.12000274658203,120.91000366210938,121.11000061035156,87.5673599243164,3689900
2017-08-01,120.62999725341797,121.2300033569336,120.56999969482422,121.2300033569336,87.88482666015625,7390500
2017-08-02,121.16999816894531,121.29000091552734,121.0,121.04000091552734,87.74710845947266,6728600
2017-08-03,121.11000061035156,121.2699966430664,121.08999633789062,121.20999908447266,87.87032318115234,6520500
2017-08-04,120.9000015258789,120.91999816894531,120.58000183105469,120.73999786376953,87.52961730957031,5095700
2017-08-07,120.75,120.83000183105469,120.58999633789062,120.7699966430664,87.5513687133789,10816400
2017-08-08,120.6500015258789,120.66999816894531,120.16999816894531,120.19000244140625,87.13088989257812,9992700
2017-08-09,120.56999969482422,120.62000274658203,120.30000305175781,120.30999755859375,87.2178726196289,7465800
2017-08-10,120.33999633789062,120.44000244140625,120.05999755859375,120.2699966430664,87.18888854980469,8053400
2017-08-11,120.30000305175781,120.51000213623047,120.08999633789062,120.48999786376953,87.3483657836914,10910500
2017-08-14,120.41999816894531,120.6500015258789,120.36000061035156,120.41000366210938,87.2904052734375,3051500
2017-08-15,120.16999816894531,120.3499984741211,120.11000061035156,120.2699966430664,87.18888854980469,4710000
2017-08-16,120.30000305175781,120.80000305175781,120.29000091552734,120.61000061035156,87.43540954589844,5190200
2017-08-17,120.5999984741211,120.83999633789062,120.4800033569336,120.7300033569336,87.52238464355469,8973800
2017-08-18,121.02999877929688,121.04000091552734,120.61000061035156,120.6500015258789,87.46437072753906,4350900
2017-08-21,120.83999633789062,120.87000274658203,120.72000122070312,120.81999969482422,87.58760833740234,3666200
2017-08-22,120.77999877929688,120.79000091552734,120.63999938964844,120.69999694824219,87.5006103515625,2390100
2017-08-23,120.94999694824219,121.16999816894531,120.87000274658203,121.16000366210938,87.83409881591797,4590000
2017-08-24,121.0,121.12999725341797,120.88999938964844,120.93000030517578,87.6673812866211,2929800
2017-08-25,121.01000213623047,121.29000091552734,120.94999694824219,121.20999908447266,87.87032318115234,5488000
2017-08-28,121.18000030517578,121.26000213623047,121.0,121.20999908447266,87.87032318115234,5200500
2017-08-29,121.6500015258789,121.69999694824219,121.2300033569336,121.30000305175781,87.93556213378906,3499700
2017-08-30,121.29000091552734,121.4000015258789,121.23999786376953,121.4000015258789,88.008056640625,2573700
2017-08-31,121.45999908447266,121.66000366210938,121.44999694824219,121.61000061035156,88.16030883789062,4549400
2017-09-01,121.19000244140625,121.22000122070312,120.80000305175781,120.80999755859375,87.81143188476562,7946000
2017-09-05,121.22000122070312,121.66000366210938,121.16999816894531,121.55999755859375,88.35655975341797,7357000
2017-09-06,121.54000091552734,121.5999984741211,121.08000183105469,121.12999725341797,88.04402923583984,8863700
2017-09-07,121.37000274658203,121.80999755859375,121.3499984741211,121.5999984741211,88.3856201171875,7698800
2017-09-08,121.5199966430664,121.5199966430664,121.2300033569336,121.23999786376953,88.12397003173828,6776600
2017-09-11,120.98999786376953,121.19000244140625,120.8499984741211,120.87000274658203,87.85505676269531,4220300
2017-09-12,120.81999969482422,120.81999969482422,120.55000305175781,120.73999786376953,87.76053619384766,4615800
2017-09-13,120.81999969482422,120.83999633789062,120.5999984741211,120.62000274658203,87.67333221435547,5671300
2017-09-14,120.55999755859375,120.91999816894531,120.55999755859375,120.91999816894531,87.89141082763672,4333500
2017-09-15,120.98999786376953,121.05000305175781,120.79000091552734,121.0199966430664,87.96407318115234,4631300
2017-09-18,120.95999908447266,120.9800033569336,120.76000213623047,120.9000015258789,87.87684631347656,4971700
2017-09-19,120.94999694824219,121.05999755859375,120.83999633789062,120.97000122070312,87.92772674560547,5296800
2017-09-20,121.06999969482422,121.08999633789062,120.54000091552734,120.81999969482422,87.81867980957031,6603300
2017-09-21,120.8499984741211,121.06999969482422,120.80999755859375,120.81999969482422,87.81867980957031,3410000
2017-09-22,121.05999755859375,121.12000274658203,120.9000015258789,120.9800033569336,87.93500518798828,2099200
2017-09-25,121.12000274658203,121.45999908447266,121.06999969482422,121.43000030517578,88.26206970214844,3489900
2017-09-26,121.30000305175781,121.45999908447266,121.20999908447266,121.41000366210938,88.24758911132812,10290700
2017-09-27,120.8499984741211,121.01000213623047,120.63999938964844,120.94000244140625,87.90594482421875,6695500
2017-09-28,120.79000091552734,121.13999938964844,120.75,121.12000274658203,88.03675842285156,6350800
2017-09-29,121.19999694824219,121.30000305175781,120.94999694824219,121.2300033569336,88.11669158935547,7627300
2017-10-02,120.95999908447266,121.11000061035156,120.7699966430664,121.0199966430664,88.19908905029297,7218100
2017-10-03,120.9800033569336,121.29000091552734,120.91999816894531,121.29000091552734,88.39581298828125,7569400
2017-10-04,121.30000305175781,121.30000305175781,120.9800033569336,121.22000122070312,88.34484100341797,5376300
2017-10-05,121.1500015258789,121.1500015258789,120.91999816894531,121.05000305175781,88.2209243774414,3932800
2017-10-06,120.68000030517578,120.98999786376953,120.56999969482422,120.94999694824219,88.14804077148438,5901300
2017-10-09,121.0199966430664,121.06999969482422,120.87000274658203,121.05000305175781,88.2209243774414,1312200
2017-10-10,121.08999633789062,121.4000015258789,121.05000305175781,121.12999725341797,88.27921295166016,3873400
2017-10-11,121.30999755859375,121.30999755859375,121.0,121.06999969482422,88.23548126220703,7170900
2017-10-12,121.11000061035156,121.19000244140625,120.94999694824219,121.0999984741211,88.25737762451172,10302500
2017-10-13,121.56999969482422,121.6500015258789,121.4000015258789,121.58000183105469,88.60717010498047,5755800
2017-10-16,121.54000091552734,121.55999755859375,121.29000091552734,121.41000366210938,88.4832992553711,4886100
2017-10-17,121.2699966430664,121.48999786376953,121.26000213623047,121.38999938964844,88.46871948242188,4476900
2017-10-18,121.0999984741211,121.29000091552734,121.04000091552734,121.20999908447266,88.33753204345703,3272500
2017-10-19,121.55000305175781,121.55000305175781,121.30000305175781,121.38999938964844,88.46871948242188,4143300
2017-10-20,120.9800033569336,121.16000366210938,120.9000015258789,121.05999755859375,88.22820281982422,7280400
2017-10-23,121.23999786376953,121.30999755859375,121.13999938964844,121.18000030517578,88.3156509399414,2675800
2017-10-24,120.87999725341797,121.05999755859375,120.8499984741211,120.87999725341797,88.09699249267578,4686200
2017-10-25,120.58000183105469,120.63999938964844,120.4000015258789,120.55999755859375,87.86381530761719,8866600
2017-10-26,120.80000305175781,120.80000305175781,120.54000091552734,120.55000305175781,87.85651397705078,9420100
2017-10-27,120.70999908447266,120.94999694824219,120.68000030517578,120.91000366210938,88.1188735961914,6915900
2017-10-30,120.70999908447266,121.3499984741211,120.70999908447266,121.30999755859375,88.41040802001953,5236600
2017-10-31,121.36000061035156,121.36000061035156,121.12000274658203,121.13999938964844,88.28650665283203,5932800
2017-11-01,121.05000305175781,121.1500015258789,120.8499984741211,121.01000213623047,88.42610168457031,5967400
2017-11-02,121.1500015258789,121.1500015258789,120.9000015258789,120.98999786376953,88.4114761352539,13253900
2017-11-03,121.0999984741211,121.19000244140625,120.91000366210938,121.12999725341797,88.51377868652344,5307500
2017-11-06,121.19000244140625,121.25,121.05000305175781,121.16000366210938,88.53570556640625,9576900
2017-11-07,121.0199966430664,121.11000061035156,120.95999908447266,121.05999755859375,88.46263122558594,7643200
2017-11-08,121.08000183105469,121.11000061035156,120.87999725341797,120.9000015258789,88.34568786621094,7185500
2017-11-09,120.61000061035156,120.75,120.51000213623047,120.58000183105469,88.11189270019531,7232300
2017-11-10,120.08999633789062,120.1500015258789,119.77999877929688,119.88999938964844,87.6076889038086,5816600
2017-11-13,120.0999984741211,120.12000274658203,119.91000366210938,119.91000366210938,87.62226104736328,3646400
2017-11-14,119.9800033569336,120.0999984741211,119.87999725341797,119.94000244140625,87.64422607421875,6112500
2017-11-15,120.06999969482422,120.4800033569336,119.8499984741211,120.44999694824219,88.01690673828125,7141900
2017-11-16,120.36000061035156,120.5199966430664,120.2699966430664,120.30999755859375,87.91458892822266,5051200
2017-11-17,120.51000213623047,120.58000183105469,120.37999725341797,120.45999908447266,88.02420806884766,5521500
2017-11-20,120.41999816894531,120.5999984741211,120.37999725341797,120.45999908447266,88.02420806884766,3190600
2017-11-21,120.9000015258789,120.94000244140625,120.66999816894531,120.86000061035156,88.31645965576172,4372100
2017-11-22,121.05000305175781,121.37000274658203,120.9800033569336,121.33000183105469,88.65994262695312,4111500
2017-11-24,121.25,121.37000274658203,121.16999816894531,121.19000244140625,88.55760955810547,1359700
2017-11-27,121.16000366210938,121.26000213623047,121.04000091552734,121.12000274658203,88.50643920898438,6049200
2017-11-28,121.23999786376953,121.38999938964844,121.16999816894531,121.29000091552734,88.63068389892578,5176400
2017-11-29,120.80999755859375,120.87000274658203,120.62000274658203,120.80999755859375,88.27993774414062,7606300
2017-11-30,120.93000030517578,120.94000244140625,120.47000122070312,120.66999816894531,88.17764282226562,6119600
2017-12-01,120.80999755859375,121.37999725341797,120.4000015258789,120.72000122070312,88.4501724243164,13958300
2017-12-04,120.77999877929688,120.91999816894531,120.58000183105469,120.91000366210938,88.58940124511719,5766700
2017-12-05,121.0,121.16999816894531,120.83000183105469,121.13999938964844,88.75792694091797,4541900
2017-12-06,121.4800033569336,121.54000091552734,121.33999633789062,121.37000274658203,88.92649841308594,4801500
2017-12-07,121.48999786376953,121.56999969482422,120.94000244140625,121.12999725341797,88.75059509277344,8295200
2017-12-08,121.0199966430664,121.11000061035156,120.91000366210938,120.9800033569336,88.6407241821289,5135100
2017-12-11,121.08999633789062,121.22000122070312,121.02999877929688,121.06999969482422,88.7066421508789,4521500
2017-12-12,120.94999694824219,120.98999786376953,120.77999877929688,120.9800033569336,88.6407241821289,10153000
2017-12-13,121.18000030517578,121.54000091552734,121.08999633789062,121.4000015258789,88.94843292236328,7205800
2017-12-14,121.29000091552734,121.66000366210938,121.22000122070312,121.62000274658203,89.1096420288086,8022200
2017-12-15,121.69999694824219,121.8499984741211,121.48999786376953,121.79000091552734,89.23416900634766,5846000
2017-12-18,121.72000122070312,121.7699966430664,121.41000366210938,121.43000030517578,88.97042846679688,6371100
2017-12-19,121.16999816894531,121.19000244140625,120.6500015258789,120.80999755859375,88.5161361694336,6029200
2017-12-20,120.55000305175781,120.69999694824219,120.4000015258789,120.48999786376953,88.28166198730469,9805700
2017-12-21,120.29000091552734,120.58999633789062,120.2699966430664,120.55999755859375,88.51958465576172,6210400
2017-12-22,120.56999969482422,120.66999816894531,120.48999786376953,120.6500015258789,88.58564758300781,2934900
2017-12-26,120.68000030517578,120.86000061035156,120.5999984741211,120.80999755859375,88.703125,1873000
2017-12-27,121.08000183105469,121.48999786376953,120.94999694824219,121.4800033569336,89.195068359375,3179300
2017-12-28,121.47000122070312,121.4800033569336,121.22000122070312,121.4000015258789,89.13632202148438,2493200
2017-12-29,121.26000213623047,121.62999725341797,121.26000213623047,121.55999755859375,89.25381469726562,3003300
2018-01-02,121.31999969482422,121.45999908447266,120.5,120.75,88.65907287597656,8480600
2018-01-03,120.94000244140625,121.05000305175781,120.69999694824219,120.97000122070312,88.8205795288086,5087600
2018-01-04,120.77999877929688,121.01000213623047,120.7300033569336,120.93000030517578,88.79122924804688,7710100
2018-01-05,121.08999633789062,121.08999633789062,120.76000213623047,120.88999938964844,88.76182556152344,5796500
2018-01-08,121.0199966430664,121.02999877929688,120.7699966430664,120.87999725341797,88.75455474853516,3897200
2018-01-09,120.7300033569336,120.7699966430664,120.41999816894531,120.44000244140625,88.43146514892578,7621600
2018-01-10,120.05000305175781,120.6500015258789,119.91000366210938,120.5199966430664,88.49021911621094,6050500
2018-01-11,120.48999786376953,120.94999694824219,120.48999786376953,120.80999755859375,88.703125,5192600
2018-01-12,120.5999984741211,120.91000366210938,120.55000305175781,120.83000183105469,88.7177963256836,4463000
2018-01-16,121.18000030517578,121.18000030517578,120.81999969482422,120.94000244140625,88.79856872558594,7410200
2018-01-17,120.95999908447266,121.0199966430664,120.48999786376953,120.61000061035156,88.55626678466797,11240700
2018-01-18,120.16999816894531,120.41000366210938,120.01000213623047,120.13999938964844,88.21121215820312,6399400
2018-01-19,119.98999786376953,120.11000061035156,119.72000122070312,119.7699966430664,87.93954467773438,6797800
2018-01-22,119.7699966430664,120.0,119.62999725341797,119.66000366210938,87.85877990722656,5096700
2018-01-23,119.97000122070312,120.19000244140625,119.91000366210938,120.18000030517578,88.24053955078125,6144000
2018-01-24,119.94000244140625,120.12000274658203,119.83000183105469,120.0999984741211,88.18179321289062,5679000
2018-01-25,120.0199966430664,120.70999908447266,120.0,120.70999908447266,88.62967681884766,7042100
2018-01-26,120.62000274658203,120.62000274658203,120.33999633789062,120.55000305175781,88.51222229003906,6391300
2018-01-29,120.19999694824219,120.37999725341797,120.0,120.2300033569336,88.27725982666016,5732400
2018-01-30,120.0,120.08000183105469,119.69999694824219,119.81999969482422,87.97626495361328,6662600
2018-01-31,120.16999816894531,120.22000122070312,119.70999908447266,120.06999969482422,88.15979766845703,6751200
2018-02-01,119.91000366210938,119.95999908447266,119.13999938964844,119.22000122070312,87.77033996582031,12272400
2018-02-02,119.0,119.0,118.47000122070312,118.61000061035156,87.32127380371094,8681500
2018-02-05,118.23999786376953,119.33000183105469,118.22000122070312,118.68000030517578,87.37275695800781,14486000
2018-02-06,118.58999633789062,118.81999969482422,118.38999938964844,118.44000244140625,87.19610595703125,10467500
2018-02-07,118.80000305175781,118.8499984741211,118.08000183105469,118.11000061035156,86.95313262939453,8862300
2018-02-08,117.94000244140625,118.0999984741211,117.55999755859375,117.5999984741211,86.57768249511719,10957000
2018-02-09,117.44999694824219,117.47000122070312,117.19999694824219,117.22000122070312,86.29796600341797,8719000
2018-02-12,117.29000091552734,117.62000274658203,117.19999694824219,117.22000122070312,86.29796600341797,7814800
2018-02-13,117.08999633789062,117.20999908447266,116.79000091552734,117.18000030517578,86.26849365234375,8730500
2018-02-14,116.80999755859375,117.0,116.66000366210938,116.75,85.951904296875,11013300
2018-02-15,117.18000030517578,117.45999908447266,117.05999755859375,117.30000305175781,86.3568344116211,4953400
2018-02-16,117.58000183105469,117.76000213623047,117.45999908447266,117.6500015258789,86.6144790649414,6319800
2018-02-20,117.3499984741211,117.41000366210938,117.12999725341797,117.1500015258789,86.24639892578125,8786200
2018-02-21,117.19999694824219,117.30999755859375,116.44000244140625,116.51000213623047,85.77525329589844,6387200
2018-02-22,116.83999633789062,117.06999969482422,116.63999938964844,116.66999816894531,85.89303588867188,7227100
2018-02-23,117.05000305175781,117.23999786376953,116.87999725341797,117.20999908447266,86.29055786132812,8005600
2018-02-26,117.58999633789062,117.75,117.33000183105469,117.36000061035156,86.40100860595703,5072000
2018-02-27,117.51000213623047,117.5199966430664,116.69999694824219,116.8499984741211,86.02550506591797,7279500
2018-02-28,117.01000213623047,117.16000366210938,116.94999694824219,117.06999969482422,86.18749237060547,7963400
2018-03-01,116.55999755859375,116.80999755859375,116.37000274658203,116.62000274658203,86.0988998413086,11679100
2018-03-02,116.36000061035156,116.48999786376953,116.19000244140625,116.25,85.82574462890625,5335000
2018-03-05,116.51000213623047,116.58000183105469,116.0999984741211,116.20999908447266,85.79621124267578,10168400
2018-03-06,116.63999938964844,116.68000030517578,116.29000091552734,116.30999755859375,85.87002563476562,8363400
2018-03-07,116.5,116.52999877929688,116.2300033569336,116.2699966430664,85.84050750732422,4070400
2018-03-08,116.48999786376953,116.69999694824219,116.33999633789062,116.5,86.01030731201172,6410000
2018-03-09,116.31999969482422,116.37000274658203,116.04000091552734,116.08999633789062,85.70760345458984,7773800
2018-03-12,116.19000244140625,116.27999877929688,116.0999984741211,116.23999786376953,85.81834411621094,8555600
2018-03-13,116.3499984741211,116.4000015258789,116.11000061035156,116.25,85.82574462890625,8625900
2018-03-14,116.2699966430664,116.69999694824219,116.26000213623047,116.51000213623047,86.01771545410156,5765700
2018-03-15,116.4800033569336,116.70999908447266,116.44000244140625,116.62999725341797,86.10627746582031,5268200
2018-03-16,116.41000366210938,116.83000183105469,116.36000061035156,116.76000213623047,86.20223999023438,10754700
2018-03-19,116.5,116.5999984741211,116.36000061035156,116.37000274658203,85.91434478759766,8095300
2018-03-20,116.02999877929688,116.19000244140625,115.91999816894531,115.95999908447266,85.61162567138672,6445000
2018-03-21,115.76000213623047,116.2300033569336,115.5199966430664,115.88999938964844,85.5599365234375,7312600
2018-03-22,116.19000244140625,116.29000091552734,115.98999786376953,116.08999633789062,85.70760345458984,10966600
2018-03-23,115.97000122070312,116.02999877929688,115.70999908447266,115.72000122070312,85.4344482421875,6120800
2018-03-26,116.05999755859375,116.19999694824219,116.0,116.12999725341797,85.73714447021484,5834800
2018-03-27,116.05999755859375,116.62000274658203,116.05999755859375,116.55000305175781,86.04720306396484,5000200
2018-03-28,116.77999877929688,116.9800033569336,116.66000366210938,116.86000061035156,86.27608489990234,4771600
2018-03-29,117.11000061035156,117.47000122070312,116.94999694824219,117.38999938964844,86.66737365722656,5930800
2018-04-02,116.9000015258789,117.06999969482422,116.72000122070312,116.98999786376953,86.6207275390625,4393500
2018-04-03,116.94000244140625,116.94000244140625,116.62999725341797,116.68000030517578,86.3912353515625,3773500
2018-04-04,116.7300033569336,116.86000061035156,116.63999938964844,116.68000030517578,86.3912353515625,5259600
2018-04-05,116.61000061035156,116.75,116.5,116.72000122070312,86.42082977294922,5171000
2018-04-06,116.93000030517578,117.06999969482422,116.80999755859375,117.06999969482422,86.67996215820312,4772500
2018-04-09,116.8499984741211,117.18000030517578,116.8499984741211,117.12999725341797,86.72441101074219,3611300
2018-04-10,117.20999908447266,117.44000244140625,117.01000213623047,117.16000366210938,86.7466049194336,5201300
2018-04-11,117.36000061035156,117.4000015258789,117.11000061035156,117.23999786376953,86.8058090209961,2483800
2018-04-12,117.12000274658203,117.19999694824219,116.9000015258789,116.91999816894531,86.56891632080078,2588100
2018-04-13,116.83999633789062,117.05999755859375,116.83999633789062,116.95999908447266,86.59850311279297,4427800
2018-04-16,116.75,116.98999786376953,116.70999908447266,116.97000122070312,86.60595703125,2323600
2018-04-17,116.9800033569336,117.1500015258789,116.91000366210938,116.9800033569336,86.61333465576172,6702900
2018-04-18,116.94000244140625,116.94999694824219,116.36000061035156,116.37999725341797,86.16910552978516,6888000
2018-04-19,116.04000091552734,116.06999969482422,115.76000213623047,115.94000244140625,85.84333038330078,4058600
2018-04-20,115.79000091552734,115.83000183105469,115.45999908447266,115.47000122070312,85.49530029296875,4679700
2018-04-23,115.44000244140625,115.47000122070312,115.25,115.41999816894531,85.45828247070312,4380000
2018-04-24,115.30999755859375,115.44000244140625,114.98999786376953,115.08000183105469,85.20655822753906,5984700
2018-04-25,114.81999969482422,114.83999633789062,114.55000305175781,114.72000122070312,84.94001007080078,3756100
2018-04-26,115.0199966430664,115.18000030517578,114.91999816894531,115.05999755859375,85.1917495727539,6027200
2018-04-27,115.25,115.37000274658203,115.22000122070312,115.31999969482422,85.38421630859375,3369800
2018-04-30,115.37000274658203,115.45999908447266,115.16999816894531,115.22000122070312,85.31021118164062,6388500
2018-05-01,114.83000183105469,114.87000274658203,114.48999786376953,114.58000183105469,85.07927703857422,6051500
2018-05-02,114.7300033569336,114.75,114.48999786376953,114.48999786376953,85.01244354248047,3608100
2018-05-03,114.7699966430664,114.81999969482422,114.47000122070312,114.51000213623047,85.02732849121094,4122600
2018-05-04,114.86000061035156,114.86000061035156,114.47000122070312,114.66999816894531,85.1461181640625,3733800
2018-05-07,114.70999908447266,114.75,114.5,114.54000091552734,85.04955291748047,3870900
2018-05-08,114.43000030517578,114.54000091552734,114.26000213623047,114.5,85.01988220214844,5069300
2018-05-09,114.31999969482422,114.62999725341797,114.27999877929688,114.4800033569336,85.00502014160156,3906600
2018-05-10,114.83999633789062,115.06999969482422,114.72000122070312,115.05999755859375,85.4356918334961,5103000
2018-05-11,115.2300033569336,115.27999877929688,115.08000183105469,115.26000213623047,85.58419799804688,4254000
2018-05-14,115.12999725341797,115.2699966430664,115.05000305175781,115.05000305175781,85.42830657958984,4808300
2018-05-15,114.51000213623047,114.76000213623047,114.0,114.18000030517578,84.78227233886719,5970000
2018-05-16,114.23999786376953,114.3499984741211,113.98999786376953,114.02999877929688,84.6708984375,4210800
2018-05-17,114.0,114.05999755859375,113.72000122070312,113.80999755859375,84.50750732421875,3272300
2018-05-18,113.98999786376953,114.33000183105469,113.95999908447266,114.27999877929688,84.85651397705078,4154700
2018-05-21,114.1500015258789,114.3499984741211,114.0999984741211,114.3499984741211,84.90853881835938,2593300
2018-05-22,114.26000213623047,114.38999938964844,114.12999725341797,114.2300033569336,84.81940460205078,3230000
2018-05-23,114.41000366210938,114.80000305175781,114.33000183105469,114.72000122070312,85.1832275390625,5771100
2018-05-24,114.9800033569336,115.08000183105469,114.88999938964844,115.04000091552734,85.42088317871094,4436900
2018-05-25,115.37999725341797,115.41999816894531,115.2300033569336,115.37999725341797,85.67332458496094,3997600
2018-05-29,115.43000030517578,116.20999908447266,115.26000213623047,115.98999786376953,86.12625885009766,6831700
2018-05-30,115.61000061035156,115.81999969482422,115.2699966430664,115.54000091552734,85.79212188720703,5083900
2018-05-31,115.66000366210938,115.7699966430664,115.36000061035156,115.48999786376953,85.75497436523438,6303300
2018-06-01,114.87000274658203,115.13999938964844,114.80999755859375,114.91000366210938,85.59038543701172,4479700
2018-06-04,114.9000015258789,114.97000122070312,114.6500015258789,114.6500015258789,85.39671325683594,3714900
2018-06-05,114.93000030517578,114.94999694824219,114.69000244140625,114.7300033569336,85.4563217163086,3901500
2018-06-06,114.41000366210938,114.47000122070312,114.16000366210938,114.30999755859375,85.14346313476562,4754900
2018-06-07,114.25,115.05999755859375,114.25,114.69000244140625,85.42650604248047,7185200
2018-06-08,114.5999984741211,114.6500015258789,114.43000030517578,114.5,85.28500366210938,2935600
2018-06-11,114.30000305175781,114.4000015258789,114.2300033569336,114.38999938964844,85.20304870605469,2905100
2018-06-12,114.25,114.5,114.22000122070312,114.4000015258789,85.21049499511719,3396500
2018-06-13,114.44000244140625,114.58000183105469,113.9800033569336,114.29000091552734,85.12859344482422,4906500
2018-06-14,114.68000030517578,114.81999969482422,114.48999786376953,114.80999755859375,85.51587677001953,4915800
2018-06-15,114.9800033569336,115.05999755859375,114.58999633789062,114.6500015258789,85.39671325683594,5887100
2018-06-18,114.63999938964844,114.66000366210938,114.41999816894531,114.52999877929688,85.30734252929688,4723200
2018-06-19,114.55999755859375,114.66000366210938,114.47000122070312,114.58999633789062,85.35199737548828,4278700
2018-06-20,114.61000061035156,114.61000061035156,113.9000015258789,113.94999694824219,84.87531280517578,7731500
2018-06-21,113.9000015258789,114.08999633789062,113.86000061035156,113.86000061035156,84.80829620361328,15921600
2018-06-22,113.80000305175781,114.08999633789062,113.75,114.0,84.91260528564453,6728500
2018-06-25,114.04000091552734,114.11000061035156,113.87000274658203,113.88999938964844,84.83065032958984,3243900
2018-06-26,113.9800033569336,114.29000091552734,113.88999938964844,114.2699966430664,85.11365509033203,10345300
2018-06-27,114.58999633789062,114.66000366210938,114.4800033569336,114.66000366210938,85.4041976928711,9776300
2018-06-28,114.56999969482422,114.56999969482422,114.2699966430664,114.51000213623047,85.2924575805664,6241300
2018-06-29,114.63999938964844,114.83999633789062,114.51000213623047,114.56999969482422,85.33715057373047,7855600
2018-07-02,114.41000366210938,114.41000366210938,114.16000366210938,114.23999786376953,85.34832000732422,4806200
2018-07-03,114.30999755859375,114.7300033569336,114.30999755859375,114.66000366210938,85.66215515136719,2518100
2018-07-05,114.7699966430664,115.02999877929688,114.75,115.0199966430664,85.93109893798828,4730600
2018-07-06,115.23999786376953,115.27999877929688,115.08999633789062,115.18000030517578,86.05061340332031,2465600
2018-07-09,115.08999633789062,115.30000305175781,115.02999877929688,115.26000213623047,86.1103744506836,5161600
2018-07-10,115.23999786376953,115.37000274658203,115.11000061035156,115.12999725341797,86.01326751708984,6624000
2018-07-11,115.2699966430664,115.38999938964844,115.12000274658203,115.36000061035156,86.18508911132812,4071400
2018-07-12,115.4000015258789,115.61000061035156,115.31999969482422,115.61000061035156,86.37185668945312,3324800
2018-07-13,115.70999908447266,115.80999755859375,115.62999725341797,115.69999694824219,86.43914794921875,4273800
2018-07-16,115.5,115.62999725341797,115.29000091552734,115.51000213623047,86.29718780517578,2653700
2018-07-17,115.5199966430664,115.58000183105469,115.37999725341797,115.43000030517578,86.23739624023438,6157000
2018-07-18,115.54000091552734,115.54000091552734,115.3499984741211,115.41000366210938,86.2224349975586,3527600
2018-07-19,115.4000015258789,115.73999786376953,115.37000274658203,115.58999633789062,86.35694122314453,5098600
2018-07-20,115.33999633789062,115.38999938964844,115.12000274658203,115.25,86.10292053222656,5139900
2018-07-23,115.05000305175781,115.12000274658203,114.72000122070312,114.79000091552734,85.75929260253906,4716300
2018-07-24,114.80999755859375,115.16999816894531,114.80999755859375,115.1500015258789,86.02820587158203,4446700
2018-07-25,115.4000015258789,115.4000015258789,115.19999694824219,115.30000305175781,86.14029693603516,7376300
2018-07-26,115.41999816894531,115.55000305175781,115.27999877929688,115.41000366210938,86.2224349975586,5860900
2018-07-27,115.75,115.75,115.45999908447266,115.55999755859375,86.3344955444336,5497600
2018-07-30,115.31999969482422,115.48999786376953,115.30999755859375,115.4000015258789,86.21497344970703,6467600
2018-07-31,115.70999908447266,115.86000061035156,115.63999938964844,115.76000213623047,86.4839096069336,6081600
2018-08-01,114.9000015258789,115.1500015258789,114.8499984741211,115.01000213623047,86.17897033691406,7255900
2018-08-02,115.05000305175781,115.16999816894531,114.87999725341797,115.1500015258789,86.28384399414062,6751500
2018-08-03,115.29000091552734,115.55000305175781,115.16000366210938,115.51000213623047,86.55364227294922,2711200
2018-08-06,115.58999633789062,115.76000213623047,115.58999633789062,115.62000274658203,86.63602447509766,3059800
2018-08-07,115.58999633789062,115.58999633789062,115.19999694824219,115.26000213623047,86.36627960205078,5397700
2018-08-08,115.16999816894531,115.2300033569336,115.08000183105469,115.08000183105469,86.23139953613281,7433200
2018-08-09,115.25,115.36000061035156,115.08999633789062,115.16999816894531,86.2988510131836,7273500
2018-08-10,115.0999984741211,115.5,115.02999877929688,115.36000061035156,86.4411849975586,4765900
2018-08-13,115.26000213623047,115.37999725341797,115.22000122070312,115.33000183105469,86.41874694824219,3145700
2018-08-14,115.48999786376953,115.52999877929688,115.41000366210938,115.4800033569336,86.53114318847656,7052500
2018-08-15,115.6500015258789,115.76000213623047,115.55000305175781,115.72000122070312,86.71098327636719,5208100
2018-08-16,115.81999969482422,115.88999938964844,115.69999694824219,115.87000274658203,86.82337951660156,5997900
2018-08-17,115.95999908447266,116.06999969482422,115.88999938964844,115.97000122070312,86.89830780029297,3871900
2018-08-20,116.25,116.37000274658203,116.18000030517578,116.2699966430664,87.12310028076172,2686800
2018-08-21,116.22000122070312,116.22000122070312,115.95999908447266,115.9800033569336,86.90577697753906,5480400
2018-08-22,116.22000122070312,116.23999786376953,115.94999694824219,115.97000122070312,86.89830780029297,6877700
2018-08-23,116.13999938964844,116.18000030517578,115.94000244140625,116.01000213623047,86.92828369140625,5693800
2018-08-24,115.88999938964844,116.29000091552734,115.8499984741211,116.23999786376953,87.1005859375,5152500
2018-08-27,116.0199966430664,116.16000366210938,116.01000213623047,116.05999755859375,86.96572875976562,3762200
2018-08-28,115.87000274658203,115.9800033569336,115.5999984741211,115.62000274658203,86.63602447509766,4026900
2018-08-29,115.7300033569336,115.75,115.41000366210938,115.5,86.546142578125,10473500
2018-08-30,115.73999786376953,115.80999755859375,115.5199966430664,115.61000061035156,86.62857818603516,5682300
2018-08-31,115.80999755859375,115.83999633789062,115.43000030517578,115.44000244140625,86.50115203857422,4425800
2018-09-04,114.86000061035156,114.98999786376953,114.68000030517578,114.87999725341797,86.34185028076172,6468700
2018-09-05,114.83999633789062,114.87999725341797,114.77999877929688,114.80999755859375,86.2892074584961,6103200
2018-09-06,114.98999786376953,115.20999908447266,114.94999694824219,115.12999725341797,86.52974700927734,6918100
2018-09-07,114.76000213623047,114.76000213623047,114.62999725341797,114.6500015258789,86.16896057128906,4529100
2018-09-10,114.73999786376953,115.02999877929688,114.73999786376953,115.02999877929688,86.45455932617188,5512700
2018-09-11,114.80000305175781,114.88999938964844,114.72000122070312,114.7699966430664,86.2591781616211,5976900
2018-09-12,114.97000122070312,115.12000274658203,114.95999908447266,115.0,86.43204498291016,5543100
2018-09-13,115.25,115.33000183105469,115.12999725341797,115.23999786376953,86.61239624023438,5584100
2018-09-14,115.01000213623047,115.16000366210938,114.94999694824219,115.0999984741211,86.50714111328125,7003500
2018-09-17,114.91000366210938,115.11000061035156,114.88999938964844,115.02999877929688,86.45455932617188,2667100
2018-09-18,114.80999755859375,114.80999755859375,114.5199966430664,114.55999755859375,86.10132598876953,5160900
2018-09-19,114.52999877929688,114.54000091552734,114.2300033569336,114.38999938964844,85.97354888916016,5220700
2018-09-20,114.41000366210938,114.80999755859375,114.38999938964844,114.69000244140625,86.19901275634766,6152400
2018-09-21,114.5999984741211,114.79000091552734,114.5999984741211,114.70999908447266,86.21407318115234,9404300
2018-09-24,114.4800033569336,114.5999984741211,114.37000274658203,114.44999694824219,86.0186538696289,10749400
2018-09-25,114.33000183105469,114.47000122070312,114.2300033569336,114.44999694824219,86.0186538696289,4087100
2018-09-26,114.6500015258789,114.93000030517578,114.52999877929688,114.86000061035156,86.32678985595703,7433600
2018-09-27,114.8499984741211,115.04000091552734,114.7699966430664,115.01000213623047,86.4395523071289,6323400
2018-09-28,115.13999938964844,115.13999938964844,114.9000015258789,114.93000030517578,86.37940216064453,12578500
2018-10-01,114.5,114.63999938964844,114.41999816894531,114.41999816894531,86.2602767944336,7550600
2018-10-02,114.55999755859375,114.75,114.5199966430664,114.5199966430664,86.3356704711914,11207800
2018-10-03,114.41000366210938,114.52999877929688,113.66000366210938,113.8499984741211,85.83058166503906,8400500
2018-10-04,113.55999755859375,113.66000366210938,113.2300033569336,113.37999725341797,85.47624969482422,9843800
2018-10-05,113.1500015258789,113.26000213623047,112.76000213623047,112.94000244140625,85.14454650878906,8785800
2018-10-08,113.0,113.01000213623047,112.80000305175781,112.81999969482422,85.05404663085938,1355200
2018-10-09,113.0,113.16999816894531,112.91000366210938,113.13999938964844,85.2953109741211,8416200
2018-10-10,112.86000061035156,113.01000213623047,112.58999633789062,112.83000183105469,85.0616226196289,12316400
2018-10-11,113.08000183105469,113.48999786376953,113.05000305175781,113.30000305175781,85.41590881347656,18587600
2018-10-12,113.33999633789062,113.52999877929688,113.16000366210938,113.31999969482422,85.43099975585938,8956700
2018-10-15,113.26000213623047,113.36000061035156,113.0999984741211,113.11000061035156,85.27271270751953,6636500
2018-10-16,113.16000366210938,113.4800033569336,113.05999755859375,113.4000015258789,85.4913330078125,9017800
2018-10-17,113.30999755859375,113.4000015258789,112.83999633789062,112.83999633789062,85.06914520263672,6880600
2018-10-18,112.7300033569336,112.9800033569336,112.5999984741211,112.83999633789062,85.06914520263672,10418000
2018-10-19,112.75,112.86000061035156,112.5999984741211,112.69999694824219,84.96356201171875,6355700
2018-10-22,112.83000183105469,112.8499984741211,112.52999877929688,112.55999755859375,84.85806274414062,7282900
2018-10-23,112.80999755859375,112.95999908447266,112.66000366210938,112.72000122070312,84.97869110107422,10277900
2018-10-24,112.94999694824219,113.05000305175781,112.81999969482422,112.87999725341797,85.09927368164062,7262000
2018-10-25,112.7300033569336,112.8499984741211,112.72000122070312,112.73999786376953,84.99376678466797,5653100
2018-10-26,112.97000122070312,113.08000183105469,112.91999816894531,112.93000030517578,85.13697814941406,4955300
2018-10-29,112.86000061035156,112.91999816894531,112.72000122070312,112.80000305175781,85.0389633178711,6573300
2018-10-30,112.58999633789062,112.66999816894531,112.44000244140625,112.55000305175781,84.85051727294922,7669600
2018-10-31,112.38999938964844,112.61000061035156,112.2300033569336,112.2300033569336,84.60929107666016,13156300
2018-11-01,111.70999908447266,112.20999908447266,111.66999816894531,112.19999694824219,84.86568450927734,14262000
2018-11-02,112.06999969482422,112.18000030517578,111.7300033569336,111.75,84.52527618408203,7738400
2018-11-05,111.8499984741211,112.04000091552734,111.8499984741211,111.94999694824219,84.67658996582031,5064000
2018-11-06,112.02999877929688,112.18000030517578,112.01000213623047,112.13999938964844,84.82029724121094,5787100
2018-11-07,112.62999725341797,112.70999908447266,112.37999725341797,112.43000030517578,85.03965759277344,13257500
2018-11-08,112.41000366210938,112.45999908447266,112.0999984741211,112.0999984741211,84.79004669189453,10934400
2018-11-09,112.18000030517578,112.33000183105469,112.08999633789062,112.18000030517578,84.85054016113281,8836800
2018-11-12,112.41000366210938,112.41000366210938,112.08000183105469,112.16999816894531,84.84302520751953,2876500
2018-11-13,112.05999755859375,112.12000274658203,111.95999908447266,112.0199966430664,84.72955322265625,7778400
2018-11-14,111.7300033569336,111.94000244140625,111.68000030517578,111.72000122070312,84.50261688232422,11595100
2018-11-15,111.58999633789062,111.66999816894531,111.31999969482422,111.51000213623047,84.34378814697266,15158300
2018-11-16,111.47000122070312,111.76000213623047,111.41000366210938,111.7300033569336,84.51018524169922,13503700
2018-11-19,111.47000122070312,111.6500015258789,111.41999816894531,111.62000274658203,84.42696380615234,9773700
2018-11-20,111.37999725341797,111.5999984741211,111.33000183105469,111.3499984741211,84.22273254394531,16168200
2018-11-21,111.62000274658203,111.72000122070312,111.44999694824219,111.58999633789062,84.40428924560547,10704600
2018-11-23,111.94000244140625,111.9800033569336,111.62999725341797,111.63999938964844,84.44210052490234,2924700
2018-11-26,111.7699966430664,111.81999969482422,111.63999938964844,111.69000244140625,84.47992706298828,5938900
2018-11-27,111.61000061035156,111.66000366210938,111.5199966430664,111.55000305175781,84.37403106689453,8581300
2018-11-28,111.51000213623047,111.94999694824219,111.29000091552734,111.8499984741211,84.60096740722656,13861300
2018-11-29,111.75,111.87000274658203,111.41999816894531,111.52999877929688,84.3589096069336,10939100
2018-11-30,111.55000305175781,111.58000183105469,111.25,111.45999908447266,84.30591583251953,14854800
2018-12-03,111.30999755859375,111.5999984741211,111.25,111.5199966430664,84.61933898925781,12740500
2018-12-04,111.72000122070312,111.9800033569336,111.52999877929688,111.54000091552734,84.634521484375,13521500
2018-12-06,111.61000061035156,111.98999786376953,111.5999984741211,111.87999725341797,84.8924789428711,12752200
2018-12-07,112.0,112.05999755859375,111.73999786376953,111.88999938964844,84.90007781982422,11791900
2018-12-10,112.19999694824219,112.23999786376953,111.91000366210938,112.2300033569336,85.1580810546875,6886500
2018-12-11,112.37999725341797,112.55999755859375,112.26000213623047,112.43000030517578,85.30982208251953,10241100
2018-12-12,112.44999694824219,112.68000030517578,111.58999633789062,112.55000305175781,85.4009017944336,10001600
2018-12-13,112.73999786376953,112.91000366210938,112.7300033569336,112.8499984741211,85.62850189208984,6911200
2018-12-14,112.91000366210938,113.01000213623047,112.70999908447266,112.7300033569336,85.53744506835938,6037900
2018-12-17,112.7699966430664,112.98999786376953,112.7699966430664,112.8499984741211,85.62850189208984,6480500
2018-12-18,112.69999694824219,112.94000244140625,112.61000061035156,112.9000015258789,85.93447875976562,5923200
2018-12-19,113.05000305175781,113.30999755859375,112.80999755859375,112.80999755859375,85.8659896850586,10049200
2018-12-20,113.08000183105469,113.1500015258789,112.2699966430664,112.44000244140625,85.58436584472656,20942200
2018-12-21,112.58000183105469,112.68000030517578,112.13999938964844,112.33000183105469,85.5006332397461,11850700
2018-12-24,112.31999969482422,112.41000366210938,111.98999786376953,112.06999969482422,85.30274963378906,4384800
2018-12-26,112.08000183105469,112.20999908447266,111.79000091552734,111.9800033569336,85.23419952392578,7659300
2018-12-27,112.16000366210938,112.29000091552734,111.9800033569336,111.9800033569336,85.23419952392578,7797300
2018-12-28,112.0999984741211,112.52999877929688,112.0999984741211,112.51000213623047,85.63768005371094,4334500
2018-12-31,112.5199966430664,112.91999816894531,112.43000030517578,112.81999969482422,85.87362670898438,7008400
2019-01-02,112.81999969482422,113.19000244140625,112.77999877929688,113.16999816894531,86.14000701904297,9506500
2019-01-03,113.0,113.30000305175781,112.94999694824219,113.22000122070312,86.17806243896484,11199100
2019-01-04,112.87999725341797,113.19999694824219,112.80999755859375,113.1500015258789,86.12478637695312,12080700
2019-01-07,113.38999938964844,113.45999908447266,113.1500015258789,113.16000366210938,86.13240814208984,16150100
2019-01-08,113.20999908447266,113.44000244140625,113.20999908447266,113.41000366210938,86.32271575927734,7961400
2019-01-09,113.5,113.88999938964844,113.5,113.83999633789062,86.64997100830078,10534900
2019-01-10,113.7300033569336,113.7699966430664,113.43000030517578,113.54000091552734,86.421630859375,10337000
2019-01-11,113.79000091552734,113.79000091552734,113.58999633789062,113.75,86.58148193359375,6890800
2019-01-14,113.62000274658203,113.79000091552734,113.41999816894531,113.44999694824219,86.35314178466797,4511400
2019-01-15,113.54000091552734,113.68000030517578,113.44999694824219,113.5199966430664,86.40640258789062,10536500
2019-01-16,113.5199966430664,113.9000015258789,113.45999908447266,113.73999786376953,86.5738754272461,17911800
2019-01-17,113.66000366210938,113.9800033569336,113.66000366210938,113.97000122070312,86.74893951416016,8756200
2019-01-18,113.95999908447266,114.27999877929688,113.95999908447266,114.16999816894531,86.90115356445312,12589700
2019-01-22,114.31999969482422,114.58000183105469,114.31999969482422,114.36000061035156,87.04579162597656,9101600
2019-01-23,114.45999908447266,114.73999786376953,114.38999938964844,114.6500015258789,87.26647186279297,11707200
2019-01-24,115.05000305175781,115.11000061035156,114.86000061035156,114.94999694824219,87.49488067626953,8874700
2019-01-25,114.9000015258789,115.05000305175781,114.87999725341797,115.05000305175781,87.57098388671875,8529200
2019-01-28,114.94999694824219,115.12000274658203,114.88999938964844,115.02999877929688,87.55579376220703,7830600
2019-01-29,115.16999816894531,115.27999877929688,115.06999969482422,115.27999877929688,87.74604034423828,9111300
2019-01-30,115.31999969482422,115.80999755859375,115.16999816894531,115.80999755859375,88.14948272705078,17275500
2019-01-31,116.20999908447266,116.69999694824219,116.19000244140625,116.62000274658203,88.7659683227539,12004200
2019-02-01,116.12000274658203,116.30999755859375,115.91999816894531,115.98999786376953,88.55451202392578,15158400
2019-02-04,115.87000274658203,115.88999938964844,115.61000061035156,115.83000183105469,88.43238830566406,7375500
2019-02-05,116.0999984741211,116.4800033569336,116.08999633789062,116.30000305175781,88.79120635986328,9298100
2019-02-06,116.37999725341797,116.4000015258789,116.04000091552734,116.08000183105469,88.62321472167969,7083600
2019-02-07,116.0,116.08000183105469,115.77999877929688,116.05999755859375,88.60794067382812,12973200
2019-02-08,116.1500015258789,116.37999725341797,116.11000061035156,116.3499984741211,88.82936096191406,5502500
2019-02-11,116.27999877929688,116.27999877929688,116.0,116.08999633789062,88.63084411621094,5353800
2019-02-12,116.08000183105469,116.25,116.02999877929688,116.25,88.7530517578125,10689100
2019-02-13,116.01000213623047,116.0999984741211,115.88999938964844,115.94999694824219,88.52398681640625,9595200
2019-02-14,116.23999786376953,116.23999786376953,115.94000244140625,116.08000183105469,88.62321472167969,14906100
2019-02-15,116.02999877929688,116.26000213623047,116.02999877929688,116.22000122070312,88.73009490966797,8298000
2019-02-19,116.44000244140625,116.44000244140625,116.16999816894531,116.29000091552734,88.78360748291016,6920300
2019-02-20,116.19000244140625,116.2300033569336,115.98999786376953,116.19000244140625,88.70719909667969,8577400
2019-02-21,115.76000213623047,115.9800033569336,115.73999786376953,115.86000061035156,88.45528411865234,6311000
2019-02-22,115.97000122070312,116.4800033569336,115.97000122070312,116.37999725341797,88.85227966308594,4110600
2019-02-25,116.26000213623047,116.44999694824219,116.25,116.33999633789062,88.82173919677734,6026200
2019-02-26,116.51000213623047,116.58999633789062,116.41000366210938,116.5199966430664,88.95916748046875,6360600
2019-02-27,116.37000274658203,116.37000274658203,116.11000061035156,116.19000244140625,88.70719909667969,7008500
2019-02-28,116.25,116.37000274658203,115.95999908447266,116.02999877929688,88.58507537841797,12468400
2019-03-01,115.73999786376953,115.87999725341797,115.41999816894531,115.47000122070312,88.43037414550781,12714100
2019-03-04,115.80999755859375,115.86000061035156,115.68000030517578,115.7300033569336,88.6294937133789,9453600
2019-03-05,115.69000244140625,115.79000091552734,115.56999969482422,115.7699966430664,88.66012573242188,9090400
2019-03-06,115.80999755859375,115.95999908447266,115.73999786376953,115.87999725341797,88.744384765625,6278700
2019-03-07,116.0999984741211,116.30000305175781,116.02999877929688,116.26000213623047,89.03536224365234,7355500
2019-03-08,116.11000061035156,116.43000030517578,115.91000366210938,116.41000366210938,89.15025329589844,7386600
2019-03-11,116.38999938964844,116.54000091552734,116.30999755859375,116.54000091552734,89.2497787475586,7813600
2019-03-12,116.56999969482422,116.94000244140625,116.55999755859375,116.86000061035156,89.49483489990234,7994600
2019-03-13,116.54000091552734,116.70999908447266,116.54000091552734,116.66999816894531,89.34934997558594,5834000
2019-03-14,116.62999725341797,116.63999938964844,116.33999633789062,116.44000244140625,89.17323303222656,5395300
2019-03-15,116.76000213623047,117.0199966430664,116.69999694824219,116.86000061035156,89.49483489990234,8537000
2019-03-18,116.77999877929688,116.88999938964844,116.75,116.80000305175781,89.44890594482422,4308300
2019-03-19,116.62999725341797,116.93000030517578,116.62999725341797,116.81999969482422,89.4642562866211,8074700
2019-03-20,116.88999938964844,117.66000366210938,116.77999877929688,117.61000061035156,90.06922149658203,16202600
2019-03-21,117.5199966430664,117.91000366210938,117.5199966430664,117.83000183105469,90.23771667480469,14163200
2019-03-22,118.20999908447266,118.63999938964844,118.20999908447266,118.55000305175781,90.78912353515625,10576900
2019-03-25,118.56999969482422,119.0,118.37000274658203,118.79000091552734,90.972900390625,7096100
2019-03-26,118.73999786376953,118.93000030517578,118.58999633789062,118.83999633789062,91.01117706298828,7766500
2019-03-27,119.0,119.22000122070312,118.91999816894531,119.0,91.13373565673828,7484100
2019-03-28,119.02999877929688,119.1500015258789,118.91000366210938,119.1500015258789,91.24860382080078,4621200
2019-03-29,118.83000183105469,119.1500015258789,118.79000091552734,119.05999755859375,91.17967987060547,8415100
2019-04-01,118.44999694824219,118.62000274658203,118.19999694824219,118.26000213623047,90.84017181396484,9567400
2019-04-02,118.27999877929688,118.44999694824219,118.19000244140625,118.41999816894531,90.96310424804688,7733300
2019-04-03,118.1500015258789,118.29000091552734,118.11000061035156,118.16999816894531,90.77106475830078,6048400
2019-04-04,118.19999694824219,118.36000061035156,118.11000061035156,118.36000061035156,90.91698455810547,7510600
2019-04-05,118.33999633789062,118.69000244140625,118.26000213623047,118.55000305175781,91.06291198730469,9326200
2019-04-08,118.5199966430664,118.56999969482422,118.3499984741211,118.37999725341797,90.93235778808594,8564800
2019-04-09,118.69000244140625,118.83000183105469,118.58000183105469,118.62999725341797,91.12443542480469,7749000
2019-04-10,118.87000274658203,119.2699966430664,118.86000061035156,119.20999908447266,91.56988525390625,5765300
2019-04-11,119.05999755859375,119.20999908447266,119.01000213623047,119.08999633789062,91.4777603149414,7769500
2019-04-12,118.98999786376953,119.12000274658203,118.88999938964844,119.0199966430664,91.4239730834961,11083800
2019-04-15,119.01000213623047,119.08000183105469,118.83000183105469,118.83000183105469,91.27799987792969,12427300
2019-04-16,118.79000091552734,118.79000091552734,118.48999786376953,118.5,91.02454376220703,10302700
2019-04-17,118.62000274658203,118.72000122070312,118.47000122070312,118.4800033569336,91.00917053222656,6062300
2019-04-18,118.75,118.80000305175781,118.55000305175781,118.58000183105469,91.08596801757812,8060000
2019-04-22,118.45999908447266,118.52999877929688,118.33999633789062,118.38999938964844,90.94000244140625,6581900
2019-04-23,118.55999755859375,118.87999725341797,118.54000091552734,118.87999725341797,91.3163833618164,7389700
2019-04-24,119.16000366210938,119.4000015258789,119.12999725341797,119.27999877929688,91.62364196777344,6463200
2019-04-25,119.16999816894531,119.2699966430664,119.02999877929688,119.22000122070312,91.57759857177734,4404000
2019-04-26,119.62000274658203,119.70999908447266,119.5,119.63999938964844,91.90020751953125,3406100
2019-04-29,119.37999725341797,119.43000030517578,119.11000061035156,119.16999816894531,91.5391616821289,5847500
2019-04-30,119.1500015258789,119.3499984741211,119.0999984741211,119.22000122070312,91.57759857177734,9753300
2019-05-01,119.0,119.56999969482422,118.83000183105469,118.83000183105469,91.54830932617188,12804300
2019-05-02,118.69999694824219,118.73999786376953,118.29000091552734,118.4000015258789,91.217041015625,11748200
2019-05-03,118.6500015258789,118.97000122070312,118.6500015258789,118.93000030517578,91.6253662109375,7481000
2019-05-06,119.02999877929688,119.2300033569336,118.87999725341797,119.08999633789062,91.74861907958984,8077400
2019-05-07,119.27999877929688,119.29000091552734,119.0,119.08000183105469,91.74091339111328,11575500
2019-05-08,119.1500015258789,119.19999694824219,118.63999938964844,118.68000030517578,91.4327392578125,11843100
2019-05-09,118.93000030517578,118.94999694824219,118.61000061035156,118.79000091552734,91.51750183105469,11586200
2019-05-10,118.75,118.91999816894531,118.70999908447266,118.86000061035156,91.5714340209961,8155600
2019-05-13,118.86000061035156,119.12999725341797,118.77999877929688,118.93000030517578,91.6253662109375,16744900
2019-05-14,119.0,119.12000274658203,118.91999816894531,119.0999984741211,91.75633239746094,7993500
2019-05-15,119.41000366210938,119.44999694824219,119.18000030517578,119.43000030517578,92.01058197021484,10804400
2019-05-16,119.33999633789062,119.33999633789062,119.20999908447266,119.23999786376953,91.86418151855469,11716300
2019-05-17,119.37999725341797,119.44000244140625,119.2300033569336,119.25,91.87186431884766,7746100
2019-05-20,119.22000122070312,119.30999755859375,118.95999908447266,118.97000122070312,91.65617370605469,2890900
2019-05-21,119.08999633789062,119.11000061035156,118.93000030517578,119.06999969482422,91.73320770263672,3610100
2019-05-22,119.13999938964844,119.30999755859375,119.04000091552734,119.22000122070312,91.8487777709961,9526200
2019-05-23,119.2699966430664,119.61000061035156,119.19000244140625,119.4800033569336,92.04907989501953,9983400
2019-05-24,119.63999938964844,119.75,119.5199966430664,119.7300033569336,92.24169158935547,5981700
2019-05-28,119.93000030517578,120.0,119.7699966430664,119.80999755859375,92.30330657958984,9039100
2019-05-29,119.87999725341797,120.02999877929688,119.81999969482422,119.86000061035156,92.34180450439453,8778000
2019-05-30,120.0999984741211,120.58999633789062,120.01000213623047,120.55000305175781,92.87339782714844,11946400
2019-05-31,120.62000274658203,120.83999633789062,120.38999938964844,120.83000183105469,93.0891342163086,11611700
2019-06-03,120.75,120.91000366210938,120.41000366210938,120.83000183105469,93.37581634521484,12525200
2019-06-04,120.52999877929688,120.93000030517578,120.52999877929688,120.87000274658203,93.40673065185547,20566100
2019-06-05,120.97000122070312,121.18000030517578,120.68000030517578,120.79000091552734,93.34488677978516,10423100
2019-06-06,120.95999908447266,121.12000274658203,120.81999969482422,121.0199966430664,93.5226821899414,14133600
2019-06-07,121.5,121.8499984741211,121.43000030517578,121.55999755859375,93.93995666503906,11912900
2019-06-10,121.33999633789062,121.47000122070312,121.11000061035156,121.12000274658203,93.59998321533203,13072400
2019-06-11,121.19999694824219,121.31999969482422,121.02999877929688,121.2300033569336,93.68497467041016,17076700
2019-06-12,121.23999786376953,121.43000030517578,121.1500015258789,121.41000366210938,93.82406616210938,11814400
2019-06-13,121.44999694824219,121.75,121.44999694824219,121.72000122070312,94.06361389160156,6665700
2019-06-14,121.55000305175781,121.81999969482422,121.45999908447266,121.7699966430664,94.10224151611328,4652300
2019-06-17,121.69000244140625,121.93000030517578,121.62000274658203,121.83000183105469,94.14867401123047,6213200
2019-06-18,122.45999908447266,122.7699966430664,122.33999633789062,122.63999938964844,94.77456665039062,19575000
2019-06-19,122.3499984741211,123.44999694824219,122.2300033569336,123.41999816894531,95.3773422241211,17597800
2019-06-20,123.9000015258789,124.16000366210938,123.69999694824219,124.08999633789062,95.89514923095703,24937900
2019-06-21,123.68000030517578,123.88999938964844,123.4800033569336,123.63999938964844,95.5473861694336,18566400
2019-06-24,123.94999694824219,124.16999816894531,123.77999877929688,123.94999694824219,95.78692626953125,15241600
2019-06-25,123.94999694824219,123.98999786376953,123.47000122070312,123.58000183105469,95.50102233886719,17843700
2019-06-26,123.83999633789062,123.83999633789062,123.27999877929688,123.33000183105469,95.30781555175781,24436700
2019-06-27,123.63999938964844,124.13999938964844,123.54000091552734,124.05000305175781,95.8642349243164,10314500
2019-06-28,124.11000061035156,124.44000244140625,124.08999633789062,124.37000274658203,96.11153411865234,9512100
2019-07-01,124.20999908447266,124.54000091552734,123.94000244140625,124.25,96.29362487792969,19129900
2019-07-02,124.31999969482422,124.6500015258789,124.19999694824219,124.58999633789062,96.5571060180664,15843800
2019-07-03,124.6500015258789,124.95999908447266,124.58999633789062,124.93000030517578,96.82064819335938,6947300
2019-07-05,124.04000091552734,124.1500015258789,123.33999633789062,123.83000183105469,95.96813201904297,7889900
2019-07-08,124.0,124.05000305175781,123.66000366210938,123.66000366210938,95.83638763427734,9239200
2019-07-09,123.58999633789062,123.62000274658203,123.33999633789062,123.4000015258789,95.63488006591797,15877100
2019-07-10,123.55000305175781,123.83999633789062,123.4800033569336,123.68000030517578,95.85187530517578,9551800
2019-07-11,123.44999694824219,123.63999938964844,122.8499984741211,122.94999694824219,95.28610229492188,7101300
2019-07-12,122.9000015258789,123.13999938964844,122.83999633789062,123.06999969482422,95.37910461425781,6363600
2019-07-15,123.19999694824219,123.33999633789062,123.08999633789062,123.27999877929688,95.5418701171875,7705000
2019-07-16,122.8499984741211,123.04000091552734,122.70999908447266,123.0199966430664,95.34040832519531,9867500
2019-07-17,123.1500015258789,123.68000030517578,123.1500015258789,123.66999816894531,95.84415435791016,6620400
2019-07-18,123.61000061035156,124.08999633789062,123.36000061035156,123.95999908447266,96.06887817382812,10357300
2019-07-19,123.83000183105469,124.05999755859375,123.6500015258789,123.7699966430664,95.921630859375,8789300
2019-07-22,124.25,124.2699966430664,124.08999633789062,124.1500015258789,96.21611785888672,4464800
2019-07-23,124.23999786376953,124.23999786376953,123.97000122070312,124.22000122070312,96.27037048339844,7013600
2019-07-24,124.38999938964844,124.58000183105469,124.22000122070312,124.56999969482422,96.54166412353516,11851200
2019-07-25,124.41000366210938,124.48999786376953,123.87000274658203,124.16999816894531,96.23163604736328,9943100
2019-07-26,124.43000030517578,124.48999786376953,124.16999816894531,124.33999633789062,96.3634033203125,7285100
2019-07-29,124.48999786376953,124.51000213623047,124.25,124.26000213623047,96.3013687133789,7379600
2019-07-30,124.22000122070312,124.30999755859375,123.91999816894531,124.22000122070312,96.27037048339844,12112000
2019-07-31,124.3499984741211,124.7300033569336,123.80999755859375,124.33000183105469,96.35564422607422,17422700
2019-08-01,124.30999755859375,125.30999755859375,124.22000122070312,124.98999786376953,97.13900756835938,16216800
2019-08-02,124.94999694824219,125.1500015258789,124.83999633789062,125.12000274658203,97.24005889892578,14629500
2019-08-05,125.51000213623047,125.51000213623047,125.12999725341797,125.20999908447266,97.30998992919922,12715500
2019-08-06,125.58000183105469,126.04000091552734,125.33000183105469,125.98999786376953,97.91620635986328,14920200
2019-08-07,126.47000122070312,126.66000366210938,125.86000061035156,125.97000122070312,97.90066528320312,24644100
2019-08-08,125.77999877929688,126.36000061035156,125.52999877929688,126.30999755859375,98.1648941040039,8353800
2019-08-09,126.30999755859375,126.3499984741211,125.88999938964844,125.94000244140625,97.87732696533203,6375900
2019-08-12,126.30000305175781,126.83000183105469,126.26000213623047,126.7300033569336,98.49132537841797,8075100
2019-08-13,126.81999969482422,126.94999694824219,126.44999694824219,126.62999725341797,98.4135971069336,10955000
2019-08-14,127.0999984741211,127.19999694824219,126.83000183105469,127.0,98.70114135742188,9070900
2019-08-15,127.1500015258789,128.0,127.05000305175781,127.62000274658203,99.18299865722656,11378300
2019-08-16,127.31999969482422,127.9000015258789,127.06999969482422,127.8499984741211,99.36170196533203,10842200
2019-08-19,127.16999816894531,127.62000274658203,127.0,127.43000030517578,99.03533935546875,7226200
2019-08-20,127.8499984741211,128.22000122070312,127.72000122070312,128.1699981689453,99.61040496826172,11402300
2019-08-21,127.87000274658203,128.72999572753906,127.87000274658203,128.39999389648438,99.7891845703125,9344000
2019-08-22,128.25,128.5,127.87999725341797,127.93000030517578,99.42389678955078,7054000
2019-08-23,127.79000091552734,128.7100067138672,127.7699966430664,128.39999389648438,99.7891845703125,7998600
2019-08-26,128.47999572753906,128.72000122070312,128.2100067138672,128.41000366210938,99.79695892333984,6305900
2019-08-27,128.75,129.1999969482422,128.75,129.10000610351562,100.33322143554688,12644100
2019-08-28,129.39999389648438,129.4600067138672,129.00999450683594,129.10000610351562,100.33322143554688,8935800
2019-08-29,129.05999755859375,129.10000610351562,128.35000610351562,128.82000732421875,100.1156234741211,17900500
2019-08-30,128.6699981689453,128.83999633789062,128.4199981689453,128.8000030517578,100.10006713867188,8653700
2019-09-03,128.3699951171875,128.72000122070312,127.94000244140625,128.3300018310547,100.00579833984375,22683500
2019-09-04,128.07000732421875,128.7100067138672,128.07000732421875,128.57000732421875,100.19275665283203,8502600
2019-09-05,127.94999694824219,128.24000549316406,127.41999816894531,127.62999725341797,99.46028137207031,19042800
2019-09-06,127.83999633789062,128.19000244140625,127.77999877929688,128.08999633789062,99.81876373291016,8914800
2019-09-09,127.47000122070312,127.55999755859375,127.1500015258789,127.1500015258789,99.08618927001953,7219000
2019-09-10,126.97000122070312,126.98999786376953,126.06999969482422,126.08000183105469,98.2523422241211,9863400
2019-09-11,126.0,126.31999969482422,125.91000366210938,125.9800033569336,98.17442321777344,8165800
2019-09-12,126.66000366210938,126.76000213623047,125.7300033569336,125.80999755859375,98.04196166992188,11506000
2019-09-13,125.36000061035156,125.58999633789062,124.68000030517578,124.68000030517578,97.16136932373047,8984600
2019-09-16,125.12999725341797,125.43000030517578,124.93000030517578,125.30999755859375,97.65233612060547,11464700
2019-09-17,125.26000213623047,125.80999755859375,125.16000366210938,125.62999725341797,97.90168762207031,12480700
2019-09-18,126.06999969482422,126.45999908447266,125.52999877929688,125.94000244140625,98.14326477050781,9162300
2019-09-19,126.41000366210938,126.61000061035156,126.20999908447266,126.30000305175781,98.42379760742188,9042800
2019-09-20,126.69000244140625,127.2300033569336,126.55999755859375,127.16999816894531,99.10179138183594,10406200
2019-09-23,127.38999938964844,127.58000183105469,127.05000305175781,127.08000183105469,99.0316390991211,9526600
2019-09-24,127.41000366210938,127.6500015258789,127.29000091552734,127.4800033569336,99.34337615966797,12638700
2019-09-25,127.27999877929688,127.36000061035156,126.62999725341797,126.76000213623047,98.78228759765625,13852300
2019-09-26,127.19000244140625,127.2699966430664,127.0,127.02999877929688,98.99268341064453,8377600
2019-09-27,127.1500015258789,127.22000122070312,126.93000030517578,127.05999755859375,99.01610565185547,8627800
2019-09-30,126.95999908447266,127.51000213623047,126.86000061035156,127.4800033569336,99.34337615966797,10769500
2019-10-01,126.55999755859375,127.66000366210938,126.55999755859375,127.29000091552734,99.45743560791016,13233900
2019-10-02,127.25,127.3499984741211,126.97000122070312,127.23999786376953,99.41837310791016,11377000
2019-10-03,127.43000030517578,127.91999816894531,127.43000030517578,127.73999786376953,99.80904388427734,13985000
2019-10-04,128.02999877929688,128.27000427246094,127.94999694824219,128.27000427246094,100.22314453125,9168500
2019-10-07,127.91000366210938,128.0,127.61000061035156,127.62000274658203,99.71527862548828,6989300
2019-10-08,127.91000366210938,127.98999786376953,127.4800033569336,127.51000213623047,99.62934875488281,8635500
2019-10-09,127.77999877929688,127.77999877929688,127.27999877929688,127.55999755859375,99.66841125488281,9929500
2019-10-10,127.13999938964844,127.19999694824219,126.66000366210938,126.80999755859375,99.08238983154297,7962200
2019-10-11,126.48999786376953,126.7699966430664,126.05000305175781,126.58000183105469,98.90269470214844,11061500
2019-10-14,126.9000015258789,127.05000305175781,126.69999694824219,127.0,99.23090362548828,2276500
2019-10-15,127.05000305175781,127.05000305175781,126.56999969482422,126.66000366210938,98.9652099609375,13199100
2019-10-16,126.73999786376953,126.91000366210938,126.51000213623047,126.80000305175781,99.0745849609375,7793500
2019-10-17,126.81999969482422,127.19000244140625,126.70999908447266,126.9800033569336,99.21521759033203,5795300
2019-10-18,127.13999938964844,127.33999633789062,127.05000305175781,127.13999938964844,99.34024047851562,5978200
2019-10-21,126.9000015258789,127.0,126.80000305175781,126.8499984741211,99.11360931396484,6457700
2019-10-22,127.23999786376953,127.26000213623047,126.87999725341797,127.06999969482422,99.28556823730469,5820000
2019-10-23,127.30999755859375,127.37000274658203,127.08999633789062,127.13999938964844,99.34024047851562,4986100
2019-10-24,127.2699966430664,127.55999755859375,127.2699966430664,127.41999816894531,99.55900573730469,9154900
2019-10-25,127.4800033569336,127.4800033569336,127.02999877929688,127.19999694824219,99.38713836669922,6263000
2019-10-28,126.80000305175781,126.94000244140625,126.72000122070312,126.81999969482422,99.0901870727539,9081600
2019-10-29,126.7699966430664,126.87999725341797,126.4800033569336,126.48999786376953,98.83235168457031,9236700
2019-10-30,126.45999908447266,127.01000213623047,126.43000030517578,126.94000244140625,99.18397521972656,12250700
2019-10-31,127.41000366210938,127.79000091552734,127.26000213623047,127.70999908447266,99.78559112548828,18082800
2019-11-01,127.37999725341797,127.83000183105469,127.30000305175781,127.48999786376953,99.88356018066406,11238400
2019-11-04,127.1500015258789,127.18000030517578,126.8499984741211,126.88999938964844,99.41344451904297,10122100
2019-11-05,126.33999633789062,126.55999755859375,126.0199966430664,126.16000366210938,98.84156799316406,10409200
2019-11-06,126.51000213623047,126.9000015258789,126.5,126.87000274658203,99.39781951904297,8496500
2019-11-07,126.31999969482422,126.44000244140625,125.73999786376953,125.87999725341797,98.62218475341797,14799000
2019-11-08,125.86000061035156,126.16999816894531,125.70999908447266,125.70999908447266,98.48900604248047,6256300
2019-11-11,125.95999908447266,125.98999786376953,125.66000366210938,125.75,98.52030944824219,3231600
2019-11-12,125.86000061035156,125.97000122070312,125.61000061035156,125.87000274658203,98.6143798828125,9936600
2019-11-13,126.2300033569336,126.33999633789062,126.11000061035156,126.16999816894531,98.8493881225586,10280100
2019-11-14,126.63999938964844,126.91000366210938,126.63999938964844,126.83000183105469,99.36648559570312,10163800
2019-11-15,126.73999786376953,126.98999786376953,126.5999984741211,126.8499984741211,99.38209533691406,5411900
2019-11-18,127.04000091552734,127.16999816894531,126.91000366210938,126.98999786376953,99.4918212890625,9148900
2019-11-19,127.08000183105469,127.27999877929688,127.04000091552734,127.23999786376953,99.68769073486328,3818800
2019-11-20,127.41000366210938,127.55000305175781,127.30999755859375,127.41999816894531,99.82868957519531,5395800
2019-11-21,127.16999816894531,127.30000305175781,127.01000213623047,127.12000274658203,99.59368133544922,8425700
2019-11-22,127.41999816894531,127.51000213623047,127.2300033569336,127.47000122070312,99.86787414550781,5276600
2019-11-25,127.63999938964844,127.9800033569336,127.62999725341797,127.91000366210938,100.21256256103516,6808600
2019-11-26,128.0500030517578,128.3300018310547,128.02999877929688,128.24000549316406,100.47113037109375,8688800
2019-11-27,127.98999786376953,128.27999877929688,127.9800033569336,128.22999572753906,100.46329498291016,7264000
2019-11-29,128.17999267578125,128.25999450683594,127.83999633789062,127.97000122070312,100.25959014892578,5260900
2019-12-02,127.06999969482422,127.1500015258789,126.80000305175781,127.06999969482422,99.82438659667969,14911500
2019-12-03,127.63999938964844,128.1699981689453,127.51000213623047,128.0500030517578,100.59424591064453,9376800
2019-12-04,127.8499984741211,128.02000427246094,127.45999908447266,127.87999725341797,100.4607162475586,11177600
2019-12-05,127.68000030517578,127.8499984741211,127.47000122070312,127.73999786376953,100.35073852539062,5700600
2019-12-06,127.37000274658203,127.86000061035156,127.30000305175781,127.66999816894531,100.29573059082031,6149500
2019-12-09,127.9800033569336,127.98999786376953,127.62000274658203,127.6500015258789,100.28003692626953,4545300
2019-12-10,127.81999969482422,127.93000030517578,127.52999877929688,127.6500015258789,100.28003692626953,6425500
2019-12-11,127.87999725341797,128.2899932861328,127.83000183105469,128.14999389648438,100.67282104492188,4417100
2019-12-12,128.08999633789062,128.1300048828125,127.16999816894531,127.55999755859375,100.20933532714844,10375000
2019-12-13,128.0399932861328,128.4600067138672,127.69999694824219,128.38999938964844,100.86133575439453,12474100
2019-12-16,128.24000549316406,128.30999755859375,127.97000122070312,128.10000610351562,100.6335678100586,8062600
2019-12-17,128.22000122070312,128.35000610351562,127.97000122070312,128.0,100.55498504638672,10886800
2019-12-18,128.00999450683594,128.11000061035156,127.80999755859375,127.91000366210938,100.48429870605469,10205500
2019-12-19,127.56999969482422,127.83999633789062,127.5,127.69999694824219,100.58354949951172,9307000
2019-12-20,127.62999725341797,127.7300033569336,127.4800033569336,127.66000366210938,100.55204772949219,8336900
2019-12-23,127.80000305175781,127.86000061035156,127.47000122070312,127.72000122070312,100.59928894042969,3827500
2019-12-24,127.55999755859375,127.95999908447266,127.5,127.8499984741211,100.70169830322266,2638000
2019-12-26,128.0399932861328,128.10000610351562,127.80000305175781,128.0800018310547,100.8828353881836,3879900
2019-12-27,128.35000610351562,128.39999389648438,128.25999450683594,128.25999450683594,101.02460479736328,8752100
2019-12-30,127.9000015258789,128.5,127.77999877929688,128.49000549316406,101.20577239990234,9993800
2019-12-31,128.00999450683594,128.25,127.88999938964844,127.95999908447266,100.7883071899414,5499400
2020-01-02,128.33999633789062,128.57000732421875,128.05999755859375,128.22999572753906,101.0009765625,15348700
2020-01-03,128.39999389648438,128.7100067138672,128.27000427246094,128.6699981689453,101.34754943847656,10110900
2020-01-06,128.69000244140625,128.86000061035156,128.13999938964844,128.24000549316406,101.00886535644531,13894300
2020-01-07,128.1699981689453,128.17999267578125,127.83999633789062,127.91000366210938,100.74891662597656,8211700
2020-01-08,128.00999450683594,128.32000732421875,127.66999816894531,127.7300033569336,100.60717010498047,12268500
2020-01-09,127.69999694824219,128.38999938964844,127.66000366210938,128.33999633789062,101.08760833740234,14415100
2020-01-10,128.47000122070312,128.85000610351562,128.41000366210938,128.6999969482422,101.37117767333984,8263500
2020-01-13,128.52000427246094,128.5500030517578,128.3300018310547,128.38999938964844,101.12699127197266,4477400
2020-01-14,128.36000061035156,128.57000732421875,128.32000732421875,128.5500030517578,101.2530517578125,11066300
2020-01-15,128.8000030517578,128.8699951171875,128.63999938964844,128.8300018310547,101.47356414794922,8712400
2020-01-16,128.89999389648438,129.11000061035156,128.75,129.00999450683594,101.61531066894531,13926100
2020-01-17,128.92999267578125,129.08999633789062,128.60000610351562,128.99000549316406,101.59960174560547,13727800
2020-01-21,129.36000061035156,129.6699981689453,129.07000732421875,129.61000061035156,102.08795928955078,16807300
2020-01-22,129.83999633789062,129.8800048828125,129.6699981689453,129.67999267578125,102.14307403564453,9928600
2020-01-23,129.91000366210938,130.0,129.74000549316406,129.85000610351562,102.27699279785156,13623200
2020-01-24,130.1300048828125,130.22000122070312,129.9600067138672,130.07000732421875,102.45027160644531,11604500
2020-01-27,130.19000244140625,130.4499969482422,130.13999938964844,130.32000732421875,102.64714813232422,10461200
2020-01-28,130.4499969482422,130.55999755859375,130.1199951171875,130.25,102.5920639038086,12055900
2020-01-29,130.60000610351562,130.8800048828125,130.58999633789062,130.6699981689453,102.9228286743164,11174700
2020-01-30,130.72000122070312,130.9499969482422,130.47000122070312,130.75,102.98590850830078,14619200
2020-01-31,130.9600067138672,131.16000366210938,130.77000427246094,131.08999633789062,103.2536849975586,20194800
2020-02-03,130.5800018310547,130.80999755859375,130.4199981689453,130.64999389648438,103.17236328125,11216300
2020-02-04,130.4199981689453,130.5,130.1300048828125,130.3300018310547,102.91963958740234,16799300
2020-02-05,130.1699981689453,130.30999755859375,130.08999633789062,130.25,102.85646057128906,9587500
2020-02-06,130.2899932861328,130.44000244140625,130.17999267578125,130.19000244140625,102.8091049194336,11028900
2020-02-07,130.72000122070312,130.88999938964844,130.5800018310547,130.69000244140625,103.20393371582031,11517200
2020-02-10,130.89999389648438,131.05999755859375,130.8000030517578,131.0,103.44873046875,10405800
2020-02-11,130.88999938964844,131.07000732421875,130.7899932861328,130.80999755859375,103.29869079589844,10052700
2020-02-12,130.6999969482422,130.80999755859375,130.60000610351562,130.75,103.25135040283203,7069100
2020-02-13,130.75,130.91000366210938,130.63999938964844,130.66000366210938,103.18025970458984,5437400
2020-02-14,131.05999755859375,131.13999938964844,130.85000610351562,130.97999572753906,103.43292236328125,8254500
2020-02-18,131.1300048828125,131.35000610351562,131.02999877929688,131.22999572753906,103.63035583496094,9650900
2020-02-19,131.1199951171875,131.2899932861328,131.00999450683594,131.0500030517578,103.48822784423828,10731500
2020-02-20,131.16000366210938,131.49000549316406,131.13999938964844,131.49000549316406,103.83570098876953,13706000
2020-02-21,131.77999877929688,132.0500030517578,131.6699981689453,131.75,104.041015625,12192700
2020-02-24,132.02000427246094,132.16000366210938,131.75999450683594,131.77000427246094,104.05681610107422,17894700
2020-02-25,131.89999389648438,132.1999969482422,131.75,131.89999389648438,104.159423828125,19930500
2020-02-26,131.5,132.0399932861328,131.39999389648438,131.41000366210938,103.77251434326172,23073400
2020-02-27,131.6300048828125,131.89999389648438,130.69000244140625,130.7100067138672,103.2197265625,29687900
2020-02-28,131.00999450683594,132.2899932861328,130.75999450683594,132.17999267578125,104.38054656982422,25073300
2020-03-02,131.8699951171875,132.50999450683594,131.60000610351562,131.6999969482422,104.2768325805664,15922600
2020-03-03,131.8300018310547,133.99000549316406,131.75,133.1999969482422,105.46450805664062,39141000
2020-03-04,133.61000061035156,134.05999755859375,133.25,133.38999938964844,105.61494445800781,23702000
2020-03-05,133.72000122070312,133.8699951171875,133.05999755859375,133.33999633789062,105.57533264160156,22089500
2020-03-06,134.1999969482422,134.52999877929688,133.49000549316406,134.27000427246094,106.31167602539062,30099900
2020-03-09,131.2899932861328,133.22000122070312,130.35000610351562,131.00999450683594,103.73052978515625,27166000
2020-03-10,130.91000366210938,131.36000061035156,128.05999755859375,128.05999755859375,101.3947525024414,30024700
2020-03-11,128.0800018310547,128.27000427246094,123.19999694824219,123.8499984741211,98.06138610839844,37310300
2020-03-12,121.43000030517578,125.80000305175781,115.72000122070312,117.94000244140625,93.38200378417969,41021400
2020-03-13,121.48999786376953,124.0,119.23999786376953,123.05000305175781,97.4280014038086,33470600
2020-03-16,116.31999969482422,122.05000305175781,115.20999908447266,121.30000305175781,96.04235076904297,19928900
2020-03-17,119.44999694824219,121.05000305175781,115.38999938964844,116.33000183105469,92.10726928710938,19074000
2020-03-18,112.72000122070312,114.70999908447266,108.31999969482422,110.51000213623047,87.4991226196289,23808700
2020-03-19,109.08000183105469,110.0,104.94999694824219,105.05000305175781,83.17604064941406,29077100
2020-03-20,108.87000274658203,110.63999938964844,105.80000305175781,106.73999786376953,84.5141372680664,29390100
2020-03-23,111.06999969482422,115.13999938964844,110.83000183105469,114.62999725341797,90.76119995117188,36918800
2020-03-24,115.54000091552734,118.72000122070312,114.8499984741211,116.9800033569336,92.62188720703125,43049700
2020-03-25,117.88999938964844,123.5999984741211,117.19000244140625,122.58000183105469,97.05583953857422,45181000
2020-03-26,122.5,123.33000183105469,121.25,122.68000030517578,97.13502502441406,21893500
2020-03-27,121.58000183105469,122.62000274658203,120.55999755859375,122.43000030517578,96.93705749511719,27730300
2020-03-30,122.83999633789062,125.0,122.83999633789062,123.91999816894531,98.11682891845703,19272700
2020-03-31,124.08999633789062,124.91000366210938,122.98999786376953,123.51000213623047,97.7922134399414,23901400
2020-04-01,122.55000305175781,122.5999984741211,121.31999969482422,121.41000366210938,96.37135314941406,21859400
2020-04-02,121.66000366210938,123.5,121.51000213623047,121.7300033569336,96.6253433227539,22929500
2020-04-03,122.0199966430664,122.23999786376953,120.68000030517578,121.0999984741211,96.12525939941406,10754100
2020-04-06,122.62999725341797,123.5,122.2300033569336,123.48999786376953,98.02238464355469,15631800
2020-04-07,124.30000305175781,124.4800033569336,123.47000122070312,123.68000030517578,98.1731948852539,17457700
2020-04-08,124.33000183105469,126.01000213623047,123.87999725341797,125.91000366210938,99.94327545166016,15484100
2020-04-09,129.41000366210938,132.0,129.10000610351562,131.8300018310547,104.64240264892578,53580000
2020-04-13,131.19000244140625,131.4600067138672,129.80999755859375,130.5500030517578,103.62640380859375,20599800
2020-04-14,131.39999389648438,131.5,129.83999633789062,129.91000366210938,103.11837005615234,14791600
2020-04-15,129.39999389648438,130.8800048828125,129.39999389648438,130.77999877929688,103.80895233154297,13687800
2020-04-16,130.6199951171875,131.07000732421875,130.0399932861328,130.1300048828125,103.29303741455078,12582100
2020-04-17,131.3300018310547,131.47000122070312,129.94000244140625,130.55999755859375,103.63431549072266,11187900
2020-04-20,130.02999877929688,130.1300048828125,129.22999572753906,129.82000732421875,103.04693603515625,12057500
2020-04-21,129.6999969482422,130.1300048828125,128.69000244140625,129.36000061035156,102.6817855834961,16146000
2020-04-22,129.36000061035156,129.60000610351562,128.91000366210938,129.44000244140625,102.74533081054688,19956600
2020-04-23,129.9199981689453,130.24000549316406,129.6999969482422,129.99000549316406,103.1818618774414,5833400
2020-04-24,129.77999877929688,130.1999969482422,129.2100067138672,129.89999389648438,103.11043548583984,14985500
2020-04-27,129.97999572753906,130.10000610351562,128.82000732421875,128.85000610351562,102.2770004272461,11794700
2020-04-28,129.39999389648438,129.55999755859375,129.07000732421875,129.1999969482422,102.5548095703125,9232900
2020-04-29,129.83999633789062,130.22999572753906,129.6999969482422,130.0500030517578,103.22949981689453,7399100
2020-04-30,129.72999572753906,130.14999389648438,129.11000061035156,129.1699981689453,102.53099822998047,14583200
2020-05-01,128.6999969482422,128.94000244140625,127.83000183105469,128.33999633789062,102.12516021728516,15442300
2020-05-04,128.52999877929688,128.9499969482422,128.36000061035156,128.5399932861328,102.28430938720703,9466700
2020-05-05,128.38999938964844,128.72000122070312,128.16000366210938,128.3699951171875,102.14901733398438,7268800
2020-05-06,127.88999938964844,127.94999694824219,126.70999908447266,126.93000030517578,101.00318145751953,10662900
2020-05-07,127.29000091552734,127.5,126.88999938964844,127.2699966430664,101.27374267578125,11194300
2020-05-08,126.81999969482422,127.08000183105469,126.37000274658203,126.66000366210938,100.7883071899414,12286700
2020-05-11,126.37999725341797,126.52999877929688,125.5199966430664,125.55000305175781,99.90509033203125,12334800
2020-05-12,127.16999816894531,127.19999694824219,126.19000244140625,126.76000213623047,100.867919921875,18760500
2020-05-13,127.29000091552734,127.55999755859375,126.94000244140625,127.05000305175781,101.09867095947266,13404100
2020-05-14,127.5,128.1199951171875,127.0,128.10000610351562,101.9342041015625,16978300
2020-05-15,128.10000610351562,128.61000061035156,127.97000122070312,128.5500030517578,102.29228210449219,17987400
2020-05-18,128.86000061035156,130.0,128.86000061035156,129.27999877929688,102.87311553955078,15299000
2020-05-19,129.3300018310547,129.66000366210938,128.89999389648438,129.3800048828125,102.9527359008789,13529000
2020-05-20,129.75999450683594,130.86000061035156,129.64999389648438,130.8000030517578,104.08265686035156,15068200
2020-05-21,130.99000549316406,131.0,130.5500030517578,130.6999969482422,104.0030746459961,11059200
2020-05-22,130.72000122070312,130.97999572753906,130.52000427246094,130.6999969482422,104.0030746459961,12546900
2020-05-26,130.9199981689453,131.14999389648438,130.47000122070312,130.52000427246094,103.8598861694336,12864900
2020-05-27,130.92999267578125,131.11000061035156,130.6999969482422,131.05999755859375,104.28958129882812,10204500
2020-05-28,130.92999267578125,131.3800048828125,130.60000610351562,131.1699981689453,104.37709045410156,12360900
2020-05-29,131.36000061035156,132.0399932861328,131.16000366210938,132.02000427246094,105.05350494384766,14092500
2020-06-01,131.39999389648438,131.64999389648438,131.25,131.63999938964844,105.0072250366211,15415500
2020-06-02,131.82000732421875,132.30999755859375,131.72999572753906,132.05999755859375,105.3422622680664,11585400
2020-06-03,132.07000732421875,132.27999877929688,131.60000610351562,131.97999572753906,105.27842712402344,15198200
2020-06-04,132.13999938964844,132.3000030517578,131.5,131.5800018310547,104.9593734741211,9777400
2020-06-05,132.08999633789062,132.4499969482422,131.5,132.25999450683594,105.50175476074219,22147400
2020-06-08,132.49000549316406,132.9199981689453,132.30999755859375,132.6999969482422,105.85277557373047,15872100
2020-06-09,132.77000427246094,132.85000610351562,132.35000610351562,132.4199981689453,105.62939453125,17982200
2020-06-10,132.66000366210938,133.50999450683594,132.10000610351562,133.2899932861328,106.3233413696289,16866200
2020-06-11,132.58999633789062,132.80999755859375,131.1300048828125,131.6999969482422,105.05506134033203,28279600
2020-06-12,132.72999572753906,132.97000122070312,131.7899932861328,132.33999633789062,105.56558990478516,16202800
2020-06-15,131.88999938964844,134.8300018310547,131.82000732421875,134.22000122070312,107.06523132324219,24006200
2020-06-16,134.88999938964844,134.89999389648438,133.47999572753906,133.85000610351562,106.77009582519531,16299500
2020-06-17,134.0,134.11000061035156,132.80999755859375,133.58999633789062,106.56270599365234,20132900
2020-06-18,133.6199951171875,133.9199981689453,133.36000061035156,133.88999938964844,106.80200958251953,9306600
2020-06-19,133.9600067138672,134.1999969482422,133.6300048828125,133.99000549316406,106.88179016113281,13741400
2020-06-22,133.99000549316406,134.30999755859375,133.60000610351562,133.86000061035156,106.77806091308594,10134000
2020-06-23,133.6999969482422,134.07000732421875,133.55999755859375,133.61000061035156,106.57867431640625,9381300
2020-06-24,133.33999633789062,133.39999389648438,132.6999969482422,133.24000549316406,106.28356170654297,12357300
2020-06-25,133.3699951171875,133.49000549316406,133.0800018310547,133.3800048828125,106.39523315429688,19115300
2020-06-26,133.39999389648438,133.60000610351562,133.14999389648438,133.5,106.49092102050781,7304900
2020-06-29,133.50999450683594,134.1199951171875,133.17999267578125,134.1199951171875,106.9854736328125,10954600
2020-06-30,134.30999755859375,134.52999877929688,133.82000732421875,134.5,107.28861236572266,11599000
2020-07-01,134.14999389648438,134.94000244140625,133.8800048828125,134.72000122070312,107.71238708496094,11872500
2020-07-02,134.9600067138672,135.11000061035156,134.7899932861328,135.0500030517578,107.97618103027344,9733200
2020-07-06,135.16000366210938,135.50999450683594,134.9600067138672,135.39999389648438,108.25597381591797,12706800
2020-07-07,135.39999389648438,135.67999267578125,135.22999572753906,135.5800018310547,108.3999252319336,11645100
2020-07-08,135.6699981689453,135.7100067138672,135.22999572753906,135.36000061035156,108.22401428222656,10033100
2020-07-09,135.63999938964844,136.25,135.4199981689453,136.1199951171875,108.83171081542969,9809000
2020-07-10,136.30999755859375,136.4199981689453,135.67999267578125,135.8699951171875,108.63179016113281,9043100
2020-07-13,135.88999938964844,136.0800018310547,135.42999267578125,135.50999450683594,108.34396362304688,22457200
2020-07-14,135.85000610351562,136.44000244140625,135.8000030517578,136.3000030517578,108.97559356689453,12505600
2020-07-15,136.47999572753906,136.5800018310547,136.24000549316406,136.57000732421875,109.19147491455078,8815600
2020-07-16,136.72000122070312,137.02999877929688,136.60000610351562,136.9499969482422,109.49530029296875,7761800
2020-07-17,137.32000732421875,137.41000366210938,136.94000244140625,137.32000732421875,109.79112243652344,6078400
2020-07-20,137.6199951171875,137.6999969482422,137.39999389648438,137.6999969482422,110.0949478149414,7244300
2020-07-21,137.9199981689453,138.10000610351562,137.77999877929688,137.8800048828125,110.23882293701172,7712300
2020-07-22,138.27999877929688,138.33999633789062,138.10000610351562,138.3300018310547,110.59867095947266,6229900
2020-07-23,138.47000122070312,138.52000427246094,138.1699981689453,138.42999267578125,110.6785659790039,9544200
2020-07-24,138.1699981689453,138.38999938964844,137.9499969482422,138.1199951171875,110.43070983886719,9106500
2020-07-27,138.19000244140625,138.2899932861328,137.61000061035156,137.6999969482422,110.0949478149414,6347600
2020-07-28,137.9199981689453,137.99000549316406,137.50999450683594,137.55999755859375,109.98299407958984,12922600
2020-07-29,137.69000244140625,138.30999755859375,137.57000732421875,138.30999755859375,110.58267211914062,7625100
2020-07-30,138.22999572753906,138.30999755859375,137.9600067138672,138.16000366210938,110.46277618408203,8939900
2020-07-31,138.13999938964844,138.4600067138672,137.92999267578125,138.35000610351562,110.61466979980469,11788700
2020-08-03,137.9499969482422,138.33999633789062,137.80999755859375,138.24000549316406,110.76287841796875,10915900
2020-08-04,138.49000549316406,138.75,138.41000366210938,138.75,111.1715087890625,10101900
2020-08-05,138.5399932861328,138.8000030517578,138.42999267578125,138.55999755859375,111.01923370361328,11602000
2020-08-06,138.99000549316406,139.25999450683594,138.92999267578125,139.14999389648438,111.49200439453125,8067800
2020-08-07,139.2899932861328,139.3800048828125,138.72000122070312,138.75999450683594,111.17950439453125,7405300
2020-08-10,138.97999572753906,138.99000549316406,138.41000366210938,138.4600067138672,110.93912506103516,6137100
2020-08-11,138.0,138.08999633789062,137.49000549316406,137.58999633789062,110.24205017089844,12870500
2020-08-12,137.5,137.72999572753906,137.10000610351562,137.25,109.96963500976562,11902600
2020-08-13,137.14999389648438,137.22999572753906,135.75,136.00999450683594,108.97610473632812,20754500
2020-08-14,135.85000610351562,136.1199951171875,135.27999877929688,135.41000366210938,108.49535369873047,12409100
2020-08-17,135.75,135.9199981689453,135.57000732421875,135.69000244140625,108.71971130371094,9522800
2020-08-18,135.86000061035156,136.24000549316406,135.74000549316406,136.0800018310547,109.0322036743164,12198000
2020-08-19,136.27999877929688,136.35000610351562,135.60000610351562,135.72000122070312,108.74372863769531,12168600
2020-08-20,136.24000549316406,136.35000610351562,136.02000427246094,136.1999969482422,109.12834930419922,12065300
2020-08-21,136.27999877929688,136.49000549316406,135.97999572753906,136.4499969482422,109.32867431640625,6353900
2020-08-24,136.4600067138672,136.6699981689453,136.1199951171875,136.2100067138672,109.13633728027344,13093400
2020-08-25,135.7100067138672,136.0,135.22999572753906,135.6199951171875,108.66364288330078,12191100
2020-08-26,135.39999389648438,135.67999267578125,135.1300048828125,135.6699981689453,108.70368957519531,6259000
2020-08-27,135.86000061035156,135.88999938964844,134.55999755859375,134.58999633789062,107.83834838867188,12251100
2020-08-28,134.8300018310547,135.07000732421875,134.6199951171875,135.0,108.16686248779297,7907500
2020-08-31,135.1199951171875,135.7899932861328,135.05999755859375,135.60000610351562,108.6476058959961,11874000
2020-09-01,135.25,136.1999969482422,135.10000610351562,136.16000366210938,109.33415985107422,13289900
2020-09-02,136.0500030517578,136.80999755859375,136.0,136.6999969482422,109.76776885986328,14236600
2020-09-03,136.8699951171875,136.89999389648438,136.3300018310547,136.39999389648438,109.52684783935547,16452600
2020-09-04,136.00999450683594,136.1199951171875,134.8699951171875,134.9499969482422,108.36251831054688,13177800
2020-09-08,135.13999938964844,135.42999267578125,134.99000549316406,135.0800018310547,108.46693420410156,13932300
2020-09-09,135.11000061035156,135.69000244140625,135.00999450683594,135.1699981689453,108.53923034667969,11640000
2020-09-10,135.0500030517578,135.4199981689453,134.8800048828125,135.27000427246094,108.61949157714844,12624700
2020-09-11,135.3300018310547,135.60000610351562,135.17999267578125,135.3699951171875,108.69978332519531,9773000
2020-09-14,135.60000610351562,135.97999572753906,135.5800018310547,135.7100067138672,108.97279357910156,13896200
2020-09-15,135.74000549316406,135.99000549316406,135.72999572753906,135.86000061035156,109.0932388305664,9388500
2020-09-16,136.1699981689453,136.27000427246094,135.75999450683594,135.9499969482422,109.16553497314453,8868200
2020-09-17,136.27000427246094,136.3000030517578,135.7899932861328,135.97999572753906,109.18962860107422,12190400
2020-09-18,136.05999755859375,136.1199951171875,135.69000244140625,135.72999572753906,108.98885345458984,9968000
2020-09-21,135.97000122070312,135.97000122070312,135.47000122070312,135.60000610351562,108.88446807861328,12081100
2020-09-22,135.7100067138672,135.8000030517578,135.52000427246094,135.67999267578125,108.94872283935547,8295900
2020-09-23,135.66000366210938,135.72999572753906,134.6199951171875,134.6999969482422,108.16178131103516,17759900
2020-09-24,134.67999267578125,134.80999755859375,134.22999572753906,134.36000061035156,107.8888168334961,20595000
2020-09-25,134.27999877929688,134.4499969482422,134.0399932861328,134.22000122070312,107.7763442993164,9793100
2020-09-28,134.52000427246094,134.9199981689453,134.38999938964844,134.89999389648438,108.32238006591797,8579500
2020-09-29,135.05999755859375,135.17999267578125,134.7100067138672,134.72999572753906,108.18586730957031,8428600
2020-09-30,134.64999389648438,134.7899932861328,134.4199981689453,134.7100067138672,108.16983032226562,11634700
2020-10-01,134.25999450683594,134.92999267578125,134.2100067138672,134.7899932861328,108.4708023071289,12642600
2020-10-02,134.66000366210938,134.88999938964844,134.39999389648438,134.80999755859375,108.48686981201172,10829600
2020-10-05,134.49000549316406,134.75999450683594,134.32000732421875,134.36000061035156,108.12479400634766,10078700
2020-10-06,134.4499969482422,134.9499969482422,133.9499969482422,134.25,108.03624725341797,22370600
2020-10-07,134.25999450683594,134.74000549316406,134.11000061035156,134.2899932861328,108.06839752197266,14745500
2020-10-08,134.66000366210938,134.85000610351562,134.50999450683594,134.6199951171875,108.3340072631836,12101600
2020-10-09,134.52000427246094,134.97999572753906,134.4499969482422,134.92999267578125,108.58345794677734,9979700
2020-10-12,135.11000061035156,135.75,135.10000610351562,135.7100067138672,109.21114349365234,5465400
2020-10-13,135.6699981689453,135.7899932861328,135.38999938964844,135.5800018310547,109.1065444946289,9228200
2020-10-14,135.7899932861328,135.89999389648438,135.5,135.7100067138672,109.21114349365234,12994600
2020-10-15,135.6999969482422,135.75999450683594,135.49000549316406,135.57000732421875,109.09848022460938,13255900
2020-10-16,135.50999450683594,135.8699951171875,135.32000732421875,135.33999633789062,108.91340637207031,8742400
2020-10-19,135.25,135.32000732421875,135.00999450683594,135.0800018310547,108.70417785644531,8634500
2020-10-20,134.97999572753906,135.00999450683594,134.77000427246094,134.8000030517578,108.47882843017578,13413100
2020-10-21,134.58999633789062,134.8800048828125,134.5399932861328,134.5800018310547,108.30178833007812,8890100
2020-10-22,134.5,134.5399932861328,134.16000366210938,134.27999877929688,108.0604019165039,9661800
2020-10-23,134.30999755859375,134.72999572753906,134.2899932861328,134.6199951171875,108.3340072631836,12010800
2020-10-26,134.77999877929688,135.00999450683594,134.72000122070312,134.89999389648438,108.55931091308594,9776600
2020-10-27,135.07000732421875,135.4600067138672,135.00999450683594,135.4499969482422,109.00193786621094,7023800
2020-10-28,135.41000366210938,135.47999572753906,134.74000549316406,134.77999877929688,108.46275329589844,13578300
2020-10-29,134.8000030517578,134.8000030517578,134.0800018310547,134.42999267578125,108.18107604980469,14744600
2020-10-30,134.27000427246094,134.5399932861328,133.72000122070312,133.72999572753906,107.61778259277344,19875600
2020-11-02,133.9600067138672,134.25,133.8800048828125,133.97000122070312,108.03954315185547,18496400
2020-11-03,133.91000366210938,134.13999938964844,133.77999877929688,134.10000610351562,108.1443862915039,11661900
2020-11-04,135.61000061035156,136.22999572753906,135.55999755859375,136.11000061035156,109.76532745361328,20019500
2020-11-05,136.5399932861328,136.82000732421875,136.35000610351562,136.6199951171875,110.1766357421875,14349900
2020-11-06,136.27000427246094,136.3300018310547,135.94000244140625,136.19000244140625,109.82988739013672,12029700
2020-11-09,136.19000244140625,136.3000030517578,135.13999938964844,135.16000366210938,108.99920654296875,21273800
2020-11-10,134.82000732421875,135.3699951171875,134.77000427246094,134.80999755859375,108.71693420410156,18849800
2020-11-11,135.0,135.08999633789062,134.7100067138672,135.05999755859375,108.9185562133789,3763300
2020-11-12,135.17999267578125,135.60000610351562,135.07000732421875,135.60000610351562,109.35406494140625,16891500
2020-11-13,135.77000427246094,135.94000244140625,135.6199951171875,135.75999450683594,109.48306274414062,8256800
2020-11-16,135.8000030517578,136.25,135.72999572753906,136.1999969482422,109.83792114257812,12742500
2020-11-17,136.38999938964844,136.75999450683594,136.25999450683594,136.63999938964844,110.19278717041016,11832300
2020-11-18,136.83999633789062,137.0800018310547,136.77999877929688,136.92999267578125,110.42658996582031,11878400
2020-11-19,137.1999969482422,137.85000610351562,137.11000061035156,137.69000244140625,111.03954315185547,16107800
2020-11-20,137.39999389648438,137.75,137.1699981689453,137.57000732421875,110.94273376464844,18308400
2020-11-23,137.6699981689453,137.80999755859375,137.5500030517578,137.74000549316406,111.07982635498047,8648500
2020-11-24,137.6999969482422,137.77999877929688,137.39999389648438,137.42999267578125,110.82987976074219,11204400
2020-11-25,137.60000610351562,137.6300048828125,137.3800048828125,137.50999450683594,110.89437866210938,6709800
2020-11-27,137.82000732421875,138.07000732421875,137.75,138.0,111.28953552246094,3404800
2020-11-30,138.10000610351562,138.52000427246094,137.9499969482422,138.47999572753906,111.6766128540039,11856200
2020-12-01,138.0500030517578,138.27000427246094,137.47999572753906,137.67999267578125,111.2531967163086,18933600
2020-12-02,137.4600067138672,137.5,136.97999572753906,137.22000122070312,110.88148498535156,15637700
2020-12-03,137.64999389648438,138.02999877929688,137.47999572753906,137.75999450683594,111.31783294677734,18888700
2020-12-04,137.13999938964844,137.33999633789062,136.83999633789062,137.0,110.70378112792969,12521200
2020-12-07,137.33999633789062,137.49000549316406,137.07000732421875,137.1199951171875,110.8006591796875,16697300
2020-12-08,137.3699951171875,137.4499969482422,136.89999389648438,136.9600067138672,110.6713638305664,12797700
2020-12-09,136.60000610351562,136.60000610351562,136.1199951171875,136.4600067138672,110.26737976074219,20824700
2020-12-10,136.57000732421875,137.16000366210938,136.55999755859375,137.13999938964844,110.81684112548828,13527600
2020-12-11,137.13999938964844,137.30999755859375,136.9199981689453,137.27999877929688,110.92996215820312,9023000
2020-12-14,136.97999572753906,137.32000732421875,136.8699951171875,137.17999267578125,110.84915161132812,8004000
2020-12-15,137.1699981689453,137.47999572753906,137.08999633789062,137.4499969482422,111.06733703613281,12254500
2020-12-16,137.1699981689453,137.61000061035156,136.8800048828125,137.33999633789062,110.97845458984375,12326000
2020-12-17,137.52000427246094,137.5800018310547,136.97000122070312,137.25999450683594,111.14039611816406,12338800
2020-12-18,137.47999572753906,137.52000427246094,137.00999450683594,137.16000366210938,111.05945587158203,8781900
2020-12-21,137.1300048828125,137.13999938964844,136.6699981689453,136.88999938964844,110.84078979492188,11925000
2020-12-22,137.19000244140625,137.2899932861328,136.99000549316406,137.27000427246094,111.14848327636719,10226800
2020-12-23,136.9199981689453,137.32000732421875,136.64999389648438,137.3000030517578,111.17279815673828,7553100
2020-12-24,137.47999572753906,137.8300018310547,137.47999572753906,137.77000427246094,111.55335998535156,3397000
2020-12-28,137.57000732421875,137.89999389648438,137.5,137.86000061035156,111.62623596191406,6279200
2020-12-29,137.61000061035156,137.92999267578125,137.60000610351562,137.9199981689453,111.67481231689453,6581800
2020-12-30,137.88999938964844,138.11000061035156,137.7899932861328,138.10000610351562,111.82050323486328,5343100
2020-12-31,138.0399932861328,138.22000122070312,137.9600067138672,138.1300048828125,111.84481811523438,6932300
2021-01-04,137.88999938964844,137.88999938964844,137.3800048828125,137.42999267578125,111.27806091308594,14891400
2021-01-05,137.05999755859375,137.05999755859375,136.5500030517578,136.99000549316406,110.92180633544922,16294400
2021-01-06,135.77999877929688,135.97999572753906,135.39999389648438,135.8800048828125,110.02301025390625,19136500
2021-01-07,135.55999755859375,135.9499969482422,135.5399932861328,135.86000061035156,110.00678253173828,11886100
2021-01-08,135.77999877929688,135.88999938964844,135.4499969482422,135.75999450683594,109.92581176757812,13341400
2021-01-11,135.49000549316406,135.49000549316406,135.1699981689453,135.17999267578125,109.45623016357422,7557700
2021-01-12,135.11000061035156,135.5399932861328,134.74000549316406,135.47000122070312,109.69097900390625,16766200
2021-01-13,135.75999450683594,136.63999938964844,135.72999572753906,136.52000427246094,110.54119110107422,16490700
2021-01-14,136.5500030517578,136.6300048828125,135.83999633789062,135.92999267578125,110.0634765625,22050500
2021-01-15,136.24000549316406,136.50999450683594,136.0399932861328,136.13999938964844,110.23351287841797,13680700
2021-01-19,136.08999633789062,136.47999572753906,136.0500030517578,136.3800048828125,110.42784118652344,12807500
2021-01-20,136.35000610351562,136.50999450683594,136.27000427246094,136.33999633789062,110.39546966552734,12218400
2021-01-21,135.77000427246094,135.92999267578125,135.60000610351562,135.8000030517578,109.95824432373047,25084300
2021-01-22,135.75999450683594,135.91000366210938,135.60000610351562,135.6999969482422,109.87726593017578,15998800
2021-01-25,135.9499969482422,136.3699951171875,135.92999267578125,136.27999877929688,110.34685516357422,14603700
2021-01-26,136.02000427246094,136.4499969482422,135.9600067138672,136.27000427246094,110.33880615234375,11926900
2021-01-27,136.4199981689453,136.44000244140625,135.97999572753906,136.02999877929688,110.14440155029297,13822700
2021-01-28,136.0399932861328,136.17999267578125,135.75999450683594,135.80999755859375,109.96631622314453,16896900
2021-01-29,135.4199981689453,135.89999389648438,134.9600067138672,135.60000610351562,109.79627990722656,18131600
2021-02-01,135.3699951171875,135.6999969482422,135.30999755859375,135.60000610351562,110.01290130615234,10682300
2021-02-02,135.2100067138672,135.36000061035156,135.0399932861328,135.24000549316406,109.7208480834961,12710600
2021-02-03,135.0,135.0800018310547,134.8699951171875,134.9199981689453,109.461181640625,13189600
2021-02-04,134.80999755859375,135.22000122070312,134.6300048828125,135.14999389648438,109.64778900146484,10689500
2021-02-05,135.24000549316406,135.3800048828125,134.72000122070312,134.7899932861328,109.35572814941406,12016300
2021-02-08,134.92999267578125,135.41000366210938,134.8699951171875,135.3699951171875,109.82628631591797,13460300
2021-02-09,135.47000122070312,135.49000549316406,134.8800048828125,135.16000366210938,109.65592193603516,11755100
2021-02-10,135.3800048828125,135.5500030517578,135.2899932861328,135.47999572753906,109.91556549072266,9414500
2021-02-11,135.5399932861328,135.55999755859375,135.0399932861328,135.1199951171875,109.62346649169922,9241100
2021-02-12,134.61000061035156,134.94000244140625,134.57000732421875,134.67999267578125,109.26647186279297,13717100
2021-02-16,134.02000427246094,134.2899932861328,133.7100067138672,133.72999572753906,108.49574279785156,21429200
2021-02-17,134.33999633789062,134.42999267578125,134.02999877929688,134.39999389648438,109.03929901123047,16195400
2021-02-18,134.1300048828125,134.35000610351562,133.83999633789062,134.13999938964844,108.828369140625,15414100
2021-02-19,133.7899932861328,133.89999389648438,133.14999389648438,133.1699981689453,108.04144287109375,13678500
2021-02-22,132.94000244140625,133.22000122070312,132.25,132.33999633789062,107.36804962158203,17978100
2021-02-23,131.91000366210938,132.47000122070312,131.75999450683594,132.44000244140625,107.44918823242188,23482500
2021-02-24,131.63999938964844,132.6699981689453,131.35000610351562,132.63999938964844,107.61143493652344,18120000
2021-02-25,131.72999572753906,131.91000366210938,129.77999877929688,130.5399932861328,105.90768432617188,35471200
2021-02-26,131.44000244140625,132.32000732421875,130.99000549316406,132.27000427246094,107.31123352050781,23284400
2021-03-01,131.63999938964844,132.1699981689453,131.63999938964844,132.1300048828125,107.41610717773438,23890800
2021-03-02,132.10000610351562,132.11000061035156,131.77000427246094,131.97999572753906,107.2941665649414,13633400
2021-03-03,131.2899932861328,131.85000610351562,130.94000244140625,131.0,106.49748992919922,24043300
2021-03-04,131.0500030517578,131.16000366210938,129.80999755859375,129.92999267578125,105.62764739990234,21771800
2021-03-05,129.58999633789062,129.92999267578125,129.27000427246094,129.75999450683594,105.48941802978516,23789400
2021-03-08,129.52999877929688,129.6199951171875,128.52999877929688,128.5500030517578,104.5057373046875,15029200
2021-03-09,129.2100067138672,129.6199951171875,129.16000366210938,129.52000427246094,105.29430389404297,21900300
2021-03-10,129.7100067138672,130.2899932861328,129.7100067138672,130.1300048828125,105.79022216796875,19440400
2021-03-11,130.2899932861328,130.5500030517578,130.05999755859375,130.2100067138672,105.85527801513672,20622100
2021-03-12,129.1300048828125,129.2899932861328,128.66000366210938,128.7100067138672,104.63582611083984,14352000
2021-03-15,128.8300018310547,129.27999877929688,128.8300018310547,129.14999389648438,104.99349975585938,10111200
2021-03-16,129.2100067138672,129.38999938964844,128.8699951171875,129.05999755859375,104.92033386230469,11356900
2021-03-17,128.47999572753906,129.4600067138672,128.30999755859375,129.17999267578125,105.01790618896484,19086100
2021-03-18,128.00999450683594,128.6199951171875,127.91000366210938,128.44000244140625,104.41632843017578,21368700
2021-03-19,128.42999267578125,128.72000122070312,128.24000549316406,128.6300048828125,104.5707778930664,19776100
2021-03-22,129.05999755859375,129.4600067138672,128.92999267578125,129.08999633789062,104.94474029541016,16677200
2021-03-23,129.08999633789062,129.58999633789062,129.08999633789062,129.47000122070312,105.25365447998047,32228000
2021-03-24,129.2100067138672,129.9199981689453,129.2100067138672,129.86000061035156,105.57069396972656,13435400
2021-03-25,129.92999267578125,130.02000427246094,129.4499969482422,129.7100067138672,105.44878387451172,12945900
2021-03-26,129.4499969482422,129.82000732421875,129.3300018310547,129.6199951171875,105.3756103515625,14315000
2021-03-29,129.6699981689453,129.7100067138672,129.11000061035156,129.30999755859375,105.12356567382812,11279900
2021-03-30,129.25999450683594,129.7899932861328,128.97999572753906,129.7100067138672,105.44878387451172,20219000
2021-03-31,129.91000366210938,130.3800048828125,129.8300018310547,130.0500030517578,105.72517395019531,23764600
2021-04-01,130.4600067138672,130.64999389648438,130.14999389648438,130.61000061035156,106.38822937011719,16390900
2021-04-05,130.19000244140625,130.3000030517578,129.9199981689453,129.97000122070312,105.86690521240234,17015500
2021-04-06,130.16000366210938,130.8800048828125,130.16000366210938,130.83999633789062,106.57556915283203,15762000
2021-04-07,130.7899932861328,130.9199981689453,130.41000366210938,130.5800018310547,106.36376190185547,10976500
2021-04-08,130.75,131.0800018310547,130.6699981689453,131.05999755859375,106.7547607421875,7452800
2021-04-09,130.63999938964844,131.10000610351562,130.5399932861328,130.7899932861328,106.53485107421875,7568300
2021-04-12,130.6999969482422,130.77000427246094,130.52000427246094,130.75999450683594,106.51041412353516,10579800
2021-04-13,130.61000061035156,131.35000610351562,130.55999755859375,131.33999633789062,106.9828109741211,9582100
2021-04-14,131.16000366210938,131.2899932861328,130.94000244140625,131.16000366210938,106.8362045288086,10219300
2021-04-15,131.66000366210938,132.32000732421875,131.64999389648438,131.97000122070312,107.49600219726562,17234400
2021-04-16,131.27999877929688,131.67999267578125,131.0500030517578,131.07000732421875,106.76290130615234,21100200
2021-04-19,130.77999877929688,130.89999389648438,130.6300048828125,130.72999572753906,106.48595428466797,10868200
2021-04-20,130.69000244140625,131.19000244140625,130.64999389648438,130.97999572753906,106.6895980834961,11996200
2021-04-21,131.05999755859375,131.42999267578125,130.89999389648438,131.42999267578125,107.05616760253906,10473600
2021-04-22,131.5500030517578,131.6699981689453,131.25999450683594,131.55999755859375,107.16204071044922,16487100
2021-04-23,131.72000122070312,131.88999938964844,131.49000549316406,131.6699981689453,107.25160217285156,15170600
2021-04-26,131.6999969482422,131.8800048828125,131.58999633789062,131.61000061035156,107.2027587890625,10915200
2021-04-27,131.60000610351562,131.63999938964844,131.02000427246094,131.02000427246094,106.7221908569336,10418200
2021-04-28,131.00999450683594,131.11000061035156,130.5800018310547,131.0399932861328,106.73841094970703,15731100
2021-04-29,130.6699981689453,130.92999267578125,130.36000061035156,130.8800048828125,106.60816192626953,11697300
2021-04-30,130.9600067138672,131.24000549316406,130.8699951171875,131.14999389648438,106.82804870605469,11860200
2021-05-03,131.1300048828125,131.42999267578125,130.8699951171875,131.2100067138672,107.08516693115234,9029900
2021-05-04,131.47999572753906,131.61000061035156,131.08999633789062,131.2899932861328,107.15045928955078,14006800
2021-05-05,131.1199951171875,131.5,131.1199951171875,131.4499969482422,107.28099822998047,5722300
2021-05-06,131.5,131.75999450683594,131.3699951171875,131.6999969482422,107.48505401611328,9383600
2021-05-07,132.0800018310547,132.33999633789062,131.52999877929688,131.75,107.52586364746094,11267200
2021-05-10,131.52000427246094,131.77000427246094,131.02999877929688,131.0399932861328,106.94635772705078,9705000
2021-05-11,130.5399932861328,130.7899932861328,130.4199981689453,130.55999755859375,106.5546646118164,12179400
2021-05-12,130.1300048828125,130.30999755859375,129.77999877929688,129.85000610351562,105.9752197265625,12569900
2021-05-13,130.1300048828125,130.5399932861328,130.1300048828125,130.33999633789062,106.37510681152344,9508200
2021-05-14,130.82000732421875,131.0800018310547,130.6699981689453,131.0500030517578,106.95458984375,8987200
2021-05-17,131.0500030517578,131.05999755859375,130.82000732421875,130.89999389648438,106.8321533203125,6001600
2021-05-18,130.6699981689453,130.72999572753906,130.4499969482422,130.47000122070312,106.48124694824219,8835300
2021-05-19,130.36000061035156,130.67999267578125,129.97999572753906,130.24000549316406,106.29350280761719,20069600
2021-05-20,130.63999938964844,131.1699981689453,130.63999938964844,131.1300048828125,107.01985168457031,10498100
2021-05-21,131.32000732421875,131.4199981689453,131.08999633789062,131.22000122070312,107.09330749511719,7826100
2021-05-24,131.5,131.64999389648438,131.36000061035156,131.5800018310547,107.38713836669922,5756400
2021-05-25,131.67999267578125,132.11000061035156,131.66000366210938,132.07000732421875,107.78701782226562,11428000
2021-05-26,131.8800048828125,132.1300048828125,131.74000549316406,132.0,107.72990417480469,28568500
2021-05-27,131.80999755859375,131.82000732421875,131.02000427246094,131.60000610351562,107.4034423828125,15033000
2021-05-28,131.69000244140625,132.05999755859375,131.66000366210938,131.7100067138672,107.49320220947266,10432400
2021-06-01,131.44000244140625,131.5,131.11000061035156,131.47000122070312,107.50713348388672,6390600
2021-06-02,131.55999755859375,131.75999450683594,131.5500030517578,131.67999267578125,107.6788330078125,8140400
2021-06-03,131.3000030517578,131.38999938964844,131.1300048828125,131.16000366210938,107.25364685058594,10028100
2021-06-04,131.58999633789062,132.10000610351562,131.5399932861328,132.08999633789062,108.0141372680664,11427200
2021-06-07,131.97000122070312,132.0500030517578,131.86000061035156,131.97999572753906,107.92415618896484,5000100
2021-06-08,132.32000732421875,132.52999877929688,132.32000732421875,132.47999572753906,108.3330307006836,10626800
2021-06-09,132.97999572753906,133.16000366210938,132.77999877929688,132.9600067138672,108.72557830810547,12152200
2021-06-10,132.74000549316406,133.57000732421875,132.63999938964844,133.55999755859375,109.2161865234375,16424100
2021-06-11,133.6699981689453,133.8000030517578,133.42999267578125,133.6699981689453,109.3061294555664,12707000
2021-06-14,133.49000549316406,133.50999450683594,133.0,133.17999267578125,108.90544891357422,8327200
2021-06-15,133.05999755859375,133.32000732421875,132.9600067138672,133.27999877929688,108.98722839355469,17848200
2021-06-16,133.44000244140625,133.7100067138672,132.52999877929688,132.89999389648438,108.67650604248047,22698500
2021-06-17,133.22000122070312,134.25999450683594,133.22000122070312,133.63999938964844,109.28163146972656,22735800
2021-06-18,133.88999938964844,134.57000732421875,133.77000427246094,134.33999633789062,109.85401916503906,21169700
2021-06-21,133.75,133.9199981689453,133.47000122070312,133.55999755859375,109.2161865234375,22492000
2021-06-22,133.1300048828125,133.7899932861328,133.11000061035156,133.77999877929688,109.39606475830078,12098400
2021-06-23,133.58999633789062,133.8000030517578,133.4499969482422,133.57000732421875,109.224365234375,12519100
2021-06-24,133.6999969482422,133.8800048828125,133.63999938964844,133.8300018310547,109.43696594238281,8241300
2021-06-25,133.83999633789062,133.92999267578125,133.13999938964844,133.47999572753906,109.1507797241211,10981600
2021-06-28,133.8000030517578,134.1199951171875,133.75999450683594,134.0500030517578,109.61687469482422,12359900
2021-06-29,133.80999755859375,134.22000122070312,133.77000427246094,134.2100067138672,109.74769592285156,11194400
2021-06-30,134.42999267578125,134.6199951171875,134.27000427246094,134.36000061035156,109.87037658691406,17381500
2021-07-01,134.0500030517578,134.16000366210938,133.74000549316406,133.99000549316406,109.7745361328125,11062700
2021-07-02,134.02999877929688,134.3800048828125,133.9499969482422,134.3699951171875,110.08586120605469,6896200
2021-07-06,134.52999877929688,135.17999267578125,134.52999877929688,134.86000061035156,110.4873046875,11499900
2021-07-07,135.1300048828125,135.5,134.97999572753906,135.32000732421875,110.86412811279297,16902400
2021-07-08,135.27000427246094,135.60000610351562,135.16000366210938,135.38999938964844,110.9215316772461,17494900
2021-07-09,134.8000030517578,134.8800048828125,134.72000122070312,134.82000732421875,110.45455169677734,13192600
2021-07-12,134.9499969482422,135.00999450683594,134.64999389648438,134.75,110.39717102050781,12577200
2021-07-13,134.89999389648438,134.9600067138672,134.02999877929688,134.25,109.98751831054688,19922400
2021-07-14,134.6300048828125,134.89999389648438,134.6199951171875,134.8699951171875,110.49549865722656,14420100
2021-07-15,135.22000122070312,135.2899932861328,134.77000427246094,135.16000366210938,110.73310852050781,15859100
2021-07-16,134.8000030517578,135.1300048828125,134.8000030517578,134.97000122070312,110.57740020751953,9624600
2021-07-19,135.64999389648438,136.0800018310547,135.58999633789062,135.94000244140625,111.37213134765625,21808500
2021-07-20,136.3699951171875,136.5399932861328,135.57000732421875,135.75,111.21642303466797,24764800
2021-07-21,135.24000549316406,135.44000244140625,135.02999877929688,135.27000427246094,110.82318115234375,22385000
2021-07-22,135.3800048828125,135.89999389648438,135.27000427246094,135.8300018310547,111.281982421875,6074900
2021-07-23,135.3000030517578,135.77999877929688,135.25,135.77000427246094,111.23279571533203,11455300
2021-07-26,135.88999938964844,135.88999938964844,135.3800048828125,135.47000122070312,110.987060546875,8684600
2021-07-27,135.94000244140625,136.0500030517578,135.6699981689453,136.0500030517578,111.46227264404297,10506100
2021-07-28,135.75999450683594,136.3000030517578,135.6300048828125,136.2899932861328,111.6588363647461,12225700
2021-07-29,135.8800048828125,136.00999450683594,135.77000427246094,135.89999389648438,111.33932495117188,15828800
2021-07-30,135.9600067138672,136.17999267578125,135.92999267578125,136.00999450683594,111.42945098876953,11148100
2021-08-02,135.9199981689453,136.50999450683594,135.85000610351562,136.16000366210938,111.75202178955078,12042700
2021-08-03,136.19000244140625,136.39999389648438,136.13999938964844,136.3000030517578,111.86692810058594,13121700
2021-08-04,136.6199951171875,136.77999877929688,135.72000122070312,136.3300018310547,111.89151000976562,14426200
2021-08-05,136.11000061035156,136.13999938964844,135.74000549316406,135.77000427246094,111.43189239501953,13960900
2021-08-06,134.99000549316406,135.16000366210938,134.63999938964844,134.66000366210938,110.52090454101562,8641500
2021-08-09,134.69000244140625,134.80999755859375,134.0800018310547,134.0800018310547,110.04485321044922,14166600
2021-08-10,134.24000549316406,134.25,133.77999877929688,133.77999877929688,109.79861450195312,12103500
2021-08-11,133.77999877929688,134.3300018310547,133.57000732421875,133.99000549316406,109.97101593017578,15902200
2021-08-12,134.0,134.2100067138672,133.8699951171875,134.17999267578125,110.12691497802734,14593200
2021-08-13,134.50999450683594,135.1199951171875,134.39999389648438,135.0800018310547,110.86560821533203,17846600
2021-08-16,135.41000366210938,135.66000366210938,135.1300048828125,135.16000366210938,110.9312973022461,15203000
2021-08-17,134.94000244140625,135.1300048828125,134.82000732421875,134.9199981689453,110.73428344726562,15055900
2021-08-18,134.92999267578125,135.11000061035156,134.60000610351562,134.8300018310547,110.66043090820312,9134600
2021-08-19,135.0399932861328,135.25,134.83999633789062,135.13999938964844,110.91483306884766,15681600
2021-08-20,135.2899932861328,135.38999938964844,135.0500030517578,135.22999572753906,110.98870849609375,10782100
2021-08-23,135.3300018310547,135.4600067138672,135.1999969482422,135.3300018310547,111.07078552246094,12064300
2021-08-24,135.1999969482422,135.3000030517578,134.91000366210938,135.02000427246094,110.8163833618164,13782900
2021-08-25,135.02000427246094,135.1300048828125,134.50999450683594,134.6699981689453,110.52909088134766,15533600
2021-08-26,134.8300018310547,134.85000610351562,134.4499969482422,134.6300048828125,110.49626159667969,14673700
2021-08-27,134.77999877929688,135.42999267578125,134.57000732421875,135.3800048828125,111.11182403564453,11670000
2021-08-30,135.25,135.66000366210938,135.22000122070312,135.61000061035156,111.30061340332031,9119900
2021-08-31,135.57000732421875,135.77999877929688,135.1999969482422,135.3000030517578,111.04617309570312,15644700
2021-09-01,135.3300018310547,135.38999938964844,134.8800048828125,135.24000549316406,111.18925476074219,16028100
2021-09-02,135.3699951171875,135.47999572753906,135.1999969482422,135.47999572753906,111.38655090332031,11822200
2021-09-03,134.91000366210938,135.08999633789062,134.82000732421875,134.99000549316406,110.98369598388672,7681300
2021-09-07,134.5,134.5,134.1199951171875,134.35000610351562,110.45751953125,14271400
2021-09-08,134.5800018310547,134.8800048828125,134.39999389648438,134.77999877929688,110.81098175048828,16045000
2021-09-09,134.9600067138672,135.72999572753906,134.83999633789062,135.66000366210938,111.5345230102539,18014200
2021-09-10,135.52000427246094,135.60000610351562,135.08999633789062,135.27000427246094,111.2138671875,10776600
2021-09-13,135.57000732421875,135.77999877929688,135.5399932861328,135.60000610351562,111.4852066040039,13159800
2021-09-14,135.77000427246094,136.25999450683594,135.67999267578125,136.00999450683594,111.82227325439453,16550300
2021-09-15,135.9600067138672,136.0,135.63999938964844,135.85000610351562,111.6907958984375,14194400
2021-09-16,135.4499969482422,135.74000549316406,135.3699951171875,135.66000366210938,111.5345230102539,16282400
2021-09-17,135.2899932861328,135.39999389648438,135.10000610351562,135.36000061035156,111.2878189086914,15769600
2021-09-20,135.3800048828125,135.8300018310547,135.3800048828125,135.77999877929688,111.63320922851562,17519900
2021-09-21,135.8000030517578,135.88999938964844,135.6699981689453,135.77000427246094,111.62496948242188,15834600
2021-09-22,135.77999877929688,136.2100067138672,135.6300048828125,136.14999389648438,111.93739318847656,15898200
2021-09-23,135.7100067138672,135.7100067138672,135.0,135.2100067138672,111.16452026367188,14735500
2021-09-24,135.05999755859375,135.14999389648438,134.77999877929688,134.9199981689453,110.92610168457031,10797300
2021-09-27,134.6300048828125,134.9600067138672,134.5399932861328,134.85000610351562,110.86858367919922,13104100
2021-09-28,134.0500030517578,134.0500030517578,133.38999938964844,133.41000366210938,109.68470001220703,19987200
2021-09-29,133.77999877929688,134.07000732421875,133.25,133.3800048828125,109.66002655029297,14956300
2021-09-30,133.30999755859375,133.3800048828125,132.97000122070312,133.02999877929688,109.37223052978516,21397100
2021-10-01,133.22999572753906,133.94000244140625,133.17999267578125,133.74000549316406,110.16717529296875,21381400
2021-10-04,133.42999267578125,133.6699981689453,133.25,133.52000427246094,109.98592376708984,12931100
2021-10-05,133.39999389648438,133.50999450683594,132.97000122070312,132.97000122070312,109.53289031982422,14635200
2021-10-06,133.0,133.1300048828125,132.77999877929688,133.00999450683594,109.56584930419922,13855500
2021-10-07,132.72000122070312,132.82000732421875,132.3800048828125,132.4199981689453,109.07981872558594,15805500
2021-10-08,132.27999877929688,132.30999755859375,131.7100067138672,131.80999755859375,108.57732391357422,9079400
2021-10-11,131.5800018310547,131.83999633789062,131.5399932861328,131.55999755859375,108.37142181396484,4337000
2021-10-12,132.08999633789062,132.4499969482422,131.83999633789062,132.39999389648438,109.06331634521484,19870400
2021-10-13,132.61000061035156,133.11000061035156,132.55999755859375,133.07000732421875,109.61526489257812,18260300
2021-10-14,133.30999755859375,133.6999969482422,133.22000122070312,133.6999969482422,110.13420867919922,15870000
2021-10-15,133.2100067138672,133.27999877929688,133.0,133.22000122070312,109.73880767822266,13131700
2021-10-18,133.0,133.2899932861328,132.7100067138672,133.11000061035156,109.64820861816406,11530300
2021-10-19,132.77999877929688,132.8300018310547,132.3800048828125,132.3800048828125,109.0468978881836,12213200
2021-10-20,132.30999755859375,132.50999450683594,132.02999877929688,132.05999755859375,108.78327941894531,13810200
2021-10-21,132.0,132.05999755859375,131.66000366210938,131.77999877929688,108.5526351928711,13131000
2021-10-22,132.08999633789062,132.44000244140625,131.97999572753906,132.30999755859375,108.98918151855469,13735100
2021-10-25,132.3000030517578,132.63999938964844,132.25999450683594,132.3699951171875,109.03861236572266,8206800
2021-10-26,132.72000122070312,132.9600067138672,132.39999389648438,132.94000244140625,109.50816345214844,10100600
2021-10-27,133.52999877929688,134.05999755859375,133.24000549316406,133.75,110.17540740966797,15928300
2021-10-28,133.7100067138672,133.8800048828125,133.2899932861328,133.5500030517578,110.0106430053711,18514400
2021-10-29,133.00999450683594,133.72000122070312,132.9499969482422,133.47999572753906,109.9530029296875,17367800
2021-11-01,132.61000061035156,133.07000732421875,132.61000061035156,132.97999572753906,109.7565689086914,11894200
2021-11-02,132.97999572753906,133.57000732421875,132.97999572753906,133.49000549316406,110.17749786376953,18047600
2021-11-03,133.6300048828125,133.74000549316406,132.91000366210938,133.14999389648438,109.8968505859375,11847700
2021-11-04,133.3000030517578,134.02999877929688,133.3000030517578,133.85000610351562,110.4745864868164,20135500
2021-11-05,134.33999633789062,135.0,134.22000122070312,134.8300018310547,111.28350067138672,15840400
2021-11-08,134.69000244140625,134.7100067138672,134.33999633789062,134.52000427246094,111.0276107788086,8494200
2021-11-09,135.2100067138672,135.30999755859375,134.86000061035156,134.8800048828125,111.32474517822266,18075300
2021-11-10,134.6699981689453,134.69000244140625,133.25,133.5,110.18572998046875,23397300
2021-11-11,133.5399932861328,133.67999267578125,133.0500030517578,133.1199951171875,109.87207794189453,6168900
2021-11-12,133.3000030517578,133.4199981689453,132.7899932861328,132.97999572753906,109.7565689086914,11897100
2021-11-15,132.85000610351562,132.89999389648438,131.9600067138672,131.97000122070312,108.92293548583984,12353400
2021-11-16,131.88999938964844,132.35000610351562,131.67999267578125,131.75,108.74136352539062,18709500
2021-11-17,131.60000610351562,132.32000732421875,131.49000549316406,132.27999877929688,109.17882537841797,14541100
2021-11-18,132.19000244140625,132.69000244140625,132.19000244140625,132.5800018310547,109.4263916015625,14086100
2021-11-19,132.89999389648438,133.2100067138672,132.88999938964844,133.0800018310547,109.83907318115234,17682900
2021-11-22,132.5500030517578,132.75999450683594,131.8699951171875,131.9199981689453,108.88168334960938,13745400
2021-11-23,131.61000061035156,131.6999969482422,130.97999572753906,130.97999572753906,108.10581970214844,10986900
2021-11-24,130.9600067138672,131.6300048828125,130.80999755859375,131.61000061035156,108.62581634521484,14019900
2021-11-26,132.02000427246094,132.74000549316406,131.80999755859375,132.67999267578125,109.50894165039062,14399300
2021-11-29,132.13999938964844,132.8699951171875,132.0500030517578,132.77000427246094,109.58318328857422,21231700
2021-11-30,133.22999572753906,133.72999572753906,132.77000427246094,133.05999755859375,109.82257843017578,28873400
2021-12-01,132.77000427246094,132.9600067138672,132.35000610351562,132.83999633789062,109.83831024169922,18070800
2021-12-02,132.8699951171875,133.22999572753906,132.60000610351562,133.14999389648438,110.0946273803711,17305900
2021-12-03,133.1199951171875,134.55999755859375,133.07000732421875,134.25999450683594,111.01240539550781,25739900
2021-12-06,134.2100067138672,134.24000549316406,133.50999450683594,133.5800018310547,110.45018768310547,25332000
2021-12-07,133.63999938964844,134.07000732421875,133.47999572753906,133.63999938964844,110.49980163574219,17338200
2021-12-08,133.3000030517578,133.36000061035156,132.5399932861328,132.75,109.76387023925781,17408000
2021-12-09,132.94000244140625,133.16000366210938,132.58999633789062,132.63999938964844,109.67288208007812,12348300
2021-12-10,133.2899932861328,133.3300018310547,132.72999572753906,132.7899932861328,109.79693603515625,12792300
2021-12-13,133.32000732421875,133.6999969482422,133.27999877929688,133.38999938964844,110.29306030273438,10264200
2021-12-14,133.02999877929688,133.1699981689453,132.61000061035156,132.7899932861328,109.79693603515625,17725400
2021-12-15,132.3699951171875,133.02999877929688,132.32000732421875,132.9600067138672,109.93753051757812,20585100
2021-12-16,132.77999877929688,133.10000610351562,132.52000427246094,132.6999969482422,109.93421173095703,9750200
2021-12-17,132.85000610351562,133.13999938964844,132.85000610351562,133.00999450683594,110.19102478027344,8753100
2021-12-20,132.77000427246094,132.91000366210938,132.35000610351562,132.42999267578125,109.71053314208984,12931400
2021-12-21,131.47999572753906,132.6999969482422,131.47999572753906,132.69000244140625,109.92589569091797,12933300
2021-12-22,132.8699951171875,132.91000366210938,132.55999755859375,132.89999389648438,110.09986877441406,7850800
2021-12-23,132.77000427246094,132.82000732421875,132.4199981689453,132.6999969482422,109.93421173095703,8401200
2021-12-27,132.74000549316406,133.1999969482422,132.67999267578125,133.08999633789062,110.25727844238281,8744200
2021-12-28,133.36000061035156,133.41000366210938,132.75,132.9199981689453,110.11646270751953,6864300
2021-12-29,132.3800048828125,132.50999450683594,132.0,132.19000244140625,109.51171112060547,7263000
2021-12-30,132.3800048828125,132.75,132.10000610351562,132.72000122070312,109.95079040527344,5566900
2021-12-31,132.72999572753906,133.02999877929688,132.4499969482422,132.52000427246094,109.78508758544922,8514500
2022-01-03,131.77999877929688,131.7899932861328,131.11000061035156,131.11000061035156,108.61699676513672,18199400
2022-01-04,130.94000244140625,131.24000549316406,130.69000244140625,131.22000122070312,108.70809936523438,18748000
2022-01-05,131.47999572753906,131.47999572753906,130.4199981689453,130.4499969482422,108.07020568847656,16107500
2022-01-06,130.17999267578125,130.47999572753906,130.0,130.27999877929688,107.92935943603516,19336300
2022-01-07,130.11000061035156,130.1999969482422,129.47000122070312,129.72000122070312,107.46544647216797,17750800
2022-01-10,129.39999389648438,129.67999267578125,129.02999877929688,129.60000610351562,107.36603546142578,14253400
2022-01-11,129.61000061035156,130.07000732421875,129.47999572753906,129.99000549316406,107.68913269042969,17231000
2022-01-12,130.22999572753906,130.3800048828125,129.88999938964844,129.89999389648438,107.61456298828125,12733100
2022-01-13,130.11000061035156,130.32000732421875,129.69000244140625,130.30999755859375,107.95420837402344,13468500
2022-01-14,129.7100067138672,129.72999572753906,129.10000610351562,129.16000366210938,107.00149536132812,14308300
2022-01-18,128.4199981689453,128.49000549316406,127.87000274658203,127.93000030517578,105.98253631591797,15266600
2022-01-19,128.27000427246094,128.69000244140625,128.10000610351562,128.1300048828125,106.14824676513672,16057900
2022-01-20,128.2899932861328,128.5,127.93000030517578,128.05999755859375,106.09024047851562,22915800
2022-01-21,128.67999267578125,129.11000061035156,128.6199951171875,128.89999389648438,106.78610229492188,21504700
2022-01-24,128.94000244140625,129.0,128.41000366210938,128.5,106.45475006103516,22567100
2022-01-25,128.47999572753906,128.7899932861328,128.08999633789062,128.13999938964844,106.1565170288086,17247300
2022-01-26,128.47999572753906,128.6199951171875,127.1500015258789,127.2699966430664,105.4357681274414,23220800
2022-01-27,127.70999908447266,128.05999755859375,127.31999969482422,127.55999755859375,105.676025390625,22292800
2022-01-28,126.86000061035156,127.75,126.8499984741211,127.69999694824219,105.7920150756836,21294200
2022-01-31,127.54000091552734,127.87999725341797,127.26000213623047,127.76000213623047,105.84168243408203,20325100
2022-02-01,127.58999633789062,127.81999969482422,127.05000305175781,127.7300033569336,106.01768493652344,17587300
2022-02-02,127.94000244140625,128.3000030517578,127.61000061035156,127.73999786376953,106.02595520019531,22644800
2022-02-03,126.81999969482422,126.93000030517578,126.45999908447266,126.70999908447266,105.17105102539062,23396800
2022-02-04,125.68000030517578,125.80000305175781,125.11000061035156,125.44999694824219,104.12522888183594,26115800
2022-02-07,125.33000183105469,125.80999755859375,125.19999694824219,125.68000030517578,104.3161392211914,12756600
2022-02-08,125.54000091552734,125.68000030517578,125.20999908447266,125.20999908447266,103.92603302001953,22126100
2022-02-09,125.72000122070312,126.08000183105469,125.5999984741211,125.62999725341797,104.27461242675781,19616400
2022-02-10,124.95999908447266,125.19000244140625,123.9000015258789,123.91999816894531,102.85530853271484,39583900
2022-02-11,124.19000244140625,124.95999908447266,123.69999694824219,124.83999633789062,103.61893463134766,21553500
2022-02-14,124.1500015258789,124.30000305175781,123.66000366210938,123.7300033569336,102.6976089477539,22793600
2022-02-15,123.58999633789062,123.8499984741211,123.11000061035156,123.11000061035156,102.18299102783203,15673700
2022-02-16,123.47000122070312,123.48999786376953,122.62000274658203,123.29000091552734,102.33241271972656,27148800
2022-02-17,123.44000244140625,123.7699966430664,123.08999633789062,123.37999725341797,102.40709686279297,24384600
2022-02-18,123.76000213623047,124.13999938964844,123.26000213623047,123.68000030517578,102.65609741210938,19233800
2022-02-22,123.25,123.52999877929688,123.12000274658203,123.5199966430664,102.52328491210938,18011000
2022-02-23,123.2300033569336,123.3499984741211,122.37000274658203,122.4000015258789,101.59368133544922,16579900
2022-02-24,122.47000122070312,123.08000183105469,122.22000122070312,122.9800033569336,102.07510375976562,29245000
2022-02-25,123.31999969482422,124.08000183105469,123.0199966430664,123.4800033569336,102.4901351928711,19073700
2022-02-28,123.94000244140625,125.0,123.94000244140625,124.80000305175781,103.58573913574219,23474500
2022-03-01,124.83999633789062,125.83999633789062,124.80000305175781,124.97000122070312,103.94003295898438,28504600
2022-03-02,124.12999725341797,124.30000305175781,123.04000091552734,123.06999969482422,102.35977172851562,24849900
2022-03-03,123.52999877929688,123.86000061035156,123.23999786376953,123.5199966430664,102.7340316772461,14144600
2022-03-04,124.33000183105469,124.44999694824219,123.56999969482422,123.63999938964844,102.83384704589844,17402800
2022-03-07,122.88999938964844,123.29000091552734,122.0,122.13999938964844,101.58627319335938,16164900
2022-03-08,121.31999969482422,121.83000183105469,120.80999755859375,121.41000366210938,100.97909545898438,20045200
2022-03-09,121.55999755859375,122.0,121.41999816894531,121.62000274658203,101.15376281738281,27652200
2022-03-10,120.87999725341797,120.93000030517578,119.79000091552734,120.2300033569336,99.99768829345703,34185900
2022-03-11,120.30000305175781,120.41999816894531,120.06999969482422,120.18000030517578,99.95608520507812,20701300
2022-03-14,119.11000061035156,119.56999969482422,118.4000015258789,118.44000244140625,98.5089111328125,18624900
2022-03-15,119.01000213623047,119.47000122070312,118.81999969482422,119.37000274658203,99.28242492675781,24022000
2022-03-16,119.9000015258789,120.44999694824219,118.66999816894531,120.38999938964844,100.1307373046875,32561800
2022-03-17,121.01000213623047,121.87999725341797,120.83000183105469,121.56999969482422,101.11216735839844,23878300
2022-03-18,121.1500015258789,121.98999786376953,121.1500015258789,121.80999755859375,101.31181335449219,21675100
2022-03-21,120.88999938964844,121.16000366210938,119.95999908447266,120.12000274658203,99.90621185302734,17919300
2022-03-22,119.73999786376953,119.98999786376953,119.58999633789062,119.83000183105469,99.66500854492188,16780900
2022-03-23,120.05000305175781,120.33000183105469,119.6500015258789,120.16999816894531,99.9477767944336,16949300
2022-03-24,119.4000015258789,120.4000015258789,118.83999633789062,120.22000122070312,99.98934936523438,20466500
2022-03-25,119.77999877929688,119.80999755859375,118.83999633789062,119.2699966430664,99.1992416381836,23247400
2022-03-28,119.4800033569336,120.12000274658203,119.33000183105469,119.93000030517578,99.74813842773438,18691100
2022-03-29,120.55000305175781,121.01000213623047,120.29000091552734,120.94000244140625,100.58822631835938,23812400
2022-03-30,120.48999786376953,121.3499984741211,120.43000030517578,121.22000122070312,100.82109832763672,17696700
2022-03-31,121.2699966430664,121.55999755859375,120.72000122070312,120.94000244140625,100.58822631835938,19905200
2022-04-01,120.05999755859375,121.4000015258789,119.94999694824219,121.08999633789062,100.92575073242188,16506800
2022-04-04,121.16999816894531,121.55000305175781,120.77999877929688,121.51000213623047,101.27583312988281,19647900
2022-04-05,121.13999938964844,121.19000244140625,119.36000061035156,119.37999725341797,99.50050354003906,22750400
2022-04-06,118.11000061035156,119.23999786376953,117.80000305175781,118.68000030517578,98.91707611083984,25447400
2022-04-07,118.52999877929688,118.62000274658203,117.91000366210938,118.12999725341797,98.45864868164062,21292700
2022-04-08,117.25,117.55999755859375,116.8499984741211,117.19999694824219,97.68355560302734,16072800
2022-04-11,116.5,116.58999633789062,115.77999877929688,116.05999755859375,96.7333755493164,20685500
2022-04-12,116.83999633789062,117.16999816894531,116.12999725341797,116.13999938964844,96.80003356933594,25029100
2022-04-13,116.1500015258789,116.80999755859375,116.0999984741211,116.73999786376953,97.30012512207031,21276200
2022-04-14,116.66999816894531,116.69999694824219,115.2699966430664,115.37999725341797,96.16661071777344,19717700
2022-04-18,115.13999938964844,115.33000183105469,114.38999938964844,114.5,95.4331283569336,16576000
2022-04-19,113.93000030517578,114.16999816894531,113.5199966430664,113.58999633789062,94.67469787597656,19775400
2022-04-20,114.33000183105469,115.08999633789062,114.30999755859375,114.7699966430664,95.65818786621094,21119400
2022-04-21,114.5,114.58000183105469,113.22000122070312,113.55000305175781,94.64134216308594,25288700
2022-04-22,113.11000061035156,113.70999908447266,112.80999755859375,113.41999816894531,94.53298950195312,19927300
2022-04-25,114.02999877929688,114.86000061035156,114.0199966430664,114.68000030517578,95.58317565917969,22261500
2022-04-26,115.23999786376953,115.2699966430664,114.4800033569336,114.62000274658203,95.53314971923828,22695300
2022-04-27,114.4000015258789,114.80999755859375,113.47000122070312,113.5199966430664,94.61634063720703,19426200
2022-04-28,113.2699966430664,113.87000274658203,113.0199966430664,113.86000061035156,94.89972686767578,19645500
2022-04-29,112.91000366210938,113.5199966430664,112.37999725341797,112.5999984741211,93.84953308105469,20257300
2022-05-02,111.69000244140625,111.91999816894531,111.30000305175781,111.68000030517578,93.29316711425781,17184100
2022-05-03,112.77999877929688,113.33999633789062,112.29000091552734,112.4000015258789,93.8946533203125,20914600
2022-05-04,112.38999938964844,113.86000061035156,111.77999877929688,113.5,94.81352233886719,34240700
2022-05-05,112.44000244140625,112.48999786376953,110.88999938964844,111.76000213623047,93.36001586914062,34356900
2022-05-06,110.8499984741211,111.5199966430664,110.66000366210938,110.80999755859375,92.56644439697266,15550400
2022-05-09,110.41999816894531,111.31999969482422,110.19000244140625,111.19999694824219,92.89222717285156,17185900
2022-05-10,112.08000183105469,112.36000061035156,111.56999969482422,111.66999816894531,93.28480529785156,25650800
2022-05-11,111.19999694824219,112.45999908447266,111.04000091552734,112.19000244140625,93.71920776367188,25053500
2022-05-12,112.45999908447266,112.87999725341797,112.16000366210938,112.23999786376953,93.76101684570312,22156400
2022-05-13,112.06999969482422,112.16000366210938,111.41999816894531,111.6500015258789,93.26812744140625,16107900
2022-05-16,111.8499984741211,112.30999755859375,111.73999786376953,111.80000305175781,93.39344787597656,11980500
2022-05-17,111.16999816894531,111.4000015258789,110.94999694824219,111.16000366210938,92.85880279541016,16562600
2022-05-18,110.88999938964844,111.62000274658203,110.88999938964844,111.56999969482422,93.20130157470703,16146400
2022-05-19,112.2699966430664,112.62000274658203,111.70999908447266,111.87000274658203,93.451904296875,21212500
2022-05-20,112.18000030517578,112.45999908447266,111.9800033569336,112.41999816894531,93.91133117675781,13906700
2022-05-23,112.06999969482422,112.51000213623047,111.77999877929688,112.0199966430664,93.57721710205078,14892400
2022-05-24,112.48999786376953,113.61000061035156,112.41000366210938,113.48999786376953,94.8051986694336,17210400
2022-05-25,114.0199966430664,114.68000030517578,113.91999816894531,114.66000366210938,95.78256225585938,25637000
2022-05-26,114.83000183105469,115.2699966430664,114.43000030517578,114.69000244140625,95.8076400756836,34022300
2022-05-27,115.16999816894531,115.66000366210938,114.87000274658203,115.29000091552734,96.308837890625,9246100
2022-05-31,114.26000213623047,114.66000366210938,113.70999908447266,114.44000244140625,95.59879302978516,20336900
2022-06-01,114.66000366210938,114.9000015258789,113.08999633789062,113.5,95.04106903076172,22403900
2022-06-02,113.66000366210938,113.79000091552734,112.88999938964844,113.55000305175781,95.08297729492188,14823300
2022-06-03,112.73999786376953,113.19999694824219,112.73999786376953,113.19000244140625,94.78153991699219,11440900
2022-06-06,113.11000061035156,113.19000244140625,112.30999755859375,112.38999938964844,94.1116714477539,12213900
2022-06-07,112.69000244140625,113.29000091552734,112.61000061035156,112.98999786376953,94.61405181884766,11291400
2022-06-08,112.76000213623047,113.08999633789062,112.33000183105469,112.33999633789062,94.0697250366211,13730800
2022-06-09,112.05999755859375,112.33999633789062,111.54000091552734,111.5999984741211,93.45008087158203,24846700
2022-06-10,111.01000213623047,111.13999938964844,109.86000061035156,110.5199966430664,92.54574584960938,36297900
2022-06-13,108.37000274658203,108.8499984741211,107.0999984741211,107.97000122070312,90.41046142578125,34771900
2022-06-14,108.45999908447266,108.81999969482422,107.16000366210938,107.41000366210938,89.9415512084961,27320800
2022-06-15,108.66000366210938,109.19000244140625,107.73999786376953,109.08999633789062,91.34832763671875,31581500
2022-06-16,107.58999633789062,109.4800033569336,107.29000091552734,109.20999908447266,91.44879913330078,30588300
2022-06-17,109.5199966430664,109.70999908447266,108.7699966430664,109.43000030517578,91.6330337524414,17319600
2022-06-21,108.94000244140625,109.41999816894531,108.20999908447266,108.33000183105469,90.7119369506836,17031500
2022-06-22,109.45999908447266,109.66999816894531,109.05999755859375,109.12000274658203,91.37345123291016,18943300
2022-06-23,109.63999938964844,110.81999969482422,109.58999633789062,109.95999908447266,92.07682800292969,30742100
2022-06-24,109.87999725341797,110.66999816894531,109.8499984741211,110.08999633789062,92.18565368652344,18668900
2022-06-27,109.4800033569336,109.70999908447266,109.0199966430664,109.08000183105469,91.33995056152344,20847000
2022-06-28,108.9000015258789,109.11000061035156,108.5199966430664,109.05000305175781,91.31480407714844,18998400
2022-06-29,109.0999984741211,109.70999908447266,109.0199966430664,109.69999694824219,91.85911560058594,10747100
2022-06-30,109.7699966430664,110.9000015258789,109.7699966430664,110.02999877929688,92.13540649414062,16570800
2022-07-01,110.66000366210938,111.45999908447266,110.47000122070312,111.12000274658203,93.30001068115234,20179400
2022-07-05,111.19999694824219,111.30000305175781,110.83999633789062,111.08999633789062,93.27482604980469,16728000
2022-07-06,111.41000366210938,111.58000183105469,110.43000030517578,110.54000091552734,92.81302642822266,17291300
2022-07-07,110.95999908447266,111.13999938964844,110.33000183105469,110.52999877929688,92.80461883544922,15165800
2022-07-08,110.12000274658203,110.41000366210938,109.94999694824219,110.3499984741211,92.65350341796875,14384500
2022-07-11,110.81999969482422,111.16000366210938,110.5,110.66000366210938,92.91378021240234,9456900
2022-07-12,111.11000061035156,111.58000183105469,110.77999877929688,110.81999969482422,93.04811096191406,18053600
2022-07-13,109.72000122070312,111.77999877929688,109.70999908447266,111.6500015258789,93.74500274658203,25657200
2022-07-14,110.44000244140625,111.22000122070312,110.08999633789062,110.94000244140625,93.14888763427734,22978600
2022-07-15,110.86000061035156,112.05000305175781,110.86000061035156,111.83000183105469,93.8961410522461,15192500
2022-07-18,111.66000366210938,111.66999816894531,110.97000122070312,111.05000305175781,93.2412338256836,15665500
2022-07-19,111.20999908447266,111.47000122070312,110.81999969482422,111.36000061035156,93.50153350830078,15414500
2022-07-20,111.8499984741211,111.94000244140625,111.16000366210938,111.23999786376953,93.40079498291016,9888100
2022-07-21,111.51000213623047,112.7699966430664,111.51000213623047,112.76000213623047,94.67703247070312,25141900
2022-07-22,113.70999908447266,114.23999786376953,113.13999938964844,113.62999725341797,95.40748596191406,16062400
2022-07-25,112.83999633789062,113.01000213623047,112.4000015258789,112.66999816894531,94.60143280029297,25656700
2022-07-26,113.01000213623047,113.12000274658203,112.5999984741211,112.6500015258789,94.58464813232422,18514600
2022-07-27,113.16000366210938,114.05000305175781,113.12999725341797,113.4000015258789,95.21436309814453,16995200
2022-07-28,114.2300033569336,114.51000213623047,113.98999786376953,114.33999633789062,96.00363159179688,17266700
2022-07-29,114.27999877929688,115.08000183105469,114.13999938964844,114.61000061035156,96.23031616210938,14914000
2022-08-01,114.37999725341797,114.91000366210938,114.26000213623047,114.55999755859375,96.42054748535156,18348900
2022-08-02,114.52999877929688,114.68000030517578,113.06999969482422,113.16000366210938,95.24220275878906,22706500
2022-08-03,113.2300033569336,114.41999816894531,112.87000274658203,114.38999938964844,96.27743530273438,19416500
2022-08-04,114.26000213623047,114.62999725341797,113.91000366210938,114.56999969482422,96.42896270751953,22451000
2022-08-05,112.94999694824219,113.0999984741211,112.30999755859375,113.0199966430664,95.12438201904297,15893400
2022-08-08,113.58000183105469,113.94000244140625,113.41000366210938,113.47000122070312,95.50313568115234,11889800
2022-08-09,113.0199966430664,113.20999908447266,112.83000183105469,112.95999908447266,95.07389068603516,17809000
2022-08-10,113.55999755859375,114.30999755859375,113.54000091552734,114.02999877929688,95.97443389892578,25548100
2022-08-11,114.47000122070312,114.9800033569336,112.87999725341797,112.93000030517578,95.04863739013672,24970100
2022-08-12,113.54000091552734,114.26000213623047,113.2699966430664,114.23999786376953,96.15119934082031,16542900
2022-08-15,114.44000244140625,114.61000061035156,114.13999938964844,114.16000366210938,96.0838623046875,10750200
2022-08-16,113.80999755859375,113.87000274658203,113.12999725341797,113.72000122070312,95.71356201171875,15328900
2022-08-17,112.95999908447266,113.18000030517578,112.4000015258789,112.6500015258789,94.81297302246094,20836800
2022-08-18,113.01000213623047,113.31999969482422,112.87999725341797,112.94000244140625,95.05706024169922,13914300
2022-08-19,111.94000244140625,111.94000244140625,111.3499984741211,111.5999984741211,93.92923736572266,17996700
2022-08-22,111.29000091552734,111.30000305175781,110.7300033569336,110.8499984741211,93.29798126220703,10208500
2022-08-23,110.72000122070312,111.48999786376953,110.61000061035156,110.97000122070312,93.39897155761719,14517700
2022-08-24,110.7300033569336,110.80000305175781,110.43000030517578,110.63999938964844,93.12123107910156,14441000
2022-08-25,111.2300033569336,112.04000091552734,110.75,111.77999877929688,94.08073425292969,33579200
2022-08-26,111.44999694824219,111.73999786376953,111.01000213623047,111.11000061035156,93.51680755615234,13942300
2022-08-29,110.62000274658203,110.62000274658203,110.1500015258789,110.29000091552734,92.82664489746094,18371900
2022-08-30,110.58000183105469,110.80000305175781,109.8499984741211,110.43000030517578,92.9444580078125,19251300
2022-08-31,110.19999694824219,110.37000274658203,109.20999908447266,109.2699966430664,91.96817016601562,19484300
2022-09-01,108.19000244140625,108.41999816894531,107.3499984741211,108.30999755859375,91.41446685791016,26706500
2022-09-02,108.8499984741211,109.25,108.37999725341797,108.38999938964844,91.48201751708984,14458700
2022-09-06,107.86000061035156,107.94000244140625,106.91999816894531,106.91999816894531,90.24132537841797,16455700
2022-09-07,107.41000366210938,108.48999786376953,107.38999938964844,108.37999725341797,91.47358703613281,21874300
2022-09-08,108.33999633789062,108.66999816894531,108.05000305175781,108.12999725341797,91.26258087158203,16871100
2022-09-09,108.55000305175781,108.98999786376953,108.3499984741211,108.37999725341797,91.47358703613281,11911700
2022-09-12,108.80000305175781,109.0199966430664,107.91999816894531,108.13999938964844,91.27100372314453,11084600
2022-09-13,107.05999755859375,107.5199966430664,106.91000366210938,107.36000061035156,90.6126708984375,19563400
2022-09-14,107.33000183105469,108.05999755859375,107.30000305175781,107.87000274658203,91.04312133789062,19360500
2022-09-15,107.62000274658203,107.76000213623047,107.19999694824219,107.3499984741211,90.60423278808594,12947800
2022-09-16,106.75,108.16000366210938,106.7300033569336,107.0999984741211,90.39323425292969,13980900
2022-09-19,106.62000274658203,107.38999938964844,106.52999877929688,107.27999877929688,90.54515838623047,13679600
2022-09-20,106.33999633789062,106.6500015258789,106.05999755859375,106.20999908447266,89.64204406738281,30310500
2022-09-21,106.62999725341797,106.9000015258789,105.5999984741211,106.61000061035156,89.97965240478516,23883200
2022-09-22,105.62000274658203,105.62999725341797,104.80999755859375,105.11000061035156,88.71369171142578,20982600
2022-09-23,104.87999725341797,105.06999969482422,104.33000183105469,104.80999755859375,88.46045684814453,18671200
2022-09-26,104.38999938964844,104.58999633789062,102.94000244140625,102.98999786376953,86.92436218261719,27606500
2022-09-27,103.05999755859375,103.2699966430664,101.4000015258789,101.44000244140625,85.61618041992188,34683500
2022-09-28,102.48999786376953,103.56999969482422,102.2699966430664,103.4800033569336,87.33792877197266,39921300
2022-09-29,102.5199966430664,102.77999877929688,101.73999786376953,102.70999908447266,86.68804168701172,30873000
2022-09-30,103.05999755859375,103.56999969482422,102.44000244140625,102.44999694824219,86.46859741210938,24058300
2022-10-03,103.61000061035156,104.83999633789062,103.38999938964844,104.0,88.0682373046875,27200900
2022-10-04,104.80999755859375,105.12000274658203,104.36000061035156,104.4800033569336,88.47471618652344,21918800
2022-10-05,103.66999816894531,103.88999938964844,102.94999694824219,103.69000244140625,87.80570983886719,24999500
2022-10-06,103.68000030517578,103.94000244140625,103.19999694824219,103.44999694824219,87.60247802734375,22017200
2022-10-07,102.83999633789062,102.91000366210938,102.37000274658203,102.41999816894531,86.73029327392578,20895500
2022-10-10,102.38999938964844,102.44999694824219,101.08999633789062,101.5,85.95123291015625,6179400
2022-10-11,101.7699966430664,102.16999816894531,101.04000091552734,101.29000091552734,85.77337646484375,30332900
2022-10-12,101.16999816894531,101.4800033569336,100.83000183105469,101.16999816894531,85.67176818847656,18941200
2022-10-13,99.19999694824219,101.63999938964844,99.18000030517578,101.3499984741211,85.82418823242188,20727700
2022-10-14,101.98999786376953,101.98999786376953,100.2699966430664,100.37999725341797,85.0027847290039,20681900
2022-10-17,101.26000213623047,101.66999816894531,100.79000091552734,100.86000061035156,85.40925598144531,16585700
2022-10-18,101.47000122070312,101.61000061035156,100.51000213623047,101.45999908447266,85.91731262207031,23532600
2022-10-19,100.54000091552734,100.83999633789062,99.94000244140625,100.06999969482422,84.74028015136719,16461800
2022-10-20,99.81999969482422,100.37000274658203,99.0999984741211,99.19999694824219,84.00353240966797,21437300
2022-10-21,98.7300033569336,99.63999938964844,98.41000366210938,99.4800033569336,84.24063873291016,18871700
2022-10-24,99.37999725341797,99.9800033569336,98.83000183105469,99.43000030517578,84.19831085205078,16517100
2022-10-25,100.29000091552734,101.19000244140625,100.29000091552734,100.76000213623047,85.3245620727539,23143100
2022-10-26,101.01000213623047,101.72000122070312,100.91000366210938,101.22000122070312,85.71408081054688,22201400
2022-10-27,101.56999969482422,102.08999633789062,101.19999694824219,101.69000244140625,86.11212158203125,21002900
2022-10-28,101.29000091552734,102.05000305175781,101.23999786376953,101.9000015258789,86.28990173339844,19532300
2022-10-31,101.54000091552734,101.68000030517578,100.97000122070312,101.3499984741211,85.82418823242188,21884100
2022-11-01,102.0999984741211,102.19000244140625,101.19000244140625,101.7699966430664,86.44168853759766,26415300
2022-11-02,101.91000366210938,102.91999816894531,101.0199966430664,101.27999877929688,86.0254898071289,23174200
2022-11-03,100.33000183105469,101.18000030517578,100.01000213623047,100.91999816894531,85.7197036743164,52723900
2022-11-04,101.20999908447266,101.55000305175781,100.66000366210938,101.12000274658203,85.88960266113281,16698200
2022-11-07,101.16999816894531,101.2300033569336,100.54000091552734,100.75,85.5753173828125,13428300
2022-11-08,101.0,101.48999786376953,100.8499984741211,101.16999816894531,85.93205261230469,19206000
2022-11-09,100.86000061035156,101.41999816894531,100.6500015258789,100.91000366210938,85.71124267578125,12204000
2022-11-10,103.0999984741211,104.38999938964844,103.06999969482422,104.29000091552734,88.5821304321289,28447600
2022-11-11,104.12000274658203,104.73999786376953,103.9800033569336,104.56999969482422,88.81997680664062,8578600
2022-11-14,104.20999908447266,104.44999694824219,104.01000213623047,104.04000091552734,88.36979675292969,22576600
2022-11-15,105.12000274658203,105.52999877929688,104.81999969482422,105.48999786376953,89.60140991210938,25504400
2022-11-16,105.80000305175781,106.5999984741211,105.58000183105469,106.38999938964844,90.36583709716797,24648800
2022-11-17,105.5199966430664,105.91000366210938,105.22000122070312,105.81999969482422,89.88170623779297,24106600
2022-11-18,106.12999725341797,106.29000091552734,105.61000061035156,105.80999755859375,89.87320709228516,14214100
2022-11-21,106.19999694824219,106.36000061035156,105.63999938964844,105.6500015258789,89.73727416992188,9664100
2022-11-22,106.19000244140625,106.7300033569336,106.05999755859375,106.58999633789062,90.53571319580078,15050400
2022-11-23,106.95999908447266,107.69999694824219,106.91999816894531,107.66000366210938,91.44454956054688,12511500
2022-11-25,107.72000122070312,107.79000091552734,107.5,107.7699966430664,91.5379867553711,4413900
2022-11-28,107.8499984741211,107.87999725341797,106.88999938964844,106.98999786376953,90.87545013427734,18815800
2022-11-29,106.51000213623047,106.80999755859375,106.23999786376953,106.45999908447266,90.42528533935547,23040000
2022-11-30,106.4000015258789,107.77999877929688,105.98999786376953,107.76000213623047,91.52949523925781,20930100
2022-12-01,107.91999816894531,108.80999755859375,107.61000061035156,108.76000213623047,92.67472076416016,30830200
2022-12-02,108.0,109.41999816894531,107.79000091552734,109.41999816894531,93.23712158203125,16908900
2022-12-05,108.70999908447266,108.70999908447266,108.0199966430664,108.48999786376953,92.44465637207031,19612000
2022-12-06,108.87000274658203,108.9800033569336,108.52999877929688,108.81999969482422,92.725830078125,18220800
2022-12-07,109.38999938964844,110.08000183105469,109.27999877929688,110.02999877929688,93.75688171386719,22116700
2022-12-08,109.73999786376953,110.02999877929688,109.41000366210938,109.68000030517578,93.45865631103516,18285600
2022-12-09,109.30000305175781,109.4000015258789,108.81999969482422,108.86000061035156,92.75992584228516,15568800
2022-12-12,109.62000274658203,109.73999786376953,108.6500015258789,108.72000122070312,92.640625,13988400
2022-12-13,110.76000213623047,110.88999938964844,109.4800033569336,109.66999816894531,93.45011901855469,19976000
2022-12-14,109.66000366210938,109.93000030517578,108.7699966430664,109.7699966430664,93.53533172607422,19894900
2022-12-15,109.52999877929688,109.72000122070312,109.16000366210938,109.52999877929688,93.61395263671875,16931200
2022-12-16,108.4800033569336,109.19999694824219,108.4800033569336,109.05999755859375,93.21226501464844,16643900
2022-12-19,108.43000030517578,108.44999694824219,107.69999694824219,107.95999908447266,92.27214050292969,14746200
2022-12-20,106.93000030517578,107.0199966430664,106.5199966430664,106.69000244140625,91.1866683959961,18678000
2022-12-21,107.37000274658203,107.5199966430664,107.01000213623047,107.41999816894531,91.81060028076172,15087800
2022-12-22,107.37000274658203,107.54000091552734,107.13999938964844,107.38999938964844,91.78492736816406,13957300
2022-12-23,106.95999908447266,107.30999755859375,106.83000183105469,107.05999755859375,91.50291442871094,5992400
2022-12-27,106.31999969482422,106.54000091552734,105.63999938964844,105.68000030517578,90.32342529296875,10456200
2022-12-28,106.06999969482422,106.2300033569336,105.3499984741211,105.3499984741211,90.04139709472656,10050900
2022-12-29,105.7300033569336,106.13999938964844,105.66000366210938,106.0999984741211,90.68238830566406,14253300
2022-12-30,105.80999755859375,105.94000244140625,105.16999816894531,105.43000030517578,90.10977172851562,8528200
2023-01-03,106.94999694824219,106.98999786376953,105.8499984741211,106.16000366210938,90.73368072509766,15589800
2023-01-04,107.02999877929688,107.0999984741211,106.5199966430664,106.93000030517578,91.39179229736328,13951700
2023-01-05,106.08999633789062,106.95999908447266,106.08999633789062,106.8499984741211,91.32340240478516,9848100
2023-01-06,107.02999877929688,108.7699966430664,106.88999938964844,108.5999984741211,92.8191146850586,20695600
2023-01-09,108.44000244140625,109.29000091552734,108.33999633789062,109.02999877929688,93.18663024902344,20449600
2023-01-10,108.51000213623047,108.83000183105469,108.25,108.66000366210938,92.87040710449219,19225200
2023-01-11,109.31999969482422,109.63999938964844,109.16999816894531,109.58999633789062,93.66525268554688,19541700
2023-01-12,109.87999725341797,110.8499984741211,109.23999786376953,110.83000183105469,94.72506713867188,18372500
2023-01-13,110.44999694824219,110.88999938964844,110.30999755859375,110.47000122070312,94.41739654541016,21077700
2023-01-17,110.01000213623047,110.41000366210938,109.91999816894531,110.06999969482422,94.07547760009766,20745100
2023-01-18,111.68000030517578,111.94999694824219,110.87000274658203,111.36000061035156,95.17804718017578,27794600
2023-01-19,110.87000274658203,111.2300033569336,110.76000213623047,111.12999725341797,94.98149108886719,18085800
2023-01-20,110.58000183105469,110.68000030517578,110.12000274658203,110.55000305175781,94.48575592041016,15440000
2023-01-23,110.1500015258789,110.5199966430664,110.08000183105469,110.2300033569336,94.21224212646484,18814700
2023-01-24,110.29000091552734,110.94000244140625,109.91999816894531,110.80999755859375,94.70796966552734,12419700
2023-01-25,110.70999908447266,110.95999908447266,110.33000183105469,110.86000061035156,94.75071716308594,15450000
2023-01-26,110.93000030517578,111.08000183105469,110.37000274658203,110.81999969482422,94.71651458740234,13250300
2023-01-27,110.37000274658203,110.66000366210938,110.27999877929688,110.5,94.44303131103516,8924900
2023-01-30,110.16000366210938,110.62000274658203,110.01000213623047,110.08000183105469,94.08404541015625,20019800
2023-01-31,110.66999816894531,110.97000122070312,110.08000183105469,110.87000274658203,94.75926208496094,27212200
2023-02-01,110.87000274658203,111.9000015258789,110.27999877929688,111.6500015258789,95.72117614746094,29127300
2023-02-02,112.36000061035156,112.51000213623047,111.69999694824219,111.80999755859375,95.85838317871094,18958900
2023-02-03,110.69999694824219,110.9000015258789,110.29000091552734,110.54000091552734,94.76956176757812,16053900
2023-02-06,109.9800033569336,110.01000213623047,109.62000274658203,109.69000244140625,94.04080200195312,18455400
2023-02-07,109.5,110.12000274658203,109.19000244140625,109.33000183105469,93.7322006225586,25191300
2023-02-08,109.43000030517578,109.63999938964844,108.94999694824219,109.44000244140625,93.82645416259766,16484400
2023-02-09,109.95999908447266,109.97000122070312,108.45999908447266,108.5199966430664,93.03773498535156,21637500
2023-02-10,108.37999725341797,108.44999694824219,107.72000122070312,107.76000213623047,92.38616180419922,16092100
2023-02-13,107.86000061035156,108.16000366210938,107.7699966430664,108.16000366210938,92.7291030883789,32223500
2023-02-14,108.11000061035156,108.3499984741211,107.22000122070312,107.88999938964844,92.49760437011719,31922200
2023-02-15,107.72000122070312,107.79000091552734,107.20999908447266,107.4800033569336,92.14610290527344,24279600
2023-02-16,106.95999908447266,107.18000030517578,106.55999755859375,106.62000274658203,91.40879821777344,27909900
2023-02-17,106.2699966430664,107.04000091552734,106.22000122070312,107.04000091552734,91.76890563964844,18528900
2023-02-21,106.18000030517578,106.25,105.4800033569336,105.5199966430664,90.4657211303711,21136000
2023-02-22,105.94000244140625,106.2699966430664,105.7699966430664,105.81999969482422,90.72295379638672,20971700
2023-02-23,106.12999725341797,106.69000244140625,106.05000305175781,106.6500015258789,91.43450927734375,21144600
2023-02-24,105.8499984741211,106.05000305175781,105.58000183105469,105.8499984741211,90.74864959716797,26721100
2023-02-27,106.12999725341797,106.29000091552734,105.80000305175781,105.87999725341797,90.77436065673828,19660700
2023-02-28,105.44000244140625,106.0,105.2699966430664,105.91999816894531,90.80867767333984,18239100
2023-03-01,105.26000213623047,105.36000061035156,104.76000213623047,104.88999938964844,90.2425537109375,27249600
2023-03-02,104.43000030517578,104.9800033569336,104.33000183105469,104.9800033569336,90.31998443603516,23715100
2023-03-03,105.61000061035156,106.2300033569336,105.44000244140625,106.16999816894531,91.34379577636719,27316900
2023-03-06,106.5,106.54000091552734,105.81999969482422,105.87999725341797,91.09429931640625,14688600
2023-03-07,106.08999633789062,106.19999694824219,105.33999633789062,105.58000183105469,90.836181640625,22431700
2023-03-08,105.9000015258789,106.16999816894531,105.1500015258789,105.41000366210938,90.68995666503906,29396500
2023-03-09,105.48999786376953,105.83000183105469,105.16000366210938,105.30999755859375,90.60391235351562,24552400
2023-03-10,106.5,107.13999938964844,106.25,106.81999969482422,91.90306091308594,36906000
2023-03-13,107.41000366210938,108.26000213623047,106.4800033569336,106.91000366210938,91.98046112060547,47445400
2023-03-14,106.83999633789062,107.56999969482422,106.43000030517578,106.58999633789062,91.70515441894531,49782100
2023-03-15,107.30000305175781,108.0999984741211,106.98999786376953,107.61000061035156,92.58270263671875,50591500
2023-03-16,108.05999755859375,108.30000305175781,107.12999725341797,107.44999694824219,92.445068359375,37961900
2023-03-17,107.77999877929688,108.41999816894531,107.61000061035156,107.98999786376953,92.90963745117188,32011600
2023-03-20,108.08000183105469,108.27999877929688,107.55999755859375,107.66999816894531,92.63434600830078,24035100
2023-03-21,108.12000274658203,108.25,107.69999694824219,108.19000244140625,93.08171081542969,29109400
2023-03-22,108.11000061035156,109.58999633789062,107.80999755859375,108.81999969482422,93.6237564086914,31434700
2023-03-23,108.70999908447266,109.22000122070312,108.37999725341797,109.12999725341797,93.89042663574219,28703800
2023-03-24,109.43000030517578,109.69000244140625,109.18000030517578,109.47000122070312,94.1829833984375,26204100
2023-03-27,108.4800033569336,108.98999786376953,108.12999725341797,108.16000366210938,93.05591583251953,16527900
2023-03-28,108.04000091552734,108.20999908447266,107.73999786376953,107.9800033569336,92.90105438232422,14138000
2023-03-29,107.76000213623047,108.5199966430664,107.72000122070312,108.4800033569336,93.33122253417969,17506000
2023-03-30,108.4800033569336,108.8499984741211,108.45999908447266,108.62999725341797,93.46026611328125,18267200
2023-03-31,109.0999984741211,109.69000244140625,108.86000061035156,109.61000061035156,94.30342864990234,19187400
2023-04-03,109.16999816894531,110.0199966430664,109.0,109.93000030517578,94.873046875,20093500
2023-04-04,109.41999816894531,110.19999694824219,109.29000091552734,110.06999969482422,94.99383544921875,20317700
2023-04-05,110.22000122070312,110.58000183105469,110.05000305175781,110.43000030517578,95.30455780029297,14674800
2023-04-06,110.48999786376953,110.5999984741211,110.2300033569336,110.33000183105469,95.21823120117188,14191300
2023-04-10,109.77999877929688,109.88999938964844,109.3499984741211,109.81999969482422,94.77811431884766,10825500
2023-04-11,109.83999633789062,109.94999694824219,109.55000305175781,109.79000091552734,94.7522201538086,14510100
2023-04-12,110.26000213623047,110.30999755859375,109.38999938964844,109.55999755859375,94.55372619628906,20049200
2023-04-13,109.9000015258789,110.05000305175781,109.55000305175781,109.75,94.71769714355469,18589100
2023-04-14,109.44000244140625,109.56999969482422,109.02999877929688,109.38999938964844,94.40701293945312,16218900
2023-04-17,109.05999755859375,109.16999816894531,108.58000183105469,108.69999694824219,93.81150817871094,11891400
2023-04-18,108.91000366210938,109.2300033569336,108.9000015258789,109.05999755859375,94.1221923828125,10522400
2023-04-19,108.77999877929688,108.80000305175781,108.45999908447266,108.5199966430664,93.6561508178711,14023700
2023-04-20,108.7699966430664,109.0999984741211,108.75,108.93000030517578,94.010009765625,16076100
2023-04-21,109.3499984741211,109.4000015258789,108.6500015258789,109.0,94.07044219970703,18480700
2023-04-24,109.0999984741211,109.51000213623047,109.0999984741211,109.4800033569336,94.48466491699219,7974300
2023-04-25,109.94999694824219,110.2300033569336,109.91000366210938,109.95999908447266,94.89891052246094,17038800
2023-04-26,110.06999969482422,110.12999725341797,109.37999725341797,109.4800033569336,94.48466491699219,19635200
2023-04-27,109.30000305175781,109.38999938964844,109.02999877929688,109.08000183105469,94.13945770263672,14629500
2023-04-28,109.81999969482422,109.98999786376953,109.51000213623047,109.93000030517578,94.873046875,18882100
2023-05-01,108.94000244140625,108.9800033569336,107.61000061035156,107.79000091552734,93.34201049804688,20789900
2023-05-02,108.18000030517578,109.11000061035156,108.05999755859375,109.08999633789062,94.4677505493164,21547100
2023-05-03,109.30000305175781,109.55000305175781,108.83999633789062,109.2699966430664,94.6236343383789,15750800
2023-05-04,108.66000366210938,109.26000213623047,108.55000305175781,108.97000122070312,94.36386108398438,17811700
2023-05-05,108.68000030517578,108.81999969482422,108.33999633789062,108.54000091552734,93.99149322509766,12130800
2023-05-08,107.94000244140625,108.02999877929688,107.62000274658203,107.76000213623047,93.31603240966797,16424800
2023-05-09,107.77999877929688,107.98999786376953,107.69000244140625,107.72000122070312,93.2813949584961,15860300
2023-05-10,108.41999816894531,108.58999633789062,108.25,108.56999969482422,94.01746368408203,15815700
2023-05-11,109.23999786376953,109.25,108.86000061035156,108.98999786376953,94.38117218017578,12261800
2023-05-12,108.98999786376953,109.06999969482422,108.30000305175781,108.31999969482422,93.80093383789062,10797200
2023-05-15,107.7699966430664,107.8499984741211,107.5999984741211,107.73999786376953,93.29872131347656,20334800
2023-05-16,107.27999877929688,107.38999938964844,107.08999633789062,107.19999694824219,92.83109283447266,25934500
2023-05-17,107.4000015258789,107.4800033569336,107.08000183105469,107.19000244140625,92.82243347167969,25387100
2023-05-18,106.93000030517578,106.93000030517578,106.58999633789062,106.73999786376953,92.43275451660156,21383500
2023-05-19,106.7300033569336,106.9000015258789,106.5,106.61000061035156,92.3201675415039,22194600
2023-05-22,106.68000030517578,106.93000030517578,106.5,106.56999969482422,92.28553771972656,15526700
2023-05-23,106.44999694824219,106.88999938964844,106.29000091552734,106.79000091552734,92.47605895996094,15529300
2023-05-24,106.8499984741211,106.88999938964844,106.30999755859375,106.37000274658203,92.11235809326172,16688900
2023-05-25,106.48999786376953,106.55999755859375,105.9800033569336,106.0199966430664,91.80921936035156,18743200
2023-05-26,106.04000091552734,106.51000213623047,105.95999908447266,106.47000122070312,92.19895935058594,15848500
2023-05-30,106.94000244140625,107.2699966430664,106.87999725341797,107.2699966430664,92.89171600341797,21581400
2023-05-31,107.23999786376953,107.73999786376953,107.06999969482422,107.62000274658203,93.1948013305664,24052300
2023-06-01,107.61000061035156,107.86000061035156,107.44000244140625,107.5999984741211,93.48062896728516,26084500
2023-06-02,107.69000244140625,107.76000213623047,107.22000122070312,107.30999755859375,93.2286605834961,17086600
2023-06-05,106.97000122070312,107.48999786376953,106.8499984741211,107.08000183105469,93.02886962890625,14211100
2023-06-06,107.11000061035156,107.31999969482422,106.81999969482422,107.29000091552734,93.21131134033203,25228400
2023-06-07,107.20999908447266,107.31999969482422,106.2699966430664,106.33000183105469,92.37727355957031,26526700
2023-06-08,106.44000244140625,107.0999984741211,106.41000366210938,107.04000091552734,92.9941177368164,16579800
2023-06-09,106.80999755859375,106.91999816894531,106.58000183105469,106.76000213623047,92.75083923339844,12060000
2023-06-12,106.98999786376953,107.11000061035156,106.41999816894531,107.0999984741211,93.04622650146484,14229300
2023-06-13,107.2699966430664,107.38999938964844,106.44999694824219,106.62000274658203,92.62921905517578,19385200
2023-06-14,106.93000030517578,107.22000122070312,106.43000030517578,106.94999694824219,92.91590118408203,30280100
2023-06-15,107.51000213623047,107.9000015258789,107.2699966430664,107.87999725341797,93.72388458251953,23426200
2023-06-16,107.54000091552734,107.79000091552734,107.30000305175781,107.69000244140625,93.55880737304688,13184500
2023-06-20,107.8499984741211,108.19999694824219,107.8499984741211,108.08000183105469,93.89765167236328,22272700
2023-06-21,107.62999725341797,108.08999633789062,107.30999755859375,107.95999908447266,93.79337310791016,17521700
2023-06-22,107.55999755859375,107.80000305175781,107.22000122070312,107.4000015258789,93.30686950683594,16007900
2023-06-23,108.12000274658203,108.12000274658203,107.5,107.69999694824219,93.56749725341797,13102800
2023-06-26,107.9800033569336,108.0199966430664,107.76000213623047,107.81999969482422,93.67178344726562,14642200
2023-06-27,107.93000030517578,108.12999725341797,107.45999908447266,107.69999694824219,93.56749725341797,15749300
2023-06-28,107.8499984741211,108.19000244140625,107.62999725341797,108.16999816894531,93.975830078125,17806000
2023-06-29,107.37000274658203,107.45999908447266,107.01000213623047,107.3499984741211,93.263427734375,25554500
2023-06-30,107.62999725341797,108.20999908447266,107.44000244140625,108.13999938964844,93.94974517822266,20938600
2023-07-03,107.87000274658203,108.16000366210938,107.48999786376953,107.48999786376953,93.68656921386719,11810800
2023-07-05,107.30999755859375,107.37999725341797,106.58999633789062,106.72000122070312,93.01542663574219,21463300
2023-07-06,105.87999725341797,105.94000244140625,105.3499984741211,105.63999938964844,92.07412719726562,35240800
2023-07-07,105.66999816894531,105.98999786376953,105.5199966430664,105.54000091552734,91.98697662353516,17148000
2023-07-10,105.68000030517578,106.19000244140625,105.58000183105469,106.08999633789062,92.46633911132812,16360600
2023-07-11,106.33999633789062,106.66000366210938,106.20999908447266,106.58999633789062,92.90211486816406,21693900
2023-07-12,107.12000274658203,107.68000030517578,107.12000274658203,107.52999877929688,93.72142028808594,23217300
2023-07-13,107.98999786376953,108.33000183105469,107.87000274658203,108.29000091552734,94.3837890625,21637500
2023-07-14,108.12000274658203,108.23999786376953,107.41999816894531,107.44999694824219,93.65167999267578,23784000
2023-07-17,107.43000030517578,107.72000122070312,107.3499984741211,107.62999725341797,93.80857849121094,12260100
2023-07-18,108.06999969482422,108.18000030517578,107.86000061035156,107.9000015258789,94.04389953613281,17403600
2023-07-19,108.26000213623047,108.5199966430664,108.08000183105469,108.51000213623047,94.57556915283203,20871600
2023-07-20,108.06999969482422,108.0999984741211,107.48999786376953,107.77999877929688,93.93931579589844,37868000
2023-07-21,108.18000030517578,108.20999908447266,107.87999725341797,107.97000122070312,94.10490417480469,16517800
2023-07-24,108.16000366210938,108.30000305175781,107.80999755859375,107.83999633789062,93.9916000366211,17999400
2023-07-25,107.55999755859375,107.88999938964844,107.54000091552734,107.66999816894531,93.84343719482422,15029800
2023-07-26,108.05999755859375,108.26000213623047,107.69000244140625,108.16999816894531,94.27923583984375,17816800
2023-07-27,108.04000091552734,108.12999725341797,106.72000122070312,106.8499984741211,93.12872314453125,29142600
2023-07-28,107.33000183105469,107.5999984741211,107.13999938964844,107.55000305175781,93.73883056640625,18719300
2023-07-31,107.58000183105469,108.02999877929688,107.58000183105469,107.8499984741211,94.00031280517578,24906600
2023-08-01,106.80000305175781,106.97000122070312,106.31999969482422,106.41000366210938,93.06365203857422,22977700
2023-08-02,105.80000305175781,105.87999725341797,105.38999938964844,105.76000213623047,92.49517059326172,28516700
2023-08-03,104.91000366210938,104.94999694824219,104.55999755859375,104.80999755859375,91.66429901123047,27632700
2023-08-04,105.19000244140625,106.04000091552734,105.18000030517578,105.9000015258789,92.61764526367188,19998900
2023-08-07,105.80999755859375,105.86000061035156,105.5,105.63999938964844,92.39019775390625,10726300
2023-08-08,106.12999725341797,106.30000305175781,105.91999816894531,106.05999755859375,92.75753784179688,17616200
2023-08-09,106.19999694824219,106.30999755859375,106.05999755859375,106.16000366210938,92.8449935913086,11514100
2023-08-10,106.29000091552734,106.55999755859375,105.37999725341797,105.41000366210938,92.1890640258789,22056400
2023-08-11,105.04000091552734,105.41000366210938,104.9800033569336,105.05000305175781,91.87423706054688,12803100
2023-08-14,105.0199966430664,105.30000305175781,104.70999908447266,105.01000213623047,91.83924102783203,9829300
2023-08-15,104.7699966430664,104.94999694824219,104.45999908447266,104.45999908447266,91.35822296142578,17279900
2023-08-16,104.37000274658203,104.66000366210938,103.86000061035156,103.98999786376953,90.94718170166016,20773700
2023-08-17,103.86000061035156,103.94999694824219,103.4000015258789,103.70999908447266,90.70231628417969,29797400
2023-08-18,103.7300033569336,104.20999908447266,103.62000274658203,104.0999984741211,91.04338836669922,17884100
2023-08-21,103.63999938964844,103.70999908447266,103.26000213623047,103.4800033569336,90.50112915039062,19065100
2023-08-22,103.58000183105469,103.87000274658203,103.43000030517578,103.80000305175781,90.781005859375,18361500
2023-08-23,104.4800033569336,105.27999877929688,104.4800033569336,105.26000213623047,92.05791473388672,22620400
2023-08-24,105.08000183105469,105.22000122070312,104.87999725341797,104.9000015258789,91.74303436279297,20129900
2023-08-25,104.86000061035156,105.29000091552734,104.51000213623047,104.95999908447266,91.79550170898438,18521400
2023-08-28,105.44000244140625,105.44999694824219,105.04000091552734,105.29000091552734,92.0841293334961,15271000
2023-08-29,105.2300033569336,106.16999816894531,105.1500015258789,106.12999725341797,92.81875610351562,21843300
2023-08-30,106.18000030517578,106.26000213623047,105.94000244140625,105.9800033569336,92.68757629394531,21533500
2023-08-31,106.16000366210938,106.4000015258789,106.06999969482422,106.16000366210938,92.8449935913086,20534800
2023-09-01,105.77999877929688,105.80999755859375,104.91000366210938,105.02999877929688,92.18412780761719,16514200
2023-09-05,104.70999908447266,104.75,104.25,104.27999877929688,91.52584075927734,16272800
2023-09-06,104.41999816894531,104.44999694824219,103.94999694824219,104.18000030517578,91.43806457519531,17733800
2023-09-07,104.30999755859375,104.6500015258789,104.20999908447266,104.63999938964844,91.8418197631836,17295600
2023-09-08,104.91000366210938,105.18000030517578,104.72000122070312,104.72000122070312,91.9120101928711,18608800
2023-09-11,104.58999633789062,104.63999938964844,104.38999938964844,104.5199966430664,91.73648071289062,13686300
2023-09-12,104.52999877929688,104.55000305175781,104.30999755859375,104.48999786376953,91.71014404296875,15839800
2023-09-13,104.37999725341797,104.81999969482422,104.31999969482422,104.72000122070312,91.9120101928711,19975200
2023-09-14,104.80000305175781,104.9000015258789,104.47000122070312,104.52999877929688,91.7452392578125,16821000
2023-09-15,104.43000030517578,104.4800033569336,104.1500015258789,104.37000274658203,91.60482788085938,21796400
2023-09-18,104.16999816894531,104.5999984741211,104.16999816894531,104.56999969482422,91.78038024902344,12182200
2023-09-19,104.31999969482422,104.43000030517578,104.18000030517578,104.22000122070312,91.47315216064453,14577800
2023-09-20,104.55999755859375,104.77999877929688,104.23999786376953,104.26000213623047,91.50828552246094,23735800
2023-09-21,103.41000366210938,103.43000030517578,103.12999725341797,103.20999908447266,90.5866928100586,30183800
2023-09-22,103.44999694824219,103.94000244140625,103.31999969482422,103.83999633789062,91.13965606689453,21849000
2023-09-25,103.05999755859375,103.36000061035156,102.80000305175781,102.83000183105469,90.25318145751953,25968600
2023-09-26,103.05000305175781,103.12000274658203,102.4000015258789,102.54000091552734,89.99864959716797,39047500
2023-09-27,103.0199966430664,103.11000061035156,101.69999694824219,102.05999755859375,89.57734680175781,35741200
2023-09-28,101.62000274658203,102.26000213623047,101.30000305175781,102.23999786376953,89.73533630371094,34650100
2023-09-29,102.77999877929688,102.91999816894531,101.77999877929688,102.0199966430664,89.54224395751953,28143000
2023-10-02,101.12999725341797,101.30000305175781,100.5999984741211,100.69000244140625,88.72191619873047,18787800
2023-10-03,100.37000274658203,100.52999877929688,99.38999938964844,99.52999877929688,87.69979095458984,30830200
2023-10-04,100.08999633789062,100.44999694824219,99.66999816894531,100.4000015258789,88.46638488769531,25863600
2023-10-05,100.54000091552734,100.75,100.12000274658203,100.27999877929688,88.36063385009766,21155700
2023-10-06,99.31999969482422,100.19999694824219,99.16999816894531,99.9800033569336,88.09628295898438,21667900
2023-10-09,100.4800033569336,101.25,100.30999755859375,101.22000122070312,89.18891143798828,6398600
2023-10-10,100.76000213623047,101.66000366210938,100.56999969482422,101.26000213623047,89.22415924072266,23168100
2023-10-11,101.86000061035156,101.94000244140625,101.43000030517578,101.87999725341797,89.77046203613281,22655800
2023-10-12,101.7300033569336,101.83999633789062,100.5999984741211,100.81999969482422,88.83646392822266,27899900
2023-10-13,101.6500015258789,101.7300033569336,101.18000030517578,101.37999725341797,89.32989501953125,20716300
2023-10-16,100.81999969482422,100.94999694824219,100.62999725341797,100.68000030517578,88.71308898925781,25991800
2023-10-17,99.80000305175781,100.22000122070312,99.55999755859375,99.87999725341797,88.00818634033203,24273500
2023-10-18,99.51000213623047,99.56999969482422,98.94999694824219,99.08000183105469,87.30329132080078,32144400
2023-10-19,98.91999816894531,99.2300033569336,98.2699966430664,98.27999877929688,86.5983657836914,41211800
2023-10-20,98.36000061035156,98.76000213623047,98.36000061035156,98.66999816894531,86.94202423095703,27130800
2023-10-23,98.37999725341797,99.70999908447266,98.23999786376953,99.44000244140625,87.62047576904297,21103000
2023-10-24,99.58999633789062,100.05999755859375,99.41999816894531,100.0,88.11392211914062,24517600
2023-10-25,99.44000244140625,99.5,98.86000061035156,99.08999633789062,87.31209564208984,20957000
2023-10-26,99.18000030517578,99.87000274658203,99.02999877929688,99.80999755859375,87.94648742675781,28046100
2023-10-27,99.69000244140625,99.81999969482422,99.30999755859375,99.61000061035156,87.770263671875,21362800
2023-10-30,99.33000183105469,99.52999877929688,99.01000213623047,99.30999755859375,87.50595092773438,20961500
2023-10-31,99.44000244140625,99.9000015258789,99.13999938964844,99.16999816894531,87.38257598876953,28805700
2023-11-01,99.2699966430664,100.26000213623047,99.22000122070312,100.22000122070312,88.63308715820312,32111800
2023-11-02,101.19999694824219,101.48999786376953,101.02999877929688,101.41000366210938,89.6855239868164,31295500
2023-11-03,102.58000183105469,102.9000015258789,101.87999725341797,101.91000366210938,90.12771606445312,38496200
2023-11-06,101.7300033569336,101.7300033569336,101.25,101.37000274658203,89.65016174316406,17827700
2023-11-07,101.75,102.4000015258789,101.68000030517578,102.18000030517578,90.36648559570312,25518200
2023-11-08,102.33999633789062,102.79000091552734,102.33000183105469,102.69999694824219,90.82637023925781,26997000
2023-11-09,102.55999755859375,102.55999755859375,101.4800033569336,101.66000366210938,89.9066390991211,23864100
2023-11-10,102.30999755859375,102.33999633789062,101.97000122070312,102.16999816894531,90.3576431274414,18498900
2023-11-13,101.83000183105469,102.25,101.6500015258789,102.18000030517578,90.36648559570312,21439200
2023-11-14,103.80999755859375,104.05000305175781,103.66000366210938,103.77999877929688,91.78150177001953,28387800
2023-11-15,103.41999816894531,103.44999694824219,102.97000122070312,103.23999786376953,91.30393981933594,23895000
2023-11-16,103.7699966430664,104.13999938964844,103.69000244140625,104.08999633789062,92.05567932128906,21223000
2023-11-17,104.44999694824219,104.58000183105469,104.1500015258789,104.38999938964844,92.32096862792969,25810200
2023-11-20,104.26000213623047,104.87999725341797,104.23999786376953,104.80999755859375,92.69243621826172,18529400
2023-11-21,104.83000183105469,104.97000122070312,104.55000305175781,104.83999633789062,92.71898651123047,20273200
2023-11-22,105.23999786376953,105.37999725341797,104.8499984741211,105.26000213623047,93.09040069580078,18588000
2023-11-24,104.86000061035156,105.0199966430664,104.69999694824219,104.72000122070312,92.61282348632812,6391400
2023-11-27,105.05999755859375,105.58999633789062,104.87999725341797,105.56999969482422,93.36454772949219,17919500
2023-11-28,105.38999938964844,106.02999877929688,105.29000091552734,105.98999786376953,93.73600769042969,21320800
2023-11-29,106.54000091552734,106.91000366210938,106.4000015258789,106.8499984741211,94.49659729003906,20661800
2023-11-30,106.61000061035156,106.63999938964844,106.08000183105469,106.29000091552734,94.00131225585938,41950900
2023-12-01,106.04000091552734,107.22000122070312,105.9000015258789,107.16999816894531,95.13311767578125,27733500
2023-12-04,106.80999755859375,106.94999694824219,106.44999694824219,106.68000030517578,94.69815063476562,28914300
2023-12-05,107.16000366210938,107.66999816894531,107.02999877929688,107.52999877929688,95.45266723632812,33315200
2023-12-06,107.8499984741211,108.19000244140625,107.72000122070312,107.93000030517578,95.80773162841797,22544300
2023-12-07,107.79000091552734,108.2300033569336,107.68000030517578,107.94000244140625,95.81664276123047,20253300
2023-12-08,107.33999633789062,107.62999725341797,107.18000030517578,107.36000061035156,95.3017807006836,21624200
2023-12-11,107.22000122070312,107.36000061035156,106.77999877929688,107.33000183105469,95.27513122558594,17714600
2023-12-12,107.31999969482422,107.9800033569336,107.13999938964844,107.94000244140625,95.81664276123047,22111100
2023-12-13,108.3499984741211,109.94999694824219,108.12999725341797,109.75,97.42333984375,33623500
2023-12-14,110.23999786376953,110.87000274658203,110.12000274658203,110.5199966430664,98.45941162109375,28202300
2023-12-15,110.41999816894531,110.56999969482422,110.13999938964844,110.36000061035156,98.31689453125,17904100
2023-12-18,110.04000091552734,110.16000366210938,109.83999633789062,109.9000015258789,97.90707397460938,19714500
2023-12-19,110.11000061035156,110.37000274658203,109.95999908447266,110.04000091552734,98.03181457519531,18086800
2023-12-20,110.25,110.41999816894531,109.91000366210938,110.33000183105469,98.29015350341797,23942000
2023-12-21,110.58999633789062,110.70999908447266,110.02999877929688,110.29000091552734,98.25450897216797,24168300
2023-12-22,110.44000244140625,110.5,109.94000244140625,110.0999984741211,98.08526611328125,11037100
2023-12-26,110.13999938964844,110.4000015258789,110.08999633789062,110.33000183105469,98.29015350341797,5816000
2023-12-27,110.88999938964844,111.4000015258789,110.72000122070312,111.36000061035156,99.20775604248047,13646400
2023-12-28,111.20999908447266,111.38999938964844,110.91999816894531,111.06999969482422,98.94940948486328,14288800
2023-12-29,110.69999694824219,111.01000213623047,110.55999755859375,110.66000366210938,98.58415985107422,17956700
2024-01-02,109.94000244140625,110.16999816894531,109.79000091552734,109.91000366210938,97.91597747802734,20622000
2024-01-03,109.0999984741211,109.7699966430664,108.91999816894531,109.66000366210938,97.69328308105469,35384900
2024-01-04,109.0,109.25,108.87000274658203,109.05000305175781,97.14981079101562,43111300
2024-01-05,108.72000122070312,109.56999969482422,108.58000183105469,108.66000366210938,96.80240631103516,24385500
2024-01-08,108.76000213623047,109.55000305175781,108.73999786376953,109.48999786376953,97.54180145263672,29182300
2024-01-09,109.31999969482422,109.79000091552734,109.2699966430664,109.68000030517578,97.71109771728516,55126300
2024-01-10,110.05000305175781,110.16000366210938,109.47000122070312,109.54000091552734,97.58639526367188,32323500
2024-01-11,109.7300033569336,110.33999633789062,109.38999938964844,110.19999694824219,98.17433166503906,50960900
2024-01-12,110.55000305175781,110.8499984741211,110.12999725341797,110.44000244140625,98.38815307617188,30479000
2024-01-16,109.8499984741211,109.98999786376953,109.0999984741211,109.31999969482422,97.39037322998047,27124600
2024-01-17,109.06999969482422,109.25,108.69999694824219,109.08999633789062,97.18545532226562,34414000
2024-01-18,109.26000213623047,109.33000183105469,108.76000213623047,108.87999725341797,96.9983901977539,28325100
2024-01-19,108.83999633789062,109.0199966430664,108.44999694824219,108.98999786376953,97.09638214111328,25621500
2024-01-22,109.48999786376953,109.56999969482422,109.16000366210938,109.29000091552734,97.3636474609375,17679900
2024-01-23,109.04000091552734,109.04000091552734,108.66999816894531,108.88999938964844,97.0073013305664,25439500
2024-01-24,109.38999938964844,109.44999694824219,108.58999633789062,108.68000030517578,96.82020568847656,26828300
2024-01-25,109.26000213623047,109.44000244140625,109.05000305175781,109.4000015258789,97.46165466308594,39484000
2024-01-26,109.44000244140625,109.44999694824219,109.05999755859375,109.08999633789062,97.18545532226562,26642300
2024-01-29,109.52999877929688,109.77999877929688,109.31999969482422,109.54000091552734,97.58639526367188,27060700
2024-01-30,109.81999969482422,109.91000366210938,109.33999633789062,109.88999938964844,97.89817810058594,30459200
2024-01-31,110.36000061035156,110.63999938964844,109.87000274658203,110.16999816894531,98.14759826660156,44733000
2024-02-01,110.51000213623047,110.91000366210938,110.0999984741211,110.62999725341797,98.90666198730469,42478500
2024-02-02,109.47000122070312,109.70999908447266,109.22000122070312,109.62000274658203,98.0036849975586,39604900
2024-02-05,108.8499984741211,108.86000061035156,108.31999969482422,108.56999969482422,97.06494903564453,39266800
2024-02-06,108.75,109.36000061035156,108.72000122070312,109.18000030517578,97.61031341552734,26095200
2024-02-07,108.91999816894531,109.30999755859375,108.76000213623047,108.86000061035156,97.32422637939453,23574200
2024-02-08,108.54000091552734,108.58000183105469,108.19000244140625,108.30000305175781,96.82357788085938,26063900
2024-02-09,108.0199966430664,108.23999786376953,108.0,108.16000366210938,96.69840240478516,19029200
2024-02-12,108.22000122070312,108.2699966430664,107.86000061035156,108.16999816894531,96.70735168457031,30378900
2024-02-13,107.19999694824219,107.38999938964844,106.87000274658203,106.9800033569336,95.6434326171875,41494100
2024-02-14,107.0999984741211,107.5199966430664,107.08000183105469,107.4800033569336,96.09046173095703,41932200
2024-02-15,108.08000183105469,108.0999984741211,107.62000274658203,107.87000274658203,96.43912506103516,33255200
2024-02-16,107.36000061035156,107.58999633789062,107.23999786376953,107.4800033569336,96.09046173095703,26189800
2024-02-20,107.83999633789062,107.94999694824219,107.62000274658203,107.83999633789062,96.41228485107422,22386600
2024-02-21,107.91999816894531,107.91999816894531,107.41999816894531,107.56999969482422,96.17089080810547,23606200
2024-02-22,107.7300033569336,107.93000030517578,107.5999984741211,107.73999786376953,96.32289123535156,28705900
2024-02-23,107.79000091552734,108.22000122070312,107.7300033569336,108.05999755859375,96.60899353027344,29856300
2024-02-26,108.08999633789062,108.08999633789062,107.4800033569336,107.72000122070312,96.30500793457031,26696200
2024-02-27,107.6500015258789,107.83999633789062,107.51000213623047,107.56999969482422,96.17089080810547,33453800
2024-02-28,107.44000244140625,107.62999725341797,107.4000015258789,107.55999755859375,96.16197967529297,32713500
2024-02-29,107.72000122070312,108.1500015258789,107.5199966430664,107.66000366210938,96.25139617919922,45656400
2024-03-01,107.04000091552734,108.02999877929688,106.75,107.91999816894531,96.83731842041016,42971500
2024-03-04,107.62999725341797,107.87000274658203,107.55000305175781,107.72000122070312,96.65784454345703,31472000
2024-03-05,108.29000091552734,108.5999984741211,108.13999938964844,108.30999755859375,97.18727111816406,33394200
2024-03-06,108.55000305175781,108.95999908447266,108.5199966430664,108.5999984741211,97.44750213623047,33176900
2024-03-07,108.98999786376953,109.02999877929688,108.5999984741211,108.87000274658203,97.68974304199219,22875700
2024-03-08,109.08999633789062,109.30000305175781,108.91999816894531,109.0199966430664,97.8243637084961,29591100
2024-03-11,109.04000091552734,109.29000091552734,108.87000274658203,109.04000091552734,97.84231567382812,25360200
2024-03-12,108.87000274658203,108.95999908447266,108.58999633789062,108.69000244140625,97.52825164794922,30852100
2024-03-13,108.72000122070312,108.94000244140625,108.54000091552734,108.58000183105469,97.42955017089844,31089900
2024-03-14,108.25,108.25,107.69999694824219,107.77999877929688,96.71170043945312,48815400
2024-03-15,107.83000183105469,107.95999908447266,107.62999725341797,107.80999755859375,96.73858642578125,34525600
2024-03-18,107.87000274658203,107.91999816894531,107.61000061035156,107.62999725341797,96.57710266113281,18279900
2024-03-19,107.80999755859375,108.18000030517578,107.75,107.94000244140625,96.85527038574219,22721000
2024-03-20,107.9800033569336,108.33000183105469,107.52999877929688,108.13999938964844,97.03472900390625,41915400
2024-03-21,108.47000122070312,108.55000305175781,108.12999725341797,108.30000305175781,97.17831420898438,26546700
2024-03-22,108.88999938964844,108.91999816894531,108.62000274658203,108.66999816894531,97.51028442382812,20877600
2024-03-25,108.66000366210938,108.66000366210938,108.23999786376953,108.30000305175781,97.17831420898438,23291000
2024-03-26,108.48999786376953,108.48999786376953,108.12999725341797,108.2699966430664,97.15135955810547,27266700
2024-03-27,108.41999816894531,109.0199966430664,108.3499984741211,109.0199966430664,97.8243637084961,30600500
2024-03-28,108.88999938964844,109.19000244140625,108.80000305175781,108.91999816894531,97.73462677001953,23066200
2024-04-01,108.0199966430664,108.02999877929688,107.37999725341797,107.47000122070312,96.79878234863281,20817100
2024-04-02,106.93000030517578,107.36000061035156,106.68000030517578,107.30999755859375,96.6546859741211,32433900
2024-04-03,106.91999816894531,107.55999755859375,106.75,107.37999725341797,96.71772766113281,25198700
2024-04-04,107.77999877929688,107.77999877929688,107.29000091552734,107.5,96.82581329345703,31423800
2024-04-05,107.08000183105469,107.37999725341797,106.9800033569336,107.02999877929688,96.4024887084961,25134900
2024-04-08,106.93000030517578,107.22000122070312,106.86000061035156,107.0199966430664,96.3934555053711,37054400
2024-04-09,107.44999694824219,107.62999725341797,107.38999938964844,107.56999969482422,96.88883972167969,21967300
2024-04-10,106.73999786376953,106.73999786376953,105.87999725341797,106.04000091552734,95.51078796386719,45351600
2024-04-11,106.30999755859375,106.4000015258789,105.61000061035156,105.81999969482422,95.31263732910156,38047900
2024-04-12,106.29000091552734,106.33000183105469,106.0199966430664,106.05999755859375,95.5287857055664,35119700
2024-04-15,105.48999786376953,105.48999786376953,104.75,104.88999938964844,94.47496795654297,27018500
2024-04-16,104.45999908447266,104.66000366210938,104.18000030517578,104.54000091552734,94.15972900390625,34191600
2024-04-17,105.04000091552734,105.27999877929688,104.80999755859375,105.11000061035156,94.67312622070312,26726300
2024-04-18,105.18000030517578,105.20999908447266,104.7300033569336,104.9000015258789,94.4839859008789,25997900
2024-04-19,105.2699966430664,105.29000091552734,104.91000366210938,105.01000213623047,94.58305358886719,20265600
2024-04-22,104.97000122070312,105.30999755859375,104.91999816894531,105.2699966430664,94.8172378540039,26642400
2024-04-23,105.16999816894531,105.87000274658203,105.0199966430664,105.44999694824219,94.97936248779297,26338800
2024-04-24,105.22000122070312,105.27999877929688,104.73999786376953,105.04000091552734,94.6100845336914,24538400
2024-04-25,104.30000305175781,104.77999877929688,104.13999938964844,104.7300033569336,94.33087158203125,29826400
2024-04-26,105.12999725341797,105.31999969482422,105.05999755859375,105.12999725341797,94.69112396240234,11784100
2024-04-29,105.43000030517578,105.66999816894531,105.30000305175781,105.56999969482422,95.08743286132812,18052100
2024-04-30,105.13999938964844,105.4000015258789,104.9000015258789,104.98999786376953,94.56504821777344,26008100
2024-05-01,104.87999725341797,105.55000305175781,104.6500015258789,105.01000213623047,94.95841217041016,30342900
2024-05-02,105.08999633789062,105.72000122070312,104.93000030517578,105.66000366210938,95.54618072509766,28044200
2024-05-03,106.43000030517578,106.79000091552734,106.0,106.4000015258789,96.21534729003906,24166800
2024-05-06,106.5199966430664,106.70999908447266,106.44999694824219,106.69999694824219,96.48664855957031,18519800
2024-05-07,107.0,107.16000366210938,106.6500015258789,106.75,96.53184509277344,28680400
2024-05-08,106.5,106.6500015258789,106.41000366210938,106.4800033569336,96.2876968383789,19916700
2024-05-09,106.4000015258789,106.7699966430664,106.29000091552734,106.6500015258789,96.44142150878906,25583500
2024-05-10,106.44000244140625,106.5199966430664,106.19000244140625,106.30999755859375,96.13394927978516,16291500
2024-05-13,106.55999755859375,106.6500015258789,106.31999969482422,106.3499984741211,96.17011260986328,20464200
2024-05-14,106.62999725341797,106.77999877929688,106.5,106.66000366210938,96.45048522949219,25440400
2024-05-15,107.5,107.77999877929688,107.25,107.61000061035156,97.30952453613281,33780900
2024-05-16,107.76000213623047,107.77999877929688,107.38999938964844,107.44000244140625,97.15582275390625,23586600
2024-05-17,107.25,107.44999694824219,107.16000366210938,107.19000244140625,96.92975616455078,21862800
2024-05-20,107.11000061035156,107.2300033569336,107.05999755859375,107.13999938964844,96.88452911376953,17885200
2024-05-21,107.44000244140625,107.4800033569336,107.26000213623047,107.31999969482422,97.04730224609375,17411900
2024-05-22,107.01000213623047,107.31999969482422,107.0,107.16000366210938,96.90260314941406,26735600
2024-05-23,107.30000305175781,107.33000183105469,106.56999969482422,106.69000244140625,96.47758483886719,24876100
2024-05-24,106.70999908447266,106.98999786376953,106.62000274658203,106.9800033569336,96.73985290527344,11189500
2024-05-28,107.12999725341797,107.12999725341797,106.2699966430664,106.33999633789062,96.16109466552734,15989600
2024-05-29,105.95999908447266,105.97000122070312,105.55000305175781,105.7699966430664,95.64566040039062,30015700
2024-05-30,106.19999694824219,106.44999694824219,106.12999725341797,106.41999816894531,96.23342895507812,21036300
2024-05-31,106.83999633789062,107.0199966430664,106.66999816894531,106.88999938964844,96.65845489501953,19901400
2024-06-03,106.80999755859375,107.23999786376953,106.76000213623047,107.22000122070312,97.32561492919922,20154900
2024-06-04,107.5199966430664,107.80000305175781,107.3499984741211,107.63999938964844,97.70684814453125,24545200
2024-06-05,107.81999969482422,108.02999877929688,107.43000030517578,108.0,98.03362274169922,26584700
2024-06-06,107.83000183105469,108.02999877929688,107.79000091552734,107.93000030517578,97.9700927734375,22687100
2024-06-07,107.02999877929688,107.19999694824219,106.87000274658203,106.95999908447266,97.08960723876953,26228700
2024-06-10,106.75,106.83999633789062,106.6500015258789,106.73999786376953,96.88990783691406,19415700
2024-06-11,106.80000305175781,107.2699966430664,106.7300033569336,107.19999694824219,97.30746459960938,19042600
2024-06-12,108.27999877929688,108.55999755859375,107.81999969482422,107.86000061035156,97.90656280517578,27209400
2024-06-13,108.3499984741211,108.55000305175781,108.05999755859375,108.37000274658203,98.36952209472656,26782700
2024-06-14,108.43000030517578,108.58000183105469,108.25,108.45999908447266,98.45117950439453,28561900
2024-06-17,107.81999969482422,108.01000213623047,107.7300033569336,107.94999694824219,97.98825073242188,24678700
2024-06-18,108.18000030517578,108.55000305175781,108.13999938964844,108.44999694824219,98.44212341308594,25576600
2024-06-20,107.83999633789062,108.11000061035156,107.77999877929688,108.08999633789062,98.11532592773438,21206300
2024-06-21,108.19000244140625,108.3499984741211,107.86000061035156,108.12000274658203,98.14259338378906,21091200
2024-06-24,108.2300033569336,108.41999816894531,108.16999816894531,108.2300033569336,98.24241638183594,18597600
2024-06-25,108.1500015258789,108.29000091552734,108.0199966430664,108.19000244140625,98.20613861083984,16251600
2024-06-26,107.5,107.69999694824219,107.38999938964844,107.5999984741211,97.6705551147461,26381300
2024-06-27,107.93000030517578,107.9800033569336,107.77999877929688,107.80999755859375,97.86116027832031,19939400
2024-06-28,108.08000183105469,108.11000061035156,107.08999633789062,107.12000274658203,97.23484802246094,27395800
2024-07-01,106.33999633789062,106.69999694824219,106.05000305175781,106.11000061035156,96.65733337402344,22429100
2024-07-02,106.6500015258789,106.81999969482422,106.41000366210938,106.79000091552734,97.2767333984375,19845700
2024-07-03,107.1500015258789,107.58000183105469,107.04000091552734,107.58000183105469,97.99637603759766,14318900
2024-07-05,107.98999786376953,108.19999694824219,107.69999694824219,108.13999938964844,98.5064697265625,18800300
2024-07-08,108.22000122070312,108.30999755859375,107.9800033569336,108.12999725341797,98.49737548828125,18136600
2024-07-09,107.94999694824219,108.12000274658203,107.69000244140625,107.93000030517578,98.31517791748047,20384700
2024-07-10,108.05999755859375,108.20999908447266,107.9000015258789,108.19000244140625,98.55204010009766,17263200
2024-07-11,108.86000061035156,109.0199966430664,108.68000030517578,108.7699966430664,99.08035278320312,31411700
2024-07-12,108.83000183105469,109.16999816894531,108.7300033569336,109.16999816894531,99.44471740722656,20301300
2024-07-15,108.80000305175781,108.95999908447266,108.55000305175781,108.56999969482422,98.89818572998047,18291500
2024-07-16,108.83000183105469,109.22000122070312,108.73999786376953,109.19999694824219,99.47206115722656,20090700
2024-07-17,108.9000015258789,109.30000305175781,108.83999633789062,109.25,99.51759338378906,21313500
2024-07-18,108.98999786376953,109.23999786376953,108.73999786376953,108.77999877929688,99.0894546508789,28091700
2024-07-19,108.56999969482422,108.58000183105469,108.30999755859375,108.37999725341797,98.7251205444336,16576600
2024-07-22,108.72000122070312,108.76000213623047,108.19999694824219,108.31999969482422,98.67044067382812,22556800
2024-07-23,108.45999908447266,108.56999969482422,108.23999786376953,108.23999786376953,98.59757995605469,24425700
2024-07-24,108.37000274658203,108.47000122070312,107.58000183105469,107.58000183105469,97.99637603759766,28026100
2024-07-25,107.79000091552734,108.27999877929688,107.7699966430664,108.01000213623047,98.38805389404297,29760400
2024-07-26,108.61000061035156,108.66000366210938,108.3499984741211,108.61000061035156,98.93462371826172,21119900
2024-07-29,108.93000030517578,108.97000122070312,108.62000274658203,108.83999633789062,99.14412689208984,24734600
2024-07-30,108.91999816894531,108.98999786376953,108.69000244140625,108.93000030517578,99.22610473632812,14952000
2024-07-31,109.38999938964844,109.58999633789062,109.08999633789062,109.55999755859375,99.79999542236328,29226900
2024-08-01,109.55999755859375,109.83999633789062,109.44999694824219,109.52999877929688,100.13090515136719,34564600
2024-08-02,110.11000061035156,110.69000244140625,110.11000061035156,110.5999984741211,101.10910034179688,46697900
2024-08-05,110.55999755859375,110.66000366210938,110.01000213623047,110.31999969482422,100.85313415527344,56991100
2024-08-06,110.19999694824219,110.23999786376953,109.58000183105469,109.5999984741211,100.19490814208984,47432500
2024-08-07,109.54000091552734,109.7699966430664,108.94000244140625,109.0999984741211,99.73782348632812,46819000
2024-08-08,109.04000091552734,109.22000122070312,108.83999633789062,109.1500015258789,99.78351593017578,23536800
2024-08-09,109.88999938964844,109.91999816894531,109.61000061035156,109.70999908447266,100.29548645019531,23199700
2024-08-12,109.66000366210938,110.05999755859375,109.55000305175781,109.94000244140625,100.50572967529297,24281800
2024-08-13,110.45999908447266,110.70999908447266,110.30000305175781,110.70999908447266,101.20966339111328,31245000
2024-08-14,110.83999633789062,111.33999633789062,110.83000183105469,111.19999694824219,101.65760803222656,28985600
2024-08-15,110.51000213623047,111.01000213623047,110.44000244140625,110.86000061035156,101.34678649902344,29546000
2024-08-16,110.9800033569336,111.26000213623047,110.41999816894531,111.19000244140625,101.64846801757812,21411500
2024-08-19,111.16999816894531,111.56999969482422,111.1500015258789,111.44999694824219,101.88613891601562,16004100
2024-08-20,111.63999938964844,111.80000305175781,111.44999694824219,111.73999786376953,102.15127563476562,27114000
2024-08-21,111.83000183105469,112.27999877929688,111.66999816894531,111.98999786376953,102.37982177734375,23819100
2024-08-22,111.73999786376953,111.81999969482422,111.29000091552734,111.52999877929688,101.95931243896484,17926300
2024-08-23,111.8499984741211,112.30000305175781,111.70999908447266,112.16999816894531,102.54438018798828,22650200
2024-08-26,112.4000015258789,112.4000015258789,111.98999786376953,112.02999877929688,102.4164047241211,15312500
2024-08-27,111.58000183105469,111.98999786376953,111.54000091552734,111.94000244140625,102.3341064453125,15922700
2024-08-28,111.87000274658203,111.95999908447266,111.63999938964844,111.70999908447266,102.12381744384766,22104600
2024-08-29,111.48999786376953,111.63999938964844,111.33999633789062,111.5199966430664,101.95014190673828,20079400
2024-08-30,111.66000366210938,111.80999755859375,111.16999816894531,111.20999908447266,101.66675567626953,25275500
2024-09-03,111.29000091552734,111.5199966430664,110.97000122070312,111.13999938964844,101.97412872314453,27734500
2024-09-04,111.20999908447266,111.87000274658203,111.19000244140625,111.83000183105469,102.60722351074219,31915900
2024-09-05,112.16000366210938,112.41000366210938,111.73999786376953,112.37999725341797,103.11186218261719,35538500
2024-09-06,112.4000015258789,113.05999755859375,112.12999725341797,112.33000183105469,103.06600189208984,42004600
2024-09-09,112.30999755859375,112.69000244140625,112.18000030517578,112.58000183105469,103.29537200927734,35440300
2024-09-10,112.62999725341797,112.91000366210938,112.51000213623047,112.88999938964844,103.57980346679688,30489500
2024-09-11,112.66000366210938,113.11000061035156,112.56999969482422,112.94000244140625,103.62568664550781,36948000
2024-09-12,112.86000061035156,112.94999694824219,112.55999755859375,112.86000061035156,103.5522689819336,30255700
2024-09-13,113.22000122070312,113.37000274658203,113.0999984741211,113.20999908447266,103.87339782714844,25536600
2024-09-16,113.3499984741211,113.79000091552734,113.22000122070312,113.70999908447266,104.3321762084961,25722000
2024-09-17,113.9000015258789,113.91999816894531,113.54000091552734,113.72000122070312,104.34136962890625,31732800
2024-09-18,113.44000244140625,114.06999969482422,113.22000122070312,113.25,103.91011810302734,35015500
2024-09-19,113.30000305175781,113.55999755859375,113.13999938964844,113.3499984741211,104.00187683105469,31216900
2024-09-20,113.18000030517578,113.5,112.98999786376953,113.44999694824219,104.0936279296875,29958900
2024-09-23,113.0999984741211,113.5199966430664,112.95999908447266,113.29000091552734,103.94681549072266,22919400
2024-09-24,113.0,113.56999969482422,112.9000015258789,113.4800033569336,104.12116241455078,24719900
2024-09-25,113.16000366210938,113.19999694824219,112.77999877929688,112.80999755859375,103.50640869140625,32881300
2024-09-26,113.01000213623047,113.08999633789062,112.5199966430664,112.80999755859375,103.50640869140625,20877100
2024-09-27,113.12999725341797,113.3499984741211,113.05000305175781,113.26000213623047,103.91929626464844,25232000
2024-09-30,113.19999694824219,113.31999969482422,112.83000183105469,112.9800033569336,103.6623764038086,22728400
2024-10-01,113.0999984741211,113.29000091552734,112.87000274658203,113.11000061035156,104.16057586669922,36591300
2024-10-02,112.44000244140625,112.87999725341797,112.38999938964844,112.86000061035156,103.93034362792969,29446700
2024-10-03,112.58000183105469,112.62999725341797,112.12999725341797,112.12999725341797,103.25810241699219,24163200
2024-10-04,111.55000305175781,111.63999938964844,111.38999938964844,111.5199966430664,102.69637298583984,33618100
2024-10-07,111.12000274658203,111.33000183105469,110.87999725341797,110.94999694824219,102.1714859008789,27106300
2024-10-08,110.81999969482422,111.16999816894531,110.66999816894531,111.16999816894531,102.37406921386719,27316000
2024-10-09,110.93000030517578,111.06999969482422,110.75,110.94999694824219,102.1714859008789,29951900
2024-10-10,110.7300033569336,110.88999938964844,110.5,110.83000183105469,102.06098175048828,25932500
2024-10-11,110.66999816894531,111.0199966430664,110.56999969482422,110.80999755859375,102.04257202148438,20079000
2024-10-14,110.5,110.83999633789062,110.37000274658203,110.81999969482422,102.0517578125,4335400
2024-10-15,111.05000305175781,111.47000122070312,111.05000305175781,111.36000061035156,102.54903411865234,28673200
2024-10-16,111.66999816894531,111.79000091552734,111.48999786376953,111.70999908447266,102.87132263183594,20474300
2024-10-17,111.27999877929688,111.31999969482422,110.83000183105469,110.87999725341797,102.10702514648438,31476700
2024-10-18,111.05999755859375,111.1500015258789,110.7300033569336,110.75,101.98731231689453,27372400
2024-10-21,110.20999908447266,110.27999877929688,109.58000183105469,109.62000274658203,100.94672393798828,28320400
2024-10-22,109.72000122070312,109.73999786376953,109.3499984741211,109.61000061035156,100.9375,26001200
2024-10-23,109.23999786376953,109.45999908447266,109.08000183105469,109.23999786376953,100.59676361083984,25425800
2024-10-24,109.41000366210938,109.7699966430664,109.2699966430664,109.56999969482422,100.9006576538086,21021100
2024-10-25,109.87999725341797,109.94000244140625,109.25,109.30999755859375,100.66123962402344,16040900
2024-10-28,109.43000030517578,109.48999786376953,108.97000122070312,109.22000122070312,100.578369140625,20935200
2024-10-29,108.73999786376953,109.37999725341797,108.66000366210938,109.3499984741211,100.69805908203125,24075800
2024-10-30,109.68000030517578,109.94999694824219,109.16000366210938,109.20999908447266,100.56914520263672,25259100
2024-10-31,109.02999877929688,109.31999969482422,108.72000122070312,108.98999786376953,100.36656951904297,29424400
2024-11-01,108.9000015258789,109.06999969482422,107.95999908447266,108.01000213623047,99.81668090820312,25142200
2024-11-04,108.9000015258789,109.08000183105469,108.5199966430664,108.80999755859375,100.55599975585938,24713500
2024-11-05,108.76000213623047,109.3499984741211,108.5,109.33000183105469,101.03654479980469,23732500
2024-11-06,108.06999969482422,108.6500015258789,107.91000366210938,108.19000244140625,99.9830551147461,38097900
2024-11-07,108.83000183105469,109.58999633789062,108.72000122070312,109.47000122070312,101.16594696044922,24596700
2024-11-08,109.70999908447266,110.08000183105469,109.58999633789062,109.8499984741211,101.51712036132812,21113600
2024-11-11,109.6500015258789,109.7300033569336,109.45999908447266,109.63999938964844,101.32305908203125,7971100
2024-11-12,109.16999816894531,109.4000015258789,108.55999755859375,108.6500015258789,100.40813446044922,36203300
2024-11-13,109.23999786376953,109.25,108.16999816894531,108.23999786376953,100.02924346923828,22942500
2024-11-14,108.52999877929688,108.72000122070312,108.0999984741211,108.20999908447266,100.00151824951172,26889100
2024-11-15,107.91000366210938,108.5199966430664,107.5999984741211,108.26000213623047,100.04771423339844,27276300
2024-11-18,108.12999725341797,108.63999938964844,108.04000091552734,108.45999908447266,100.23255920410156,19399100
2024-11-19,108.72000122070312,108.91000366210938,108.61000061035156,108.69000244140625,100.44513702392578,21473200
2024-11-20,108.30999755859375,108.5999984741211,108.2699966430664,108.43000030517578,100.204833984375,24792000
2024-11-21,108.47000122070312,108.75,108.20999908447266,108.30000305175781,100.08470153808594,22507400
2024-11-22,108.4800033569336,108.58999633789062,108.22000122070312,108.4000015258789,100.17710876464844,13813000
2024-11-25,109.55999755859375,109.80999755859375,109.41999816894531,109.75,101.42469787597656,21678000
2024-11-26,109.48999786376953,109.5199966430664,109.11000061035156,109.47000122070312,101.16594696044922,25005000
2024-11-27,109.79000091552734,109.9800033569336,109.55999755859375,109.87000274658203,101.53559112548828,23584000
2024-11-29,110.33999633789062,110.56999969482422,110.29000091552734,110.55000305175781,102.16401672363281,11838900
2024-12-02,110.3499984741211,110.43000030517578,109.80999755859375,110.33999633789062,102.32445526123047,33409400
2024-12-03,110.45999908447266,110.54000091552734,109.88999938964844,109.94999694824219,101.96278381347656,27394800
2024-12-04,109.75,110.58999633789062,109.69999694824219,110.4800033569336,102.45428466796875,22704100
2024-12-05,110.20999908447266,110.54000091552734,110.16999816894531,110.44999694824219,102.42646789550781,16792500
2024-12-06,110.91999816894531,110.93000030517578,110.44000244140625,110.69999694824219,102.65828704833984,16668800
2024-12-09,110.54000091552734,110.5999984741211,110.33000183105469,110.41999816894531,102.39864349365234,21149300
2024-12-10,110.16999816894531,110.4000015258789,110.11000061035156,110.25,102.2409896850586,19497500
2024-12-11,110.44999694824219,110.58999633789062,109.93000030517578,109.94999694824219,101.96278381347656,24516500
2024-12-12,109.69000244140625,109.72000122070312,109.25,109.33000183105469,101.38783264160156,24747600
2024-12-13,109.18000030517578,109.19000244140625,108.6500015258789,108.72000122070312,100.82212829589844,13195000
2024-12-16,109.02999877929688,109.05999755859375,108.69999694824219,108.86000061035156,100.95196533203125,18893000
2024-12-17,108.83999633789062,109.0199966430664,108.75,108.87000274658203,100.96124267578125,29945700
2024-12-18,108.36000061035156,108.58999633789062,107.05000305175781,107.13999938964844,99.70951843261719,36753900
2024-12-19,106.86000061035156,107.0,106.33000183105469,106.55999755859375,99.16973114013672,40479900
2024-12-20,107.08999633789062,107.47000122070312,106.80999755859375,106.9800033569336,99.56063079833984,27608300
2024-12-23,107.01000213623047,107.08000183105469,106.55000305175781,106.66999816894531,99.27210235595703,13091800
2024-12-24,106.45999908447266,107.01000213623047,106.41999816894531,107.0,99.5792236328125,6215300
2024-12-26,106.5,107.13999938964844,106.5,107.0999984741211,99.67229461669922,12454800
2024-12-27,106.91000366210938,107.04000091552734,106.61000061035156,106.6500015258789,99.25347900390625,13908400
2024-12-30,107.02999877929688,107.18000030517578,106.97000122070312,107.11000061035156,99.6816177368164,9141400
2024-12-31,107.29000091552734,107.38999938964844,106.66999816894531,106.83999633789062,99.4303207397461,10768700
2025-01-02,107.12000274658203,107.30999755859375,106.62000274658203,106.8499984741211,99.43962860107422,19098100
2025-01-03,107.0,107.05999755859375,106.54000091552734,106.5999984741211,99.20697021484375,22610500
2025-01-06,106.5199966430664,106.58999633789062,106.2699966430664,106.33000183105469,98.9556884765625,24302200
2025-01-07,106.19000244140625,106.30999755859375,105.66999816894531,105.83999633789062,98.49966430664062,25115700
2025-01-08,105.70999908447266,106.11000061035156,105.62999725341797,106.01000213623047,98.65789031982422,30143800
2025-01-10,105.3499984741211,105.73999786376953,105.22000122070312,105.4000015258789,98.0901870727539,24613500
2025-01-13,105.3499984741211,105.37000274658203,105.02999877929688,105.0999984741211,97.81099700927734,18873300
2025-01-14,105.19999694824219,105.27999877929688,104.94000244140625,105.22000122070312,97.92268371582031,27585200
2025-01-15,106.41999816894531,106.63999938964844,106.22000122070312,106.4800033569336,99.09529876708984,32123600
2025-01-16,106.43000030517578,106.91000366210938,106.20999908447266,106.69000244140625,99.2907485961914,24583300
2025-01-17,106.9800033569336,107.01000213623047,106.70999908447266,106.77999877929688,99.37448120117188,18912000
2025-01-21,107.2300033569336,107.41999816894531,107.12000274658203,107.4000015258789,99.95149230957031,20670600
2025-01-22,107.4000015258789,107.51000213623047,107.05000305175781,107.05999755859375,99.63506317138672,18418900
2025-01-23,106.58999633789062,106.91999816894531,106.56999969482422,106.91000366210938,99.49547576904297,18118300
2025-01-24,106.87000274658203,107.23999786376953,106.76000213623047,107.12000274658203,99.69092559814453,13020200
2025-01-27,107.6500015258789,107.88999938964844,107.51000213623047,107.86000061035156,100.37957763671875,18954300
2025-01-28,107.58000183105469,107.7699966430664,107.4800033569336,107.70999908447266,100.239990234375,22253100
2025-01-29,107.88999938964844,107.91999816894531,107.2300033569336,107.56999969482422,100.10970306396484,24969100
2025-01-30,107.86000061035156,108.01000213623047,107.66000366210938,107.80999755859375,100.33304595947266,22709300
2025-01-31,107.9000015258789,108.0199966430664,107.23999786376953,107.45999908447266,100.00733184814453,28454600
2025-02-03,107.36000061035156,107.68000030517578,107.0199966430664,107.23999786376953,100.1651840209961,21155000
2025-02-04,106.9800033569336,107.56999969482422,106.94000244140625,107.44999694824219,100.361328125,25086200
2025-02-05,108.04000091552734,108.43000030517578,107.7699966430664,108.19999694824219,101.06183624267578,30119200
2025-02-06,108.12999725341797,108.29000091552734,107.88999938964844,108.0,100.87503814697266,22557700
2025-02-07,107.63999938964844,107.72000122070312,107.4000015258789,107.52999877929688,100.43603515625,23911000
2025-02-10,107.62999725341797,107.8499984741211,107.44999694824219,107.55999755859375,100.46408081054688,15302300
2025-02-11,107.2300033569336,107.4000015258789,107.19999694824219,107.31999969482422,100.23989868164062,19478800
2025-02-12,106.56999969482422,106.87000274658203,106.36000061035156,106.73999786376953,99.69815063476562,31480600
2025-02-13,107.31999969482422,107.76000213623047,107.27999877929688,107.56999969482422,100.4734115600586,20735100
2025-02-14,108.12999725341797,108.3499984741211,107.98999786376953,107.98999786376953,100.86569213867188,14409400
2025-02-18,107.8499984741211,107.95999908447266,107.47000122070312,107.55000305175781,100.45471954345703,17640000
2025-02-19,107.51000213623047,107.7699966430664,107.4000015258789,107.61000061035156,100.5107650756836,26007400
2025-02-20,107.77999877929688,107.94999694824219,107.70999908447266,107.87000274658203,100.75360870361328,23814800
2025-02-21,108.0199966430664,108.58000183105469,107.98999786376953,108.25,101.10853576660156,30130700
2025-02-24,108.30999755859375,108.68000030517578,108.18000030517578,108.52999877929688,101.37008666992188,23399500
2025-02-25,109.20999908447266,109.4000015258789,109.05999755859375,109.36000061035156,102.14532470703125,26835200
2025-02-26,109.4000015258789,109.63999938964844,109.19000244140625,109.58999633789062,102.3601303100586,22983100
2025-02-27,109.27999877929688,109.44999694824219,109.06999969482422,109.12999725341797,101.93049621582031,27258200
2025-02-28,109.51000213623047,109.66000366210938,109.1500015258789,109.61000061035156,102.37882995605469,29596100
2025-03-03,108.94000244140625,109.54000091552734,108.87000274658203,109.54000091552734,102.70228576660156,42545300
2025-03-04,109.36000061035156,109.55000305175781,109.05000305175781,109.18000030517578,102.36476135253906,46053300
2025-03-05,109.33000183105469,109.44999694824219,108.7300033569336,108.83000183105469,102.03660583496094,45483500
2025-03-06,108.69000244140625,108.83999633789062,108.29000091552734,108.48999786376953,101.71784973144531,40519900
2025-03-07,109.02999877929688,109.02999877929688,108.19999694824219,108.31999969482422,101.5584487915039,30747100
2025-03-10,108.81999969482422,109.05999755859375,108.55000305175781,108.69000244140625,101.90534210205078,34294800
2025-03-11,108.61000061035156,108.68000030517578,107.94999694824219,107.9800033569336,101.23966979980469,42262600
2025-03-12,108.02999877929688,108.05999755859375,107.62000274658203,107.66000366210938,100.93963623046875,35875600
2025-03-13,107.29000091552734,108.02999877929688,107.18000030517578,108.0,101.25840759277344,43907900
2025-03-14,108.0,108.20999908447266,107.87000274658203,107.94999694824219,101.21154022216797,31358100
2025-03-17,108.3499984741211,108.55999755859375,108.12000274658203,108.16999816894531,101.41780853271484,17561400
2025-03-18,108.13999938964844,108.66000366210938,108.0199966430664,108.43000030517578,101.66156768798828,27948100
2025-03-19,108.44999694824219,109.18000030517578,108.27999877929688,109.06999969482422,102.26162719726562,27469800
2025-03-20,109.63999938964844,109.6500015258789,108.9000015258789,108.91000366210938,102.11161041259766,26937300
2025-03-21,108.9800033569336,109.0999984741211,108.69000244140625,108.76000213623047,101.97097778320312,26447400
2025-03-24,108.63999938964844,108.63999938964844,108.20999908447266,108.29000091552734,101.53031921386719,25243300
2025-03-25,108.29000091552734,108.62000274658203,108.19000244140625,108.4000015258789,101.6334457397461,22744000
2025-03-26,108.22000122070312,108.22000122070312,107.91000366210938,107.95999908447266,101.22090148925781,17115600
2025-03-27,107.7699966430664,107.87000274658203,107.63999938964844,107.83000183105469,101.09902954101562,22028900
2025-03-28,108.30000305175781,108.52999877929688,108.1500015258789,108.4800033569336,101.70845031738281,27257000
2025-03-31,108.75,108.81999969482422,108.30000305175781,108.69000244140625,101.90534210205078,29834300
2025-04-01,108.52999877929688,108.9000015258789,108.4800033569336,108.66000366210938,102.26959228515625,22059200
2025-04-02,109.01000213623047,109.01000213623047,108.3499984741211,108.91000366210938,102.5048828125,24769000
2025-04-03,109.11000061035156,109.54000091552734,108.75,108.9000015258789,102.4954605102539,41675700
2025-04-04,109.12999725341797,109.47000122070312,108.5,108.77999877929688,102.38252258300781,60793800
2025-04-07,107.7699966430664,108.2699966430664,106.36000061035156,106.66000366210938,100.38719940185547,62583200
2025-04-08,106.83999633789062,106.91000366210938,104.97000122070312,105.30999755859375,99.11659240722656,56747700
2025-04-09,104.08999633789062,107.11000061035156,103.7699966430664,107.06999969482422,100.7730941772461,77380700
2025-04-10,105.95999908447266,106.3499984741211,105.05999755859375,105.25,99.06012725830078,55825000
2025-04-11,104.52999877929688,105.43000030517578,103.44999694824219,105.2300033569336,99.04132080078125,41686900
2025-04-14,105.98999786376953,106.08999633789062,105.4800033569336,105.87999725341797,99.65309143066406,28111900
2025-04-15,105.93000030517578,106.61000061035156,105.87999725341797,106.44999694824219,100.18955993652344,20502600
2025-04-16,106.55000305175781,106.91000366210938,106.27999877929688,106.9000015258789,100.61307525634766,24639800
2025-04-17,106.91000366210938,107.0,106.56999969482422,106.75,100.471923828125,11483700
2025-04-21,106.20999908447266,106.37999725341797,105.51000213623047,105.5999984741211,99.38953399658203,23506700
2025-04-22,106.18000030517578,106.2300033569336,105.81999969482422,105.86000061035156,99.63426208496094,20939300
2025-04-23,107.55000305175781,107.66999816894531,106.30999755859375,106.33000183105469,100.07662963867188,31155900
2025-04-24,107.05999755859375,107.4800033569336,106.87000274658203,107.41999816894531,101.1025161743164,23838700
2025-04-25,107.83000183105469,108.04000091552734,107.6500015258789,107.98999786376953,101.63898468017578,14575300
2025-04-28,107.88999938964844,108.3499984741211,107.87999725341797,108.23999786376953,101.87427520751953,18297900
2025-04-29,108.05999755859375,108.5,108.05000305175781,108.48999786376953,102.10957336425781,19346200
2025-04-30,108.12999725341797,108.29000091552734,107.80999755859375,107.9800033569336,101.62957763671875,35129300
2025-05-01,107.76000213623047,107.76000213623047,107.08999633789062,107.16999816894531,101.27235412597656,28056300
2025-05-02,106.83999633789062,107.04000091552734,106.69999694824219,106.91000366210938,101.02667999267578,20302100
2025-05-05,106.63999938964844,106.80999755859375,106.30000305175781,106.76000213623047,100.88493347167969,20005800
2025-05-06,106.45999908447266,106.9800033569336,106.37000274658203,106.97000122070312,101.0833969116211,29906500
2025-05-07,107.19000244140625,107.30000305175781,107.0,107.19000244140625,101.2912826538086,19892000
2025-05-08,107.3499984741211,107.43000030517578,106.6500015258789,106.6500015258789,100.78099060058594,25149700
2025-05-09,106.93000030517578,107.02999877929688,106.58000183105469,106.61000061035156,100.74319458007812,18254700
2025-05-12,106.58999633789062,106.83000183105469,106.48999786376953,106.58999633789062,100.72428894042969,28270900
2025-05-13,106.69000244140625,106.81999969482422,106.47000122070312,106.68000030517578,100.80933380126953,32005700
2025-05-14,106.58000183105469,106.70999908447266,106.0999984741211,106.13999938964844,100.29905700683594,25340600
2025-05-15,106.38999938964844,106.95999908447266,106.31999969482422,106.9000015258789,101.01721954345703,30008300
2025-05-16,107.38999938964844,107.4000015258789,106.94999694824219,107.0999984741211,101.20621490478516,21888400
2025-05-19,106.16000366210938,107.16999816894531,106.05999755859375,107.11000061035156,101.21566772460938,33615600
2025-05-20,106.80000305175781,106.9800033569336,106.61000061035156,106.8499984741211,100.96997833251953,23036200
2025-05-21,106.36000061035156,106.54000091552734,105.56999969482422,105.66000366210938,99.84547424316406,35452800
2025-05-22,105.54000091552734,106.25,105.38999938964844,106.19999694824219,100.35575103759766,34010700
2025-05-23,106.41000366210938,106.56999969482422,106.08999633789062,106.27999877929688,100.43135833740234,21447200
2025-05-27,106.91999816894531,107.33000183105469,106.5199966430664,107.23999786376953,101.33853149414062,29208400
2025-05-28,107.02999877929688,107.0999984741211,106.66999816894531,106.9800033569336,101.09284210205078,29079800
2025-05-29,107.33000183105469,107.55999755859375,107.19999694824219,107.45999908447266,101.54641723632812,31012800
2025-05-30,107.44999694824219,107.7699966430664,107.3499984741211,107.7699966430664,101.83935546875,29890800
2025-06-02,106.98999786376953,107.08000183105469,106.69000244140625,107.06999969482422,101.55101013183594,24225900
2025-06-03,107.23999786376953,107.41000366210938,106.98999786376953,107.12000274658203,101.59844207763672,24080000
2025-06-04,107.62999725341797,108.05000305175781,107.5199966430664,107.9000015258789,102.33824157714844,28006400
2025-06-05,107.94000244140625,107.98999786376953,107.51000213623047,107.56999969482422,102.0252685546875,29760700
2025-06-06,107.22000122070312,107.3499984741211,106.91000366210938,106.91999816894531,101.40875244140625,31093100
2025-06-09,106.98999786376953,107.37999725341797,106.94000244140625,107.23999786376953,101.71224212646484,18850000
2025-06-10,107.6500015258789,107.69000244140625,107.26000213623047,107.5,101.95885467529297,20359000
2025-06-11,107.68000030517578,107.97000122070312,107.55999755859375,107.83999633789062,102.28133392333984,20584700
2025-06-12,108.2300033569336,108.44000244140625,108.08000183105469,108.44000244140625,102.85040283203125,26497300
2025-06-13,108.12000274658203,108.19000244140625,107.5,107.79000091552734,102.23392486572266,34794500
2025-06-16,107.80000305175781,108.12000274658203,107.58000183105469,107.5999984741211,102.05371856689453,21286000
2025-06-17,107.87999725341797,108.04000091552734,107.6500015258789,107.97000122070312,102.40464782714844,27241300
2025-06-18,108.22000122070312,108.41999816894531,107.8499984741211,108.05000305175781,102.48052215576172,29762000
2025-06-20,107.86000061035156,108.30999755859375,107.72000122070312,108.13999938964844,102.56586456298828,20437500
2025-06-23,108.38999938964844,108.69999694824219,108.30999755859375,108.41000366210938,102.82196044921875,34072400
2025-06-24,108.27999877929688,109.0199966430664,108.2699966430664,108.91999816894531,103.30565643310547,38185300
2025-06-25,108.70999908447266,108.8499984741211,108.52999877929688,108.79000091552734,103.18238067626953,30675200
2025-06-26,108.91000366210938,109.19999694824219,108.69000244140625,109.19000244140625,103.56175231933594,31026000
2025-06-27,109.0,109.4000015258789,108.87999725341797,109.01000213623047,103.39102172851562,24704800
2025-06-30,109.37000274658203,109.72000122070312,109.23999786376953,109.61000061035156,103.9601058959961,40575000
2025-07-01,109.26000213623047,109.41000366210938,109.02999877929688,109.33999633789062,104.08574676513672,28691300
2025-07-02,108.9800033569336,109.31999969482422,108.9000015258789,109.31999969482422,104.06671905517578,24284500
2025-07-03,109.1500015258789,109.27999877929688,108.9800033569336,109.05999755859375,103.81919860839844,17340500
2025-07-07,108.86000061035156,108.86000061035156,108.29000091552734,108.41000366210938,103.20044708251953,18303300
2025-07-08,108.16000366210938,108.19000244140625,108.01000213623047,108.0999984741211,102.90536499023438,29374900
2025-07-09,108.3499984741211,108.73999786376953,108.25,108.72000122070312,103.49555206298828,33182900
2025-07-10,108.68000030517578,108.83999633789062,108.47000122070312,108.73999786376953,103.51458740234375,29758900
2025-07-11,108.26000213623047,108.29000091552734,108.0,108.08000183105469,102.88630676269531,23776000
2025-07-14,108.0199966430664,108.19000244140625,107.86000061035156,108.05000305175781,102.85774993896484,18216500
2025-07-15,108.27999877929688,108.27999877929688,107.62000274658203,107.66000366210938,102.48648834228516,31329400
2025-07-16,107.91000366210938,108.0999984741211,107.33999633789062,107.83000183105469,102.6483154296875,41794100
2025-07-17,108.04000091552734,108.20999908447266,107.94999694824219,108.08999633789062,102.89582824707031,19396900
2025-07-18,108.38999938964844,108.43000030517578,108.16000366210938,108.29000091552734,103.08621978759766,17446200
2025-07-21,108.86000061035156,108.98999786376953,108.68000030517578,108.70999908447266,103.48603057861328,17147100
2025-07-22,108.76000213623047,109.02999877929688,108.72000122070312,108.97000122070312,103.73352813720703,19568700
2025-07-23,108.76000213623047,108.87999725341797,108.6500015258789,108.80000305175781,103.57170104980469,20810400
2025-07-24,108.44000244140625,108.86000061035156,108.41999816894531,108.63999938964844,103.41940307617188,23064800
2025-07-25,108.69000244140625,109.04000091552734,108.5999984741211,108.98999786376953,103.75257110595703,26008500
2025-07-28,108.86000061035156,108.94000244140625,108.7300033569336,108.7699966430664,103.54314422607422,21887900
2025-07-29,108.94999694824219,109.5,108.93000030517578,109.48999786376953,104.2285385131836,26131300
2025-07-30,109.08999633789062,109.44999694824219,108.9800033569336,109.08000183105469,103.83824157714844,23313300
2025-07-31,109.41000366210938,109.5,109.08999633789062,109.11000061035156,103.86681365966797,31745000
2025-08-01,109.31999969482422,109.69999694824219,109.12000274658203,109.62999725341797,104.78822326660156,46073800
2025-08-04,109.77999877929688,109.88999938964844,109.58000183105469,109.81999969482422,104.9698486328125,31779600
2025-08-05,109.62999725341797,109.93000030517578,109.61000061035156,109.9000015258789,105.04629516601562,25922900
2025-08-06,109.6500015258789,109.91999816894531,109.2300033569336,109.87000274658203,105.01764678955078,31825300
2025-08-07,109.91000366210938,110.08000183105469,109.69000244140625,109.76000213623047,104.9124984741211,29018100
2025-08-08,109.63999938964844,109.63999938964844,109.38999938964844,109.41000366210938,104.57794952392578,16946300
2025-08-11,109.56999969482422,109.72000122070312,109.44999694824219,109.58000183105469,104.74043273925781,24444300
2025-08-12,109.38999938964844,109.69999694824219,109.2699966430664,109.68000030517578,104.83602905273438,26380500
2025-08-13,110.05999755859375,110.31999969482422,110.05000305175781,110.26000213623047,105.39039611816406,27701400
2025-08-14,110.0,110.05999755859375,109.75,109.87999725341797,105.02718353271484,18817700
2025-08-15,109.83999633789062,109.93000030517578,109.62999725341797,109.73999786376953,104.89337158203125,20932000
2025-08-18,109.81999969482422,109.83999633789062,109.44000244140625,109.54000091552734,104.70220947265625,19579900
2025-08-19,109.68000030517578,109.77999877929688,109.61000061035156,109.70999908447266,104.86469268798828,26744200
2025-08-20,109.66999816894531,109.87000274658203,109.58999633789062,109.76000213623047,104.9124984741211,25054700
2025-08-21,109.55999755859375,109.56999969482422,109.19000244140625,109.33999633789062,104.51103973388672,25157900
2025-08-22,109.6500015258789,110.30999755859375,109.55999755859375,110.19999694824219,105.33305358886719,34562900
2025-08-25,109.97000122070312,110.13999938964844,109.87999725341797,109.91000366210938,105.05587005615234,18983100
2025-08-26,109.88999938964844,110.01000213623047,109.66000366210938,109.98999786376953,105.13233947753906,23246400
2025-08-27,109.68000030517578,110.05999755859375,109.58999633789062,110.02999877929688,105.17057037353516,25171700
2025-08-28,110.08000183105469,110.30999755859375,110.0,110.19999694824219,105.33305358886719,26892700
2025-08-29,109.98999786376953,110.01000213623047,109.75,109.80000305175781,104.95072937011719,32201100
2025-09-02,108.87999725341797,109.08999633789062,108.80999755859375,109.05000305175781,104.59965515136719,31044800
2025-09-03,109.26000213623047,109.83000183105469,109.23999786376953,109.69999694824219,105.22313690185547,34520600
2025-09-04,110.08000183105469,110.45999908447266,109.97000122070312,110.44999694824219,105.94251251220703,43026600
2025-09-05,111.20999908447266,111.30999755859375,111.05999755859375,111.16999816894531,106.63313293457031,36249000
2025-09-08,111.51000213623047,111.62999725341797,111.41999816894531,111.55999755859375,107.00723266601562,28998000
2025-09-09,111.44000244140625,111.55000305175781,111.12000274658203,111.36000061035156,106.81539154052734,24412500
2025-09-10,111.58000183105469,111.98999786376953,111.55000305175781,111.69000244140625,107.13191223144531,30188100
2025-09-11,111.88999938964844,112.33000183105469,111.87000274658203,112.20999908447266,107.63069915771484,28405600
2025-09-12,111.97000122070312,112.04000091552734,111.70999908447266,112.01000213623047,107.43885803222656,26728500
2025-09-15,112.2300033569336,112.41999816894531,112.2300033569336,112.36000061035156,107.77458953857422,21863600
2025-09-16,112.29000091552734,112.4000015258789,112.16000366210938,112.26000213623047,107.67865753173828,28232600
2025-09-17,112.45999908447266,112.63999938964844,111.81999969482422,112.05999755859375,107.48681640625,34969800
2025-09-18,111.72000122070312,111.87999725341797,111.5199966430664,111.83000183105469,107.2662124633789,37159300
2025-09-19,111.73999786376953,111.83999633789062,111.55999755859375,111.73999786376953,107.17989349365234,26845400
2025-09-22,111.63999938964844,111.69999694824219,111.43000030517578,111.48999786376953,106.9400863647461,25908600
2025-09-23,111.6500015258789,111.75,111.48999786376953,111.70999908447266,107.15110778808594,31575400
2025-09-24,111.48999786376953,111.5199966430664,111.16999816894531,111.26000213623047,106.7194595336914,34756700
2025-09-25,111.0,111.08000183105469,110.68000030517578,111.05999755859375,106.52762603759766,36991200
2025-09-26,111.1500015258789,111.38999938964844,110.98999786376953,111.20999908447266,106.67150115966797,31962100
2025-09-29,111.45999908447266,111.69999694824219,111.41999816894531,111.58000183105469,107.02640533447266,31961900
2025-09-30,111.6500015258789,111.86000061035156,111.37999725341797,111.47000122070312,106.92090606689453,34939700
2025-10-01,111.44000244140625,111.51000213623047,111.2300033569336,111.51000213623047,107.35026550292969,30262700
2025-10-02,111.48999786376953,111.7300033569336,111.41000366210938,111.69000244140625,107.52354431152344,18259400
2025-10-03,111.69000244140625,111.7699966430664,111.4800033569336,111.55000305175781,107.38876342773438,19971200
2025-10-06,111.23999786376953,111.47000122070312,111.16000366210938,111.19000244140625,107.0422134399414,19553600
2025-10-07,111.33999633789062,111.48999786376953,111.16999816894531,111.4000015258789,107.2443618774414,29459500
2025-10-08,111.61000061035156,111.62000274658203,111.25,111.26000213623047,107.10958862304688,22462100
2025-10-09,111.16999816894531,111.20999908447266,110.94999694824219,111.04000091552734,106.89778137207031,29660700
2025-10-10,111.4800033569336,111.55000305175781,111.27999877929688,111.3499984741211,107.19622802734375,39146400
2025-10-13,111.4000015258789,111.80000305175781,111.33000183105469,111.7300033569336,107.56206512451172,11235900
2025-10-14,111.5199966430664,112.12999725341797,111.4800033569336,112.0999984741211,107.91824340820312,43975300
2025-10-15,112.26000213623047,112.5,111.91000366210938,112.0999984741211,107.91824340820312,45017200
2025-10-16,112.05000305175781,112.44000244140625,111.9800033569336,112.41999816894531,108.22631072998047,39858400
2025-10-17,112.29000091552734,112.31999969482422,112.11000061035156,112.19999694824219,108.01451873779297,35433500
2025-10-20,112.45999908447266,112.55999755859375,112.41999816894531,112.54000091552734,108.34183502197266,26361100
2025-10-21,112.81999969482422,112.88999938964844,112.55000305175781,112.55999755859375,108.36109924316406,27353800
2025-10-22,112.55000305175781,112.68000030517578,112.41000366210938,112.66999816894531,108.46698760986328,41003600
2025-10-23,112.5199966430664,112.69000244140625,112.45999908447266,112.52999877929688,108.33221435546875,27558500
2025-10-24,112.77999877929688,112.79000091552734,112.55000305175781,112.72000122070312,108.51512908935547,29474600
2025-10-27,112.70999908447266,112.93000030517578,112.55000305175781,112.91000366210938,108.69804382324219,23513400
2025-10-28,112.8499984741211,112.93000030517578,112.69999694824219,112.91999816894531,108.70767211914062,34236300
2025-10-29,112.86000061035156,112.88999938964844,112.19000244140625,112.27999877929688,108.09154510498047,36236000
2025-10-30,111.62000274658203,112.01000213623047,111.5199966430664,111.68000030517578,107.51393127441406,46045200
2025-10-31,111.77999877929688,111.77999877929688,111.19000244140625,111.2300033569336,107.08071899414062,57255300
2025-11-03,110.58999633789062,110.62000274658203,110.4000015258789,110.52999877929688,106.79279327392578,53372100
2025-11-04,110.45999908447266,110.95999908447266,110.44999694824219,110.68000030517578,106.9377212524414,62636700
2025-11-05,110.6500015258789,110.72000122070312,110.33000183105469,110.3499984741211,106.6188735961914,43258300
2025-11-06,110.80000305175781,110.93000030517578,110.7300033569336,110.93000030517578,107.17926025390625,37814800
2025-11-07,110.6500015258789,110.83999633789062,110.58999633789062,110.70999908447266,106.9666976928711,42671600
2025-11-10,110.7699966430664,110.9000015258789,110.70999908447266,110.7699966430664,107.02467346191406,45229000
2025-11-11,111.05000305175781,111.29000091552734,110.9800033569336,111.20999908447266,107.44979095458984,11282600
2025-11-12,111.13999938964844,111.19000244140625,111.0,111.0999984741211,107.343505859375,39067900
2025-11-13,110.79000091552734,110.91000366210938,110.55000305175781,110.55000305175781,106.81210327148438,34125900
2025-11-14,110.63999938964844,110.7300033569336,110.23999786376953,110.25,106.52226257324219,31437600
2025-11-17,110.30999755859375,110.58000183105469,110.25,110.31999969482422,106.58988189697266,34343300
2025-11-18,110.51000213623047,110.58000183105469,110.26000213623047,110.37000274658203,106.6382064819336,30566000
2025-11-19,110.5999984741211,110.66999816894531,110.31999969482422,110.37999725341797,106.64784240722656,29144800
2025-11-20,110.66999816894531,110.80999755859375,110.43000030517578,110.52999877929688,106.79279327392578,49362200
2025-11-21,110.9000015258789,110.95999908447266,110.61000061035156,110.91999816894531,107.16958618164062,41000500
2025-11-24,111.18000030517578,111.36000061035156,111.08999633789062,111.36000061035156,107.5947265625,28437900
2025-11-25,111.43000030517578,111.9000015258789,111.4000015258789,111.66999816894531,107.89424896240234,47560900
2025-11-26,111.66999816894531,112.05999755859375,111.54000091552734,112.05000305175781,108.26139068603516,24585400
2025-11-28,111.9800033569336,112.0199966430664,111.68000030517578,111.86000061035156,108.07781982421875,25471200
2025-12-01,110.7699966430664,110.88999938964844,110.66000366210938,110.8499984741211,107.49885559082031,24610100
2025-12-02,110.83999633789062,111.05000305175781,110.75,110.91999816894531,107.56673431396484,34955000
2025-12-03,111.0,111.2699966430664,110.94999694824219,111.16999816894531,107.8091812133789,20997800
2025-12-04,111.04000091552734,111.05999755859375,110.86000061035156,110.97000122070312,107.615234375,29846500
2025-12-05,111.0199966430664,111.02999877929688,110.69999694824219,110.86000061035156,107.508544921875,25470000
2025-12-08,110.87999725341797,110.88999938964844,110.41000366210938,110.62999725341797,107.28549194335938,28815200
2025-12-09,110.86000061035156,110.87999725341797,110.4000015258789,110.48999786376953,107.14974212646484,29239900
2025-12-10,110.45999908447266,111.05999755859375,110.43000030517578,111.0,107.64432525634766,34019300
2025-12-11,111.19000244140625,111.30999755859375,110.79000091552734,110.83999633789062,107.48915100097656,41927200
2025-12-12,110.30000305175781,110.41000366210938,110.0999984741211,110.16999816894531,106.83942413330078,39040100
2025-12-15,110.52999877929688,110.61000061035156,110.22000122070312,110.30000305175781,106.96548461914062,22151200
2025-12-16,110.18000030517578,110.58999633789062,110.12000274658203,110.55000305175781,107.20793151855469,31692600
2025-12-17,110.43000030517578,110.58000183105469,110.3499984741211,110.43000030517578,107.09156036376953,22248000
2025-12-18,110.8499984741211,110.94000244140625,110.63999938964844,110.8499984741211,107.49885559082031,31844300
2025-12-19,110.27999877929688,110.33999633789062,110.0999984741211,110.12999725341797,107.22235870361328,28594900
2025-12-22,110.18000030517578,110.20999908447266,110.01000213623047,110.11000061035156,107.202880859375,17335000
2025-12-23,109.91000366210938,110.2699966430664,109.8499984741211,110.22000122070312,107.30998229980469,16137300
2025-12-24,110.43000030517578,110.6500015258789,110.33999633789062,110.6500015258789,107.72863006591797,6400600
2025-12-26,110.75,110.80000305175781,110.47000122070312,110.63999938964844,107.7188949584961,10589300
2025-12-29,110.69000244140625,110.79000091552734,110.58999633789062,110.79000091552734,107.86493682861328,18943900
2025-12-30,110.56999969482422,110.76000213623047,110.4800033569336,110.66000366210938,107.73836517333984,21486400
2025-12-31,110.52999877929688,110.62999725341797,110.19000244140625,110.19000244140625,107.28077697753906,19124600
2026-01-02,110.31999969482422,110.4000015258789,110.04000091552734,110.16000366210938,107.25157165527344,25676200
2026-01-05,110.30000305175781,110.51000213623047,110.16999816894531,110.47000122070312,107.55337524414062,27771000
2026-01-06,110.30999755859375,110.4800033569336,110.12999725341797,110.47000122070312,107.55337524414062,31037300
2026-01-07,110.75,110.80000305175781,110.52999877929688,110.55000305175781,107.63126373291016,28107400
2026-01-08,110.19999694824219,110.38999938964844,110.19000244140625,110.23999786376953,107.32945251464844,26395600
2026-01-09,110.31999969482422,110.68000030517578,110.22000122070312,110.63999938964844,107.7188949584961,29660300
2026-01-12,110.37000274658203,110.6500015258789,110.31999969482422,110.51000213623047,107.59232330322266,28990100
2026-01-13,110.70999908447266,110.79000091552734,110.52999877929688,110.75,107.82598876953125,31139200
2026-01-14,110.80000305175781,111.04000091552734,110.7699966430664,111.02999877929688,108.09860229492188,27251900
2026-01-15,111.18000030517578,111.19999694824219,110.83999633789062,110.88999938964844,107.96228790283203,34534800
2026-01-16,110.81999969482422,110.87000274658203,110.55000305175781,110.56999969482422,107.65074157714844,38762100
2026-01-20,109.8499984741211,110.1500015258789,109.80999755859375,109.9000015258789,106.99842834472656,43500200
2026-01-21,110.12999725341797,110.66000366210938,110.02999877929688,110.55999755859375,107.6410140991211,38616500
2026-01-22,110.58000183105469,110.87000274658203,110.4800033569336,110.7699966430664,107.845458984375,36342900
2026-01-23,110.76000213623047,110.86000061035156,110.51000213623047,110.83999633789062,107.91360473632812,30615300
2026-01-26,111.05000305175781,111.12000274658203,110.88999938964844,110.93000030517578,108.0012435913086,23629800
2026-01-27,110.83999633789062,111.0,110.73999786376953,110.80999755859375,107.8843994140625,27166000
2026-01-28,110.70999908447266,110.73999786376953,110.45999908447266,110.6500015258789,107.72863006591797,31045900
2026-01-29,110.43000030517578,110.70999908447266,110.31999969482422,110.68000030517578,107.75785064697266,45815500
2026-01-30,110.5999984741211,110.73999786376953,110.5199966430664,110.56999969482422,107.65074157714844,39631400
2026-02-02,110.1500015258789,110.31999969482422,110.02999877929688,110.05999755859375,107.55105590820312,35480300
2026-02-03,110.04000091552734,110.13999938964844,109.9000015258789,110.11000061035156,107.59992218017578,32761700
2026-02-04,109.97000122070312,110.05000305175781,109.83000183105469,109.97000122070312,107.46311950683594,31344400
2026-02-05,110.19000244140625,110.54000091552734,110.12000274658203,110.5,107.98104095458984,23929700
2026-02-06,110.47000122070312,110.5999984741211,110.30999755859375,110.55999755859375,108.03966522216797,29022200
2026-02-09,110.37000274658203,110.61000061035156,110.29000091552734,110.55999755859375,108.03966522216797,27356900
2026-02-10,110.9000015258789,111.04000091552734,110.7699966430664,110.81999969482422,108.29373931884766,34509800
2026-02-11,110.62999725341797,110.91000366210938,110.5999984741211,110.69999694824219,108.17648315429688,29955300
2026-02-12,110.98999786376953,111.29000091552734,110.97000122070312,111.22000122070312,108.68462371826172,39724200
2026-02-13,111.55000305175781,111.5999984741211,111.41999816894531,111.58999633789062,109.04618072509766,33609900
2026-02-17,111.56999969482422,111.73999786376953,111.48999786376953,111.69999694824219,109.15367889404297,33132600
2026-02-18,111.56999969482422,111.7300033569336,111.51000213623047,111.58999633789062,109.04618072509766,40087000
2026-02-19,111.41000366210938,111.68000030517578,111.4000015258789,111.68000030517578,109.13414001464844,30394400
2026-02-20,111.62000274658203,111.69000244140625,111.4000015258789,111.58999633789062,109.04618072509766,44837400
2026-02-23,111.62000274658203,111.83000183105469,111.58000183105469,111.70999908447266,109.1634521484375,33323600
2026-02-24,111.62999725341797,111.73999786376953,111.47000122070312,111.68000030517578,109.13414001464844,37797100
2026-02-25,111.5999984741211,111.7699966430664,111.56999969482422,111.6500015258789,109.10481262207031,33682200
2026-02-26,111.63999938964844,111.73999786376953,111.54000091552734,111.72000122070312,109.1732177734375,33031800
2026-02-27,111.69999694824219,111.93000030517578,111.66000366210938,111.68000030517578,109.13414001464844,48343700
2026-03-02,110.83999633789062,110.9800033569336,110.68000030517578,110.91999816894531,108.76445007324219,54854600
2026-03-03,110.16999816894531,111.12999725341797,110.16999816894531,110.87000274658203,108.71542358398438,78775000
2026-03-04,110.93000030517578,111.16999816894531,110.83000183105469,110.97000122070312,108.81349182128906,49023300
2026-03-05,110.41999816894531,110.5999984741211,110.29000091552734,110.52999877929688,108.38204193115234,47318400
2026-03-06,109.95999908447266,110.5199966430664,109.7699966430664,110.16000366210938,108.01923370361328,58242900
2026-03-09,109.83999633789062,110.87000274658203,109.83999633789062,110.81999969482422,108.6664047241211,44312100
2026-03-10,110.4000015258789,110.69999694824219,110.05000305175781,110.05999755859375,107.9211654663086,71501200
2026-03-11,109.63999938964844,109.76000213623047,109.01000213623047,109.16000366210938,107.03866577148438,66523500
2026-03-12,108.95999908447266,108.9800033569336,108.3499984741211,108.56999969482422,106.46012115478516,72750200
2026-03-13,108.79000091552734,108.98999786376953,108.0199966430664,108.16999816894531,106.0678939819336,54605100
2026-03-16,108.9000015258789,109.02999877929688,108.55999755859375,108.69000244140625,106.57779693603516,65430000
2026-03-17,109.01000213623047,109.33000183105469,108.98999786376953,109.30000305175781,107.17594146728516,53953900
2026-03-18,109.12999725341797,109.31999969482422,108.70999908447266,108.70999908447266,106.59740447998047,60360000
2026-03-19,108.30999755859375,109.3499984741211,108.30999755859375,109.19000244140625,107.06807708740234,60271200
2026-03-20,108.69000244140625,108.80000305175781,107.75,107.8499984741211,105.75411987304688,66608900
2026-03-23,108.19999694824219,108.91000366210938,108.05000305175781,108.55999755859375,106.45032501220703,54512800
2026-03-24,108.06999969482422,108.62999725341797,107.94999694824219,108.33999633789062,106.23458862304688,46515300
2026-03-25,109.0,109.05000305175781,108.69000244140625,108.7300033569336,106.61701965332031,48616300
2026-03-26,108.27999877929688,108.58000183105469,107.83999633789062,107.87999725341797,105.78353118896484,42072700
2026-03-27,107.47000122070312,107.87000274658203,107.36000061035156,107.62000274658203,105.52859497070312,42578500
2026-03-30,108.44000244140625,108.58999633789062,108.19999694824219,108.30999755859375,106.20516967773438,42677000
2026-03-31,108.72000122070312,109.19999694824219,108.5999984741211,108.98999786376953,106.87196350097656,57883800
2026-04-01,108.48999786376953,108.94999694824219,108.48999786376953,108.66000366210938,106.98617553710938,37445300
2026-04-02,108.41000366210938,109.25,108.37000274658203,109.12000274658203,107.43909454345703,27148600
2026-04-06,108.87000274658203,109.26000213623047,108.87000274658203,108.94999694824219,107.27169799804688,29080500
2026-04-07,108.86000061035156,109.1500015258789,108.2699966430664,109.06999969482422,107.38984680175781,41258900
2026-04-08,109.9800033569336,110.0,109.29000091552734,109.48999786376953,107.80338287353516,63694700
2026-04-09,109.30999755859375,109.79000091552734,109.16000366210938,109.48999786376953,107.80338287353516,39122000
2026-04-10,109.47000122070312,109.55000305175781,109.1500015258789,109.19999694824219,107.51785278320312,22857000
2026-04-13,109.13999938964844,109.68000030517578,109.11000061035156,109.62000274658203,107.93138885498047,19904200
2026-04-14,109.72000122070312,110.08000183105469,109.66999816894531,109.9800033569336,108.28584289550781,29507800
2026-04-15,109.8499984741211,109.95999908447266,109.76000213623047,109.94000244140625,108.2464599609375,30074300
2026-04-16,110.01000213623047,110.0199966430664,109.41000366210938,109.43000030517578,107.74430847167969,25833300
2026-04-17,110.12999725341797,110.29000091552734,109.97000122070312,110.04000091552734,108.34491729736328,44767700
2026-04-20,110.04000091552734,110.12000274658203,109.80000305175781,110.02999877929688,108.33506774902344,19935900
2026-04-21,109.94000244140625,110.02999877929688,109.58000183105469,109.61000061035156,107.92153930664062,26008100
2026-04-22,109.95999908447266,110.11000061035156,109.77999877929688,109.81999969482422,108.12830352783203,17815000
2026-04-23,109.80000305175781,109.94999694824219,109.26000213623047,109.5199966430664,107.83292388916016,25668600
2026-04-24,109.5,109.7300033569336,109.31999969482422,109.5999984741211,107.91168975830078,23212600
2026-04-27,109.5199966430664,109.58999633789062,109.19999694824219,109.29000091552734,107.6064682006836,21833200
2026-04-28,109.06999969482422,109.33999633789062,108.94999694824219,109.33999633789062,107.65569305419922,25603500
2026-04-29,109.04000091552734,109.04000091552734,108.56999969482422,108.7300033569336,107.05510711669922,21800900
2026-04-30,108.88999938964844,109.06999969482422,108.73999786376953,108.8499984741211,107.17324829101562,45530700
2026-05-01,108.55000305175781,109.01000213623047,108.45999908447266,108.5999984741211,107.34622955322266,34755500
2026-05-04,108.45999908447266,108.47000122070312,107.91999816894531,108.25,107.00027465820312,21983900
2026-05-05,108.47000122070312,108.79000091552734,108.41000366210938,108.6500015258789,107.3956527709961,33609700
2026-05-06,109.18000030517578,109.31999969482422,109.0999984741211,109.19000244140625,107.9294204711914,28417400
2026-05-07,109.37000274658203,109.38999938964844,108.68000030517578,108.73999786376953,107.48461151123047,24184900
2026-05-08,109.1500015258789,109.29000091552734,109.08999633789062,109.19999694824219,107.93929290771484,17503300
2026-05-11,109.04000091552734,109.18000030517578,108.88999938964844,108.93000030517578,107.67242431640625,23050600
2026-05-12,108.61000061035156,108.66000366210938,108.44999694824219,108.55999755859375,107.30669403076172,26579400
2026-05-13,108.52999877929688,108.62999725341797,108.30000305175781,108.62000274658203,107.36599731445312,19083000
2026-05-14,108.88999938964844,108.94000244140625,108.52999877929688,108.55000305175781,107.29680633544922,18038000
2026-05-15,107.87000274658203,107.94999694824219,107.69000244140625,107.86000061035156,106.6147689819336,49718000
2026-05-18,107.95999908447266,108.11000061035156,107.5,107.66000366210938,106.41708374023438,31145200
2026-05-19,107.22000122070312,107.4000015258789,106.93000030517578,107.12000274658203,105.88331604003906,36965500
2026-05-20,107.16999816894531,108.08000183105469,107.16999816894531,107.94999694824219,106.70372772216797,34281700
2026-05-21,107.6500015258789,108.18000030517578,107.45999908447266,108.16999816894531,106.92118835449219,25440400
2026-05-22,108.52999877929688,108.52999877929688,108.0999984741211,108.37000274658203,107.11888885498047,19668800
2026-05-26,108.97000122070312,109.0,108.68000030517578,108.77999877929688,107.5241470336914,23730300
2026-05-27,108.91000366210938,109.06999969482422,108.81999969482422,108.93000030517578,107.67242431640625,16208400
2026-05-28,108.98999786376953,109.41000366210938,108.87000274658203,109.26000213623047,107.99861145019531,24176800
2026-05-29,109.38999938964844,109.5999984741211,109.29000091552734,109.36000061035156,108.09745788574219,26551200
2026-06-01,108.55999755859375,108.95999908447266,108.43000030517578,108.93000030517578,108.0805892944336,19298000
2026-06-02,109.05999755859375,109.13999938964844,108.88999938964844,108.91999816894531,108.0706558227539,14394700
2026-06-03,108.58999633789062,108.69999694824219,108.47000122070312,108.62000274658203,107.77300262451172,24018700
2026-06-04,108.87999725341797,108.97000122070312,108.80000305175781,108.8499984741211,108.00120544433594,17881600
2026-06-05,108.41000366210938,108.47000122070312,108.13999938964844,108.16999816894531,107.32650756835938,30790300
2026-06-08,108.43000030517578,108.48999786376953,108.02999877929688,108.05999755859375,107.21736145019531,21944000
2026-06-09,108.31999969482422,108.44999694824219,108.05000305175781,108.41000366210938,107.56463623046875,37925400
2026-06-10,108.3499984741211,108.51000213623047,108.08000183105469,108.16000366210938,107.31659698486328,20870100
2026-06-11,108.43000030517578,109.1500015258789,108.25,109.08000183105469,108.22941589355469,34849400
2026-06-12,108.87999725341797,109.06999969482422,108.63999938964844,109.01000213623047,108.15995788574219,23423000
2026-06-15,109.27999877929688,109.33999633789062,108.9800033569336,108.98999786376953,108.1401138305664,27040500
2026-06-16,109.11000061035156,109.33000183105469,109.05000305175781,109.12000274658203,108.26910400390625,24297100
2026-06-17,109.08000183105469,109.30999755859375,108.70999908447266,108.7699966430664,107.92182922363281,31079300
2026-06-18,109.44000244140625,109.45999908447266,109.02999877929688,109.06999969482422,108.21949005126953,41725500
2026-06-22,108.7300033569336,108.80999755859375,108.58999633789062,108.77999877929688,107.93174743652344,22557300
2026-06-23,108.77999877929688,109.12000274658203,108.72000122070312,108.91000366210938,108.06074523925781,27509300
2026-06-24,109.38999938964844,109.61000061035156,109.30999755859375,109.41000366210938,108.55683898925781,31462200
2026-06-25,109.58000183105469,109.70999908447266,109.41999816894531,109.5,108.64613342285156,33772500
2026-06-26,109.29000091552734,109.6500015258789,109.26000213623047,109.5,108.64613342285156,26033500
2026-06-29,109.62000274658203,109.73999786376953,109.54000091552734,109.69999694824219,108.8445816040039,43883300
2026-06-30,109.5,109.55999755859375,109.05000305175781,109.06999969482422,108.21949005126953,32665400
2026-07-01,108.33999633789062,108.66000366210938,108.26000213623047,108.45999908447266,107.99246978759766,25563100
2026-07-02,108.56999969482422,108.72000122070312,108.41999816894531,108.63999938964844,108.17169189453125,18406000
2026-07-06,108.61000061035156,108.68000030517578,108.44000244140625,108.66999816894531,108.2015609741211,17471600
2026-07-07,108.29000091552734,108.33999633789062,107.7699966430664,107.87999725341797,107.41497039794922,32025000
2026-07-08,107.68000030517578,107.75,107.38999938964844,107.66999816894531,107.20587158203125,31080600
2026-07-09,107.70999908447266,108.01000213623047,107.63999938964844,107.70999908447266,107.2457046508789,24612700
2026-07-10,107.72000122070312,107.72000122070312,107.31999969482422,107.45999908447266,106.99678039550781,34114000
2026-07-13,107.3499984741211,107.43000030517578,106.94000244140625,106.95999908447266,106.49893951416016,29936100
2026-07-14,107.16000366210938,107.38999938964844,107.0199966430664,107.20999908447266,106.74785614013672,33688900
2026-07-15,107.2699966430664,107.66000366210938,107.2699966430664,107.58000183105469,107.11626434326172,27178700
2026-07-16,107.3499984741211,107.56999969482422,107.26000213623047,107.5,107.03660583496094,33413200
2026-07-17,107.66999816894531,107.79000091552734,107.52999877929688,107.55999755859375,107.09635162353516,25761500
2026-07-20,107.52999877929688,107.55999755859375,107.11000061035156,107.1500015258789,106.68811798095703,29445700
2026-07-21,107.01000213623047,107.05000305175781,106.7699966430664,106.8499984741211,106.38941192626953,26033300
2026-07-22,106.76000213623047,106.83000183105469,106.62000274658203,106.66999816894531,106.2101821899414,20115500
2026-07-23,106.12999725341797,106.31999969482422,106.06999969482422,106.26000213623047,105.80195617675781,35690700
2026-07-24,106.08000183105469,106.48999786376953,106.08000183105469,106.2300033569336,105.77208709716797,27980000
2026-07-27,106.55999755859375,106.62000274658203,106.43000030517578,106.51000213623047,106.0508804321289,33698100
2026-07-28,106.62000274658203,106.94000244140625,106.56999969482422,106.83000183105469,106.36949920654297,23347600
2026-07-29,106.72000122070312,106.80000305175781,106.1500015258789,106.22000122070312,105.76213073730469,44523200
2026-07-30,106.3499984741211,106.55000305175781,106.30000305175781,106.41000366210938,105.95130920410156,30975700
2026-07-31,106.23999786376953,106.3499984741211,106.0,106.25,105.79199981689453,40904000
2026-08-03,106.01000213623047,106.25,105.95999908447266,106.11000061035156,106.11000061035156,30003200
2026-08-04,106.52999877929688,106.77999877929688,106.4800033569336,106.76000213623047,106.76000213623047,30075900
2026-08-05,106.76000213623047,106.94000244140625,106.62000274658203,106.73999786376953,106.73999786376953,24602300
2026-08-06,106.41999816894531,106.51000213623047,106.25,106.36000061035156,106.36000061035156,31323100
