date,open,high,low,close,adj_close,volume
2003-12-05,101.5,102.19999694824219,101.5,101.8499984741211,49.33001708984375,48500
2003-12-08,101.9000015258789,101.91000366210938,101.6500015258789,101.76000213623047,49.286407470703125,43900
2003-12-09,101.8499984741211,102.04000091552734,101.5,101.5,49.16045379638672,80000
2003-12-10,101.8499984741211,101.88999938964844,101.63999938964844,101.7699966430664,49.29124450683594,98000
2003-12-11,101.47000122070312,102.27999877929688,101.47000122070312,102.16999816894531,49.48499298095703,75500
2003-12-12,102.0999984741211,102.33999633789062,102.08999633789062,102.08999633789062,49.44625473022461,82000
2003-12-15,102.0,102.13999938964844,101.69000244140625,101.87000274658203,49.339698791503906,146300
2003-12-16,101.66999816894531,101.81999969482422,101.4800033569336,101.76000213623047,49.286407470703125,135400
2003-12-17,102.05000305175781,102.0999984741211,101.69999694824219,101.7300033569336,49.27186584472656,138400
2003-12-18,101.75,102.18000030517578,101.75,102.16999816894531,49.48499298095703,107400
2003-12-19,101.8499984741211,102.19999694824219,101.83999633789062,102.12000274658203,49.46076965332031,87800
2003-12-22,102.08000183105469,102.12999725341797,101.80000305175781,102.01000213623047,49.40752029418945,287300
2003-12-23,101.80999755859375,101.88999938964844,101.5,101.5,49.16045379638672,111400
2003-12-24,101.9000015258789,102.08999633789062,101.77999877929688,102.06999969482422,49.436553955078125,34600
2003-12-26,102.19000244140625,102.25,102.12999725341797,102.25,49.52372741699219,32800
2003-12-29,102.02999877929688,102.0999984741211,101.83999633789062,101.94999694824219,49.37845230102539,127300
2003-12-30,101.68000030517578,101.91999816894531,101.5999984741211,101.68000030517578,49.24767303466797,103300
2003-12-31,101.72000122070312,101.80000305175781,101.68000030517578,101.70999908447266,49.318965911865234,74800
2004-01-02,101.5,101.63999938964844,101.19999694824219,101.48999786376953,49.212257385253906,106900
2004-01-05,101.1500015258789,101.3499984741211,101.08000183105469,101.3499984741211,49.144412994384766,115700
2004-01-06,101.58999633789062,102.05000305175781,101.55000305175781,102.0,49.459537506103516,114000
2004-01-07,101.9000015258789,102.2300033569336,101.81999969482422,102.08000183105469,49.498382568359375,101700
2004-01-08,101.86000061035156,102.08000183105469,101.37999725341797,101.69000244140625,49.309242248535156,132100
2004-01-09,102.5,102.52999877929688,102.2300033569336,102.45999908447266,49.6826171875,112800
2004-01-12,102.26000213623047,102.7300033569336,102.22000122070312,102.37999725341797,49.643856048583984,132500
2004-01-13,102.44000244140625,102.87999725341797,102.37999725341797,102.87999725341797,49.88626480102539,115400
2004-01-14,102.8499984741211,102.93000030517578,102.68000030517578,102.9000015258789,49.89596939086914,85400
2004-01-15,102.80999755859375,103.02999877929688,102.73999786376953,103.02999877929688,49.959014892578125,63300
2004-01-16,103.27999877929688,103.27999877929688,102.93000030517578,103.08000183105469,49.983253479003906,101200
2004-01-20,102.9000015258789,103.12000274658203,102.8499984741211,102.98999786376953,49.93965530395508,140200
2004-01-21,103.19000244140625,103.45999908447266,103.11000061035156,103.41000366210938,50.14324188232422,174600
2004-01-22,103.36000061035156,103.62999725341797,103.22000122070312,103.58000183105469,50.22572326660156,175400
2004-01-23,103.62999725341797,103.72000122070312,102.8499984741211,102.8499984741211,49.8717155456543,257400
2004-01-26,102.77999877929688,102.79000091552734,102.43000030517578,102.47000122070312,49.68745422363281,242000
2004-01-27,102.48999786376953,102.91000366210938,102.48999786376953,102.87999725341797,49.88626480102539,243500
2004-01-28,102.86000061035156,103.22000122070312,102.37999725341797,102.45999908447266,49.6826171875,282300
2004-01-29,102.31999969482422,102.44999694824219,102.0999984741211,102.41000366210938,49.65837097167969,219200
2004-01-30,102.54000091552734,102.9800033569336,102.48999786376953,102.94999694824219,49.92021560668945,111700
2004-02-02,102.9800033569336,103.33000183105469,102.9000015258789,103.12999725341797,50.007511138916016,161500
2004-02-03,103.48999786376953,103.48999786376953,103.27999877929688,103.31999969482422,50.09962463378906,112500
2004-02-04,103.22000122070312,103.37999725341797,103.19000244140625,103.31999969482422,50.09962463378906,128900
2004-02-05,103.26000213623047,103.30999755859375,102.80999755859375,103.01000213623047,49.9493293762207,169000
2004-02-06,103.43000030517578,103.58999633789062,103.3499984741211,103.43000030517578,50.15299987792969,156400
2004-02-09,103.5199966430664,103.68000030517578,103.5199966430664,103.63999938964844,50.25479507446289,144800
2004-02-10,103.55999755859375,103.55999755859375,103.26000213623047,103.36000061035156,50.1190185546875,185200
2004-02-11,103.20999908447266,103.97000122070312,103.16000366210938,103.77999877929688,50.322669982910156,195800
2004-02-12,103.7300033569336,103.81999969482422,103.47000122070312,103.48999786376953,50.182064056396484,188900
2004-02-13,103.83000183105469,104.29000091552734,103.69999694824219,104.29000091552734,50.569969177246094,123000
2004-02-17,103.86000061035156,103.9000015258789,103.69999694824219,103.77999877929688,50.322669982910156,186400
2004-02-18,103.93000030517578,103.9800033569336,103.77999877929688,103.80000305175781,50.332401275634766,129900
2004-02-19,103.5,103.83999633789062,103.5,103.83999633789062,50.351768493652344,85000
2004-02-20,103.7699966430664,103.79000091552734,103.45999908447266,103.55000305175781,50.21114730834961,119300
2004-02-23,103.56999969482422,103.87999725341797,103.55000305175781,103.87999725341797,50.37118911743164,113500
2004-02-24,103.94000244140625,104.19999694824219,103.94000244140625,104.0999984741211,50.477848052978516,167500
2004-02-25,104.16000366210938,104.37000274658203,104.16000366210938,104.37000274658203,50.6087760925293,161900
2004-02-26,104.37000274658203,104.55999755859375,104.30000305175781,104.55999755859375,50.70091247558594,105500
2004-02-27,104.73999786376953,105.22000122070312,104.73999786376953,105.16000366210938,50.991817474365234,176400
2004-03-01,105.47000122070312,105.79000091552734,105.37999725341797,105.7699966430664,51.287601470947266,207800
2004-03-02,105.69999694824219,105.72000122070312,105.18000030517578,105.43000030517578,51.12274169921875,165800
2004-03-03,105.19000244140625,105.37000274658203,105.0199966430664,105.3499984741211,51.08401107788086,165200
2004-03-04,105.06999969482422,105.37999725341797,105.05000305175781,105.37999725341797,51.098548889160156,114600
2004-03-05,106.58999633789062,106.69000244140625,106.37999725341797,106.37999725341797,51.58341598510742,141500
2004-03-08,106.70999908447266,106.83999633789062,106.66000366210938,106.73999786376953,51.75796127319336,142100
2004-03-09,106.81999969482422,107.18000030517578,106.77999877929688,107.08000183105469,51.9228401184082,179900
2004-03-10,106.9000015258789,106.9800033569336,106.5999984741211,106.73999786376953,51.75796127319336,138800
2004-03-11,106.83999633789062,106.87000274658203,106.30000305175781,106.47000122070312,51.62705612182617,147700
2004-03-12,106.36000061035156,106.47000122070312,106.25,106.30000305175781,51.54463577270508,109000
2004-03-15,106.3499984741211,106.56999969482422,106.31999969482422,106.55000305175781,51.66586685180664,129100
2004-03-16,106.83999633789062,107.19000244140625,106.62999725341797,107.1500015258789,51.95681381225586,334600
2004-03-17,107.5,107.66999816894531,107.3499984741211,107.58999633789062,52.17015838623047,90400
2004-03-18,107.55000305175781,107.66000366210938,107.30000305175781,107.41000366210938,52.082889556884766,90300
2004-03-19,107.30000305175781,107.31999969482422,106.80000305175781,106.83999633789062,51.806461334228516,76600
2004-03-22,107.02999877929688,107.11000061035156,106.94000244140625,107.0999984741211,51.93252944946289,102300
2004-03-23,107.0199966430664,107.2699966430664,106.95999908447266,107.26000213623047,52.01014709472656,73200
2004-03-24,107.41000366210938,107.55000305175781,107.36000061035156,107.54000091552734,52.14592742919922,83200
2004-03-25,107.41999816894531,107.48999786376953,107.3499984741211,107.38999938964844,52.073177337646484,110600
2004-03-26,107.2699966430664,107.30000305175781,106.7300033569336,106.93000030517578,51.85011291503906,134400
2004-03-29,106.63999938964844,106.66000366210938,106.38999938964844,106.58000183105469,51.680397033691406,114600
2004-03-30,106.83999633789062,106.88999938964844,106.61000061035156,106.62999725341797,51.70462417602539,88800
2004-03-31,106.54000091552734,106.9800033569336,106.5,106.91000366210938,51.84042739868164,147800
2004-04-01,106.25,106.43000030517578,106.0,106.3499984741211,51.82094192504883,100100
2004-04-02,105.12000274658203,105.1500015258789,104.70999908447266,104.80000305175781,51.06568145751953,170600
2004-04-05,104.44999694824219,104.44999694824219,104.13999938964844,104.22000122070312,50.78305435180664,156300
2004-04-06,104.3499984741211,104.44999694824219,104.23999786376953,104.37999725341797,50.861000061035156,94600
2004-04-07,104.19999694824219,104.31999969482422,103.69999694824219,103.76000213623047,50.558895111083984,174200
2004-04-08,103.72000122070312,103.94999694824219,103.66999816894531,103.83999633789062,50.59787368774414,100900
2004-04-12,103.69999694824219,103.94000244140625,103.66999816894531,103.83999633789062,50.59787368774414,83200
2004-04-13,103.25,103.43000030517578,103.23999786376953,103.30000305175781,50.33476257324219,101900
2004-04-14,103.0999984741211,103.12000274658203,102.88999938964844,103.02999877929688,50.20319747924805,131000
2004-04-15,103.0,103.06999969482422,102.75,102.80000305175781,50.09114456176758,59000
2004-04-16,103.2699966430664,103.5,103.26000213623047,103.43000030517578,50.39813232421875,115300
2004-04-19,103.5,103.5999984741211,103.3499984741211,103.43000030517578,50.39813232421875,194400
2004-04-20,103.19000244140625,103.30000305175781,102.5999984741211,102.62999725341797,50.008270263671875,76900
2004-04-21,102.54000091552734,102.75,102.2300033569336,102.62999725341797,50.008270263671875,101100
2004-04-22,102.79000091552734,102.87999725341797,102.5,102.5,49.94491958618164,66500
2004-04-23,102.2699966430664,102.2699966430664,101.36000061035156,101.45999908447266,49.43818664550781,199600
2004-04-26,101.5,102.02999877929688,101.5,101.94999694824219,49.676944732666016,86500
2004-04-27,102.44000244140625,102.44999694824219,102.11000061035156,102.30999755859375,49.85234451293945,67800
2004-04-28,102.22000122070312,102.22000122070312,101.44000244140625,101.44000244140625,49.428462982177734,82400
2004-04-29,101.37000274658203,101.73999786376953,100.80000305175781,100.9000015258789,49.16535568237305,86500
2004-04-30,101.1500015258789,101.36000061035156,101.02999877929688,101.26000213623047,49.34074020385742,95100
2004-05-03,100.68000030517578,101.0,100.68000030517578,100.75,49.35737991333008,66600
2004-05-04,101.08000183105469,101.30000305175781,100.72000122070312,100.80000305175781,49.381874084472656,77100
2004-05-05,100.97000122070312,101.0,100.7300033569336,100.76000213623047,49.36228942871094,93700
2004-05-06,100.66999816894531,100.68000030517578,100.3499984741211,100.4000015258789,49.1859016418457,77100
2004-05-07,99.5999984741211,99.8499984741211,99.52999877929688,99.8499984741211,48.916481018066406,136800
2004-05-10,99.8499984741211,99.93000030517578,99.69999694824219,99.77999877929688,48.882171630859375,135000
2004-05-11,99.75,100.22000122070312,99.72000122070312,100.22000122070312,49.0977783203125,162300
2004-05-12,100.44999694824219,100.69999694824219,100.36000061035156,100.36000061035156,49.16633605957031,119200
2004-05-13,100.4000015258789,100.72000122070312,100.4000015258789,100.58000183105469,49.27413558959961,82800
2004-05-14,100.44000244140625,100.9000015258789,100.44000244140625,100.83000183105469,49.39659118652344,94400
2004-05-17,101.25,101.58999633789062,101.18000030517578,101.58999633789062,49.76887512207031,139500
2004-05-18,101.66000366210938,101.83999633789062,101.62000274658203,101.76000213623047,49.85218048095703,118900
2004-05-19,101.6500015258789,102.08999633789062,101.58999633789062,101.94999694824219,49.94529342651367,117000
2004-05-20,102.0999984741211,102.47000122070312,102.06999969482422,102.44000244140625,50.18529510498047,79000
2004-05-21,102.66999816894531,102.75,101.75,101.87999725341797,49.911006927490234,97700
2004-05-24,101.91999816894531,102.37000274658203,101.75,102.25,50.09221649169922,59300
2004-05-25,102.3499984741211,102.61000061035156,102.0999984741211,102.13999938964844,50.03836441040039,70700
2004-05-26,102.30000305175781,102.52999877929688,102.2699966430664,102.52999877929688,50.229434967041016,89500
2004-05-27,102.61000061035156,102.87000274658203,102.37000274658203,102.8499984741211,50.386173248291016,102400
2004-05-28,102.55000305175781,102.79000091552734,102.30000305175781,102.75,50.33720397949219,188900
2004-06-01,101.75,102.2699966430664,101.5199966430664,102.16999816894531,50.38945007324219,70900
2004-06-02,101.91999816894531,101.97000122070312,101.54000091552734,101.6500015258789,50.132972717285156,56400
2004-06-03,101.33000183105469,101.48999786376953,101.2300033569336,101.38999938964844,50.00480270385742,108600
2004-06-04,101.5,101.5,101.08000183105469,101.1500015258789,49.88641357421875,66000
2004-06-07,101.0999984741211,101.26000213623047,100.86000061035156,101.23999786376953,49.930809020996094,92300
2004-06-08,101.0199966430664,101.0199966430664,100.76000213623047,100.79000091552734,49.708892822265625,94700
2004-06-09,100.55000305175781,100.58999633789062,100.2300033569336,100.5,49.56588363647461,89500
2004-06-10,100.55000305175781,100.69999694824219,100.41000366210938,100.61000061035156,49.620086669921875,115600
2004-06-14,100.3499984741211,100.38999938964844,100.0999984741211,100.16999816894531,49.40306854248047,97000
2004-06-15,100.7699966430664,101.19000244140625,100.75,101.02999877929688,49.82722091674805,74700
2004-06-16,100.80999755859375,101.01000213623047,100.6500015258789,100.95999908447266,49.792659759521484,137300
2004-06-17,100.87999725341797,101.2300033569336,100.83999633789062,101.1500015258789,49.88641357421875,114200
2004-06-18,101.3499984741211,101.4800033569336,101.30000305175781,101.30000305175781,49.96041488647461,118700
2004-06-21,101.51000213623047,101.54000091552734,101.33999633789062,101.44000244140625,50.02942657470703,65600
2004-06-22,101.25,101.30000305175781,101.0999984741211,101.26000213623047,49.94068145751953,100000
2004-06-23,101.1500015258789,101.33999633789062,101.13999938964844,101.30000305175781,49.96041488647461,60800
2004-06-24,101.62999725341797,101.6500015258789,101.36000061035156,101.4000015258789,50.00970458984375,47200
2004-06-25,101.19999694824219,101.37999725341797,101.19000244140625,101.33999633789062,49.980133056640625,68100
2004-06-28,101.0199966430664,101.08999633789062,100.58999633789062,100.63999938964844,49.6348991394043,104700
2004-06-29,100.5999984741211,101.02999877929688,100.5199966430664,101.0199966430664,49.82229995727539,46600
2004-06-30,101.22000122070312,101.94999694824219,101.19999694824219,101.91999816894531,50.26615905761719,221600
2004-07-01,101.69999694824219,102.0,101.5999984741211,102.0,50.50979995727539,94400
2004-07-02,102.7699966430664,102.94999694824219,102.66999816894531,102.91999816894531,50.96538543701172,57000
2004-07-06,102.8499984741211,102.88999938964844,102.55999755859375,102.6500015258789,50.831687927246094,57900
2004-07-07,102.5,102.62000274658203,102.33000183105469,102.44999694824219,50.732662200927734,40200
2004-07-08,102.22000122070312,102.56999969482422,102.19999694824219,102.5,50.75739288330078,49500
2004-07-09,102.5,102.5199966430664,102.30999755859375,102.41000366210938,50.71284866333008,45400
2004-07-12,102.55999755859375,102.62000274658203,102.25,102.29000091552734,50.6534423828125,41200
2004-07-13,102.05000305175781,102.19000244140625,102.01000213623047,102.13999938964844,50.57914352416992,47400
2004-07-14,101.0199966430664,102.18000030517578,101.0199966430664,102.13999938964844,50.57914352416992,35700
2004-07-15,102.0999984741211,102.3499984741211,102.0999984741211,102.3499984741211,50.683135986328125,45100
2004-07-16,102.62000274658203,102.97000122070312,102.62000274658203,102.8499984741211,50.930702209472656,68400
2004-07-19,102.73999786376953,102.83000183105469,102.62999725341797,102.80000305175781,50.906002044677734,45300
2004-07-20,102.52999877929688,102.55999755859375,101.98999786376953,102.05999755859375,50.53950500488281,52200
2004-07-21,101.94999694824219,102.19000244140625,101.8499984741211,102.18000030517578,50.598915100097656,48600
2004-07-22,102.22000122070312,102.27999877929688,102.0199966430664,102.25,50.63357925415039,39500
2004-07-23,102.30999755859375,102.4800033569336,102.25,102.4800033569336,50.74753189086914,35200
2004-07-26,102.27999877929688,102.30000305175781,102.06999969482422,102.13999938964844,50.57914352416992,45200
2004-07-27,101.9000015258789,101.93000030517578,101.12000274658203,101.18000030517578,50.10374069213867,58600
2004-07-28,101.22000122070312,101.51000213623047,101.19999694824219,101.48999786376953,50.25725173950195,42600
2004-07-29,101.52999877929688,101.80000305175781,101.52999877929688,101.7699966430664,50.39589309692383,48300
2004-07-30,101.95999908447266,102.33000183105469,101.95999908447266,102.33000183105469,50.67320251464844,40700
2004-08-02,101.80000305175781,102.02999877929688,101.6500015258789,101.9000015258789,50.72797775268555,43500
2004-08-03,101.95999908447266,102.16000366210938,101.94000244140625,102.11000061035156,50.83251953125,33900
2004-08-04,102.0,102.2300033569336,101.9800033569336,102.05000305175781,50.802642822265625,44600
2004-08-05,102.26000213623047,102.47000122070312,102.1500015258789,102.36000061035156,50.95697784423828,38800
2004-08-06,103.5999984741211,103.69000244140625,103.2300033569336,103.44999694824219,51.499603271484375,65000
2004-08-09,103.31999969482422,103.44999694824219,103.25,103.38999938964844,51.469757080078125,54100
2004-08-10,103.5,103.55999755859375,102.9000015258789,102.98999786376953,51.27060317993164,98100
2004-08-11,103.0,103.47000122070312,102.93000030517578,103.4000015258789,51.474708557128906,47000
2004-08-12,103.38999938964844,104.05999755859375,103.33000183105469,103.98999786376953,51.768402099609375,44700
2004-08-13,104.19000244140625,104.52999877929688,104.19000244140625,104.38999938964844,51.967533111572266,41000
2004-08-16,104.19000244140625,104.23999786376953,103.87000274658203,103.87000274658203,51.70869445800781,68200
2004-08-17,103.5999984741211,103.98999786376953,103.5999984741211,103.9800033569336,51.76344299316406,65500
2004-08-18,104.25,104.25,103.55999755859375,103.56999969482422,51.559326171875,38800
2004-08-19,103.62999725341797,104.19999694824219,103.5199966430664,104.19999694824219,51.87295913696289,46700
2004-08-20,104.25,104.25,104.0,104.08000183105469,51.81321716308594,54300
2004-08-23,103.79000091552734,103.80000305175781,103.55000305175781,103.62000274658203,51.58420181274414,58800
2004-08-24,103.41999816894531,103.45999908447266,103.27999877929688,103.43000030517578,51.48963928222656,65300
2004-08-25,103.48999786376953,103.69000244140625,103.38999938964844,103.44000244140625,51.49461364746094,39800
2004-08-26,103.44999694824219,103.66999816894531,103.37000274658203,103.61000061035156,51.57925796508789,31900
2004-08-27,103.69999694824219,103.81999969482422,103.62999725341797,103.66000366210938,51.60417175292969,30900
2004-08-30,103.73999786376953,103.93000030517578,103.63999938964844,103.91999816894531,51.73356628417969,40800
2004-08-31,104.08000183105469,104.75,104.04000091552734,104.52999877929688,52.037254333496094,54400
2004-09-01,104.0,104.19000244140625,103.69000244140625,104.12000274658203,52.04523468017578,30200
2004-09-02,103.9800033569336,104.0,103.58000183105469,103.62000274658203,51.795318603515625,37000
2004-09-03,103.31999969482422,103.44999694824219,103.0999984741211,103.44999694824219,51.71034240722656,55100
2004-09-07,103.0999984741211,103.33999633789062,103.04000091552734,103.16999816894531,51.57038497924805,84800
2004-09-08,103.0199966430664,103.66999816894531,102.93000030517578,103.66999816894531,51.8203239440918,75400
2004-09-09,103.63999938964844,103.87999725341797,103.47000122070312,103.47000122070312,51.720340728759766,36200
2004-09-10,103.75,103.7699966430664,103.48999786376953,103.48999786376953,51.73033905029297,55300
2004-09-13,103.44999694824219,103.79000091552734,103.41000366210938,103.75,51.86033248901367,45400
2004-09-14,103.68000030517578,103.81999969482422,103.5,103.7699966430664,51.87028884887695,67700
2004-09-15,103.44999694824219,103.54000091552734,103.2699966430664,103.4000015258789,51.685340881347656,53900
2004-09-16,103.0999984741211,103.83999633789062,103.0999984741211,103.69999694824219,51.83531188964844,64200
2004-09-17,103.6500015258789,103.7300033569336,103.3499984741211,103.4800033569336,51.725303649902344,58500
2004-09-20,103.55000305175781,103.87000274658203,103.4800033569336,103.8499984741211,51.91028594970703,61600
2004-09-21,103.5999984741211,103.9000015258789,103.52999877929688,103.77999877929688,51.8752555847168,35000
2004-09-22,103.73999786376953,104.4000015258789,103.69999694824219,104.37000274658203,52.170204162597656,88300
2004-09-23,104.3499984741211,104.44999694824219,103.9000015258789,104.0,51.985286712646484,79100
2004-09-24,103.8499984741211,103.98999786376953,103.69999694824219,103.88999938964844,51.930259704589844,45100
2004-09-27,104.16000366210938,104.44999694824219,104.0999984741211,104.4000015258789,52.18518829345703,84600
2004-09-28,104.5,104.69000244140625,104.41000366210938,104.63999938964844,52.30515670776367,62600
2004-09-29,104.41999816894531,104.45999908447266,104.0999984741211,104.19999694824219,52.085227966308594,130500
2004-09-30,103.76000213623047,104.29000091552734,103.6500015258789,104.19000244140625,52.08023452758789,112100
2004-10-01,103.69000244140625,103.86000061035156,103.5,103.69999694824219,51.83531188964844,90000
2004-10-04,103.23999786376953,103.55000305175781,103.16000366210938,103.44999694824219,51.71034240722656,45800
2004-10-05,103.61000061035156,103.75,103.52999877929688,103.72000122070312,51.84528732299805,42100
2004-10-06,103.38999938964844,103.41999816894531,103.05000305175781,103.05000305175781,51.51042556762695,52400
2004-10-07,103.0199966430664,103.23999786376953,102.75,103.19999694824219,51.585357666015625,55700
2004-10-08,104.05999755859375,104.06999969482422,103.8499984741211,104.05000305175781,52.01026153564453,50300
2004-10-11,104.05000305175781,104.44000244140625,104.0,104.31999969482422,52.14519119262695,35300
2004-10-12,104.3499984741211,104.44999694824219,104.19000244140625,104.30000305175781,52.135215759277344,62200
2004-10-13,104.01000213623047,104.55000305175781,104.0,104.5199966430664,52.24517822265625,59000
2004-10-14,104.5,104.80000305175781,104.5,104.72000122070312,52.345149993896484,34300
2004-10-15,104.81999969482422,104.94999694824219,104.58000183105469,104.72000122070312,52.345149993896484,61000
2004-10-18,104.68000030517578,104.69999694824219,104.44000244140625,104.69999694824219,52.33517074584961,38900
2004-10-19,104.33000183105469,104.72000122070312,104.27999877929688,104.72000122070312,52.345149993896484,62300
2004-10-20,104.91000366210938,105.18000030517578,104.83000183105469,105.18000030517578,52.575096130371094,43700
2004-10-21,105.19999694824219,105.5,105.19999694824219,105.48999786376953,52.73003005981445,47700
2004-10-22,105.37999725341797,105.5,105.25,105.5,52.73505401611328,51900
2004-10-25,105.6500015258789,105.75,105.43000030517578,105.4800033569336,52.725059509277344,41300
2004-10-26,105.4800033569336,105.5,105.27999877929688,105.41999816894531,52.695068359375,54700
2004-10-27,105.41999816894531,105.6500015258789,104.5,104.5999984741211,52.28520202636719,82200
2004-10-28,104.6500015258789,105.36000061035156,104.58000183105469,105.08000183105469,52.525115966796875,53800
2004-10-29,105.11000061035156,105.33000183105469,105.0,105.33000183105469,52.65007400512695,55300
2004-11-01,105.0,105.19999694824219,104.66000366210938,104.79000091552734,52.46383285522461,52200
2004-11-02,105.05999755859375,105.37000274658203,105.0199966430664,105.37000274658203,52.75421905517578,45500
2004-11-03,105.0,105.5,104.91000366210938,105.44999694824219,52.794281005859375,50700
2004-11-04,105.52999877929688,105.5999984741211,105.0999984741211,105.19999694824219,52.669105529785156,51000
2004-11-05,104.44999694824219,104.75,104.33000183105469,104.70999908447266,52.42377471923828,88500
2004-11-08,104.3499984741211,104.5999984741211,104.3499984741211,104.58000183105469,52.358673095703125,93800
2004-11-09,104.5,104.55000305175781,104.4000015258789,104.44000244140625,52.28862380981445,57200
2004-11-10,104.18000030517578,104.5,104.05000305175781,104.2699966430664,52.20347595214844,83300
2004-11-11,104.4000015258789,104.58999633789062,104.4000015258789,104.52999877929688,52.33366394042969,62500
2004-11-12,104.44999694824219,104.8499984741211,104.37999725341797,104.7300033569336,52.43381881713867,83300
2004-11-15,104.80000305175781,105.13999938964844,104.75,105.12000274658203,52.62905502319336,124900
2004-11-16,105.08000183105469,105.19000244140625,104.91000366210938,105.06999969482422,52.60404586791992,130400
2004-11-17,105.04000091552734,105.58999633789062,105.04000091552734,105.44000244140625,52.789268493652344,75500
2004-11-18,105.0999984741211,105.5999984741211,105.0999984741211,105.58999633789062,52.864315032958984,60500
2004-11-19,105.30000305175781,105.4000015258789,104.9000015258789,105.30000305175781,52.71915817260742,75800
2004-11-22,105.4800033569336,105.8499984741211,105.4800033569336,105.7699966430664,52.954471588134766,82100
2004-11-23,105.5199966430664,105.8499984741211,105.5,105.56999969482422,52.854339599609375,69100
2004-11-24,105.58999633789062,105.98999786376953,105.55000305175781,105.8499984741211,52.99452209472656,120900
2004-11-26,105.2699966430664,105.44999694824219,105.2699966430664,105.43000030517578,52.78425216674805,33400
2004-11-29,105.05000305175781,105.12000274658203,104.80000305175781,104.94999694824219,52.543949127197266,87100
2004-11-30,104.80000305175781,104.9000015258789,104.69999694824219,104.81999969482422,52.47882843017578,104700
2004-12-01,104.6500015258789,104.6500015258789,104.12000274658203,104.37000274658203,52.38999938964844,94000
2004-12-02,104.16999816894531,104.19999694824219,104.02999877929688,104.12000274658203,52.264495849609375,75100
2004-12-03,104.80000305175781,105.4000015258789,104.73999786376953,105.0,52.706268310546875,54600
2004-12-06,105.16999816894531,105.29000091552734,105.08999633789062,105.25,52.83175277709961,100200
2004-12-07,105.18000030517578,105.30000305175781,105.0,105.29000091552734,52.851802825927734,87000
2004-12-08,105.47000122070312,106.01000213623047,105.41000366210938,106.01000213623047,53.21321487426758,142600
2004-12-09,105.9000015258789,106.19999694824219,105.66000366210938,105.76000213623047,53.087711334228516,79300
2004-12-10,105.91999816894531,105.9800033569336,105.55000305175781,105.5999984741211,53.007408142089844,89900
2004-12-13,105.62000274658203,105.86000061035156,105.62000274658203,105.79000091552734,53.10280990600586,75900
2004-12-14,105.62999725341797,106.0,105.55000305175781,106.0,53.20821762084961,74300
2004-12-15,106.30000305175781,106.72000122070312,106.30000305175781,106.72000122070312,53.569618225097656,78000
2004-12-16,106.5,106.55999755859375,106.0,106.05000305175781,53.2332649230957,88000
2004-12-17,105.76000213623047,106.1500015258789,105.75,106.1500015258789,53.28350830078125,61200
2004-12-20,106.2699966430664,106.43000030517578,106.20999908447266,106.38999938964844,53.40397644042969,79300
2004-12-21,106.4800033569336,107.02999877929688,106.41000366210938,107.01000213623047,53.715206146240234,122100
2004-12-22,106.81999969482422,106.8499984741211,106.43000030517578,106.55000305175781,53.484291076660156,101900
2004-12-23,106.55000305175781,106.9000015258789,106.5199966430664,106.72000122070312,53.569618225097656,94700
2004-12-27,106.4000015258789,106.44999694824219,106.2300033569336,106.37999725341797,53.3989372253418,104500
2004-12-28,106.23999786376953,106.25,105.94999694824219,106.19000244140625,53.3035774230957,128900
2004-12-29,106.19000244140625,106.22000122070312,105.80000305175781,105.93000030517578,53.17308044433594,150500
2004-12-30,105.72000122070312,106.22000122070312,105.66000366210938,106.20999908447266,53.313629150390625,74300
2004-12-31,105.77999877929688,106.08000183105469,105.75,105.80999755859375,53.40193176269531,87900
2005-01-03,105.5,105.80000305175781,105.48999786376953,105.77999877929688,53.386783599853516,110100
2005-01-04,105.75,106.4000015258789,105.05000305175781,105.05000305175781,53.01837158203125,136400
2005-01-05,105.0,105.1500015258789,104.69999694824219,104.93000030517578,52.95784378051758,221400
2005-01-06,105.0,105.26000213623047,104.94999694824219,105.0999984741211,53.04356384277344,204800
2005-01-07,105.2699966430664,105.3499984741211,104.75,104.83000183105469,52.907344818115234,219600
2005-01-10,104.9800033569336,104.98999786376953,104.80000305175781,104.9000015258789,52.94264221191406,132200
2005-01-11,104.93000030517578,105.1500015258789,104.9000015258789,105.0,52.9931640625,121700
2005-01-12,104.95999908447266,105.4000015258789,104.94999694824219,105.37000274658203,53.179901123046875,482700
2005-01-13,105.37999725341797,105.69000244140625,105.3499984741211,105.63999938964844,53.31614303588867,169500
2005-01-14,105.3499984741211,105.87999725341797,105.3499984741211,105.6500015258789,53.3211669921875,206700
2005-01-18,105.37000274658203,105.6500015258789,105.30000305175781,105.6500015258789,53.3211669921875,166300
2005-01-19,105.55000305175781,105.56999969482422,105.31999969482422,105.55000305175781,53.270729064941406,152400
2005-01-20,105.36000061035156,105.66000366210938,105.3499984741211,105.5999984741211,53.29595947265625,156600
2005-01-21,105.41000366210938,105.80000305175781,105.4000015258789,105.75,53.37165451049805,168400
2005-01-24,105.77999877929688,105.94999694824219,105.66000366210938,105.93000030517578,53.462520599365234,139800
2005-01-25,105.75,105.8499984741211,105.0999984741211,105.25,53.11930847167969,207400
2005-01-26,105.30999755859375,105.4800033569336,105.25,105.37999725341797,53.18490219116211,122100
2005-01-27,105.25,105.44999694824219,105.16999816894531,105.3499984741211,53.1697998046875,106400
2005-01-28,105.5999984741211,105.80000305175781,105.44999694824219,105.76000213623047,53.37668228149414,175800
2005-01-31,105.56999969482422,105.83000183105469,105.5,105.81999969482422,53.406982421875,166400
2005-02-01,105.5999984741211,105.66000366210938,105.36000061035156,105.4800033569336,53.317039489746094,228600
2005-02-02,105.31999969482422,105.47000122070312,105.04000091552734,105.30000305175781,53.226016998291016,154400
2005-02-03,105.01000213623047,105.19000244140625,105.0,105.12000274658203,53.13502502441406,149800
2005-02-04,105.68000030517578,106.0999984741211,105.6500015258789,105.80000305175781,53.47875213623047,130900
2005-02-07,105.80000305175781,106.19999694824219,105.76000213623047,106.1500015258789,53.655677795410156,133700
2005-02-08,106.1500015258789,106.66999816894531,106.1500015258789,106.66999816894531,53.91851043701172,111000
2005-02-09,106.63999938964844,107.31999969482422,106.63999938964844,107.25,54.21168899536133,113100
2005-02-10,106.94999694824219,107.08000183105469,106.62000274658203,106.62999725341797,53.8983039855957,108000
2005-02-11,106.62000274658203,106.86000061035156,106.58000183105469,106.68000030517578,53.92359924316406,135000
2005-02-14,106.88999938964844,107.12000274658203,106.8499984741211,107.08000183105469,54.12576675415039,138000
2005-02-15,106.75,106.8499984741211,106.43000030517578,106.5199966430664,53.84272384643555,139000
2005-02-16,106.44999694824219,106.45999908447266,106.04000091552734,106.23999786376953,53.701202392578125,142200
2005-02-17,105.98999786376953,106.25,105.94999694824219,106.11000061035156,53.63542938232422,202200
2005-02-18,105.68000030517578,106.02999877929688,105.68000030517578,106.0,53.5798454284668,172300
2005-02-22,105.83000183105469,105.87999725341797,105.62000274658203,105.69999694824219,53.42821502685547,168000
2005-02-23,105.8499984741211,105.94999694824219,105.7300033569336,105.93000030517578,53.54450607299805,150200
2005-02-24,106.13999938964844,106.19999694824219,105.63999938964844,105.69999694824219,53.42821502685547,145200
2005-02-25,105.62999725341797,105.70999908447266,105.5199966430664,105.6500015258789,53.402950286865234,122900
2005-02-28,105.61000061035156,105.68000030517578,104.9000015258789,105.0999984741211,53.124908447265625,189300
2005-03-01,105.0199966430664,105.30000305175781,105.0199966430664,105.1500015258789,53.15019989013672,100100
2005-03-02,105.2300033569336,105.43000030517578,105.18000030517578,105.2699966430664,53.21086883544922,161600
2005-03-03,105.4000015258789,105.6500015258789,105.3499984741211,105.41999816894531,53.28667449951172,181200
2005-03-04,105.47000122070312,105.94000244140625,105.36000061035156,105.8499984741211,53.504032135009766,175000
2005-03-07,105.94000244140625,106.19999694824219,105.9000015258789,106.1500015258789,53.655677795410156,226300
2005-03-08,105.7699966430664,105.94999694824219,105.70999908447266,105.87000274658203,53.51412582397461,120100
2005-03-09,105.37000274658203,105.37000274658203,105.05000305175781,105.16000366210938,53.15525817871094,196300
2005-03-10,105.08999633789062,105.19999694824219,104.55000305175781,104.94999694824219,53.04912567138672,252800
2005-03-11,104.58999633789062,104.69999694824219,104.44000244140625,104.5,52.8216667175293,132100
2005-03-14,104.4000015258789,104.72000122070312,104.4000015258789,104.69999694824219,52.922767639160156,111600
2005-03-15,104.83999633789062,104.9000015258789,104.4800033569336,104.55999755859375,52.85198211669922,136400
2005-03-16,104.69000244140625,105.11000061035156,104.6500015258789,104.94999694824219,53.04912567138672,190300
2005-03-17,105.45999908447266,105.62999725341797,105.26000213623047,105.31999969482422,53.23613357543945,383800
2005-03-18,105.25,105.33999633789062,105.0999984741211,105.16000366210938,53.15525817871094,104000
2005-03-21,105.13999938964844,105.1500015258789,104.93000030517578,104.97000122070312,53.05923080444336,122000
2005-03-22,105.18000030517578,105.26000213623047,104.25,104.2699966430664,52.705413818359375,169900
2005-03-23,103.75,104.0999984741211,103.6500015258789,103.94999694824219,52.543643951416016,287900
2005-03-24,104.2300033569336,104.33999633789062,104.06999969482422,104.30000305175781,52.72054672241211,171500
2005-03-28,103.88999938964844,103.9800033569336,103.83999633789062,103.86000061035156,52.49817657470703,149300
2005-03-29,103.9800033569336,104.22000122070312,103.80999755859375,104.13999938964844,52.639686584472656,109600
2005-03-30,104.22000122070312,104.55999755859375,104.1500015258789,104.55999755859375,52.85198211669922,160000
2005-03-31,104.8499984741211,105.3499984741211,104.80000305175781,105.33000183105469,53.24117660522461,222700
2005-04-01,105.45999908447266,105.5199966430664,104.70999908447266,105.16999816894531,53.310665130615234,234600
2005-04-04,105.19999694824219,105.44999694824219,105.16000366210938,105.27999877929688,53.36640930175781,408800
2005-04-05,105.0999984741211,105.19999694824219,104.80999755859375,105.0,53.224483489990234,102400
2005-04-06,105.12999725341797,105.2300033569336,105.01000213623047,105.05999755859375,53.25486373901367,186200
2005-04-07,105.04000091552734,105.26000213623047,104.5,104.6500015258789,53.04705810546875,127300
2005-04-08,104.45999908447266,104.75,104.19999694824219,104.75,53.09775924682617,266000
2005-04-11,104.75,105.1500015258789,104.69999694824219,105.02999877929688,53.23966598510742,93100
2005-04-12,104.8499984741211,105.5999984741211,104.80000305175781,105.5999984741211,53.52858352661133,142500
2005-04-13,105.69999694824219,105.75,105.3499984741211,105.5,53.47795104980469,150700
2005-04-14,105.44999694824219,105.69999694824219,105.08000183105469,105.69999694824219,53.57929611206055,148900
2005-04-15,106.0,106.30000305175781,105.75,106.30000305175781,53.88347244262695,165800
2005-04-18,106.5199966430664,106.58999633789062,106.19999694824219,106.30000305175781,53.88347244262695,144200
2005-04-19,106.55000305175781,106.9000015258789,106.5,106.9000015258789,54.18759536743164,132800
2005-04-20,106.54000091552734,107.0999984741211,106.5,107.08000183105469,54.2788200378418,161100
2005-04-21,106.69000244140625,106.79000091552734,106.26000213623047,106.26000213623047,53.8631591796875,122000
2005-04-22,106.81999969482422,106.95999908447266,106.62000274658203,106.95999908447266,54.21797180175781,99400
2005-04-25,106.95999908447266,107.0,106.7300033569336,106.80000305175781,54.13688659667969,129300
2005-04-26,106.83000183105469,106.8499984741211,106.25,106.44999694824219,53.959468841552734,73100
2005-04-27,106.58999633789062,106.68000030517578,106.2300033569336,106.44999694824219,53.959468841552734,86400
2005-04-28,106.54000091552734,107.2699966430664,106.45999908447266,107.2699966430664,54.37514114379883,142500
2005-04-29,107.19000244140625,107.44999694824219,106.80000305175781,106.9000015258789,54.18759536743164,80900
2005-05-02,106.54000091552734,106.69999694824219,106.20999908447266,106.54000091552734,54.217594146728516,113300
2005-05-03,106.5,106.58999633789062,106.19999694824219,106.5,54.19722366333008,87900
2005-05-04,106.0,106.37999725341797,105.9000015258789,106.25,54.07003402709961,125200
2005-05-05,106.22000122070312,106.41999816894531,106.06999969482422,106.36000061035156,54.126007080078125,106500
2005-05-06,105.80999755859375,106.05000305175781,105.7699966430664,105.98999786376953,53.937721252441406,102000
2005-05-09,105.9000015258789,106.04000091552734,105.80000305175781,106.04000091552734,53.963172912597656,113900
2005-05-10,106.1500015258789,106.4000015258789,106.0999984741211,106.4000015258789,54.146331787109375,126200
2005-05-11,106.55999755859375,106.80000305175781,106.44000244140625,106.51000213623047,54.20233917236328,104700
2005-05-12,106.31999969482422,106.5,106.0,106.48999786376953,54.19215393066406,145700
2005-05-13,106.69000244140625,106.79000091552734,106.19999694824219,106.5199966430664,54.207454681396484,141300
2005-05-16,106.61000061035156,106.66000366210938,106.44000244140625,106.4800033569336,54.187068939208984,112900
2005-05-17,106.72000122070312,107.0,106.63999938964844,106.70999908447266,54.304134368896484,132100
2005-05-18,107.02999877929688,107.0999984741211,106.55000305175781,106.55000305175781,54.22269058227539,97700
2005-05-19,106.3499984741211,106.5999984741211,106.30000305175781,106.44000244140625,54.16674041748047,141500
2005-05-20,106.62000274658203,106.83000183105469,106.4800033569336,106.83000183105469,54.36514663696289,80700
2005-05-23,106.9000015258789,107.19999694824219,106.9000015258789,106.95999908447266,54.43132781982422,185900
2005-05-24,107.3499984741211,107.44999694824219,107.05000305175781,107.29000091552734,54.599281311035156,114700
2005-05-25,107.33999633789062,107.43000030517578,106.9000015258789,106.9000015258789,54.40081787109375,93900
2005-05-26,106.79000091552734,106.9000015258789,106.5,106.55000305175781,54.22269058227539,86700
2005-05-27,106.55000305175781,106.94999694824219,106.5,106.81999969482422,54.360076904296875,75800
2005-05-31,107.06999969482422,107.4000015258789,107.05000305175781,107.29000091552734,54.599281311035156,119600
2005-06-01,107.0,107.72000122070312,107.0,107.72000122070312,55.1325569152832,141500
2005-06-02,107.44999694824219,107.58999633789062,107.30000305175781,107.4000015258789,54.96882247924805,118300
2005-06-03,107.81999969482422,107.9000015258789,106.94999694824219,107.05000305175781,54.789642333984375,116700
2005-06-06,107.11000061035156,107.19999694824219,106.83000183105469,107.05000305175781,54.789642333984375,146500
2005-06-07,107.58000183105469,107.6500015258789,107.16000366210938,107.25,54.89201354980469,142900
2005-06-08,107.23999786376953,107.25,106.9000015258789,106.94999694824219,54.738502502441406,116700
2005-06-09,106.79000091552734,107.0199966430664,106.5999984741211,106.87000274658203,54.697532653808594,102700
2005-06-10,106.61000061035156,106.61000061035156,106.16000366210938,106.22000122070312,54.364891052246094,88900
2005-06-13,105.87000274658203,105.97000122070312,105.70999908447266,105.9000015258789,54.20109939575195,157000
2005-06-14,105.8499984741211,105.87999725341797,105.5999984741211,105.69000244140625,54.093605041503906,131500
2005-06-15,105.36000061035156,105.75,105.30999755859375,105.72000122070312,54.10897445678711,124100
2005-06-16,105.76000213623047,106.19999694824219,105.61000061035156,106.0999984741211,54.303497314453125,126700
2005-06-17,106.19000244140625,106.5,106.1500015258789,106.16000366210938,54.33417510986328,96800
2005-06-20,106.08999633789062,106.23999786376953,105.94000244140625,106.16999816894531,54.339256286621094,106700
2005-06-21,106.25,106.47000122070312,106.19999694824219,106.30000305175781,54.40583038330078,86600
2005-06-22,106.6500015258789,106.83000183105469,106.44999694824219,106.6500015258789,54.58493423461914,161800
2005-06-23,106.63999938964844,106.8499984741211,106.5199966430664,106.80000305175781,54.66171646118164,105100
2005-06-24,106.9000015258789,107.0999984741211,106.80000305175781,107.0,54.76407241821289,209400
2005-06-27,107.12999725341797,107.4000015258789,107.0,107.30000305175781,54.9176139831543,106600
2005-06-28,107.0,107.12000274658203,106.8499984741211,107.05999755859375,54.79474639892578,141100
2005-06-29,107.19999694824219,107.19999694824219,106.69999694824219,106.77999877929688,54.6514778137207,97400
2005-06-30,106.95999908447266,107.2300033569336,106.69999694824219,107.2300033569336,54.881771087646484,212200
2005-07-01,106.37000274658203,106.44999694824219,105.63999938964844,105.83999633789062,54.51967239379883,115400
2005-07-05,105.43000030517578,105.61000061035156,105.1500015258789,105.25,54.21574401855469,141400
2005-07-06,105.30000305175781,105.47000122070312,105.26000213623047,105.45999908447266,54.323936462402344,92100
2005-07-07,105.76000213623047,105.80000305175781,105.43000030517578,105.52999877929688,54.35996627807617,76500
2005-07-08,105.58999633789062,105.58999633789062,104.9000015258789,105.04000091552734,54.10757064819336,104000
2005-07-11,104.80000305175781,105.2699966430664,104.70999908447266,105.25,54.21574401855469,140100
2005-07-12,105.04000091552734,105.19999694824219,105.0,105.04000091552734,54.10757064819336,107300
2005-07-13,104.95999908447266,104.9800033569336,104.70999908447266,104.77999877929688,53.97364044189453,172800
2005-07-14,104.31999969482422,104.41999816894531,103.94999694824219,104.11000061035156,53.62853240966797,203200
2005-07-15,103.73999786376953,103.94999694824219,103.69999694824219,103.94999694824219,53.54610061645508,187200
2005-07-18,103.80999755859375,103.9000015258789,103.41000366210938,103.58999633789062,53.360652923583984,141700
2005-07-19,103.58000183105469,104.05000305175781,103.58000183105469,104.02999877929688,53.587318420410156,162900
2005-07-20,104.0199966430664,104.3499984741211,103.80000305175781,104.33000183105469,53.741851806640625,162800
2005-07-21,104.18000030517578,104.19000244140625,103.69999694824219,103.83999633789062,53.48943328857422,158400
2005-07-22,104.13999938964844,104.58000183105469,104.13999938964844,104.25,53.70063400268555,218600
2005-07-25,104.29000091552734,104.37000274658203,103.75,103.93000030517578,53.5357666015625,155300
2005-07-26,103.70999908447266,104.02999877929688,103.4800033569336,104.02999877929688,53.587318420410156,183400
2005-07-27,103.94999694824219,104.22000122070312,103.81999969482422,103.98999786376953,53.566680908203125,77800
2005-07-28,104.05000305175781,104.37999725341797,104.02999877929688,104.22000122070312,53.68521499633789,94000
2005-07-29,104.08999633789062,104.1500015258789,103.79000091552734,103.91000366210938,53.525482177734375,108700
2005-08-01,103.33999633789062,103.37999725341797,102.9000015258789,103.08000183105469,53.44403076171875,145300
2005-08-02,102.9000015258789,102.9800033569336,102.68000030517578,102.88999938964844,53.345584869384766,429300
2005-08-03,103.12999725341797,103.38999938964844,103.08999633789062,103.36000061035156,53.589263916015625,112100
2005-08-04,103.30000305175781,103.44999694824219,103.16999816894531,103.37999725341797,53.59965133666992,129200
2005-08-05,102.93000030517578,102.93000030517578,102.75,102.80000305175781,53.298927307128906,144400
2005-08-08,102.86000061035156,102.98999786376953,102.75,102.77999877929688,53.288570404052734,113500
2005-08-09,102.81999969482422,102.83000183105469,102.4000015258789,102.69999694824219,53.24708938598633,179600
2005-08-10,102.88999938964844,102.94000244140625,102.55000305175781,102.63999938964844,53.21597671508789,107200
2005-08-11,102.76000213623047,103.19000244140625,102.55999755859375,103.16999816894531,53.490726470947266,104300
2005-08-12,103.33999633789062,103.6500015258789,103.31999969482422,103.58999633789062,53.708553314208984,108600
2005-08-15,103.55000305175781,103.66999816894531,103.41000366210938,103.58999633789062,53.708553314208984,183400
2005-08-16,103.97000122070312,104.19000244140625,103.79000091552734,103.87999725341797,53.85885238647461,172200
2005-08-17,104.0999984741211,104.1500015258789,103.55000305175781,103.6500015258789,53.73964309692383,98400
2005-08-18,103.87999725341797,104.02999877929688,103.76000213623047,103.95999908447266,53.90031814575195,111800
2005-08-19,103.9000015258789,104.16999816894531,103.80999755859375,104.1500015258789,53.99884796142578,110200
2005-08-22,103.94000244140625,104.0999984741211,103.76000213623047,104.0,53.921104431152344,132600
2005-08-23,103.9000015258789,104.31999969482422,103.9000015258789,104.27999877929688,54.0662841796875,179000
2005-08-24,104.25,104.48999786376953,104.25,104.44999694824219,54.154396057128906,108800
2005-08-25,104.55999755859375,104.62999725341797,104.38999938964844,104.61000061035156,54.23737716674805,105200
2005-08-26,104.6500015258789,104.69999694824219,104.41000366210938,104.55999755859375,54.211421966552734,141300
2005-08-29,104.8499984741211,104.87000274658203,104.6500015258789,104.7300033569336,54.29957962036133,85800
2005-08-30,104.93000030517578,105.3499984741211,104.80999755859375,105.2699966430664,54.579593658447266,169100
2005-08-31,105.4000015258789,105.86000061035156,105.30999755859375,105.8499984741211,54.88023376464844,119100
2005-09-01,105.41999816894531,105.9000015258789,105.41999816894531,105.70999908447266,55.0244255065918,108700
2005-09-02,105.69999694824219,106.0,105.55999755859375,105.75,55.045284271240234,140600
2005-09-06,105.75,105.8499984741211,105.11000061035156,105.16000366210938,54.73815155029297,701900
2005-09-07,105.1500015258789,105.18000030517578,104.7699966430664,105.0199966430664,54.665283203125,176400
2005-09-08,105.20999908447266,105.33999633789062,105.05000305175781,105.19000244140625,54.753761291503906,144100
2005-09-09,105.44999694824219,105.72000122070312,105.37999725341797,105.47000122070312,54.899539947509766,128400
2005-09-12,105.23999786376953,105.23999786376953,104.91999816894531,105.08999633789062,54.70171356201172,128700
2005-09-13,105.44000244140625,105.69999694824219,105.2300033569336,105.44999694824219,54.88912582397461,129500
2005-09-14,105.38999938964844,105.61000061035156,105.20999908447266,105.37999725341797,54.852630615234375,99100
2005-09-15,105.27999877929688,105.37999725341797,105.0,105.16999816894531,54.74338912963867,97900
2005-09-16,105.12000274658203,105.12999725341797,104.87000274658203,105.0,54.654884338378906,238700
2005-09-19,105.0199966430664,105.47000122070312,104.88999938964844,105.3499984741211,54.837059020996094,134100
2005-09-20,104.87000274658203,105.12000274658203,104.83000183105469,105.05999755859375,54.68608856201172,127600
2005-09-21,105.58000183105469,105.72000122070312,105.47000122070312,105.6500015258789,54.99320602416992,179000
2005-09-22,105.83999633789062,105.91000366210938,105.61000061035156,105.68000030517578,55.00881576538086,173900
2005-09-23,105.5,105.52999877929688,105.0,105.16000366210938,54.73815155029297,161300
2005-09-26,104.62999725341797,105.0199966430664,104.61000061035156,104.91999816894531,54.61323928833008,139900
2005-09-27,105.0,105.19000244140625,104.80000305175781,105.12999725341797,54.72250747680664,207700
2005-09-28,105.11000061035156,105.55000305175781,105.05000305175781,105.54000091552734,54.93593978881836,130800
2005-09-29,105.3499984741211,105.4800033569336,105.23999786376953,105.44000244140625,54.8839111328125,93600
2005-09-30,105.51000213623047,105.55000305175781,105.0,105.2699966430664,54.795433044433594,150600
2005-10-03,104.87999725341797,104.88999938964844,104.19999694824219,104.26000213623047,54.43156051635742,147400
2005-10-04,104.25,104.33000183105469,104.02999877929688,104.18000030517578,54.38978576660156,343100
2005-10-05,104.33000183105469,104.51000213623047,104.12999725341797,104.16000366210938,54.37934494018555,116000
2005-10-06,103.94000244140625,104.0,103.68000030517578,103.87999725341797,54.233158111572266,171000
2005-10-07,103.58999633789062,104.18000030517578,103.5,104.05000305175781,54.32188415527344,99000
2005-10-10,104.08000183105469,104.36000061035156,103.91999816894531,104.16999816894531,54.384559631347656,88500
2005-10-11,104.0,104.01000213623047,103.76000213623047,103.8499984741211,54.21748352050781,111000
2005-10-12,103.88999938964844,103.93000030517578,103.47000122070312,103.51000213623047,54.03998947143555,267700
2005-10-13,103.2300033569336,103.58000183105469,103.05999755859375,103.45999908447266,54.013885498046875,184000
2005-10-14,103.77999877929688,103.79000091552734,103.26000213623047,103.68000030517578,54.12870788574219,108400
2005-10-17,103.80999755859375,103.93000030517578,103.70999908447266,103.87999725341797,54.233158111572266,134600
2005-10-18,104.04000091552734,104.08999633789062,103.8499984741211,103.94999694824219,54.26968002319336,166400
2005-10-19,104.04000091552734,104.30000305175781,103.8499984741211,103.95999908447266,54.2749137878418,231100
2005-10-20,103.80000305175781,104.0,103.66000366210938,103.88999938964844,54.23836898803711,138000
2005-10-21,103.97000122070312,104.2300033569336,103.91000366210938,104.22000122070312,54.41065979003906,126200
2005-10-24,103.91999816894531,104.05000305175781,103.55000305175781,103.7699966430664,54.17571258544922,267400
2005-10-25,103.75,103.9000015258789,103.1500015258789,103.2300033569336,53.893821716308594,188300
2005-10-26,103.0199966430664,103.16000366210938,102.80000305175781,102.91999816894531,53.731929779052734,183700
2005-10-27,103.16999816894531,103.44999694824219,103.12000274658203,103.33999633789062,53.951202392578125,166900
2005-10-28,103.5199966430664,103.58999633789062,103.1500015258789,103.30000305175781,53.930320739746094,145200
2005-10-31,103.48999786376953,103.70999908447266,103.37999725341797,103.58000183105469,54.076515197753906,104500
2005-11-01,103.33999633789062,103.33999633789062,103.01000213623047,103.13999938964844,54.072322845458984,166400
2005-11-02,103.08999633789062,103.29000091552734,102.80000305175781,102.94000244140625,53.96747970581055,121800
2005-11-03,103.04000091552734,103.06999969482422,102.62999725341797,102.77999877929688,53.883567810058594,162200
2005-11-04,102.81999969482422,103.01000213623047,102.52999877929688,102.69999694824219,53.841644287109375,140000
2005-11-07,103.02999877929688,103.13999938964844,102.9000015258789,103.02999877929688,54.01461410522461,94300
2005-11-08,103.27999877929688,103.36000061035156,103.1500015258789,103.22000122070312,54.11429214477539,150100
2005-11-09,102.72000122070312,102.83999633789062,102.56999969482422,102.69000244140625,53.8364143371582,239000
2005-11-10,102.69999694824219,103.01000213623047,102.56999969482422,102.91999816894531,53.95695114135742,208000
2005-11-11,102.91999816894531,103.19999694824219,102.91000366210938,103.05999755859375,54.03036880493164,122300
2005-11-14,102.88999938964844,102.9000015258789,102.2699966430664,102.3499984741211,53.658172607421875,341900
2005-11-15,102.36000061035156,102.80999755859375,102.25,102.6500015258789,53.81541061401367,169600
2005-11-16,102.88999938964844,103.29000091552734,102.75,103.25,54.12999725341797,129900
2005-11-17,103.30000305175781,103.61000061035156,103.19999694824219,103.37000274658203,54.19291305541992,124400
2005-11-18,103.19999694824219,103.4000015258789,103.0,103.18000030517578,54.09329605102539,280800
2005-11-21,103.33999633789062,103.45999908447266,103.2300033569336,103.29000091552734,54.150943756103516,150200
2005-11-22,103.41000366210938,103.69999694824219,103.30999755859375,103.69999694824219,54.36590576171875,148600
2005-11-23,103.76000213623047,103.7699966430664,103.1500015258789,103.30000305175781,54.156219482421875,119800
2005-11-25,103.51000213623047,103.6500015258789,103.5,103.6500015258789,54.33972930908203,38700
2005-11-28,103.61000061035156,104.0,103.5199966430664,103.87000274658203,54.45502853393555,111800
2005-11-29,103.86000061035156,103.88999938964844,103.25,103.3499984741211,54.182437896728516,115200
2005-11-30,103.30999755859375,103.3499984741211,103.0999984741211,103.33000183105469,54.17195129394531,124500
2005-12-01,102.31999969482422,102.41999816894531,101.6500015258789,101.9000015258789,54.0446662902832,284600
2005-12-02,101.69999694824219,101.94999694824219,101.6500015258789,101.94000244140625,54.065860748291016,117300
2005-12-05,101.95999908447266,101.95999908447266,101.69999694824219,101.87999725341797,54.034027099609375,134300
2005-12-06,101.97000122070312,102.26000213623047,101.9000015258789,102.18000030517578,54.19314193725586,150000
2005-12-07,102.05999755859375,102.05999755859375,101.69999694824219,101.79000091552734,53.9863166809082,172600
2005-12-08,101.94999694824219,102.2699966430664,101.86000061035156,102.22000122070312,54.2143669128418,125300
2005-12-09,102.06999969482422,102.19999694824219,101.80000305175781,101.86000061035156,54.023406982421875,127100
2005-12-12,102.0199966430664,102.05999755859375,101.69999694824219,101.9000015258789,54.0446662902832,151800
2005-12-13,102.13999938964844,102.25,101.87000274658203,102.08999633789062,54.14542007446289,180000
2005-12-14,102.44999694824219,102.68000030517578,102.29000091552734,102.5,54.362884521484375,151300
2005-12-15,102.41000366210938,102.5,102.19999694824219,102.5,54.362884521484375,225900
2005-12-16,102.5,102.66999816894531,102.44999694824219,102.56999969482422,54.39998245239258,196200
2005-12-19,102.55000305175781,102.75,102.43000030517578,102.6500015258789,54.44241714477539,154500
2005-12-20,102.44999694824219,102.69000244140625,102.3499984741211,102.5999984741211,54.41591262817383,155600
2005-12-21,102.5,102.55000305175781,102.31999969482422,102.5,54.362884521484375,114300
2005-12-22,102.63999938964844,102.8499984741211,102.58999633789062,102.72000122070312,54.47957229614258,193100
2005-12-23,102.47000122070312,103.2300033569336,102.47000122070312,103.1500015258789,54.70761489868164,154500
2005-12-27,103.0199966430664,103.33000183105469,102.94999694824219,103.2699966430664,54.77123260498047,302700
2005-12-28,102.69999694824219,102.94000244140625,102.62999725341797,102.66999816894531,54.65203094482422,104800
2005-12-29,102.80000305175781,102.88999938964844,102.55000305175781,102.8499984741211,54.74781799316406,218200
2005-12-30,103.0,103.0999984741211,102.70999908447266,102.81999969482422,54.73188018798828,128300
2006-01-03,102.69000244140625,103.1500015258789,102.61000061035156,103.04000091552734,54.84898376464844,257000
2006-01-04,103.01000213623047,103.13999938964844,102.80999755859375,103.05000305175781,54.85430908203125,162400
2006-01-05,102.7699966430664,102.9000015258789,102.66999816894531,102.75,54.694610595703125,169200
2006-01-06,102.72000122070312,102.83000183105469,102.55000305175781,102.69999694824219,54.66798400878906,315500
2006-01-09,102.63999938964844,102.81999969482422,102.52999877929688,102.81999969482422,54.73188018798828,288300
2006-01-10,102.55000305175781,102.75,102.44999694824219,102.58999633789062,54.609439849853516,209700
2006-01-11,102.69999694824219,102.7699966430664,102.41000366210938,102.43000030517578,54.52428436279297,687800
2006-01-12,102.55000305175781,102.93000030517578,102.47000122070312,102.83000183105469,54.73722839355469,667800
2006-01-13,102.97000122070312,103.25,102.88999938964844,103.11000061035156,54.88624572753906,141800
2006-01-17,103.01000213623047,103.4000015258789,103.0,103.3499984741211,55.014007568359375,591500
2006-01-18,103.36000061035156,103.36000061035156,103.05999755859375,103.30000305175781,54.98737335205078,133700
2006-01-19,103.05000305175781,103.29000091552734,102.94999694824219,103.22000122070312,54.944766998291016,437700
2006-01-20,103.4000015258789,103.48999786376953,103.12999725341797,103.41000366210938,55.045921325683594,227900
2006-01-23,103.16000366210938,103.38999938964844,103.0,103.25,54.96077346801758,179100
2006-01-24,103.0,103.27999877929688,102.80999755859375,103.0,54.827701568603516,122000
2006-01-25,102.75,102.83999633789062,102.25,102.3499984741211,54.48170471191406,162100
2006-01-26,102.19999694824219,102.2699966430664,102.01000213623047,102.25,54.42844772338867,157900
2006-01-27,102.62000274658203,102.63999938964844,102.26000213623047,102.5199966430664,54.572174072265625,129600
2006-01-30,102.5,102.62999725341797,102.3499984741211,102.5,54.56153106689453,159200
2006-01-31,102.55000305175781,102.94000244140625,102.45999908447266,102.8499984741211,54.74781799316406,158800
2006-02-01,102.76000213623047,102.9000015258789,102.3499984741211,102.54000091552734,54.58277893066406,257300
2006-02-02,102.6500015258789,102.69000244140625,102.44999694824219,102.55000305175781,54.58812713623047,370800
2006-02-03,102.44999694824219,103.05000305175781,102.36000061035156,103.05000305175781,54.85430908203125,160000
2006-02-06,102.9000015258789,103.19999694824219,102.87999725341797,103.12000274658203,54.89155960083008,151700
2006-02-07,103.06999969482422,103.13999938964844,102.61000061035156,102.63999938964844,54.63606262207031,118300
2006-02-08,102.63999938964844,102.69999694824219,102.36000061035156,102.44999694824219,54.534950256347656,112500
2006-02-09,102.4000015258789,102.79000091552734,102.3499984741211,102.68000030517578,54.65736770629883,157100
2006-02-10,102.75,102.9000015258789,102.26000213623047,102.26000213623047,54.43376159667969,172100
2006-02-13,102.30999755859375,102.36000061035156,102.0999984741211,102.20999908447266,54.407142639160156,152400
2006-02-14,101.75,101.94999694824219,101.69000244140625,101.75,54.162315368652344,187100
2006-02-15,101.9000015258789,102.06999969482422,101.69000244140625,101.8499984741211,54.21548843383789,159500
2006-02-16,101.9000015258789,102.25,101.8499984741211,102.16000366210938,54.38050842285156,120700
2006-02-17,102.55000305175781,102.72000122070312,102.4800033569336,102.72000122070312,54.67866516113281,122700
2006-02-21,102.6500015258789,102.73999786376953,102.41000366210938,102.5,54.56153106689453,140400
2006-02-22,102.62999725341797,102.83999633789062,102.55000305175781,102.79000091552734,54.71595001220703,124600
2006-02-23,102.55000305175781,102.61000061035156,102.3499984741211,102.55000305175781,54.58812713623047,112500
2006-02-24,102.75,102.80000305175781,102.5199966430664,102.6500015258789,54.64136505126953,135400
2006-02-27,102.79000091552734,102.81999969482422,102.36000061035156,102.47000122070312,54.54557800292969,146200
2006-02-28,102.47000122070312,102.87999725341797,102.4000015258789,102.8499984741211,54.74781799316406,162200
2006-03-01,102.72000122070312,102.80000305175781,102.5,102.63999938964844,54.63606262207031,136100
2006-03-02,102.54000091552734,102.58999633789062,102.16000366210938,102.56999969482422,54.59876251220703,161400
2006-03-03,102.37999725341797,102.5,102.19999694824219,102.48999786376953,54.55619812011719,158700
2006-03-06,102.2699966430664,102.2699966430664,101.62999725341797,101.77999877929688,54.178245544433594,133700
2006-03-07,101.44999694824219,101.77999877929688,101.44999694824219,101.77999877929688,54.178245544433594,151000
2006-03-08,101.68000030517578,101.75,101.31999969482422,101.38999938964844,53.970664978027344,130800
2006-03-09,101.36000061035156,101.44999694824219,101.06999969482422,101.22000122070312,53.88016128540039,172800
2006-03-10,100.8499984741211,101.19999694824219,100.7699966430664,101.0999984741211,53.816314697265625,154500
2006-03-13,101.12999725341797,101.1500015258789,100.87000274658203,101.1500015258789,53.84287643432617,216900
2006-03-14,101.2300033569336,101.75,101.2300033569336,101.63999938964844,54.10374450683594,184600
2006-03-15,101.51000213623047,101.5999984741211,101.30000305175781,101.44999694824219,54.002601623535156,156400
2006-03-16,101.58000183105469,102.12000274658203,101.45999908447266,102.0,54.295379638671875,153400
2006-03-17,101.98999786376953,102.01000213623047,101.7300033569336,101.88999938964844,54.23682403564453,153000
2006-03-20,102.0,102.1500015258789,101.73999786376953,101.83000183105469,54.20491027832031,480400
2006-03-21,101.73999786376953,101.76000213623047,101.19000244140625,101.33000183105469,53.938720703125,124100
2006-03-22,101.44000244140625,101.55000305175781,101.2699966430664,101.4800033569336,54.0185546875,216300
2006-03-23,101.55000305175781,101.58999633789062,101.30000305175781,101.37000274658203,53.96001434326172,92100
2006-03-24,101.4800033569336,101.88999938964844,101.43000030517578,101.86000061035156,54.220821380615234,135300
2006-03-27,101.69999694824219,101.69999694824219,101.37000274658203,101.52999877929688,54.0451774597168,119900
2006-03-28,101.25,101.33999633789062,100.91000366210938,101.04000091552734,53.78439712524414,135600
2006-03-29,100.91999816894531,101.05000305175781,100.76000213623047,100.8499984741211,53.68320846557617,190900
2006-03-30,100.73999786376953,100.7699966430664,100.31999969482422,100.62999725341797,53.56610107421875,244200
2006-03-31,100.63999938964844,100.83000183105469,100.41000366210938,100.6500015258789,53.57677459716797,138900
2006-04-03,99.76000213623047,100.19999694824219,99.66999816894531,100.0,53.504554748535156,194000
2006-04-04,100.05000305175781,100.26000213623047,99.75,99.91999816894531,53.46172332763672,125300
2006-04-05,100.0,100.3499984741211,99.94999694824219,100.26000213623047,53.643646240234375,904600
2006-04-06,100.06999969482422,100.08000183105469,99.81999969482422,99.9800033569336,53.493831634521484,107500
2006-04-07,99.56999969482422,99.75,99.4000015258789,99.58000183105469,53.27982711791992,219100
2006-04-10,99.5999984741211,99.75,99.45999908447266,99.6500015258789,53.317237854003906,733000
2006-04-11,100.0,100.08999633789062,99.83000183105469,100.05000305175781,53.531307220458984,230800
2006-04-12,99.94999694824219,100.04000091552734,99.5999984741211,99.69999694824219,53.343994140625,110100
2006-04-13,99.0999984741211,99.3499984741211,99.0,99.08000183105469,53.01225662231445,239900
2006-04-17,99.19999694824219,99.68000030517578,99.19999694824219,99.5999984741211,53.29048156738281,171000
2006-04-18,99.7300033569336,100.08999633789062,99.69999694824219,99.93000030517578,53.467105865478516,173000
2006-04-19,99.80999755859375,100.08000183105469,99.5999984741211,100.02999877929688,53.52058792114258,145800
2006-04-20,100.0199966430664,100.05999755859375,99.62000274658203,99.69000244140625,53.33865737915039,159200
2006-04-21,99.69999694824219,100.05000305175781,99.55000305175781,100.05000305175781,53.531307220458984,145700
2006-04-24,99.9000015258789,100.16999816894531,99.8499984741211,99.94999694824219,53.4777717590332,135300
2006-04-25,99.55999755859375,99.77999877929688,99.11000061035156,99.20999908447266,53.081851959228516,140900
2006-04-26,98.91999816894531,99.1500015258789,98.91000366210938,99.0999984741211,53.02297592163086,122900
2006-04-27,98.91000366210938,99.58000183105469,98.88999938964844,99.54000091552734,53.258419036865234,231800
2006-04-28,99.61000061035156,100.0,99.5,99.9000015258789,53.45100402832031,133300
2006-05-01,99.41000366210938,99.41000366210938,99.08000183105469,99.08000183105469,53.276241302490234,165300
2006-05-02,98.97000122070312,99.30000305175781,98.9000015258789,99.30000305175781,53.39454650878906,162000
2006-05-03,99.16000366210938,99.20999908447266,98.80000305175781,99.0199966430664,53.2440071105957,183100
2006-05-04,99.02999877929688,99.04000091552734,98.62000274658203,98.63999938964844,53.0396728515625,177100
2006-05-05,99.1500015258789,99.29000091552734,98.95999908447266,99.19999694824219,53.34077835083008,172500
2006-05-08,99.30000305175781,99.30000305175781,99.01000213623047,99.19999694824219,53.34077835083008,129800
2006-05-09,99.25,99.41000366210938,99.1500015258789,99.3499984741211,53.421451568603516,139400
2006-05-10,99.38999938964844,99.73999786376953,99.3499984741211,99.58999633789062,53.550506591796875,156200
2006-05-11,99.44999694824219,99.63999938964844,99.3499984741211,99.63999938964844,53.5774040222168,168900
2006-05-12,99.30000305175781,99.55000305175781,99.25,99.30000305175781,53.39454650878906,182600
2006-05-15,99.08000183105469,99.44000244140625,99.01000213623047,99.25,53.36769485473633,124500
2006-05-16,99.26000213623047,99.63999938964844,99.25,99.62999725341797,53.57199478149414,143000
2006-05-17,99.3499984741211,99.44000244140625,99.08000183105469,99.30000305175781,53.39454650878906,416100
2006-05-18,99.6500015258789,99.91000366210938,99.58000183105469,99.91000366210938,53.7225227355957,198800
2006-05-19,99.5999984741211,100.13999938964844,99.56999969482422,99.83000183105469,53.6795654296875,269200
2006-05-22,99.9800033569336,100.12000274658203,99.8499984741211,99.9800033569336,53.760231018066406,159700
2006-05-23,99.69000244140625,99.94000244140625,99.5999984741211,99.88999938964844,53.7118034362793,187200
2006-05-24,100.05000305175781,100.19999694824219,99.8499984741211,99.8499984741211,53.69025802612305,164600
2006-05-25,99.94000244140625,100.08000183105469,99.7300033569336,99.83999633789062,53.68494415283203,113000
2006-05-26,99.7699966430664,100.13999938964844,99.75,100.0999984741211,53.82469177246094,227300
2006-05-30,99.80000305175781,99.94999694824219,99.76000213623047,99.83999633789062,53.68494415283203,146000
2006-05-31,100.0,100.08000183105469,99.56999969482422,99.69999694824219,53.6096305847168,195500
2006-06-01,99.1500015258789,99.27999877929688,98.97000122070312,99.22000122070312,53.649681091308594,255900
2006-06-02,99.80000305175781,100.05000305175781,99.70999908447266,99.9800033569336,54.060611724853516,134800
2006-06-05,100.0,100.05999755859375,99.62999725341797,99.7300033569336,53.9254150390625,198200
2006-06-06,99.5999984741211,99.69000244140625,99.5,99.58999633789062,53.84971618652344,363100
2006-06-07,99.26000213623047,99.30000305175781,99.16000366210938,99.25,53.6658821105957,441400
2006-06-08,99.29000091552734,99.62999725341797,99.2699966430664,99.31999969482422,53.703773498535156,284900
2006-06-09,99.5,99.7699966430664,99.37999725341797,99.72000122070312,53.920005798339844,172700
2006-06-12,99.51000213623047,99.69999694824219,99.5,99.69999694824219,53.90920639038086,179600
2006-06-13,99.7699966430664,99.80999755859375,99.51000213623047,99.7699966430664,53.94703674316406,213100
2006-06-14,99.56999969482422,99.5999984741211,99.30999755859375,99.38999938964844,53.741607666015625,224800
2006-06-15,99.38999938964844,99.4800033569336,99.1500015258789,99.18000030517578,53.6280403137207,221900
2006-06-16,99.4000015258789,99.44999694824219,99.16999816894531,99.20999908447266,53.64422607421875,162800
2006-06-19,99.0199966430664,99.13999938964844,98.8499984741211,99.0,53.530677795410156,272300
2006-06-20,98.91000366210938,98.98999786376953,98.81999969482422,98.91000366210938,53.48202896118164,145600
2006-06-21,99.0,99.0199966430664,98.86000061035156,98.94999694824219,53.5036735534668,234400
2006-06-22,98.88999938964844,98.93000030517578,98.69999694824219,98.73999786376953,53.39009475708008,280900
2006-06-23,98.72000122070312,98.81999969482422,98.5,98.61000061035156,53.319828033447266,205200
2006-06-26,98.5999984741211,98.62999725341797,98.3499984741211,98.5,53.26034927368164,127900
2006-06-27,98.69000244140625,98.80000305175781,98.5199966430664,98.66000366210938,53.34686279296875,331900
2006-06-28,98.6500015258789,98.69000244140625,98.30000305175781,98.44000244140625,53.227901458740234,246600
2006-06-29,98.58999633789062,99.05000305175781,98.5199966430664,99.04000091552734,53.552345275878906,235700
2006-06-30,98.83000183105469,99.58000183105469,98.83000183105469,99.56999969482422,53.83891677856445,150000
2006-07-03,98.77999877929688,98.87000274658203,98.55000305175781,98.80999755859375,53.72795867919922,114000
2006-07-05,98.48999786376953,98.5,98.20999908447266,98.43000030517578,53.521358489990234,295200
2006-07-06,98.48999786376953,98.79000091552734,98.41999816894531,98.7699966430664,53.70624542236328,134100
2006-07-07,99.05000305175781,99.19999694824219,98.97000122070312,99.05999755859375,53.86391067504883,155900
2006-07-10,98.95999908447266,99.06999969482422,98.8499984741211,99.06999969482422,53.86933898925781,144400
2006-07-11,99.16000366210938,99.36000061035156,99.05000305175781,99.13999938964844,53.907440185546875,145600
2006-07-12,98.87999725341797,99.16000366210938,98.80999755859375,99.12000274658203,53.89655685424805,178400
2006-07-13,99.13999938964844,99.55000305175781,99.12000274658203,99.51000213623047,54.108604431152344,277300
2006-07-14,99.54000091552734,99.69999694824219,99.44999694824219,99.58000183105469,54.14665603637695,282500
2006-07-17,99.52999877929688,99.6500015258789,99.4000015258789,99.6500015258789,54.18472671508789,133500
2006-07-18,99.37000274658203,99.37999725341797,99.08000183105469,99.1500015258789,53.91283416748047,112600
2006-07-19,98.94999694824219,99.80000305175781,98.9000015258789,99.77999877929688,54.255428314208984,196500
2006-07-20,99.62999725341797,100.0999984741211,99.5999984741211,100.08999633789062,54.42399978637695,508400
2006-07-21,100.13999938964844,100.20999908447266,99.70999908447266,99.79000091552734,54.260868072509766,135700
2006-07-24,99.77999877929688,99.87999725341797,99.61000061035156,99.70999908447266,54.21735382080078,190700
2006-07-25,99.61000061035156,99.94000244140625,99.5999984741211,99.9000015258789,54.32066345214844,154500
2006-07-26,99.9000015258789,100.26000213623047,99.9000015258789,100.2300033569336,54.50010299682617,117300
2006-07-27,100.33000183105469,100.3499984741211,100.16000366210938,100.25,54.5109977722168,153000
2006-07-28,100.5,100.72000122070312,100.41999816894531,100.55000305175781,54.67410659790039,131600
2006-07-31,100.5,100.56999969482422,100.2699966430664,100.51000213623047,54.65234375,111600
2006-08-01,99.80999755859375,100.12999725341797,99.80999755859375,100.12000274658203,54.74644470214844,140000
2006-08-02,100.05000305175781,100.3499984741211,100.0199966430664,100.3499984741211,54.872161865234375,112300
2006-08-03,100.25,100.45999908447266,100.0999984741211,100.30000305175781,54.84486770629883,196400
2006-08-04,100.80000305175781,100.9800033569336,100.6500015258789,100.9800033569336,55.21666717529297,370300
2006-08-07,100.94000244140625,100.9800033569336,100.87000274658203,100.94999694824219,55.20025634765625,227900
2006-08-08,100.94999694824219,101.20999908447266,100.81999969482422,101.11000061035156,55.28779220581055,136500
2006-08-09,101.04000091552734,101.37000274658203,101.0,101.1500015258789,55.30961990356445,189100
2006-08-10,101.0999984741211,101.12999725341797,100.75,100.9800033569336,55.21666717529297,128800
2006-08-11,100.73999786376953,100.83999633789062,100.69999694824219,100.73999786376953,55.085426330566406,200200
2006-08-14,100.62000274658203,100.62999725341797,100.4000015258789,100.5,54.95420455932617,185600
2006-08-15,100.7300033569336,100.94999694824219,100.69999694824219,100.8499984741211,55.14558410644531,381100
2006-08-16,101.2699966430664,101.27999877929688,101.0,101.04000091552734,55.24946975708008,137100
2006-08-17,101.19999694824219,101.26000213623047,100.8499984741211,100.91999816894531,55.18387985229492,162400
2006-08-18,100.98999786376953,101.30000305175781,100.98999786376953,101.2699966430664,55.37521743774414,123600
2006-08-21,101.31999969482422,101.52999877929688,101.2699966430664,101.52999877929688,55.51744842529297,114100
2006-08-22,101.55999755859375,101.73999786376953,101.5,101.68000030517578,55.59941864013672,130500
2006-08-23,101.63999938964844,101.66999816894531,101.4000015258789,101.52999877929688,55.51744842529297,145100
2006-08-24,101.62000274658203,101.62000274658203,101.26000213623047,101.3499984741211,55.419002532958984,134000
2006-08-25,101.37999725341797,101.5999984741211,101.3499984741211,101.58000183105469,55.54475021362305,80500
2006-08-28,101.33000183105469,101.36000061035156,101.16999816894531,101.2699966430664,55.37521743774414,154700
2006-08-29,101.08999633789062,101.31999969482422,100.87000274658203,101.30000305175781,55.391632080078125,249600
2006-08-30,101.38999938964844,101.41000366210938,101.1500015258789,101.38999938964844,55.44084167480469,111700
2006-08-31,101.5,101.69000244140625,101.44999694824219,101.61000061035156,55.56110763549805,159700
2006-09-01,100.91000366210938,101.12000274658203,100.8499984741211,101.0,55.54022979736328,316300
2006-09-05,100.76000213623047,100.80999755859375,100.51000213623047,100.56999969482422,55.303775787353516,178200
2006-09-06,100.33999633789062,100.5199966430664,100.27999877929688,100.5199966430664,55.27630615234375,158200
2006-09-07,100.33000183105469,100.47000122070312,100.25,100.36000061035156,55.188297271728516,154200
2006-09-08,100.48999786376953,100.5,100.30000305175781,100.30000305175781,55.15533447265625,131700
2006-09-11,100.30999755859375,100.33000183105469,99.91999816894531,100.04000091552734,55.01233673095703,188400
2006-09-12,99.97000122070312,100.27999877929688,99.91000366210938,100.2300033569336,55.116825103759766,176200
2006-09-13,100.38999938964844,100.54000091552734,100.30000305175781,100.44999694824219,55.23781967163086,159500
2006-09-14,100.5199966430664,100.66000366210938,100.36000061035156,100.47000122070312,55.24882507324219,104100
2006-09-15,100.44999694824219,100.48999786376953,100.05999755859375,100.1500015258789,55.07280349731445,245500
2006-09-18,99.83999633789062,100.0999984741211,99.80000305175781,100.08000183105469,55.03432846069336,127900
2006-09-19,100.30999755859375,100.44000244140625,100.22000122070312,100.30999755859375,55.16084289550781,223100
2006-09-20,100.3499984741211,100.3499984741211,100.11000061035156,100.16999816894531,55.083824157714844,181200
2006-09-21,100.1500015258789,100.75,100.1500015258789,100.75,55.40281677246094,137800
2006-09-22,100.94999694824219,101.0999984741211,100.87999725341797,101.06999969482422,55.57875442504883,90900
2006-09-25,101.16999816894531,101.44999694824219,101.11000061035156,101.3499984741211,55.732757568359375,172000
2006-09-26,101.33000183105469,101.41999816894531,101.12000274658203,101.19000244140625,55.644718170166016,210600
2006-09-27,101.58000183105469,101.5999984741211,101.1500015258789,101.16999816894531,55.633724212646484,197300
2006-09-28,101.19999694824219,101.22000122070312,101.0199966430664,101.19000244140625,55.644718170166016,162900
2006-09-29,101.27999877929688,101.3499984741211,100.94000244140625,101.1500015258789,55.62274169921875,123000
2006-10-02,100.70999908447266,100.9800033569336,100.62000274658203,100.80000305175781,55.68130874633789,278600
2006-10-03,100.86000061035156,100.91000366210938,100.44000244140625,100.44999694824219,55.48794174194336,256100
2006-10-04,100.5999984741211,100.91999816894531,100.55999755859375,100.83999633789062,55.703399658203125,126100
2006-10-05,100.94999694824219,100.94999694824219,100.54000091552734,100.68000030517578,55.61504364013672,100200
2006-10-06,100.47000122070312,100.51000213623047,100.12000274658203,100.38999938964844,55.45477294921875,156200
2006-10-09,100.27999877929688,100.33000183105469,100.04000091552734,100.19000244140625,55.34432601928711,94900
2006-10-10,100.01000213623047,100.01000213623047,99.69999694824219,99.79000091552734,55.12338638305664,193000
2006-10-11,99.80000305175781,99.87999725341797,99.3499984741211,99.5,54.96318817138672,195300
2006-10-12,99.51000213623047,99.63999938964844,99.36000061035156,99.51000213623047,54.968711853027344,172900
2006-10-13,99.37999725341797,99.41000366210938,99.12999725341797,99.33999633789062,54.874778747558594,206200
2006-10-16,99.48999786376953,99.5,99.31999969482422,99.41999816894531,54.91898727416992,144700
2006-10-17,99.69999694824219,99.80999755859375,99.33000183105469,99.41000366210938,54.91347885131836,181500
2006-10-18,99.43000030517578,99.55000305175781,99.19999694824219,99.19999694824219,54.7974853515625,251000
2006-10-19,99.11000061035156,99.33999633789062,99.05000305175781,99.2300033569336,54.814056396484375,161200
2006-10-20,99.22000122070312,99.25,99.0999984741211,99.22000122070312,54.80850601196289,110700
2006-10-23,98.73999786376953,98.95999908447266,98.69999694824219,98.93000030517578,54.64833450317383,276700
2006-10-24,98.81999969482422,99.08000183105469,98.81999969482422,99.08000183105469,54.7312126159668,182600
2006-10-25,99.12000274658203,99.63999938964844,99.05999755859375,99.54000091552734,54.985294342041016,178700
2006-10-26,99.77999877929688,100.0999984741211,99.77999877929688,100.02999877929688,55.25593948364258,443500
2006-10-27,100.25,100.37000274658203,100.0999984741211,100.25,55.377479553222656,168800
2006-10-30,100.1500015258789,100.16999816894531,100.0,100.06999969482422,55.278053283691406,124500
2006-10-31,100.0999984741211,100.62000274658203,100.06999969482422,100.62000274658203,55.58185958862305,249200
2006-11-01,100.0999984741211,100.4800033569336,99.91999816894531,100.4000015258789,55.77241134643555,152200
2006-11-02,100.19000244140625,100.19999694824219,100.02999877929688,100.13999938964844,55.62800216674805,130500
2006-11-03,99.6500015258789,99.66999816894531,99.4000015258789,99.58000183105469,55.316890716552734,179100
2006-11-06,99.5,99.88999938964844,99.43000030517578,99.87000274658203,55.47796630859375,160300
2006-11-07,100.18000030517578,100.37000274658203,100.08000183105469,100.2300033569336,55.6779899597168,152100
2006-11-08,100.18000030517578,100.41000366210938,100.1500015258789,100.41000366210938,55.77794647216797,156700
2006-11-09,100.4000015258789,100.5999984741211,100.36000061035156,100.5999984741211,55.88349151611328,128400
2006-11-10,100.68000030517578,100.7300033569336,100.52999877929688,100.55999755859375,55.861263275146484,136800
2006-11-13,100.37000274658203,100.38999938964844,100.08000183105469,100.33000183105469,55.733516693115234,234300
2006-11-14,100.37999725341797,100.5,100.33000183105469,100.44999694824219,55.80017852783203,163400
2006-11-15,100.25,100.33000183105469,100.12999725341797,100.1500015258789,55.63353729248047,203600
2006-11-16,100.08000183105469,100.08999633789062,99.55000305175781,99.58999633789062,55.32244110107422,289400
2006-11-17,99.55000305175781,99.95999908447266,99.55000305175781,99.79000091552734,55.433570861816406,335900
2006-11-20,99.94000244140625,99.94000244140625,99.75,99.81999969482422,55.45022201538086,200500
2006-11-21,99.86000061035156,100.05999755859375,99.70999908447266,99.9800033569336,55.53913497924805,219300
2006-11-22,100.02999877929688,100.18000030517578,100.0,100.11000061035156,55.61130142211914,206400
2006-11-24,100.27999877929688,100.54000091552734,100.27999877929688,100.3499984741211,55.74458694458008,131100
2006-11-27,100.22000122070312,100.58000183105469,100.19999694824219,100.51000213623047,55.83350372314453,214000
2006-11-28,100.7300033569336,100.86000061035156,100.51000213623047,100.86000061035156,56.02793884277344,276100
2006-11-29,100.80999755859375,101.01000213623047,100.6500015258789,100.7300033569336,55.95573043823242,162000
2006-11-30,100.86000061035156,101.23999786376953,100.80999755859375,101.12999725341797,56.17789840698242,155700
2006-12-01,101.1500015258789,101.6500015258789,101.0,101.44999694824219,56.35568618774414,275400
2006-12-04,101.4000015258789,101.5,101.33000183105469,101.4800033569336,56.37235641479492,164600
2006-12-05,101.61000061035156,101.61000061035156,101.19999694824219,101.41000366210938,56.333492279052734,223800
2006-12-06,101.19000244140625,101.2699966430664,101.05000305175781,101.05999755859375,56.138980865478516,227000
2006-12-07,101.05000305175781,101.05999755859375,100.9000015258789,100.91999816894531,56.06126403808594,175100
2006-12-08,100.9800033569336,101.0,100.55000305175781,100.61000061035156,55.889076232910156,133500
2006-12-11,100.86000061035156,100.87000274658203,100.66999816894531,100.83999633789062,56.016849517822266,172200
2006-12-12,100.94000244140625,100.94000244140625,100.69999694824219,100.8499984741211,56.02241516113281,150900
2006-12-13,100.5999984741211,100.68000030517578,100.33000183105469,100.44999694824219,55.80017852783203,219000
2006-12-14,100.37000274658203,100.4800033569336,100.27999877929688,100.3499984741211,55.74458694458008,188200
2006-12-15,100.44999694824219,100.55999755859375,99.8499984741211,99.8499984741211,55.466880798339844,231200
2006-12-18,99.83999633789062,99.88999938964844,99.5199966430664,99.66999816894531,55.366886138916016,221500
2006-12-19,99.62999725341797,99.76000213623047,99.58000183105469,99.5999984741211,55.32794952392578,198500
2006-12-20,99.5199966430664,99.61000061035156,99.43000030517578,99.54000091552734,55.294673919677734,200100
2006-12-21,99.54000091552734,99.80000305175781,99.44000244140625,99.76000213623047,55.4168586730957,575700
2006-12-22,99.61000061035156,99.61000061035156,99.2699966430664,99.3499984741211,55.189117431640625,248500
2006-12-26,99.30000305175781,99.5,99.25,99.29000091552734,55.15580368041992,188000
2006-12-27,99.25,99.33999633789062,98.5,98.93000030517578,54.95582962036133,386900
2006-12-28,99.0,99.0,98.41999816894531,98.75,54.85582733154297,490700
2006-12-29,98.76000213623047,98.91999816894531,98.62000274658203,98.80000305175781,54.88361740112305,284200
2007-01-03,99.3499984741211,99.4000015258789,98.97000122070312,99.2300033569336,55.12246322631836,521800
2007-01-04,99.3499984741211,99.4800033569336,99.19000244140625,99.30000305175781,55.16134262084961,274800
2007-01-05,98.79000091552734,99.12999725341797,98.69999694824219,99.0199966430664,55.00579833984375,150300
2007-01-08,99.0199966430664,99.12999725341797,98.77999877929688,99.08999633789062,55.04465866088867,239500
2007-01-09,99.0199966430664,99.05000305175781,98.83999633789062,99.0199966430664,55.00579833984375,180500
2007-01-10,98.80000305175781,98.83999633789062,98.66000366210938,98.7699966430664,54.86689758300781,237700
2007-01-11,98.61000061035156,98.69000244140625,98.20999908447266,98.44000244140625,54.683616638183594,451500
2007-01-12,98.20999908447266,98.20999908447266,97.7699966430664,98.04000091552734,54.4614143371582,259600
2007-01-16,98.16999816894531,98.27999877929688,98.0999984741211,98.20999908447266,54.55583953857422,343100
2007-01-17,98.27999877929688,98.38999938964844,98.08000183105469,98.19999694824219,54.55031204223633,161800
2007-01-18,98.19000244140625,98.44000244140625,98.0999984741211,98.2699966430664,54.589176177978516,178300
2007-01-19,98.29000091552734,98.45999908447266,98.1500015258789,98.44000244140625,54.683616638183594,168000
2007-01-22,98.58000183105469,98.73999786376953,98.51000213623047,98.5999984741211,54.77249526977539,152300
2007-01-23,98.55000305175781,98.7300033569336,98.45999908447266,98.58999633789062,54.76695251464844,152400
2007-01-24,98.62000274658203,98.81999969482422,98.5199966430664,98.72000122070312,54.83917236328125,132400
2007-01-25,98.81999969482422,98.81999969482422,98.2300033569336,98.41999816894531,54.6724967956543,175900
2007-01-26,98.23999786376953,98.52999877929688,98.20999908447266,98.33999633789062,54.62808609008789,207200
2007-01-29,98.4000015258789,98.44000244140625,98.1500015258789,98.23999786376953,54.5725212097168,252900
2007-01-30,98.2699966430664,98.55000305175781,98.2699966430664,98.5199966430664,54.72804260253906,188200
2007-01-31,98.52999877929688,99.02999877929688,98.5,99.02999877929688,55.011348724365234,131500
2007-02-01,99.11000061035156,99.37999725341797,98.63999938964844,98.69999694824219,54.82803726196289,242600
2007-02-02,98.70999908447266,98.87999725341797,98.69999694824219,98.87999725341797,54.928043365478516,177300
2007-02-05,99.0,99.04000091552734,98.80000305175781,98.93000030517578,54.95582962036133,164000
2007-02-06,98.79000091552734,99.0,98.69999694824219,98.93000030517578,54.95582962036133,147600
2007-02-07,99.12000274658203,99.1500015258789,98.95999908447266,99.0999984741211,55.05023956298828,176300
2007-02-08,98.97000122070312,99.0999984741211,98.9000015258789,99.0,54.994693756103516,368600
2007-02-09,98.9800033569336,98.9800033569336,98.62000274658203,98.75,54.85582733154297,425300
2007-02-12,98.62000274658203,98.73999786376953,98.45999908447266,98.5,54.71696853637695,164200
2007-02-13,98.61000061035156,98.61000061035156,98.4000015258789,98.51000213623047,54.72249984741211,182800
2007-02-14,98.76000213623047,99.19999694824219,98.7300033569336,99.16000366210938,55.083560943603516,144900
2007-02-15,99.37999725341797,99.37999725341797,99.06999969482422,99.12999725341797,55.066932678222656,265800
2007-02-16,99.19999694824219,99.55000305175781,99.06999969482422,99.45999908447266,55.25019073486328,227300
2007-02-20,99.30999755859375,99.47000122070312,99.19000244140625,99.47000122070312,55.255802154541016,173600
2007-02-21,99.5199966430664,99.66999816894531,99.44999694824219,99.61000061035156,55.33357620239258,213200
2007-02-22,99.5199966430664,99.55000305175781,99.37000274658203,99.55000305175781,55.30021667480469,140200
2007-02-23,99.75,100.11000061035156,99.73999786376953,99.83999633789062,55.461326599121094,170800
2007-02-26,100.08999633789062,100.37000274658203,100.08999633789062,100.26000213623047,55.69464874267578,450700
2007-02-27,100.47000122070312,101.43000030517578,100.4000015258789,101.1500015258789,56.189064025878906,275400
2007-02-28,100.91999816894531,101.0,100.12999725341797,100.98999786376953,56.100135803222656,395900
2007-03-01,100.97000122070312,100.98999786376953,99.72000122070312,100.86000061035156,56.18257522583008,280800
2007-03-02,101.0,101.19000244140625,100.79000091552734,101.05999755859375,56.293949127197266,166000
2007-03-05,101.27999877929688,101.29000091552734,100.94999694824219,100.98999786376953,56.255008697509766,321900
2007-03-06,100.80000305175781,101.0,100.75,100.8499984741211,56.17704772949219,172100
2007-03-07,101.0,101.08999633789062,100.75,101.0,56.260581970214844,166800
2007-03-08,100.91000366210938,100.97000122070312,100.72000122070312,100.91000366210938,56.21045684814453,150600
2007-03-09,100.66000366210938,100.66999816894531,100.33000183105469,100.44999694824219,55.954219818115234,155400
2007-03-12,100.43000030517578,100.61000061035156,100.41000366210938,100.54000091552734,56.00431442260742,98600
2007-03-13,100.69999694824219,101.08000183105469,100.66999816894531,100.94000244140625,56.22718811035156,115900
2007-03-14,100.98999786376953,101.25,100.80999755859375,100.94999694824219,56.232749938964844,154400
2007-03-15,101.05000305175781,101.05999755859375,100.80999755859375,100.91999816894531,56.21601104736328,112900
2007-03-16,100.91999816894531,101.16999816894531,100.87999725341797,100.9800033569336,56.249446868896484,108800
2007-03-19,100.94999694824219,101.0,100.7300033569336,100.97000122070312,56.24386978149414,130600
2007-03-20,101.18000030517578,101.19999694824219,100.9000015258789,100.98999786376953,56.255008697509766,116100
2007-03-21,100.83000183105469,101.5,100.7699966430664,101.37000274658203,56.4666633605957,140400
2007-03-22,101.37999725341797,101.41999816894531,100.95999908447266,101.06999969482422,56.299560546875,99500
2007-03-23,101.12999725341797,101.29000091552734,100.9000015258789,101.0,56.260581970214844,157200
2007-03-26,101.0,101.4800033569336,100.91000366210938,101.36000061035156,56.461124420166016,200100
2007-03-27,101.26000213623047,101.43000030517578,101.16999816894531,101.33000183105469,56.444374084472656,190800
2007-03-28,101.51000213623047,101.66000366210938,101.04000091552734,101.19000244140625,56.36640930175781,176800
2007-03-29,101.12999725341797,101.19999694824219,100.98999786376953,101.05999755859375,56.293949127197266,96800
2007-03-30,101.12999725341797,101.29000091552734,100.86000061035156,101.04000091552734,56.282867431640625,139500
2007-04-02,101.18000030517578,101.98999786376953,100.5199966430664,100.70999908447266,56.30464172363281,168400
2007-04-03,100.62999725341797,100.62999725341797,100.22000122070312,100.2699966430664,56.058677673339844,181600
2007-04-04,100.44000244140625,100.62000274658203,100.1500015258789,100.58999633789062,56.23756790161133,129500
2007-04-05,100.66000366210938,100.68000030517578,100.52999877929688,100.56999969482422,56.22639465332031,79700
2007-04-09,100.33000183105469,100.37999725341797,100.05000305175781,100.12000274658203,55.97478485107422,128000
2007-04-10,100.25,100.45999908447266,100.2300033569336,100.36000061035156,56.10895538330078,120700
2007-04-11,100.36000061035156,100.5,100.18000030517578,100.19999694824219,56.01951599121094,154400
2007-04-12,100.4000015258789,100.47000122070312,99.19000244140625,100.19999694824219,56.01951599121094,210100
2007-04-13,100.33000183105469,100.68000030517578,99.94000244140625,99.94999694824219,55.87976837158203,109800
2007-04-16,100.12999725341797,100.29000091552734,99.94000244140625,100.2699966430664,56.058677673339844,216400
2007-04-17,100.25,100.48999786376953,100.25,100.33000183105469,56.09222412109375,145700
2007-04-18,100.45999908447266,100.66000366210938,100.41000366210938,100.66000366210938,56.27670669555664,169600
2007-04-19,100.72000122070312,100.72000122070312,100.44000244140625,100.61000061035156,56.24872970581055,121500
2007-04-20,100.58999633789062,100.66000366210938,100.37000274658203,100.6500015258789,56.2711181640625,150300
2007-04-23,100.63999938964844,100.94999694824219,100.52999877929688,100.87999725341797,56.39970016479492,127000
2007-04-24,100.91000366210938,101.13999938964844,100.87999725341797,101.05000305175781,56.494773864746094,149100
2007-04-25,101.0,102.25,100.91000366210938,101.05999755859375,56.50028610229492,226800
2007-04-26,101.05000305175781,101.08000183105469,100.68000030517578,100.77999877929688,56.3437614440918,188200
2007-04-27,100.9800033569336,101.02999877929688,100.80000305175781,100.80000305175781,56.35498046875,144700
2007-04-30,101.0999984741211,101.3499984741211,101.05999755859375,101.33999633789062,56.6568717956543,422600
2007-05-01,101.06999969482422,101.08999633789062,100.62999725341797,100.94000244140625,56.64906311035156,178800
2007-05-02,101.06999969482422,101.06999969482422,100.80000305175781,100.93000030517578,56.643428802490234,283500
2007-05-03,100.83000183105469,100.83000183105469,100.58999633789062,100.68000030517578,56.50312423706055,110200
2007-05-04,100.8499984741211,100.93000030517578,100.69000244140625,100.7300033569336,56.53118133544922,115200
2007-05-07,100.68000030517578,100.75,100.4800033569336,100.66000366210938,56.49189376831055,140200
2007-05-08,100.8499984741211,100.8499984741211,100.63999938964844,100.77999877929688,56.55921173095703,164100
2007-05-09,100.81999969482422,100.83000183105469,100.43000030517578,100.45999908447266,56.37965393066406,129800
2007-05-10,100.66000366210938,100.7699966430664,100.54000091552734,100.68000030517578,56.50312423706055,130500
2007-05-11,100.83000183105469,100.91999816894531,100.48999786376953,100.5,56.40211868286133,115300
2007-05-14,100.6500015258789,100.68000030517578,100.33999633789062,100.33999633789062,56.312294006347656,129000
2007-05-15,100.19999694824219,100.2300033569336,99.9000015258789,100.06999969482422,56.160770416259766,167200
2007-05-16,100.08999633789062,100.1500015258789,99.94999694824219,99.97000122070312,56.104671478271484,232900
2007-05-17,99.94000244140625,100.0199966430664,99.81999969482422,99.93000030517578,56.082191467285156,111500
2007-05-18,99.9000015258789,100.0,99.56999969482422,99.66999816894531,55.936283111572266,116300
2007-05-21,99.62999725341797,99.91999816894531,99.52999877929688,99.91999816894531,56.076576232910156,139100
2007-05-22,99.83999633789062,99.87999725341797,99.41000366210938,99.52999877929688,55.857704162597656,195100
2007-05-23,99.55999755859375,99.5999984741211,99.26000213623047,99.5199966430664,55.85208511352539,233800
2007-05-24,99.62000274658203,99.69999694824219,99.29000091552734,99.63999938964844,55.91939163208008,247800
2007-05-25,99.63999938964844,99.81999969482422,99.58999633789062,99.77999877929688,55.998016357421875,194500
2007-05-29,99.66999816894531,99.69000244140625,99.37999725341797,99.4800033569336,55.82964324951172,249600
2007-05-30,99.70999908447266,99.72000122070312,99.41999816894531,99.56999969482422,55.88017654418945,137000
2007-05-31,99.7300033569336,99.7300033569336,99.30999755859375,99.62999725341797,55.91374588012695,181100
2007-06-01,98.98999786376953,99.05000305175781,98.80999755859375,98.8499984741211,55.72610855102539,207300
2007-06-04,99.0,99.19999694824219,98.9000015258789,99.11000061035156,55.87268829345703,174500
2007-06-05,98.94999694824219,98.98999786376953,98.6500015258789,98.75,55.66973876953125,156200
2007-06-06,98.7699966430664,98.9000015258789,98.69000244140625,98.83000183105469,55.714805603027344,143200
2007-06-07,98.61000061035156,98.62000274658203,97.91999816894531,97.97000122070312,55.230003356933594,396800
2007-06-08,97.91999816894531,98.2699966430664,97.86000061035156,98.1500015258789,55.33148956298828,287400
2007-06-11,97.9000015258789,98.13999938964844,97.8499984741211,97.94000244140625,55.213069915771484,185800
2007-06-12,97.62000274658203,97.69000244140625,97.20999908447266,97.33000183105469,54.869178771972656,313100
2007-06-13,97.41999816894531,97.8499984741211,97.41999816894531,97.69000244140625,55.07216262817383,362200
2007-06-14,97.80000305175781,98.0999984741211,97.66999816894531,97.75,55.10600662231445,235900
2007-06-15,97.7300033569336,98.04000091552734,97.58999633789062,98.04000091552734,55.269466400146484,262600
2007-06-18,98.01000213623047,98.08999633789062,97.75,97.95999908447266,55.22439956665039,185900
2007-06-19,98.22000122070312,98.62999725341797,98.1500015258789,98.4800033569336,55.51750946044922,483200
2007-06-20,98.25,98.29000091552734,97.9800033569336,98.11000061035156,55.30893325805664,247600
2007-06-21,98.0,98.26000213623047,98.0,98.06999969482422,55.28639221191406,149500
2007-06-22,97.9800033569336,98.55999755859375,97.9000015258789,98.47000122070312,55.51186752319336,183200
2007-06-25,98.72000122070312,98.81999969482422,98.5,98.69999694824219,55.64152145385742,253700
2007-06-26,98.80000305175781,98.80999755859375,98.4000015258789,98.5,55.5288200378418,173800
2007-06-27,98.7699966430664,98.87000274658203,98.51000213623047,98.55000305175781,55.55698776245117,112500
2007-06-28,98.68000030517578,98.76000213623047,98.38999938964844,98.38999938964844,55.466773986816406,162800
2007-06-29,98.8499984741211,99.0999984741211,98.58000183105469,98.97000122070312,55.79377365112305,147200
2007-07-02,98.56999969482422,98.91000366210938,98.41999816894531,98.83000183105469,55.96190643310547,239400
2007-07-03,98.87999725341797,98.91000366210938,98.41999816894531,98.43000030517578,55.73543167114258,176300
2007-07-05,98.29000091552734,98.31999969482422,97.94999694824219,98.0199966430664,55.50325393676758,149400
2007-07-06,97.87000274658203,97.94000244140625,97.7300033569336,97.80999755859375,55.38437271118164,103500
2007-07-09,98.04000091552734,98.16000366210938,97.9800033569336,98.12000274658203,55.55990982055664,126300
2007-07-10,98.68000030517578,98.91999816894531,98.48999786376953,98.9000015258789,56.00157165527344,166300
2007-07-11,98.80000305175781,98.91999816894531,98.4000015258789,98.47000122070312,55.758060455322266,100300
2007-07-12,98.58999633789062,98.5999984741211,98.06999969482422,98.13999938964844,55.57121276855469,221400
2007-07-13,98.41000366210938,98.48999786376953,98.04000091552734,98.29000091552734,55.65618133544922,143600
2007-07-16,98.38999938964844,98.66000366210938,98.33999633789062,98.58999633789062,55.82604217529297,100200
2007-07-17,98.47000122070312,98.62000274658203,98.19999694824219,98.51000213623047,55.78072738647461,152000
2007-07-18,98.6500015258789,99.05000305175781,98.61000061035156,98.88999938964844,55.99589157104492,150600
2007-07-19,98.69999694824219,99.02999877929688,98.69000244140625,99.01000213623047,56.06385803222656,121600
2007-07-20,99.16999816894531,99.5,99.0999984741211,99.38999938964844,56.2790412902832,145600
2007-07-23,99.22000122070312,99.2699966430664,99.0,99.18000030517578,56.160099029541016,380300
2007-07-24,99.27999877929688,99.62000274658203,99.08000183105469,99.48999786376953,56.335670471191406,252400
2007-07-25,99.56999969482422,99.81999969482422,99.54000091552734,99.79000091552734,56.5055046081543,135100
2007-07-26,100.13999938964844,100.55000305175781,100.06999969482422,100.26000213623047,56.77162551879883,444900
2007-07-27,100.20999908447266,100.56999969482422,100.08000183105469,100.41000366210938,56.85657501220703,308600
2007-07-30,100.45999908447266,100.58999633789062,100.25,100.30000305175781,56.794288635253906,260900
2007-07-31,100.30000305175781,100.80999755859375,100.26000213623047,100.80000305175781,57.077457427978516,327600
2007-08-01,100.26000213623047,100.45999908447266,99.91999816894531,99.94000244140625,56.84137725830078,261700
2007-08-02,99.88999938964844,100.0999984741211,99.66999816894531,99.98999786376953,56.86986541748047,122500
2007-08-03,100.1500015258789,100.38999938964844,100.06999969482422,100.30000305175781,57.0461311340332,161000
2007-08-06,100.20999908447266,100.20999908447266,99.5999984741211,99.63999938964844,56.67076110839844,238600
2007-08-07,99.87000274658203,100.16000366210938,99.55000305175781,99.6500015258789,56.67646026611328,130200
2007-08-08,99.56999969482422,99.56999969482422,99.0,99.27999877929688,56.46596908569336,237600
2007-08-09,99.5999984741211,99.72000122070312,99.30000305175781,99.5999984741211,56.64799118041992,338600
2007-08-10,99.9000015258789,99.94000244140625,99.36000061035156,99.37999725341797,56.52286911010742,179900
2007-08-13,99.4000015258789,99.87000274658203,99.4000015258789,99.81999969482422,56.77316665649414,287700
2007-08-14,99.48999786376953,100.01000213623047,99.48999786376953,99.94000244140625,56.84137725830078,318800
2007-08-15,100.04000091552734,100.08999633789062,99.66999816894531,99.94000244140625,56.84137725830078,178600
2007-08-16,100.19000244140625,100.68000030517578,100.0999984741211,100.16000366210938,56.96650695800781,268900
2007-08-17,100.48999786376953,100.69000244140625,99.94999694824219,100.48999786376953,57.154212951660156,206300
2007-08-20,100.45999908447266,100.5999984741211,100.30999755859375,100.4800033569336,57.14851760864258,181700
2007-08-21,100.76000213623047,101.0,100.5999984741211,100.83000183105469,57.34760665893555,171200
2007-08-22,100.4000015258789,100.77999877929688,100.36000061035156,100.5999984741211,57.216793060302734,113400
2007-08-23,100.58999633789062,100.9000015258789,100.5,100.6500015258789,57.245182037353516,117600
2007-08-24,100.8499984741211,100.87999725341797,100.55999755859375,100.77999877929688,57.31912612915039,109900
2007-08-27,100.83000183105469,100.97000122070312,100.7300033569336,100.9000015258789,57.387386322021484,98800
2007-08-28,100.81999969482422,101.2300033569336,100.81999969482422,101.19999694824219,57.558013916015625,139700
2007-08-29,101.0199966430664,101.30000305175781,100.75,100.77999877929688,57.31912612915039,119100
2007-08-30,101.20999908447266,101.37000274658203,101.0999984741211,101.22000122070312,57.56938934326172,142900
2007-08-31,101.12999725341797,101.4000015258789,101.08999633789062,101.18000030517578,57.546669006347656,127700
2007-09-04,100.91999816894531,100.91999816894531,100.55999755859375,100.81999969482422,57.592376708984375,154200
2007-09-05,101.05999755859375,101.36000061035156,100.95999908447266,101.29000091552734,57.86082458496094,128300
2007-09-06,101.25,101.33000183105469,101.0,101.06999969482422,57.735164642333984,90700
2007-09-07,101.45999908447266,102.25,101.45999908447266,102.2300033569336,58.3978157043457,174200
2007-09-10,102.19999694824219,102.72000122070312,102.19999694824219,102.61000061035156,58.614864349365234,362700
2007-09-11,102.37999725341797,102.75,102.37999725341797,102.61000061035156,58.614864349365234,136200
2007-09-12,102.58000183105469,102.61000061035156,102.31999969482422,102.56999969482422,58.592010498046875,108700
2007-09-13,102.3499984741211,102.36000061035156,101.9000015258789,102.02999877929688,58.283546447753906,132300
2007-09-14,102.61000061035156,102.61000061035156,101.97000122070312,102.19999694824219,58.38066482543945,139800
2007-09-17,102.23999786376953,102.5999984741211,102.0999984741211,102.56999969482422,58.592010498046875,144500
2007-09-18,102.25,102.63999938964844,102.05000305175781,102.63999938964844,58.632015228271484,225700
2007-09-19,102.19000244140625,102.43000030517578,101.93000030517578,102.3499984741211,58.46636199951172,313100
2007-09-20,101.91999816894531,101.9800033569336,101.13999938964844,101.19999694824219,57.809425354003906,154000
2007-09-21,101.47000122070312,101.70999908447266,101.38999938964844,101.5999984741211,58.037925720214844,158600
2007-09-24,101.44999694824219,101.5999984741211,101.37999725341797,101.44000244140625,57.9465217590332,201300
2007-09-25,101.52999877929688,101.66000366210938,101.19999694824219,101.25,57.837974548339844,221100
2007-09-26,101.11000061035156,101.5,101.04000091552734,101.3499984741211,57.8951530456543,157500
2007-09-27,101.63999938964844,102.05000305175781,101.55000305175781,101.94999694824219,58.23785400390625,133700
2007-09-28,102.29000091552734,102.37999725341797,101.7699966430664,102.02999877929688,58.283546447753906,203100
2007-10-01,101.61000061035156,101.83999633789062,101.44000244140625,101.83999633789062,58.41259765625,240200
2007-10-02,101.58999633789062,102.04000091552734,101.5199966430664,101.94000244140625,58.46995544433594,199000
2007-10-03,101.98999786376953,102.12000274658203,101.54000091552734,101.75,58.36097717285156,139000
2007-10-04,101.66000366210938,101.93000030517578,101.58000183105469,101.9000015258789,58.44704055786133,123300
2007-10-05,101.33000183105469,101.38999938964844,100.9800033569336,101.30000305175781,58.102848052978516,230100
2007-10-08,101.66999816894531,101.66999816894531,101.04000091552734,101.4800033569336,58.20614242553711,127200
2007-10-09,101.19999694824219,101.26000213623047,100.9800033569336,101.12999725341797,58.0053596496582,141900
2007-10-10,100.88999938964844,101.36000061035156,100.87999725341797,101.19999694824219,58.045494079589844,224500
2007-10-11,100.81999969482422,101.2300033569336,100.7699966430664,101.02999877929688,57.947998046875,135000
2007-10-12,100.9000015258789,101.22000122070312,100.80999755859375,100.9000015258789,57.87345504760742,139500
2007-10-15,100.83000183105469,101.05000305175781,100.77999877929688,100.9000015258789,57.87345504760742,163000
2007-10-16,101.0999984741211,101.2699966430664,101.02999877929688,101.19000244140625,58.03977966308594,156600
2007-10-17,101.4000015258789,102.0,101.33000183105469,101.80000305175781,58.38965606689453,106600
2007-10-18,101.9800033569336,102.20999908447266,101.88999938964844,102.0999984741211,58.56172561645508,188300
2007-10-19,102.41999816894531,102.9800033569336,102.36000061035156,102.97000122070312,59.06076431274414,193600
2007-10-22,102.86000061035156,103.0,102.54000091552734,102.72000122070312,58.91735076904297,139800
2007-10-23,102.63999938964844,102.80000305175781,102.45999908447266,102.76000213623047,58.94029998779297,183200
2007-10-24,102.9000015258789,103.41000366210938,102.81999969482422,103.1500015258789,59.16400909423828,138700
2007-10-25,103.37999725341797,103.63999938964844,103.20999908447266,103.44000244140625,59.3303108215332,143200
2007-10-26,103.2300033569336,103.62999725341797,103.19999694824219,103.3499984741211,59.27870559692383,138100
2007-10-29,103.31999969482422,103.80000305175781,103.19999694824219,103.80000305175781,59.536827087402344,199800
2007-10-30,103.26000213623047,103.37000274658203,103.05999755859375,103.29000091552734,59.24425506591797,160300
2007-10-31,103.1500015258789,103.69000244140625,102.76000213623047,102.80000305175781,58.96321487426758,224900
2007-11-01,102.8499984741211,103.51000213623047,102.8499984741211,103.41999816894531,59.504127502441406,160800
2007-11-02,103.33999633789062,104.23999786376953,103.31999969482422,104.0,59.83777618408203,177100
2007-11-05,104.12000274658203,104.37999725341797,103.91999816894531,104.05000305175781,59.8665771484375,124400
2007-11-06,104.08999633789062,104.48999786376953,104.0,104.05999755859375,59.87226486206055,179900
2007-11-07,104.2699966430664,104.37000274658203,104.05000305175781,104.12000274658203,59.90684127807617,212500
2007-11-08,104.30000305175781,104.75,104.23999786376953,104.44000244140625,60.09091567993164,1582500
2007-11-09,104.87000274658203,105.62000274658203,104.70999908447266,105.3499984741211,60.614498138427734,342700
2007-11-12,105.5,105.69000244140625,105.3499984741211,105.69000244140625,60.81013870239258,195400
2007-11-13,105.02999877929688,105.05999755859375,104.5999984741211,104.68000030517578,60.22906494140625,251000
2007-11-14,104.33999633789062,104.69000244140625,104.33999633789062,104.69000244140625,60.234771728515625,350100
2007-11-15,104.6500015258789,105.2300033569336,104.6500015258789,104.91000366210938,60.36140823364258,250500
2007-11-16,104.94000244140625,105.37999725341797,104.91999816894531,105.12000274658203,60.48216247558594,215100
2007-11-19,105.2300033569336,106.13999938964844,105.12000274658203,105.9800033569336,60.97700881958008,222400
2007-11-20,106.04000091552734,106.25,105.66999816894531,105.87000274658203,60.913719177246094,342500
2007-11-21,106.30000305175781,106.9000015258789,106.30000305175781,106.76000213623047,61.425785064697266,250100
2007-11-23,108.0,108.0,106.44000244140625,106.69000244140625,61.38551330566406,201400
2007-11-26,106.18000030517578,109.0999984741211,106.18000030517578,107.9000015258789,62.08171081542969,672900
2007-11-27,107.56999969482422,107.56999969482422,106.4800033569336,106.93000030517578,61.523582458496094,405600
2007-11-28,106.75,106.88999938964844,105.87999725341797,106.12999725341797,61.063331604003906,220900
2007-11-29,106.66999816894531,107.2699966430664,106.66000366210938,106.77999877929688,61.437294006347656,168400
2007-11-30,106.1500015258789,106.76000213623047,106.1500015258789,106.69999694824219,61.39126205444336,384600
2007-12-03,106.69999694824219,106.97000122070312,106.37000274658203,106.62999725341797,61.59632873535156,144800
2007-12-04,106.81999969482422,106.88999938964844,106.05999755859375,106.44000244140625,61.48655700683594,243100
2007-12-05,105.94999694824219,106.05000305175781,105.2699966430664,105.30999755859375,60.833824157714844,283900
2007-12-06,105.43000030517578,105.44999694824219,104.9000015258789,104.98999786376953,60.64897155761719,527800
2007-12-07,104.88999938964844,104.91999816894531,104.26000213623047,104.44999694824219,60.33701705932617,335000
2007-12-10,104.44999694824219,104.5,103.98999786376953,104.30999755859375,60.25615310668945,147900
2007-12-11,104.69999694824219,105.47000122070312,104.45999908447266,105.44999694824219,60.914669036865234,288800
2007-12-12,104.61000061035156,105.37000274658203,104.3499984741211,105.04000091552734,60.67782974243164,254300
2007-12-13,104.81999969482422,104.91999816894531,104.36000061035156,104.4000015258789,60.30814743041992,207800
2007-12-14,104.61000061035156,104.61000061035156,104.19999694824219,104.33000183105469,60.26774215698242,329200
2007-12-17,104.5199966430664,105.08999633789062,104.5,105.08999633789062,60.70674514770508,209900
2007-12-18,105.1500015258789,105.4000015258789,104.95999908447266,105.19999694824219,60.77025604248047,321100
2007-12-19,105.56999969482422,105.9800033569336,105.02999877929688,105.86000061035156,61.15153503417969,363700
2007-12-20,105.77999877929688,106.11000061035156,105.58999633789062,105.73999786376953,61.082237243652344,211800
2007-12-21,105.52999877929688,105.58000183105469,105.0,105.0999984741211,60.7125358581543,271800
2007-12-24,104.72000122070312,104.94000244140625,104.58999633789062,104.77999877929688,60.52766418457031,97300
2007-12-26,104.63999938964844,104.97000122070312,104.13999938964844,104.31999969482422,60.26192092895508,192300
2007-12-27,104.37000274658203,104.4800033569336,104.01000213623047,104.4800033569336,60.66315841674805,369900
2007-12-28,104.87000274658203,105.27999877929688,104.69999694824219,105.11000061035156,61.02899169921875,314000
2007-12-31,105.45999908447266,105.91999816894531,105.31999969482422,105.80000305175781,61.42951202392578,303700
2008-01-02,106.0199966430664,106.70999908447266,105.69999694824219,106.63999938964844,61.91726303100586,379500
2008-01-03,106.44999694824219,107.0,106.2699966430664,107.0,62.12628936767578,271200
2008-01-04,107.2300033569336,107.2300033569336,106.80999755859375,106.97000122070312,62.10890579223633,344800
2008-01-07,107.0199966430664,107.0199966430664,106.68000030517578,106.94999694824219,62.0972785949707,433400
2008-01-08,106.91000366210938,107.1500015258789,106.54000091552734,107.02999877929688,62.14372634887695,358600
2008-01-09,107.06999969482422,107.3499984741211,106.91000366210938,106.94999694824219,62.0972785949707,291100
2008-01-10,106.94000244140625,107.02999877929688,106.31999969482422,106.47000122070312,61.818546295166016,265500
2008-01-11,106.68000030517578,107.3499984741211,106.63999938964844,107.26000213623047,62.27727508544922,377100
2008-01-14,107.27999877929688,107.72000122070312,107.19999694824219,107.70999908447266,62.53850555419922,400200
2008-01-15,108.05000305175781,108.26000213623047,107.80000305175781,108.26000213623047,62.85789108276367,290700
2008-01-16,108.31999969482422,108.31999969482422,107.5,107.62000274658203,62.48631286621094,443500
2008-01-17,107.66999816894531,108.5,107.56999969482422,108.4000015258789,62.93916702270508,414500
2008-01-18,108.29000091552734,108.52999877929688,107.5,108.5,62.99724197387695,508800
2008-01-22,109.33000183105469,109.33999633789062,108.5,109.31999969482422,63.47331619262695,628900
2008-01-23,110.52999877929688,110.56999969482422,108.80999755859375,109.05999755859375,63.32236862182617,664200
2008-01-24,108.83999633789062,108.86000061035156,108.13999938964844,108.31999969482422,62.892738342285156,358200
2008-01-25,108.04000091552734,109.19999694824219,108.0,109.19999694824219,63.40369415283203,338400
2008-01-28,108.9800033569336,109.30999755859375,108.77999877929688,109.06999969482422,63.32817840576172,439100
2008-01-29,108.95999908447266,109.08999633789062,108.55999755859375,109.02999877929688,63.30491638183594,322600
2008-01-30,108.91000366210938,110.0,108.51000213623047,109.05000305175781,63.316566467285156,550600
2008-01-31,109.66000366210938,109.83999633789062,109.38999938964844,109.58000183105469,63.62430191040039,729700
2008-02-01,109.41000366210938,109.48999786376953,108.9000015258789,109.08000183105469,63.65989685058594,384200
2008-02-04,108.52999877929688,108.6500015258789,108.31999969482422,108.44999694824219,63.29219055175781,544600
2008-02-05,109.08000183105469,109.22000122070312,108.66999816894531,108.97000122070312,63.59568786621094,1598100
2008-02-06,108.7300033569336,108.91000366210938,108.44000244140625,108.83999633789062,63.51984405517578,519000
2008-02-07,108.73999786376953,108.80999755859375,107.3499984741211,107.54000091552734,62.76115798950195,603000
2008-02-08,108.12999725341797,108.68000030517578,108.0199966430664,108.62000274658203,63.391456604003906,306900
2008-02-11,108.87000274658203,109.16000366210938,108.69000244140625,108.9000015258789,63.55482864379883,319900
2008-02-12,108.44000244140625,108.75,108.16999816894531,108.69999694824219,63.43811798095703,380400
2008-02-13,108.33000183105469,108.54000091552734,107.62999725341797,107.70999908447266,62.86035919189453,610800
2008-02-14,107.43000030517578,107.48999786376953,106.69000244140625,106.98999786376953,62.44020462036133,414000
2008-02-15,107.47000122070312,107.66999816894531,107.26000213623047,107.52999877929688,62.75527572631836,281400
2008-02-19,107.30000305175781,107.51000213623047,106.70999908447266,106.91000366210938,62.39345932006836,505900
2008-02-20,107.04000091552734,107.4000015258789,106.91999816894531,107.2699966430664,62.60356903076172,972300
2008-02-21,107.72000122070312,108.06999969482422,107.41999816894531,107.94000244140625,62.99460220336914,554800
2008-02-22,107.91000366210938,108.2300033569336,107.54000091552734,107.63999938964844,62.81951904296875,883800
2008-02-25,107.62000274658203,107.83000183105469,107.0999984741211,107.0999984741211,62.50435256958008,420600
2008-02-26,107.54000091552734,107.88999938964844,107.3499984741211,107.80999755859375,62.91872787475586,603700
2008-02-27,108.19999694824219,108.27999877929688,107.44999694824219,107.98999786376953,63.02378463745117,570800
2008-02-28,109.12000274658203,109.47000122070312,108.77999877929688,109.41999816894531,63.858341217041016,525800
2008-02-29,109.9800033569336,110.58000183105469,109.81999969482422,110.56999969482422,64.52951049804688,720300
2008-03-03,110.19000244140625,110.26000213623047,109.66000366210938,110.01000213623047,64.50373840332031,1382900
2008-03-04,110.0999984741211,110.4800033569336,109.56999969482422,109.76000213623047,64.35708618164062,1354000
2008-03-05,110.38999938964844,110.38999938964844,109.43000030517578,109.69000244140625,64.31605529785156,450600
2008-03-06,110.2300033569336,110.56999969482422,109.95999908447266,110.27999877929688,64.66195678710938,439000
2008-03-07,111.0999984741211,111.16000366210938,110.08000183105469,110.69000244140625,64.90235137939453,613800
2008-03-10,111.05999755859375,111.80999755859375,110.91000366210938,111.5199966430664,65.38909912109375,721400
2008-03-11,111.0,111.05999755859375,110.18000030517578,110.44000244140625,64.75581359863281,853700
2008-03-12,110.68000030517578,111.55999755859375,110.44000244140625,111.5,65.37733459472656,648800
2008-03-13,112.11000061035156,112.11000061035156,110.52999877929688,110.77999877929688,64.95516967773438,888800
2008-03-14,110.79000091552734,111.88999938964844,110.3499984741211,111.02999877929688,65.10176849365234,664800
2008-03-17,111.01000213623047,111.12000274658203,109.72000122070312,109.83999633789062,64.4040298461914,788600
2008-03-18,110.05000305175781,110.73999786376953,109.66999816894531,109.72000122070312,64.33364868164062,661700
2008-03-19,109.33000183105469,110.30999755859375,109.12999725341797,110.18000030517578,64.6033706665039,723700
2008-03-20,110.02999877929688,110.62999725341797,109.95999908447266,110.41999816894531,64.74410247802734,485900
2008-03-24,109.69000244140625,109.69000244140625,108.31999969482422,108.47000122070312,63.60070037841797,804000
2008-03-25,108.47000122070312,108.80000305175781,108.19000244140625,108.29000091552734,63.49518966674805,375700
2008-03-26,108.5,108.69999694824219,108.19999694824219,108.61000061035156,63.682838439941406,672500
2008-03-27,108.61000061035156,109.1500015258789,108.55000305175781,108.83000183105469,63.81181335449219,449500
2008-03-28,109.20999908447266,109.66999816894531,108.91000366210938,109.63999938964844,64.28672790527344,214000
2008-03-31,109.88999938964844,110.0,109.6500015258789,109.9000015258789,64.43920135498047,1296400
2008-04-01,108.91999816894531,108.91999816894531,108.0999984741211,108.31999969482422,63.88010025024414,694200
2008-04-02,108.30000305175781,108.62000274658203,108.13999938964844,108.31999969482422,63.88010025024414,422800
2008-04-03,108.62000274658203,108.62000274658203,108.08000183105469,108.27999877929688,64.23126983642578,288300
2008-04-04,108.72000122070312,109.0,108.62999725341797,108.9000015258789,64.59907531738281,391100
2008-04-07,108.61000061035156,108.72000122070312,108.13999938964844,108.6500015258789,64.45075988769531,286100
2008-04-08,109.02999877929688,109.04000091552734,108.37000274658203,108.45999908447266,64.33808898925781,320500
2008-04-09,108.62000274658203,109.33999633789062,108.51000213623047,109.18000030517578,64.76517486572266,527000
2008-04-10,109.19999694824219,109.41999816894531,108.4800033569336,108.70999908447266,64.48637390136719,753300
2008-04-11,109.3499984741211,109.62000274658203,109.2300033569336,109.5199966430664,64.96684265136719,831200
2008-04-14,109.41000366210938,109.58000183105469,109.12000274658203,109.18000030517578,64.76517486572266,479400
2008-04-15,109.01000213623047,109.2300033569336,108.73999786376953,108.77999877929688,64.52788543701172,341600
2008-04-16,108.66999816894531,108.79000091552734,107.75,108.11000061035156,64.1304702758789,575200
2008-04-17,108.12000274658203,108.13999938964844,107.45999908447266,107.66000366210938,63.86350631713867,429400
2008-04-18,107.01000213623047,107.62999725341797,106.69000244140625,107.55999755859375,63.80418014526367,650200
2008-04-21,107.3499984741211,107.73999786376953,107.22000122070312,107.5999984741211,63.82789993286133,578300
2008-04-22,107.5,107.94999694824219,107.4000015258789,107.87000274658203,63.98805618286133,704900
2008-04-23,107.69999694824219,107.75,107.25,107.54000091552734,63.79234313964844,347000
2008-04-24,106.87000274658203,106.97000122070312,106.31999969482422,106.56999969482422,63.21693801879883,443600
2008-04-25,106.44999694824219,106.6500015258789,106.25,106.41999816894531,63.1279296875,464500
2008-04-28,106.37999725341797,106.70999908447266,106.25,106.5999984741211,63.23473358154297,389600
2008-04-29,106.76000213623047,106.95999908447266,106.5199966430664,106.61000061035156,63.24065017700195,366500
2008-04-30,106.7699966430664,107.12999725341797,106.25,107.11000061035156,63.5372314453125,353400
2008-05-01,107.11000061035156,107.12999725341797,106.4000015258789,106.58999633789062,63.49195861816406,733100
2008-05-02,106.25,106.66999816894531,106.13999938964844,106.31999969482422,63.33113098144531,614700
2008-05-05,106.54000091552734,106.76000213623047,106.19999694824219,106.56999969482422,63.48005676269531,419800
2008-05-06,106.88999938964844,107.02999877929688,106.3499984741211,106.48999786376953,63.43240737915039,300100
2008-05-07,106.36000061035156,106.79000091552734,106.16999816894531,106.75,63.587257385253906,449800
2008-05-08,106.98999786376953,107.54000091552734,106.86000061035156,107.54000091552734,64.0578842163086,384700
2008-05-09,108.06999969482422,108.0999984741211,107.63999938964844,107.83000183105469,64.23063659667969,693600
2008-05-12,107.87999725341797,108.19999694824219,107.63999938964844,107.66000366210938,64.12936401367188,544000
2008-05-13,107.19999694824219,107.26000213623047,106.7699966430664,106.8499984741211,63.64683532714844,385500
2008-05-14,107.31999969482422,107.38999938964844,106.6500015258789,106.94999694824219,63.7064094543457,342800
2008-05-15,107.08999633789062,107.72000122070312,107.01000213623047,107.72000122070312,64.16505432128906,286400
2008-05-16,107.5,108.37999725341797,107.5,107.72000122070312,64.16505432128906,751400
2008-05-19,107.9800033569336,108.18000030517578,107.58000183105469,108.05999755859375,64.36762237548828,291800
2008-05-20,108.5199966430664,108.7699966430664,108.33999633789062,108.70999908447266,64.75471496582031,584000
2008-05-21,108.41999816894531,109.05999755859375,108.36000061035156,108.83000183105469,64.82630920410156,451600
2008-05-22,108.55000305175781,108.55000305175781,107.69000244140625,108.06999969482422,64.37356567382812,412800
2008-05-23,108.52999877929688,108.5999984741211,108.23999786376953,108.48999786376953,64.6238021850586,409000
2008-05-27,108.1500015258789,108.1500015258789,107.55999755859375,107.73999786376953,64.17696380615234,529000
2008-05-28,107.12999725341797,107.16000366210938,106.61000061035156,106.7699966430664,63.599185943603516,492200
2008-05-29,106.54000091552734,106.54000091552734,105.86000061035156,106.36000061035156,63.3549919128418,445800
2008-05-30,106.83000183105469,106.87000274658203,106.5999984741211,106.77999877929688,63.60515594482422,960100
2008-06-02,106.02999877929688,106.5,105.80000305175781,106.30999755859375,63.81887435913086,460700
2008-06-03,106.0999984741211,106.68000030517578,105.81999969482422,106.30999755859375,63.81887435913086,398200
2008-06-04,106.5999984741211,106.5999984741211,105.55999755859375,105.76000213623047,63.48870086669922,364300
2008-06-05,105.5,105.75,105.30999755859375,105.43000030517578,63.29057312011719,548700
2008-06-06,106.01000213623047,106.80000305175781,105.83000183105469,106.72000122070312,64.06501770019531,588500
2008-06-09,106.2699966430664,106.66000366210938,106.0,106.16000366210938,63.72881317138672,323100
2008-06-10,106.06999969482422,106.18000030517578,105.4000015258789,105.58999633789062,63.38665008544922,482500
2008-06-11,105.8499984741211,106.2699966430664,105.55000305175781,105.79000091552734,63.50670623779297,337000
2008-06-12,105.19000244140625,105.23999786376953,104.73999786376953,104.80000305175781,62.91237258911133,463900
2008-06-13,105.0,105.5,104.66999816894531,104.79000091552734,62.90644454956055,379700
2008-06-16,105.06999969482422,105.31999969482422,104.7300033569336,105.05000305175781,63.0625114440918,884600
2008-06-17,105.2699966430664,105.5,105.11000061035156,105.3499984741211,63.24259567260742,366400
2008-06-18,105.5,105.94000244140625,105.37000274658203,105.91999816894531,63.58476638793945,387600
2008-06-19,105.5999984741211,105.8499984741211,105.19999694824219,105.26000213623047,63.18852615356445,265300
2008-06-20,105.88999938964844,106.0,105.47000122070312,105.5999984741211,63.392662048339844,331800
2008-06-23,105.7300033569336,105.91999816894531,105.44000244140625,105.5999984741211,63.392662048339844,266900
2008-06-24,105.94999694824219,106.3499984741211,105.79000091552734,106.23999786376953,63.776832580566406,354000
2008-06-25,106.37999725341797,106.38999938964844,105.62000274658203,106.31999969482422,63.82486343383789,473500
2008-06-26,106.86000061035156,107.4000015258789,106.58000183105469,107.23999786376953,64.37714385986328,490700
2008-06-27,107.81999969482422,108.08000183105469,107.44999694824219,107.75,64.68331146240234,1065100
2008-06-30,107.93000030517578,108.19999694824219,107.6500015258789,107.8499984741211,64.74334716796875,739400
2008-07-01,107.8499984741211,107.8499984741211,107.02999877929688,107.1500015258789,64.7596664428711,678000
2008-07-02,107.55999755859375,107.86000061035156,107.23999786376953,107.81999969482422,65.1645736694336,388200
2008-07-03,107.91000366210938,108.1500015258789,107.5,108.0999984741211,65.33382415771484,429100
2008-07-07,108.0999984741211,108.48999786376953,107.54000091552734,108.05000305175781,65.30361938476562,576600
2008-07-08,107.58999633789062,108.04000091552734,107.25,107.97000122070312,65.25524139404297,633400
2008-07-09,108.18000030517578,108.5999984741211,107.88999938964844,108.5999984741211,65.6360092163086,726400
2008-07-10,108.45999908447266,108.61000061035156,108.0199966430664,108.58999633789062,65.62995910644531,363700
2008-07-11,108.9000015258789,108.94000244140625,107.4800033569336,107.61000061035156,65.0376968383789,467300
2008-07-14,108.06999969482422,108.5,107.73999786376953,108.41000366210938,65.52118682861328,546100
2008-07-15,108.68000030517578,109.16999816894531,108.30000305175781,108.33999633789062,65.4788589477539,644900
2008-07-16,108.5199966430664,108.55999755859375,107.7300033569336,107.79000091552734,65.14645385742188,696100
2008-07-17,107.86000061035156,107.9800033569336,106.9000015258789,107.08999633789062,64.72341918945312,593700
2008-07-18,107.25,107.37999725341797,106.51000213623047,106.5999984741211,64.42724609375,497600
2008-07-21,106.6500015258789,106.69999694824219,106.19999694824219,106.62000274658203,64.43932342529297,362700
2008-07-22,106.62000274658203,106.68000030517578,105.88999938964844,106.11000061035156,64.13111114501953,446100
2008-07-23,105.79000091552734,105.88999938964844,105.16000366210938,105.38999938964844,63.69596481323242,675000
2008-07-24,105.55000305175781,106.23999786376953,105.51000213623047,106.13999938964844,64.14923858642578,522900
2008-07-25,105.97000122070312,106.02999877929688,105.41000366210938,105.41000366210938,63.70805358886719,439900
2008-07-28,106.25,106.55000305175781,106.0,106.30999755859375,64.25196838378906,661100
2008-07-29,106.02999877929688,106.1500015258789,105.5,105.58999633789062,63.81681442260742,426600
2008-07-30,105.5199966430664,106.2699966430664,105.25,106.02999877929688,64.08277130126953,448900
2008-07-31,106.58999633789062,106.73999786376953,106.33999633789062,106.47000122070312,64.34869384765625,590400
2008-08-01,105.4000015258789,106.0,105.20999908447266,105.94999694824219,64.60112762451172,895900
2008-08-04,105.7699966430664,106.08000183105469,105.5999984741211,105.6500015258789,64.41822814941406,407200
2008-08-05,105.69000244140625,105.69000244140625,105.0,105.08000183105469,64.07066345214844,584500
2008-08-06,104.9800033569336,104.9800033569336,104.26000213623047,104.80999755859375,63.90603256225586,617600
2008-08-07,105.33999633789062,105.9800033569336,105.16999816894531,105.88999938964844,64.5645523071289,337700
2008-08-08,106.0,106.08999633789062,105.4000015258789,105.75,64.47915649414062,420900
2008-08-11,105.68000030517578,105.68000030517578,104.5,104.80000305175781,63.899898529052734,601200
2008-08-12,105.13999938964844,105.5,105.13999938964844,105.29000091552734,64.19868469238281,401100
2008-08-13,105.58999633789062,105.77999877929688,105.16000366210938,105.27999877929688,64.19254302978516,365000
2008-08-14,105.9000015258789,106.0,105.66000366210938,105.81999969482422,64.52188110351562,344300
2008-08-15,106.13999938964844,106.19999694824219,105.94999694824219,106.08000183105469,64.68035888671875,354700
2008-08-18,106.06999969482422,106.30000305175781,106.02999877929688,106.18000030517578,64.7413330078125,386800
2008-08-19,106.37999725341797,106.4000015258789,105.9800033569336,106.06999969482422,64.67428588867188,515800
2008-08-20,106.44000244140625,106.7300033569336,106.33000183105469,106.51000213623047,64.94255065917969,464600
2008-08-21,107.0,107.0,106.3499984741211,106.69000244140625,65.05231475830078,421400
2008-08-22,106.6500015258789,106.6500015258789,106.13999938964844,106.27999877929688,64.80228424072266,485000
2008-08-25,106.94000244140625,106.94000244140625,106.5999984741211,106.68000030517578,65.04621887207031,345700
2008-08-26,106.62000274658203,106.72000122070312,106.44999694824219,106.72000122070312,65.07062530517578,497800
2008-08-27,106.5,107.01000213623047,106.3499984741211,107.0,65.24137878417969,318500
2008-08-28,106.83999633789062,106.83999633789062,106.44999694824219,106.66999816894531,65.04008483886719,478000
2008-08-29,106.5999984741211,106.72000122070312,106.2300033569336,106.36000061035156,64.85112762451172,306000
2008-09-02,105.13999938964844,105.48999786376953,104.38999938964844,105.48999786376953,64.81726837158203,449100
2008-09-03,105.22000122070312,105.36000061035156,105.0199966430664,105.30999755859375,64.7067642211914,484300
2008-09-04,105.47000122070312,105.51000213623047,105.05000305175781,105.1500015258789,64.60840606689453,444800
2008-09-05,105.45999908447266,105.61000061035156,104.94999694824219,105.18000030517578,64.62683868408203,426200
2008-09-08,105.23999786376953,105.58999633789062,104.86000061035156,105.58999633789062,64.87871551513672,298900
2008-09-09,105.30000305175781,105.81999969482422,105.04000091552734,105.7699966430664,64.98934173583984,509900
2008-09-10,105.37000274658203,105.83999633789062,105.1500015258789,105.72000122070312,64.95858001708984,568700
2008-09-11,106.08000183105469,106.22000122070312,105.6500015258789,105.80000305175781,65.00773620605469,574200
2008-09-12,105.77999877929688,105.9000015258789,104.87000274658203,105.05000305175781,64.54693603515625,525200
2008-09-15,105.51000213623047,105.86000061035156,105.05999755859375,105.66999816894531,64.92790985107422,928100
2008-09-16,106.31999969482422,106.58999633789062,104.5,104.62000274658203,64.28276824951172,851400
2008-09-17,105.29000091552734,105.6500015258789,104.5199966430664,105.0,64.51622772216797,1120800
2008-09-18,104.8499984741211,104.94000244140625,103.25,103.61000061035156,63.662132263183594,825400
2008-09-19,103.18000030517578,104.41999816894531,102.25,104.13999938964844,63.98783874511719,1403200
2008-09-22,105.22000122070312,105.22000122070312,103.6500015258789,104.5,64.20899200439453,1033000
2008-09-23,104.5,104.5,102.9000015258789,103.43000030517578,63.55154037475586,815700
2008-09-24,103.79000091552734,104.0,102.80000305175781,102.91999816894531,63.23825454711914,768800
2008-09-25,103.0,103.26000213623047,102.5,102.87999725341797,63.21360397338867,706300
2008-09-26,102.9000015258789,103.05000305175781,102.51000213623047,102.66000366210938,63.078426361083984,484800
2008-09-29,102.87000274658203,104.80999755859375,102.51000213623047,103.06999969482422,63.33037567138672,621800
2008-09-30,103.4000015258789,103.75,101.2300033569336,101.30000305175781,62.2427978515625,946900
2008-10-01,101.5,101.93000030517578,100.77999877929688,101.83000183105469,63.06650161743164,557100
2008-10-02,102.18000030517578,102.18000030517578,101.55000305175781,101.62000274658203,62.936439514160156,459800
2008-10-03,101.80000305175781,102.16000366210938,101.12999725341797,101.86000061035156,63.085105895996094,375800
2008-10-06,101.69999694824219,102.5999984741211,101.45999908447266,101.77999877929688,63.035518646240234,865400
2008-10-07,101.05000305175781,101.29000091552734,100.5,100.91000366210938,62.49671936035156,820400
2008-10-08,100.23999786376953,100.5,96.19999694824219,97.93000030517578,60.651123046875,1954700
2008-10-09,97.63999938964844,97.93000030517578,96.69999694824219,97.33999633789062,60.285709381103516,967900
2008-10-10,94.98999786376953,95.63999938964844,84.13999938964844,95.37999725341797,59.0717887878418,1831500
2008-10-13,95.0,95.37999725341797,91.36000061035156,94.0,58.21715545654297,1030300
2008-10-14,94.98999786376953,96.27999877929688,94.12999725341797,96.1500015258789,59.548702239990234,796100
2008-10-15,95.9800033569336,96.87000274658203,95.55999755859375,96.4800033569336,59.753074645996094,613700
2008-10-16,96.43000030517578,96.5999984741211,95.48999786376953,95.86000061035156,59.36910629272461,594300
2008-10-17,95.41999816894531,95.8499984741211,94.7699966430664,95.47000122070312,59.12757110595703,591900
2008-10-20,95.98999786376953,97.18000030517578,95.51000213623047,96.77999877929688,59.938846588134766,700700
2008-10-21,97.6500015258789,97.79000091552734,96.93000030517578,96.93000030517578,60.031822204589844,696200
2008-10-22,97.1500015258789,98.4000015258789,96.8499984741211,97.6500015258789,60.477691650390625,1455200
2008-10-23,98.12999725341797,98.12999725341797,96.5999984741211,96.66000366210938,59.86455154418945,615200
2008-10-24,96.66000366210938,96.83999633789062,94.05000305175781,94.3499984741211,58.43390655517578,809600
2008-10-27,94.11000061035156,94.33000183105469,93.29000091552734,93.3499984741211,57.81454849243164,853800
2008-10-28,93.66999816894531,93.75,92.79000091552734,92.79000091552734,57.46774673461914,748200
2008-10-29,93.69999694824219,94.29000091552734,93.04000091552734,93.4000015258789,57.845550537109375,987000
2008-10-30,93.73999786376953,94.1500015258789,92.87999725341797,92.87999725341797,57.52348327636719,1130700
2008-10-31,93.79000091552734,93.79000091552734,92.05000305175781,92.37000274658203,57.20762252807617,1406600
2008-11-03,92.80999755859375,93.30000305175781,92.37000274658203,93.1500015258789,57.69071578979492,1223300
2008-11-04,93.75,94.72000122070312,93.19999694824219,94.58999633789062,58.58255386352539,898200
2008-11-05,94.72000122070312,95.4000015258789,94.5999984741211,95.26000213623047,58.997535705566406,883900
2008-11-06,94.9000015258789,95.45999908447266,94.72000122070312,94.86000061035156,58.74979782104492,540400
2008-11-07,94.79000091552734,94.79000091552734,94.25,94.44999694824219,58.495853424072266,576100
2008-11-10,94.5,95.0199966430664,94.0199966430664,94.77999877929688,58.700233459472656,523400
2008-11-11,95.19999694824219,95.97000122070312,94.81999969482422,95.0,58.836456298828125,394300
2008-11-12,95.0,95.73999786376953,94.98999786376953,95.1500015258789,58.92939376831055,516700
2008-11-13,95.1500015258789,95.19999694824219,94.26000213623047,94.55999755859375,58.56403350830078,976500
2008-11-14,94.55000305175781,95.5999984741211,94.55000305175781,95.5199966430664,59.15852355957031,633700
2008-11-17,95.2699966430664,96.08999633789062,95.0,95.61000061035156,59.21433639526367,601600
2008-11-18,95.16000366210938,95.63999938964844,94.63999938964844,94.63999938964844,58.61351013183594,521800
2008-11-19,95.0,95.38999938964844,94.25,94.62000274658203,58.60115051269531,672700
2008-11-20,94.47000122070312,95.2300033569336,93.05000305175781,93.4800033569336,57.89509201049805,896600
2008-11-21,92.87000274658203,93.08000183105469,91.94999694824219,92.52999877929688,57.306739807128906,1039500
2008-11-24,92.5,92.52999877929688,90.6500015258789,90.7300033569336,56.191898345947266,1006000
2008-11-25,91.61000061035156,92.4800033569336,91.25,92.38999938964844,57.22001266479492,773100
2008-11-26,92.83000183105469,92.94999694824219,92.37999725341797,92.88999938964844,57.529701232910156,710200
2008-11-28,92.91999816894531,93.5,92.26000213623047,93.18000030517578,57.70930862426758,353200
2008-12-01,93.73999786376953,95.08000183105469,93.37999725341797,95.05000305175781,58.867462158203125,605900
2008-12-02,95.29000091552734,96.22000122070312,94.52999877929688,95.88999938964844,59.387672424316406,771300
2008-12-03,96.1500015258789,97.25,95.5,97.16000366210938,60.17427062988281,662900
2008-12-04,97.0999984741211,97.93000030517578,96.91000366210938,97.93000030517578,60.651123046875,606700
2008-12-05,97.93000030517578,97.98999786376953,96.37000274658203,97.25,60.22998046875,721300
2008-12-08,96.97000122070312,97.0999984741211,96.0,96.0,59.45576858520508,660200
2008-12-09,96.04000091552734,96.77999877929688,95.80999755859375,96.56999969482422,59.808837890625,799000
2008-12-10,96.06999969482422,96.44000244140625,95.5,95.94000244140625,59.41866683959961,562600
2008-12-11,96.6500015258789,97.04000091552734,95.95999908447266,97.0,60.07516098022461,687100
2008-12-12,96.66000366210938,96.83000183105469,95.58999633789062,96.61000061035156,59.833587646484375,616100
2008-12-15,96.36000061035156,96.83999633789062,96.0,96.19999694824219,59.579673767089844,535500
2008-12-16,96.0,99.37000274658203,96.0,99.29000091552734,61.49340057373047,927300
2008-12-17,99.9800033569336,101.25,99.72000122070312,101.19000244140625,62.6701545715332,986900
2008-12-18,101.30999755859375,102.19999694824219,101.01000213623047,101.75,63.0169677734375,772000
2008-12-19,101.62999725341797,101.72000122070312,99.75,100.01000213623047,61.9393310546875,681400
2008-12-22,100.33999633789062,101.12000274658203,100.33000183105469,100.7300033569336,62.385223388671875,546500
2008-12-23,100.29000091552734,101.19000244140625,99.8499984741211,100.4800033569336,62.23039627075195,659000
2008-12-24,100.41000366210938,101.30999755859375,100.37999725341797,100.5,62.24284744262695,494900
2008-12-26,100.7300033569336,100.98999786376953,100.52999877929688,100.7300033569336,62.385223388671875,291300
2008-12-29,100.83999633789062,100.9000015258789,100.26000213623047,100.4000015258789,62.180870056152344,802200
2008-12-30,100.41000366210938,100.66000366210938,98.2300033569336,98.94000244140625,61.27667236328125,786100
2008-12-31,99.02999877929688,99.4800033569336,98.29000091552734,99.23999786376953,61.462486267089844,690000
2009-01-02,99.44000244140625,99.44000244140625,97.2300033569336,97.37999725341797,60.310489654541016,525200
2009-01-05,97.33000183105469,97.77999877929688,96.87000274658203,97.0199966430664,60.087493896484375,834100
2009-01-06,97.05000305175781,98.22000122070312,96.66000366210938,97.73999786376953,60.53343200683594,997200
2009-01-07,97.9000015258789,98.18000030517578,97.36000061035156,97.86000061035156,60.607765197753906,875000
2009-01-08,98.12000274658203,98.68000030517578,98.0,98.63999938964844,61.090858459472656,564400
2009-01-09,98.62000274658203,99.83000183105469,98.62000274658203,99.51000213623047,61.62968444824219,556600
2009-01-12,99.5,100.06999969482422,98.51000213623047,100.01000213623047,61.9393310546875,840100
2009-01-13,100.18000030517578,100.87000274658203,99.94999694824219,99.98999786376953,61.92694854736328,750300
2009-01-14,100.0199966430664,100.81999969482422,100.0199966430664,100.11000061035156,62.00128173828125,645400
2009-01-15,100.1500015258789,100.41999816894531,99.83999633789062,100.11000061035156,62.00128173828125,1478300
2009-01-16,98.7699966430664,99.80000305175781,98.7699966430664,99.69999694824219,61.74735641479492,653900
2009-01-20,99.0,99.91000366210938,98.66000366210938,99.63999938964844,61.71019744873047,953000
2009-01-21,99.02999877929688,99.08000183105469,98.05000305175781,98.12000274658203,60.76879119873047,1017900
2009-01-22,98.12000274658203,98.5,98.0,98.29000091552734,60.874088287353516,974200
2009-01-23,98.27999877929688,98.6500015258789,97.93000030517578,98.6500015258789,61.097007751464844,871000
2009-01-26,98.72000122070312,98.72000122070312,97.98999786376953,98.31999969482422,60.89263153076172,799700
2009-01-27,98.80000305175781,99.6500015258789,98.4000015258789,99.16999816894531,61.41908645629883,840600
2009-01-28,99.5999984741211,99.80999755859375,98.75,99.2300033569336,61.456275939941406,956200
2009-01-29,99.5999984741211,99.63999938964844,98.5199966430664,98.73999786376953,61.15279769897461,1151600
2009-01-30,99.18000030517578,99.37999725341797,98.8499984741211,99.19999694824219,61.43766784667969,986700
2009-02-02,99.4800033569336,99.73999786376953,98.69999694824219,99.55999755859375,61.66059875488281,1078100
2009-02-03,99.27999877929688,99.27999877929688,98.83999633789062,99.19999694824219,61.43766784667969,1570800
2009-02-04,99.11000061035156,99.22000122070312,98.76000213623047,99.0,61.313812255859375,1455800
2009-02-05,99.29000091552734,99.29000091552734,98.66999816894531,98.88999938964844,61.245689392089844,1570800
2009-02-06,98.87000274658203,99.47000122070312,98.66000366210938,99.45999908447266,61.59870910644531,1401200
2009-02-09,99.4800033569336,100.61000061035156,99.30000305175781,100.5,62.24284744262695,1480500
2009-02-10,100.5,101.0,100.16000366210938,100.95999908447266,62.527679443359375,1588900
2009-02-11,101.0199966430664,101.02999877929688,100.31999969482422,100.69000244140625,62.360469818115234,908400
2009-02-12,100.80000305175781,100.80000305175781,99.83999633789062,100.33000183105469,62.13750457763672,1083200
2009-02-13,100.44999694824219,100.44999694824219,99.61000061035156,99.91000366210938,61.87739181518555,985800
2009-02-17,100.5199966430664,100.75,100.0999984741211,100.5199966430664,62.25516891479492,1384700
2009-02-18,100.1500015258789,100.52999877929688,99.7699966430664,99.88999938964844,61.86503601074219,1140500
2009-02-19,99.94000244140625,100.12999725341797,99.4000015258789,99.61000061035156,61.69159698486328,1193000
2009-02-20,100.58999633789062,100.68000030517578,99.61000061035156,99.95999908447266,61.90836715698242,1499800
2009-02-23,99.68000030517578,100.38999938964844,99.4000015258789,99.86000061035156,61.846435546875,1151900
2009-02-24,99.9800033569336,100.12999725341797,98.94999694824219,99.0,61.313812255859375,1089100
2009-02-25,99.13999938964844,99.62999725341797,98.31999969482422,98.41000366210938,60.94841003417969,1024300
2009-02-26,98.4800033569336,98.4800033569336,97.29000091552734,97.62000274658203,60.459136962890625,1020500
2009-02-27,97.3499984741211,98.0,97.0199966430664,97.0199966430664,60.087493896484375,1155100
2009-03-02,97.30999755859375,97.9000015258789,97.30999755859375,97.62999725341797,60.46533966064453,1033200
2009-03-03,97.66000366210938,98.05000305175781,97.27999877929688,97.41000366210938,60.32909393310547,1079700
2009-03-04,97.25,97.38999938964844,96.94999694824219,97.22000122070312,60.21137619018555,726800
2009-03-05,97.48999786376953,98.1500015258789,97.48999786376953,98.12000274658203,60.76879119873047,904300
2009-03-06,97.86000061035156,98.25,97.29000091552734,97.47000122070312,60.36623001098633,911500
2009-03-09,97.47000122070312,97.62999725341797,96.97000122070312,97.0999984741211,60.13710403442383,714800
2009-03-10,97.05000305175781,97.05999755859375,96.3499984741211,96.4800033569336,59.753074645996094,950200
2009-03-11,96.55000305175781,97.37999725341797,96.22000122070312,96.95999908447266,60.05037307739258,1077500
2009-03-12,97.48999786376953,98.48999786376953,97.33999633789062,98.43000030517578,60.960750579833984,734800
2009-03-13,98.44000244140625,98.9000015258789,98.26000213623047,98.4000015258789,60.94224548339844,930700
2009-03-16,98.0,98.58000183105469,98.0,98.30000305175781,60.8802490234375,715200
2009-03-17,98.54000091552734,98.95999908447266,98.1500015258789,98.19999694824219,60.818321228027344,938500
2009-03-18,98.9800033569336,101.9800033569336,98.5199966430664,101.83000183105469,63.06650161743164,1243100
2009-03-19,103.01000213623047,103.01000213623047,101.88999938964844,102.30000305175781,63.357627868652344,1321200
2009-03-20,102.62999725341797,102.87000274658203,101.41999816894531,101.79000091552734,63.04172897338867,1044000
2009-03-23,102.08000183105469,102.26000213623047,101.66999816894531,101.7699966430664,63.02935791015625,1223800
2009-03-24,101.73999786376953,102.83999633789062,101.62000274658203,102.3499984741211,63.38853073120117,1234000
2009-03-25,102.3499984741211,102.41999816894531,101.83999633789062,102.19999694824219,63.295684814453125,1307300
2009-03-26,102.3499984741211,103.4800033569336,102.12000274658203,103.33999633789062,64.00170135498047,1407100
2009-03-27,103.38999938964844,103.52999877929688,102.83999633789062,103.08000183105469,63.840702056884766,1374900
2009-03-30,103.48999786376953,103.6500015258789,102.87999725341797,103.2699966430664,63.95832824707031,1184000
2009-03-31,103.23999786376953,103.29000091552734,102.62000274658203,102.75,63.63630676269531,1144600
2009-04-01,102.81999969482422,102.8499984741211,102.44999694824219,102.63999938964844,63.862762451171875,872600
2009-04-02,102.52999877929688,102.6500015258789,101.79000091552734,102.01000213623047,63.47076416015625,1060200
2009-04-03,101.91000366210938,101.94000244140625,101.0199966430664,101.33999633789062,63.05391311645508,974700
2009-04-06,101.61000061035156,101.61000061035156,101.0,101.26000213623047,63.00415802001953,962700
2009-04-07,101.37000274658203,101.37000274658203,100.87999725341797,101.12000274658203,62.917022705078125,1054200
2009-04-08,101.1500015258789,101.62000274658203,101.13999938964844,101.62000274658203,63.228111267089844,861700
2009-04-09,101.30000305175781,101.43000030517578,100.91999816894531,101.30999755859375,63.035247802734375,1614000
2009-04-13,101.48999786376953,101.7699966430664,101.41999816894531,101.7699966430664,63.321468353271484,950000
2009-04-14,101.77999877929688,101.8499984741211,101.61000061035156,101.81999969482422,63.35260009765625,885800
2009-04-15,101.69999694824219,102.04000091552734,101.4000015258789,101.87999725341797,63.38990783691406,872800
2009-04-16,101.76000213623047,102.16000366210938,101.33000183105469,101.5,63.15345764160156,996800
2009-04-17,101.2699966430664,102.8499984741211,100.44999694824219,100.5,62.531307220458984,1072600
2009-04-20,101.06999969482422,101.06999969482422,100.5,100.58999633789062,62.587257385253906,936400
2009-04-21,100.9800033569336,101.08000183105469,100.22000122070312,100.25,62.375701904296875,1267700
2009-04-22,100.54000091552734,100.63999938964844,100.05999755859375,100.5,62.531307220458984,1271100
2009-04-23,100.5,101.2300033569336,100.26000213623047,101.02999877929688,62.861061096191406,1006700
2009-04-24,100.88999938964844,101.33999633789062,100.88999938964844,101.25,62.9979133605957,613000
2009-04-27,101.31999969482422,101.66999816894531,100.97000122070312,101.3499984741211,63.0601692199707,974900
2009-04-28,101.69999694824219,101.80000305175781,101.01000213623047,101.3499984741211,63.0601692199707,919700
2009-04-29,101.58999633789062,101.73999786376953,100.81999969482422,100.93000030517578,62.798831939697266,1113100
2009-04-30,100.5999984741211,101.27999877929688,100.0,100.44000244140625,62.49394989013672,1489200
2009-05-01,99.4800033569336,99.48999786376953,98.63999938964844,98.8499984741211,61.8885383605957,1985300
2009-05-04,98.9000015258789,99.43000030517578,98.9000015258789,99.02999877929688,62.001190185546875,1559700
2009-05-05,99.38999938964844,99.4000015258789,98.9000015258789,99.05999755859375,62.01997375488281,1440000
2009-05-06,99.18000030517578,99.87999725341797,99.0,99.45999908447266,62.27043533325195,993600
2009-05-07,99.5,99.94000244140625,99.45999908447266,99.55999755859375,62.3329963684082,1137200
2009-05-08,99.68000030517578,99.83999633789062,99.44999694824219,99.5999984741211,62.35802459716797,1395900
2009-05-11,99.9000015258789,100.2699966430664,99.70999908447266,100.0999984741211,62.671077728271484,978400
2009-05-12,100.2300033569336,100.56999969482422,100.05999755859375,100.41000366210938,62.865142822265625,1013900
2009-05-13,100.73999786376953,100.80000305175781,100.38999938964844,100.38999938964844,62.852684020996094,1209400
2009-05-14,100.5,100.94999694824219,100.4800033569336,100.94999694824219,63.20332717895508,1748100
2009-05-15,100.94999694824219,101.2300033569336,100.55000305175781,101.16000366210938,63.33477783203125,1109800
2009-05-18,101.41999816894531,101.4800033569336,100.91000366210938,101.12999725341797,63.31599807739258,803300
2009-05-19,101.12000274658203,101.41999816894531,100.97000122070312,101.33000183105469,63.44123077392578,1149400
2009-05-20,101.19000244140625,102.06999969482422,101.19000244140625,101.87000274658203,63.7793083190918,1362600
2009-05-21,101.98999786376953,102.08999633789062,100.69000244140625,100.87000274658203,63.15322494506836,1567000
2009-05-22,100.91999816894531,101.2699966430664,100.66000366210938,101.05000305175781,63.26592254638672,898700
2009-05-26,100.98999786376953,101.26000213623047,100.62000274658203,100.62000274658203,62.99667739868164,924700
2009-05-27,101.04000091552734,101.12999725341797,100.18000030517578,100.38999938964844,62.852684020996094,1646500
2009-05-28,100.9000015258789,100.98999786376953,99.62000274658203,100.5,62.92159652709961,1202500
2009-05-29,100.54000091552734,101.87999725341797,100.47000122070312,101.80999755859375,63.741764068603516,1078300
2009-06-01,100.94999694824219,101.12999725341797,100.41000366210938,100.62999725341797,63.23335266113281,1303300
2009-06-02,101.05999755859375,101.48999786376953,100.69000244140625,101.3499984741211,63.68581008911133,1682200
2009-06-03,101.54000091552734,101.7300033569336,101.04000091552734,101.30999755859375,63.6606559753418,1597400
2009-06-04,100.94999694824219,101.0199966430664,100.1500015258789,100.29000091552734,63.01972198486328,1770100
2009-06-05,99.94000244140625,100.3499984741211,99.7699966430664,99.9000015258789,62.77466583251953,1536700
2009-06-08,100.16999816894531,100.16999816894531,99.30999755859375,99.51000213623047,62.529605865478516,1289900
2009-06-09,99.87000274658203,100.30000305175781,99.69000244140625,100.18000030517578,62.9505500793457,1370300
2009-06-10,100.1500015258789,100.44999694824219,99.80999755859375,100.2300033569336,62.9820442199707,1315000
2009-06-11,100.11000061035156,100.7699966430664,99.88999938964844,100.41999816894531,63.101375579833984,1684700
2009-06-12,100.44000244140625,100.7699966430664,100.12999725341797,100.2300033569336,62.9820442199707,1460800
2009-06-15,100.54000091552734,100.69000244140625,100.05000305175781,100.12000274658203,62.91291427612305,1018000
2009-06-16,100.26000213623047,100.55000305175781,100.02999877929688,100.44999694824219,63.12025833129883,1098000
2009-06-17,100.22000122070312,100.5,99.73999786376953,99.79000091552734,62.70551300048828,1211300
2009-06-18,99.6500015258789,99.69000244140625,99.33999633789062,99.54000091552734,62.54842758178711,1330700
2009-06-19,99.55000305175781,100.30000305175781,99.45999908447266,100.16999816894531,62.94432830810547,900000
2009-06-22,100.29000091552734,100.45999908447266,99.91000366210938,100.33999633789062,63.05112075805664,1060100
2009-06-23,100.5,100.98999786376953,100.4000015258789,100.83000183105469,63.359012603759766,1135900
2009-06-24,100.73999786376953,101.11000061035156,100.20999908447266,100.30999755859375,63.03231430053711,1158000
2009-06-25,100.5999984741211,101.25,100.38999938964844,100.88999938964844,63.3967170715332,1183800
2009-06-26,100.94999694824219,100.9800033569336,100.6500015258789,100.88999938964844,63.3967170715332,752600
2009-06-29,100.91999816894531,101.2300033569336,100.75,100.95999908447266,63.44070816040039,921800
2009-06-30,101.12000274658203,101.75,100.9000015258789,101.63999938964844,63.868019104003906,1010200
2009-07-01,100.98999786376953,101.27999877929688,100.80000305175781,101.04000091552734,63.73493957519531,929800
2009-07-02,100.9000015258789,101.2300033569336,100.68000030517578,100.79000091552734,63.57722854614258,711000
2009-07-06,100.3499984741211,100.6500015258789,100.19999694824219,100.55000305175781,63.42584228515625,613700
2009-07-07,100.45999908447266,100.86000061035156,100.41999816894531,100.70999908447266,63.52679443359375,801500
2009-07-08,100.91999816894531,101.2300033569336,100.66000366210938,101.06999969482422,63.75383758544922,752500
2009-07-09,100.5999984741211,100.75,99.86000061035156,100.25,63.236568450927734,956600
2009-07-10,100.5999984741211,100.8499984741211,100.26000213623047,100.6500015258789,63.48893356323242,527000
2009-07-13,100.77999877929688,100.77999877929688,100.16000366210938,100.23999786376953,63.230323791503906,580300
2009-07-14,100.23999786376953,100.47000122070312,100.0,100.16000366210938,63.179847717285156,974100
2009-07-15,100.16999816894531,100.38999938964844,99.87000274658203,99.88999938964844,63.00953674316406,1032100
2009-07-16,100.3499984741211,100.69999694824219,100.29000091552734,100.51000213623047,63.400611877441406,785800
2009-07-17,100.22000122070312,100.62000274658203,100.16000366210938,100.47000122070312,63.37534713745117,1232700
2009-07-20,100.38999938964844,101.25,100.38999938964844,101.05000305175781,63.74120330810547,862100
2009-07-21,100.81999969482422,101.48999786376953,100.66000366210938,101.27999877929688,63.88630294799805,916800
2009-07-22,101.12000274658203,101.16000366210938,100.70999908447266,101.01000213623047,63.716007232666016,760800
2009-07-23,101.08999633789062,101.0999984741211,100.3499984741211,100.5199966430664,63.40692901611328,1258100
2009-07-24,100.58999633789062,100.66000366210938,100.37000274658203,100.56999969482422,63.43844223022461,745700
2009-07-27,100.19999694824219,100.44999694824219,100.02999877929688,100.37999725341797,63.31856918334961,839300
2009-07-28,100.44000244140625,100.7699966430664,100.02999877929688,100.29000091552734,63.26186752319336,1205900
2009-07-29,100.45999908447266,100.69999694824219,99.9800033569336,100.23999786376953,63.230323791503906,1336200
2009-07-30,100.33000183105469,100.87999725341797,100.19000244140625,100.80999755859375,63.589847564697266,1017200
2009-07-31,101.2300033569336,101.5,101.0,101.33999633789062,63.924156188964844,1045700
2009-08-03,100.45999908447266,100.55000305175781,100.02999877929688,100.38999938964844,63.5941047668457,1255700
2009-08-04,100.58999633789062,100.62999725341797,99.77999877929688,100.02999877929688,63.36605453491211,1591300
2009-08-05,100.08000183105469,100.80000305175781,99.97000122070312,100.11000061035156,63.41678237915039,1334000
2009-08-06,100.1500015258789,100.27999877929688,99.8499984741211,99.94999694824219,63.31538772583008,1374900
2009-08-07,99.75,100.12000274658203,99.62000274658203,100.08000183105469,63.39777374267578,1368300
2009-08-10,100.25,100.6500015258789,100.02999877929688,100.2699966430664,63.51810073852539,929600
2009-08-11,100.73999786376953,100.79000091552734,100.3499984741211,100.70999908447266,63.79684829711914,957200
2009-08-12,100.8499984741211,100.8499984741211,100.0,100.31999969482422,63.54981994628906,1126600
2009-08-13,100.44000244140625,100.80000305175781,100.18000030517578,100.6500015258789,63.75884246826172,1304500
2009-08-14,100.80999755859375,101.0999984741211,100.38999938964844,100.54000091552734,63.689170837402344,923000
2009-08-17,100.93000030517578,101.0,100.6500015258789,100.9000015258789,63.917205810546875,1345900
2009-08-18,100.87000274658203,101.25,100.77999877929688,101.12000274658203,64.05657196044922,2119900
2009-08-19,101.33000183105469,101.73999786376953,101.25,101.62999725341797,64.37965393066406,790300
2009-08-20,101.86000061035156,102.3499984741211,101.5999984741211,102.23999786376953,64.76604461669922,910200
2009-08-21,102.4000015258789,102.47000122070312,101.66000366210938,101.83000183105469,64.50630950927734,1386900
2009-08-24,101.6500015258789,102.2699966430664,101.52999877929688,102.19000244140625,64.73439025878906,1118400
2009-08-25,102.0,102.05000305175781,101.51000213623047,101.88999938964844,64.5443115234375,1152100
2009-08-26,102.0,102.19000244140625,101.80000305175781,102.18000030517578,64.72801971435547,908700
2009-08-27,102.08999633789062,102.4000015258789,101.70999908447266,101.80999755859375,64.49365997314453,1320700
2009-08-28,101.7300033569336,102.1500015258789,101.5999984741211,101.8499984741211,64.51897430419922,945800
2009-08-31,101.8499984741211,102.0199966430664,101.56999969482422,101.76000213623047,64.46196746826172,909500
2009-09-01,100.77999877929688,101.16000366210938,100.5,100.9800033569336,64.5514907836914,1290100
2009-09-02,101.0199966430664,101.25,100.80000305175781,101.13999938964844,64.65376281738281,814500
2009-09-03,101.12999725341797,101.56999969482422,100.94999694824219,101.2699966430664,64.73689270019531,941000
2009-09-04,101.5,101.66000366210938,101.12000274658203,101.25,64.72406768798828,757900
2009-09-08,101.83999633789062,102.0,101.43000030517578,101.45999908447266,64.85832977294922,969100
2009-09-09,101.56999969482422,101.83000183105469,101.36000061035156,101.77999877929688,65.06288146972656,1411800
2009-09-10,102.0,102.25,101.79000091552734,102.0199966430664,65.21625518798828,1169600
2009-09-11,102.38999938964844,102.62000274658203,102.04000091552734,102.25,65.36331176757812,1205100
2009-09-14,102.26000213623047,102.44999694824219,102.0,102.0199966430664,65.21625518798828,1072400
2009-09-15,102.0,102.19999694824219,101.87999725341797,102.08000183105469,65.25465393066406,1452300
2009-09-16,102.26000213623047,102.30000305175781,101.69999694824219,102.27999877929688,65.38250732421875,1647100
2009-09-17,102.2300033569336,102.45999908447266,101.91000366210938,102.41000366210938,65.46560668945312,1506000
2009-09-18,102.11000061035156,102.2699966430664,101.80999755859375,101.94000244140625,65.1651840209961,1840900
2009-09-21,101.98999786376953,102.22000122070312,101.58999633789062,101.83000183105469,65.0948257446289,1865100
2009-09-22,101.9000015258789,102.19000244140625,101.83999633789062,102.06999969482422,65.24825286865234,1734900
2009-09-23,101.9800033569336,102.29000091552734,101.69999694824219,102.29000091552734,65.38890838623047,1619800
2009-09-24,102.38999938964844,102.4000015258789,102.08999633789062,102.19000244140625,65.32498168945312,978800
2009-09-25,102.20999908447266,102.44999694824219,101.9800033569336,102.33999633789062,65.42085266113281,1050000
2009-09-28,102.51000213623047,102.6500015258789,102.16999816894531,102.55000305175781,65.55511474609375,996100
2009-09-29,102.36000061035156,102.68000030517578,102.26000213623047,102.51000213623047,65.52955627441406,1298000
2009-09-30,102.52999877929688,102.94999694824219,102.47000122070312,102.87999725341797,65.76602172851562,1653000
2009-10-01,103.05999755859375,103.23999786376953,102.8499984741211,103.12000274658203,65.9495849609375,1462700
2009-10-02,103.37000274658203,103.73999786376953,102.87999725341797,102.91999816894531,65.82169342041016,1332100
2009-10-05,103.16999816894531,103.16999816894531,102.73999786376953,102.9800033569336,65.86006164550781,876200
2009-10-06,103.05999755859375,103.0999984741211,102.75,102.97000122070312,65.85365295410156,1047800
2009-10-07,103.19999694824219,103.5,103.0999984741211,103.41999816894531,66.14144897460938,1503300
2009-10-08,103.56999969482422,103.62999725341797,103.02999877929688,103.31999969482422,66.07749938964844,1296400
2009-10-09,103.08999633789062,103.19000244140625,102.5199966430664,102.79000091552734,65.73855590820312,1079600
2009-10-12,102.83000183105469,103.1500015258789,102.52999877929688,103.04000091552734,65.8984146118164,765500
2009-10-13,103.30000305175781,103.62999725341797,103.20999908447266,103.62000274658203,66.26934814453125,911700
2009-10-14,103.27999877929688,103.5,103.02999877929688,103.16999816894531,65.98157501220703,1227400
2009-10-15,103.08999633789062,103.4000015258789,102.91000366210938,103.25,66.0327377319336,1477400
2009-10-16,103.44999694824219,103.61000061035156,103.26000213623047,103.58000183105469,66.2437973022461,1075900
2009-10-19,103.63999938964844,104.23999786376953,103.4800033569336,104.23999786376953,66.66588592529297,1447000
2009-10-20,104.79000091552734,104.79000091552734,104.2300033569336,104.33000183105469,66.72345733642578,1179500
2009-10-21,104.02999877929688,104.04000091552734,103.63999938964844,103.91999816894531,66.46124267578125,1099100
2009-10-22,103.44000244140625,103.47000122070312,103.18000030517578,103.41000366210938,66.13510131835938,1172400
2009-10-23,103.23999786376953,103.44000244140625,103.08999633789062,103.19000244140625,65.99433135986328,1089000
2009-10-26,102.91999816894531,103.05999755859375,102.55999755859375,102.72000122070312,65.69380950927734,1354000
2009-10-27,102.88999938964844,103.56999969482422,102.87999725341797,103.54000091552734,66.21818542480469,1041600
2009-10-28,103.6500015258789,103.83000183105469,103.44999694824219,103.62000274658203,66.26934814453125,1270200
2009-10-29,103.41000366210938,103.62999725341797,103.0,103.62999725341797,66.27578735351562,1153600
2009-10-30,103.88999938964844,104.19999694824219,103.66999816894531,104.01000213623047,66.51880645751953,1792800
2009-11-02,103.83999633789062,104.02999877929688,103.5,103.87000274658203,66.64836883544922,1208300
2009-11-03,103.95999908447266,103.97000122070312,103.44999694824219,103.66000366210938,66.513671875,1119300
2009-11-04,103.56999969482422,103.94999694824219,103.52999877929688,103.86000061035156,66.6419906616211,1245400
2009-11-05,103.91000366210938,104.16999816894531,103.88999938964844,104.05999755859375,66.77031707763672,1058400
2009-11-06,104.23999786376953,104.3499984741211,103.83000183105469,104.31999969482422,66.9371566772461,907900
2009-11-09,104.72000122070312,104.91999816894531,104.62000274658203,104.86000061035156,67.28365325927734,1028600
2009-11-10,105.0,105.12000274658203,104.45999908447266,104.68000030517578,67.16813659667969,1110200
2009-11-11,104.80999755859375,105.23999786376953,104.69999694824219,105.05999755859375,67.41197204589844,743800
2009-11-12,104.61000061035156,104.69000244140625,103.87000274658203,104.56999969482422,67.09754943847656,1259500
2009-11-13,104.6500015258789,104.72000122070312,104.02999877929688,104.61000061035156,67.12325286865234,1063700
2009-11-16,104.94999694824219,105.55999755859375,104.86000061035156,105.4000015258789,67.63013458251953,1094000
2009-11-17,105.26000213623047,105.69000244140625,105.12000274658203,105.68000030517578,67.80982208251953,1156200
2009-11-18,105.91000366210938,106.0199966430664,105.5,105.6500015258789,67.79056549072266,979600
2009-11-19,105.69999694824219,105.94999694824219,105.58000183105469,105.66000366210938,67.79691314697266,991300
2009-11-20,105.72000122070312,105.79000091552734,105.44000244140625,105.66000366210938,67.79691314697266,806900
2009-11-23,105.54000091552734,105.83000183105469,105.43000030517578,105.75,67.85469818115234,1125200
2009-11-24,105.8499984741211,105.97000122070312,105.69000244140625,105.86000061035156,67.92533111572266,1084600
2009-11-25,105.88999938964844,106.31999969482422,105.76000213623047,106.27999877929688,68.19479370117188,920900
2009-11-27,106.4000015258789,106.54000091552734,106.12999725341797,106.51000213623047,68.34235382080078,496300
2009-11-30,106.37000274658203,106.58000183105469,106.0,106.56999969482422,68.38086700439453,1039100
2009-12-01,106.38999938964844,106.44000244140625,106.12999725341797,106.18000030517578,68.26385498046875,1181200
2009-12-02,106.16999816894531,106.37999725341797,106.0,106.06999969482422,68.19316101074219,1120400
2009-12-03,105.7699966430664,105.81999969482422,105.56999969482422,105.72000122070312,67.96813201904297,1193300
2009-12-04,105.22000122070312,105.25,104.75,104.86000061035156,67.41521453857422,1255700
2009-12-07,104.87999725341797,105.05000305175781,104.80000305175781,105.02999877929688,67.52447509765625,835000
2009-12-08,105.22000122070312,105.33999633789062,104.87000274658203,104.9800033569336,67.49237823486328,897400
2009-12-09,104.95999908447266,105.05000305175781,104.33000183105469,104.5199966430664,67.19666290283203,1464300
2009-12-10,104.31999969482422,104.36000061035156,103.79000091552734,104.18000030517578,66.97804260253906,1309600
2009-12-11,104.19000244140625,104.29000091552734,103.80000305175781,104.22000122070312,67.00379180908203,884300
2009-12-14,104.41999816894531,104.62000274658203,104.33999633789062,104.58000183105469,67.23522186279297,831200
2009-12-15,104.5199966430664,104.73999786376953,104.44000244140625,104.56999969482422,67.22879028320312,1263500
2009-12-16,104.73999786376953,105.06999969482422,104.61000061035156,104.75,67.34452056884766,1486900
2009-12-17,105.04000091552734,105.31999969482422,104.94999694824219,105.19999694824219,67.63378143310547,998000
2009-12-18,105.11000061035156,105.30999755859375,104.87000274658203,105.04000091552734,67.53089904785156,1029700
2009-12-21,104.80999755859375,104.86000061035156,104.43000030517578,104.55000305175781,67.21589660644531,1060800
2009-12-22,104.48999786376953,104.54000091552734,104.0,104.20999908447266,66.99735260009766,1861200
2009-12-23,104.37999725341797,104.43000030517578,104.01000213623047,104.05999755859375,66.9009017944336,1245700
2009-12-24,104.01000213623047,104.05999755859375,103.77999877929688,103.77999877929688,66.72086334228516,515400
2009-12-28,103.69999694824219,103.9000015258789,103.5999984741211,103.75,66.70159912109375,1300000
2009-12-29,103.68000030517578,103.9000015258789,103.5999984741211,103.83000183105469,66.90716552734375,1020100
2009-12-30,103.93000030517578,104.05999755859375,103.77999877929688,103.98999786376953,67.01026153564453,1220500
2009-12-31,103.75,103.94000244140625,103.33000183105469,103.9000015258789,66.9522705078125,812600
2010-01-04,103.98999786376953,104.19999694824219,103.77999877929688,104.16999816894531,67.12626647949219,3583200
2010-01-05,104.37000274658203,104.5999984741211,104.29000091552734,104.51000213623047,67.3453369140625,1738200
2010-01-06,104.54000091552734,104.54000091552734,104.05000305175781,104.23999786376953,67.17132568359375,1233900
2010-01-07,104.2699966430664,104.55999755859375,104.25,104.4000015258789,67.27448272705078,982100
2010-01-08,104.80999755859375,104.81999969482422,104.4000015258789,104.62000274658203,67.41622924804688,866700
2010-01-11,104.62000274658203,104.7699966430664,104.33999633789062,104.38999938964844,67.26799011230469,1076700
2010-01-12,104.77999877929688,105.05999755859375,104.76000213623047,104.87000274658203,67.57731628417969,1073000
2010-01-13,104.66999816894531,104.80999755859375,104.30000305175781,104.4000015258789,67.27448272705078,1187500
2010-01-14,104.62999725341797,104.87000274658203,104.5199966430664,104.66999816894531,67.448486328125,1495900
2010-01-15,105.0199966430664,105.16000366210938,104.9000015258789,105.01000213623047,67.66754913330078,1254600
2010-01-19,104.91999816894531,105.0,104.7699966430664,104.93000030517578,67.61597442626953,1649700
2010-01-20,105.1500015258789,105.29000091552734,104.95999908447266,105.08999633789062,67.71907043457031,1020500
2010-01-21,105.04000091552734,105.4000015258789,104.98999786376953,105.29000091552734,67.84800720214844,1013000
2010-01-22,105.12000274658203,105.22000122070312,104.87000274658203,105.19000244140625,67.78350830078125,828000
2010-01-25,105.02999877929688,105.19000244140625,104.91999816894531,104.91999816894531,67.60955047607422,1131500
2010-01-26,105.22000122070312,105.23999786376953,104.94000244140625,105.23999786376953,67.81575012207031,1100400
2010-01-27,105.37000274658203,105.47000122070312,104.87999725341797,104.95999908447266,67.63530731201172,1118900
2010-01-28,104.73999786376953,105.16999816894531,104.73999786376953,105.0999984741211,67.72550964355469,894200
2010-01-29,105.06999969482422,105.5,104.98999786376953,105.48999786376953,67.97688293457031,1402400
2010-02-01,105.16000366210938,105.30999755859375,104.9000015258789,105.23999786376953,67.94970703125,1088100
2010-02-02,105.3499984741211,105.47000122070312,105.2699966430664,105.43000030517578,68.0723648071289,1267600
2010-02-03,105.18000030517578,105.20999908447266,104.98999786376953,105.0,67.7947769165039,1286900
2010-02-04,105.11000061035156,105.3499984741211,105.05000305175781,105.27999877929688,67.97553253173828,1045500
2010-02-05,105.26000213623047,105.4000015258789,104.94000244140625,105.08999633789062,67.85285949707031,1490100
2010-02-08,104.94999694824219,105.08999633789062,104.83999633789062,104.93000030517578,67.7495346069336,920700
2010-02-09,104.81999969482422,105.01000213623047,104.55000305175781,104.56999969482422,67.51715087890625,1331400
2010-02-10,104.73999786376953,104.80000305175781,104.04000091552734,104.26000213623047,67.31696319580078,1369100
2010-02-11,104.22000122070312,104.23999786376953,103.8499984741211,104.01000213623047,67.15552520751953,1004600
2010-02-12,104.2300033569336,104.27999877929688,104.01000213623047,104.01000213623047,67.15552520751953,1036600
2010-02-16,103.9000015258789,104.41000366210938,103.87000274658203,104.30999755859375,67.3492660522461,1029800
2010-02-17,104.18000030517578,104.47000122070312,103.9000015258789,104.11000061035156,67.22013854980469,1021700
2010-02-18,104.19999694824219,104.22000122070312,103.75,104.0199966430664,67.16203308105469,1079000
2010-02-19,103.63999938964844,103.86000061035156,103.41000366210938,103.83999633789062,67.04582977294922,1450000
2010-02-22,103.77999877929688,103.81999969482422,103.48999786376953,103.58000183105469,66.87793731689453,1573700
2010-02-23,103.6500015258789,104.0,103.62999725341797,103.9000015258789,67.08456420898438,2013600
2010-02-24,103.97000122070312,104.08999633789062,103.55000305175781,103.69999694824219,66.95539855957031,1188600
2010-02-25,103.91000366210938,103.91999816894531,103.54000091552734,103.69999694824219,66.95539855957031,1360100
2010-02-26,103.7300033569336,104.04000091552734,103.7300033569336,103.91000366210938,67.09095764160156,956900
2010-03-01,103.98999786376953,104.0199966430664,103.81999969482422,103.91999816894531,67.10006713867188,820400
2010-03-02,103.83000183105469,104.05999755859375,103.76000213623047,104.0,67.15166473388672,1154700
2010-03-03,103.93000030517578,104.08999633789062,103.7699966430664,103.95999908447266,67.12586212158203,965700
2010-03-04,103.9800033569336,104.2699966430664,103.91999816894531,104.06999969482422,67.19688415527344,1317500
2010-03-05,104.0,104.04000091552734,103.6500015258789,103.83999633789062,67.04840850830078,1359600
2010-03-08,103.79000091552734,103.83000183105469,103.70999908447266,103.75,66.99024200439453,1150900
2010-03-09,104.0,104.0,103.73999786376953,103.93000030517578,67.10651397705078,895500
2010-03-10,103.79000091552734,103.9000015258789,103.69999694824219,103.81999969482422,67.03544616699219,845900
2010-03-11,103.80000305175781,103.97000122070312,103.68000030517578,103.94000244140625,67.11293029785156,950600
2010-03-12,104.0199966430664,104.33000183105469,103.94999694824219,104.20999908447266,67.28726959228516,908400
2010-03-15,104.20999908447266,104.26000213623047,104.0,104.19000244140625,67.27438354492188,790000
2010-03-16,104.25,104.63999938964844,104.22000122070312,104.58000183105469,67.52618408203125,834100
2010-03-17,104.56999969482422,104.83000183105469,104.52999877929688,104.80000305175781,67.66824340820312,776100
2010-03-18,104.58999633789062,104.72000122070312,104.37999725341797,104.37999725341797,67.39704132080078,809700
2010-03-19,104.18000030517578,104.55999755859375,104.18000030517578,104.18000030517578,67.2679214477539,765400
2010-03-22,104.33000183105469,104.43000030517578,104.31999969482422,104.41999816894531,67.42285919189453,758200
2010-03-23,104.36000061035156,104.48999786376953,104.27999877929688,104.33999633789062,67.37126922607422,979300
2010-03-24,103.80999755859375,103.91999816894531,103.2300033569336,103.5,66.82884979248047,2156500
2010-03-25,103.41000366210938,103.55000305175781,103.06999969482422,103.36000061035156,66.73844146728516,1128300
2010-03-26,103.29000091552734,103.62999725341797,103.29000091552734,103.48999786376953,66.82235717773438,1088000
2010-03-29,103.4800033569336,103.55000305175781,103.16000366210938,103.36000061035156,66.73844146728516,848000
2010-03-30,103.20999908447266,103.44999694824219,103.11000061035156,103.44999694824219,66.79652404785156,613900
2010-03-31,103.52999877929688,103.91000366210938,103.38999938964844,103.9000015258789,67.08712768554688,1926900
2010-04-01,103.30000305175781,103.44000244140625,103.12999725341797,103.44000244140625,67.07542419433594,1129100
2010-04-05,102.80999755859375,102.9000015258789,102.29000091552734,102.70999908447266,66.60210418701172,1868700
2010-04-06,103.0,103.12999725341797,102.9000015258789,103.12000274658203,66.86797332763672,1041600
2010-04-07,103.16000366210938,103.94000244140625,103.12000274658203,103.8499984741211,67.34130859375,1380900
2010-04-08,103.95999908447266,104.04000091552734,103.68000030517578,103.75,67.27645111083984,1672700
2010-04-09,103.69999694824219,103.94000244140625,103.55000305175781,103.86000061035156,67.34782409667969,679600
2010-04-12,104.0199966430664,104.20999908447266,103.95999908447266,104.1500015258789,67.53588104248047,852400
2010-04-13,104.37999725341797,104.38999938964844,104.06999969482422,104.23999786376953,67.59420013427734,674600
2010-04-14,104.2300033569336,104.27999877929688,103.9800033569336,104.11000061035156,67.50994110107422,645600
2010-04-15,104.0199966430664,104.48999786376953,104.0199966430664,104.41000366210938,67.70442199707031,946100
2010-04-16,104.56999969482422,104.83000183105469,104.38999938964844,104.6500015258789,67.86005401611328,1131600
2010-04-19,104.62000274658203,104.66999816894531,104.36000061035156,104.4000015258789,67.69794464111328,784800
2010-04-20,104.38999938964844,104.6500015258789,104.33999633789062,104.6500015258789,67.86005401611328,669900
2010-04-21,104.7699966430664,105.0,104.69999694824219,104.97000122070312,68.06756591796875,845300
2010-04-22,105.06999969482422,105.0999984741211,104.58999633789062,104.66999816894531,67.87307739257812,1003700
2010-04-23,104.56999969482422,104.75,104.44000244140625,104.68000030517578,67.87950134277344,907400
2010-04-26,104.91999816894531,105.0,104.5999984741211,104.7699966430664,67.93787384033203,1125000
2010-04-27,105.08999633789062,105.5999984741211,104.97000122070312,105.37999725341797,68.33341979980469,1136300
2010-04-28,105.16000366210938,105.29000091552734,104.94999694824219,105.16999816894531,68.19727325439453,900300
2010-04-29,105.37000274658203,105.80999755859375,105.33999633789062,105.72000122070312,68.55386352539062,829100
2010-04-30,105.87000274658203,106.1500015258789,105.75,106.05999755859375,68.77437591552734,1329500
2010-05-03,105.77999877929688,105.77999877929688,105.61000061035156,105.70999908447266,68.65293884277344,801400
2010-05-04,106.0199966430664,106.0999984741211,105.80999755859375,105.87000274658203,68.75685119628906,2792800
2010-05-05,105.91000366210938,106.25,105.69999694824219,105.91999816894531,68.789306640625,1439000
2010-05-06,106.11000061035156,107.66000366210938,105.87000274658203,106.4000015258789,69.10110473632812,1636600
2010-05-07,106.19000244140625,106.9000015258789,105.88999938964844,106.16999816894531,68.95169830322266,1719000
2010-05-10,105.4800033569336,106.04000091552734,105.44999694824219,105.87000274658203,68.75685119628906,888000
2010-05-11,106.11000061035156,106.19000244140625,105.81999969482422,106.06999969482422,68.88671875,773200
2010-05-12,105.97000122070312,106.23999786376953,105.9000015258789,106.19999694824219,68.97114562988281,993500
2010-05-13,106.4800033569336,106.5999984741211,105.9800033569336,106.29000091552734,69.0296401977539,992100
2010-05-14,106.48999786376953,106.87999725341797,106.43000030517578,106.5999984741211,69.23092651367188,1044200
2010-05-17,106.58000183105469,106.80000305175781,106.16999816894531,106.2300033569336,68.99065399169922,1030400
2010-05-18,106.41999816894531,106.94000244140625,106.27999877929688,106.77999877929688,69.34784698486328,815900
2010-05-19,106.63999938964844,106.94000244140625,105.97000122070312,106.0999984741211,68.90623474121094,1757600
2010-05-20,105.51000213623047,106.11000061035156,105.0999984741211,106.08999633789062,68.89971160888672,2042400
2010-05-21,106.06999969482422,106.22000122070312,105.5199966430664,106.16000366210938,68.94518280029297,1557900
2010-05-24,106.1500015258789,106.30999755859375,105.93000030517578,106.05000305175781,68.87379455566406,730500
2010-05-25,106.0,106.1500015258789,105.62000274658203,105.69999694824219,68.64643859863281,928100
2010-05-26,105.76000213623047,105.94000244140625,105.54000091552734,105.9000015258789,68.77633666992188,1010500
2010-05-27,105.61000061035156,105.80000305175781,105.37000274658203,105.51000213623047,68.52301025390625,759600
2010-05-28,105.87999725341797,106.1500015258789,105.62999725341797,106.0999984741211,68.90623474121094,548100
2010-06-01,105.7699966430664,105.7699966430664,105.19999694824219,105.36000061035156,68.77631378173828,1168900
2010-06-02,105.4800033569336,105.58999633789062,105.12000274658203,105.25,68.7044906616211,544700
2010-06-03,105.23999786376953,105.54000091552734,105.0999984741211,105.30000305175781,68.73716735839844,625000
2010-06-04,105.80999755859375,106.0,105.5999984741211,105.97000122070312,69.1745376586914,2220100
2010-06-07,105.83999633789062,106.12000274658203,105.70999908447266,106.05999755859375,69.23321533203125,627000
2010-06-08,105.83000183105469,106.0,105.70999908447266,105.79000091552734,69.05703735351562,818400
2010-06-09,105.51000213623047,105.9000015258789,105.51000213623047,105.9000015258789,69.12879943847656,626800
2010-06-10,105.5,105.62999725341797,105.06999969482422,105.12000274658203,68.61964416503906,1092400
2010-06-11,105.41000366210938,105.75,105.2699966430664,105.7300033569336,69.0178451538086,592700
2010-06-14,105.33999633789062,105.7300033569336,105.1500015258789,105.7300033569336,69.0178451538086,719000
2010-06-15,105.7300033569336,105.81999969482422,105.41000366210938,105.58999633789062,68.92646789550781,637600
2010-06-16,105.75,105.91999816894531,105.6500015258789,105.91999816894531,69.14188385009766,715200
2010-06-17,106.01000213623047,106.5,105.98999786376953,106.43000030517578,69.47480010986328,754900
2010-06-18,106.37000274658203,106.37999725341797,106.16999816894531,106.25,69.35723876953125,551000
2010-06-21,105.81999969482422,106.37000274658203,105.75,106.30999755859375,69.3964614868164,816200
2010-06-22,106.3499984741211,106.72000122070312,106.22000122070312,106.55999755859375,69.55962371826172,583600
2010-06-23,106.55999755859375,106.7300033569336,106.36000061035156,106.58000183105469,69.57270812988281,602400
2010-06-24,106.58999633789062,106.70999908447266,106.25,106.27999877929688,69.37689971923828,660700
2010-06-25,106.45999908447266,106.70999908447266,106.27999877929688,106.6500015258789,69.6183853149414,503300
2010-06-28,106.83999633789062,106.9000015258789,106.62999725341797,106.9000015258789,69.78160858154297,573200
2010-06-29,106.83999633789062,107.0,106.75,106.98999786376953,69.84033203125,612400
2010-06-30,106.93000030517578,107.01000213623047,106.7699966430664,106.91000366210938,69.78813934326172,628200
2010-07-01,106.37000274658203,106.61000061035156,106.01000213623047,106.0199966430664,69.3895034790039,790100
2010-07-02,105.80999755859375,106.12000274658203,105.7699966430664,105.81999969482422,69.25862121582031,460100
2010-07-06,105.69999694824219,105.9800033569336,105.47000122070312,105.94000244140625,69.337158203125,736700
2010-07-07,105.80999755859375,105.80999755859375,105.45999908447266,105.5,69.04924774169922,495800
2010-07-08,105.43000030517578,105.80000305175781,105.2300033569336,105.66000366210938,69.15390014648438,517600
2010-07-09,105.5199966430664,105.87000274658203,105.51000213623047,105.73999786376953,69.2062759399414,475200
2010-07-12,105.86000061035156,105.97000122070312,105.6500015258789,105.66999816894531,69.16046142578125,507600
2010-07-13,105.73999786376953,105.75,105.51000213623047,105.55000305175781,69.0819320678711,436000
2010-07-14,105.69999694824219,106.05999755859375,105.61000061035156,105.8499984741211,69.27827453613281,622200
2010-07-15,106.11000061035156,106.30000305175781,105.91999816894531,105.9800033569336,69.36333465576172,437100
2010-07-16,106.05000305175781,106.13999938964844,105.7300033569336,105.7300033569336,69.19974517822266,438100
2010-07-19,105.61000061035156,105.66000366210938,105.27999877929688,105.31999969482422,68.931396484375,519300
2010-07-20,105.45999908447266,105.58999633789062,105.25,105.44000244140625,69.00993347167969,484800
2010-07-21,105.4800033569336,106.11000061035156,105.4800033569336,105.98999786376953,69.36992645263672,482400
2010-07-22,105.88999938964844,106.0,105.75,105.88999938964844,69.30442810058594,482000
2010-07-23,105.87000274658203,105.95999908447266,105.44999694824219,105.62000274658203,69.1277084350586,643400
2010-07-26,105.55000305175781,105.68000030517578,105.41000366210938,105.66000366210938,69.15390014648438,529700
2010-07-27,105.51000213623047,105.80000305175781,105.5,105.51000213623047,69.05570220947266,537600
2010-07-28,105.5,105.9000015258789,105.41999816894531,105.86000061035156,69.2848129272461,440100
2010-07-29,105.66999816894531,106.19999694824219,105.66999816894531,105.98999786376953,69.36992645263672,548700
2010-07-30,106.3499984741211,106.4800033569336,106.1500015258789,106.37000274658203,69.6186294555664,1074200
2010-08-02,106.0999984741211,106.44999694824219,106.05999755859375,106.37000274658203,69.74449920654297,900400
2010-08-03,106.48999786376953,106.94999694824219,106.44000244140625,106.93000030517578,70.11168670654297,822600
2010-08-04,106.88999938964844,106.88999938964844,106.4800033569336,106.56999969482422,69.8756332397461,1365600
2010-08-05,106.75,107.0,106.62999725341797,106.95999908447266,70.13128662109375,699900
2010-08-06,107.25,107.25,106.97000122070312,107.05999755859375,70.19689178466797,578400
2010-08-09,106.80999755859375,107.02999877929688,106.76000213623047,107.01000213623047,70.1640853881836,534700
2010-08-10,107.06999969482422,107.7300033569336,106.88999938964844,107.66999816894531,70.59687805175781,750200
2010-08-11,107.58999633789062,107.80000305175781,107.4800033569336,107.66000366210938,70.59028625488281,790600
2010-08-12,107.76000213623047,107.76000213623047,106.8499984741211,106.94999694824219,70.12479400634766,1197200
2010-08-13,106.88999938964844,107.43000030517578,106.88999938964844,107.2300033569336,70.30834197998047,769500
2010-08-16,107.5999984741211,107.79000091552734,107.52999877929688,107.58000183105469,70.537841796875,602500
2010-08-17,107.63999938964844,107.63999938964844,107.25,107.33999633789062,70.38052368164062,676400
2010-08-18,107.62999725341797,107.66999816894531,107.1500015258789,107.27999877929688,70.3411865234375,668200
2010-08-19,107.11000061035156,107.48999786376953,107.11000061035156,107.29000091552734,70.34768676757812,790400
2010-08-20,107.33999633789062,107.41000366210938,107.08999633789062,107.16000366210938,70.26248931884766,525000
2010-08-23,107.08000183105469,107.22000122070312,106.79000091552734,107.16000366210938,70.26248931884766,590600
2010-08-24,107.37999725341797,107.70999908447266,107.27999877929688,107.5199966430664,70.49856567382812,630700
2010-08-25,107.56999969482422,107.69999694824219,107.33000183105469,107.5199966430664,70.49856567382812,623900
2010-08-26,107.6500015258789,108.0999984741211,107.62999725341797,108.0999984741211,70.87884521484375,1086700
2010-08-27,107.9800033569336,108.19000244140625,107.33999633789062,107.45999908447266,70.45918273925781,1150600
2010-08-30,107.68000030517578,107.98999786376953,107.68000030517578,107.94000244140625,70.77389526367188,560700
2010-08-31,108.16000366210938,108.30999755859375,108.02999877929688,108.23999786376953,70.97061157226562,756600
2010-09-01,107.76000213623047,107.80999755859375,107.12999725341797,107.75,70.66890716552734,1331400
2010-09-02,107.6500015258789,107.72000122070312,107.4000015258789,107.55000305175781,70.53775787353516,686700
2010-09-03,107.3499984741211,107.54000091552734,107.16999816894531,107.37999725341797,70.42627716064453,770500
2010-09-07,107.80999755859375,108.05000305175781,107.69000244140625,107.9800033569336,70.81978607177734,754200
2010-09-08,107.80000305175781,107.94000244140625,107.54000091552734,107.66000366210938,70.60985565185547,1101300
2010-09-09,107.37000274658203,107.56999969482422,107.30000305175781,107.41999816894531,70.45248413085938,526200
2010-09-10,107.41999816894531,107.7699966430664,107.37999725341797,107.52999877929688,70.52464294433594,534000
2010-09-13,107.54000091552734,108.26000213623047,107.5,108.26000213623047,71.00340270996094,834300
2010-09-14,108.30000305175781,108.41999816894531,108.1500015258789,108.1500015258789,70.9312515258789,690300
2010-09-15,108.01000213623047,108.18000030517578,107.80999755859375,107.91999816894531,70.78036499023438,629300
2010-09-16,107.69000244140625,107.72000122070312,107.31999969482422,107.69999694824219,70.63610076904297,672000
2010-09-17,107.68000030517578,107.80000305175781,107.37999725341797,107.38999938964844,70.43280792236328,559100
2010-09-20,107.62000274658203,107.8499984741211,107.4800033569336,107.80999755859375,70.70826721191406,527400
2010-09-21,108.04000091552734,109.2300033569336,107.86000061035156,109.19000244140625,71.61337280273438,625600
2010-09-22,109.66000366210938,109.91000366210938,109.33000183105469,109.33999633789062,71.71172332763672,1046600
2010-09-23,109.58000183105469,109.58000183105469,108.94999694824219,109.26000213623047,71.65925598144531,640000
2010-09-24,108.83000183105469,109.05999755859375,108.68000030517578,108.70999908447266,71.29856872558594,669300
2010-09-27,108.76000213623047,109.12999725341797,108.70999908447266,109.02999877929688,71.50843048095703,767100
2010-09-28,109.29000091552734,109.95999908447266,109.29000091552734,109.79000091552734,72.0068588256836,1024200
2010-09-29,109.69000244140625,109.7300033569336,109.23999786376953,109.30000305175781,71.68550109863281,613500
2010-09-30,109.2699966430664,109.5,108.58000183105469,109.05999755859375,71.52809143066406,1078600
2010-10-01,108.80000305175781,109.25,108.68000030517578,109.22000122070312,71.72181701660156,792800
2010-10-04,109.27999877929688,109.47000122070312,109.06999969482422,109.38999938964844,71.83345031738281,929500
2010-10-05,109.47000122070312,110.12000274658203,109.47000122070312,110.08999633789062,72.29309844970703,751700
2010-10-06,111.19000244140625,111.77999877929688,110.9000015258789,111.05999755859375,72.9300765991211,1123800
2010-10-07,111.0999984741211,111.20999908447266,110.61000061035156,110.80999755859375,72.76590728759766,978300
2010-10-08,111.12000274658203,111.54000091552734,111.05999755859375,111.54000091552734,73.24529266357422,709100
2010-10-11,111.54000091552734,111.72000122070312,111.4000015258789,111.54000091552734,73.24529266357422,447000
2010-10-12,111.5,111.63999938964844,111.05000305175781,111.19999694824219,73.02203369140625,924200
2010-10-13,111.0999984741211,111.87000274658203,111.06999969482422,111.87000274658203,73.46202087402344,671200
2010-10-14,111.91999816894531,112.5,111.91999816894531,112.22000122070312,73.69182586669922,1056900
2010-10-15,111.93000030517578,112.05000305175781,111.4800033569336,111.5,73.21900939941406,865900
2010-10-18,111.73999786376953,111.91000366210938,111.58000183105469,111.75,73.3831787109375,545500
2010-10-19,111.30000305175781,112.05000305175781,111.25,111.80999755859375,73.42257690429688,689300
2010-10-20,111.80999755859375,111.91999816894531,111.62000274658203,111.77999877929688,73.40289306640625,501300
2010-10-21,111.7699966430664,112.04000091552734,111.69999694824219,111.77999877929688,73.40289306640625,546400
2010-10-22,111.5199966430664,111.9000015258789,111.5199966430664,111.80999755859375,73.42257690429688,546800
2010-10-25,112.18000030517578,112.27999877929688,112.05000305175781,112.1500015258789,73.6458740234375,559300
2010-10-26,111.80999755859375,111.88999938964844,111.48999786376953,111.54000091552734,73.24529266357422,856200
2010-10-27,111.12000274658203,111.1500015258789,110.75,110.8499984741211,72.7922134399414,1188200
2010-10-28,111.19999694824219,111.26000213623047,110.91999816894531,111.25,73.05482482910156,743200
2010-10-29,111.48999786376953,111.66999816894531,111.37000274658203,111.62000274658203,73.29783630371094,701200
2010-11-01,111.80000305175781,111.93000030517578,111.31999969482422,111.54000091552734,73.41301727294922,725300
2010-11-02,111.80000305175781,111.94999694824219,111.66000366210938,111.80999755859375,73.5906982421875,538500
2010-11-03,112.2300033569336,112.29000091552734,111.19999694824219,111.61000061035156,73.4591293334961,849900
2010-11-04,112.26000213623047,112.4800033569336,111.66999816894531,111.87999725341797,73.63680267333984,752200
2010-11-05,111.66000366210938,111.7699966430664,111.45999908447266,111.5,73.38668060302734,922500
2010-11-08,111.66000366210938,111.8499984741211,111.47000122070312,111.6500015258789,73.48538208007812,932300
2010-11-09,111.66999816894531,111.79000091552734,110.62000274658203,110.63999938964844,72.82067108154297,931600
2010-11-10,110.75,111.0,109.9000015258789,110.91000366210938,72.99835205078125,964900
2010-11-11,111.11000061035156,111.19000244140625,110.83000183105469,110.91999816894531,73.00489807128906,474700
2010-11-12,110.7300033569336,110.88999938964844,110.0,110.01000213623047,72.406005859375,757400
2010-11-15,109.5999984741211,109.63999938964844,108.5,108.62999725341797,71.49771118164062,1495000
2010-11-16,108.83999633789062,109.04000091552734,108.18000030517578,108.83000183105469,71.6292953491211,1077500
2010-11-17,108.83000183105469,109.1500015258789,108.77999877929688,108.8499984741211,71.64249420166016,684000
2010-11-18,108.95999908447266,109.04000091552734,108.62999725341797,109.02999877929688,71.76094055175781,932000
2010-11-19,109.12000274658203,109.48999786376953,108.9800033569336,109.33999633789062,71.96498107910156,1008800
2010-11-22,109.8499984741211,109.8499984741211,109.5,109.72000122070312,72.21510314941406,684800
2010-11-23,110.12999725341797,110.27999877929688,109.76000213623047,109.76000213623047,72.241455078125,632700
2010-11-24,109.41000366210938,109.54000091552734,109.0199966430664,109.18000030517578,71.85969543457031,756200
2010-11-26,109.5199966430664,109.68000030517578,109.29000091552734,109.5,72.07030487060547,189200
2010-11-29,109.80000305175781,109.88999938964844,109.58000183105469,109.62000274658203,72.14929962158203,1577600
2010-11-30,110.02999877929688,110.08000183105469,109.41999816894531,109.4800033569336,72.05713653564453,669700
2010-12-01,108.91000366210938,108.98999786376953,108.44999694824219,108.58999633789062,71.58841705322266,712400
2010-12-02,108.41000366210938,108.83999633789062,108.37999725341797,108.55000305175781,71.56205749511719,704200
2010-12-03,108.6500015258789,108.83999633789062,108.37999725341797,108.54000091552734,71.55548095703125,629500
2010-12-06,108.63999938964844,109.08000183105469,108.63999938964844,108.97000122070312,71.83894348144531,515500
2010-12-07,108.70999908447266,108.70999908447266,107.69999694824219,107.88999938964844,71.126953125,1152000
2010-12-08,107.5999984741211,107.68000030517578,106.5199966430664,106.83999633789062,70.43477630615234,2058300
2010-12-09,106.94000244140625,107.04000091552734,106.36000061035156,106.70999908447266,70.34904479980469,1335200
2010-12-10,106.38999938964844,106.63999938964844,106.13999938964844,106.19000244140625,70.00621032714844,1369800
2010-12-13,106.22000122070312,106.95999908447266,106.08999633789062,106.83000183105469,70.42813873291016,1860600
2010-12-14,106.48999786376953,106.55999755859375,105.4800033569336,105.80999755859375,69.75569915771484,1637600
2010-12-15,106.0999984741211,106.38999938964844,105.8499984741211,106.13999938964844,69.9732437133789,1312600
2010-12-16,106.37999725341797,106.69999694824219,106.0,106.61000061035156,70.28307342529297,760300
2010-12-17,106.80000305175781,107.52999877929688,106.80000305175781,107.33000183105469,70.75774383544922,639900
2010-12-20,107.41000366210938,107.6500015258789,107.04000091552734,107.31999969482422,70.75116729736328,872700
2010-12-21,107.37000274658203,107.58999633789062,107.0999984741211,107.5,70.86988067626953,599900
2010-12-22,107.37000274658203,107.5,107.18000030517578,107.41999816894531,70.81710052490234,769200
2010-12-23,107.26000213623047,107.4000015258789,107.0,107.0199966430664,70.55339050292969,561600
2010-12-27,107.08999633789062,107.37999725341797,106.8499984741211,107.25,70.70507049560547,383800
2010-12-28,107.05000305175781,107.05000305175781,106.12000274658203,106.19000244140625,70.17831420898438,554800
2010-12-29,106.30000305175781,107.12000274658203,106.0199966430664,106.87999725341797,70.63430786132812,526600
2010-12-30,106.86000061035156,106.91999816894531,106.51000213623047,106.77999877929688,70.56822204589844,429500
2010-12-31,106.95999908447266,107.5199966430664,106.88999938964844,107.5199966430664,71.05730438232422,533400
2011-01-03,106.97000122070312,107.41000366210938,106.7300033569336,107.06999969482422,70.75987243652344,1217300
2011-01-04,107.18000030517578,107.6500015258789,107.13999938964844,107.33999633789062,70.93831634521484,1049900
2011-01-05,107.30000305175781,107.41000366210938,106.69999694824219,106.93000030517578,70.66734313964844,869400
2011-01-06,107.01000213623047,107.33999633789062,106.9000015258789,107.23999786376953,70.87222290039062,827900
2011-01-07,107.41999816894531,107.97000122070312,107.2699966430664,107.58000183105469,71.09690856933594,979300
2011-01-10,107.7300033569336,107.91999816894531,107.62000274658203,107.88999938964844,71.30181121826172,639600
2011-01-11,107.95999908447266,108.0999984741211,107.62000274658203,107.93000030517578,71.3282241821289,567700
2011-01-12,107.51000213623047,108.02999877929688,107.51000213623047,107.9000015258789,71.30838775634766,534300
2011-01-13,107.80999755859375,108.25,107.68000030517578,108.2300033569336,71.5264892578125,858200
2011-01-14,108.30999755859375,108.33999633789062,107.76000213623047,107.76000213623047,71.21590423583984,713500
2011-01-18,107.5999984741211,107.95999908447266,107.41000366210938,107.77999877929688,71.22908782958984,1125500
2011-01-19,107.91999816894531,108.1500015258789,107.77999877929688,107.81999969482422,71.25556182861328,569400
2011-01-20,107.55999755859375,107.5999984741211,106.80000305175781,106.80000305175781,70.58145904541016,793100
2011-01-21,106.87999725341797,107.08000183105469,106.75,107.0,70.71361541748047,537400
2011-01-24,107.06999969482422,107.31999969482422,106.87000274658203,106.93000030517578,70.66734313964844,797300
2011-01-25,106.94000244140625,107.62999725341797,106.93000030517578,107.3499984741211,70.94491577148438,589600
2011-01-26,107.31999969482422,107.33000183105469,106.95999908447266,107.16999816894531,70.82600402832031,652300
2011-01-27,107.06999969482422,107.26000213623047,106.8499984741211,107.0999984741211,70.77972412109375,641700
2011-01-28,106.93000030517578,107.5999984741211,106.80999755859375,107.51000213623047,71.05072021484375,649600
2011-01-31,107.4000015258789,107.70999908447266,107.27999877929688,107.54000091552734,71.07049560546875,798100
2011-02-01,107.18000030517578,107.44000244140625,106.98999786376953,107.27999877929688,71.0069808959961,934500
2011-02-02,107.38999938964844,107.56999969482422,106.83000183105469,106.98999786376953,70.81497955322266,704500
2011-02-03,106.73999786376953,106.80000305175781,106.41999816894531,106.43000030517578,70.44435119628906,826300
2011-02-04,106.30999755859375,106.37000274658203,105.73999786376953,105.83000183105469,70.04722595214844,1221500
2011-02-07,105.70999908447266,105.8499984741211,105.51000213623047,105.80999755859375,70.03397369384766,1016300
2011-02-08,105.83999633789062,105.91000366210938,105.18000030517578,105.26000213623047,69.66990661621094,1186000
2011-02-09,105.36000061035156,105.69999694824219,105.11000061035156,105.55999755859375,69.86848449707031,926200
2011-02-10,105.38999938964844,105.44000244140625,104.9000015258789,104.91000366210938,69.43830108642578,858100
2011-02-11,105.33999633789062,105.52999877929688,105.13999938964844,105.44999694824219,69.79566955566406,688000
2011-02-14,105.37999725341797,105.58000183105469,105.30999755859375,105.52999877929688,69.84867095947266,561400
2011-02-15,105.5,105.72000122070312,105.4000015258789,105.66000366210938,69.93467712402344,898400
2011-02-16,105.69000244140625,105.73999786376953,105.31999969482422,105.51000213623047,69.83538055419922,708700
2011-02-17,105.69000244140625,105.91999816894531,105.43000030517578,105.91000366210938,70.10015869140625,914200
2011-02-18,105.80000305175781,106.45999908447266,105.80000305175781,106.45999908447266,70.46417999267578,869100
2011-02-22,106.91999816894531,107.37999725341797,106.87000274658203,107.30000305175781,71.02017211914062,832000
2011-02-23,107.31999969482422,107.83000183105469,107.30000305175781,107.69000244140625,71.27830505371094,700100
2011-02-24,108.0,108.3499984741211,107.91999816894531,108.08000183105469,71.5364990234375,816200
2011-02-25,108.18000030517578,108.44000244140625,107.97000122070312,108.44000244140625,71.77474212646484,677700
2011-02-28,108.44000244140625,108.44999694824219,108.1500015258789,108.1500015258789,71.58277893066406,821400
2011-03-01,107.79000091552734,108.51000213623047,107.69999694824219,108.5,71.9968490600586,1050500
2011-03-02,108.19999694824219,108.66000366210938,108.18000030517578,108.18000030517578,71.78446960449219,881100
2011-03-03,107.97000122070312,108.06999969482422,107.7699966430664,107.88999938964844,71.59210205078125,666100
2011-03-04,108.0999984741211,108.69000244140625,108.02999877929688,108.61000061035156,72.06983184814453,758700
2011-03-07,108.3499984741211,108.83000183105469,108.12000274658203,108.5199966430664,72.01011657714844,731500
2011-03-08,108.58000183105469,108.70999908447266,108.43000030517578,108.58999633789062,72.05658721923828,866400
2011-03-09,108.6500015258789,108.94000244140625,108.4800033569336,108.73999786376953,72.15609741210938,754300
2011-03-10,108.9000015258789,109.44000244140625,108.80999755859375,109.36000061035156,72.5675277709961,687300
2011-03-11,109.29000091552734,109.3499984741211,109.0,109.18000030517578,72.44806671142578,1253200
2011-03-14,109.12000274658203,109.47000122070312,109.12000274658203,109.33999633789062,72.55426788330078,884100
2011-03-15,109.66000366210938,109.70999908447266,109.26000213623047,109.30999755859375,72.53437805175781,851100
2011-03-16,109.80000305175781,110.5,109.7699966430664,110.08999633789062,73.05191802978516,1425400
2011-03-17,110.08000183105469,110.41000366210938,109.91999816894531,110.30999755859375,73.19792175292969,949700
2011-03-18,110.01000213623047,110.36000061035156,109.98999786376953,110.2300033569336,73.14484405517578,630900
2011-03-21,110.0199966430664,110.05000305175781,109.62999725341797,109.76000213623047,72.83293151855469,1268100
2011-03-22,109.6500015258789,109.6500015258789,109.4000015258789,109.48999786376953,72.65379333496094,545100
2011-03-23,109.80000305175781,109.80000305175781,109.1500015258789,109.30999755859375,72.53437805175781,647700
2011-03-24,109.13999938964844,109.41999816894531,108.98999786376953,109.41000366210938,72.60069274902344,988300
2011-03-25,109.45999908447266,109.62000274658203,108.80999755859375,108.9000015258789,72.26227569580078,764500
2011-03-28,108.87999725341797,109.08999633789062,108.7699966430664,108.95999908447266,72.30207824707031,725900
2011-03-29,108.88999938964844,109.01000213623047,108.56999969482422,108.73999786376953,72.15609741210938,653700
2011-03-30,108.70999908447266,109.13999938964844,108.69999694824219,109.12000274658203,72.4082260131836,709700
2011-03-31,109.45999908447266,109.47000122070312,108.91000366210938,109.16000366210938,72.434814453125,856800
2011-04-01,108.5199966430664,109.05000305175781,108.30999755859375,108.86000061035156,72.62296295166016,905700
2011-04-04,109.16000366210938,109.5,108.9800033569336,109.3499984741211,72.94982147216797,578000
2011-04-05,109.30000305175781,109.3499984741211,109.0999984741211,109.1500015258789,72.8163833618164,895400
2011-04-06,109.0199966430664,109.02999877929688,108.55000305175781,108.55999755859375,72.42278289794922,824100
2011-04-07,108.63999938964844,108.87000274658203,108.45999908447266,108.75,72.5495376586914,761100
2011-04-08,108.62999725341797,109.0999984741211,108.61000061035156,108.9800033569336,72.7029800415039,650300
2011-04-11,109.04000091552734,109.1500015258789,108.88999938964844,108.9000015258789,72.64958190917969,562400
2011-04-12,109.22000122070312,109.62000274658203,109.0,109.44999694824219,73.01654815673828,822400
2011-04-13,109.33000183105469,109.7300033569336,109.20999908447266,109.69000244140625,73.17667388916016,724400
2011-04-14,109.81999969482422,109.81999969482422,109.5,109.55000305175781,73.083251953125,834500
2011-04-15,109.88999938964844,110.3499984741211,109.88999938964844,110.3499984741211,73.616943359375,917500
2011-04-18,110.27999877929688,110.48999786376953,110.0,110.37999725341797,73.63695526123047,911700
2011-04-19,110.48999786376953,110.83000183105469,110.33000183105469,110.7699966430664,73.89710998535156,540800
2011-04-20,110.79000091552734,110.79000091552734,110.30000305175781,110.38999938964844,73.64366149902344,635600
2011-04-21,110.12000274658203,110.41999816894531,110.08000183105469,110.19000244140625,73.51022338867188,618900
2011-04-25,110.41000366210938,110.48999786376953,110.16000366210938,110.48999786376953,73.71035766601562,900600
2011-04-26,110.63999938964844,110.87000274658203,110.44000244140625,110.87000274658203,73.96387481689453,696700
2011-04-27,110.66999816894531,110.75,110.37999725341797,110.5999984741211,73.78374481201172,843900
2011-04-28,110.83999633789062,111.12000274658203,110.7300033569336,110.93000030517578,74.00392150878906,628400
2011-04-29,110.97000122070312,111.30999755859375,110.80999755859375,111.16000366210938,74.15734100341797,933000
2011-05-02,110.68000030517578,110.91000366210938,110.5199966430664,110.75,74.28070831298828,757600
2011-05-03,110.73999786376953,110.93000030517578,110.6500015258789,110.93000030517578,74.40145874023438,823400
2011-05-04,111.12999725341797,111.38999938964844,111.01000213623047,111.02999877929688,74.46849822998047,788000
2011-05-05,111.16000366210938,111.16000366210938,110.69999694824219,110.9000015258789,74.38127899169922,880600
2011-05-06,110.56999969482422,111.16999816894531,110.44999694824219,110.94000244140625,74.408203125,600500
2011-05-09,111.06999969482422,111.18000030517578,110.91999816894531,111.16999816894531,74.56243133544922,596000
2011-05-10,111.0,111.08999633789062,110.83000183105469,110.87000274658203,74.36124420166016,1336700
2011-05-11,110.75,110.91000366210938,110.5199966430664,110.5199966430664,74.1264419555664,695500
2011-05-12,110.58000183105469,110.66000366210938,110.12000274658203,110.38999938964844,74.039306640625,809000
2011-05-13,110.4800033569336,110.4800033569336,110.13999938964844,110.37000274658203,74.02587127685547,1341800
2011-05-16,110.61000061035156,110.61000061035156,110.22000122070312,110.4000015258789,74.04598236083984,637800
2011-05-17,110.12000274658203,110.5,110.12000274658203,110.48999786376953,74.10635375976562,660600
2011-05-18,110.55999755859375,110.66000366210938,110.27999877929688,110.43000030517578,74.0661392211914,926300
2011-05-19,110.19000244140625,110.41000366210938,110.0199966430664,110.13999938964844,73.87158203125,970400
2011-05-20,110.12000274658203,110.19999694824219,109.87000274658203,110.0999984741211,73.8447494506836,731900
2011-05-23,110.18000030517578,110.30999755859375,110.08000183105469,110.11000061035156,73.85147857666016,635900
2011-05-24,110.33000183105469,110.66999816894531,110.33000183105469,110.66999816894531,74.22705841064453,589100
2011-05-25,110.8499984741211,110.8499984741211,110.41999816894531,110.69999694824219,74.2472152709961,583000
2011-05-26,110.83999633789062,111.0,110.73999786376953,110.97000122070312,74.42829895019531,863400
2011-05-27,110.95999908447266,111.1500015258789,110.83999633789062,111.1500015258789,74.54898834228516,504100
2011-05-31,110.87999725341797,111.20999908447266,110.86000061035156,110.86000061035156,74.3544921875,1510100
2011-06-01,110.18000030517578,110.61000061035156,110.06999969482422,110.5999984741211,74.88877868652344,1316400
2011-06-02,110.22000122070312,110.37999725341797,110.0199966430664,110.19999694824219,74.61791229248047,809300
2011-06-03,110.3499984741211,110.5,110.18000030517578,110.37000274658203,74.73301696777344,639600
2011-06-06,110.0999984741211,110.5,110.0999984741211,110.41999816894531,74.76688385009766,608000
2011-06-07,110.4000015258789,110.62999725341797,110.1500015258789,110.58000183105469,74.87521362304688,511100
2011-06-08,110.69999694824219,110.91999816894531,110.51000213623047,110.56999969482422,74.86845397949219,671400
2011-06-09,110.7699966430664,110.83999633789062,110.30000305175781,110.44000244140625,74.78042602539062,621400
2011-06-10,110.54000091552734,110.79000091552734,110.31999969482422,110.4000015258789,74.7533187866211,773600
2011-06-13,110.29000091552734,110.6500015258789,110.25,110.38999938964844,74.74655151367188,554300
2011-06-14,110.19000244140625,110.31999969482422,109.94999694824219,110.08999633789062,74.54340362548828,599400
2011-06-15,110.36000061035156,110.94000244140625,110.33000183105469,110.66000366210938,74.92936706542969,513400
2011-06-16,110.69999694824219,110.94999694824219,110.58000183105469,110.58000183105469,74.87521362304688,498900
2011-06-17,110.41999816894531,110.69000244140625,110.36000061035156,110.5199966430664,74.83456420898438,673200
2011-06-20,110.69000244140625,110.69000244140625,110.12999725341797,110.22000122070312,74.63145446777344,467800
2011-06-21,110.23999786376953,110.58000183105469,110.22000122070312,110.48999786376953,74.81427001953125,590900
2011-06-22,110.58000183105469,110.63999938964844,110.1500015258789,110.23999786376953,74.6449966430664,517100
2011-06-23,110.44000244140625,111.1500015258789,110.44000244140625,111.04000091552734,75.1866455078125,676200
2011-06-24,111.13999938964844,111.62000274658203,111.12000274658203,111.47000122070312,75.47785949707031,556900
2011-06-27,111.51000213623047,111.61000061035156,111.08000183105469,111.29000091552734,75.35597229003906,590100
2011-06-28,111.19999694824219,111.2300033569336,110.68000030517578,110.8499984741211,75.05801391601562,668400
2011-06-29,110.91000366210938,110.98999786376953,110.66000366210938,110.88999938964844,75.0851058959961,669600
2011-06-30,110.94000244140625,111.0,110.30000305175781,110.63999938964844,74.91580963134766,4825300
2011-07-01,110.16999816894531,110.44000244140625,109.6500015258789,110.01000213623047,75.00105285644531,1451600
2011-07-05,110.0199966430664,110.33999633789062,109.98999786376953,110.12999725341797,75.08284759521484,599900
2011-07-06,110.41999816894531,110.55000305175781,110.26000213623047,110.44999694824219,75.30104064941406,896300
2011-07-07,110.30000305175781,110.4800033569336,110.12000274658203,110.41000366210938,75.27375030517578,543400
2011-07-08,110.9000015258789,111.05000305175781,110.77999877929688,110.91000366210938,75.61466217041016,1451300
2011-07-11,111.23999786376953,111.66999816894531,111.06999969482422,111.52999877929688,76.03731536865234,900000
2011-07-12,111.79000091552734,111.9800033569336,111.51000213623047,111.9800033569336,76.34412384033203,711700
2011-07-13,111.93000030517578,112.26000213623047,111.52999877929688,112.19000244140625,76.4873046875,1399100
2011-07-14,111.80000305175781,111.94000244140625,111.43000030517578,111.5199966430664,76.03054809570312,702700
2011-07-15,111.41000366210938,111.98999786376953,111.2699966430664,111.87000274658203,76.26917266845703,934900
2011-07-18,111.94999694824219,112.0,111.69999694824219,111.97000122070312,76.33732604980469,1108200
2011-07-19,112.12000274658203,112.5999984741211,112.06999969482422,112.52999877929688,76.7191162109375,685800
2011-07-20,112.18000030517578,112.20999908447266,110.94000244140625,111.88999938964844,76.28276824951172,811800
2011-07-21,111.58000183105469,111.7699966430664,111.43000030517578,111.66000366210938,76.12599182128906,762500
2011-07-22,111.9800033569336,112.13999938964844,111.75,112.02999877929688,76.37818145751953,433400
2011-07-25,111.48999786376953,112.33000183105469,111.43000030517578,112.1500015258789,76.46006774902344,2195600
2011-07-26,112.25,112.44000244140625,112.1500015258789,112.19000244140625,76.4873046875,838200
2011-07-27,112.05999755859375,112.44999694824219,112.05999755859375,112.4000015258789,76.63047790527344,1217800
2011-07-28,112.58999633789062,112.87000274658203,112.44000244140625,112.86000061035156,76.94406127929688,1250100
2011-07-29,113.29000091552734,114.36000061035156,113.13999938964844,114.16999816894531,77.83719635009766,1316100
2011-08-01,113.63999938964844,114.26000213623047,113.44000244140625,113.9000015258789,78.05030059814453,1461100
2011-08-02,114.30999755859375,114.7699966430664,113.9000015258789,114.6500015258789,78.5642318725586,1112400
2011-08-03,114.72000122070312,115.13999938964844,113.83000183105469,113.94000244140625,78.07774353027344,1435700
2011-08-04,114.11000061035156,115.0,113.63999938964844,114.94000244140625,78.76295471191406,1454100
2011-08-05,114.23999786376953,115.02999877929688,113.62000274658203,113.62999725341797,77.86531066894531,1921600
2011-08-08,113.94000244140625,115.12000274658203,113.79000091552734,115.0,78.8041000366211,3026800
2011-08-09,115.48999786376953,117.18000030517578,114.88999938964844,115.95999908447266,79.4619140625,2672200
2011-08-10,116.94999694824219,118.58999633789062,116.87999725341797,118.0999984741211,80.92835998535156,2136300
2011-08-11,117.30000305175781,117.4000015258789,114.8499984741211,115.63999938964844,79.24264526367188,2414100
2011-08-12,116.11000061035156,116.55000305175781,115.97000122070312,116.30000305175781,79.69490051269531,1359400
2011-08-15,116.2300033569336,116.33000183105469,115.56999969482422,115.70999908447266,79.29059600830078,1247300
2011-08-16,115.54000091552734,116.1500015258789,115.5199966430664,115.97000122070312,79.46878051757812,1114400
2011-08-17,115.98999786376953,116.56999969482422,115.80000305175781,116.56999969482422,79.87993621826172,1002000
2011-08-18,117.0199966430664,117.73999786376953,115.5199966430664,115.68000030517578,79.2700424194336,1371300
2011-08-19,115.70999908447266,116.4800033569336,115.68000030517578,116.06999969482422,79.53731536865234,1790300
2011-08-22,115.97000122070312,116.37999725341797,115.88999938964844,116.04000091552734,79.51673126220703,1382400
2011-08-23,115.93000030517578,116.08999633789062,115.04000091552734,115.31999969482422,79.02340698242188,1287900
2011-08-24,115.12999725341797,115.13999938964844,113.5999984741211,113.62000274658203,77.85848236083984,1760500
2011-08-25,114.02999877929688,114.72000122070312,113.93000030517578,114.51000213623047,78.46833801269531,1262200
2011-08-26,115.05000305175781,115.43000030517578,114.44000244140625,114.8499984741211,78.70130157470703,1665100
2011-08-29,114.27999877929688,114.36000061035156,114.05000305175781,114.16999816894531,78.23532104492188,775000
2011-08-30,114.69000244140625,115.0,114.66000366210938,114.83999633789062,78.69444274902344,1261400
2011-08-31,115.05000305175781,115.05000305175781,114.27999877929688,114.31999969482422,78.33810424804688,1874000
2011-09-01,114.58999633789062,115.73999786376953,114.33999633789062,115.3499984741211,79.05083465576172,2585400
2011-09-02,116.37999725341797,116.69999694824219,116.05000305175781,116.61000061035156,79.91434478759766,1007500
2011-09-06,116.9000015258789,117.06999969482422,115.75,115.91999816894531,79.44147491455078,1110200
2011-09-07,115.75,115.93000030517578,115.33999633789062,115.61000061035156,79.22901916503906,675100
2011-09-08,115.7300033569336,116.3499984741211,115.55000305175781,116.30000305175781,79.7018814086914,610600
2011-09-09,116.22000122070312,116.6500015258789,116.13999938964844,116.44000244140625,79.79780578613281,1157300
2011-09-12,116.37999725341797,116.5199966430664,116.02999877929688,116.04000091552734,79.52372741699219,693100
2011-09-13,116.0,116.06999969482422,115.5199966430664,115.54000091552734,79.18109893798828,597300
2011-09-14,115.2699966430664,115.54000091552734,115.12999725341797,115.4000015258789,79.08511352539062,703900
2011-09-15,115.19000244140625,115.44000244140625,115.05999755859375,115.16999816894531,78.9275131225586,530600
2011-09-16,115.0,115.52999877929688,114.97000122070312,115.20999908447266,78.95490264892578,949000
2011-09-19,115.94000244140625,116.0,115.47000122070312,115.5,79.15364837646484,505000
2011-09-20,115.55000305175781,116.0,115.44000244140625,116.0,79.49630737304688,542400
2011-09-21,116.0,116.62000274658203,115.75,116.19999694824219,79.63336944580078,728900
2011-09-22,116.37999725341797,116.6500015258789,115.80999755859375,115.93000030517578,79.44832611083984,1001700
2011-09-23,115.70999908447266,115.87999725341797,114.87999725341797,115.26000213623047,78.98918151855469,1280800
2011-09-26,115.05999755859375,115.29000091552734,114.56999969482422,114.70999908447266,78.61223602294922,803000
2011-09-27,114.33999633789062,114.91999816894531,114.19000244140625,114.91999816894531,78.7562026977539,4817700
2011-09-28,114.58000183105469,115.06999969482422,114.51000213623047,114.87000274658203,78.72191619873047,790600
2011-09-29,114.8499984741211,115.05999755859375,114.38999938964844,114.51000213623047,78.47518157958984,2919800
2011-09-30,114.91000366210938,115.0199966430664,114.30000305175781,114.30000305175781,78.3312759399414,945600
2011-10-03,114.62999725341797,115.44000244140625,114.48999786376953,115.25,79.10203552246094,2661200
2011-10-04,115.5,115.83000183105469,115.08999633789062,115.33000183105469,79.1569595336914,1700000
2011-10-05,115.55000305175781,115.68000030517578,114.80000305175781,115.25,79.10203552246094,635300
2011-10-06,115.20999908447266,115.3499984741211,115.02999877929688,115.23999786376953,79.09518432617188,1512100
2011-10-07,114.94000244140625,115.27999877929688,114.66999816894531,114.8499984741211,78.82747650146484,976800
2011-10-10,114.79000091552734,114.83000183105469,113.7699966430664,114.05999755859375,78.2852783203125,658600
2011-10-11,114.45999908447266,114.7699966430664,114.19999694824219,114.33000183105469,78.4706039428711,748100
2011-10-12,114.04000091552734,114.16999816894531,113.5,113.8499984741211,78.14115142822266,1126600
2011-10-13,114.04000091552734,114.30000305175781,113.72000122070312,113.91999816894531,78.18917846679688,608700
2011-10-14,113.5,113.91999816894531,113.41000366210938,113.75,78.07252502441406,716000
2011-10-17,113.81999969482422,114.33000183105469,113.81999969482422,114.18000030517578,78.36767578125,545600
2011-10-18,114.44000244140625,114.73999786376953,114.18000030517578,114.7300033569336,78.74510955810547,648900
2011-10-19,114.37000274658203,114.80999755859375,114.18000030517578,114.55000305175781,78.62161254882812,525700
2011-10-20,114.4000015258789,114.93000030517578,114.19999694824219,114.56999969482422,78.63529968261719,599800
2011-10-21,114.56999969482422,115.0,114.44999694824219,114.44999694824219,78.55294036865234,525500
2011-10-24,114.66999816894531,114.9000015258789,114.62999725341797,114.79000091552734,78.78633880615234,636500
2011-10-25,114.66000366210938,115.8499984741211,114.66000366210938,115.81999969482422,79.49327087402344,883700
2011-10-26,115.62999725341797,116.0,115.48999786376953,115.72000122070312,79.4246597290039,711100
2011-10-27,115.19000244140625,115.69999694824219,114.75,115.05999755859375,78.97162628173828,880400
2011-10-28,115.43000030517578,115.5,114.95999908447266,115.45999908447266,79.24613189697266,679100
2011-10-31,116.06999969482422,116.55000305175781,116.02999877929688,116.48999786376953,79.95316314697266,975600
2011-11-01,116.9000015258789,117.55000305175781,116.69999694824219,117.55000305175781,80.9307632446289,1865300
2011-11-02,117.0,117.69999694824219,116.80000305175781,117.58999633789062,80.95830535888672,1203400
2011-11-03,117.2699966430664,117.44999694824219,116.7699966430664,116.7699966430664,80.39373016357422,801900
2011-11-04,117.04000091552734,117.76000213623047,116.97000122070312,117.4000015258789,80.82747650146484,873100
2011-11-07,117.61000061035156,118.31999969482422,117.52999877929688,117.98999786376953,81.2336654663086,620100
2011-11-08,117.87000274658203,118.05000305175781,117.18000030517578,117.20999908447266,80.69666290283203,2446600
2011-11-09,117.88999938964844,118.04000091552734,117.19000244140625,117.19000244140625,80.68291473388672,779700
2011-11-10,117.08999633789062,117.44999694824219,116.87000274658203,117.41999816894531,80.84125518798828,860700
2011-11-11,117.2699966430664,117.2699966430664,116.83999633789062,117.05999755859375,80.59339904785156,557900
2011-11-14,117.29000091552734,117.37999725341797,117.06999969482422,117.22000122070312,80.70352172851562,516500
2011-11-15,117.26000213623047,117.33000183105469,116.41999816894531,116.7699966430664,80.39373016357422,816000
2011-11-16,116.69000244140625,116.69999694824219,116.37000274658203,116.44000244140625,80.16654205322266,655300
2011-11-17,116.0199966430664,116.51000213623047,115.91000366210938,116.43000030517578,80.15965270996094,719100
2011-11-18,116.62000274658203,116.66000366210938,116.30000305175781,116.45999908447266,80.18031311035156,660700
2011-11-21,116.58999633789062,116.9000015258789,116.16000366210938,116.25,80.03573608398438,656800
2011-11-22,116.13999938964844,116.61000061035156,116.11000061035156,116.61000061035156,80.28358459472656,558000
2011-11-23,116.54000091552734,117.19000244140625,116.48999786376953,117.0999984741211,80.62093353271484,774900
2011-11-25,116.87999725341797,116.91000366210938,116.7300033569336,116.7300033569336,80.36624908447266,421900
2011-11-28,116.4800033569336,117.19000244140625,116.47000122070312,117.11000061035156,80.62779998779297,589700
2011-11-29,116.98999786376953,117.38999938964844,116.76000213623047,117.08000183105469,80.60719299316406,1123000
2011-11-30,117.08000183105469,117.26000213623047,116.70999908447266,116.73999786376953,80.37311553955078,869100
2011-12-01,116.5199966430664,116.55999755859375,116.18000030517578,116.45999908447266,80.34619140625,2561600
2011-12-02,116.12999725341797,116.98999786376953,116.12999725341797,116.98999786376953,80.71180725097656,1398300
2011-12-05,116.73999786376953,117.02999877929688,116.25,116.97000122070312,80.69803619384766,976700
2011-12-06,116.62999725341797,116.94999694824219,116.5199966430664,116.68000030517578,80.49797058105469,686200
2011-12-07,116.70999908447266,116.77999877929688,116.43000030517578,116.4800033569336,80.35997772216797,610400
2011-12-08,116.66999816894531,116.87000274658203,116.30000305175781,116.52999877929688,80.39447784423828,508100
2011-12-09,116.37000274658203,116.55000305175781,115.91000366210938,115.91000366210938,79.96671295166016,803600
2011-12-12,116.3499984741211,116.72000122070312,116.2300033569336,116.44999694824219,80.33924865722656,965500
2011-12-13,116.29000091552734,117.0999984741211,116.27999877929688,116.7699966430664,80.56004333496094,478500
2011-12-14,116.8499984741211,117.19000244140625,116.80000305175781,117.0,80.71871185302734,780200
2011-12-15,116.8499984741211,117.19000244140625,116.62000274658203,116.70999908447266,80.51863861083984,646000
2011-12-16,116.69999694824219,117.18000030517578,116.69999694824219,116.97000122070312,80.69803619384766,1066400
2011-12-19,116.91999816894531,117.56999969482422,116.83000183105469,117.44000244140625,81.02229309082031,549300
2011-12-20,117.08000183105469,117.54000091552734,117.06999969482422,117.51000213623047,81.07056427001953,635500
2011-12-21,117.54000091552734,117.75,117.05000305175781,117.05000305175781,80.75322723388672,598200
2011-12-22,117.41000366210938,117.51000213623047,116.87000274658203,116.98999786376953,80.71180725097656,573100
2011-12-23,116.68000030517578,116.95999908447266,116.45999908447266,116.8499984741211,80.6152114868164,675400
2011-12-27,117.08999633789062,117.30000305175781,116.36000061035156,116.52999877929688,80.39447784423828,574300
2011-12-28,116.5999984741211,117.02999877929688,116.5999984741211,116.83000183105469,80.60143280029297,609700
2011-12-29,116.83000183105469,116.91000366210938,116.6500015258789,116.7300033569336,80.53245544433594,605700
2011-12-30,116.80000305175781,117.08999633789062,116.63999938964844,116.69000244140625,80.5048599243164,758400
2012-01-03,116.44000244140625,116.80999755859375,116.4000015258789,116.6500015258789,80.4772720336914,1242000
2012-01-04,116.55000305175781,116.93000030517578,116.51000213623047,116.76000213623047,80.55315399169922,711100
2012-01-05,117.08000183105469,117.37999725341797,116.95999908447266,116.9800033569336,80.70494079589844,2192900
2012-01-06,117.36000061035156,117.55000305175781,117.2699966430664,117.37000274658203,80.97398376464844,614000
2012-01-09,117.33000183105469,117.79000091552734,117.33000183105469,117.48999786376953,81.05677032470703,634900
2012-01-10,117.38999938964844,117.52999877929688,117.02999877929688,117.12999725341797,80.80842590332031,657100
2012-01-11,117.12999725341797,117.44999694824219,117.0,117.43000030517578,81.01535034179688,604900
2012-01-12,117.41999816894531,117.45999908447266,116.98999786376953,117.25,80.8912353515625,754600
2012-01-13,117.62999725341797,117.81999969482422,117.55000305175781,117.58000183105469,81.11890411376953,1052100
2012-01-17,117.69999694824219,117.9000015258789,117.58999633789062,117.69999694824219,81.20166015625,983600
2012-01-18,118.12000274658203,118.12999725341797,117.41999816894531,117.61000061035156,81.13958740234375,732700
2012-01-19,117.36000061035156,117.43000030517578,117.0,117.18000030517578,80.84291076660156,784100
2012-01-20,117.19999694824219,117.23999786376953,116.87000274658203,116.94000244140625,80.67735290527344,662900
2012-01-23,116.5,116.79000091552734,116.48999786376953,116.69999694824219,80.51178741455078,741100
2012-01-24,116.66999816894531,116.87000274658203,116.48999786376953,116.70999908447266,80.51863861083984,805500
2012-01-25,116.83000183105469,117.98999786376953,116.62999725341797,117.61000061035156,81.13958740234375,1116200
2012-01-26,118.37999725341797,118.44000244140625,117.97000122070312,118.1500015258789,81.51213836669922,951500
2012-01-27,118.5,118.52999877929688,118.0,118.4000015258789,81.68460845947266,785300
2012-01-30,118.9000015258789,119.05999755859375,118.69999694824219,118.79000091552734,81.95368194580078,1165800
2012-01-31,118.91999816894531,119.37999725341797,118.83000183105469,119.36000061035156,82.3469009399414,1983500
2012-02-01,119.18000030517578,119.31999969482422,118.86000061035156,119.29000091552734,82.29859924316406,1974200
2012-02-02,119.26000213623047,119.33000183105469,119.05999755859375,119.29000091552734,82.29859924316406,1353100
2012-02-03,118.58000183105469,118.68000030517578,118.16000366210938,118.29000091552734,81.60868072509766,1090000
2012-02-06,118.38999938964844,118.91999816894531,118.2300033569336,118.81999969482422,81.974365234375,1064500
2012-02-07,118.72000122070312,118.79000091552734,118.33000183105469,118.37999725341797,81.6707763671875,1571300
2012-02-08,118.36000061035156,118.58000183105469,118.2300033569336,118.3499984741211,81.65010070800781,1327600
2012-02-09,118.33999633789062,118.33999633789062,117.69000244140625,117.9000015258789,81.33961486816406,1965800
2012-02-10,118.29000091552734,118.58000183105469,118.02999877929688,118.44999694824219,81.71910095214844,600200
2012-02-13,118.30000305175781,118.70999908447266,118.29000091552734,118.69000244140625,81.8846435546875,601500
2012-02-14,118.68000030517578,118.9000015258789,118.54000091552734,118.69000244140625,81.8846435546875,677900
2012-02-15,118.81999969482422,119.05999755859375,118.75,118.91000366210938,82.0364761352539,566500
2012-02-16,118.80999755859375,119.08000183105469,118.33000183105469,118.61000061035156,81.82946014404297,727200
2012-02-17,118.31999969482422,118.62000274658203,118.13999938964844,118.33000183105469,81.63632202148438,653800
2012-02-21,118.45999908447266,118.55000305175781,118.19000244140625,118.26000213623047,81.58802032470703,722500
2012-02-22,118.4800033569336,118.93000030517578,118.43000030517578,118.93000030517578,82.05024719238281,1396200
2012-02-23,118.97000122070312,119.0999984741211,118.83000183105469,118.97000122070312,82.07784271240234,1532500
2012-02-24,118.98999786376953,119.0,118.80000305175781,119.0,82.09857177734375,647600
2012-02-27,119.33999633789062,119.38999938964844,119.01000213623047,119.19000244140625,82.22962188720703,813200
2012-02-28,119.38999938964844,119.44000244140625,119.08999633789062,119.20999908447266,82.24339294433594,1382900
2012-02-29,119.2699966430664,119.31999969482422,118.62999725341797,118.66999816894531,81.87089538574219,2663900
2012-03-01,118.33000183105469,118.48999786376953,118.08999633789062,118.37999725341797,81.6707763671875,3684100
2012-03-02,118.37999725341797,118.62999725341797,118.37000274658203,118.38999938964844,81.67769622802734,656300
2012-03-05,118.55000305175781,118.55000305175781,117.83000183105469,117.8499984741211,81.30516815185547,1089400
2012-03-06,118.05999755859375,118.41000366210938,118.05999755859375,118.19000244140625,81.53968811035156,1576400
2012-03-07,118.4000015258789,118.44999694824219,118.19000244140625,118.44999694824219,81.71910095214844,2018300
2012-03-08,118.3499984741211,118.45999908447266,118.18000030517578,118.4000015258789,81.68460845947266,740500
2012-03-09,118.2699966430664,118.61000061035156,118.11000061035156,118.61000061035156,81.82946014404297,513500
2012-03-12,118.80999755859375,118.81999969482422,118.66999816894531,118.76000213623047,81.9329833984375,450800
2012-03-13,118.69999694824219,118.79000091552734,118.41000366210938,118.47000122070312,81.73286437988281,857500
2012-03-14,118.13999938964844,118.13999938964844,117.26000213623047,117.37000274658203,80.97398376464844,1383500
2012-03-15,117.27999877929688,117.72000122070312,117.27999877929688,117.52999877929688,81.08436584472656,833600
2012-03-16,117.33000183105469,117.73999786376953,117.12999725341797,117.5999984741211,81.13264465332031,824500
2012-03-19,117.44999694824219,117.66999816894531,117.01000213623047,117.29000091552734,80.91880798339844,812300
2012-03-20,117.19999694824219,117.41000366210938,116.87000274658203,117.18000030517578,80.84291076660156,1089600
2012-03-21,117.31999969482422,117.5,117.16000366210938,117.4000015258789,80.99472045898438,635500
2012-03-22,117.5999984741211,117.66000366210938,117.23999786376953,117.52999877929688,81.08436584472656,847600
2012-03-23,117.76000213623047,117.97000122070312,117.5999984741211,117.91000366210938,81.34654235839844,929400
2012-03-26,117.9000015258789,117.9000015258789,117.33000183105469,117.56999969482422,81.11198425292969,1142500
2012-03-27,117.63999938964844,118.05999755859375,117.56999969482422,117.98999786376953,81.4017333984375,1090700
2012-03-28,117.80000305175781,118.08000183105469,117.69999694824219,117.83999633789062,81.2982406616211,529500
2012-03-29,118.11000061035156,118.19999694824219,117.91999816894531,118.04000091552734,81.4361801147461,592500
2012-03-30,118.01000213623047,118.18000030517578,117.4800033569336,117.6500015258789,81.16719818115234,997200
2012-04-02,117.80000305175781,117.9800033569336,117.58999633789062,117.91999816894531,81.57806396484375,1030200
2012-04-03,118.11000061035156,118.36000061035156,117.04000091552734,117.05000305175781,80.97621154785156,1186300
2012-04-04,117.29000091552734,117.44000244140625,116.94999694824219,117.06999969482422,80.99003601074219,619400
2012-04-05,117.43000030517578,117.54000091552734,117.25,117.37999725341797,81.20452880859375,884500
2012-04-09,118.27999877929688,118.29000091552734,117.91000366210938,117.91999816894531,81.57806396484375,3113800
2012-04-10,118.31999969482422,118.7699966430664,118.16000366210938,118.5999984741211,82.04851531982422,904000
2012-04-11,118.41999816894531,118.87000274658203,118.25,118.79000091552734,82.17998504638672,833800
2012-04-12,118.88999938964844,118.91000366210938,118.52999877929688,118.56999969482422,82.02774810791016,1176700
2012-04-13,118.8499984741211,119.12999725341797,118.80999755859375,119.06999969482422,82.37370300292969,526100
2012-04-16,119.0,119.19999694824219,118.88999938964844,119.0,82.32528686523438,709800
2012-04-17,118.9800033569336,119.30999755859375,118.91000366210938,119.26000213623047,82.50511932373047,1584100
2012-04-18,119.16000366210938,119.26000213623047,119.02999877929688,119.12000274658203,82.40825653076172,485500
2012-04-19,119.08999633789062,119.12000274658203,118.80999755859375,118.80999755859375,82.19378662109375,1008000
2012-04-20,118.76000213623047,119.12000274658203,118.68000030517578,119.11000061035156,82.40135192871094,1013200
2012-04-23,119.4000015258789,119.41999816894531,119.20999908447266,119.23999786376953,82.49128723144531,493700
2012-04-24,119.2699966430664,119.4000015258789,119.19999694824219,119.2699966430664,82.51203155517578,669800
2012-04-25,118.98999786376953,119.26000213623047,118.81999969482422,119.22000122070312,82.47747039794922,721600
2012-04-26,119.37000274658203,119.66999816894531,119.31999969482422,119.66999816894531,82.78873443603516,1195800
2012-04-27,119.62999725341797,119.7699966430664,119.41999816894531,119.55000305175781,82.70572662353516,858600
2012-04-30,119.52999877929688,119.69000244140625,119.41999816894531,119.41999816894531,82.61581420898438,1005600
2012-05-01,119.23999786376953,119.33999633789062,118.86000061035156,119.04000091552734,82.64775085449219,1679000
2012-05-02,119.2300033569336,119.30000305175781,119.0999984741211,119.16999816894531,82.73804473876953,766700
2012-05-03,119.12999725341797,119.36000061035156,119.0199966430664,119.0199966430664,82.63385009765625,565100
2012-05-04,119.16000366210938,119.29000091552734,118.94999694824219,119.2699966430664,82.80740356445312,534900
2012-05-07,119.33999633789062,119.43000030517578,119.22000122070312,119.26000213623047,82.80049896240234,545000
2012-05-08,119.54000091552734,119.66999816894531,119.41999816894531,119.4800033569336,82.95323944091797,776200
2012-05-09,119.80000305175781,119.87999725341797,119.2699966430664,119.33999633789062,82.8560562133789,783100
2012-05-10,119.20999908447266,119.3499984741211,119.0999984741211,119.31999969482422,82.84217834472656,492400
2012-05-11,119.47000122070312,119.5,119.30000305175781,119.37999725341797,82.88381958007812,837300
2012-05-14,119.55000305175781,119.94000244140625,119.54000091552734,119.94000244140625,83.27259826660156,1140500
2012-05-15,119.94000244140625,120.11000061035156,119.79000091552734,120.08000183105469,83.36983489990234,921900
2012-05-16,119.77999877929688,119.95999908447266,119.69999694824219,119.83999633789062,83.2032241821289,1052700
2012-05-17,119.5999984741211,120.54000091552734,119.55000305175781,120.2300033569336,83.47396087646484,1004500
2012-05-18,120.1500015258789,121.0,120.06999969482422,120.51000213623047,83.66832733154297,853300
2012-05-21,120.4800033569336,120.9000015258789,120.41999816894531,120.66999816894531,83.7794418334961,763800
2012-05-22,120.54000091552734,120.55000305175781,120.29000091552734,120.41999816894531,83.60588073730469,702400
2012-05-23,120.54000091552734,120.68000030517578,120.41999816894531,120.43000030517578,83.61279296875,611000
2012-05-24,120.29000091552734,120.41999816894531,120.16999816894531,120.26000213623047,83.4947738647461,532300
2012-05-25,120.2699966430664,120.41999816894531,120.25,120.37999725341797,83.57808685302734,549400
2012-05-29,120.38999938964844,120.38999938964844,119.9800033569336,120.02999877929688,83.33506774902344,662200
2012-05-30,120.33000183105469,120.7699966430664,120.25,120.7300033569336,83.82111358642578,1540800
2012-05-31,120.83999633789062,121.43000030517578,120.83999633789062,121.30999755859375,84.22374725341797,1411200
2012-06-01,120.63999938964844,121.41000366210938,120.62000274658203,121.01000213623047,84.57604217529297,3270200
2012-06-04,120.86000061035156,121.08000183105469,120.66000366210938,120.77999877929688,84.41527557373047,1643400
2012-06-05,120.73999786376953,121.0,120.58999633789062,120.68000030517578,84.34540557861328,1289400
2012-06-06,120.94000244140625,120.94999694824219,120.08000183105469,120.11000061035156,83.94699096679688,6265800
2012-06-07,120.06999969482422,120.4000015258789,119.9800033569336,120.08999633789062,83.93303680419922,875900
2012-06-08,120.51000213623047,120.58999633789062,119.95999908447266,120.18000030517578,83.99594116210938,1036400
2012-06-11,119.97000122070312,120.44000244140625,119.91000366210938,120.16999816894531,83.98895263671875,573100
2012-06-12,120.0,120.2300033569336,119.76000213623047,119.91000366210938,83.80721282958984,463000
2012-06-13,120.04000091552734,120.31999969482422,119.86000061035156,120.18000030517578,83.99594116210938,563800
2012-06-14,120.20999908447266,120.27999877929688,119.81999969482422,120.0199966430664,83.88410186767578,1362700
2012-06-15,120.37000274658203,120.79000091552734,120.37000274658203,120.77999877929688,84.41527557373047,614000
2012-06-18,120.7699966430664,120.83999633789062,120.48999786376953,120.72000122070312,84.37332916259766,1141100
2012-06-19,120.41999816894531,120.62999725341797,120.29000091552734,120.58999633789062,84.282470703125,665700
2012-06-20,120.47000122070312,120.80000305175781,120.20999908447266,120.43000030517578,84.170654296875,749100
2012-06-21,120.30000305175781,120.36000061035156,119.88999938964844,119.91999816894531,83.814208984375,1465000
2012-06-22,119.66000366210938,119.76000213623047,119.33999633789062,119.33999633789062,83.40884399414062,1224600
2012-06-25,119.69999694824219,119.91999816894531,119.66999816894531,119.88999938964844,83.79328918457031,713400
2012-06-26,119.6500015258789,119.91999816894531,119.55000305175781,119.80999755859375,83.73733520507812,891100
2012-06-27,119.91000366210938,120.0,119.76000213623047,119.93000030517578,83.82121276855469,637700
2012-06-28,120.08999633789062,120.2699966430664,119.87000274658203,119.9800033569336,83.8561782836914,1219400
2012-06-29,119.55999755859375,119.72000122070312,119.19999694824219,119.69999694824219,83.66045379638672,1011000
2012-07-02,119.43000030517578,119.88999938964844,119.4000015258789,119.5999984741211,83.83850860595703,3269400
2012-07-03,119.61000061035156,119.83000183105469,119.61000061035156,119.80999755859375,83.9856948852539,620000
2012-07-05,119.80000305175781,120.19000244140625,119.80000305175781,120.06999969482422,84.16793823242188,717400
2012-07-06,120.30000305175781,120.4000015258789,120.11000061035156,120.25,84.2941665649414,502100
2012-07-09,120.38999938964844,120.61000061035156,120.33000183105469,120.4800033569336,84.45539093017578,1305300
2012-07-10,120.62000274658203,120.9800033569336,120.55000305175781,120.79000091552734,84.67267608642578,498500
2012-07-11,120.83999633789062,121.02999877929688,120.66000366210938,120.66999816894531,84.58856201171875,432600
2012-07-12,120.88999938964844,120.91999816894531,120.75,120.91000366210938,84.75680541992188,430200
2012-07-13,120.80999755859375,121.0,120.58000183105469,120.97000122070312,84.79886627197266,430600
2012-07-16,121.16000366210938,121.45999908447266,121.11000061035156,121.11000061035156,84.89698028564453,485200
2012-07-17,121.0999984741211,121.1500015258789,120.70999908447266,120.94999694824219,84.78483581542969,713200
2012-07-18,121.11000061035156,121.11000061035156,120.94999694824219,120.9800033569336,84.80586242675781,446800
2012-07-19,120.88999938964844,121.11000061035156,120.80000305175781,121.08999633789062,84.88298034667969,400800
2012-07-20,121.29000091552734,121.55999755859375,121.25,121.47000122070312,85.14934539794922,424900
2012-07-23,121.5999984741211,121.62999725341797,121.36000061035156,121.37000274658203,85.07923126220703,428300
2012-07-24,121.2300033569336,121.5199966430664,121.22000122070312,121.44000244140625,85.12832641601562,497300
2012-07-25,121.44000244140625,121.52999877929688,121.1500015258789,121.30999755859375,85.03717803955078,1313200
2012-07-26,121.06999969482422,121.26000213623047,120.86000061035156,121.13999938964844,84.91801452636719,637800
2012-07-27,120.93000030517578,120.94999694824219,120.2699966430664,120.79000091552734,84.67267608642578,657200
2012-07-30,120.70999908447266,121.19999694824219,120.69000244140625,121.12999725341797,84.9110107421875,592800
2012-07-31,121.44999694824219,121.5199966430664,121.18000030517578,121.44000244140625,85.12832641601562,614700
2012-08-01,121.37000274658203,121.73999786376953,121.27999877929688,121.48999786376953,85.16338348388672,806900
2012-08-02,121.80000305175781,121.97000122070312,121.41000366210938,121.47000122070312,85.14934539794922,523200
2012-08-03,121.13999938964844,121.26000213623047,120.87999725341797,121.25,84.99512481689453,548800
2012-08-06,121.3499984741211,121.55999755859375,121.25,121.33000183105469,85.05123138427734,340700
2012-08-07,121.05999755859375,121.0999984741211,120.94000244140625,121.06999969482422,84.86896514892578,1396000
2012-08-08,121.0199966430664,121.08000183105469,120.62000274658203,120.70999908447266,84.61661529541016,1390400
2012-08-09,120.63999938964844,120.70999908447266,120.30000305175781,120.4800033569336,84.45539093017578,509200
2012-08-10,120.5999984741211,120.66999816894531,120.5,120.55999755859375,84.511474609375,415700
2012-08-13,120.77999877929688,120.8499984741211,120.4000015258789,120.4000015258789,84.3992919921875,339700
2012-08-14,120.11000061035156,120.2300033569336,119.87000274658203,119.87000274658203,84.02778625488281,514400
2012-08-15,119.37000274658203,119.45999908447266,118.91000366210938,118.9800033569336,83.40389251708984,876600
2012-08-16,119.0,119.20999908447266,118.56999969482422,118.69000244140625,83.20059967041016,1660700
2012-08-17,118.68000030517578,118.98999786376953,118.68000030517578,118.8499984741211,83.31277465820312,1491500
2012-08-20,118.7300033569336,118.94000244140625,118.7300033569336,118.79000091552734,83.27069854736328,730400
2012-08-21,118.66000366210938,118.94000244140625,118.43000030517578,118.87000274658203,83.3267593383789,616300
2012-08-22,119.26000213623047,119.93000030517578,119.26000213623047,119.83999633789062,84.00670623779297,551400
2012-08-23,120.33000183105469,120.5,120.19999694824219,120.4000015258789,84.3992919921875,784400
2012-08-24,120.55999755859375,120.66999816894531,120.30000305175781,120.37999725341797,84.38526916503906,1581300
2012-08-27,120.61000061035156,120.80999755859375,120.58000183105469,120.7699966430664,84.6586685180664,491300
2012-08-28,120.95999908447266,121.20999908447266,120.87999725341797,121.08000183105469,84.87594604492188,476700
2012-08-29,120.98999786376953,120.98999786376953,120.5999984741211,120.66999816894531,84.58856201171875,636300
2012-08-30,120.9000015258789,120.94999694824219,120.5,120.58000183105469,84.52545928955078,950200
2012-08-31,120.33000183105469,121.16999816894531,120.33000183105469,121.13999938964844,84.91801452636719,1460500
2012-09-04,121.0,121.23999786376953,120.87000274658203,120.9800033569336,84.80586242675781,1809600
2012-09-05,120.98999786376953,121.22000122070312,120.95999908447266,121.18000030517578,84.946044921875,1653300
2012-09-06,120.80000305175781,120.9000015258789,120.5199966430664,120.5199966430664,84.48341369628906,1033500
2012-09-07,121.23999786376953,121.41000366210938,120.91000366210938,120.91000366210938,84.75680541992188,795700
2012-09-10,121.0999984741211,121.33000183105469,120.95999908447266,121.22000122070312,84.97412109375,880100
2012-09-11,121.0999984741211,121.25,120.95999908447266,121.0999984741211,84.88997650146484,702700
2012-09-12,120.7300033569336,120.83999633789062,120.4000015258789,120.51000213623047,84.47644805908203,769800
2012-09-13,120.70999908447266,121.62000274658203,120.27999877929688,121.5199966430664,85.18440246582031,1288500
2012-09-14,122.26000213623047,122.3499984741211,121.0,121.93000030517578,85.47180938720703,1306700
2012-09-17,121.80000305175781,122.19999694824219,121.63999938964844,121.81999969482422,85.39471435546875,1963100
2012-09-18,121.76000213623047,121.93000030517578,121.63999938964844,121.66000366210938,85.28258514404297,1245100
2012-09-19,121.70999908447266,121.97000122070312,121.58000183105469,121.80999755859375,85.38766479492188,612300
2012-09-20,122.12999725341797,122.25,121.2300033569336,121.4000015258789,85.10028839111328,1310800
2012-09-21,121.30999755859375,121.5,121.23999786376953,121.5,85.17034149169922,876200
2012-09-24,121.5199966430664,121.73999786376953,121.36000061035156,121.41999816894531,85.11432647705078,816700
2012-09-25,121.62000274658203,121.68000030517578,121.41999816894531,121.58000183105469,85.22644805908203,1157200
2012-09-26,121.9000015258789,122.0,121.75,121.86000061035156,85.42277526855469,843900
2012-09-27,121.83999633789062,122.16000366210938,121.69999694824219,121.83999633789062,85.40870666503906,928600
2012-09-28,121.9800033569336,122.08000183105469,121.62000274658203,121.76000213623047,85.35265350341797,1538500
2012-10-01,121.87000274658203,122.04000091552734,121.61000061035156,122.0,85.52085876464844,1715000
2012-10-02,121.73999786376953,122.52999877929688,121.73999786376953,122.5,85.87132263183594,849300
2012-10-03,122.44999694824219,122.75,122.44999694824219,122.62999725341797,85.96248626708984,6434400
2012-10-04,122.69000244140625,123.0,122.62000274658203,122.80999755859375,86.08869171142578,457700
2012-10-05,122.69999694824219,122.81999969482422,122.41999816894531,122.55999755859375,85.91343688964844,1001200
2012-10-08,122.58000183105469,122.94000244140625,122.58000183105469,122.8499984741211,86.1167221069336,492000
2012-10-09,122.62999725341797,123.13999938964844,122.4800033569336,122.54000091552734,85.89937591552734,685400
2012-10-10,122.27999877929688,122.47000122070312,122.12000274658203,122.41000366210938,85.80826568603516,654900
2012-10-11,122.1500015258789,122.38999938964844,122.06999969482422,122.30000305175781,85.73118591308594,497700
2012-10-12,122.41000366210938,122.54000091552734,122.11000061035156,122.19999694824219,85.66105651855469,893200
2012-10-15,122.26000213623047,122.41999816894531,122.12999725341797,122.19000244140625,85.65403747558594,460400
2012-10-16,122.06999969482422,122.12999725341797,121.62000274658203,121.66999816894531,85.28950500488281,660700
2012-10-17,121.41000366210938,121.55999755859375,121.16999816894531,121.30999755859375,85.03717803955078,573900
2012-10-18,121.16999816894531,121.47000122070312,121.08999633789062,121.30000305175781,85.03021240234375,483300
2012-10-19,121.37999725341797,121.95999908447266,121.37999725341797,121.70999908447266,85.31761169433594,566400
2012-10-22,121.69000244140625,121.81999969482422,121.5,121.51000213623047,85.17740631103516,410800
2012-10-23,121.70999908447266,121.97000122070312,121.69000244140625,121.7699966430664,85.35963439941406,566600
2012-10-24,121.73999786376953,121.7699966430664,121.52999877929688,121.58000183105469,85.22644805908203,507800
2012-10-25,121.13999938964844,121.36000061035156,121.0,121.22000122070312,84.97412109375,417100
2012-10-26,121.4800033569336,121.81999969482422,121.4800033569336,121.81999969482422,85.39471435546875,436900
2012-10-31,122.0199966430664,122.58000183105469,122.0,122.5199966430664,85.88542175292969,947500
2012-11-01,122.0199966430664,122.2699966430664,122.0,122.08999633789062,85.78843688964844,2064900
2012-11-02,121.77999877929688,122.11000061035156,121.7699966430664,122.0199966430664,85.73919677734375,826100
2012-11-05,122.0,122.25,121.98999786376953,122.18000030517578,85.85163879394531,980300
2012-11-06,122.18000030517578,122.18000030517578,121.7699966430664,121.86000061035156,85.62683868408203,447000
2012-11-07,122.58000183105469,122.69999694824219,122.3499984741211,122.55999755859375,86.11870574951172,610200
2012-11-08,122.5999984741211,123.23999786376953,122.47000122070312,123.22000122070312,86.58247375488281,1113400
2012-11-09,123.0199966430664,123.12999725341797,122.68000030517578,122.7699966430664,86.2662582397461,1660000
2012-11-12,122.7699966430664,123.13999938964844,122.7699966430664,123.0999984741211,86.49812316894531,812400
2012-11-13,123.01000213623047,123.0999984741211,122.79000091552734,122.95999908447266,86.39974212646484,1520000
2012-11-14,122.48999786376953,122.87000274658203,122.43000030517578,122.83999633789062,86.3154296875,538800
2012-11-15,122.68000030517578,122.83000183105469,122.5199966430664,122.75,86.25222778320312,672300
2012-11-16,122.51000213623047,122.9800033569336,122.5,122.83000183105469,86.30841064453125,581200
2012-11-19,122.44000244140625,122.69999694824219,122.44000244140625,122.5999984741211,86.14677429199219,1234000
2012-11-20,122.30999755859375,122.5199966430664,122.20999908447266,122.25,85.90083312988281,1320500
2012-11-21,122.08000183105469,122.0999984741211,121.88999938964844,121.95999908447266,85.69709014892578,448800
2012-11-23,122.08999633789062,122.0999984741211,121.86000061035156,121.87000274658203,85.63385772705078,681200
2012-11-26,122.0999984741211,122.4000015258789,122.0999984741211,122.20999908447266,85.87271118164062,548600
2012-11-27,122.22000122070312,122.33999633789062,122.1500015258789,122.20999908447266,85.87271118164062,824200
2012-11-28,122.55000305175781,122.5999984741211,122.37999725341797,122.5,86.07649230957031,1119400
2012-11-29,122.44000244140625,122.7300033569336,122.37999725341797,122.72000122070312,86.23110961914062,541100
2012-11-30,122.86000061035156,123.05000305175781,122.7300033569336,122.91000366210938,86.36459350585938,670900
2012-12-03,122.37999725341797,122.80000305175781,122.30999755859375,122.79000091552734,86.6220932006836,2222000
2012-12-04,122.5999984741211,122.9000015258789,122.5999984741211,122.83000183105469,86.65029907226562,1463300
2012-12-05,122.91999816894531,123.08999633789062,122.86000061035156,123.05000305175781,86.80549621582031,1839500
2012-12-06,123.1500015258789,123.44000244140625,123.1500015258789,123.30000305175781,86.98189544677734,550900
2012-12-07,123.19000244140625,123.27999877929688,123.05000305175781,123.1500015258789,86.87606811523438,532500
2012-12-10,123.19000244140625,123.30999755859375,123.0999984741211,123.30000305175781,86.98189544677734,1448100
2012-12-11,123.08999633789062,123.19999694824219,122.9000015258789,122.94000244140625,86.72791290283203,1500300
2012-12-12,123.05000305175781,123.16999816894531,122.55999755859375,122.55999755859375,86.4598617553711,964200
2012-12-13,122.30000305175781,122.5,122.05000305175781,122.22000122070312,86.22000885009766,2336300
2012-12-14,122.0999984741211,122.43000030517578,122.0999984741211,122.3499984741211,86.31169128417969,437300
2012-12-17,122.4000015258789,122.4000015258789,121.77999877929688,121.88999938964844,85.98723602294922,788900
2012-12-18,121.80999755859375,121.81999969482422,121.33999633789062,121.54000091552734,85.74028778076172,2142200
2012-12-19,121.5999984741211,121.97000122070312,121.55999755859375,121.63999938964844,85.81082916259766,1212000
2012-12-20,121.66999816894531,121.91999816894531,121.6500015258789,121.69999694824219,85.8531723022461,1556300
2012-12-21,121.94000244140625,122.19000244140625,121.91000366210938,122.04000091552734,86.09300994873047,2052300
2012-12-24,122.05999755859375,122.08999633789062,121.83000183105469,121.9000015258789,85.99424743652344,531100
2012-12-26,121.88999938964844,122.19000244140625,121.88999938964844,122.05000305175781,86.10641479492188,1440800
2012-12-27,121.94999694824219,122.43000030517578,121.94999694824219,122.19000244140625,86.2051773071289,1164300
2012-12-28,122.19999694824219,122.4000015258789,122.06999969482422,122.1500015258789,86.17697143554688,752900
2012-12-31,121.94999694824219,121.98999786376953,121.20999908447266,121.41000366210938,85.65492248535156,1517900
2013-01-02,121.16999816894531,121.36000061035156,121.12999725341797,121.33999633789062,85.60550689697266,2805000
2013-01-03,121.19000244140625,121.26000213623047,120.37999725341797,120.51000213623047,85.01998901367188,3622300
2013-01-04,120.37999725341797,120.5,120.16999816894531,120.45999908447266,84.98468017578125,940600
2013-01-07,120.51000213623047,120.94999694824219,120.48999786376953,120.87000274658203,85.27391052246094,1237600
2013-01-08,120.9800033569336,121.16000366210938,120.9800033569336,121.04000091552734,85.39386749267578,899300
2013-01-09,121.05000305175781,121.38999938964844,121.05000305175781,121.26000213623047,85.54911041259766,692300
2013-01-10,121.18000030517578,121.26000213623047,121.02999877929688,121.1500015258789,85.47148895263672,1017900
2013-01-11,120.94000244140625,121.26000213623047,120.83000183105469,121.26000213623047,85.54911041259766,691100
2013-01-14,121.33000183105469,121.3499984741211,121.1500015258789,121.30000305175781,85.5772933959961,709200
2013-01-15,121.43000030517578,121.5999984741211,121.37000274658203,121.37999725341797,85.63372802734375,654100
2013-01-16,121.37999725341797,121.45999908447266,121.26000213623047,121.3499984741211,85.61256408691406,968600
2013-01-17,121.19999694824219,121.20999908447266,121.0,121.13999938964844,85.46441650390625,596900
2013-01-18,121.16999816894531,121.37999725341797,121.13999938964844,121.33999633789062,85.60550689697266,892000
2013-01-22,121.12999725341797,121.41999816894531,121.11000061035156,121.31999969482422,85.59144592285156,634700
2013-01-23,121.37999725341797,121.5,121.31999969482422,121.33999633789062,85.60550689697266,1156300
2013-01-24,121.30000305175781,121.37999725341797,121.0199966430664,121.2699966430664,85.55611419677734,947300
2013-01-25,121.0,121.05000305175781,120.62999725341797,120.76000213623047,85.19637298583984,1141600
2013-01-28,120.37999725341797,120.5999984741211,120.33000183105469,120.5999984741211,85.08346557617188,1373900
2013-01-29,120.62999725341797,120.73999786376953,120.36000061035156,120.37999725341797,84.9282455444336,807100
2013-01-30,120.26000213623047,120.5,120.12000274658203,120.41999816894531,84.95646667480469,1540300
2013-01-31,120.55999755859375,120.86000061035156,120.44000244140625,120.77999877929688,85.21044158935547,1657800
2013-02-01,121.05000305175781,121.1500015258789,120.18000030517578,120.19000244140625,84.79420471191406,4125100
2013-02-04,120.58999633789062,121.01000213623047,120.58999633789062,120.97000122070312,85.3445053100586,2899100
2013-02-05,120.55999755859375,120.62999725341797,120.44000244140625,120.62000274658203,85.09754943847656,978800
2013-02-06,120.68000030517578,120.83999633789062,120.58999633789062,120.76000213623047,85.19637298583984,3383300
2013-02-07,120.6500015258789,121.02999877929688,120.6500015258789,120.6500015258789,85.11872100830078,826400
2013-02-08,120.70999908447266,120.7300033569336,120.41000366210938,120.61000061035156,85.09051513671875,1400100
2013-02-11,120.48999786376953,120.69000244140625,120.48999786376953,120.5199966430664,85.02702331542969,733600
2013-02-12,120.4000015258789,120.58999633789062,120.37000274658203,120.51000213623047,85.01998901367188,749900
2013-02-13,120.18000030517578,120.33000183105469,120.04000091552734,120.16999816894531,84.78010559082031,1108600
2013-02-14,120.33000183105469,120.5,120.19999694824219,120.37999725341797,84.9282455444336,633400
2013-02-15,120.12999725341797,120.19999694824219,119.9000015258789,120.05000305175781,84.6954116821289,917900
2013-02-19,120.19000244140625,120.23999786376953,119.95999908447266,119.98999786376953,84.6530532836914,1096300
2013-02-20,119.91999816894531,120.2300033569336,119.88999938964844,120.0199966430664,84.6742172241211,1117900
2013-02-21,120.18000030517578,120.29000091552734,120.06999969482422,120.16999816894531,84.78010559082031,1253000
2013-02-22,120.30999755859375,120.47000122070312,120.30000305175781,120.43000030517578,84.96351623535156,758900
2013-02-25,120.19000244140625,121.05000305175781,120.16999816894531,121.02999877929688,85.3868179321289,770200
2013-02-26,120.76000213623047,121.05999755859375,120.70999908447266,120.73999786376953,85.18220520019531,768900
2013-02-27,121.05999755859375,121.05999755859375,120.66000366210938,120.73999786376953,85.18220520019531,1033200
2013-02-28,120.80999755859375,121.01000213623047,120.77999877929688,121.01000213623047,85.37267303466797,1255100
2013-03-01,120.94000244140625,121.5199966430664,120.91999816894531,121.5199966430664,85.7325210571289,4043700
2013-03-04,121.20999908447266,121.30000305175781,121.08999633789062,121.13999938964844,85.46441650390625,964500
2013-03-05,121.06999969482422,121.18000030517578,120.9800033569336,121.11000061035156,85.4432601928711,3379200
2013-03-06,120.87000274658203,120.9800033569336,120.75,120.83999633789062,85.25276184082031,665000
2013-03-07,120.56999969482422,120.62000274658203,120.3499984741211,120.38999938964844,84.935302734375,594000
2013-03-08,120.01000213623047,120.22000122070312,119.88999938964844,120.0,84.66015625,2900200
2013-03-11,120.02999877929688,120.1500015258789,119.93000030517578,119.94000244140625,84.61785125732422,1062100
2013-03-12,120.16999816894531,120.27999877929688,120.12000274658203,120.16000366210938,84.77301788330078,1150700
2013-03-13,120.0199966430664,120.2699966430664,120.0,120.19000244140625,84.79420471191406,961900
2013-03-14,120.06999969482422,120.51000213623047,120.05000305175781,120.4000015258789,84.94237518310547,900500
2013-03-15,120.38999938964844,120.61000061035156,120.37999725341797,120.55999755859375,85.05528259277344,741800
2013-03-18,120.8499984741211,120.95999908447266,120.7699966430664,120.81999969482422,85.23863983154297,829400
2013-03-19,120.94999694824219,121.12999725341797,120.91000366210938,120.94000244140625,85.32337951660156,701600
2013-03-20,120.79000091552734,120.87999725341797,120.55000305175781,120.5999984741211,85.08346557617188,1002900
2013-03-21,120.75,120.81999969482422,120.61000061035156,120.66000366210938,85.12578582763672,701000
2013-03-22,120.79000091552734,120.94000244140625,120.5999984741211,120.87000274658203,85.27391052246094,1041300
2013-03-25,120.77999877929688,121.04000091552734,120.70999908447266,120.87999725341797,85.281005859375,639400
2013-03-26,120.7300033569336,120.95999908447266,120.62000274658203,120.94999694824219,85.33035278320312,666000
2013-03-27,121.22000122070312,121.37999725341797,121.0999984741211,121.31999969482422,85.59144592285156,636400
2013-03-28,121.22000122070312,121.29000091552734,121.05000305175781,121.2699966430664,85.55611419677734,1139100
2013-04-01,121.0199966430664,121.41000366210938,121.0199966430664,121.23999786376953,85.59144592285156,4659200
2013-04-02,121.30000305175781,121.36000061035156,121.05999755859375,121.18000030517578,85.5490951538086,1313900
2013-04-03,121.27999877929688,121.62000274658203,121.26000213623047,121.48999786376953,85.76795196533203,803300
2013-04-04,121.62000274658203,122.08000183105469,121.62000274658203,122.05999755859375,86.17032623291016,2745400
2013-04-05,122.69000244140625,122.80999755859375,122.5,122.56999969482422,86.53036499023438,886300
2013-04-08,122.5999984741211,122.69000244140625,122.01000213623047,122.02999877929688,86.1491470336914,874800
2013-04-09,122.12999725341797,122.2300033569336,121.80999755859375,121.91999816894531,86.0715103149414,1076200
2013-04-10,121.68000030517578,121.69000244140625,121.16000366210938,121.23999786376953,85.59144592285156,976600
2013-04-11,121.44000244140625,121.66999816894531,121.38999938964844,121.58000183105469,85.83145904541016,714000
2013-04-12,122.05000305175781,122.18000030517578,121.94000244140625,122.08000183105469,86.1844711303711,614400
2013-04-15,122.0,122.13999938964844,121.91999816894531,122.05999755859375,86.17032623291016,1087400
2013-04-16,121.69999694824219,121.94000244140625,121.69000244140625,121.8499984741211,86.0220718383789,585400
2013-04-17,121.77999877929688,121.94000244140625,121.63999938964844,121.83000183105469,86.00796508789062,621000
2013-04-18,121.81999969482422,121.91000366210938,120.9000015258789,120.9800033569336,85.40791320800781,912100
2013-04-19,121.26000213623047,121.56999969482422,121.19000244140625,121.44999694824219,85.73971557617188,870600
2013-04-22,121.73999786376953,121.80000305175781,121.61000061035156,121.7699966430664,85.96556854248047,596300
2013-04-23,121.86000061035156,122.19999694824219,121.7300033569336,121.83000183105469,86.00796508789062,550300
2013-04-24,121.76000213623047,122.04000091552734,121.76000213623047,122.01000213623047,86.13502502441406,488400
2013-04-25,122.02999877929688,122.19999694824219,122.02999877929688,122.0999984741211,86.1985855102539,872300
2013-04-26,122.38999938964844,122.58000183105469,122.38999938964844,122.55000305175781,86.51622009277344,809900
2013-04-29,122.56999969482422,122.62999725341797,122.22000122070312,122.22000122070312,86.28327178955078,660600
2013-04-30,122.2300033569336,122.36000061035156,121.94000244140625,122.1500015258789,86.23385620117188,678300
2013-05-01,121.91000366210938,121.91000366210938,121.58999633789062,121.80999755859375,86.21334838867188,2321400
2013-05-02,121.56999969482422,121.69999694824219,121.52999877929688,121.68000030517578,86.12133026123047,506600
2013-05-03,121.23999786376953,121.29000091552734,120.75,120.8499984741211,85.53388214111328,1425800
2013-05-06,120.9000015258789,120.9000015258789,120.5199966430664,120.66999816894531,85.406494140625,821100
2013-05-07,120.55000305175781,120.69000244140625,120.52999877929688,120.66000366210938,85.3994140625,768300
2013-05-08,120.45999908447266,120.5199966430664,120.33999633789062,120.4000015258789,85.21540069580078,782600
2013-05-09,120.55999755859375,120.5999984741211,120.33999633789062,120.3499984741211,85.17998504638672,679800
2013-05-10,120.20999908447266,120.25,119.69000244140625,120.01000213623047,84.93936157226562,654500
2013-05-13,119.7699966430664,119.86000061035156,119.62000274658203,119.6500015258789,84.68453216552734,834400
2013-05-14,119.72000122070312,119.80000305175781,119.13999938964844,119.13999938964844,84.3236083984375,965800
2013-05-15,119.25,119.3499984741211,118.94000244140625,119.18000030517578,84.3519287109375,985700
2013-05-16,119.0999984741211,119.6500015258789,119.08000183105469,119.5199966430664,84.59256744384766,1047300
2013-05-17,119.33000183105469,119.33000183105469,118.9000015258789,118.91999816894531,84.1678695678711,835400
2013-05-20,118.94000244140625,119.04000091552734,118.72000122070312,118.88999938964844,84.14666748046875,1281000
2013-05-21,118.80999755859375,119.18000030517578,118.58999633789062,119.13999938964844,84.3236083984375,1008300
2013-05-22,119.1500015258789,119.44999694824219,118.02999877929688,118.06999969482422,83.56629943847656,1543400
2013-05-23,118.37000274658203,118.44999694824219,117.69000244140625,118.0999984741211,83.5875244140625,1696500
2013-05-24,118.18000030517578,118.37999725341797,118.11000061035156,118.19999694824219,83.65830993652344,792300
2013-05-28,118.12000274658203,118.19000244140625,117.12999725341797,117.12999725341797,82.90099334716797,1264300
2013-05-29,117.20999908447266,117.4000015258789,116.8499984741211,117.05000305175781,82.84432983398438,1974600
2013-05-30,117.11000061035156,117.19999694824219,116.48999786376953,116.62000274658203,82.54004669189453,1562800
2013-05-31,116.81999969482422,116.9000015258789,116.01000213623047,116.7300033569336,82.6178970336914,3125700
2013-06-03,115.91000366210938,116.75,115.5,116.33000183105469,82.54193878173828,5215700
2013-06-04,116.18000030517578,116.51000213623047,116.05999755859375,116.11000061035156,82.38587188720703,1703000
2013-06-05,116.33999633789062,116.41000366210938,116.13999938964844,116.25,82.4852523803711,1543700
2013-06-06,115.69000244140625,116.3499984741211,115.61000061035156,116.12000274658203,82.3929443359375,1286700
2013-06-07,115.69999694824219,115.94000244140625,115.3499984741211,115.44000244140625,81.91046905517578,1275200
2013-06-10,115.18000030517578,115.43000030517578,114.5999984741211,114.63999938964844,81.3427963256836,2052200
2013-06-11,113.87000274658203,114.58999633789062,113.79000091552734,114.58000183105469,81.30023956298828,2558500
2013-06-12,114.41000366210938,114.61000061035156,113.66999816894531,113.69999694824219,80.67587280273438,2283100
2013-06-13,113.9800033569336,114.58999633789062,113.5199966430664,114.56999969482422,81.29317474365234,2234400
2013-06-14,114.9800033569336,114.9800033569336,114.47000122070312,114.47000122070312,81.22217559814453,1083500
2013-06-17,114.62000274658203,114.70999908447266,114.0,114.0999984741211,80.95964813232422,1590000
2013-06-18,114.0999984741211,114.61000061035156,114.0999984741211,114.41000366210938,81.17958068847656,1267100
2013-06-19,114.70999908447266,114.83999633789062,112.8499984741211,112.88999938964844,80.10108947753906,2040800
2013-06-20,112.47000122070312,112.6500015258789,111.26000213623047,111.75,79.29225158691406,3001500
2013-06-21,111.55000305175781,111.73999786376953,110.43000030517578,110.44000244140625,78.36270141601562,2374200
2013-06-24,108.91999816894531,110.33999633789062,108.80999755859375,110.0199966430664,78.0646743774414,3696700
2013-06-25,110.30000305175781,110.58000183105469,110.05000305175781,110.20999908447266,78.19952392578125,1629600
2013-06-26,110.80999755859375,111.0,110.47000122070312,110.70999908447266,78.55430603027344,1148400
2013-06-27,111.26000213623047,111.94999694824219,111.26000213623047,111.62999725341797,79.20709228515625,1227000
2013-06-28,111.25,112.01000213623047,111.08000183105469,112.01000213623047,79.47673797607422,1407800
2013-07-01,111.37000274658203,112.06999969482422,111.3499984741211,112.0199966430664,79.58967590332031,1048000
2013-07-02,112.22000122070312,112.62999725341797,112.22000122070312,112.37999725341797,79.8454360961914,909700
2013-07-03,112.48999786376953,112.69000244140625,112.12999725341797,112.16999816894531,79.69621276855469,772700
2013-07-05,111.0199966430664,111.20999908447266,110.61000061035156,110.63999938964844,78.60921478271484,1234200
2013-07-08,110.95999908447266,111.45999908447266,110.95999908447266,111.33999633789062,79.10649108886719,1845500
2013-07-09,111.55999755859375,111.55999755859375,111.25,111.29000091552734,79.0710220336914,921900
2013-07-10,111.30000305175781,111.4800033569336,110.88999938964844,110.91000366210938,78.80101776123047,1062800
2013-07-11,111.72000122070312,111.86000061035156,111.1500015258789,111.68000030517578,79.34815979003906,1469400
2013-07-12,112.05999755859375,112.20999908447266,111.56999969482422,111.72000122070312,79.37652587890625,830800
2013-07-15,111.83999633789062,112.30999755859375,111.83999633789062,112.26000213623047,79.76021575927734,810600
2013-07-16,112.48999786376953,112.77999877929688,112.41999816894531,112.70999908447266,80.07988739013672,814600
2013-07-17,113.08000183105469,113.33000183105469,112.9000015258789,113.0199966430664,80.3001708984375,615400
2013-07-18,112.7300033569336,112.83999633789062,112.37999725341797,112.61000061035156,80.00885772705078,795800
2013-07-19,112.94999694824219,113.4800033569336,112.94000244140625,113.41999816894531,80.58436584472656,641200
2013-07-22,113.5199966430664,113.55000305175781,113.31999969482422,113.37999725341797,80.55596923828125,639500
2013-07-23,113.12000274658203,113.18000030517578,112.87999725341797,113.12000274658203,80.3711929321289,719700
2013-07-24,112.3499984741211,112.44999694824219,111.83999633789062,112.19999694824219,79.71756744384766,753000
2013-07-25,112.01000213623047,112.37000274658203,111.83000183105469,112.26000213623047,79.76021575927734,850600
2013-07-26,112.37000274658203,112.4800033569336,112.19000244140625,112.29000091552734,79.78150939941406,1068200
2013-07-29,112.12000274658203,112.25,112.05000305175781,112.20999908447266,79.72466278076172,694000
2013-07-30,112.30000305175781,112.4000015258789,112.08000183105469,112.16000366210938,79.6891098022461,692900
2013-07-31,111.70999908447266,112.87000274658203,111.62000274658203,112.87000274658203,80.193603515625,1334900
2013-08-01,112.3499984741211,112.41999816894531,111.91000366210938,112.01000213623047,79.63196563720703,1367000
2013-08-02,112.38999938964844,112.62999725341797,112.23999786376953,112.58000183105469,80.0372085571289,768200
2013-08-05,112.47000122070312,112.61000061035156,112.31999969482422,112.58999633789062,80.04428100585938,626300
2013-08-06,112.87999725341797,112.87999725341797,112.62000274658203,112.86000061035156,80.23627471923828,614000
2013-08-07,113.0,113.23999786376953,112.94000244140625,113.12999725341797,80.4281997680664,762700
2013-08-08,113.11000061035156,113.48999786376953,113.11000061035156,113.25,80.51348876953125,573100
2013-08-09,113.12999725341797,113.41999816894531,113.12000274658203,113.36000061035156,80.59173583984375,419500
2013-08-12,113.66000366210938,113.66000366210938,113.0,113.05999755859375,80.37842559814453,557500
2013-08-13,112.66999816894531,112.66999816894531,112.04000091552734,112.06999969482422,79.67460632324219,699500
2013-08-14,111.87999725341797,112.11000061035156,111.80999755859375,111.83000183105469,79.50396728515625,685700
2013-08-15,111.01000213623047,111.31999969482422,110.80999755859375,111.02999877929688,78.93527221679688,929100
2013-08-16,110.94999694824219,111.02999877929688,110.18000030517578,110.51000213623047,78.56553649902344,940700
2013-08-19,110.16999816894531,110.26000213623047,109.76000213623047,109.8499984741211,78.09628295898438,912100
2013-08-20,110.22000122070312,110.58999633789062,110.1500015258789,110.52999877929688,78.57975769042969,719400
2013-08-21,110.36000061035156,110.62999725341797,109.75,109.75,78.02525329589844,959800
2013-08-22,109.61000061035156,109.80999755859375,109.41000366210938,109.80000305175781,78.0607681274414,1111600
2013-08-23,109.93000030517578,110.62000274658203,109.75,110.56999969482422,78.60820007324219,617600
2013-08-26,110.80000305175781,111.05000305175781,110.75,110.95999908447266,78.88546752929688,484700
2013-08-27,111.41000366210938,111.73999786376953,111.3499984741211,111.63999938964844,79.36890411376953,564300
2013-08-28,111.41999816894531,111.43000030517578,111.06999969482422,111.2300033569336,79.0774154663086,474000
2013-08-29,110.83000183105469,111.30999755859375,110.77999877929688,111.08000183105469,78.97077941894531,661000
2013-08-30,111.16999816894531,111.27999877929688,110.58999633789062,110.73999786376953,78.72904968261719,1035000
2013-09-03,110.18000030517578,110.2699966430664,109.68000030517578,110.05999755859375,78.3184585571289,1211300
2013-09-04,110.16000366210938,110.16000366210938,109.44999694824219,109.5,77.91996765136719,783900
2013-09-05,109.3499984741211,109.3499984741211,108.62999725341797,108.70999908447266,77.35784149169922,976500
2013-09-06,109.20999908447266,109.56999969482422,109.05999755859375,109.16000366210938,77.67803955078125,567300
2013-09-09,109.55999755859375,109.66999816894531,109.33000183105469,109.36000061035156,77.82035064697266,652000
2013-09-10,109.05999755859375,109.47000122070312,109.02999877929688,109.18000030517578,77.69223022460938,762400
2013-09-11,109.4800033569336,109.86000061035156,109.37000274658203,109.80000305175781,78.13345336914062,754600
2013-09-12,110.2300033569336,110.25,109.70999908447266,109.8499984741211,78.16899871826172,946300
2013-09-13,109.76000213623047,109.93000030517578,109.63999938964844,109.83999633789062,78.16192626953125,868100
2013-09-16,110.70999908447266,110.73999786376953,110.06999969482422,110.13999938964844,78.37541198730469,519400
2013-09-17,110.58000183105469,110.62000274658203,110.36000061035156,110.56999969482422,78.6813735961914,554400
2013-09-18,110.44999694824219,112.27999877929688,110.19000244140625,112.04000091552734,79.7274398803711,859900
2013-09-19,112.0999984741211,112.12999725341797,111.55999755859375,111.68000030517578,79.47126007080078,778200
2013-09-20,111.69999694824219,112.1500015258789,111.58000183105469,111.98999786376953,79.69184112548828,470900
2013-09-23,112.27999877929688,112.43000030517578,112.12000274658203,112.37999725341797,79.9693832397461,703900
2013-09-24,112.47000122070312,112.4800033569336,112.29000091552734,112.4000015258789,79.98359680175781,559100
2013-09-25,112.41000366210938,112.55999755859375,112.20999908447266,112.5,80.05477905273438,459000
2013-09-26,112.30999755859375,112.41999816894531,112.16000366210938,112.33999633789062,79.9408950805664,449900
2013-09-27,112.5,112.55999755859375,112.31999969482422,112.37000274658203,79.9622573852539,360400
2013-09-30,112.4000015258789,112.58000183105469,112.0999984741211,112.58000183105469,80.11174011230469,1100100
2013-10-01,112.51000213623047,112.5199966430664,112.2699966430664,112.38999938964844,80.00989532470703,1383500
2013-10-02,112.62999725341797,112.76000213623047,112.47000122070312,112.56999969482422,80.1380386352539,423700
2013-10-03,112.56999969482422,112.8499984741211,112.43000030517578,112.6500015258789,80.19499206542969,480300
2013-10-04,112.5999984741211,112.5999984741211,112.33000183105469,112.41000366210938,80.02413940429688,377300
2013-10-07,112.69000244140625,112.75,112.4800033569336,112.52999877929688,80.10955810546875,405300
2013-10-08,112.5199966430664,112.62000274658203,112.2300033569336,112.2300033569336,79.89601135253906,614800
2013-10-09,112.54000091552734,112.54000091552734,112.16000366210938,112.23999786376953,79.90309143066406,859000
2013-10-10,112.08000183105469,112.25,111.97000122070312,112.1500015258789,79.83905792236328,516000
2013-10-11,112.30999755859375,112.45999908447266,112.12999725341797,112.12999725341797,79.82479095458984,641600
2013-10-14,112.08999633789062,112.19999694824219,111.61000061035156,111.63999938964844,79.47598266601562,303800
2013-10-15,112.05000305175781,112.11000061035156,111.80000305175781,111.86000061035156,79.63259887695312,517700
2013-10-16,111.69999694824219,112.23999786376953,111.63999938964844,112.08999633789062,79.79631805419922,493600
2013-10-17,112.6500015258789,112.66000366210938,112.41000366210938,112.52999877929688,80.10955810546875,503600
2013-10-18,112.72000122070312,112.76000213623047,112.58999633789062,112.69000244140625,80.22344970703125,493500
2013-10-21,112.62999725341797,112.66000366210938,112.5,112.5999984741211,80.15937042236328,391100
2013-10-22,113.12000274658203,113.19000244140625,112.9800033569336,113.16999816894531,80.56513214111328,484300
2013-10-23,113.29000091552734,113.41999816894531,113.11000061035156,113.12000274658203,80.52958679199219,369100
2013-10-24,113.20999908447266,113.25,112.9000015258789,113.16000366210938,80.55806732177734,435300
2013-10-25,113.37999725341797,113.45999908447266,113.26000213623047,113.41000366210938,80.73603057861328,538800
2013-10-28,113.3499984741211,113.5,113.33000183105469,113.36000061035156,80.70045471191406,385300
2013-10-29,113.20999908447266,113.38999938964844,113.20999908447266,113.29000091552734,80.65058135986328,409400
2013-10-30,113.31999969482422,113.54000091552734,113.04000091552734,113.13999938964844,80.5438232421875,476600
2013-10-31,113.41000366210938,113.41999816894531,112.80000305175781,112.91999816894531,80.3872299194336,1095000
2013-11-01,112.52999877929688,112.63999938964844,112.01000213623047,112.04000091552734,79.84414672851562,951100
2013-11-04,112.22000122070312,112.2699966430664,112.08000183105469,112.0999984741211,79.8869400024414,586000
2013-11-05,111.8499984741211,111.93000030517578,111.61000061035156,111.66000366210938,79.5733642578125,506200
2013-11-06,112.05000305175781,112.38999938964844,112.02999877929688,112.30000305175781,80.02944946289062,723800
2013-11-07,112.44999694824219,112.62999725341797,112.33000183105469,112.44999694824219,80.13636016845703,524400
2013-11-08,111.58999633789062,111.6500015258789,111.36000061035156,111.48999786376953,79.45218658447266,653800
2013-11-11,111.54000091552734,111.54000091552734,111.27999877929688,111.27999877929688,79.30255889892578,809100
2013-11-12,111.5199966430664,111.52999877929688,111.30000305175781,111.33999633789062,79.34532928466797,751500
2013-11-13,111.7300033569336,111.75,111.5,111.52999877929688,79.4806900024414,413100
2013-11-14,111.75,112.20999908447266,111.73999786376953,112.13999938964844,79.91544342041016,415200
2013-11-15,112.25,112.25,111.97000122070312,112.19000244140625,79.95105743408203,565800
2013-11-18,112.20999908447266,112.48999786376953,112.12000274658203,112.48999786376953,80.16484832763672,413100
2013-11-19,112.2300033569336,112.29000091552734,111.94999694824219,112.05000305175781,79.85128021240234,531900
2013-11-20,111.87999725341797,112.05000305175781,111.22000122070312,111.36000061035156,79.35957336425781,748000
2013-11-21,111.08999633789062,111.5999984741211,110.87000274658203,111.55000305175781,79.49497985839844,814500
2013-11-22,111.80000305175781,111.97000122070312,111.7300033569336,111.86000061035156,79.71590423583984,465500
2013-11-25,111.91999816894531,112.06999969482422,111.79000091552734,111.93000030517578,79.76577758789062,372400
2013-11-26,112.05999755859375,112.12000274658203,111.91999816894531,111.91999816894531,79.75865173339844,418700
2013-11-27,111.83000183105469,111.87000274658203,111.44000244140625,111.69999694824219,79.60187530517578,333800
2013-11-29,111.58000183105469,111.69999694824219,111.45999908447266,111.61000061035156,79.53775787353516,584300
2013-12-02,111.4000015258789,111.41999816894531,110.9800033569336,111.02999877929688,79.1882553100586,550300
2013-12-03,111.25,111.27999877929688,111.05000305175781,111.08999633789062,79.23104095458984,670700
2013-12-04,110.66000366210938,110.7300033569336,110.38999938964844,110.47000122070312,78.78886413574219,670300
2013-12-05,110.43000030517578,110.51000213623047,110.22000122070312,110.33999633789062,78.69612121582031,680900
2013-12-06,110.38999938964844,110.5,110.11000061035156,110.33000183105469,78.68901062011719,809600
2013-12-09,110.41000366210938,110.5199966430664,110.29000091552734,110.41999816894531,78.7531967163086,581700
2013-12-10,110.79000091552734,110.83999633789062,110.4800033569336,110.70999908447266,78.96006774902344,1088900
2013-12-11,110.66999816894531,110.77999877929688,110.47000122070312,110.52999877929688,78.8316421508789,1103600
2013-12-12,110.41999816894531,110.44999694824219,110.18000030517578,110.22000122070312,78.61053466796875,754900
2013-12-13,110.43000030517578,110.55000305175781,110.36000061035156,110.54000091552734,78.83880615234375,557200
2013-12-16,110.88999938964844,110.88999938964844,110.51000213623047,110.62000274658203,78.89585876464844,563500
2013-12-17,110.63999938964844,110.94999694824219,110.5999984741211,110.94999694824219,79.13124084472656,1164000
2013-12-18,110.63999938964844,110.95999908447266,110.31999969482422,110.45999908447266,78.78172302246094,1143500
2013-12-19,110.2300033569336,110.30000305175781,110.01000213623047,110.05000305175781,78.48931884765625,855300
2013-12-20,110.38999938964844,110.47000122070312,110.13999938964844,110.41999816894531,78.7531967163086,783000
2013-12-23,110.37000274658203,110.4000015258789,110.16999816894531,110.2300033569336,78.61769104003906,579700
2013-12-24,110.04000091552734,110.08999633789062,109.86000061035156,109.86000061035156,78.35379028320312,297600
2013-12-26,109.80999755859375,109.88999938964844,109.72000122070312,109.80999755859375,78.31813049316406,470300
2013-12-27,109.86000061035156,109.98999786376953,109.73999786376953,109.75,78.2753677368164,466500
2013-12-30,109.9800033569336,110.18000030517578,109.9000015258789,110.05999755859375,78.4964370727539,633200
2013-12-31,110.0199966430664,110.08999633789062,109.68000030517578,109.9000015258789,78.38233947753906,1010000
2014-01-02,109.98999786376953,110.37000274658203,109.94999694824219,110.26000213623047,78.6390609741211,681500
2014-01-03,110.1500015258789,110.41000366210938,110.1500015258789,110.20999908447266,78.60343170166016,389700
2014-01-06,110.33000183105469,110.69999694824219,110.31999969482422,110.58000183105469,78.8673095703125,1406700
2014-01-07,110.55999755859375,110.68000030517578,110.45999908447266,110.5999984741211,78.88155364990234,392600
2014-01-08,110.37999725341797,110.55000305175781,110.33000183105469,110.52999877929688,78.8316421508789,386500
2014-01-09,110.69999694824219,110.97000122070312,110.62999725341797,110.94999694824219,79.13124084472656,740000
2014-01-10,111.4000015258789,111.58000183105469,111.33000183105469,111.54000091552734,79.5520248413086,1542300
2014-01-13,111.48999786376953,111.70999908447266,111.44999694824219,111.58999633789062,79.58766174316406,650000
2014-01-14,111.41000366210938,111.5199966430664,111.16999816894531,111.20999908447266,79.31661224365234,586300
2014-01-15,111.0199966430664,111.22000122070312,110.97000122070312,111.11000061035156,79.24529266357422,809800
2014-01-16,111.27999877929688,111.4000015258789,111.13999938964844,111.19999694824219,79.30949401855469,506900
2014-01-17,111.19999694824219,111.41000366210938,111.05000305175781,111.41000366210938,79.45928192138672,392900
2014-01-21,111.26000213623047,111.37999725341797,111.0999984741211,111.19999694824219,79.30949401855469,1651400
2014-01-22,111.01000213623047,111.19999694824219,110.97000122070312,111.01000213623047,79.17398071289062,1110400
2014-01-23,111.29000091552734,111.6500015258789,111.27999877929688,111.48999786376953,79.51630401611328,669100
2014-01-24,111.6500015258789,111.81999969482422,111.55000305175781,111.80999755859375,79.74459075927734,780000
2014-01-27,111.81999969482422,111.87999725341797,111.41999816894531,111.41999816894531,79.46640014648438,1517800
2014-01-28,111.61000061035156,111.63999938964844,111.43000030517578,111.63999938964844,79.62334442138672,770700
2014-01-29,111.81999969482422,112.13999938964844,111.66999816894531,112.05999755859375,79.92289733886719,633400
2014-01-30,111.83000183105469,112.05000305175781,111.80000305175781,111.98999786376953,79.87293243408203,472400
2014-01-31,112.18000030517578,112.2699966430664,112.05999755859375,112.20999908447266,80.02981567382812,737000
2014-02-03,112.25,112.87999725341797,112.13999938964844,112.87000274658203,80.50061798095703,670600
2014-02-04,112.55999755859375,112.55999755859375,112.2300033569336,112.37999725341797,80.15108489990234,1405400
2014-02-05,112.27999877929688,112.30000305175781,111.86000061035156,111.88999938964844,79.80162048339844,796300
2014-02-06,111.87000274658203,111.91000366210938,111.70999908447266,111.91000366210938,79.81588745117188,353100
2014-02-07,112.0199966430664,112.3499984741211,111.97000122070312,112.2300033569336,80.04411315917969,495500
2014-02-10,112.19000244140625,112.37999725341797,112.11000061035156,112.33000183105469,80.11542510986328,411100
2014-02-11,112.04000091552734,112.12999725341797,111.87999725341797,111.97000122070312,79.85867309570312,1149300
2014-02-12,111.81999969482422,111.87999725341797,111.5999984741211,111.69000244140625,79.65898132324219,409000
2014-02-13,111.94000244140625,112.11000061035156,111.87999725341797,112.06999969482422,79.92998504638672,375700
2014-02-14,111.95999908447266,112.0,111.75,111.83999633789062,79.76595306396484,336700
2014-02-18,111.94999694824219,112.2300033569336,111.91999816894531,112.05000305175781,79.91571807861328,401700
2014-02-19,112.20999908447266,112.20999908447266,111.73999786376953,111.83000183105469,79.75881958007812,500400
2014-02-20,111.68000030517578,111.83000183105469,111.37000274658203,111.48999786376953,79.51630401611328,512600
2014-02-21,111.45999908447266,111.73999786376953,111.45999908447266,111.69000244140625,79.65898132324219,292000
2014-02-24,111.73999786376953,111.80999755859375,111.55999755859375,111.69000244140625,79.65898132324219,354800
2014-02-25,111.87999725341797,112.12999725341797,111.87999725341797,112.12000274658203,79.96568298339844,328700
2014-02-26,112.13999938964844,112.41999816894531,112.08000183105469,112.37999725341797,80.15108489990234,366100
2014-02-27,112.5,112.66000366210938,112.41999816894531,112.54000091552734,80.26519012451172,317300
2014-02-28,112.4800033569336,112.76000213623047,112.29000091552734,112.69999694824219,80.37936401367188,928000
2014-03-03,112.94000244140625,113.25,112.93000030517578,113.22000122070312,80.75019073486328,7719800
2014-03-04,112.81999969482422,112.81999969482422,112.45999908447266,112.48999786376953,80.22954559326172,933100
2014-03-05,112.41999816894531,112.66000366210938,112.33000183105469,112.6500015258789,80.34368133544922,1138100
2014-03-06,112.2300033569336,112.5,112.19999694824219,112.37000274658203,80.14396667480469,308800
2014-03-07,112.05999755859375,112.22000122070312,112.01000213623047,112.12999725341797,79.97283172607422,426400
2014-03-10,112.11000061035156,112.22000122070312,112.06999969482422,112.18000030517578,80.00845336914062,358600
2014-03-11,112.08000183105469,112.2300033569336,112.0,112.1500015258789,79.98706817626953,510000
2014-03-12,112.37000274658203,112.54000091552734,112.2699966430664,112.38999938964844,80.15824127197266,435500
2014-03-13,112.1500015258789,112.87000274658203,112.08999633789062,112.8499984741211,80.4863510131836,543000
2014-03-14,112.9800033569336,113.04000091552734,112.7300033569336,112.83000183105469,80.47207641601562,391100
2014-03-17,112.66999816894531,112.75,112.52999877929688,112.56999969482422,80.28658294677734,430500
2014-03-18,112.58999633789062,112.79000091552734,112.5,112.79000091552734,80.44351959228516,542200
2014-03-19,112.62000274658203,112.70999908447266,111.66000366210938,111.75,79.7017822265625,560100
2014-03-20,111.44000244140625,111.4800033569336,111.31999969482422,111.4000015258789,79.45215606689453,643100
2014-03-21,111.55000305175781,111.86000061035156,111.52999877929688,111.81999969482422,79.75171661376953,300500
2014-03-24,111.6500015258789,112.05999755859375,111.62999725341797,111.95999908447266,79.8515396118164,352200
2014-03-25,111.9000015258789,112.0,111.80000305175781,111.93000030517578,79.83014678955078,369700
2014-03-26,111.94999694824219,112.31999969482422,111.93000030517578,112.31999969482422,80.10833740234375,376300
2014-03-27,112.29000091552734,112.54000091552734,112.22000122070312,112.36000061035156,80.1368408203125,230500
2014-03-28,112.41999816894531,112.41999816894531,111.95999908447266,112.08000183105469,79.93714141845703,303400
2014-03-31,111.81999969482422,112.0999984741211,111.76000213623047,112.0999984741211,79.95140838623047,407700
2014-04-01,111.91000366210938,111.93000030517578,111.69000244140625,111.70999908447266,79.6732406616211,6684900
2014-04-02,111.48999786376953,111.63999938964844,111.4000015258789,111.45999908447266,79.49494171142578,867400
2014-04-03,111.55000305175781,111.7300033569336,111.52999877929688,111.58999633789062,79.58766174316406,1901600
2014-04-04,111.80000305175781,112.19999694824219,111.80000305175781,112.0999984741211,79.95140838623047,410200
2014-04-07,112.23999786376953,112.44999694824219,112.19999694824219,112.2699966430664,80.07261657714844,583400
2014-04-08,112.23999786376953,112.38999938964844,112.05999755859375,112.33000183105469,80.11542510986328,337900
2014-04-09,112.08000183105469,112.5,112.08000183105469,112.41000366210938,80.1725082397461,347200
2014-04-10,112.48999786376953,113.0199966430664,112.48999786376953,112.80000305175781,80.45068359375,428700
2014-04-11,113.13999938964844,113.19999694824219,112.94999694824219,113.08999633789062,80.65750122070312,509800
2014-04-14,112.98999786376953,113.05999755859375,112.83000183105469,112.87000274658203,80.50061798095703,244600
2014-04-15,112.95999908447266,113.30000305175781,112.88999938964844,113.1500015258789,80.7002944946289,324500
2014-04-16,112.94999694824219,113.30000305175781,112.94000244140625,113.22000122070312,80.75019073486328,359500
2014-04-17,113.27999877929688,113.33000183105469,112.91999816894531,113.08000183105469,80.65034484863281,688900
2014-04-21,113.16000366210938,113.38999938964844,113.04000091552734,113.08000183105469,80.65034484863281,321500
2014-04-22,112.86000061035156,113.1500015258789,112.8499984741211,113.08000183105469,80.65034484863281,324000
2014-04-23,113.37000274658203,113.51000213623047,113.26000213623047,113.43000030517578,80.89998626708984,868400
2014-04-24,113.37000274658203,113.54000091552734,113.29000091552734,113.5,80.9499282836914,617000
2014-04-25,113.61000061035156,113.8499984741211,113.51000213623047,113.55000305175781,80.98560333251953,259000
2014-04-28,113.4800033569336,113.52999877929688,113.18000030517578,113.20999908447266,80.74307250976562,297600
2014-04-29,112.97000122070312,113.18000030517578,112.91000366210938,113.13999938964844,80.69310760498047,372200
2014-04-30,113.26000213623047,113.58999633789062,113.12000274658203,113.58000183105469,81.0069808959961,757000
2014-05-01,113.41999816894531,113.87999725341797,113.4000015258789,113.7300033569336,81.29859161376953,559700
2014-05-02,113.5199966430664,114.16000366210938,113.44000244140625,114.02999877929688,81.5130615234375,1284500
2014-05-05,114.11000061035156,114.12999725341797,113.7300033569336,113.79000091552734,81.34150695800781,332900
2014-05-06,113.94000244140625,113.94000244140625,113.69999694824219,113.75,81.31292724609375,583700
2014-05-07,113.7699966430664,113.91000366210938,113.5999984741211,113.81999969482422,81.36294555664062,274900
2014-05-08,113.8499984741211,114.11000061035156,113.75,113.9800033569336,81.47731018066406,283300
2014-05-09,113.87000274658203,114.0,113.80999755859375,113.91000366210938,81.42730712890625,230600
2014-05-12,113.81999969482422,113.81999969482422,113.47000122070312,113.5999984741211,81.2056884765625,817700
2014-05-13,113.7699966430664,113.88999938964844,113.6500015258789,113.88999938964844,81.41295623779297,475500
2014-05-14,114.27999877929688,114.69000244140625,114.27999877929688,114.54000091552734,81.87760925292969,267600
2014-05-15,114.81999969482422,115.23999786376953,114.81999969482422,115.06999969482422,82.25651550292969,568100
2014-05-16,115.13999938964844,115.25,114.94000244140625,114.94999694824219,82.17072296142578,573500
2014-05-19,115.11000061035156,115.1500015258789,114.58000183105469,114.61000061035156,81.92768859863281,503700
2014-05-20,114.62000274658203,114.91999816894531,114.51000213623047,114.83000183105469,82.08491516113281,434800
2014-05-21,114.69999694824219,114.77999877929688,114.55000305175781,114.76000213623047,82.03492736816406,410300
2014-05-22,114.6500015258789,115.0,114.56999969482422,114.94000244140625,82.16355895996094,396300
2014-05-23,115.12000274658203,115.30000305175781,115.05999755859375,115.20999908447266,82.3565902709961,426200
2014-05-27,115.19999694824219,115.30000305175781,114.9800033569336,115.27999877929688,82.40660095214844,538700
2014-05-28,115.55999755859375,115.94999694824219,115.55999755859375,115.91000366210938,82.85694885253906,366600
2014-05-29,115.94999694824219,116.33999633789062,115.8499984741211,115.86000061035156,82.82122039794922,329800
2014-05-30,115.7300033569336,115.83000183105469,115.58000183105469,115.58999633789062,82.62816619873047,804700
2014-06-02,114.77999877929688,114.88999938964844,114.36000061035156,114.47000122070312,82.29390716552734,2089800
2014-06-03,114.2300033569336,114.23999786376953,113.7300033569336,113.80000305175781,81.8122329711914,780600
2014-06-04,113.73999786376953,113.80000305175781,113.44999694824219,113.5,81.59660339355469,827800
2014-06-05,113.58999633789062,113.91999816894531,113.55000305175781,113.79000091552734,81.8050765991211,880600
2014-06-06,114.11000061035156,114.13999938964844,113.70999908447266,113.79000091552734,81.8050765991211,518300
2014-06-09,113.69000244140625,113.8499984741211,113.58999633789062,113.77999877929688,81.79786682128906,304500
2014-06-10,113.58000183105469,113.69999694824219,113.51000213623047,113.58999633789062,81.66129302978516,673300
2014-06-11,113.68000030517578,113.80000305175781,113.5999984741211,113.69999694824219,81.7403564453125,244600
2014-06-12,113.80000305175781,114.16000366210938,113.7300033569336,114.04000091552734,81.98481750488281,794800
2014-06-13,113.66999816894531,114.0,113.61000061035156,113.8499984741211,81.84820556640625,316600
2014-06-16,113.91000366210938,114.04000091552734,113.79000091552734,113.95999908447266,81.92729949951172,369200
2014-06-17,114.0,114.0199966430664,113.7300033569336,113.80000305175781,81.8122329711914,275400
2014-06-18,113.94000244140625,114.4000015258789,113.93000030517578,114.36000061035156,82.21479797363281,282200
2014-06-19,114.63999938964844,114.69999694824219,114.05999755859375,114.19999694824219,82.09980773925781,339600
2014-06-20,114.25,114.62000274658203,114.23999786376953,114.62000274658203,82.4017333984375,377200
2014-06-23,114.76000213623047,114.83000183105469,114.48999786376953,114.5199966430664,82.32986450195312,372500
2014-06-24,114.80000305175781,115.05000305175781,114.63999938964844,115.04000091552734,82.7037124633789,374900
2014-06-25,115.20999908447266,115.30000305175781,115.02999877929688,115.08999633789062,82.73961639404297,466800
2014-06-26,115.27999877929688,115.45999908447266,115.20999908447266,115.30999755859375,82.89779663085938,315400
2014-06-27,115.5,115.55000305175781,115.30000305175781,115.3499984741211,82.92657470703125,212200
2014-06-30,115.44999694824219,115.44999694824219,115.26000213623047,115.36000061035156,82.93376159667969,358100
2014-07-01,114.76000213623047,114.81999969482422,114.51000213623047,114.55999755859375,82.60493469238281,495000
2014-07-02,114.30000305175781,114.33000183105469,114.01000213623047,114.0199966430664,82.21556091308594,596700
2014-07-03,113.86000061035156,114.13999938964844,113.80000305175781,114.11000061035156,82.2804946899414,308900
2014-07-07,114.23999786376953,114.44000244140625,114.2300033569336,114.33000183105469,82.43911743164062,466400
2014-07-08,114.55000305175781,114.80000305175781,114.55000305175781,114.69999694824219,82.70588684082031,324400
2014-07-09,114.66000366210938,115.06999969482422,114.56999969482422,114.9800033569336,82.90780639648438,517300
2014-07-10,115.31999969482422,115.33999633789062,115.02999877929688,115.12000274658203,83.00873565673828,346900
2014-07-11,115.31999969482422,115.43000030517578,115.25,115.29000091552734,83.13130950927734,804400
2014-07-14,115.19000244140625,115.22000122070312,114.9800033569336,115.05999755859375,82.96546173095703,331300
2014-07-15,114.97000122070312,115.19999694824219,114.72000122070312,114.80999755859375,82.78524780273438,356800
2014-07-16,114.79000091552734,114.86000061035156,114.69999694824219,114.77999877929688,82.76360321044922,511700
2014-07-17,115.11000061035156,115.54000091552734,114.94000244140625,115.5,83.28276824951172,542900
2014-07-18,115.44999694824219,115.44999694824219,115.12999725341797,115.27999877929688,83.12409210205078,390900
2014-07-21,115.43000030517578,115.6500015258789,115.38999938964844,115.48999786376953,83.27552795410156,670800
2014-07-22,115.41000366210938,115.43000030517578,115.20999908447266,115.38999938964844,83.20338439941406,289300
2014-07-23,115.43000030517578,115.52999877929688,115.3499984741211,115.37999725341797,83.19625091552734,426800
2014-07-24,115.08999633789062,115.19999694824219,114.98999786376953,115.16999816894531,83.04479217529297,290200
2014-07-25,115.51000213623047,115.68000030517578,115.44000244140625,115.66999816894531,83.40530395507812,226300
2014-07-28,115.56999969482422,115.68000030517578,115.38999938964844,115.54000091552734,83.31158447265625,844400
2014-07-29,115.7300033569336,115.73999786376953,115.45999908447266,115.70999908447266,83.43417358398438,291200
2014-07-30,115.33999633789062,115.38999938964844,114.93000030517578,114.94999694824219,82.88614654541016,673400
2014-07-31,114.72000122070312,115.19000244140625,114.6500015258789,114.91000366210938,82.85729217529297,585800
2014-08-01,114.77999877929688,115.08999633789062,114.41000366210938,114.98999786376953,83.17266845703125,687300
2014-08-04,115.05000305175781,115.12999725341797,114.79000091552734,114.81999969482422,83.04969787597656,822300
2014-08-05,114.68000030517578,115.05000305175781,114.5,114.94999694824219,83.14376831054688,540700
2014-08-06,115.22000122070312,115.27999877929688,114.94999694824219,114.95999908447266,83.1509780883789,470800
2014-08-07,115.05000305175781,115.4800033569336,114.91000366210938,115.45999908447266,83.51260375976562,329200
2014-08-08,115.4800033569336,115.72000122070312,115.25,115.36000061035156,83.44029998779297,349900
2014-08-11,115.44000244140625,115.5,115.27999877929688,115.37000274658203,83.44755554199219,348500
2014-08-12,115.31999969482422,115.3499984741211,115.01000213623047,115.0199966430664,83.19437408447266,626500
2014-08-13,115.12000274658203,115.37999725341797,115.04000091552734,115.3499984741211,83.4330825805664,351600
2014-08-14,115.58000183105469,115.62000274658203,115.30999755859375,115.47000122070312,83.5198745727539,458400
2014-08-15,115.5199966430664,116.13999938964844,115.51000213623047,115.75,83.72242736816406,514800
2014-08-18,115.55999755859375,115.5999984741211,115.22000122070312,115.30000305175781,83.39688873291016,514300
2014-08-19,115.5199966430664,115.5199966430664,114.97000122070312,115.08999633789062,83.24498748779297,424300
2014-08-20,115.0,115.05999755859375,114.6500015258789,114.75,82.99909973144531,409600
2014-08-21,114.7300033569336,115.06999969482422,114.7300033569336,114.97000122070312,83.15816497802734,397300
2014-08-22,115.06999969482422,115.16999816894531,114.63999938964844,114.91999816894531,83.12201690673828,406200
2014-08-25,115.0,115.06999969482422,114.86000061035156,115.05999755859375,83.22329711914062,249200
2014-08-26,115.13999938964844,115.18000030517578,114.9000015258789,114.97000122070312,83.15816497802734,658300
2014-08-27,115.16999816894531,115.25,115.0199966430664,115.18000030517578,83.31008911132812,467100
2014-08-28,115.5199966430664,115.54000091552734,115.25,115.36000061035156,83.44029998779297,243900
2014-08-29,115.33000183105469,115.44000244140625,115.18000030517578,115.25,83.36074829101562,430500
2014-09-02,114.62000274658203,114.62000274658203,114.43000030517578,114.44000244140625,82.9144287109375,1123900
2014-09-03,114.36000061035156,114.68000030517578,114.30999755859375,114.6500015258789,83.06659698486328,1067500
2014-09-04,114.54000091552734,114.7300033569336,114.19000244140625,114.22000122070312,82.75502014160156,312100
2014-09-05,114.45999908447266,114.54000091552734,114.05999755859375,114.0999984741211,82.6680908203125,327800
2014-09-08,114.29000091552734,114.33999633789062,113.75,113.81999969482422,82.46522521972656,320800
2014-09-09,113.61000061035156,113.76000213623047,113.4800033569336,113.48999786376953,82.22615814208984,542000
2014-09-10,113.1500015258789,113.20999908447266,113.0,113.05999755859375,81.91453552246094,1861100
2014-09-11,113.2300033569336,113.38999938964844,113.11000061035156,113.11000061035156,81.95081329345703,808100
2014-09-12,112.80000305175781,112.91000366210938,112.6500015258789,112.66000366210938,81.6247787475586,690800
2014-09-15,112.8499984741211,112.91999816894531,112.76000213623047,112.79000091552734,81.71895599365234,650800
2014-09-16,112.86000061035156,112.95999908447266,112.72000122070312,112.76000213623047,81.69721984863281,485400
2014-09-17,112.66000366210938,112.72000122070312,112.0,112.0,81.1465835571289,648700
2014-09-18,112.08000183105469,112.11000061035156,111.66999816894531,111.70999908447266,80.93648529052734,493400
2014-09-19,111.87000274658203,112.08000183105469,111.69999694824219,112.04000091552734,81.17556762695312,391100
2014-09-22,112.1500015258789,112.18000030517578,111.86000061035156,111.95999908447266,81.11758422851562,1131400
2014-09-23,112.12999725341797,112.4000015258789,112.0999984741211,112.37999725341797,81.421875,571300
2014-09-24,112.41999816894531,112.54000091552734,112.19000244140625,112.27999877929688,81.34943389892578,927000
2014-09-25,112.5,112.72000122070312,112.44999694824219,112.69000244140625,81.64651489257812,672800
2014-09-26,112.4000015258789,112.4000015258789,112.05999755859375,112.11000061035156,81.22631072998047,338900
2014-09-29,112.2699966430664,112.33999633789062,112.13999938964844,112.19000244140625,81.28424072265625,3329800
2014-09-30,112.12999725341797,112.36000061035156,112.05999755859375,112.06999969482422,81.19729614257812,609400
2014-10-01,112.47000122070312,113.01000213623047,112.47000122070312,112.87000274658203,81.77691650390625,1272600
2014-10-02,112.80000305175781,112.91999816894531,112.55999755859375,112.58999633789062,81.57408142089844,2814300
2014-10-03,112.48999786376953,112.55999755859375,112.27999877929688,112.41000366210938,81.44363403320312,631600
2014-10-06,112.45999908447266,112.62000274658203,112.36000061035156,112.51000213623047,81.51612091064453,1593600
2014-10-07,112.75,113.0999984741211,112.66000366210938,112.9800033569336,81.85664367675781,501800
2014-10-08,112.97000122070312,113.66000366210938,112.76000213623047,113.5999984741211,82.30584716796875,753400
2014-10-09,113.75,113.88999938964844,113.44999694824219,113.4800033569336,82.2188720703125,254200
2014-10-10,113.58999633789062,113.80000305175781,113.55000305175781,113.79000091552734,82.44351959228516,307000
2014-10-13,113.97000122070312,114.37999725341797,113.72000122070312,114.31999969482422,82.82750701904297,410900
2014-10-14,114.0199966430664,114.16000366210938,113.79000091552734,114.05000305175781,82.63191223144531,411500
2014-10-15,115.02999877929688,116.25,113.93000030517578,114.18000030517578,82.7260513305664,909900
2014-10-16,114.63999938964844,114.69000244140625,113.94999694824219,114.04000091552734,82.62459564208984,455000
2014-10-17,113.98999786376953,114.2300033569336,113.81999969482422,114.0,82.59563446044922,359900
2014-10-20,114.2699966430664,114.2699966430664,113.91000366210938,114.04000091552734,82.62459564208984,271400
2014-10-21,113.80999755859375,113.97000122070312,113.72000122070312,113.80999755859375,82.45793914794922,573000
2014-10-22,113.87999725341797,113.95999908447266,113.68000030517578,113.76000213623047,82.42179870605469,389600
2014-10-23,113.55000305175781,113.58000183105469,113.19999694824219,113.3499984741211,82.12467956542969,448900
2014-10-24,113.31999969482422,113.48999786376953,113.13999938964844,113.29000091552734,82.08122253417969,409400
2014-10-27,113.2300033569336,113.4000015258789,113.18000030517578,113.2300033569336,82.03778076171875,364100
2014-10-28,113.1500015258789,113.33000183105469,113.01000213623047,113.18000030517578,82.00155639648438,437900
2014-10-29,113.25,113.31999969482422,112.66999816894531,113.02999877929688,81.89286804199219,326100
2014-10-30,113.02999877929688,113.23999786376953,112.9800033569336,112.98999786376953,81.86387634277344,297200
2014-10-31,113.1500015258789,113.2699966430664,112.95999908447266,113.08000183105469,81.92908477783203,430300
2014-11-03,113.0,113.08000183105469,112.69999694824219,113.08000183105469,81.92908477783203,2289200
2014-11-04,113.01000213623047,113.23999786376953,112.87999725341797,113.04000091552734,81.90010070800781,1765900
2014-11-05,112.83999633789062,113.1500015258789,112.81999969482422,113.1500015258789,81.97981262207031,370400
2014-11-06,113.0,113.12999725341797,112.91000366210938,112.95999908447266,81.84213256835938,1014200
2014-11-07,113.1500015258789,113.62999725341797,113.13999938964844,113.62000274658203,82.32032012939453,693100
2014-11-10,113.5999984741211,113.62000274658203,113.1500015258789,113.22000122070312,82.030517578125,444800
2014-11-11,113.1500015258789,113.22000122070312,113.02999877929688,113.19999694824219,82.01600646972656,200800
2014-11-12,113.25,113.36000061035156,112.95999908447266,113.04000091552734,81.90010070800781,451800
2014-11-13,112.97000122070312,113.05000305175781,112.81999969482422,112.91000366210938,81.805908203125,269100
2014-11-14,112.77999877929688,113.22000122070312,112.70999908447266,113.19999694824219,82.01600646972656,462000
2014-11-17,113.19999694824219,113.2300033569336,112.77999877929688,112.80999755859375,81.73343658447266,417400
2014-11-18,112.86000061035156,112.91000366210938,112.76000213623047,112.91000366210938,81.805908203125,565000
2014-11-19,112.55999755859375,112.77999877929688,112.33000183105469,112.43000030517578,81.45812225341797,375700
2014-11-20,112.8499984741211,112.87999725341797,112.4800033569336,112.72000122070312,81.66826629638672,306900
2014-11-21,112.88999938964844,113.08999633789062,112.88999938964844,113.05999755859375,81.91453552246094,379200
2014-11-24,112.87000274658203,113.16999816894531,112.87000274658203,113.1500015258789,81.97981262207031,446800
2014-11-25,113.08000183105469,113.33000183105469,112.98999786376953,113.25,82.05221557617188,484700
2014-11-26,113.36000061035156,113.44000244140625,113.2699966430664,113.30999755859375,82.09569549560547,421800
2014-11-28,113.1500015258789,113.41000366210938,113.11000061035156,113.26000213623047,82.05950927734375,484100
2014-12-01,113.37000274658203,113.45999908447266,112.93000030517578,112.93000030517578,81.8637466430664,3262700
2014-12-02,112.77999877929688,112.77999877929688,112.27999877929688,112.29000091552734,81.39984130859375,1226000
2014-12-03,112.30000305175781,112.44999694824219,112.19000244140625,112.43000030517578,81.50128936767578,1013100
2014-12-04,112.38999938964844,112.69999694824219,112.37000274658203,112.6500015258789,81.66077423095703,332500
2014-12-05,112.43000030517578,112.44000244140625,111.80000305175781,112.0,81.18959045410156,425400
2014-12-08,111.91000366210938,112.63999938964844,111.83000183105469,112.08999633789062,81.25483703613281,376100
2014-12-09,112.36000061035156,112.62000274658203,112.33999633789062,112.56999969482422,81.602783203125,370100
2014-12-10,112.4800033569336,112.87000274658203,112.3499984741211,112.80000305175781,81.76954650878906,1044100
2014-12-11,112.66000366210938,112.7300033569336,112.37000274658203,112.6500015258789,81.66077423095703,309000
2014-12-12,112.6500015258789,112.91999816894531,112.26000213623047,112.77999877929688,81.75505065917969,407500
2014-12-15,112.37999725341797,112.56999969482422,112.25,112.33999633789062,81.43608093261719,369500
2014-12-16,112.7300033569336,113.11000061035156,112.52999877929688,113.04000091552734,81.94351959228516,410500
2014-12-17,112.91000366210938,113.25,112.44999694824219,112.51000213623047,81.55931854248047,771200
2014-12-18,112.19000244140625,112.19000244140625,111.7300033569336,111.80000305175781,81.04462432861328,433300
2014-12-19,111.80999755859375,112.3499984741211,111.80000305175781,112.3499984741211,81.44329833984375,349400
2014-12-22,112.27999877929688,112.54000091552734,112.25,112.45999908447266,81.5230484008789,574500
2014-12-23,112.2699966430664,112.36000061035156,111.62000274658203,111.6500015258789,80.93587493896484,464500
2014-12-24,111.27999877929688,111.55000305175781,111.19000244140625,111.52999877929688,80.84890747070312,412100
2014-12-26,111.56999969482422,111.72000122070312,111.44999694824219,111.56999969482422,80.87791442871094,303300
2014-12-29,111.75,111.94999694824219,111.5199966430664,111.73999786376953,81.00112915039062,1033000
2014-12-30,111.83999633789062,111.9800033569336,111.66999816894531,111.70999908447266,80.97937774658203,413300
2014-12-31,111.7300033569336,112.16000366210938,111.70999908447266,112.01000213623047,81.19683074951172,493100
2015-01-02,112.22000122070312,112.76000213623047,112.22000122070312,112.7300033569336,81.71878814697266,714500
2015-01-05,112.76000213623047,113.04000091552734,112.68000030517578,112.81999969482422,81.7840347290039,866400
2015-01-06,113.04000091552734,113.54000091552734,112.7300033569336,112.83000183105469,81.79125213623047,1043400
2015-01-07,112.58999633789062,112.95999908447266,112.36000061035156,112.91999816894531,81.85649871826172,682500
2015-01-08,112.7300033569336,112.87000274658203,112.5999984741211,112.73999786376953,81.72604370117188,567600
2015-01-09,112.62000274658203,113.18000030517578,112.61000061035156,113.08000183105469,81.9725112915039,467400
2015-01-12,112.95999908447266,113.1500015258789,112.83999633789062,113.05000305175781,81.95076751708984,421600
2015-01-13,112.58000183105469,112.95999908447266,112.5,112.87000274658203,81.82025909423828,345300
2015-01-14,113.25,113.68000030517578,113.25,113.54000091552734,82.30596160888672,450900
2015-01-15,113.70999908447266,114.45999908447266,113.69000244140625,114.44000244140625,82.95838928222656,691300
2015-01-16,114.26000213623047,114.43000030517578,113.80000305175781,113.80000305175781,82.49443817138672,1520200
2015-01-20,113.94000244140625,114.36000061035156,113.9000015258789,114.06999969482422,82.69015502929688,654800
2015-01-21,114.0999984741211,114.31999969482422,113.52999877929688,113.5999984741211,82.3494644165039,664300
2015-01-22,113.95999908447266,113.97000122070312,113.12000274658203,113.62999725341797,82.3712158203125,676100
2015-01-23,114.0,114.33999633789062,113.9800033569336,114.31999969482422,82.87139892578125,727100
2015-01-26,114.19999694824219,114.37000274658203,113.95999908447266,114.12999725341797,82.7336654663086,368100
2015-01-27,114.45999908447266,114.61000061035156,114.31999969482422,114.48999786376953,82.99463653564453,368700
2015-01-28,114.51000213623047,115.06999969482422,114.44999694824219,114.93000030517578,83.31358337402344,426200
2015-01-29,114.70999908447266,114.87000274658203,114.47000122070312,114.80000305175781,83.21936798095703,309700
2015-01-30,115.4800033569336,115.70999908447266,115.23999786376953,115.62999725341797,83.82105255126953,1206900
2015-02-02,115.48999786376953,115.76000213623047,115.37999725341797,115.55000305175781,83.76300811767578,1182900
2015-02-03,115.12999725341797,115.16000366210938,114.88999938964844,115.0199966430664,83.37883758544922,1465900
2015-02-04,114.70999908447266,115.33000183105469,114.55999755859375,115.26000213623047,83.55278778076172,531700
2015-02-05,115.02999877929688,115.06999969482422,114.68000030517578,114.76000213623047,83.19033813476562,341500
2015-02-06,114.01000213623047,114.18000030517578,113.69000244140625,113.86000061035156,82.53792572021484,556300
2015-02-09,113.9800033569336,114.04000091552734,113.66000366210938,113.66000366210938,82.39292907714844,360200
2015-02-10,113.69999694824219,113.75,113.19000244140625,113.27999877929688,82.11746978759766,457700
2015-02-11,113.30000305175781,113.33000183105469,112.80000305175781,113.06999969482422,81.96526336669922,1501500
2015-02-12,113.06999969482422,113.37999725341797,112.86000061035156,112.88999938964844,81.83479309082031,464000
2015-02-13,112.9000015258789,112.94999694824219,112.62000274658203,112.66000366210938,81.66804504394531,506800
2015-02-17,112.51000213623047,112.66000366210938,111.94000244140625,112.08999633789062,81.25483703613281,639800
2015-02-18,112.27999877929688,112.83999633789062,112.06999969482422,112.55999755859375,81.5955581665039,586100
2015-02-19,112.3499984741211,112.58999633789062,112.2300033569336,112.47000122070312,81.53033447265625,606600
2015-02-20,112.73999786376953,113.0,112.30999755859375,112.4800033569336,81.5375747680664,505900
2015-02-23,112.5999984741211,112.79000091552734,112.52999877929688,112.69000244140625,81.6897964477539,290100
2015-02-24,112.5999984741211,113.43000030517578,112.41999816894531,113.37000274658203,82.18274688720703,504300
2015-02-25,113.33000183105469,113.62999725341797,113.12000274658203,113.55999755859375,82.32046508789062,419800
2015-02-26,113.83999633789062,113.98999786376953,113.47000122070312,113.4800033569336,82.262451171875,532700
2015-02-27,113.87000274658203,114.1500015258789,113.52999877929688,114.13999938964844,82.74092102050781,599500
2015-03-02,114.05000305175781,114.05000305175781,113.16999816894531,113.20999908447266,82.0667724609375,960100
2015-03-03,113.19000244140625,113.4800033569336,113.16999816894531,113.37000274658203,82.18274688720703,3945400
2015-03-04,113.54000091552734,113.69999694824219,113.30000305175781,113.4800033569336,82.262451171875,445200
2015-03-05,113.44999694824219,113.55000305175781,113.02999877929688,113.27999877929688,82.11746978759766,429600
2015-03-06,112.58000183105469,112.62000274658203,111.93000030517578,111.97000122070312,81.16786193847656,494000
2015-03-09,112.20999908447266,112.2699966430664,111.79000091552734,111.80000305175781,81.04462432861328,660800
2015-03-10,111.88999938964844,112.05000305175781,111.77999877929688,111.93000030517578,81.13887023925781,708500
2015-03-11,112.08999633789062,112.18000030517578,111.88999938964844,112.12000274658203,81.2766342163086,360900
2015-03-12,112.33000183105469,112.44000244140625,111.79000091552734,111.87000274658203,81.09537506103516,366300
2015-03-13,111.69999694824219,111.87000274658203,111.51000213623047,111.51000213623047,80.83438873291016,291200
2015-03-16,111.91000366210938,111.93000030517578,111.5,111.66999816894531,80.95040130615234,305400
2015-03-17,111.61000061035156,111.80000305175781,111.5,111.77999877929688,81.03009033203125,287700
2015-03-18,111.97000122070312,113.55000305175781,111.83000183105469,113.48999786376953,82.26974487304688,518700
2015-03-19,113.38999938964844,113.69000244140625,112.93000030517578,113.41999816894531,82.21897888183594,390400
2015-03-20,113.69000244140625,113.79000091552734,113.52999877929688,113.76000213623047,82.46548461914062,370700
2015-03-23,113.7699966430664,113.86000061035156,113.54000091552734,113.70999908447266,82.42919158935547,402200
2015-03-24,113.94000244140625,114.33000183105469,113.8499984741211,114.26000213623047,82.82789611816406,323300
2015-03-25,114.54000091552734,114.61000061035156,114.16999816894531,114.2300033569336,82.80615234375,369400
2015-03-26,114.2300033569336,114.2300033569336,113.5199966430664,113.62000274658203,82.36395263671875,502800
2015-03-27,113.76000213623047,113.88999938964844,113.55999755859375,113.66999816894531,82.40022277832031,522400
2015-03-30,113.66999816894531,113.66999816894531,113.2699966430664,113.33000183105469,82.15372467041016,385500
2015-03-31,113.20999908447266,113.68000030517578,113.02999877929688,113.58999633789062,82.34219360351562,450300
2015-04-01,114.08000183105469,114.5199966430664,114.01000213623047,114.47000122070312,82.9801254272461,910600
2015-04-02,114.3499984741211,114.44999694824219,114.0199966430664,114.05000305175781,82.67571258544922,1088300
2015-04-06,114.79000091552734,114.88999938964844,114.33999633789062,114.5,83.0018539428711,708600
2015-04-07,114.3499984741211,114.7699966430664,114.27999877929688,114.75,83.18312072753906,360100
2015-04-08,114.3499984741211,114.55999755859375,114.0999984741211,114.47000122070312,82.9801254272461,966400
2015-04-09,114.44999694824219,114.47000122070312,113.97000122070312,114.05999755859375,82.68289947509766,369200
2015-04-10,114.18000030517578,114.26000213623047,113.87000274658203,113.94999694824219,82.6031723022461,399100
2015-04-13,113.79000091552734,114.04000091552734,113.7699966430664,113.9800033569336,82.62490844726562,305700
2015-04-14,114.41999816894531,114.5999984741211,114.19999694824219,114.27999877929688,82.84239959716797,328400
2015-04-15,114.5199966430664,114.72000122070312,114.43000030517578,114.62999725341797,83.09613037109375,477900
2015-04-16,114.5,114.79000091552734,114.22000122070312,114.76000213623047,83.19033813476562,362700
2015-04-17,114.87000274658203,115.58999633789062,114.8499984741211,115.48999786376953,83.71951293945312,7973900
2015-04-20,115.30000305175781,115.36000061035156,115.05999755859375,115.18000030517578,83.49482727050781,806100
2015-04-21,114.9800033569336,115.0999984741211,114.66999816894531,114.7699966430664,83.19758605957031,2082000
2015-04-22,114.66000366210938,114.69000244140625,114.1500015258789,114.23999786376953,82.81341552734375,360900
2015-04-23,114.31999969482422,114.7300033569336,114.29000091552734,114.52999877929688,83.02357482910156,545200
2015-04-24,114.76000213623047,115.02999877929688,114.73999786376953,115.0199966430664,83.37883758544922,405400
2015-04-27,115.01000213623047,115.19000244140625,114.8499984741211,115.04000091552734,83.39334106445312,875900
2015-04-28,114.69000244140625,114.91000366210938,114.3499984741211,114.37999725341797,82.91490173339844,1152900
2015-04-29,114.06999969482422,114.41000366210938,113.81999969482422,114.16999816894531,82.76265716552734,583800
2015-04-30,114.04000091552734,114.43000030517578,113.77999877929688,114.36000061035156,82.90035247802734,674700
2015-05-01,114.1500015258789,114.2300033569336,113.72000122070312,113.88999938964844,82.55968475341797,939700
2015-05-04,113.95999908447266,114.04000091552734,113.30999755859375,113.44999694824219,82.24072265625,1155200
2015-05-05,113.58000183105469,113.58999633789062,113.05000305175781,113.4000015258789,82.2044677734375,516400
2015-05-06,113.20999908447266,113.22000122070312,112.36000061035156,112.48999786376953,81.54481506347656,1082200
2015-05-07,112.66999816894531,113.01000213623047,112.51000213623047,112.77999877929688,81.75505065917969,353400
2015-05-08,113.47000122070312,113.58999633789062,113.16000366210938,113.25,82.095703125,650700
2015-05-11,112.87999725341797,112.88999938964844,112.18000030517578,112.22000122070312,81.34910583496094,656700
2015-05-12,112.16000366210938,112.54000091552734,112.04000091552734,112.33000183105469,81.4288330078125,477800
2015-05-13,112.7300033569336,112.79000091552734,112.16000366210938,112.16000366210938,81.3055648803711,391100
2015-05-14,112.33000183105469,112.62999725341797,112.2300033569336,112.37000274658203,81.45783233642578,493800
2015-05-15,112.66000366210938,113.19999694824219,112.5999984741211,113.1500015258789,82.02326202392578,289500
2015-05-18,112.7699966430664,112.80000305175781,112.45999908447266,112.55000305175781,81.58830261230469,463400
2015-05-19,111.91000366210938,112.38999938964844,111.9000015258789,112.01000213623047,81.19683074951172,393200
2015-05-20,112.25,112.66999816894531,112.12999725341797,112.30999755859375,81.41431427001953,391400
2015-05-21,112.47000122070312,112.83999633789062,112.47000122070312,112.73999786376953,81.72604370117188,498800
2015-05-22,112.97000122070312,113.0,112.66000366210938,112.93000030517578,81.8637466430664,468900
2015-05-26,112.8499984741211,113.19999694824219,112.80000305175781,113.0199966430664,81.92902374267578,408200
2015-05-27,112.83000183105469,112.9800033569336,112.63999938964844,112.91999816894531,81.85649871826172,377300
2015-05-28,112.7699966430664,112.91000366210938,112.58999633789062,112.8499984741211,81.80577087402344,377300
2015-05-29,113.08999633789062,113.45999908447266,113.04000091552734,113.20999908447266,82.0667724609375,561300
2015-06-01,113.05999755859375,113.11000061035156,112.43000030517578,112.51000213623047,81.55931854248047,1019100
2015-06-02,112.23999786376953,112.26000213623047,111.98999786376953,112.05000305175781,81.22583770751953,1524800
2015-06-03,111.61000061035156,111.69000244140625,111.12999725341797,111.36000061035156,80.72564697265625,564500
2015-06-04,111.54000091552734,111.88999938964844,111.48999786376953,111.66999816894531,80.95040130615234,304400
2015-06-05,111.18000030517578,111.58000183105469,111.08000183105469,111.36000061035156,80.72564697265625,295100
2015-06-08,111.61000061035156,111.6500015258789,111.4000015258789,111.51000213623047,80.83438873291016,288500
2015-06-09,111.37999725341797,111.44999694824219,111.11000061035156,111.26000213623047,80.65318298339844,311100
2015-06-10,111.18000030517578,111.25,110.75,110.86000061035156,80.36322021484375,417900
2015-06-11,111.13999938964844,111.43000030517578,110.98999786376953,111.41000366210938,80.76192474365234,427900
2015-06-12,111.29000091552734,111.7699966430664,111.2699966430664,111.47000122070312,80.8053970336914,376300
2015-06-15,111.77999877929688,111.87999725341797,111.51000213623047,111.83000183105469,81.06635284423828,298800
2015-06-16,112.01000213623047,112.48999786376953,111.91000366210938,112.48999786376953,81.54481506347656,374400
2015-06-17,112.27999877929688,112.6500015258789,111.79000091552734,112.62000274658203,81.63906860351562,867000
2015-06-18,112.12000274658203,112.37000274658203,111.97000122070312,112.3499984741211,81.44329833984375,394900
2015-06-19,112.36000061035156,112.73999786376953,112.36000061035156,112.61000061035156,81.6318130493164,446200
2015-06-22,112.29000091552734,112.44000244140625,112.0199966430664,112.11000061035156,81.26937103271484,373800
2015-06-23,111.75,112.16999816894531,111.66000366210938,111.86000061035156,81.0881118774414,407400
2015-06-24,111.95999908447266,112.22000122070312,111.8499984741211,112.05999755859375,81.23310089111328,502800
2015-06-25,111.94999694824219,112.0999984741211,111.79000091552734,111.94000244140625,81.14611053466797,402100
2015-06-26,111.55999755859375,111.6500015258789,111.37000274658203,111.44000244140625,80.78363037109375,370300
2015-06-29,111.8499984741211,112.41000366210938,111.68000030517578,112.26000213623047,81.37809753417969,564800
2015-06-30,112.08000183105469,112.56999969482422,112.05000305175781,112.05000305175781,81.22583770751953,384600
2015-07-01,111.70999908447266,111.94000244140625,111.62000274658203,111.63999938964844,80.92864990234375,1317500
2015-07-02,112.0199966430664,112.30999755859375,111.9000015258789,112.12999725341797,81.28385162353516,850300
2015-07-06,112.58000183105469,112.76000213623047,112.25,112.56999969482422,81.602783203125,634400
2015-07-07,113.02999877929688,113.29000091552734,112.81999969482422,112.94000244140625,81.8709716796875,995200
2015-07-08,113.11000061035156,113.13999938964844,112.8499984741211,113.08000183105469,81.9725112915039,1842700
2015-07-09,112.69000244140625,112.7699966430664,112.30999755859375,112.3499984741211,81.44329833984375,461300
2015-07-10,111.83000183105469,112.08999633789062,111.6500015258789,111.81999969482422,81.05909729003906,699500
2015-07-13,111.51000213623047,111.80000305175781,111.41999816894531,111.43000030517578,80.7763900756836,410400
2015-07-14,111.55999755859375,111.72000122070312,111.45999908447266,111.61000061035156,80.90690612792969,359600
2015-07-15,111.5999984741211,112.02999877929688,111.5,111.91999816894531,81.13160705566406,361100
2015-07-16,111.80999755859375,112.16999816894531,111.66999816894531,112.05999755859375,81.23310089111328,716700
2015-07-17,111.88999938964844,112.12999725341797,111.88999938964844,112.0199966430664,81.20411682128906,228400
2015-07-20,111.7699966430664,111.87000274658203,111.58000183105469,111.72000122070312,80.98662567138672,355200
2015-07-21,111.6500015258789,112.05999755859375,111.58999633789062,111.9800033569336,81.17514038085938,679900
2015-07-22,112.0199966430664,112.30999755859375,111.98999786376953,112.02999877929688,81.2113265991211,320300
2015-07-23,111.95999908447266,112.31999969482422,111.91000366210938,112.22000122070312,81.34910583496094,321000
2015-07-24,112.33999633789062,112.36000061035156,111.91000366210938,112.0999984741211,81.26207733154297,632000
2015-07-27,112.37000274658203,112.44999694824219,112.12999725341797,112.33000183105469,81.4288330078125,397000
2015-07-28,112.08000183105469,112.25,112.0,112.05999755859375,81.23310089111328,389000
2015-07-29,112.0199966430664,112.20999908447266,111.81999969482422,112.05000305175781,81.22583770751953,382700
2015-07-30,112.19000244140625,112.36000061035156,112.0999984741211,112.20999908447266,81.34184265136719,290600
2015-07-31,112.55000305175781,112.70999908447266,112.44999694824219,112.6500015258789,81.66077423095703,299000
2015-08-03,112.58999633789062,112.68000030517578,112.41999816894531,112.55000305175781,81.58830261230469,1030500
2015-08-04,112.41999816894531,112.5,111.88999938964844,111.91999816894531,81.13160705566406,2022400
2015-08-05,111.83000183105469,111.87000274658203,111.54000091552734,111.56999969482422,80.87791442871094,424000
2015-08-06,111.5999984741211,111.79000091552734,111.4800033569336,111.7699966430664,81.0228500366211,372200
2015-08-07,111.80000305175781,112.20999908447266,111.69999694824219,112.08000183105469,81.2475814819336,475800
2015-08-10,111.91000366210938,112.0,111.83000183105469,111.91999816894531,81.13160705566406,486700
2015-08-11,112.13999938964844,112.5,112.0999984741211,112.37999725341797,81.46503448486328,1401500
2015-08-12,112.5,112.83999633789062,112.05000305175781,112.12000274658203,81.2766342163086,461400
2015-08-13,111.72000122070312,111.91000366210938,111.54000091552734,111.81999969482422,81.05909729003906,447700
2015-08-14,111.66000366210938,111.95999908447266,111.5999984741211,111.69999694824219,80.97212982177734,1885400
2015-08-17,111.97000122070312,112.08999633789062,111.68000030517578,111.69000244140625,80.96489715576172,393200
2015-08-18,111.47000122070312,111.68000030517578,111.38999938964844,111.41999816894531,80.76913452148438,394900
2015-08-19,111.1500015258789,111.91000366210938,111.05999755859375,111.80000305175781,81.04462432861328,500500
2015-08-20,111.76000213623047,112.16999816894531,111.61000061035156,112.11000061035156,81.26937103271484,552300
2015-08-21,112.04000091552734,112.20999908447266,111.86000061035156,112.1500015258789,81.29833984375,586300
2015-08-24,112.58000183105469,112.83999633789062,111.63999938964844,111.76000213623047,81.015625,960300
2015-08-25,111.61000061035156,111.73999786376953,111.23999786376953,111.48999786376953,80.8199234008789,1027200
2015-08-26,111.16000366210938,111.66999816894531,110.7699966430664,110.81999969482422,80.33421325683594,562100
2015-08-27,111.12999725341797,111.5999984741211,111.08999633789062,111.36000061035156,80.72564697265625,601600
2015-08-28,111.72000122070312,112.0,111.62000274658203,111.68000030517578,80.95765686035156,452700
2015-08-31,111.86000061035156,111.88999938964844,111.37999725341797,111.58000183105469,80.88514709472656,3113900
2015-09-01,111.18000030517578,111.29000091552734,110.9000015258789,111.06999969482422,80.73831176757812,831300
2015-09-02,110.97000122070312,111.06999969482422,110.72000122070312,110.72000122070312,80.48390197753906,2281900
2015-09-03,110.83999633789062,110.93000030517578,110.69000244140625,110.7300033569336,80.49111938476562,478000
2015-09-04,110.8499984741211,111.05000305175781,110.69000244140625,110.91000366210938,80.62197875976562,358200
2015-09-08,110.58000183105469,110.61000061035156,110.36000061035156,110.41000366210938,80.25857543945312,415900
2015-09-09,110.22000122070312,110.7699966430664,110.19000244140625,110.66000366210938,80.44027709960938,429400
2015-09-10,110.55000305175781,110.69999694824219,110.4800033569336,110.69000244140625,80.46204376220703,576200
2015-09-11,110.94000244140625,111.0999984741211,110.83000183105469,111.0,80.6873779296875,1127600
2015-09-14,111.08000183105469,111.16999816894531,110.76000213623047,110.79000091552734,80.5347671508789,461600
2015-09-15,110.5999984741211,110.68000030517578,109.97000122070312,110.04000091552734,79.9896240234375,316300
2015-09-16,110.0199966430664,110.33000183105469,109.91999816894531,110.01000213623047,79.96776580810547,438800
2015-09-17,109.9800033569336,110.88999938964844,109.79000091552734,110.87000274658203,80.59291076660156,380800
2015-09-18,110.9000015258789,111.2699966430664,110.80999755859375,111.22000122070312,80.84738159179688,348400
2015-09-21,110.94999694824219,110.94999694824219,110.44999694824219,110.5199966430664,80.3385009765625,398500
2015-09-22,110.5999984741211,110.87999725341797,110.44000244140625,110.79000091552734,80.5347671508789,409400
2015-09-23,110.72000122070312,110.9000015258789,110.62000274658203,110.70999908447266,80.47660827636719,254500
2015-09-24,110.94000244140625,111.0999984741211,110.69000244140625,110.72000122070312,80.48390197753906,459500
2015-09-25,110.45999908447266,110.56999969482422,110.12999725341797,110.12999725341797,80.05501556396484,436700
2015-09-28,110.19999694824219,110.52999877929688,110.12000274658203,110.16000366210938,80.07685852050781,475600
2015-09-29,110.41999816894531,110.58999633789062,110.33999633789062,110.47000122070312,80.30213928222656,373100
2015-09-30,110.52999877929688,110.69999694824219,110.45999908447266,110.69000244140625,80.46204376220703,537900
2015-10-01,111.0999984741211,111.29000091552734,110.9800033569336,111.02999877929688,80.75444030761719,529700
2015-10-02,111.80000305175781,111.95999908447266,111.5199966430664,111.66999816894531,81.21994018554688,771300
2015-10-05,111.66999816894531,111.7300033569336,111.31999969482422,111.33000183105469,80.97267150878906,617600
2015-10-06,111.33000183105469,111.80000305175781,111.30999755859375,111.6500015258789,81.20539855957031,481200
2015-10-07,111.48999786376953,111.7300033569336,111.41000366210938,111.62999725341797,81.19084167480469,458100
2015-10-08,111.66000366210938,111.88999938964844,111.43000030517578,111.58999633789062,81.1617431640625,427000
2015-10-09,111.41000366210938,111.61000061035156,111.20999908447266,111.27999877929688,80.9362564086914,607500
2015-10-12,111.47000122070312,111.58000183105469,111.3499984741211,111.4800033569336,81.0817642211914,287700
2015-10-13,111.38999938964844,111.54000091552734,111.20999908447266,111.41999816894531,81.03812408447266,395500
2015-10-14,111.5,111.80999755859375,111.38999938964844,111.80000305175781,81.31452941894531,466400
2015-10-15,111.81999969482422,111.8499984741211,111.51000213623047,111.58999633789062,81.1617431640625,1843800
2015-10-16,111.5,111.5,111.25,111.29000091552734,80.9435806274414,467700
2015-10-19,111.12000274658203,111.19000244140625,110.91999816894531,111.0999984741211,80.80535888671875,326600
2015-10-20,110.8499984741211,110.9800033569336,110.75,110.97000122070312,80.7108154296875,420300
2015-10-21,111.12000274658203,111.2699966430664,111.04000091552734,111.04000091552734,80.76173400878906,371800
2015-10-22,111.12999725341797,111.51000213623047,111.0199966430664,111.41999816894531,81.03812408447266,368400
2015-10-23,111.26000213623047,111.33999633789062,111.13999938964844,111.26000213623047,80.92176818847656,304000
2015-10-26,111.4000015258789,111.44999694824219,111.2300033569336,111.2300033569336,80.89991760253906,256300
2015-10-27,111.5,111.5999984741211,111.4000015258789,111.4800033569336,81.0817642211914,312300
2015-10-28,111.38999938964844,111.43000030517578,110.83999633789062,110.91999816894531,80.67448425292969,387500
2015-10-29,110.69000244140625,110.77999877929688,110.4800033569336,110.62000274658203,80.45626068115234,478200
2015-10-30,110.83999633789062,110.9800033569336,110.70999908447266,110.95999908447266,80.70354461669922,807300
2015-11-02,110.70999908447266,110.91999816894531,110.62999725341797,110.91000366210938,80.66719055175781,1377000
2015-11-03,110.86000061035156,111.0,110.62999725341797,110.72000122070312,80.52898406982422,653700
2015-11-04,110.76000213623047,110.93000030517578,110.33999633789062,110.56999969482422,80.41988372802734,533200
2015-11-05,110.4000015258789,110.43000030517578,110.02999877929688,110.22000122070312,80.16532135009766,547900
2015-11-06,109.94000244140625,109.94000244140625,109.62000274658203,109.76000213623047,79.83074951171875,455800
2015-11-09,109.61000061035156,109.91999816894531,109.61000061035156,109.72000122070312,79.8016586303711,549900
2015-11-10,109.80000305175781,110.0199966430664,109.66000366210938,109.68000030517578,79.77259826660156,856000
2015-11-11,109.58999633789062,109.69999694824219,109.51000213623047,109.66999816894531,79.76528930664062,439200
2015-11-12,109.55999755859375,109.73999786376953,109.52999877929688,109.66999816894531,79.76528930664062,569400
2015-11-13,109.87000274658203,109.97000122070312,109.76000213623047,109.81999969482422,79.87440490722656,564500
2015-11-16,110.0199966430664,110.0199966430664,109.66000366210938,109.76000213623047,79.83074951171875,544300
2015-11-17,109.70999908447266,110.11000061035156,109.68000030517578,109.95999908447266,79.97623443603516,810100
2015-11-18,109.86000061035156,110.16000366210938,109.80999755859375,110.12000274658203,80.09261322021484,558900
2015-11-19,110.3499984741211,110.52999877929688,110.25,110.51000213623047,80.3762435913086,504000
2015-11-20,110.51000213623047,110.69000244140625,110.48999786376953,110.5999984741211,80.44171142578125,445600
2015-11-23,110.56999969482422,110.81999969482422,110.44999694824219,110.7300033569336,80.5362548828125,533200
2015-11-24,110.81999969482422,110.9800033569336,110.7300033569336,110.8499984741211,80.6235580444336,578100
2015-11-25,110.73999786376953,110.87000274658203,110.5999984741211,110.79000091552734,80.57991027832031,567100
2015-11-27,110.87000274658203,110.93000030517578,110.79000091552734,110.8499984741211,80.6235580444336,309000
2015-11-30,110.88999938964844,111.0,110.66999816894531,110.80000305175781,80.58718872070312,1383700
2015-12-01,110.81999969482422,111.33000183105469,110.79000091552734,111.20999908447266,80.8853759765625,1398600
2015-12-02,110.94000244140625,110.9800033569336,110.7300033569336,110.83000183105469,80.60897064208984,838600
2015-12-03,110.6500015258789,110.6500015258789,110.0199966430664,110.13999938964844,80.10711669921875,1903800
2015-12-04,110.33000183105469,110.62999725341797,110.22000122070312,110.41999816894531,80.31079864501953,950500
2015-12-07,110.2300033569336,110.62000274658203,110.19999694824219,110.37999725341797,80.2817153930664,456200
2015-12-08,110.37999725341797,110.58000183105469,110.23999786376953,110.41000366210938,80.3035659790039,375500
2015-12-09,110.26000213623047,110.44000244140625,110.11000061035156,110.19999694824219,80.1507797241211,531100
2015-12-10,110.16000366210938,110.2300033569336,109.9000015258789,109.95999908447266,79.97623443603516,392700
2015-12-11,110.30000305175781,110.4800033569336,110.0999984741211,110.31999969482422,80.23806762695312,361700
2015-12-14,109.91000366210938,110.0,109.4800033569336,109.52999877929688,79.66345977783203,645100
2015-12-15,109.5,109.61000061035156,109.38999938964844,109.47000122070312,79.61985778808594,1634600
2015-12-16,109.33000183105469,109.48999786376953,108.9800033569336,109.1500015258789,79.38712310791016,505100
2015-12-17,109.12000274658203,109.66999816894531,109.12000274658203,109.52999877929688,79.66345977783203,1722200
2015-12-18,109.6500015258789,109.97000122070312,109.61000061035156,109.83000183105469,79.8816909790039,825900
2015-12-21,109.73999786376953,109.81999969482422,109.55000305175781,109.62999725341797,79.7362060546875,519700
2015-12-22,109.44999694824219,109.54000091552734,109.33999633789062,109.4800033569336,79.6270980834961,758800
2015-12-23,109.2300033569336,109.66999816894531,109.2300033569336,109.58000183105469,79.6998291015625,846900
2015-12-24,109.83999633789062,109.83999633789062,109.61000061035156,109.7699966430664,79.83804321289062,302700
2015-12-28,109.73999786376953,109.98999786376953,109.6500015258789,109.80000305175781,79.8598861694336,1357000
2015-12-29,109.76000213623047,109.8499984741211,109.30000305175781,109.37999725341797,79.55438232421875,682900
2015-12-30,109.23999786376953,109.5999984741211,109.20999908447266,109.5,79.64163970947266,574500
2015-12-31,109.66000366210938,109.91000366210938,109.58999633789062,109.68000030517578,79.77259826660156,553300
2016-01-04,110.22000122070312,110.37000274658203,109.98999786376953,110.11000061035156,80.0853271484375,1356200
2016-01-05,109.87999725341797,110.12999725341797,109.81999969482422,110.04000091552734,80.03441619873047,648000
2016-01-06,110.12000274658203,110.41999816894531,110.05999755859375,110.38999938964844,80.28897857666016,418200
2016-01-07,110.31999969482422,110.43000030517578,110.12999725341797,110.30000305175781,80.22354888916016,877600
2016-01-08,110.12999725341797,110.43000030517578,110.11000061035156,110.38999938964844,80.28897857666016,587300
2016-01-11,110.0999984741211,110.23999786376953,109.77999877929688,109.80999755859375,79.86714172363281,758400
2016-01-12,109.91000366210938,110.36000061035156,109.83999633789062,110.11000061035156,80.0853271484375,799100
2016-01-13,110.0199966430664,110.58999633789062,110.0,110.33999633789062,80.25259399414062,544600
2016-01-14,110.2699966430664,110.44999694824219,110.12000274658203,110.23999786376953,80.17987060546875,1006200
2016-01-15,110.5199966430664,110.6500015258789,110.20999908447266,110.23999786376953,80.17987060546875,851400
2016-01-19,110.19000244140625,110.4000015258789,110.05000305175781,110.12999725341797,80.09986114501953,967900
2016-01-20,110.47000122070312,110.62999725341797,110.08999633789062,110.19000244140625,80.14352416992188,784300
2016-01-21,110.31999969482422,110.43000030517578,109.79000091552734,109.79000091552734,79.8525619506836,1344300
2016-01-22,109.7699966430664,110.06999969482422,109.7699966430664,109.94999694824219,79.96894073486328,1215200
2016-01-25,110.08999633789062,110.22000122070312,110.05000305175781,110.16000366210938,80.12168884277344,810600
2016-01-26,110.31999969482422,110.55999755859375,110.2300033569336,110.44000244140625,80.3253402709961,415100
2016-01-27,110.27999877929688,110.79000091552734,109.9000015258789,110.72000122070312,80.52898406982422,567200
2016-01-28,110.7699966430664,111.05000305175781,110.68000030517578,110.94999694824219,80.69625091552734,1020500
2016-01-29,111.41000366210938,111.55000305175781,111.22000122070312,111.4000015258789,81.0235595703125,1017200
2016-02-01,111.26000213623047,111.41000366210938,111.04000091552734,111.19999694824219,80.87810516357422,1366700
2016-02-02,111.4800033569336,111.6500015258789,111.43000030517578,111.54000091552734,81.12539672851562,1061800
2016-02-03,111.70999908447266,112.23999786376953,111.58000183105469,111.68000030517578,81.22720336914062,822800
2016-02-04,111.76000213623047,111.91000366210938,111.56999969482422,111.69999694824219,81.24173736572266,608200
2016-02-05,111.4800033569336,111.62000274658203,111.31999969482422,111.38999938964844,81.01632690429688,554800
2016-02-08,111.47000122070312,111.83000183105469,111.4000015258789,111.47000122070312,81.0744857788086,782400
2016-02-09,111.41000366210938,111.45999908447266,110.91999816894531,111.22000122070312,80.89263153076172,652100
2016-02-10,111.37000274658203,111.70999908447266,111.3499984741211,111.62999725341797,81.19084167480469,795300
2016-02-11,111.86000061035156,112.20999908447266,111.66000366210938,112.0199966430664,81.47454833984375,1290400
2016-02-12,111.83999633789062,112.13999938964844,111.44999694824219,111.5999984741211,81.16902160644531,626700
2016-02-16,111.37999725341797,111.52999877929688,111.08999633789062,111.13999938964844,80.83446502685547,1349900
2016-02-17,111.25,111.2699966430664,110.94000244140625,110.94999694824219,80.69625091552734,718600
2016-02-18,111.0,111.45999908447266,110.80000305175781,111.26000213623047,80.92176818847656,987400
2016-02-19,111.33000183105469,111.58999633789062,111.18000030517578,111.3499984741211,80.98719787597656,659400
2016-02-22,111.47000122070312,111.6500015258789,111.36000061035156,111.62000274658203,81.18360137939453,493400
2016-02-23,111.2699966430664,111.95999908447266,111.2699966430664,111.95999908447266,81.43090057373047,497400
2016-02-24,112.1500015258789,112.62000274658203,112.08000183105469,112.20999908447266,81.6126708984375,708600
2016-02-25,112.2699966430664,112.83000183105469,112.26000213623047,112.66999816894531,81.94727325439453,1431300
2016-02-26,112.2300033569336,112.47000122070312,112.16999816894531,112.37999725341797,81.7363510131836,860800
2016-02-29,112.48999786376953,112.83000183105469,112.36000061035156,112.76000213623047,82.01271057128906,1823600
2016-03-01,112.87000274658203,112.98999786376953,112.2300033569336,112.44999694824219,81.78724670410156,3510600
2016-03-02,112.22000122070312,112.69000244140625,112.22000122070312,112.69000244140625,81.96183776855469,2099800
2016-03-03,112.66999816894531,113.05000305175781,112.62999725341797,112.91999816894531,82.12909698486328,1068800
2016-03-04,112.86000061035156,112.98999786376953,112.37000274658203,112.56999969482422,81.87451934814453,2049500
2016-03-07,112.44000244140625,112.44999694824219,112.04000091552734,112.12000274658203,81.5472412109375,807400
2016-03-08,112.47000122070312,112.63999938964844,112.37000274658203,112.55000305175781,81.86000061035156,763800
2016-03-09,112.26000213623047,112.66999816894531,112.23999786376953,112.4800033569336,81.80908966064453,664000
2016-03-10,112.55000305175781,112.68000030517578,111.94000244140625,112.08999633789062,81.52542114257812,1119700
2016-03-11,112.19000244140625,112.19000244140625,111.83999633789062,112.05000305175781,81.496337890625,580500
2016-03-14,112.02999877929688,112.16999816894531,111.9000015258789,111.91999816894531,81.40178680419922,752000
2016-03-15,111.95999908447266,112.08999633789062,111.66000366210938,111.69999694824219,81.24173736572266,828100
2016-03-16,111.95999908447266,112.9000015258789,111.91999816894531,112.88999938964844,82.1072769165039,823500
2016-03-17,113.12000274658203,113.51000213623047,113.0,113.13999938964844,82.28910064697266,1926700
2016-03-18,113.6500015258789,113.77999877929688,113.18000030517578,113.5199966430664,82.56546783447266,1320200
2016-03-21,113.4000015258789,113.80999755859375,113.2300033569336,113.55000305175781,82.58732604980469,1011700
2016-03-22,113.70999908447266,113.70999908447266,113.2300033569336,113.26000213623047,82.37640380859375,1029000
2016-03-23,113.25,113.55000305175781,113.25,113.37999725341797,82.46365356445312,753500
2016-03-24,113.2699966430664,113.5,113.12000274658203,113.12000274658203,82.27457427978516,1225500
2016-03-28,113.1500015258789,113.3499984741211,113.08000183105469,113.26000213623047,82.37640380859375,877500
2016-03-29,113.55000305175781,114.5,113.45999908447266,114.44999694824219,83.24186706542969,1761200
2016-03-30,114.30999755859375,114.54000091552734,114.19999694824219,114.5199966430664,83.29277801513672,752100
2016-03-31,114.5999984741211,114.73999786376953,114.45999908447266,114.63999938964844,83.38007354736328,1702800
2016-04-01,114.79000091552734,114.87999725341797,114.41000366210938,114.7300033569336,83.44554901123047,2303600
2016-04-04,114.86000061035156,114.97000122070312,114.73999786376953,114.87000274658203,83.54736328125,2679600
2016-04-05,115.0,115.11000061035156,114.79000091552734,114.98999786376953,83.63465118408203,1817000
2016-04-06,114.80000305175781,114.94999694824219,114.38999938964844,114.69000244140625,83.4164810180664,2744100
2016-04-07,114.9800033569336,115.13999938964844,114.9000015258789,115.08999633789062,83.7073745727539,1217300
2016-04-08,114.98999786376953,114.98999786376953,114.7300033569336,114.86000061035156,83.54009246826172,769500
2016-04-11,114.6500015258789,114.87999725341797,114.47000122070312,114.56999969482422,83.32918548583984,686000
2016-04-12,114.33999633789062,114.33999633789062,114.02999877929688,114.08999633789062,82.98006439208984,1314400
2016-04-13,113.9800033569336,114.30999755859375,113.91000366210938,114.19000244140625,83.05279541015625,809600
2016-04-14,113.87999725341797,114.54000091552734,113.81999969482422,113.91999816894531,82.85645294189453,1222500
2016-04-15,113.94000244140625,114.41999816894531,113.87999725341797,114.33000183105469,83.15460968017578,541600
2016-04-18,114.11000061035156,114.31999969482422,114.02999877929688,114.30999755859375,83.14008331298828,755000
2016-04-19,114.41000366210938,114.56999969482422,114.31999969482422,114.51000213623047,83.28550720214844,619600
2016-04-20,114.5199966430664,114.80000305175781,114.01000213623047,114.02999877929688,82.93643188476562,631500
2016-04-21,113.86000061035156,114.02999877929688,113.66999816894531,113.88999938964844,82.83464050292969,838000
2016-04-22,114.0,114.08999633789062,113.81999969482422,113.81999969482422,82.78367614746094,743300
2016-04-25,113.93000030517578,114.06999969482422,113.69000244140625,113.69000244140625,82.68913269042969,1148000
2016-04-26,113.80999755859375,113.81999969482422,113.58999633789062,113.63999938964844,82.65274810791016,816800
2016-04-27,114.05999755859375,114.41999816894531,113.73999786376953,114.33000183105469,83.15460968017578,677700
2016-04-28,114.47000122070312,114.95999908447266,114.41999816894531,114.93000030517578,83.59103393554688,1822300
2016-04-29,114.72000122070312,115.08999633789062,114.54000091552734,114.87999725341797,83.55461120605469,798600
2016-05-02,114.66000366210938,114.70999908447266,114.30000305175781,114.5,83.27827453613281,4130100
2016-05-03,114.83000183105469,114.83000183105469,114.55000305175781,114.55000305175781,83.31465148925781,2645800
2016-05-04,114.69999694824219,114.7300033569336,114.44000244140625,114.68000030517578,83.40918731689453,1321300
2016-05-05,114.68000030517578,115.06999969482422,114.55999755859375,115.05000305175781,83.67830657958984,2363900
2016-05-06,115.0199966430664,115.0199966430664,114.58000183105469,114.6500015258789,83.38738250732422,1271900
2016-05-09,114.79000091552734,114.83000183105469,114.55000305175781,114.72000122070312,83.43828582763672,1020600
2016-05-10,115.0199966430664,115.08000183105469,114.68000030517578,115.06999969482422,83.69282531738281,1118100
2016-05-11,115.08999633789062,115.41999816894531,114.94999694824219,115.05000305175781,83.67830657958984,3774200
2016-05-12,114.87000274658203,115.0199966430664,114.72000122070312,114.97000122070312,83.6200942993164,1327900
2016-05-13,115.05999755859375,115.27999877929688,114.95999908447266,115.25,83.82374572753906,835500
2016-05-16,115.13999938964844,115.22000122070312,115.05999755859375,115.12000274658203,83.72921752929688,704500
2016-05-17,115.16000366210938,115.41999816894531,115.12999725341797,115.19999694824219,83.78739929199219,781000
2016-05-18,114.94999694824219,114.9800033569336,114.0199966430664,114.19999694824219,83.06006622314453,1320600
2016-05-19,114.13999938964844,114.33000183105469,114.08000183105469,114.1500015258789,83.02366638183594,795000
2016-05-20,114.19999694824219,114.3499984741211,114.08999633789062,114.08999633789062,82.98006439208984,818200
2016-05-23,114.0,114.2300033569336,113.36000061035156,114.1500015258789,83.02366638183594,748600
2016-05-24,114.01000213623047,114.12999725341797,113.83999633789062,114.04000091552734,82.9437026977539,456700
2016-05-25,114.11000061035156,114.19999694824219,114.0,114.12999725341797,83.0091552734375,546400
2016-05-26,114.4000015258789,114.62999725341797,114.33999633789062,114.45999908447266,83.24916076660156,1096900
2016-05-27,114.51000213623047,114.80000305175781,114.25,114.30999755859375,83.14008331298828,532800
2016-05-31,114.08000183105469,114.31999969482422,114.0,114.13999938964844,83.01643371582031,588700
2016-06-01,114.26000213623047,114.27999877929688,113.91999816894531,113.93000030517578,82.88980865478516,5882800
2016-06-02,114.05999755859375,114.41000366210938,113.97000122070312,114.31999969482422,83.173583984375,1874200
2016-06-03,115.19999694824219,115.26000213623047,115.0,115.05999755859375,83.71195983886719,580400
2016-06-06,114.9000015258789,115.2699966430664,114.87000274658203,115.19000244140625,83.80655670166016,543800
2016-06-07,115.33999633789062,115.58000183105469,115.33999633789062,115.5,84.0320816040039,1030600
2016-06-08,115.76000213623047,115.79000091552734,115.61000061035156,115.7699966430664,84.22850036621094,1086500
2016-06-09,115.94999694824219,115.94999694824219,115.70999908447266,115.80999755859375,84.25760650634766,535500
2016-06-10,115.8499984741211,116.0,115.73999786376953,115.80999755859375,84.25760650634766,662600
2016-06-13,115.69999694824219,115.77999877929688,115.56999969482422,115.66000366210938,84.14849853515625,650500
2016-06-14,115.63999938964844,115.69999694824219,115.37000274658203,115.37000274658203,83.93753051757812,659100
2016-06-15,115.41000366210938,115.91000366210938,115.12999725341797,115.91000366210938,84.33039093017578,1116500
2016-06-16,115.87999725341797,116.04000091552734,115.62999725341797,115.68000030517578,84.16304016113281,567100
2016-06-17,115.72000122070312,115.7300033569336,115.23999786376953,115.38999938964844,83.95206451416016,747900
2016-06-20,115.16999816894531,115.25,114.94000244140625,115.05999755859375,83.71195983886719,955400
2016-06-21,114.88999938964844,114.95999908447266,114.68000030517578,114.70999908447266,83.45731353759766,1413800
2016-06-22,114.76000213623047,115.13999938964844,114.52999877929688,115.0199966430664,83.68286895751953,3495300
2016-06-23,115.05999755859375,115.27999877929688,114.98999786376953,115.05999755859375,83.71195983886719,510300
2016-06-24,115.7699966430664,116.08999633789062,115.62999725341797,115.77999877929688,84.23582458496094,1366100
2016-06-27,116.0,116.25,115.83999633789062,116.12000274658203,84.48319244384766,826100
2016-06-28,116.19999694824219,116.52999877929688,116.08999633789062,116.5199966430664,84.77417755126953,729800
2016-06-29,116.62999725341797,116.70999908447266,116.3499984741211,116.44999694824219,84.72325134277344,792200
2016-06-30,116.54000091552734,116.86000061035156,116.47000122070312,116.66999816894531,84.88333129882812,1322400
2016-07-01,117.0,117.4000015258789,116.6500015258789,117.05999755859375,85.54244232177734,2362500
2016-07-05,117.16000366210938,117.33000183105469,117.0199966430664,117.25,85.68133544921875,691400
2016-07-06,117.4800033569336,117.55000305175781,117.22000122070312,117.52999877929688,85.88591766357422,791300
2016-07-07,117.51000213623047,117.55000305175781,117.22000122070312,117.29000091552734,85.71054077148438,1912700
2016-07-08,117.4000015258789,117.55000305175781,117.16999816894531,117.55000305175781,85.90055847167969,1047800
2016-07-11,117.37999725341797,117.43000030517578,116.95999908447266,116.9800033569336,85.48404693603516,904600
2016-07-12,116.8499984741211,116.8499984741211,116.54000091552734,116.58999633789062,85.19898223876953,894100
2016-07-13,116.91000366210938,117.1500015258789,116.73999786376953,116.83999633789062,85.38169860839844,813200
2016-07-14,116.61000061035156,116.69999694824219,116.33000183105469,116.54000091552734,85.1624984741211,860500
2016-07-15,116.33000183105469,116.44000244140625,116.22000122070312,116.41000366210938,85.0674819946289,2211600
2016-07-18,116.44000244140625,116.55999755859375,116.22000122070312,116.33000183105469,85.00900268554688,928200
2016-07-19,116.48999786376953,116.5199966430664,116.2699966430664,116.33999633789062,85.01629638671875,1040100
2016-07-20,116.06999969482422,116.22000122070312,115.86000061035156,116.12999725341797,84.86286926269531,789600
2016-07-21,115.87999725341797,116.2699966430664,115.77999877929688,116.18000030517578,84.89939880371094,645900
2016-07-22,115.97000122070312,116.19000244140625,115.66000366210938,116.08000183105469,84.82634735107422,820600
2016-07-25,116.05999755859375,116.0999984741211,115.83000183105469,115.83000183105469,84.64366149902344,770000
2016-07-26,116.01000213623047,116.05000305175781,115.7300033569336,116.02999877929688,84.78981018066406,928800
2016-07-27,116.16999816894531,116.4800033569336,115.9800033569336,116.4800033569336,85.11864471435547,714200
2016-07-28,116.45999908447266,116.68000030517578,116.2699966430664,116.63999938964844,85.23554992675781,1113300
2016-07-29,116.94999694824219,117.08000183105469,116.83000183105469,116.9000015258789,85.42556762695312,971500
2016-08-01,116.12000274658203,116.16999816894531,115.7300033569336,115.75,84.9200668334961,3330800
2016-08-02,115.37000274658203,115.58999633789062,115.18000030517578,115.18000030517578,84.50191497802734,1182500
2016-08-03,115.37999725341797,115.55999755859375,115.11000061035156,115.51000213623047,84.74398040771484,968500
2016-08-04,116.0199966430664,116.36000061035156,115.93000030517578,115.98999786376953,85.09613800048828,591000
2016-08-05,115.86000061035156,115.95999908447266,115.63999938964844,115.70999908447266,84.89071655273438,628500
2016-08-08,115.77999877929688,116.0,115.62999725341797,115.79000091552734,84.94940185546875,881300
2016-08-09,115.79000091552734,116.0999984741211,115.72000122070312,116.06999969482422,85.15485382080078,633000
2016-08-10,116.18000030517578,116.23999786376953,116.04000091552734,116.0999984741211,85.17681884765625,883800
2016-08-11,116.08000183105469,116.11000061035156,115.70999908447266,115.79000091552734,84.94940185546875,690800
2016-08-12,116.27999877929688,116.33999633789062,116.08000183105469,116.08999633789062,85.16950225830078,1798200
2016-08-15,116.05000305175781,116.16000366210938,115.79000091552734,115.79000091552734,84.94940185546875,604700
2016-08-16,115.5,115.72000122070312,115.45999908447266,115.62999725341797,84.83201599121094,800300
2016-08-17,115.70999908447266,116.04000091552734,115.62000274658203,115.9800033569336,85.08879089355469,509500
2016-08-18,116.1500015258789,116.33999633789062,116.02999877929688,116.18000030517578,85.23553466796875,895700
2016-08-19,116.0,116.05999755859375,115.76000213623047,115.98999786376953,85.09613800048828,501300
2016-08-22,116.18000030517578,116.30999755859375,116.05000305175781,116.2300033569336,85.27223205566406,576600
2016-08-23,116.37000274658203,116.44000244140625,116.22000122070312,116.38999938964844,85.38961791992188,1067800
2016-08-24,116.54000091552734,116.54000091552734,116.20999908447266,116.20999908447266,85.25755310058594,914200
2016-08-25,116.12000274658203,116.31999969482422,116.01000213623047,116.1500015258789,85.2135238647461,1819600
2016-08-26,116.4800033569336,116.76000213623047,115.62000274658203,115.69999694824219,84.88338470458984,1004500
2016-08-29,115.93000030517578,116.12000274658203,115.83000183105469,116.12000274658203,85.19154357910156,696200
2016-08-30,116.12000274658203,116.12999725341797,115.94999694824219,116.0199966430664,85.11817169189453,579500
2016-08-31,115.87000274658203,116.16999816894531,115.8499984741211,116.04000091552734,85.1328353881836,690900
2016-09-01,115.37999725341797,115.83000183105469,115.33000183105469,115.72000122070312,85.20498657226562,3705600
2016-09-02,115.68000030517578,115.69000244140625,115.33999633789062,115.58999633789062,85.10926818847656,1089300
2016-09-06,115.63999938964844,116.27999877929688,115.52999877929688,116.13999938964844,85.51422882080078,1670800
2016-09-07,116.41000366210938,116.43000030517578,116.20999908447266,116.29000091552734,85.62468719482422,811800
2016-09-08,116.2300033569336,116.31999969482422,115.79000091552734,115.87999725341797,85.32279205322266,668000
2016-09-09,115.33999633789062,115.3499984741211,115.08000183105469,115.08000183105469,84.73373413085938,863400
2016-09-12,114.9800033569336,115.26000213623047,114.83999633789062,115.12000274658203,84.76318359375,776100
2016-09-13,115.18000030517578,115.23999786376953,114.37000274658203,114.61000061035156,84.38764953613281,1087800
2016-09-14,114.66000366210938,114.91000366210938,114.5999984741211,114.79000091552734,84.5202407836914,688100
2016-09-15,114.62000274658203,114.8499984741211,114.47000122070312,114.76000213623047,84.4981460571289,698300
2016-09-16,115.0999984741211,115.11000061035156,114.83999633789062,114.94999694824219,84.63801574707031,1003200
2016-09-19,115.04000091552734,115.05000305175781,114.76000213623047,114.80999755859375,84.5349349975586,517700
2016-09-20,114.87000274658203,115.04000091552734,114.73999786376953,114.79000091552734,84.5202407836914,485200
2016-09-21,114.77999877929688,115.36000061035156,114.72000122070312,115.33000183105469,84.91783905029297,842600
2016-09-22,115.56999969482422,116.0,115.55000305175781,115.9000015258789,85.33751678466797,746900
2016-09-23,116.05999755859375,116.30000305175781,115.9800033569336,116.22000122070312,85.57310485839844,768400
2016-09-26,116.37000274658203,116.41000366210938,116.18000030517578,116.2699966430664,85.60993194580078,813700
2016-09-27,116.27999877929688,116.37000274658203,116.08000183105469,116.37000274658203,85.68359375,953100
2016-09-28,116.47000122070312,116.69999694824219,116.45999908447266,116.51000213623047,85.78668212890625,1517400
2016-09-29,116.33000183105469,116.68000030517578,116.25,116.48999786376953,85.77192687988281,973200
2016-09-30,116.51000213623047,116.58000183105469,116.23999786376953,116.48999786376953,85.77192687988281,1450200
2016-10-03,116.62999725341797,116.62999725341797,116.33999633789062,116.37999725341797,85.69095611572266,2319400
2016-10-04,116.4800033569336,116.4800033569336,115.79000091552734,115.80999755859375,85.27127838134766,3761700
2016-10-05,115.9000015258789,115.9000015258789,115.58000183105469,115.62000274658203,85.13136291503906,1071600
2016-10-06,115.7300033569336,115.83999633789062,115.55999755859375,115.68000030517578,85.1755142211914,820100
2016-10-07,115.77999877929688,115.87000274658203,115.44999694824219,115.6500015258789,85.15345001220703,990100
2016-10-10,115.6500015258789,115.6500015258789,115.37999725341797,115.48999786376953,85.03563690185547,912500
2016-10-11,115.56999969482422,115.6500015258789,115.37000274658203,115.4000015258789,84.9693603515625,839600
2016-10-12,115.3499984741211,115.45999908447266,115.2300033569336,115.36000061035156,84.93992614746094,627100
2016-10-13,115.47000122070312,115.7300033569336,115.36000061035156,115.54000091552734,85.07247161865234,727700
2016-10-14,115.4000015258789,115.69999694824219,115.4000015258789,115.43000030517578,84.99146270751953,753500
2016-10-17,115.73999786376953,115.98999786376953,115.72000122070312,115.94999694824219,85.37434387207031,616600
2016-10-18,115.83999633789062,116.08000183105469,115.80000305175781,116.0199966430664,85.42584991455078,945300
2016-10-19,115.9000015258789,116.19000244140625,115.86000061035156,116.18000030517578,85.54366302490234,910900
2016-10-20,116.30000305175781,116.30000305175781,116.0,116.0,85.41114807128906,824400
2016-10-21,116.20999908447266,116.20999908447266,115.97000122070312,116.12999725341797,85.50688934326172,690400
2016-10-24,116.12999725341797,116.12999725341797,115.79000091552734,115.94999694824219,85.37434387207031,947700
2016-10-25,115.91999816894531,116.16000366210938,115.87000274658203,116.12999725341797,85.50688934326172,1259600
2016-10-26,115.88999938964844,116.11000061035156,115.77999877929688,116.01000213623047,85.41847229003906,926100
2016-10-27,115.80999755859375,115.80999755859375,115.44999694824219,115.51000213623047,85.05035400390625,1716500
2016-10-28,115.55000305175781,115.73999786376953,115.47000122070312,115.63999938964844,85.14608001708984,2316500
2016-10-31,115.7699966430664,115.86000061035156,115.66999816894531,115.86000061035156,85.30806732177734,2417300
2016-11-01,115.5999984741211,115.97000122070312,115.5,115.87000274658203,85.31542205810547,6073500
2016-11-02,115.95999908447266,116.05000305175781,115.80000305175781,115.91999816894531,85.35220336914062,4758700
2016-11-03,115.80000305175781,115.81999969482422,115.52999877929688,115.58999633789062,85.10926818847656,2431000
2016-11-04,115.70999908447266,115.91000366210938,115.62999725341797,115.88999938964844,85.33014678955078,1724100
2016-11-07,115.69999694824219,115.87000274658203,115.6500015258789,115.83000183105469,85.2859878540039,1905000
2016-11-08,115.83999633789062,115.86000061035156,115.54000091552734,115.62999725341797,85.13873291015625,1208200
2016-11-09,115.80999755859375,115.80999755859375,114.72000122070312,114.7699966430664,84.50548553466797,2309200
2016-11-10,114.9000015258789,115.30999755859375,114.56999969482422,114.56999969482422,84.35823059082031,3905900
2016-11-11,114.7300033569336,114.73999786376953,114.19999694824219,114.25,84.12261962890625,2395200
2016-11-14,114.1500015258789,114.1500015258789,113.30999755859375,113.37000274658203,83.47465515136719,2709700
2016-11-15,113.79000091552734,113.97000122070312,113.44000244140625,113.44000244140625,83.52619934082031,1920000
2016-11-16,113.3499984741211,113.77999877929688,113.25,113.68000030517578,83.70291137695312,1426000
2016-11-17,113.93000030517578,113.9800033569336,113.44999694824219,113.48999786376953,83.56304931640625,1901100
2016-11-18,113.6500015258789,113.70999908447266,113.12999725341797,113.31999969482422,83.43782806396484,2542800
2016-11-21,113.58999633789062,113.69000244140625,113.45999908447266,113.58999633789062,83.63665771484375,2991800
2016-11-22,113.77999877929688,113.79000091552734,113.52999877929688,113.69000244140625,83.71027374267578,3390500
2016-11-23,113.30999755859375,113.45999908447266,112.91000366210938,113.30999755859375,83.43049621582031,1824200
2016-11-25,113.43000030517578,113.44999694824219,113.0,113.12000274658203,83.29057312011719,1007600
2016-11-28,113.47000122070312,113.58000183105469,113.19000244140625,113.29000091552734,83.415771484375,1351000
2016-11-29,112.93000030517578,113.45999908447266,112.83000183105469,113.4000015258789,83.49674224853516,1593400
2016-11-30,113.08999633789062,113.61000061035156,112.98999786376953,113.45999908447266,83.5409164428711,2367600
2016-12-01,112.8499984741211,113.16000366210938,112.62999725341797,112.88999938964844,83.30038452148438,8524300
2016-12-02,113.18000030517578,113.44999694824219,112.91000366210938,112.94999694824219,83.34466552734375,1330600
2016-12-05,112.98999786376953,113.52999877929688,112.77999877929688,113.11000061035156,83.46272277832031,1701500
2016-12-06,113.13999938964844,113.36000061035156,113.02999877929688,113.33000183105469,83.62507629394531,2123100
2016-12-07,113.54000091552734,113.66999816894531,113.37999725341797,113.43000030517578,83.6988525390625,1835400
2016-12-08,113.43000030517578,113.43000030517578,113.13999938964844,113.31999969482422,83.61766052246094,1227600
2016-12-09,113.30000305175781,113.33999633789062,112.69000244140625,112.80000305175781,83.2339859008789,2218800
2016-12-12,112.91000366210938,112.91000366210938,112.6500015258789,112.77999877929688,83.21923828125,2026900
2016-12-13,113.0199966430664,113.02999877929688,112.54000091552734,112.73999786376953,83.18970489501953,1867500
2016-12-14,113.05000305175781,113.08000183105469,111.80999755859375,111.8499984741211,82.53296661376953,1320200
2016-12-15,111.41000366210938,111.56999969482422,111.12000274658203,111.1500015258789,82.0164566040039,2909000
2016-12-16,111.27999877929688,111.37000274658203,110.9000015258789,111.08999633789062,81.97216796875,1240800
2016-12-19,111.43000030517578,111.58000183105469,111.30000305175781,111.55000305175781,82.3116455078125,1320400
2016-12-20,111.38999938964844,111.79000091552734,111.33000183105469,111.66000366210938,82.39279174804688,2541000
2016-12-21,112.05000305175781,112.05999755859375,111.83999633789062,111.94000244140625,82.59938049316406,1438300
2016-12-22,111.8499984741211,112.30999755859375,111.80000305175781,112.29000091552734,82.85765075683594,1563800
2016-12-23,112.33999633789062,112.56999969482422,112.33999633789062,112.41999816894531,82.95356750488281,1777200
2016-12-27,112.25,112.44999694824219,112.19999694824219,112.37000274658203,82.91668701171875,1666900
2016-12-28,112.48999786376953,112.73999786376953,112.38999938964844,112.66000366210938,83.13069152832031,1290600
2016-12-29,112.79000091552734,112.87000274658203,112.62000274658203,112.80000305175781,83.2339859008789,1297600
2016-12-30,112.76000213623047,113.19999694824219,112.75,113.16999816894531,83.50697326660156,1024200
2017-01-03,112.95999908447266,113.4000015258789,112.94000244140625,113.27999877929688,83.58818054199219,2957500
2017-01-04,113.2300033569336,113.55000305175781,113.19000244140625,113.52999877929688,83.77262878417969,2976200
2017-01-05,113.5199966430664,113.91999816894531,113.37000274658203,113.91999816894531,84.06041717529297,1775600
2017-01-06,113.58000183105469,113.69999694824219,113.41999816894531,113.44999694824219,83.71358489990234,978200
2017-01-09,113.70999908447266,113.7300033569336,113.5,113.62999725341797,83.84644317626953,1691600
2017-01-10,113.47000122070312,113.81999969482422,113.47000122070312,113.72000122070312,83.91280364990234,2508700
2017-01-11,114.06999969482422,114.5,113.86000061035156,114.08000183105469,84.178466796875,1169100
2017-01-12,114.51000213623047,114.62000274658203,114.12999725341797,114.18000030517578,84.2522964477539,1014300
2017-01-13,113.98999786376953,114.11000061035156,113.66000366210938,113.9800033569336,84.10469818115234,1920400
2017-01-17,114.54000091552734,114.54000091552734,114.06999969482422,114.33999633789062,84.37034606933594,1440800
2017-01-18,114.05000305175781,114.29000091552734,113.73999786376953,113.77999877929688,83.95710754394531,1267200
2017-01-19,113.6500015258789,113.83999633789062,113.3499984741211,113.69000244140625,83.89068603515625,2081100
2017-01-20,113.72000122070312,113.86000061035156,113.48999786376953,113.70999908447266,83.90544128417969,2925600
2017-01-23,113.87000274658203,114.27999877929688,113.69999694824219,114.16999816894531,84.24488830566406,4172500
2017-01-24,114.0,114.16999816894531,113.81999969482422,113.9800033569336,84.10469818115234,1582900
2017-01-25,113.51000213623047,113.69999694824219,113.19999694824219,113.61000061035156,83.83164978027344,2934800
2017-01-26,113.66000366210938,113.80999755859375,113.41000366210938,113.77999877929688,83.95710754394531,1958900
2017-01-27,113.94999694824219,114.05000305175781,113.8499984741211,113.97000122070312,84.09727478027344,2023000
2017-01-30,114.02999877929688,114.12000274658203,113.8499984741211,113.94000244140625,84.07516479492188,1922800
2017-01-31,114.0,114.25,113.94999694824219,114.18000030517578,84.2522964477539,7613100
2017-02-01,113.94999694824219,114.16999816894531,113.7699966430664,113.94000244140625,84.07516479492188,1777700
2017-02-02,114.25,114.27999877929688,113.9000015258789,113.94999694824219,84.08255767822266,3938800
2017-02-03,114.16999816894531,114.3499984741211,113.6500015258789,113.83000183105469,83.9939956665039,1376800
2017-02-06,114.05000305175781,114.16999816894531,113.8499984741211,114.11000061035156,84.20063781738281,1786400
2017-02-07,114.13999938964844,114.23999786376953,113.9800033569336,114.05999755859375,84.1636962890625,1462300
2017-02-08,114.38999938964844,114.4800033569336,114.12999725341797,114.33000183105469,84.36295318603516,1456400
2017-02-09,114.33000183105469,114.33000183105469,114.08000183105469,114.11000061035156,84.20063781738281,1045300
2017-02-10,114.16000366210938,114.29000091552734,114.06999969482422,114.19999694824219,84.26703643798828,1585600
2017-02-13,114.08999633789062,114.13999938964844,114.0,114.0199966430664,84.13414764404297,1002400
2017-02-14,114.18000030517578,114.19000244140625,113.5199966430664,113.75,83.93498992919922,1012100
2017-02-15,113.73999786376953,113.94000244140625,113.66000366210938,113.9000015258789,84.0456314086914,1131900
2017-02-16,114.0999984741211,114.37999725341797,113.9000015258789,113.9000015258789,84.0456314086914,1171100
2017-02-17,114.26000213623047,114.26000213623047,114.11000061035156,114.16000366210938,84.23750305175781,983000
2017-02-21,114.1500015258789,114.27999877929688,114.05000305175781,114.1500015258789,84.2301254272461,1061100
2017-02-22,114.3499984741211,114.37000274658203,113.9800033569336,114.36000061035156,84.38507080078125,1082600
2017-02-23,114.62000274658203,114.6500015258789,114.5,114.62999725341797,84.58430480957031,1042100
2017-02-24,114.83000183105469,115.05000305175781,114.76000213623047,114.95999908447266,84.82781982421875,2409100
2017-02-27,114.94000244140625,114.95999908447266,114.5999984741211,114.6500015258789,84.59909057617188,2523800
2017-02-28,114.62999725341797,114.80000305175781,114.51000213623047,114.6500015258789,84.59909057617188,1599700
2017-03-01,113.9000015258789,114.0,113.7699966430664,113.95999908447266,84.08993530273438,3412200
2017-03-02,113.75,113.79000091552734,113.51000213623047,113.5999984741211,83.82429504394531,1967200
2017-03-03,113.7300033569336,113.88999938964844,113.44000244140625,113.86000061035156,84.01615142822266,2882500
2017-03-06,113.94000244140625,113.94000244140625,113.66999816894531,113.73999786376953,83.9275894165039,1553600
2017-03-07,113.69999694824219,113.69999694824219,113.47000122070312,113.54000091552734,83.77999877929688,1545200
2017-03-08,113.18000030517578,113.2699966430664,113.01000213623047,113.05000305175781,83.41844177246094,1357200
2017-03-09,112.94999694824219,113.01000213623047,112.69999694824219,112.75,83.19707489013672,1098300
2017-03-10,113.06999969482422,113.11000061035156,112.69999694824219,112.95999908447266,83.35205078125,2424500
2017-03-13,112.83000183105469,113.01000213623047,112.69999694824219,112.69999694824219,83.16020965576172,1040300
2017-03-14,112.66000366210938,112.79000091552734,112.61000061035156,112.62000274658203,83.1011734008789,951400
2017-03-15,112.9800033569336,113.70999908447266,112.75,113.63999938964844,83.85382080078125,1990000
2017-03-16,113.7300033569336,113.7300033569336,113.4800033569336,113.55999755859375,83.79476928710938,2883700
2017-03-17,113.70999908447266,113.83000183105469,113.68000030517578,113.80999755859375,83.979248046875,1115400
2017-03-20,113.70999908447266,113.9800033569336,113.69999694824219,113.9800033569336,84.10469818115234,791600
2017-03-21,113.9800033569336,114.22000122070312,113.9800033569336,114.05999755859375,84.1636962890625,1479300
2017-03-22,114.20999908447266,114.33000183105469,114.01000213623047,114.25,84.30393981933594,824500
2017-03-23,114.23999786376953,114.30000305175781,114.0199966430664,114.12000274658203,84.2079849243164,913100
2017-03-24,114.12999725341797,114.69000244140625,114.11000061035156,114.44999694824219,84.45148468017578,1379100
2017-03-27,114.7699966430664,114.77999877929688,114.54000091552734,114.66999816894531,84.61383819580078,1078200
2017-03-28,114.7300033569336,114.7300033569336,114.18000030517578,114.29000091552734,84.33345031738281,1658800
2017-03-29,114.47000122070312,114.66999816894531,114.38999938964844,114.58999633789062,84.5547866821289,933900
2017-03-30,114.48999786376953,114.56999969482422,114.2300033569336,114.30999755859375,84.34819030761719,996200
2017-03-31,114.37000274658203,114.6500015258789,114.30000305175781,114.6500015258789,84.59909057617188,899400
2017-04-03,114.55000305175781,114.91999816894531,114.5199966430664,114.7699966430664,84.8022689819336,3097500
2017-04-04,114.7300033569336,114.81999969482422,114.58999633789062,114.63999938964844,84.70628356933594,1064900
2017-04-05,114.62000274658203,114.97000122070312,114.55999755859375,114.86000061035156,84.86876678466797,1460600
2017-04-06,114.80000305175781,114.88999938964844,114.58999633789062,114.80000305175781,84.82441711425781,774500
2017-04-07,114.81999969482422,115.01000213623047,114.3499984741211,114.3499984741211,84.49192810058594,858500
2017-04-10,114.66999816894531,114.66999816894531,114.41000366210938,114.41000366210938,84.53626251220703,752800
2017-04-11,114.5999984741211,114.81999969482422,114.52999877929688,114.62999725341797,84.69881439208984,1540900
2017-04-12,114.83999633789062,115.12999725341797,114.75,115.05999755859375,85.01655578613281,1050500
2017-04-13,115.30000305175781,115.45999908447266,115.16999816894531,115.2300033569336,85.14212799072266,2870500
2017-04-17,115.16999816894531,115.18000030517578,114.86000061035156,114.95999908447266,84.94267272949219,954400
2017-04-18,115.20999908447266,115.30999755859375,115.0199966430664,115.20999908447266,85.12738800048828,1609700
2017-04-19,115.06999969482422,115.1500015258789,114.91000366210938,115.0,84.97220611572266,1057800
2017-04-20,114.80999755859375,114.95999908447266,114.77999877929688,114.87999725341797,84.88355255126953,1082500
2017-04-21,114.95999908447266,115.0,114.66999816894531,114.72000122070312,84.76533508300781,700500
2017-04-24,114.69999694824219,114.81999969482422,114.56999969482422,114.69000244140625,84.74315643310547,949300
2017-04-25,114.7300033569336,114.76000213623047,114.45999908447266,114.5,84.60272979736328,926600
2017-04-26,114.51000213623047,114.83999633789062,114.51000213623047,114.73999786376953,84.78008270263672,819100
2017-04-27,114.68000030517578,114.8499984741211,114.63999938964844,114.83999633789062,84.8539810180664,2010300
2017-04-28,114.83999633789062,115.06999969482422,114.76000213623047,115.01000213623047,84.9795913696289,2351000
2017-05-01,114.55000305175781,114.70999908447266,114.20999908447266,114.33999633789062,84.6937255859375,1221700
2017-05-02,114.33000183105469,114.45999908447266,114.25,114.33999633789062,84.6937255859375,1102100
2017-05-03,114.37000274658203,114.37000274658203,113.95999908447266,114.08999633789062,84.50849914550781,908000
2017-05-04,113.69000244140625,113.70999908447266,113.41000366210938,113.66000366210938,84.18998718261719,865000
2017-05-05,113.72000122070312,113.7699966430664,113.54000091552734,113.75,84.25666809082031,632800
2017-05-08,113.55999755859375,113.61000061035156,113.23999786376953,113.30999755859375,83.93074798583984,1983400
2017-05-09,113.30999755859375,113.33999633789062,113.13999938964844,113.20999908447266,83.85669708251953,1319100
2017-05-10,113.47000122070312,113.4800033569336,113.18000030517578,113.25,83.88627624511719,3910100
2017-05-11,113.29000091552734,113.6500015258789,113.26000213623047,113.58999633789062,84.1381607055664,1350300
2017-05-12,113.68000030517578,113.8499984741211,113.58000183105469,113.7699966430664,84.27147674560547,778600
2017-05-15,113.79000091552734,113.79000091552734,113.47000122070312,113.47000122070312,84.04926300048828,733300
2017-05-16,113.48999786376953,113.69000244140625,113.44000244140625,113.55000305175781,84.10851287841797,651300
2017-05-17,113.87999725341797,114.33999633789062,113.87999725341797,114.20999908447266,84.59737396240234,1044200
2017-05-18,114.19999694824219,114.38999938964844,114.04000091552734,114.38999938964844,84.73075103759766,2719600
2017-05-19,114.4000015258789,114.58999633789062,114.30999755859375,114.58999633789062,84.87886047363281,712700
2017-05-22,114.45999908447266,114.55000305175781,114.29000091552734,114.41000366210938,84.74555969238281,697600
2017-05-23,114.52999877929688,114.54000091552734,114.16000366210938,114.23999786376953,84.61965942382812,822300
2017-05-24,114.18000030517578,114.30999755859375,114.02999877929688,114.30999755859375,84.67144012451172,677200
2017-05-25,114.22000122070312,114.27999877929688,114.08000183105469,114.12999725341797,84.53813934326172,1758400
2017-05-26,114.33000183105469,114.44000244140625,114.23999786376953,114.4000015258789,84.7380599975586,780800
2017-05-30,114.54000091552734,114.66999816894531,114.44999694824219,114.6500015258789,84.9233169555664,687000
2017-05-31,114.48999786376953,114.77999877929688,114.48999786376953,114.68000030517578,84.94554138183594,1304700
2017-06-01,114.12000274658203,114.47000122070312,114.12000274658203,114.37000274658203,84.90692138671875,1431000
2017-06-02,114.75,114.94000244140625,114.6500015258789,114.83000183105469,85.24839782714844,1158700
2017-06-05,114.54000091552734,114.6500015258789,114.4800033569336,114.52999877929688,85.02567291259766,586700
2017-06-06,114.7699966430664,114.8499984741211,114.62999725341797,114.66000366210938,85.1222152709961,2650300
2017-06-07,114.58999633789062,114.68000030517578,114.36000061035156,114.38999938964844,84.92178344726562,750500
2017-06-08,114.3499984741211,114.37999725341797,114.11000061035156,114.2699966430664,84.8326644897461,737400
2017-06-09,114.20999908447266,114.30000305175781,114.16999816894531,114.16999816894531,84.75845336914062,879600
2017-06-12,114.18000030517578,114.23999786376953,113.93000030517578,113.93000030517578,84.58028411865234,620800
2017-06-13,113.86000061035156,114.12000274658203,113.80999755859375,114.12000274658203,84.7213363647461,685800
2017-06-14,114.18000030517578,114.47000122070312,113.97000122070312,114.13999938964844,84.7361831665039,1067900
2017-06-15,113.5999984741211,113.79000091552734,113.56999969482422,113.58000183105469,84.32041931152344,1040100
2017-06-16,113.62000274658203,113.77999877929688,113.61000061035156,113.68000030517578,84.39464569091797,825000
2017-06-19,113.75,113.77999877929688,113.5,113.55000305175781,84.29817199707031,608500
2017-06-20,113.61000061035156,113.77999877929688,113.5199966430664,113.66999816894531,84.38725280761719,530200
2017-06-21,113.70999908447266,113.87000274658203,113.68000030517578,113.8499984741211,84.52090454101562,726400
2017-06-22,113.94000244140625,114.2300033569336,113.81999969482422,114.22000122070312,84.79557800292969,759600
2017-06-23,114.27999877929688,114.30999755859375,114.16000366210938,114.30999755859375,84.86235809326172,670600
2017-06-26,114.44000244140625,114.52999877929688,114.37999725341797,114.48999786376953,84.99603271484375,738100
2017-06-27,114.27999877929688,114.27999877929688,113.88999938964844,113.94999694824219,84.59512329101562,751000
2017-06-28,114.04000091552734,114.08999633789062,113.77999877929688,114.04000091552734,84.66192626953125,1458800
2017-06-29,113.69999694824219,113.76000213623047,113.52999877929688,113.58999633789062,84.32785034179688,899000
2017-06-30,113.72000122070312,113.72000122070312,113.31999969482422,113.43000030517578,84.20905303955078,1673500
2017-07-03,113.20999908447266,113.20999908447266,112.88999938964844,112.93000030517578,84.0543212890625,980000
2017-07-05,112.97000122070312,113.23999786376953,112.97000122070312,113.0999984741211,84.18077850341797,2477900
2017-07-06,112.9800033569336,113.0,112.7699966430664,112.80999755859375,83.96495056152344,1459300
2017-07-07,112.6500015258789,112.66000366210938,112.38999938964844,112.45999908447266,83.7044448852539,1962000
2017-07-10,112.55999755859375,112.6500015258789,112.41000366210938,112.41000366210938,83.6672134399414,1374600
2017-07-11,112.4000015258789,112.80000305175781,112.38999938964844,112.7699966430664,83.9352035522461,1104400
2017-07-12,113.27999877929688,113.30999755859375,113.04000091552734,113.0999984741211,84.18077850341797,743900
2017-07-13,113.08000183105469,113.11000061035156,112.91000366210938,113.05999755859375,84.15105438232422,710800
2017-07-14,113.20999908447266,113.30000305175781,112.9800033569336,113.05000305175781,84.14351654052734,903600
2017-07-17,113.16999816894531,113.36000061035156,113.0999984741211,113.27999877929688,84.31476593017578,733000
2017-07-18,113.62000274658203,113.72000122070312,113.5199966430664,113.5999984741211,84.55294799804688,1951300
2017-07-19,113.62000274658203,113.73999786376953,113.61000061035156,113.69000244140625,84.61996459960938,729000
2017-07-20,113.97000122070312,113.9800033569336,113.4000015258789,113.41000366210938,84.41154479980469,987400
2017-07-21,113.66999816894531,113.69999694824219,113.54000091552734,113.58000183105469,84.5380630493164,529000
2017-07-24,113.62999725341797,113.66000366210938,113.47000122070312,113.58000183105469,84.5380630493164,1042200
2017-07-25,113.33000183105469,113.37000274658203,113.13999938964844,113.13999938964844,84.21053314208984,730000
2017-07-26,113.19000244140625,113.56999969482422,113.01000213623047,113.47000122070312,84.45620727539062,726100
2017-07-27,113.4000015258789,113.48999786376953,113.26000213623047,113.38999938964844,84.3966293334961,598700
2017-07-28,113.55000305175781,113.7300033569336,113.52999877929688,113.66000366210938,84.59757232666016,464100
2017-07-31,113.62000274658203,113.66999816894531,113.55000305175781,113.66000366210938,84.59757232666016,787000
2017-08-01,113.23999786376953,113.63999938964844,113.23999786376953,113.54000091552734,84.66996002197266,2164200
2017-08-02,113.4800033569336,113.62999725341797,113.41999816894531,113.4800033569336,84.62517547607422,2737200
2017-08-03,113.55000305175781,113.79000091552734,113.4800033569336,113.79000091552734,84.85636901855469,649000
2017-08-04,113.55000305175781,113.66000366210938,113.4000015258789,113.62999725341797,84.737060546875,506800
2017-08-07,113.62000274658203,113.79000091552734,113.55000305175781,113.76000213623047,84.833984375,631200
2017-08-08,113.80000305175781,113.8499984741211,113.66999816894531,113.83999633789062,84.89361572265625,1252000
2017-08-09,114.12000274658203,114.19999694824219,114.01000213623047,114.05000305175781,85.05026245117188,1047900
2017-08-10,114.12999725341797,114.33999633789062,114.08999633789062,114.33999633789062,85.26651763916016,831600
2017-08-11,114.04000091552734,114.2699966430664,113.95999908447266,114.2699966430664,85.21431732177734,629000
2017-08-14,114.01000213623047,114.08000183105469,113.72000122070312,113.81999969482422,84.87870788574219,658400
2017-08-15,113.43000030517578,113.6500015258789,113.4000015258789,113.4800033569336,84.62517547607422,801000
2017-08-16,113.48999786376953,113.87999725341797,113.44000244140625,113.68000030517578,84.77434539794922,918600
2017-08-17,113.69000244140625,114.06999969482422,113.5999984741211,113.95999908447266,84.98316955566406,833200
2017-08-18,114.04000091552734,114.13999938964844,113.86000061035156,113.9800033569336,84.9980697631836,649900
2017-08-21,113.95999908447266,114.05999755859375,113.87000274658203,114.0199966430664,85.02788543701172,549000
2017-08-22,113.9800033569336,114.0199966430664,113.80000305175781,113.87999725341797,84.92346954345703,480200
2017-08-23,114.01000213623047,114.19000244140625,113.93000030517578,114.19000244140625,85.15467834472656,751800
2017-08-24,114.01000213623047,114.12999725341797,113.9000015258789,113.9000015258789,84.93840026855469,521100
2017-08-25,113.94000244140625,114.12999725341797,113.88999938964844,114.08999633789062,85.08009338378906,483600
2017-08-28,114.08000183105469,114.22000122070312,114.02999877929688,114.18000030517578,85.14720916748047,404300
2017-08-29,114.5,114.5999984741211,114.23999786376953,114.36000061035156,85.28145599365234,483200
2017-08-30,114.30999755859375,114.37999725341797,114.16999816894531,114.33000183105469,85.25907897949219,726200
2017-08-31,114.36000061035156,114.62999725341797,114.36000061035156,114.62000274658203,85.4753189086914,663100
2017-09-01,114.3499984741211,114.3499984741211,114.08000183105469,114.12000274658203,85.27879333496094,2215900
2017-09-05,114.4000015258789,114.9000015258789,114.4000015258789,114.86000061035156,85.83179473876953,2288600
2017-09-06,114.83999633789062,114.9800033569336,114.62000274658203,114.72000122070312,85.72715759277344,1877900
2017-09-07,114.87000274658203,115.19999694824219,114.81999969482422,115.19999694824219,86.08582305908203,676900
2017-09-08,115.1500015258789,115.26000213623047,115.04000091552734,115.22000122070312,86.10078430175781,819800
2017-09-11,114.88999938964844,114.95999908447266,114.77999877929688,114.77999877929688,85.77196502685547,531300
2017-09-12,114.66999816894531,114.7300033569336,114.48999786376953,114.58999633789062,85.63002014160156,794800
2017-09-13,114.55999755859375,114.56999969482422,114.37000274658203,114.37999725341797,85.47306060791016,614500
2017-09-14,114.38999938964844,114.58999633789062,114.38999938964844,114.55999755859375,85.60759735107422,534300
2017-09-15,114.56999969482422,114.56999969482422,114.37999725341797,114.5,85.562744140625,524300
2017-09-18,114.44999694824219,114.55999755859375,114.37000274658203,114.44999694824219,85.52539825439453,525200
2017-09-19,114.4800033569336,114.52999877929688,114.30000305175781,114.31999969482422,85.42823028564453,412500
2017-09-20,114.31999969482422,114.37000274658203,113.75,114.0,85.18910217285156,731000
2017-09-21,113.97000122070312,114.05999755859375,113.7300033569336,113.73999786376953,84.99481201171875,823500
2017-09-22,114.05000305175781,114.11000061035156,113.91999816894531,114.02999877929688,85.21153259277344,663500
2017-09-25,114.16000366210938,114.4800033569336,114.0999984741211,114.3499984741211,85.45063018798828,920200
2017-09-26,114.25,114.30999755859375,114.13999938964844,114.26000213623047,85.38343048095703,716600
2017-09-27,113.94000244140625,114.01000213623047,113.76000213623047,113.91000366210938,85.12184143066406,588500
2017-09-28,113.73999786376953,113.9000015258789,113.68000030517578,113.83000183105469,85.06208801269531,677300
2017-09-29,113.98999786376953,113.98999786376953,113.55999755859375,113.58000183105469,84.8752670288086,1030600
2017-10-02,113.63999938964844,113.63999938964844,113.3499984741211,113.37999725341797,84.76161193847656,3499100
2017-10-03,113.30999755859375,113.55000305175781,113.30000305175781,113.48999786376953,84.84385681152344,1376500
2017-10-04,113.62999725341797,113.6500015258789,113.45999908447266,113.58999633789062,84.91860961914062,800800
2017-10-05,113.66000366210938,113.66000366210938,113.41999816894531,113.47000122070312,84.82892608642578,1818700
2017-10-06,113.30000305175781,113.55000305175781,113.19000244140625,113.37999725341797,84.76161193847656,810300
2017-10-09,113.41000366210938,113.48999786376953,113.38999938964844,113.41999816894531,84.79153442382812,447600
2017-10-10,113.5999984741211,113.86000061035156,113.5999984741211,113.62000274658203,84.9410629272461,850200
2017-10-11,113.80999755859375,113.86000061035156,113.70999908447266,113.76000213623047,85.04569244384766,663600
2017-10-12,113.80000305175781,114.02999877929688,113.75,113.97000122070312,85.20270538330078,653000
2017-10-13,114.08999633789062,114.1500015258789,113.95999908447266,114.12999725341797,85.32231903076172,817700
2017-10-16,114.02999877929688,114.06999969482422,113.76000213623047,113.87000274658203,85.12794494628906,1520700
2017-10-17,113.63999938964844,113.7699966430664,113.62000274658203,113.66000366210938,84.97096252441406,656000
2017-10-18,113.5199966430664,113.62999725341797,113.48999786376953,113.5199966430664,84.86628723144531,570600
2017-10-19,113.76000213623047,113.81999969482422,113.56999969482422,113.66999816894531,84.97842407226562,1560100
2017-10-20,113.43000030517578,113.55000305175781,113.30000305175781,113.41000366210938,84.78404998779297,748300
2017-10-23,113.43000030517578,113.58999633789062,113.4000015258789,113.41999816894531,84.79153442382812,843400
2017-10-24,113.29000091552734,113.36000061035156,113.19000244140625,113.26000213623047,84.67194366455078,980400
2017-10-25,113.0,113.19999694824219,112.94000244140625,113.13999938964844,84.58219909667969,770100
2017-10-26,113.23999786376953,113.25,113.04000091552734,113.08999633789062,84.54479217529297,675800
2017-10-27,113.2300033569336,113.5,113.16999816894531,113.44999694824219,84.81398010253906,731800
2017-10-30,113.2300033569336,113.77999877929688,113.2300033569336,113.75,85.0381851196289,551100
2017-10-31,113.83000183105469,113.8499984741211,113.73999786376953,113.80000305175781,85.07560729980469,1142300
2017-11-01,113.63999938964844,113.81999969482422,113.58000183105469,113.69999694824219,85.16400146484375,2406300
2017-11-02,113.80000305175781,113.95999908447266,113.7699966430664,113.87000274658203,85.29135131835938,2208600
2017-11-03,113.94000244140625,113.97000122070312,113.69999694824219,113.94999694824219,85.35126495361328,744200
2017-11-06,113.98999786376953,114.1500015258789,113.97000122070312,114.13999938964844,85.49358367919922,944600
2017-11-07,114.20999908447266,114.33999633789062,114.16000366210938,114.30000305175781,85.61341094970703,1139800
2017-11-08,114.3499984741211,114.37999725341797,114.19000244140625,114.2300033569336,85.56098175048828,929800
2017-11-09,114.12000274658203,114.31999969482422,114.0999984741211,114.20999908447266,85.54601287841797,799700
2017-11-10,113.86000061035156,113.9000015258789,113.66999816894531,113.70999908447266,85.17152404785156,715300
2017-11-13,113.9000015258789,113.9000015258789,113.66999816894531,113.69999694824219,85.16400146484375,590200
2017-11-14,113.69999694824219,113.86000061035156,113.69000244140625,113.83999633789062,85.26885986328125,593400
2017-11-15,114.11000061035156,114.2300033569336,113.87999725341797,114.16000366210938,85.5085220336914,1284400
2017-11-16,113.9800033569336,114.08000183105469,113.9000015258789,113.91999816894531,85.32878875732422,921200
2017-11-17,114.11000061035156,114.19000244140625,114.0,114.12000274658203,85.47857666015625,731900
2017-11-20,113.94999694824219,114.06999969482422,113.87999725341797,113.94999694824219,85.35126495361328,569200
2017-11-21,114.11000061035156,114.11000061035156,113.77999877929688,113.94000244140625,85.34375,558300
2017-11-22,114.04000091552734,114.29000091552734,114.01000213623047,114.27999877929688,85.59844207763672,581500
2017-11-24,114.29000091552734,114.30999755859375,114.12000274658203,114.13999938964844,85.49358367919922,429600
2017-11-27,114.18000030517578,114.25,114.02999877929688,114.12000274658203,85.47857666015625,2403500
2017-11-28,114.1500015258789,114.25,114.01000213623047,114.11000061035156,85.47108459472656,743700
2017-11-29,113.80000305175781,113.8499984741211,113.69999694824219,113.80000305175781,85.23892211914062,755100
2017-11-30,113.73999786376953,113.83999633789062,113.47000122070312,113.68000030517578,85.1490249633789,1108600
2017-12-01,113.4000015258789,113.97000122070312,113.23999786376953,113.61000061035156,85.47329711914062,3198300
2017-12-04,113.4800033569336,113.66000366210938,113.41999816894531,113.6500015258789,85.50337982177734,1814100
2017-12-05,113.61000061035156,113.80999755859375,113.54000091552734,113.7699966430664,85.5936508178711,965500
2017-12-06,113.9800033569336,114.02999877929688,113.8499984741211,113.88999938964844,85.68394470214844,646600
2017-12-07,113.9800033569336,114.01000213623047,113.58999633789062,113.73999786376953,85.57107543945312,602700
2017-12-08,113.73999786376953,113.77999877929688,113.56999969482422,113.69000244140625,85.53346252441406,1173000
2017-12-11,113.69000244140625,113.81999969482422,113.56999969482422,113.5999984741211,85.46572875976562,728100
2017-12-12,113.54000091552734,113.70999908447266,113.44999694824219,113.69000244140625,85.53346252441406,792400
2017-12-13,113.69000244140625,114.12999725341797,113.55999755859375,113.88999938964844,85.68394470214844,961300
2017-12-14,113.80000305175781,113.98999786376953,113.61000061035156,113.88999938964844,85.68394470214844,1072200
2017-12-15,113.68000030517578,113.94000244140625,113.66000366210938,113.88999938964844,85.68394470214844,1892500
2017-12-18,113.80999755859375,113.8499984741211,113.62999725341797,113.69000244140625,85.53346252441406,660800
2017-12-19,113.4800033569336,113.55999755859375,113.16999816894531,113.3499984741211,85.27767181396484,941200
2017-12-20,113.06999969482422,113.25,112.95999908447266,112.97000122070312,84.99176025390625,749700
2017-12-21,112.81999969482422,113.1500015258789,112.79000091552734,113.11000061035156,85.21475982666016,1139000
2017-12-22,113.18000030517578,113.19999694824219,113.05000305175781,113.18000030517578,85.26750946044922,690700
2017-12-26,113.20999908447266,113.3499984741211,113.16000366210938,113.27999877929688,85.34285736083984,648200
2017-12-27,113.38999938964844,113.77999877929688,113.33000183105469,113.75,85.69693756103516,827600
2017-12-28,113.70999908447266,113.80000305175781,113.6500015258789,113.79000091552734,85.72710418701172,741800
2017-12-29,113.80000305175781,114.1500015258789,113.79000091552734,114.08000183105469,85.94558715820312,963200
2018-01-02,113.9800033569336,113.9800033569336,113.61000061035156,113.80000305175781,85.7345962524414,1525000
2018-01-03,113.91000366210938,113.98999786376953,113.79000091552734,113.91000366210938,85.81746673583984,3322400
2018-01-04,113.75,113.97000122070312,113.66999816894531,113.94000244140625,85.84005737304688,1946500
2018-01-05,113.93000030517578,113.9800033569336,113.80000305175781,113.91999816894531,85.82502746582031,1691200
2018-01-08,114.0,114.0,113.66999816894531,113.80000305175781,85.7345962524414,1198100
2018-01-09,113.68000030517578,113.68000030517578,113.4000015258789,113.43000030517578,85.45585632324219,1752700
2018-01-10,113.12999725341797,113.44000244140625,113.05999755859375,113.38999938964844,85.42573547363281,2013500
2018-01-11,113.30000305175781,113.44000244140625,113.13999938964844,113.2699966430664,85.33531188964844,1440000
2018-01-12,113.27999877929688,113.41000366210938,113.20999908447266,113.37999725341797,85.418212890625,1428300
2018-01-16,113.68000030517578,113.69000244140625,113.47000122070312,113.56999969482422,85.56129455566406,1171900
2018-01-17,113.5199966430664,113.68000030517578,113.37000274658203,113.48999786376953,85.50109100341797,1237400
2018-01-18,113.29000091552734,113.4800033569336,113.19000244140625,113.38999938964844,85.42573547363281,2098900
2018-01-19,113.26000213623047,113.3499984741211,113.13999938964844,113.19999694824219,85.2825698852539,1452100
2018-01-22,113.31999969482422,113.3499984741211,113.11000061035156,113.13999938964844,85.23738098144531,876300
2018-01-23,113.30999755859375,113.44000244140625,113.19999694824219,113.30999755859375,85.36544036865234,1297200
2018-01-24,113.16999816894531,113.27999877929688,113.06999969482422,113.2300033569336,85.30521392822266,1050400
2018-01-25,113.27999877929688,113.5199966430664,113.08000183105469,113.44000244140625,85.4634017944336,1039800
2018-01-26,113.43000030517578,113.43000030517578,113.22000122070312,113.37000274658203,85.41067504882812,1435500
2018-01-29,113.26000213623047,113.2699966430664,113.05999755859375,113.0999984741211,85.20726013183594,984600
2018-01-30,112.94000244140625,112.97000122070312,112.75,112.83000183105469,85.00383758544922,1638300
2018-01-31,113.04000091552734,113.11000061035156,112.87999725341797,113.11000061035156,85.21475982666016,4950600
2018-02-01,113.0999984741211,113.0999984741211,112.4800033569336,112.51000213623047,84.77850341796875,4574600
2018-02-02,112.33999633789062,112.41000366210938,112.1500015258789,112.37000274658203,84.67301940917969,3662900
2018-02-05,112.22000122070312,112.98999786376953,112.0999984741211,112.79000091552734,84.98949432373047,4035300
2018-02-06,112.58000183105469,112.68000030517578,112.30000305175781,112.33000183105469,84.64283752441406,2055500
2018-02-07,112.45999908447266,112.51000213623047,111.97000122070312,112.08000183105469,84.45448303222656,1862700
2018-02-08,111.9000015258789,112.12000274658203,111.7300033569336,111.8499984741211,84.2811508178711,1650000
2018-02-09,111.66000366210938,111.88999938964844,111.44999694824219,111.5,84.01744842529297,2755000
2018-02-12,111.7699966430664,111.94999694824219,111.54000091552734,111.58000183105469,84.07771301269531,1125000
2018-02-13,111.63999938964844,111.75,111.55999755859375,111.66000366210938,84.13800811767578,1446900
2018-02-14,111.80000305175781,111.80000305175781,111.43000030517578,111.55999755859375,84.06263732910156,1386300
2018-02-15,111.66999816894531,111.87000274658203,111.62000274658203,111.62000274658203,84.10786437988281,1438800
2018-02-16,111.87000274658203,111.9800033569336,111.72000122070312,111.80000305175781,84.24349975585938,1563900
2018-02-20,111.62999725341797,111.7300033569336,111.52999877929688,111.70999908447266,84.17568969726562,1047400
2018-02-21,111.6500015258789,111.69999694824219,111.27999877929688,111.38999938964844,83.93453979492188,987900
2018-02-22,111.54000091552734,111.63999938964844,111.44999694824219,111.48999786376953,84.00989532470703,922600
2018-02-23,111.69999694824219,111.9000015258789,111.62999725341797,111.9000015258789,84.31886291503906,678400
2018-02-26,112.06999969482422,112.20999908447266,112.0199966430664,112.04000091552734,84.42431640625,822100
2018-02-27,112.19999694824219,112.19999694824219,111.56999969482422,111.76000213623047,84.21334075927734,2236800
2018-02-28,111.87000274658203,111.9800033569336,111.7300033569336,111.91999816894531,84.33393096923828,840900
2018-03-01,111.9800033569336,112.3499984741211,111.83000183105469,112.26000213623047,84.59010314941406,3639500
2018-03-02,112.1500015258789,112.30000305175781,112.01000213623047,112.16999816894531,84.52230834960938,961900
2018-03-05,112.37999725341797,112.4000015258789,111.94000244140625,112.0999984741211,84.46955108642578,765700
2018-03-06,112.22000122070312,112.30000305175781,112.04000091552734,112.06999969482422,84.44695281982422,875300
2018-03-07,112.30000305175781,112.30000305175781,111.9800033569336,112.06999969482422,84.44695281982422,2200500
2018-03-08,112.22000122070312,112.33999633789062,112.12000274658203,112.18000030517578,84.52984619140625,818000
2018-03-09,112.06999969482422,112.13999938964844,111.9000015258789,112.01000213623047,84.40177154541016,853800
2018-03-12,112.12000274658203,112.12000274658203,111.88999938964844,112.08999633789062,84.46195983886719,3274200
2018-03-13,112.22000122070312,112.25,112.05000305175781,112.18000030517578,84.52984619140625,1162500
2018-03-14,112.18000030517578,112.45999908447266,112.16000366210938,112.37000274658203,84.67301940917969,1555500
2018-03-15,112.38999938964844,112.55000305175781,112.30000305175781,112.37999725341797,84.68051147460938,3265100
2018-03-16,112.27999877929688,112.29000091552734,112.12000274658203,112.19000244140625,84.537353515625,1821100
2018-03-19,112.05999755859375,112.36000061035156,112.05999755859375,112.12000274658203,84.48462677001953,1968000
2018-03-20,112.06999969482422,112.12000274658203,111.94999694824219,111.94999694824219,84.35655975341797,1045900
2018-03-21,111.94999694824219,112.26000213623047,111.7699966430664,112.19000244140625,84.537353515625,980000
2018-03-22,112.45999908447266,112.6500015258789,112.3499984741211,112.5199966430664,84.78604125976562,1004800
2018-03-23,112.43000030517578,112.66000366210938,112.41000366210938,112.58000183105469,84.83120727539062,1075900
2018-03-26,112.47000122070312,112.6500015258789,112.36000061035156,112.37999725341797,84.68051147460938,1430200
2018-03-27,112.48999786376953,112.88999938964844,112.48999786376953,112.80999755859375,85.00454711914062,1120600
2018-03-28,112.94000244140625,112.9800033569336,112.63999938964844,112.80999755859375,85.00454711914062,1476800
2018-03-29,112.87000274658203,113.16999816894531,112.86000061035156,113.05000305175781,85.1854019165039,1146000
2018-04-02,112.80000305175781,113.02999877929688,112.62999725341797,112.87000274658203,85.26998901367188,1599900
2018-04-03,112.76000213623047,112.8499984741211,112.63999938964844,112.80000305175781,85.21712493896484,2938800
2018-04-04,112.94999694824219,112.94999694824219,112.66999816894531,112.73999786376953,85.17179870605469,896600
2018-04-05,112.52999877929688,112.61000061035156,112.37999725341797,112.41999816894531,84.9300537109375,1069200
2018-04-06,112.68000030517578,112.87000274658203,112.55999755859375,112.87000274658203,85.26998901367188,1170900
2018-04-09,112.75,112.8499984741211,112.6500015258789,112.8499984741211,85.25491333007812,1463300
2018-04-10,112.83999633789062,112.87000274658203,112.69999694824219,112.80000305175781,85.21712493896484,874800
2018-04-11,113.04000091552734,113.16000366210938,112.94999694824219,113.12999725341797,85.46640014648438,772000
2018-04-12,113.0199966430664,113.08999633789062,112.86000061035156,112.94999694824219,85.33045959472656,791600
2018-04-13,112.91999816894531,113.12999725341797,112.91999816894531,113.11000061035156,85.4513168334961,567700
2018-04-16,112.83000183105469,113.0199966430664,112.83000183105469,113.01000213623047,85.37576293945312,778200
2018-04-17,113.0,113.22000122070312,112.94999694824219,113.18000030517578,85.50418853759766,913100
2018-04-18,113.16000366210938,113.19999694824219,112.94000244140625,112.94999694824219,85.33045959472656,881500
2018-04-19,112.80000305175781,112.83999633789062,112.63999938964844,112.7699966430664,85.19441986083984,640200
2018-04-20,112.61000061035156,112.62000274658203,112.37999725341797,112.37999725341797,84.8997802734375,730200
2018-04-23,112.41000366210938,112.43000030517578,112.23999786376953,112.3499984741211,84.87713623046875,1036000
2018-04-24,112.25,112.30999755859375,112.0,112.04000091552734,84.64295196533203,1033200
2018-04-25,111.94999694824219,112.04000091552734,111.76000213623047,111.87000274658203,84.51451110839844,684400
2018-04-26,112.11000061035156,112.2300033569336,112.05999755859375,112.16000366210938,84.73363494873047,848900
2018-04-27,112.38999938964844,112.55999755859375,112.38999938964844,112.5199966430664,85.0055923461914,708100
2018-04-30,112.55000305175781,112.79000091552734,112.5199966430664,112.61000061035156,85.07357025146484,2127900
2018-05-01,111.9800033569336,112.02999877929688,111.76000213623047,111.79000091552734,84.82999420166016,868600
2018-05-02,111.91000366210938,112.02999877929688,111.80999755859375,111.93000030517578,84.93623352050781,2014000
2018-05-03,112.05999755859375,112.16999816894531,112.0,112.06999969482422,85.04246520996094,811700
2018-05-04,112.20999908447266,112.22000122070312,111.94999694824219,112.0999984741211,85.06524658203125,672000
2018-05-07,112.12999725341797,112.19000244140625,112.05999755859375,112.12000274658203,85.08042907714844,522800
2018-05-08,111.94999694824219,112.0199966430664,111.7699966430664,111.91999816894531,84.92864990234375,1428300
2018-05-09,111.77999877929688,111.97000122070312,111.77999877929688,111.8499984741211,84.87553405761719,721500
2018-05-10,112.01000213623047,112.08999633789062,111.91000366210938,112.06999969482422,85.04246520996094,659100
2018-05-11,112.16000366210938,112.16000366210938,111.97000122070312,112.06999969482422,85.04246520996094,580100
2018-05-14,111.94000244140625,111.94000244140625,111.77999877929688,111.79000091552734,84.82999420166016,1333600
2018-05-15,111.54000091552734,111.58000183105469,111.2699966430664,111.43000030517578,84.5567855834961,1059800
2018-05-16,111.45999908447266,111.5,111.2699966430664,111.2699966430664,84.43540954589844,874900
2018-05-17,111.30000305175781,111.36000061035156,111.04000091552734,111.05999755859375,84.27603149414062,719100
2018-05-18,111.12999725341797,111.37000274658203,111.12000274658203,111.36000061035156,84.50366973876953,697400
2018-05-21,111.30999755859375,111.44000244140625,111.25,111.4000015258789,84.53401947021484,673800
2018-05-22,111.44000244140625,111.4800033569336,111.33999633789062,111.3499984741211,84.49608612060547,1301900
2018-05-23,111.58999633789062,111.7300033569336,111.5199966430664,111.66999816894531,84.73894500732422,1330800
2018-05-24,111.80000305175781,111.91999816894531,111.73999786376953,111.80000305175781,84.83757019042969,932900
2018-05-25,111.86000061035156,111.9800033569336,111.81999969482422,111.95999908447266,84.95899963378906,547000
2018-05-29,112.23999786376953,112.8499984741211,112.13999938964844,112.62000274658203,85.45984649658203,1573500
2018-05-30,112.44999694824219,112.55999755859375,112.26000213623047,112.41000366210938,85.30045318603516,2219000
2018-05-31,112.44000244140625,112.73999786376953,112.33999633789062,112.4800033569336,85.3536148071289,2374200
2018-06-01,111.91999816894531,112.11000061035156,111.83000183105469,111.9800033569336,85.22877502441406,1556700
2018-06-04,111.8499984741211,111.95999908447266,111.73999786376953,111.75,85.0537338256836,1710800
2018-06-05,111.88999938964844,112.06999969482422,111.8499984741211,112.0,85.2439956665039,1207300
2018-06-06,111.87000274658203,111.87000274658203,111.63999938964844,111.76000213623047,85.06135559082031,769000
2018-06-07,111.80000305175781,112.25,111.75,112.0999984741211,85.3200912475586,3077200
2018-06-08,112.02999877929688,112.08999633789062,111.87000274658203,111.91000366210938,85.17549896240234,1771400
2018-06-11,111.7300033569336,111.91000366210938,111.69999694824219,111.91000366210938,85.17549896240234,791600
2018-06-12,111.80000305175781,111.9000015258789,111.75,111.81999969482422,85.10698699951172,635700
2018-06-13,111.83999633789062,111.97000122070312,111.4800033569336,111.75,85.0537338256836,692600
2018-06-14,111.95999908447266,112.05000305175781,111.8499984741211,112.04000091552734,85.2744140625,820300
2018-06-15,112.2300033569336,112.26000213623047,112.06999969482422,112.08000183105469,85.3049087524414,1102300
2018-06-18,112.16999816894531,112.19999694824219,112.08000183105469,112.16999816894531,85.37339782714844,645800
2018-06-19,112.37000274658203,112.45999908447266,112.29000091552734,112.3499984741211,85.51036071777344,2233800
2018-06-20,112.37000274658203,112.37000274658203,112.01000213623047,112.04000091552734,85.2744140625,668500
2018-06-21,112.05000305175781,112.2699966430664,112.05000305175781,112.23999786376953,85.42668151855469,738500
2018-06-22,112.22000122070312,112.43000030517578,112.1500015258789,112.4000015258789,85.54843139648438,1630400
2018-06-25,112.43000030517578,112.62000274658203,112.4000015258789,112.44999694824219,85.58647918701172,2901400
2018-06-26,112.44000244140625,112.61000061035156,112.4000015258789,112.61000061035156,85.70825958251953,934100
2018-06-27,112.86000061035156,112.98999786376953,112.81999969482422,112.9800033569336,85.98989868164062,990100
2018-06-28,113.01000213623047,113.01000213623047,112.73999786376953,112.83000183105469,85.87574005126953,1883000
2018-06-29,112.83999633789062,113.04000091552734,112.80000305175781,112.87000274658203,85.90613555908203,744300
2018-07-02,112.56999969482422,112.58000183105469,112.44000244140625,112.4800033569336,85.93750762939453,2468800
2018-07-03,112.61000061035156,112.76000213623047,112.58000183105469,112.72000122070312,86.1208267211914,996000
2018-07-05,112.7699966430664,112.91000366210938,112.70999908447266,112.8499984741211,86.22018432617188,831900
2018-07-06,112.98999786376953,113.05000305175781,112.88999938964844,113.01000213623047,86.34241485595703,671300
2018-07-09,112.79000091552734,112.83999633789062,112.7300033569336,112.77999877929688,86.16669464111328,901700
2018-07-10,112.75,112.83000183105469,112.58000183105469,112.61000061035156,86.03679656982422,944300
2018-07-11,112.80000305175781,112.80000305175781,112.61000061035156,112.7300033569336,86.12850189208984,652300
2018-07-12,112.58999633789062,112.69000244140625,112.5199966430664,112.63999938964844,86.05974578857422,1028100
2018-07-13,112.68000030517578,112.91000366210938,112.68000030517578,112.86000061035156,86.22782135009766,1342000
2018-07-16,112.56999969482422,112.5999984741211,112.4000015258789,112.55999755859375,85.99859619140625,967700
2018-07-17,112.58000183105469,112.58999633789062,112.38999938964844,112.41000366210938,85.88397979736328,781700
2018-07-18,112.38999938964844,112.38999938964844,112.19000244140625,112.2300033569336,85.74649047851562,2352400
2018-07-19,112.29000091552734,112.45999908447266,112.2699966430664,112.38999938964844,85.86871337890625,1103300
2018-07-20,112.38999938964844,112.4800033569336,112.0999984741211,112.12000274658203,85.66242980957031,671600
2018-07-23,112.01000213623047,112.01000213623047,111.55999755859375,111.58999633789062,85.25749206542969,802600
2018-07-24,111.61000061035156,111.69999694824219,111.55000305175781,111.6500015258789,85.3033218383789,794600
2018-07-25,111.8499984741211,111.94999694824219,111.62000274658203,111.66999816894531,85.31863403320312,845100
2018-07-26,111.80000305175781,111.86000061035156,111.55000305175781,111.55999755859375,85.23458099365234,768500
2018-07-27,111.81999969482422,111.83999633789062,111.66000366210938,111.7300033569336,85.36447143554688,749200
2018-07-30,111.62999725341797,111.77999877929688,111.5999984741211,111.66999816894531,85.31863403320312,930800
2018-07-31,111.83999633789062,111.87000274658203,111.76000213623047,111.83999633789062,85.4485092163086,1370700
2018-08-01,111.11000061035156,111.18000030517578,111.01000213623047,111.0999984741211,85.23983001708984,2501500
2018-08-02,111.18000030517578,111.25,111.05000305175781,111.16000366210938,85.28583526611328,2167600
2018-08-03,111.26000213623047,111.41999816894531,111.26000213623047,111.37999725341797,85.45465087890625,758000
2018-08-06,111.51000213623047,111.62000274658203,111.36000061035156,111.4000015258789,85.469970703125,772900
2018-08-07,111.37000274658203,111.37999725341797,111.25,111.25,85.35490417480469,1549200
2018-08-08,111.25,111.31999969482422,111.18000030517578,111.26000213623047,85.36255645751953,1605800
2018-08-09,111.44000244140625,111.52999877929688,111.37000274658203,111.5199966430664,85.56208038330078,1095300
2018-08-10,111.81999969482422,112.02999877929688,111.80000305175781,111.87999725341797,85.83824157714844,710000
2018-08-13,111.83999633789062,111.9000015258789,111.77999877929688,111.86000061035156,85.82292938232422,1604600
2018-08-14,111.83999633789062,111.83999633789062,111.66000366210938,111.72000122070312,85.71549987792969,845200
2018-08-15,111.83999633789062,111.97000122070312,111.83000183105469,111.94000244140625,85.8843002319336,943100
2018-08-16,111.88999938964844,111.91000366210938,111.69999694824219,111.87000274658203,85.83061218261719,861700
2018-08-17,111.94000244140625,112.0199966430664,111.80999755859375,111.91999816894531,85.86894989013672,639100
2018-08-20,112.08000183105469,112.19000244140625,112.05000305175781,112.13999938964844,86.03772735595703,611400
2018-08-21,112.05999755859375,112.08999633789062,111.97000122070312,112.06999969482422,85.98404693603516,743100
2018-08-22,112.30999755859375,112.33000183105469,112.18000030517578,112.30999755859375,86.16816711425781,1539900
2018-08-23,112.37999725341797,112.43000030517578,112.30999755859375,112.4000015258789,86.23723602294922,718600
2018-08-24,112.25,112.51000213623047,112.19999694824219,112.51000213623047,86.3216323852539,855800
2018-08-27,112.38999938964844,112.44000244140625,112.30999755859375,112.33999633789062,86.19115447998047,906000
2018-08-28,112.1500015258789,112.19999694824219,112.05000305175781,112.12000274658203,86.02238464355469,740100
2018-08-29,112.12000274658203,112.16999816894531,112.0199966430664,112.12000274658203,86.02238464355469,945900
2018-08-30,112.2300033569336,112.30999755859375,112.16000366210938,112.22000122070312,86.09915924072266,1451000
2018-08-31,112.37000274658203,112.37000274658203,112.05999755859375,112.08999633789062,85.99937438964844,1978700
2018-09-04,111.58000183105469,111.6500015258789,111.47000122070312,111.55000305175781,85.88082885742188,6260200
2018-09-05,111.44000244140625,111.51000213623047,111.37000274658203,111.44000244140625,85.79615783691406,2167600
2018-09-06,111.47000122070312,111.58000183105469,111.41999816894531,111.54000091552734,85.87310791015625,1579100
2018-09-07,111.26000213623047,111.2699966430664,111.0999984741211,111.22000122070312,85.62677001953125,1453400
2018-09-10,111.23999786376953,111.30000305175781,111.19000244140625,111.25,85.64984893798828,1832700
2018-09-11,111.08000183105469,111.12999725341797,110.97000122070312,111.0199966430664,85.4727783203125,2553400
2018-09-12,111.19000244140625,111.23999786376953,111.11000061035156,111.12000274658203,85.54975891113281,1251600
2018-09-13,111.12000274658203,111.12000274658203,110.95999908447266,110.95999908447266,85.42660522460938,1556800
2018-09-14,110.77999877929688,110.91000366210938,110.72000122070312,110.76000213623047,85.27261352539062,1328700
2018-09-17,110.70999908447266,110.83999633789062,110.69000244140625,110.77999877929688,85.28800964355469,1468200
2018-09-18,110.70999908447266,110.7300033569336,110.51000213623047,110.55000305175781,85.11094665527344,891400
2018-09-19,110.5199966430664,110.5199966430664,110.2699966430664,110.43000030517578,85.0185317993164,986300
2018-09-20,110.44999694824219,110.69999694824219,110.41999816894531,110.58000183105469,85.13404083251953,1030500
2018-09-21,110.51000213623047,110.66000366210938,110.51000213623047,110.58999633789062,85.14170837402344,788600
2018-09-24,110.5199966430664,110.6500015258789,110.47000122070312,110.4800033569336,85.05705261230469,1388500
2018-09-25,110.38999938964844,110.45999908447266,110.3499984741211,110.44000244140625,85.0262451171875,873000
2018-09-26,110.47000122070312,110.69000244140625,110.41000366210938,110.62999725341797,85.17253875732422,1131700
2018-09-27,110.58999633789062,110.68000030517578,110.54000091552734,110.66999816894531,85.20332336425781,1064300
2018-09-28,110.70999908447266,110.75,110.54000091552734,110.62000274658203,85.16484832763672,2204400
2018-10-01,110.41000366210938,110.43000030517578,110.18000030517578,110.19000244140625,84.91133880615234,5181400
2018-10-02,110.30000305175781,110.4800033569336,110.29000091552734,110.37000274658203,85.05001831054688,3800200
2018-10-03,110.25,110.27999877929688,109.7300033569336,109.83999633789062,84.6415786743164,2775700
2018-10-04,109.69999694824219,109.77999877929688,109.48999786376953,109.56999969482422,84.43355560302734,2102800
2018-10-05,109.37000274658203,109.5199966430664,109.19000244140625,109.2699966430664,84.20233917236328,2703600
2018-10-08,109.29000091552734,109.33000183105469,109.22000122070312,109.22000122070312,84.1638412475586,870000
2018-10-09,109.3499984741211,109.52999877929688,109.30999755859375,109.52999877929688,84.40269470214844,2233600
2018-10-10,109.30000305175781,109.44000244140625,109.16000366210938,109.41999816894531,84.31794738769531,2276900
2018-10-11,109.4000015258789,109.68000030517578,109.30999755859375,109.5999984741211,84.45663452148438,3359300
2018-10-12,109.44999694824219,109.63999938964844,109.41000366210938,109.43000030517578,84.3256607055664,1746800
2018-10-15,109.52999877929688,109.5999984741211,109.44999694824219,109.5,84.37958526611328,1768600
2018-10-16,109.44000244140625,109.55000305175781,109.38999938964844,109.51000213623047,84.3873291015625,1114400
2018-10-17,109.45999908447266,109.51000213623047,109.25,109.25,84.18694305419922,1396900
2018-10-18,109.19000244140625,109.4000015258789,109.16000366210938,109.16999816894531,84.12529754638672,1005600
2018-10-19,109.12999725341797,109.18000030517578,109.01000213623047,109.06999969482422,84.0482406616211,1180700
2018-10-22,109.11000061035156,109.16000366210938,109.01000213623047,109.01000213623047,84.00201416015625,832800
2018-10-23,109.30999755859375,109.41999816894531,109.01000213623047,109.04000091552734,84.02513885498047,1228600
2018-10-24,109.26000213623047,109.4000015258789,109.18000030517578,109.4000015258789,84.30255126953125,1121900
2018-10-25,109.25,109.2699966430664,108.91000366210938,108.94000244140625,83.94807434082031,985300
2018-10-26,109.16999816894531,109.52999877929688,109.16999816894531,109.48999786376953,84.37190246582031,2203900
2018-10-29,109.41000366210938,109.5,109.22000122070312,109.37999725341797,84.28710174560547,1368500
2018-10-30,109.22000122070312,109.2699966430664,109.06999969482422,109.08999633789062,84.06368255615234,1281100
2018-10-31,108.91000366210938,109.05000305175781,108.81999969482422,108.83999633789062,83.8709945678711,1723100
2018-11-01,108.61000061035156,108.83000183105469,108.56999969482422,108.61000061035156,83.7638168334961,2582200
2018-11-02,108.41000366210938,108.48999786376953,108.22000122070312,108.27999877929688,83.50929260253906,1195600
2018-11-05,108.45999908447266,108.58999633789062,108.45999908447266,108.4800033569336,83.66355895996094,1233000
2018-11-06,108.58000183105469,108.62000274658203,108.43000030517578,108.44000244140625,83.63270568847656,827500
2018-11-07,108.69000244140625,108.77999877929688,108.45999908447266,108.5199966430664,83.69438171386719,1101500
2018-11-08,108.58999633789062,108.62000274658203,107.52999877929688,108.37000274658203,83.57870483398438,1232100
2018-11-09,108.44000244140625,108.66999816894531,108.44000244140625,108.62999725341797,83.77923583984375,1232400
2018-11-12,108.83999633789062,108.95999908447266,108.79000091552734,108.86000061035156,83.95659637451172,1111100
2018-11-13,108.7300033569336,108.81999969482422,108.6500015258789,108.7699966430664,83.88719177246094,871900
2018-11-14,108.66000366210938,108.98999786376953,108.62999725341797,108.77999877929688,83.8949203491211,926800
2018-11-15,108.87999725341797,108.95999908447266,108.70999908447266,108.87000274658203,83.96434783935547,2124600
2018-11-16,109.0999984741211,109.37999725341797,109.06999969482422,109.31999969482422,84.3113784790039,1218000
2018-11-19,109.18000030517578,109.33999633789062,109.18000030517578,109.2699966430664,84.2728042602539,1502200
2018-11-20,109.18000030517578,109.2699966430664,109.08000183105469,109.11000061035156,84.14942169189453,1094700
2018-11-21,108.97000122070312,109.0999984741211,108.81999969482422,109.05999755859375,84.11083984375,1251600
2018-11-23,109.05999755859375,109.08999633789062,108.87999725341797,108.88999938964844,83.9797134399414,364700
2018-11-26,108.83000183105469,108.87999725341797,108.76000213623047,108.7699966430664,83.88719177246094,1226800
2018-11-27,108.69999694824219,108.81999969482422,108.4800033569336,108.4800033569336,83.66355895996094,1154000
2018-11-28,108.4000015258789,108.83000183105469,108.37999725341797,108.61000061035156,83.7638168334961,1494600
2018-11-29,109.0,109.25,108.95999908447266,109.25,84.25738525390625,940800
2018-11-30,109.29000091552734,109.36000061035156,109.19000244140625,109.2699966430664,84.2728042602539,1270700
2018-12-03,109.12999725341797,109.31999969482422,109.06999969482422,109.31999969482422,84.4311294555664,1250200
2018-12-04,109.47000122070312,109.91999816894531,109.45999908447266,109.6500015258789,84.68601989746094,2015000
2018-12-06,109.69000244140625,109.9000015258789,109.55999755859375,109.66000366210938,84.69371032714844,1503600
2018-12-07,109.69000244140625,109.83000183105469,109.61000061035156,109.81999969482422,84.81731414794922,1221900
2018-12-10,109.7699966430664,109.83999633789062,109.45999908447266,109.55000305175781,84.60879516601562,1282400
2018-12-11,109.45999908447266,109.58999633789062,109.01000213623047,109.11000061035156,84.2689437866211,1499000
2018-12-12,109.06999969482422,109.0999984741211,108.9000015258789,108.94999694824219,84.1453857421875,1876200
2018-12-13,108.9800033569336,109.0999984741211,108.93000030517578,108.97000122070312,84.16080474853516,1542500
2018-12-14,109.11000061035156,109.16999816894531,109.02999877929688,109.05000305175781,84.22264099121094,1231000
2018-12-17,109.08000183105469,109.26000213623047,109.08000183105469,109.23999786376953,84.369384765625,1578100
2018-12-18,109.16000366210938,109.36000061035156,109.12000274658203,109.33999633789062,84.58907318115234,1194900
2018-12-19,109.48999786376953,109.77999877929688,109.4800033569336,109.52999877929688,84.7360610961914,2779100
2018-12-20,109.5199966430664,109.55999755859375,109.16999816894531,109.22000122070312,84.49622344970703,2968400
2018-12-21,109.3499984741211,109.41999816894531,109.1500015258789,109.16999816894531,84.45756530761719,1960400
2018-12-24,109.25,109.36000061035156,109.19999694824219,109.33000183105469,84.5813217163086,861700
2018-12-26,109.2699966430664,109.44999694824219,109.06999969482422,109.11000061035156,84.4111328125,1441300
2018-12-27,109.3499984741211,109.44999694824219,109.0999984741211,109.11000061035156,84.4111328125,1467200
2018-12-28,109.29000091552734,109.43000030517578,109.19999694824219,109.43000030517578,84.65870666503906,2067600
2018-12-31,109.27999877929688,109.54000091552734,109.25,109.51000213623047,84.72059631347656,1496100
2019-01-02,109.56999969482422,109.7300033569336,109.5,109.68000030517578,84.85211181640625,1435200
2019-01-03,109.83999633789062,110.4000015258789,109.83999633789062,110.31999969482422,85.34723663330078,1213900
2019-01-04,110.02999877929688,110.0999984741211,109.86000061035156,110.08999633789062,85.16928100585938,1236700
2019-01-07,110.1500015258789,110.20999908447266,109.94000244140625,110.0199966430664,85.1151123046875,1237700
2019-01-08,110.11000061035156,110.18000030517578,110.05000305175781,110.11000061035156,85.18477630615234,792600
2019-01-09,110.04000091552734,110.25,110.0,110.23999786376953,85.28535461425781,1079200
2019-01-10,110.2300033569336,110.2699966430664,109.91999816894531,109.9800033569336,85.08419799804688,1346300
2019-01-11,110.06999969482422,110.2699966430664,110.06999969482422,110.2699966430664,85.30855560302734,879400
2019-01-14,110.23999786376953,110.31999969482422,110.02999877929688,110.06999969482422,85.15381622314453,975700
2019-01-15,110.06999969482422,110.06999969482422,109.87999725341797,109.97000122070312,85.07644653320312,930800
2019-01-16,109.8499984741211,109.98999786376953,109.7699966430664,109.95999908447266,85.06871795654297,1793000
2019-01-17,109.93000030517578,110.06999969482422,109.79000091552734,109.87000274658203,84.99911499023438,1975400
2019-01-18,109.70999908447266,109.8499984741211,109.58000183105469,109.73999786376953,84.8985366821289,1702600
2019-01-22,109.9000015258789,109.93000030517578,109.73999786376953,109.80999755859375,84.95269012451172,3260300
2019-01-23,109.69999694824219,109.7699966430664,109.62999725341797,109.68000030517578,84.85211181640625,921000
2019-01-24,109.88999938964844,109.95999908447266,109.80999755859375,109.8499984741211,84.98360443115234,851000
2019-01-25,109.69999694824219,109.76000213623047,109.5999984741211,109.68000030517578,84.85211181640625,576600
2019-01-28,109.55999755859375,109.5999984741211,109.5,109.52999877929688,84.7360610961914,1318900
2019-01-29,109.58999633789062,109.8499984741211,109.56999969482422,109.8499984741211,84.98360443115234,632200
2019-01-30,109.87999725341797,110.5199966430664,109.86000061035156,110.44999694824219,85.44779205322266,947100
2019-01-31,110.69000244140625,111.11000061035156,110.69000244140625,111.06999969482422,85.92744445800781,1430700
2019-02-01,110.98999786376953,111.05000305175781,110.68000030517578,110.68000030517578,85.625732421875,1474800
2019-02-04,110.5199966430664,110.54000091552734,110.37000274658203,110.45999908447266,85.45552825927734,973000
2019-02-05,110.54000091552734,110.6500015258789,110.4800033569336,110.61000061035156,85.57157135009766,1024600
2019-02-06,110.73999786376953,110.79000091552734,110.5199966430664,110.54000091552734,85.51741790771484,3779300
2019-02-07,110.66000366210938,110.75,110.54000091552734,110.70999908447266,85.6489486694336,916700
2019-02-08,110.83000183105469,110.83999633789062,110.72000122070312,110.76000213623047,85.6876449584961,832700
2019-02-11,110.58999633789062,110.62000274658203,110.44000244140625,110.52999877929688,85.50969696044922,653200
2019-02-12,110.62000274658203,110.62000274658203,110.43000030517578,110.55000305175781,85.52516174316406,658700
2019-02-13,110.51000213623047,110.58999633789062,110.47000122070312,110.52999877929688,85.50969696044922,642200
2019-02-14,110.83999633789062,110.87999725341797,110.70999908447266,110.83999633789062,85.74954986572266,1780700
2019-02-15,110.76000213623047,110.9000015258789,110.76000213623047,110.83999633789062,85.74954986572266,664200
2019-02-19,110.94999694824219,111.11000061035156,110.9000015258789,111.0999984741211,85.95066833496094,602400
2019-02-20,111.05999755859375,111.19999694824219,111.02999877929688,111.13999938964844,85.98161315917969,819800
2019-02-21,110.88999938964844,110.98999786376953,110.81999969482422,110.94999694824219,85.83462524414062,959700
2019-02-22,111.05999755859375,111.36000061035156,111.05000305175781,111.23999786376953,86.05896759033203,550100
2019-02-25,111.12999725341797,111.19000244140625,111.08999633789062,111.16000366210938,85.99708557128906,556100
2019-02-26,111.33000183105469,111.41000366210938,111.23999786376953,111.31999969482422,86.12088012695312,561100
2019-02-27,111.20999908447266,111.2300033569336,110.94999694824219,111.05999755859375,85.91971588134766,825600
2019-02-28,111.08999633789062,111.08999633789062,110.79000091552734,110.87999725341797,85.78045654296875,1155000
2019-03-01,110.81999969482422,110.95999908447266,110.61000061035156,110.66000366210938,85.61026000976562,1334600
2019-03-04,110.79000091552734,110.93000030517578,110.7300033569336,110.81999969482422,85.73406982421875,916700
2019-03-05,110.69000244140625,110.77999877929688,110.54000091552734,110.77999877929688,85.70311737060547,973600
2019-03-06,110.70999908447266,110.91999816894531,110.70999908447266,110.91000366210938,85.80367279052734,1891700
2019-03-07,111.05999755859375,111.27999877929688,111.05999755859375,111.22000122070312,86.04348754882812,1168000
2019-03-08,111.19999694824219,111.37000274658203,111.1500015258789,111.31999969482422,86.12088012695312,793500
2019-03-11,111.31999969482422,111.37999725341797,111.22000122070312,111.30000305175781,86.10537719726562,620400
2019-03-12,111.26000213623047,111.58999633789062,111.25,111.51000213623047,86.26789093017578,632400
2019-03-13,111.52999877929688,111.6500015258789,111.52999877929688,111.63999938964844,86.36842346191406,607600
2019-03-14,111.66000366210938,111.76000213623047,111.5199966430664,111.61000061035156,86.3452377319336,2511100
2019-03-15,111.81999969482422,112.0199966430664,111.80999755859375,112.0,86.64694213867188,2015900
2019-03-18,111.91000366210938,112.0999984741211,111.91000366210938,111.98999786376953,86.63922882080078,975900
2019-03-19,111.87000274658203,111.9800033569336,111.81999969482422,111.88999938964844,86.56185913085938,746400
2019-03-20,111.91000366210938,112.69000244140625,111.91000366210938,112.62999725341797,87.13436126708984,1213000
2019-03-21,112.62999725341797,112.72000122070312,112.55000305175781,112.62000274658203,87.1266098022461,808900
2019-03-22,112.87999725341797,113.05000305175781,112.76000213623047,112.95999908447266,87.3896484375,1196700
2019-03-25,112.91999816894531,113.30000305175781,112.83000183105469,112.93000030517578,87.36639404296875,1160000
2019-03-26,112.83999633789062,113.0199966430664,112.7300033569336,112.7300033569336,87.21167755126953,991900
2019-03-27,112.70999908447266,112.94999694824219,112.68000030517578,112.77999877929688,87.25037384033203,1237800
2019-03-28,112.72000122070312,112.87000274658203,112.62000274658203,112.87000274658203,87.31999969482422,893300
2019-03-29,112.87999725341797,113.08999633789062,112.87999725341797,113.06999969482422,87.47471618652344,998200
2019-04-01,112.91000366210938,112.95999908447266,112.56999969482422,112.6500015258789,87.1497802734375,3808200
2019-04-02,112.63999938964844,112.76000213623047,112.62000274658203,112.76000213623047,87.23487091064453,1183200
2019-04-03,112.5,112.6500015258789,112.41000366210938,112.41000366210938,86.96416473388672,1168700
2019-04-04,112.44000244140625,112.55000305175781,112.41000366210938,112.48999786376953,87.02603149414062,1860500
2019-04-05,112.44000244140625,112.62000274658203,112.43000030517578,112.62000274658203,87.1266098022461,668500
2019-04-08,112.56999969482422,112.62999725341797,112.45999908447266,112.51000213623047,87.04151153564453,786000
2019-04-09,112.69999694824219,112.76000213623047,112.58999633789062,112.62000274658203,87.1266098022461,1135400
2019-04-10,112.91999816894531,113.06999969482422,112.91000366210938,113.02999877929688,87.44379425048828,1665200
2019-04-11,112.86000061035156,112.91000366210938,112.73999786376953,112.7699966430664,87.24263763427734,757500
2019-04-12,112.61000061035156,112.72000122070312,112.55000305175781,112.55999755859375,87.08016204833984,1097200
2019-04-15,112.55999755859375,112.66000366210938,112.55000305175781,112.62000274658203,87.1266098022461,563100
2019-04-16,112.4800033569336,112.54000091552734,112.33000183105469,112.36000061035156,86.92544555664062,991200
2019-04-17,112.31999969482422,112.41999816894531,112.30000305175781,112.33999633789062,86.90997314453125,1896900
2019-04-18,112.5999984741211,112.7300033569336,112.58999633789062,112.66000366210938,87.15754699707031,872400
2019-04-22,112.6500015258789,112.69000244140625,112.51000213623047,112.55000305175781,87.07244873046875,7154100
2019-04-23,112.69000244140625,112.81999969482422,112.66999816894531,112.80999755859375,87.27356719970703,967800
2019-04-24,113.02999877929688,113.22000122070312,113.02999877929688,113.19999694824219,87.57532501220703,577700
2019-04-25,113.22000122070312,113.30999755859375,113.16999816894531,113.19999694824219,87.57532501220703,7567000
2019-04-26,113.4000015258789,113.44999694824219,113.31999969482422,113.44999694824219,87.76872253417969,769500
2019-04-29,113.19000244140625,113.20999908447266,113.0999984741211,113.12999725341797,87.52110290527344,811000
2019-04-30,113.0999984741211,113.3499984741211,113.0999984741211,113.31999969482422,87.66812896728516,1004600
2019-05-01,113.2699966430664,113.55999755859375,113.02999877929688,113.04000091552734,87.47852325439453,2289100
2019-05-02,112.72000122070312,112.76000213623047,112.45999908447266,112.58000183105469,87.12256622314453,1103000
2019-05-03,112.80000305175781,112.9800033569336,112.80000305175781,112.88999938964844,87.36249542236328,1040400
2019-05-06,113.08999633789062,113.16000366210938,113.05000305175781,113.05999755859375,87.49400329589844,588700
2019-05-07,113.08999633789062,113.25,113.08000183105469,113.12000274658203,87.54048156738281,1479000
2019-05-08,113.20999908447266,113.23999786376953,112.80000305175781,112.83000183105469,87.31603240966797,2586100
2019-05-09,113.0199966430664,113.12999725341797,112.94000244140625,113.0199966430664,87.46305847167969,781800
2019-05-10,113.0999984741211,113.30999755859375,113.02999877929688,113.2699966430664,87.656494140625,881100
2019-05-13,113.51000213623047,113.70999908447266,113.4800033569336,113.51000213623047,87.84227752685547,952600
2019-05-14,113.5199966430664,113.61000061035156,113.47000122070312,113.58999633789062,87.90416717529297,667700
2019-05-15,113.80999755859375,113.83999633789062,113.62000274658203,113.81999969482422,88.08218383789062,505500
2019-05-16,113.72000122070312,113.72000122070312,113.56999969482422,113.63999938964844,87.94285583496094,373600
2019-05-17,113.75,113.76000213623047,113.5199966430664,113.52999877929688,87.85774230957031,589500
2019-05-20,113.51000213623047,113.61000061035156,113.36000061035156,113.37999725341797,87.74162292480469,415400
2019-05-21,113.41999816894531,113.45999908447266,113.31999969482422,113.44000244140625,87.78804779052734,788600
2019-05-22,113.5,113.62000274658203,113.41999816894531,113.4800033569336,87.8190689086914,725100
2019-05-23,113.52999877929688,113.86000061035156,113.51000213623047,113.72000122070312,88.00475311279297,780800
2019-05-24,113.91999816894531,113.91999816894531,113.76000213623047,113.91000366210938,88.15180969238281,487500
2019-05-28,114.0,114.04000091552734,113.86000061035156,113.97000122070312,88.1982421875,4731600
2019-05-29,114.16999816894531,114.41999816894531,114.16999816894531,114.16999816894531,88.35301208496094,1725100
2019-05-30,114.26000213623047,114.56999969482422,114.18000030517578,114.55000305175781,88.64707946777344,700700
2019-05-31,114.87999725341797,115.31999969482422,114.87000274658203,115.2699966430664,89.20429229736328,1622200
2019-06-03,114.7300033569336,115.1500015258789,114.6500015258789,114.94000244140625,89.44474792480469,7087400
2019-06-04,114.63999938964844,114.81999969482422,114.4800033569336,114.70999908447266,89.2657699584961,1603800
2019-06-05,114.87999725341797,115.04000091552734,114.72000122070312,114.77999877929688,89.32022094726562,1182800
2019-06-06,114.8499984741211,115.04000091552734,114.47000122070312,114.70999908447266,89.2657699584961,759100
2019-06-07,115.06999969482422,115.12999725341797,114.93000030517578,115.12999725341797,89.59256744384766,770500
2019-06-10,114.8499984741211,114.8499984741211,114.4800033569336,114.51000213623047,89.11011505126953,1606600
2019-06-11,114.41000366210938,114.51000213623047,114.33999633789062,114.36000061035156,88.9933853149414,640900
2019-06-12,114.38999938964844,114.56999969482422,114.36000061035156,114.41999816894531,89.04007720947266,506500
2019-06-13,114.55000305175781,114.62000274658203,114.44000244140625,114.45999908447266,89.07122802734375,1625200
2019-06-14,114.3499984741211,114.51000213623047,114.11000061035156,114.27999877929688,88.93113708496094,609600
2019-06-17,114.05999755859375,114.19000244140625,113.95999908447266,114.05999755859375,88.75991821289062,1652400
2019-06-18,114.75,114.83999633789062,114.4800033569336,114.52999877929688,89.12567901611328,860700
2019-06-19,114.36000061035156,115.20999908447266,114.31999969482422,115.19000244140625,89.63928985595703,1191800
2019-06-20,115.7300033569336,115.9800033569336,115.69000244140625,115.83999633789062,90.1451187133789,873800
2019-06-21,115.69000244140625,115.69000244140625,115.19999694824219,115.31999969482422,89.74043273925781,1174700
2019-06-24,115.51000213623047,115.55000305175781,115.41000366210938,115.54000091552734,89.9116439819336,528900
2019-06-25,115.54000091552734,115.6500015258789,115.30999755859375,115.33999633789062,89.75602722167969,678900
2019-06-26,115.3499984741211,115.4000015258789,115.18000030517578,115.2300033569336,89.67042541503906,1477300
2019-06-27,115.29000091552734,115.52999877929688,115.2300033569336,115.44999694824219,89.84162902832031,462300
2019-06-28,115.33999633789062,115.55999755859375,115.30999755859375,115.48999786376953,89.87272644042969,2422700
2019-07-01,114.9800033569336,115.0199966430664,114.4800033569336,114.63999938964844,89.68653106689453,1708400
2019-07-02,114.63999938964844,114.83999633789062,114.58000183105469,114.69999694824219,89.73345947265625,3109600
2019-07-03,114.9000015258789,115.05000305175781,114.88999938964844,115.0,89.9681625366211,560500
2019-07-05,114.51000213623047,114.72000122070312,114.25,114.6500015258789,89.69437408447266,708200
2019-07-08,114.87999725341797,114.91999816894531,114.66999816894531,114.66999816894531,89.71001434326172,639700
2019-07-09,114.7699966430664,114.88999938964844,114.61000061035156,114.79000091552734,89.80390167236328,436400
2019-07-10,115.0,115.08999633789062,114.8499984741211,114.98999786376953,89.96034240722656,1635700
2019-07-11,115.08000183105469,115.0999984741211,114.62000274658203,114.62999725341797,89.67872619628906,884700
2019-07-12,114.55999755859375,114.91000366210938,114.55999755859375,114.83000183105469,89.83519744873047,809100
2019-07-15,114.83999633789062,115.16999816894531,114.83999633789062,115.12000274658203,90.06205749511719,2156000
2019-07-16,114.9000015258789,114.98999786376953,114.8499984741211,114.93000030517578,89.91345977783203,1411400
2019-07-17,115.05000305175781,115.22000122070312,115.05000305175781,115.16999816894531,90.10118103027344,505800
2019-07-18,115.13999938964844,115.43000030517578,114.95999908447266,115.41000366210938,90.28892517089844,599800
2019-07-19,115.2300033569336,115.43000030517578,115.2300033569336,115.2300033569336,90.14814758300781,1135200
2019-07-22,115.36000061035156,115.41999816894531,115.26000213623047,115.26000213623047,90.17160034179688,939700
2019-07-23,115.2300033569336,115.33000183105469,115.12999725341797,115.2300033569336,90.14814758300781,377200
2019-07-24,115.25,115.37999725341797,115.19999694824219,115.26000213623047,90.17160034179688,662200
2019-07-25,115.18000030517578,115.22000122070312,115.0,115.06999969482422,90.02294158935547,669500
2019-07-26,115.18000030517578,115.19000244140625,114.9000015258789,114.98999786376953,89.96034240722656,472600
2019-07-29,115.08999633789062,115.0999984741211,114.88999938964844,114.88999938964844,89.88213348388672,620600
2019-07-30,115.05999755859375,115.12999725341797,114.94000244140625,115.05999755859375,90.01513671875,924200
2019-07-31,115.0999984741211,115.55999755859375,114.97000122070312,115.23999786376953,90.15591430664062,1327500
2019-08-01,114.79000091552734,115.51000213623047,114.72000122070312,115.38999938964844,90.48529052734375,2549100
2019-08-02,115.41999816894531,115.5,115.11000061035156,115.47000122070312,90.54802703857422,2097600
2019-08-05,115.62999725341797,115.91999816894531,115.55999755859375,115.87000274658203,90.8616943359375,3091200
2019-08-06,115.81999969482422,116.30000305175781,115.7699966430664,116.30000305175781,91.19886779785156,2889600
2019-08-07,116.87000274658203,117.08000183105469,116.23999786376953,116.36000061035156,91.2459487915039,2157800
2019-08-08,116.19999694824219,116.69000244140625,116.05000305175781,116.66000366210938,91.481201171875,1248300
2019-08-09,116.76000213623047,116.98999786376953,116.47000122070312,116.54000091552734,91.38709259033203,678100
2019-08-12,116.93000030517578,117.16000366210938,116.77999877929688,117.01000213623047,91.75566864013672,543200
2019-08-13,117.19999694824219,117.22000122070312,116.6500015258789,116.81999969482422,91.6066665649414,1379100
2019-08-14,117.19000244140625,117.25,116.94999694824219,117.04000091552734,91.7791519165039,619300
2019-08-15,117.19000244140625,117.79000091552734,117.02999877929688,117.55999755859375,92.18694305419922,772700
2019-08-16,117.19000244140625,117.30000305175781,116.95999908447266,117.22000122070312,91.92031860351562,548500
2019-08-19,116.72000122070312,117.01000213623047,116.72000122070312,116.77999877929688,91.5752944946289,600000
2019-08-20,117.05999755859375,117.12999725341797,116.9000015258789,116.93000030517578,91.69293212890625,607000
2019-08-21,116.80999755859375,117.26000213623047,116.7300033569336,116.80999755859375,91.59881591796875,938100
2019-08-22,116.69999694824219,116.91000366210938,116.38999938964844,116.70999908447266,91.52037048339844,961300
2019-08-23,116.7300033569336,117.5,116.66000366210938,117.37999725341797,92.04580688476562,756500
2019-08-26,117.43000030517578,117.55000305175781,117.1500015258789,117.25,91.94384765625,1263700
2019-08-27,117.41000366210938,117.80999755859375,117.31999969482422,117.80000305175781,92.37512969970703,954200
2019-08-28,118.12999725341797,118.22000122070312,117.98999786376953,118.02999877929688,92.55547332763672,628600
2019-08-29,117.97000122070312,118.13999938964844,117.79000091552734,118.0999984741211,92.6103744506836,1308700
2019-08-30,118.01000213623047,118.05000305175781,117.63999938964844,117.6500015258789,92.25751495361328,955000
2019-09-03,117.51000213623047,117.94000244140625,117.38999938964844,117.44999694824219,92.14688873291016,5779500
2019-09-04,117.5,117.73999786376953,117.47000122070312,117.73999786376953,92.37443542480469,1538400
2019-09-05,117.2699966430664,117.3499984741211,116.9000015258789,117.20999908447266,91.95858764648438,1541700
2019-09-06,117.12000274658203,117.37999725341797,117.11000061035156,117.30999755859375,92.03703308105469,1216900
2019-09-09,116.91000366210938,116.94000244140625,116.69000244140625,116.70999908447266,91.56631469726562,1059600
2019-09-10,116.72000122070312,116.83999633789062,116.04000091552734,116.04000091552734,91.04063415527344,834000
2019-09-11,116.12999725341797,116.2699966430664,115.91000366210938,115.91000366210938,90.93864440917969,1774100
2019-09-12,116.44999694824219,116.56999969482422,115.75,115.81999969482422,90.8680648803711,1058200
2019-09-13,115.58000183105469,115.75,115.13999938964844,115.13999938964844,90.3345718383789,953300
2019-09-16,115.7699966430664,115.95999908447266,115.63999938964844,115.83000183105469,90.87590789794922,1516500
2019-09-17,115.83000183105469,116.16999816894531,115.7699966430664,115.9800033569336,90.99358367919922,2191700
2019-09-18,116.30000305175781,116.38999938964844,115.54000091552734,115.62000274658203,90.71112823486328,941800
2019-09-19,115.94000244140625,116.04000091552734,115.80999755859375,115.8499984741211,90.89159393310547,1742100
2019-09-20,116.05000305175781,116.5,116.05000305175781,116.48999786376953,91.39373016357422,630000
2019-09-23,116.54000091552734,116.88999938964844,116.48999786376953,116.6500015258789,91.51924896240234,691600
2019-09-24,116.72000122070312,116.98999786376953,116.69999694824219,116.91000366210938,91.72322845458984,533600
2019-09-25,116.75,116.7699966430664,116.18000030517578,116.30000305175781,91.24463653564453,736600
2019-09-26,116.41000366210938,116.56999969482422,116.30999755859375,116.37000274658203,91.29957580566406,931500
2019-09-27,116.30999755859375,116.43000030517578,116.1500015258789,116.19000244140625,91.15834045410156,675600
2019-09-30,116.0199966430664,116.36000061035156,115.80999755859375,116.29000091552734,91.23680114746094,2129700
2019-10-01,115.63999938964844,116.33999633789062,115.58000183105469,116.31999969482422,91.41439819335938,3965000
2019-10-02,116.2699966430664,116.51000213623047,116.18000030517578,116.31999969482422,91.41439819335938,2123800
2019-10-03,116.43000030517578,116.97000122070312,116.43000030517578,116.69000244140625,91.7052001953125,1389300
2019-10-04,116.79000091552734,117.16000366210938,116.76000213623047,117.05000305175781,91.98812103271484,792900
2019-10-07,116.91999816894531,117.08999633789062,116.7300033569336,116.7300033569336,91.73664855957031,635000
2019-10-08,116.91000366210938,116.94999694824219,116.5,116.62000274658203,91.65018463134766,839100
2019-10-09,116.5,116.54000091552734,116.19000244140625,116.37999725341797,91.4615707397461,1180600
2019-10-10,116.2699966430664,116.2699966430664,115.83999633789062,116.01000213623047,91.1707763671875,776900
2019-10-11,115.69000244140625,115.94999694824219,115.52999877929688,115.6500015258789,90.88784790039062,2313100
2019-10-14,115.95999908447266,115.95999908447266,115.69999694824219,115.83999633789062,91.03716278076172,772600
2019-10-15,115.80999755859375,115.87999725341797,115.41000366210938,115.44999694824219,90.73069763183594,1165000
2019-10-16,115.45999908447266,115.80000305175781,115.37999725341797,115.62999725341797,90.87216186523438,981200
2019-10-17,115.54000091552734,115.91000366210938,115.48999786376953,115.79000091552734,90.99789428710938,1122200
2019-10-18,115.9000015258789,116.05999755859375,115.83000183105469,115.97000122070312,91.13935089111328,525000
2019-10-21,115.68000030517578,115.87999725341797,115.58999633789062,115.5999984741211,90.84857940673828,1151000
2019-10-22,115.86000061035156,115.94999694824219,115.69000244140625,115.94999694824219,91.12362670898438,1075700
2019-10-23,116.08999633789062,116.20999908447266,115.9800033569336,116.02999877929688,91.18648529052734,946600
2019-10-24,116.0999984741211,116.30999755859375,116.0199966430664,116.0999984741211,91.24151611328125,928100
2019-10-25,116.12999725341797,116.19999694824219,115.94999694824219,116.12000274658203,91.25724029541016,807700
2019-10-28,115.73999786376953,115.79000091552734,115.54000091552734,115.55999755859375,90.81714630126953,1007800
2019-10-29,115.55999755859375,115.61000061035156,115.2699966430664,115.2699966430664,90.58924865722656,776500
2019-10-30,115.44999694824219,115.70999908447266,115.4000015258789,115.69999694824219,90.92718505859375,738500
2019-10-31,115.94999694824219,116.3499984741211,115.94999694824219,116.05999755859375,91.21009063720703,1396700
2019-11-01,116.08999633789062,116.33999633789062,115.9800033569336,116.20999908447266,91.34371948242188,7946400
2019-11-04,116.04000091552734,116.19000244140625,115.98999786376953,116.12999725341797,91.28082275390625,1705200
2019-11-05,115.91000366210938,116.0,115.73999786376953,115.91000366210938,91.10790252685547,967000
2019-11-06,116.02999877929688,116.27999877929688,116.02999877929688,116.27999877929688,91.39871978759766,1009800
2019-11-07,115.98999786376953,116.0,115.41000366210938,115.62999725341797,90.88780212402344,1245500
2019-11-08,115.41000366210938,115.6500015258789,115.4000015258789,115.55999755859375,90.83277130126953,742200
2019-11-11,115.69999694824219,115.72000122070312,115.54000091552734,115.62000274658203,90.87993621826172,530200
2019-11-12,115.62000274658203,115.72000122070312,115.5199966430664,115.5999984741211,90.8642349243164,1609600
2019-11-13,115.79000091552734,115.80999755859375,115.62999725341797,115.69999694824219,90.94283294677734,614600
2019-11-14,115.94000244140625,116.0999984741211,115.88999938964844,115.97000122070312,91.15508270263672,1247400
2019-11-15,115.7699966430664,116.0,115.73999786376953,115.83000183105469,91.04499053955078,813300
2019-11-18,115.87999725341797,116.0999984741211,115.87000274658203,116.05999755859375,91.22579193115234,613900
2019-11-19,116.0999984741211,116.30000305175781,116.08999633789062,116.2699966430664,91.39086151123047,437300
2019-11-20,116.41999816894531,116.72000122070312,116.41999816894531,116.72000122070312,91.74457550048828,666100
2019-11-21,116.41000366210938,116.55999755859375,116.29000091552734,116.45999908447266,91.5401840209961,803500
2019-11-22,116.4800033569336,116.5999984741211,116.38999938964844,116.5,91.57164001464844,2323700
2019-11-25,116.56999969482422,116.69000244140625,116.54000091552734,116.62999725341797,91.67383575439453,818000
2019-11-26,116.77999877929688,116.88999938964844,116.77999877929688,116.87999725341797,91.87034606933594,620200
2019-11-27,116.70999908447266,116.7699966430664,116.62000274658203,116.6500015258789,91.68953704833984,510800
2019-11-29,116.62000274658203,116.6500015258789,116.25,116.37999725341797,91.47728729248047,1013000
2019-12-02,115.86000061035156,116.12000274658203,115.7699966430664,116.11000061035156,91.34673309326172,2283500
2019-12-03,116.41999816894531,116.97000122070312,116.41999816894531,116.83000183105469,91.91317749023438,1277600
2019-12-04,116.69999694824219,116.83999633789062,116.5999984741211,116.75,91.85025787353516,773500
2019-12-05,116.5,116.62999725341797,116.44999694824219,116.58000183105469,91.71647644042969,679800
2019-12-06,116.3499984741211,116.55000305175781,116.29000091552734,116.5,91.6535415649414,524000
2019-12-09,116.66999816894531,116.72000122070312,116.47000122070312,116.52999877929688,91.67716217041016,493200
2019-12-10,116.56999969482422,116.5999984741211,116.36000061035156,116.5,91.6535415649414,432700
2019-12-11,116.7300033569336,116.94999694824219,116.6500015258789,116.91000366210938,91.97612762451172,860700
2019-12-12,116.77999877929688,116.87000274658203,116.12000274658203,116.33999633789062,91.52767181396484,1439800
2019-12-13,116.44999694824219,116.83000183105469,116.23999786376953,116.80999755859375,91.8974380493164,1093900
2019-12-16,116.6500015258789,116.7300033569336,116.4800033569336,116.54000091552734,91.68502044677734,852800
2019-12-17,116.54000091552734,116.69999694824219,116.51000213623047,116.69999694824219,91.81092834472656,1612300
2019-12-18,116.6500015258789,116.72000122070312,116.5199966430664,116.56999969482422,91.70865631103516,1277000
2019-12-19,116.33999633789062,116.79000091552734,116.27999877929688,116.6500015258789,91.857421875,1410000
2019-12-20,116.6500015258789,116.7300033569336,116.56999969482422,116.58999633789062,91.8102035522461,1218100
2019-12-23,116.58000183105469,116.58999633789062,116.30000305175781,116.38999938964844,91.6527099609375,1067600
2019-12-24,116.2699966430664,116.58999633789062,116.25,116.52999877929688,91.76298522949219,340800
2019-12-26,116.54000091552734,116.62999725341797,116.44999694824219,116.61000061035156,91.82596588134766,385800
2019-12-27,116.5999984741211,116.69999694824219,116.5999984741211,116.6500015258789,91.857421875,657900
2019-12-30,116.47000122070312,116.69000244140625,116.4000015258789,116.69000244140625,91.88895416259766,932600
2019-12-31,116.4800033569336,116.75,116.44000244140625,116.56999969482422,91.79447174072266,1277000
2020-01-02,116.93000030517578,117.19000244140625,116.93000030517578,117.13999938964844,92.24333190917969,2150700
2020-01-03,117.55999755859375,117.83000183105469,117.5,117.68000030517578,92.6685562133789,1259900
2020-01-06,117.83999633789062,117.83999633789062,117.33000183105469,117.37999725341797,92.43231201171875,917500
2020-01-07,117.2300033569336,117.26000213623047,117.0199966430664,117.0199966430664,92.14881134033203,810500
2020-01-08,117.05000305175781,117.18000030517578,116.76000213623047,116.91000366210938,92.06221008300781,2121500
2020-01-09,116.66000366210938,116.91999816894531,116.58999633789062,116.9000015258789,92.05433654785156,1814000
2020-01-10,117.05000305175781,117.2699966430664,117.0199966430664,117.25,92.32994842529297,1609300
2020-01-13,117.16999816894531,117.2699966430664,117.05000305175781,117.2300033569336,92.31417083740234,1422700
2020-01-14,117.27999877929688,117.43000030517578,117.25,117.38999938964844,92.44017028808594,3290000
2020-01-15,117.5999984741211,117.5999984741211,117.47000122070312,117.4800033569336,92.51105499267578,1601600
2020-01-16,117.43000030517578,117.44999694824219,117.27999877929688,117.29000091552734,92.3614273071289,1205800
2020-01-17,117.12999725341797,117.19000244140625,117.0199966430664,117.0999984741211,92.21180725097656,920500
2020-01-21,117.30999755859375,117.54000091552734,117.30000305175781,117.4800033569336,92.51105499267578,1109700
2020-01-22,117.55000305175781,117.58999633789062,117.38999938964844,117.4000015258789,92.44805145263672,1154700
2020-01-23,117.62000274658203,117.75,117.5999984741211,117.63999938964844,92.63705444335938,2230200
2020-01-24,117.73999786376953,117.97000122070312,117.73999786376953,117.9000015258789,92.84180450439453,963300
2020-01-27,118.13999938964844,118.23999786376953,118.08999633789062,118.16999816894531,93.05440521240234,1111600
2020-01-28,118.19000244140625,118.20999908447266,117.98999786376953,117.98999786376953,92.91265106201172,743100
2020-01-29,118.12999725341797,118.51000213623047,118.12000274658203,118.41999816894531,93.25128173828125,1096400
2020-01-30,118.4800033569336,118.8499984741211,118.36000061035156,118.55000305175781,93.3536376953125,1199500
2020-01-31,118.72000122070312,119.0999984741211,118.69999694824219,119.05999755859375,93.75524139404297,2343900
2020-02-03,118.55999755859375,118.68000030517578,118.37000274658203,118.6500015258789,93.53215026855469,3061900
2020-02-04,118.33000183105469,118.33000183105469,118.01000213623047,118.13999938964844,93.13013458251953,1635700
2020-02-05,117.86000061035156,117.9800033569336,117.77999877929688,117.79000091552734,92.85420989990234,1443800
2020-02-06,117.80000305175781,118.05000305175781,117.80000305175781,118.01000213623047,93.02764129638672,1222400
2020-02-07,118.29000091552734,118.5,118.25,118.48999786376953,93.40601348876953,1071900
2020-02-10,118.58000183105469,118.73999786376953,118.5199966430664,118.66999816894531,93.54791259765625,627100
2020-02-11,118.4800033569336,118.4800033569336,118.27999877929688,118.31999969482422,93.27201843261719,600200
2020-02-12,118.0999984741211,118.26000213623047,118.05999755859375,118.19999694824219,93.17739868164062,1242900
2020-02-13,118.41999816894531,118.5,118.36000061035156,118.44999694824219,93.37449645996094,1314600
2020-02-14,118.52999877929688,118.63999938964844,118.51000213623047,118.54000091552734,93.44544982910156,817500
2020-02-18,118.69000244140625,118.87000274658203,118.63999938964844,118.80000305175781,93.65039825439453,1078500
2020-02-19,118.76000213623047,118.80000305175781,118.66000366210938,118.75,93.61096954345703,787100
2020-02-20,118.81999969482422,118.98999786376953,118.79000091552734,118.9800033569336,93.79231262207031,809600
2020-02-21,119.08000183105469,119.33000183105469,119.08000183105469,119.19999694824219,93.96573638916016,930200
2020-02-24,119.76000213623047,119.83000183105469,119.66000366210938,119.75,94.39927673339844,1489600
2020-02-25,119.62999725341797,119.93000030517578,119.5199966430664,119.55000305175781,94.2416000366211,1462300
2020-02-26,119.33000183105469,119.77999877929688,119.23999786376953,119.48999786376953,94.1943130493164,2459700
2020-02-27,119.80999755859375,119.97000122070312,119.63999938964844,119.83999633789062,94.47022247314453,3634200
2020-02-28,120.18000030517578,120.48999786376953,119.91999816894531,120.02999877929688,94.6200180053711,5021700
2020-03-02,120.26000213623047,120.6500015258789,120.08000183105469,120.30999755859375,94.84075164794922,12076100
2020-03-03,120.30999755859375,122.16999816894531,120.23999786376953,121.52999877929688,95.80244445800781,7529700
2020-03-04,121.73999786376953,121.97000122070312,121.2300033569336,121.3499984741211,95.66056823730469,4020600
2020-03-05,121.93000030517578,122.08000183105469,121.6500015258789,121.7300033569336,95.96015930175781,3796000
2020-03-06,122.91999816894531,123.16000366210938,121.9800033569336,122.54000091552734,96.5986557006836,3888600
2020-03-09,122.88999938964844,123.12000274658203,120.0,120.0199966430664,94.61212158203125,5756500
2020-03-10,120.18000030517578,120.5,116.29000091552734,116.58000183105469,91.90035247802734,9542100
2020-03-11,117.0999984741211,117.79000091552734,113.48999786376953,113.94000244140625,89.81926727294922,8568300
2020-03-12,113.37999725341797,118.41999816894531,107.37000274658203,113.66999816894531,89.60639190673828,12654600
2020-03-13,114.80000305175781,115.94999694824219,113.69999694824219,114.12000274658203,89.96115112304688,5230400
2020-03-16,113.72000122070312,114.19000244140625,112.51000213623047,113.33000183105469,89.33839416503906,5894300
2020-03-17,113.18000030517578,114.38999938964844,110.16000366210938,110.16000366210938,86.8394775390625,4496400
2020-03-18,110.20999908447266,111.3499984741211,108.37000274658203,108.80999755859375,85.7752456665039,4942100
2020-03-19,109.63999938964844,111.0999984741211,109.63999938964844,110.91999816894531,87.4385757446289,3017500
2020-03-20,112.12999725341797,116.0999984741211,111.16999816894531,115.86000061035156,91.33279418945312,3326900
2020-03-23,115.41999816894531,118.05999755859375,115.01000213623047,118.04000091552734,93.05128479003906,4261400
2020-03-24,117.3499984741211,119.13999938964844,117.0,118.11000061035156,93.10647583007812,3533400
2020-03-25,118.70999908447266,119.9000015258789,118.5199966430664,119.25,94.00511169433594,2921800
2020-03-26,120.27999877929688,121.72000122070312,119.4800033569336,119.86000061035156,94.48603057861328,4072700
2020-03-27,120.0,120.37000274658203,118.52999877929688,120.25,94.79344940185547,2621800
2020-03-30,120.1500015258789,120.37999725341797,118.29000091552734,118.33999633789062,93.28779602050781,3484400
2020-03-31,118.93000030517578,119.0,117.75,117.91999816894531,92.9566879272461,3063200
2020-04-01,118.76000213623047,119.12999725341797,118.31999969482422,118.45999908447266,93.5219497680664,8058800
2020-04-02,119.66000366210938,120.58000183105469,119.25,120.2699966430664,94.950927734375,2813500
2020-04-03,121.43000030517578,121.58999633789062,120.80999755859375,121.33000183105469,95.78778076171875,2990600
2020-04-06,121.47000122070312,121.52999877929688,121.02999877929688,121.25,95.72463989257812,2141600
2020-04-07,121.25,121.5199966430664,120.66999816894531,121.16999816894531,95.66146850585938,1655400
2020-04-08,121.04000091552734,121.30999755859375,120.25,120.33999633789062,95.00617980957031,11109900
2020-04-09,121.04000091552734,121.8499984741211,120.86000061035156,121.52999877929688,95.94567108154297,3010100
2020-04-13,121.66999816894531,121.91000366210938,121.56999969482422,121.75,96.11935424804688,1462100
2020-04-14,121.91999816894531,122.2699966430664,121.87000274658203,122.11000061035156,96.40357208251953,2983400
2020-04-15,122.62000274658203,122.6500015258789,122.11000061035156,122.23999786376953,96.50621795654297,1527200
2020-04-16,122.22000122070312,122.37999725341797,120.93000030517578,121.18000030517578,95.66935729980469,1914800
2020-04-17,121.29000091552734,121.44000244140625,120.33999633789062,120.5999984741211,95.21147155761719,2183500
2020-04-20,120.04000091552734,120.69000244140625,119.94999694824219,120.2300033569336,94.91936492919922,2014800
2020-04-21,120.70999908447266,121.06999969482422,120.5999984741211,120.83999633789062,95.40092468261719,1280000
2020-04-22,121.12000274658203,121.56999969482422,120.8499984741211,121.56999969482422,95.97722625732422,1830300
2020-04-23,121.77999877929688,121.9000015258789,121.3499984741211,121.5,95.92198944091797,2614500
2020-04-24,121.62999725341797,122.2300033569336,121.54000091552734,122.19000244140625,96.46671295166016,1119600
2020-04-27,122.12999725341797,122.31999969482422,121.9000015258789,121.94999694824219,96.27725219726562,2086200
2020-04-28,122.16000366210938,122.44999694824219,122.12000274658203,122.37000274658203,96.60887145996094,1362200
2020-04-29,122.30999755859375,122.45999908447266,122.0999984741211,122.22000122070312,96.49040222167969,1664900
2020-04-30,122.30999755859375,122.36000061035156,121.30999755859375,121.30999755859375,95.77198791503906,2968200
2020-05-01,121.05000305175781,121.12000274658203,120.62000274658203,121.01000213623047,95.7704086303711,1910900
2020-05-04,121.16999816894531,121.30000305175781,121.01000213623047,121.12999725341797,95.86537170410156,1484100
2020-05-05,121.02999877929688,121.37999725341797,120.91000366210938,121.2699966430664,95.97615051269531,3873000
2020-05-06,120.97000122070312,120.98999786376953,120.61000061035156,120.68000030517578,95.50924682617188,1844900
2020-05-07,120.91000366210938,121.54000091552734,120.81999969482422,121.44000244140625,96.11070251464844,1552100
2020-05-08,121.37000274658203,121.55000305175781,121.25,121.4000015258789,96.07905578613281,1113900
2020-05-11,121.25,121.33000183105469,120.9800033569336,120.9800033569336,95.74665832519531,1065800
2020-05-12,121.05999755859375,121.18000030517578,120.8499984741211,121.08999633789062,95.83370971679688,1582900
2020-05-13,121.2300033569336,121.43000030517578,121.02999877929688,121.19999694824219,95.9207763671875,1563900
2020-05-14,121.23999786376953,121.4000015258789,121.12000274658203,121.33999633789062,96.03157806396484,1141500
2020-05-15,121.45999908447266,121.55999755859375,121.31999969482422,121.55000305175781,96.19779205322266,1011500
2020-05-18,121.56999969482422,121.69999694824219,121.29000091552734,121.54000091552734,96.18984985351562,1561200
2020-05-19,121.44000244140625,121.56999969482422,121.36000061035156,121.4000015258789,96.07905578613281,1356200
2020-05-20,121.37999725341797,121.83000183105469,121.37999725341797,121.76000213623047,96.364013671875,880500
2020-05-21,121.70999908447266,121.9800033569336,121.52999877929688,121.62999725341797,96.26109313964844,1345700
2020-05-22,121.58000183105469,121.75,121.4800033569336,121.69999694824219,96.31649780273438,1358500
2020-05-26,121.5999984741211,121.62000274658203,121.25,121.25,95.96035766601562,1170900
2020-05-27,121.26000213623047,121.5199966430664,121.16000366210938,121.37000274658203,96.0553207397461,1079300
2020-05-28,121.4000015258789,121.7699966430664,121.33999633789062,121.75,96.3560562133789,967800
2020-05-29,121.77999877929688,121.9800033569336,121.5999984741211,121.80000305175781,96.39566040039062,2454500
2020-06-01,121.83000183105469,121.97000122070312,121.75,121.94999694824219,96.51432037353516,1528000
2020-06-02,121.9000015258789,121.93000030517578,121.5199966430664,121.68000030517578,96.3006591796875,1031900
2020-06-03,121.45999908447266,121.47000122070312,121.08000183105469,121.27999877929688,95.98407745361328,1743600
2020-06-04,121.16999816894531,121.20999908447266,120.79000091552734,120.81999969482422,95.6200180053711,1541500
2020-06-05,120.58999633789062,120.83999633789062,120.26000213623047,120.80999755859375,95.61212158203125,1451600
2020-06-08,120.7699966430664,121.06999969482422,120.76000213623047,121.06999969482422,95.81787872314453,1572700
2020-06-09,121.5999984741211,121.69000244140625,121.16000366210938,121.19000244140625,95.91287231445312,1943600
2020-06-10,121.66000366210938,122.1500015258789,121.55000305175781,122.12000274658203,96.6489028930664,1472000
2020-06-11,122.2699966430664,122.44999694824219,122.11000061035156,122.16000366210938,96.68053436279297,1569800
2020-06-12,122.01000213623047,122.12999725341797,121.7699966430664,121.83000183105469,96.41938018798828,1450900
2020-06-15,122.02999877929688,122.08000183105469,121.81999969482422,121.87999725341797,96.45895385742188,1898700
2020-06-16,121.70999908447266,121.9800033569336,121.51000213623047,121.81999969482422,96.41144561767578,2475800
2020-06-17,121.70999908447266,121.80999755859375,121.58000183105469,121.73999786376953,96.34815216064453,1574600
2020-06-18,121.94000244140625,122.36000061035156,121.81999969482422,122.29000091552734,96.78343963623047,1553800
2020-06-19,122.20999908447266,122.52999877929688,122.18000030517578,122.52999877929688,96.97337341308594,1673400
2020-06-22,122.63999938964844,122.83999633789062,122.58000183105469,122.83999633789062,97.21871185302734,1612300
2020-06-23,122.9000015258789,122.94999694824219,122.80999755859375,122.91000366210938,97.27410888671875,1556800
2020-06-24,122.88999938964844,123.0199966430664,122.70999908447266,122.73999786376953,97.13959503173828,1152100
2020-06-25,122.83999633789062,122.97000122070312,122.73999786376953,122.8499984741211,97.22663116455078,1291000
2020-06-26,122.95999908447266,123.08000183105469,122.91000366210938,123.05999755859375,97.39283752441406,1017400
2020-06-29,123.08000183105469,123.19999694824219,123.04000091552734,123.19999694824219,97.50361633300781,959700
2020-06-30,123.27999877929688,123.36000061035156,122.80999755859375,123.0,97.34532165527344,2665300
2020-07-01,122.86000061035156,123.08000183105469,122.72000122070312,123.08000183105469,97.40866088867188,1755100
2020-07-02,123.12999725341797,123.5999984741211,122.97000122070312,123.41999816894531,97.67771911621094,1557800
2020-07-06,123.33999633789062,123.69999694824219,123.19000244140625,123.66000366210938,97.86770629882812,1295700
2020-07-07,123.70999908447266,123.80000305175781,123.44000244140625,123.69000244140625,97.89144134521484,1148200
2020-07-08,123.55000305175781,123.69000244140625,123.47000122070312,123.47000122070312,97.7173080444336,1223100
2020-07-09,123.55000305175781,123.91999816894531,123.5,123.79000091552734,97.97054290771484,1168200
2020-07-10,123.8499984741211,123.9000015258789,123.62999725341797,123.66000366210938,97.86770629882812,832000
2020-07-13,123.5,123.93000030517578,123.4000015258789,123.93000030517578,98.08135986328125,1041000
2020-07-14,124.08999633789062,124.23999786376953,123.91999816894531,123.94999694824219,98.09719848632812,1037600
2020-07-15,123.8499984741211,124.06999969482422,123.81999969482422,123.87999725341797,98.04180145263672,1098400
2020-07-16,124.08999633789062,124.18000030517578,123.98999786376953,124.12999725341797,98.2396240234375,950900
2020-07-17,124.2699966430664,124.36000061035156,124.16999816894531,124.36000061035156,98.42168426513672,1058800
2020-07-20,124.6500015258789,124.75,124.44999694824219,124.52999877929688,98.55623626708984,1543800
2020-07-21,124.75,124.87000274658203,124.6500015258789,124.80999755859375,98.77779388427734,1066500
2020-07-22,125.12999725341797,125.12999725341797,124.80999755859375,124.80999755859375,98.77779388427734,1595300
2020-07-23,125.0,125.06999969482422,124.7300033569336,124.87000274658203,98.8252944946289,2465500
2020-07-24,124.86000061035156,124.9800033569336,124.80999755859375,124.83999633789062,98.80155944824219,1168000
2020-07-27,125.0,125.05000305175781,124.77999877929688,124.83999633789062,98.80155944824219,1888800
2020-07-28,124.87999725341797,125.08000183105469,124.86000061035156,125.06999969482422,98.98358917236328,853200
2020-07-29,125.11000061035156,125.36000061035156,125.08999633789062,125.36000061035156,99.21309661865234,1080100
2020-07-30,125.47000122070312,125.51000213623047,125.33999633789062,125.48999786376953,99.31597900390625,1497300
2020-07-31,125.54000091552734,125.91999816894531,125.37000274658203,125.86000061035156,99.60882568359375,2701700
2020-08-03,125.8499984741211,126.02999877929688,125.76000213623047,126.02999877929688,99.74335479736328,3755800
2020-08-04,126.26000213623047,126.37000274658203,126.13999938964844,126.30999755859375,99.96495819091797,1536500
2020-08-05,126.2699966430664,126.45999908447266,126.26000213623047,126.37000274658203,100.01244354248047,1778700
2020-08-06,126.6500015258789,126.87999725341797,126.44000244140625,126.51000213623047,100.12322235107422,1895900
2020-08-07,126.58999633789062,126.5999984741211,126.0999984741211,126.16999816894531,99.85414123535156,2206800
2020-08-10,126.38999938964844,126.41000366210938,125.9800033569336,126.0199966430664,99.73545837402344,1692400
2020-08-11,125.79000091552734,125.83000183105469,125.56999969482422,125.73999786376953,99.51383972167969,2608600
2020-08-12,125.83999633789062,125.94999694824219,125.62999725341797,125.81999969482422,99.57716369628906,2302200
2020-08-13,125.9000015258789,126.05000305175781,125.45999908447266,125.5,99.32390594482422,1879700
2020-08-14,125.4800033569336,125.5199966430664,125.29000091552734,125.29000091552734,99.15767669677734,2057200
2020-08-17,125.4800033569336,125.63999938964844,125.4000015258789,125.55999755859375,99.37139892578125,1587400
2020-08-18,125.80999755859375,126.12999725341797,125.73999786376953,126.12000274658203,99.81458282470703,1388200
2020-08-19,126.37999725341797,126.51000213623047,125.69999694824219,125.73999786376953,99.51383972167969,2010900
2020-08-20,125.86000061035156,126.1500015258789,125.33000183105469,125.62000274658203,99.41889190673828,1650300
2020-08-21,125.80999755859375,126.05000305175781,125.69999694824219,126.05000305175781,99.75918579101562,2029400
2020-08-24,126.38999938964844,126.4800033569336,126.26000213623047,126.30000305175781,99.95704650878906,2014100
2020-08-25,126.13999938964844,126.3499984741211,125.9000015258789,126.26000213623047,99.92536926269531,2188200
2020-08-26,126.31999969482422,126.54000091552734,126.16999816894531,126.51000213623047,100.12322235107422,1316200
2020-08-27,126.43000030517578,126.45999908447266,125.91999816894531,126.01000213623047,99.72753143310547,1804700
2020-08-28,126.41000366210938,126.61000061035156,126.22000122070312,126.41000366210938,100.04409790039062,2553500
2020-08-31,126.6500015258789,127.1500015258789,126.58000183105469,126.9800033569336,100.49518585205078,3307900
2020-09-01,127.04000091552734,127.20999908447266,126.83000183105469,127.05000305175781,100.55062103271484,3560800
2020-09-02,127.2300033569336,127.27999877929688,126.94999694824219,127.0999984741211,100.5901870727539,3262400
2020-09-03,126.9800033569336,127.01000213623047,126.55999755859375,126.66000366210938,100.241943359375,2666100
2020-09-04,126.73999786376953,126.73999786376953,126.11000061035156,126.2699966430664,99.93328857421875,2048300
2020-09-08,126.33999633789062,126.55000305175781,126.33000183105469,126.38999938964844,100.02827453613281,1821400
2020-09-09,126.6500015258789,126.80999755859375,126.31999969482422,126.45999908447266,100.08367156982422,2012100
2020-09-10,126.45999908447266,126.58000183105469,126.30999755859375,126.56999969482422,100.17072296142578,1845100
2020-09-11,126.5999984741211,126.66999816894531,126.43000030517578,126.5,100.1153564453125,1634800
2020-09-14,126.48999786376953,126.61000061035156,126.33000183105469,126.41999816894531,100.05204772949219,1450000
2020-09-15,126.41999816894531,126.58999633789062,126.4000015258789,126.51000213623047,100.12322235107422,1797600
2020-09-16,126.66999816894531,126.81999969482422,126.47000122070312,126.51000213623047,100.12322235107422,2265000
2020-09-17,126.54000091552734,126.62000274658203,126.3499984741211,126.58000183105469,100.17864227294922,1949700
2020-09-18,126.66999816894531,126.68000030517578,126.45999908447266,126.47000122070312,100.09156036376953,1311800
2020-09-21,126.4800033569336,126.56999969482422,126.20999908447266,126.23999786376953,99.90959167480469,4146000
2020-09-22,126.26000213623047,126.38999938964844,126.12999725341797,126.27999877929688,99.94123077392578,2661200
2020-09-23,126.30999755859375,126.37999725341797,126.08000183105469,126.1500015258789,99.83833312988281,2519400
2020-09-24,126.13999938964844,126.26000213623047,126.08999633789062,126.23999786376953,99.90959167480469,3391000
2020-09-25,126.19999694824219,126.41000366210938,126.1500015258789,126.41000366210938,100.04409790039062,2756300
2020-09-28,126.55000305175781,126.69000244140625,126.4800033569336,126.66999816894531,100.24984741210938,2220900
2020-09-29,126.7699966430664,126.94999694824219,126.70999908447266,126.87999725341797,100.41606903076172,1141400
2020-09-30,126.9000015258789,126.9000015258789,126.48999786376953,126.5,100.1153564453125,6230600
2020-10-01,126.06999969482422,126.30000305175781,125.93000030517578,126.05999755859375,100.09705352783203,10675700
2020-10-02,126.0999984741211,126.1500015258789,125.97000122070312,126.08000183105469,100.11294555664062,3120100
2020-10-05,126.05999755859375,126.05999755859375,125.69000244140625,125.69999694824219,99.81119537353516,2675300
2020-10-06,125.80000305175781,125.94000244140625,125.55000305175781,125.72000122070312,99.82711029052734,2184700
2020-10-07,125.75,125.80999755859375,125.61000061035156,125.70999908447266,99.81917572021484,1491200
2020-10-08,125.94999694824219,126.20999908447266,125.87000274658203,126.20999908447266,100.21617889404297,1923000
2020-10-09,126.19000244140625,126.2699966430664,126.0,126.25,100.24791717529297,1912700
2020-10-12,126.19000244140625,126.33999633789062,126.16000366210938,126.33000183105469,100.31146240234375,1263600
2020-10-13,126.29000091552734,126.47000122070312,126.26000213623047,126.33000183105469,100.31146240234375,1761000
2020-10-14,126.48999786376953,126.51000213623047,126.25,126.33000183105469,100.31146240234375,1135300
2020-10-15,126.37000274658203,126.37999725341797,126.22000122070312,126.29000091552734,100.27970123291016,923100
2020-10-16,126.36000061035156,126.41999816894531,126.25,126.33999633789062,100.31939697265625,1468800
2020-10-19,126.20999908447266,126.26000213623047,126.04000091552734,126.04000091552734,100.0811996459961,1577600
2020-10-20,126.05000305175781,126.11000061035156,125.87000274658203,125.93000030517578,99.99383544921875,2015700
2020-10-21,126.01000213623047,126.05000305175781,125.87999725341797,125.88999938964844,99.96208953857422,1617500
2020-10-22,125.9000015258789,125.9000015258789,125.66000366210938,125.69999694824219,99.81119537353516,2517000
2020-10-23,125.72000122070312,125.87999725341797,125.6500015258789,125.8499984741211,99.93033599853516,2846900
2020-10-26,125.9800033569336,126.02999877929688,125.83999633789062,125.94999694824219,100.00972747802734,2135600
2020-10-27,126.12000274658203,126.23999786376953,126.12000274658203,126.19999694824219,100.20824432373047,1521300
2020-10-28,126.13999938964844,126.16000366210938,125.94000244140625,126.04000091552734,100.0811996459961,2275700
2020-10-29,125.97000122070312,125.97000122070312,125.58999633789062,125.61000061035156,99.73973083496094,2698400
2020-10-30,125.61000061035156,125.66000366210938,125.16999816894531,125.2300033569336,99.43801879882812,3330300
2020-11-02,125.25,125.45999908447266,125.19999694824219,125.37000274658203,99.80264282226562,6642000
2020-11-03,125.29000091552734,125.29000091552734,124.97000122070312,125.2699966430664,99.7229995727539,5226500
2020-11-04,125.5999984741211,125.68000030517578,125.3499984741211,125.4800033569336,99.89018249511719,4789700
2020-11-05,125.58000183105469,125.66999816894531,125.45999908447266,125.58000183105469,99.96979522705078,3977000
2020-11-06,125.30000305175781,125.30000305175781,124.97000122070312,125.01000213623047,99.51604461669922,2495900
2020-11-09,124.61000061035156,124.68000030517578,124.31999969482422,124.6500015258789,99.2294692993164,3235600
2020-11-10,124.69000244140625,124.9800033569336,124.63999938964844,124.7699966430664,99.32498931884766,2641400
2020-11-11,124.88999938964844,124.98999786376953,124.80999755859375,124.98999786376953,99.50009155273438,1309000
2020-11-12,125.19999694824219,125.3499984741211,125.12000274658203,125.33999633789062,99.77872467041016,1726600
2020-11-13,125.44999694824219,125.44999694824219,125.2300033569336,125.33000183105469,99.770751953125,1362600
2020-11-16,125.30000305175781,125.41000366210938,125.11000061035156,125.16000366210938,99.63542938232422,2750800
2020-11-17,125.30999755859375,125.4000015258789,125.23999786376953,125.37000274658203,99.80264282226562,1310200
2020-11-18,125.5,125.58000183105469,125.26000213623047,125.41000366210938,99.83446502685547,1385900
2020-11-19,125.5199966430664,125.6500015258789,125.36000061035156,125.54000091552734,99.93792724609375,4095400
2020-11-20,125.63999938964844,125.83000183105469,125.58999633789062,125.81999969482422,100.16085052490234,1137500
2020-11-23,125.73999786376953,125.80000305175781,125.63999938964844,125.72000122070312,100.08125305175781,1331200
2020-11-24,125.72000122070312,125.80999755859375,125.63999938964844,125.76000213623047,100.11308288574219,1662300
2020-11-25,125.93000030517578,126.05000305175781,125.87999725341797,125.97000122070312,100.2802505493164,1045600
2020-11-27,126.06999969482422,126.27999877929688,126.06999969482422,126.27999877929688,100.52703857421875,1015400
2020-11-30,126.33999633789062,126.51000213623047,126.22000122070312,126.41999816894531,100.63849639892578,3271000
2020-12-01,126.12000274658203,126.16999816894531,125.80000305175781,126.0,100.4097900390625,6034200
2020-12-02,125.86000061035156,126.12000274658203,125.68000030517578,126.08999633789062,100.48146057128906,3320300
2020-12-03,126.3499984741211,126.47000122070312,126.20999908447266,126.44000244140625,100.76041412353516,3802200
2020-12-04,126.2300033569336,126.2699966430664,126.01000213623047,126.16999816894531,100.54522705078125,1773400
2020-12-07,126.48999786376953,126.66999816894531,126.44000244140625,126.5,100.80824279785156,3853700
2020-12-08,126.70999908447266,126.80000305175781,126.61000061035156,126.70999908447266,100.97557830810547,1535400
2020-12-09,126.66999816894531,126.68000030517578,126.51000213623047,126.55000305175781,100.8480453491211,2271100
2020-12-10,126.69000244140625,126.8499984741211,126.62000274658203,126.83999633789062,101.07917785644531,2169200
2020-12-11,126.8499984741211,126.93000030517578,126.69999694824219,126.83000183105469,101.07119750976562,1228400
2020-12-14,126.68000030517578,126.91000366210938,126.56999969482422,126.83000183105469,101.07119750976562,1327400
2020-12-15,126.87999725341797,127.05999755859375,126.83000183105469,127.05999755859375,101.25447845458984,1766300
2020-12-16,126.9000015258789,127.12000274658203,126.79000091552734,127.05000305175781,101.24651336669922,1915400
2020-12-17,127.33000183105469,127.38999938964844,127.01000213623047,127.0999984741211,101.30469512939453,1410500
2020-12-18,127.1500015258789,127.23999786376953,127.0,127.04000091552734,101.2568588256836,1912000
2020-12-21,127.13999938964844,127.19000244140625,126.9800033569336,127.0199966430664,101.2409439086914,1705700
2020-12-22,127.1500015258789,127.16999816894531,127.02999877929688,127.13999938964844,101.3365707397461,947600
2020-12-23,126.94000244140625,127.19999694824219,126.75,127.19999694824219,101.38436889648438,1639500
2020-12-24,127.2699966430664,127.31999969482422,127.20999908447266,127.25,101.42427825927734,768900
2020-12-28,127.20999908447266,127.3499984741211,127.11000061035156,127.33999633789062,101.4959945678711,1081200
2020-12-29,127.18000030517578,127.29000091552734,127.16000366210938,127.27999877929688,101.44815063476562,1321500
2020-12-30,127.18000030517578,127.38999938964844,127.12999725341797,127.37999725341797,101.52784729003906,2329400
2020-12-31,127.43000030517578,127.68000030517578,127.38999938964844,127.6500015258789,101.7430648803711,2360900
2021-01-04,127.48999786376953,127.91999816894531,127.45999908447266,127.79000091552734,101.85464477539062,3859900
2021-01-05,127.69000244140625,127.80000305175781,127.58000183105469,127.75,101.8227767944336,3888000
2021-01-06,127.5199966430664,127.5199966430664,127.12999725341797,127.37000274658203,101.5199203491211,3917200
2021-01-07,127.18000030517578,127.37000274658203,127.18000030517578,127.29000091552734,101.45613098144531,3264000
2021-01-08,127.1500015258789,127.18000030517578,126.58000183105469,126.79000091552734,101.0575942993164,2292500
2021-01-11,126.45999908447266,126.5999984741211,126.36000061035156,126.5199966430664,100.8424072265625,2786800
2021-01-12,126.69000244140625,126.80000305175781,126.4000015258789,126.69000244140625,100.97791290283203,3489100
2021-01-13,126.77999877929688,127.13999938964844,126.69000244140625,126.97000122070312,101.2010726928711,2524100
2021-01-14,126.97000122070312,127.1500015258789,126.8499984741211,127.02999877929688,101.2489013671875,2214400
2021-01-15,127.16999816894531,127.23999786376953,127.05999755859375,127.16999816894531,101.3604736328125,2681100
2021-01-19,127.3499984741211,127.5199966430664,127.16000366210938,127.47000122070312,101.5995864868164,2581100
2021-01-20,127.47000122070312,127.70999908447266,127.4000015258789,127.66000366210938,101.75103759765625,2619800
2021-01-21,127.66000366210938,127.97000122070312,127.5,127.97000122070312,101.99812316894531,3029400
2021-01-22,127.83999633789062,127.9000015258789,127.7300033569336,127.7699966430664,101.83873748779297,1648100
2021-01-25,127.94000244140625,128.22999572753906,127.88999938964844,128.10000610351562,102.10173034667969,2102900
2021-01-26,128.11000061035156,128.14999389648438,127.81999969482422,127.91000366210938,101.95028686523438,2696200
2021-01-27,127.97000122070312,128.0500030517578,127.81999969482422,127.87000274658203,101.91844940185547,2070300
2021-01-28,128.02000427246094,128.16000366210938,127.91999816894531,128.1199951171875,102.11772155761719,1823800
2021-01-29,128.1300048828125,128.27000427246094,127.73999786376953,127.98999786376953,102.0140609741211,3341300
2021-02-01,127.8499984741211,127.94000244140625,127.70999908447266,127.70999908447266,101.79090118408203,7800000
2021-02-02,127.68000030517578,128.02000427246094,127.58999633789062,127.9000015258789,101.94231414794922,3343600
2021-02-03,127.87999725341797,127.9800033569336,127.83000183105469,127.83000183105469,101.88653564453125,1888700
2021-02-04,127.69999694824219,127.88999938964844,127.58000183105469,127.73999786376953,101.8147964477539,1943800
2021-02-05,127.70999908447266,127.80999755859375,127.61000061035156,127.70999908447266,101.79090118408203,1734000
2021-02-08,127.73999786376953,127.94999694824219,127.63999938964844,127.83000183105469,101.88653564453125,2188800
2021-02-09,127.93000030517578,128.02000427246094,127.83999633789062,127.9000015258789,101.94231414794922,2434400
2021-02-10,127.91000366210938,128.0399932861328,127.87000274658203,128.00999450683594,102.0300064086914,1599000
2021-02-11,128.05999755859375,128.05999755859375,127.7300033569336,127.86000061035156,101.91044616699219,1802900
2021-02-12,127.75,127.8499984741211,127.55999755859375,127.6500015258789,101.7430648803711,1995300
2021-02-16,127.33000183105469,127.4800033569336,126.9800033569336,127.02999877929688,101.2489013671875,2828100
2021-02-17,127.12999725341797,127.18000030517578,126.86000061035156,126.9800033569336,101.20905303955078,2404700
2021-02-18,126.80000305175781,126.80000305175781,126.44000244140625,126.44999694824219,100.78661346435547,2611800
2021-02-19,126.2300033569336,126.30999755859375,125.55000305175781,125.91000366210938,100.3562240600586,3543500
2021-02-22,125.86000061035156,126.02999877929688,125.77999877929688,125.9000015258789,100.34822845458984,2735700
2021-02-23,125.91999816894531,126.06999969482422,125.72000122070312,125.93000030517578,100.37213134765625,3199400
2021-02-24,125.62999725341797,125.95999908447266,125.54000091552734,125.83000183105469,100.29242706298828,3131500
2021-02-25,125.29000091552734,125.37000274658203,123.51000213623047,124.29000091552734,99.06497955322266,7721400
2021-02-26,124.48999786376953,125.83000183105469,124.30000305175781,125.83000183105469,100.29242706298828,6399400
2021-03-01,125.5999984741211,125.79000091552734,125.18000030517578,125.41000366210938,99.95769500732422,13489200
2021-03-02,125.33999633789062,125.94999694824219,125.33999633789062,125.91999816894531,100.36418151855469,3671500
2021-03-03,125.66999816894531,125.73999786376953,125.44999694824219,125.5999984741211,100.10911560058594,4606700
2021-03-04,125.69999694824219,125.7699966430664,124.88999938964844,125.12000274658203,99.72653198242188,5701600
2021-03-05,124.94000244140625,125.4000015258789,124.91000366210938,125.25,99.83015441894531,2570700
2021-03-08,125.19000244140625,125.2300033569336,124.55999755859375,124.55999755859375,99.28018188476562,3776600
2021-03-09,125.16000366210938,125.33999633789062,125.0199966430664,125.33999633789062,99.90190124511719,1801500
2021-03-10,125.4000015258789,125.91000366210938,125.4000015258789,125.91000366210938,100.3562240600586,1828000
2021-03-11,126.0,126.0999984741211,125.7699966430664,126.0199966430664,100.44387817382812,1612600
2021-03-12,125.27999877929688,125.27999877929688,124.86000061035156,125.02999877929688,99.6548080444336,2812300
2021-03-15,125.08999633789062,125.45999908447266,125.0199966430664,125.4000015258789,99.94972229003906,2098100
2021-03-16,125.6500015258789,125.77999877929688,125.44999694824219,125.66000366210938,100.15694427490234,1831300
2021-03-17,125.41999816894531,125.7300033569336,125.08999633789062,125.55000305175781,100.06926727294922,2518500
2021-03-18,124.86000061035156,124.98999786376953,124.66000366210938,124.66000366210938,99.35989379882812,4499200
2021-03-19,124.5999984741211,124.94000244140625,124.54000091552734,124.9000015258789,99.55120086669922,1474300
2021-03-22,125.0999984741211,125.5199966430664,125.08999633789062,125.5,100.02945709228516,1424600
2021-03-23,125.5,125.7699966430664,125.4000015258789,125.76000213623047,100.23664855957031,2294100
2021-03-24,125.7699966430664,126.0999984741211,125.72000122070312,126.08999633789062,100.4996566772461,1482500
2021-03-25,126.0999984741211,126.20999908447266,125.86000061035156,126.0,100.42794036865234,2120500
2021-03-26,125.9800033569336,126.2699966430664,125.97000122070312,126.02999877929688,100.45186614990234,1658600
2021-03-29,126.1500015258789,126.1500015258789,125.56999969482422,125.69000244140625,100.18085479736328,1629000
2021-03-30,125.38999938964844,125.55999755859375,125.31999969482422,125.47000122070312,100.00550842285156,1597100
2021-03-31,125.56999969482422,125.80000305175781,125.30999755859375,125.5,100.02945709228516,2781800
2021-04-01,125.37999725341797,125.58999633789062,125.2699966430664,125.55999755859375,100.31702423095703,3026600
2021-04-05,125.08999633789062,125.25,124.98999786376953,125.19999694824219,100.02944946289062,2094900
2021-04-06,125.3499984741211,125.52999877929688,125.2699966430664,125.2699966430664,100.08535766601562,2050100
2021-04-07,125.41000366210938,125.5999984741211,125.33000183105469,125.3499984741211,100.1492691040039,1519600
2021-04-08,125.56999969482422,125.70999908447266,125.5,125.62999725341797,100.37296295166016,1299600
2021-04-09,125.45999908447266,125.56999969482422,125.2699966430664,125.36000061035156,100.15724182128906,2891500
2021-04-12,125.37999725341797,125.43000030517578,125.25,125.37999725341797,100.17322540283203,1504700
2021-04-13,125.58999633789062,125.8499984741211,125.51000213623047,125.83999633789062,100.540771484375,2062600
2021-04-14,125.69999694824219,125.88999938964844,125.66000366210938,125.83999633789062,100.540771484375,1890100
2021-04-15,126.22000122070312,126.56999969482422,126.22000122070312,126.5199966430664,101.08405303955078,2047400
2021-04-16,126.36000061035156,126.58999633789062,126.30000305175781,126.4800033569336,101.05210876464844,1980900
2021-04-19,126.30000305175781,126.36000061035156,126.1500015258789,126.26000213623047,100.87630462646484,1829400
2021-04-20,126.04000091552734,126.38999938964844,126.04000091552734,126.33999633789062,100.94020080566406,1262000
2021-04-21,126.33999633789062,126.47000122070312,126.26000213623047,126.45999908447266,101.03612518310547,2158300
2021-04-22,126.5999984741211,126.69000244140625,126.37000274658203,126.61000061035156,101.15595245361328,2036200
2021-04-23,126.66999816894531,126.68000030517578,126.41000366210938,126.66999816894531,101.20389556884766,1564200
2021-04-26,126.55999755859375,126.77999877929688,126.5199966430664,126.73999786376953,101.25983428955078,1708800
2021-04-27,126.83999633789062,126.9000015258789,126.62999725341797,126.7300033569336,101.25182342529297,5229700
2021-04-28,126.97000122070312,127.16000366210938,126.79000091552734,127.12999725341797,101.57142639160156,2787900
2021-04-29,126.93000030517578,127.06999969482422,126.80000305175781,127.06999969482422,101.52346801757812,2167400
2021-04-30,126.95999908447266,127.05999755859375,126.83999633789062,126.98999786376953,101.45953369140625,2351500
2021-05-03,126.55999755859375,126.86000061035156,126.51000213623047,126.79000091552734,101.71224212646484,6701000
2021-05-04,127.18000030517578,127.29000091552734,126.94000244140625,127.08000183105469,101.94490051269531,5103200
2021-05-05,127.12999725341797,127.66000366210938,127.12999725341797,127.6500015258789,102.40215301513672,3928200
2021-05-06,127.66000366210938,127.87000274658203,127.44999694824219,127.5,102.28182983398438,4559100
2021-05-07,127.6500015258789,127.9000015258789,127.56999969482422,127.7699966430664,102.49842071533203,4880500
2021-05-10,128.00999450683594,128.2899932861328,127.77999877929688,127.83000183105469,102.5465316772461,2745000
2021-05-11,127.47000122070312,127.5999984741211,127.27999877929688,127.48999786376953,102.27381134033203,2535700
2021-05-12,127.69000244140625,127.76000213623047,127.25,127.2699966430664,102.0973129272461,3611900
2021-05-13,127.3499984741211,127.44000244140625,127.16999816894531,127.30000305175781,102.1213607788086,2992400
2021-05-14,127.48999786376953,127.79000091552734,127.44999694824219,127.75,102.48237609863281,2595200
2021-05-17,127.76000213623047,128.02000427246094,127.69999694824219,128.0,102.68294525146484,2225000
2021-05-18,127.8499984741211,128.05999755859375,127.77999877929688,127.80999755859375,102.53050231933594,2486300
2021-05-19,127.63999938964844,127.76000213623047,126.94000244140625,126.94000244140625,101.83256530761719,3527000
2021-05-20,127.08999633789062,127.26000213623047,126.94999694824219,127.08999633789062,101.95292663574219,2583000
2021-05-21,127.2699966430664,127.3499984741211,127.0999984741211,127.31999969482422,102.137451171875,2021100
2021-05-24,127.43000030517578,127.66000366210938,127.37999725341797,127.62999725341797,102.3861312866211,2740200
2021-05-25,127.91999816894531,128.0399932861328,127.83999633789062,127.98999786376953,102.67489624023438,1545700
2021-05-26,128.0,128.02999877929688,127.61000061035156,127.69999694824219,102.4422836303711,2570900
2021-05-27,127.45999908447266,127.69000244140625,127.37000274658203,127.69000244140625,102.43424224853516,3046600
2021-05-28,127.7699966430664,127.97000122070312,127.69999694824219,127.7699966430664,102.49842071533203,3884000
2021-06-01,127.16999816894531,127.45999908447266,127.0199966430664,127.45999908447266,102.79765319824219,6261000
2021-06-02,127.51000213623047,127.55000305175781,127.30000305175781,127.30000305175781,102.66859436035156,3177900
2021-06-03,127.12000274658203,127.1500015258789,126.87000274658203,126.87000274658203,102.32180786132812,3777400
2021-06-04,127.25,127.52999877929688,127.25,127.4800033569336,102.81373596191406,3445400
2021-06-07,127.48999786376953,127.51000213623047,127.19999694824219,127.19999694824219,102.58794403076172,2713000
2021-06-08,127.38999938964844,127.44999694824219,127.26000213623047,127.33000183105469,102.69280242919922,1870800
2021-06-09,127.5199966430664,127.66999816894531,127.2300033569336,127.33999633789062,102.70085144042969,3332300
2021-06-10,127.38999938964844,128.02000427246094,127.31999969482422,128.0,103.23314666748047,3485000
2021-06-11,128.0399932861328,128.10000610351562,127.51000213623047,127.66999816894531,102.96700286865234,2573700
2021-06-14,127.72000122070312,127.76000213623047,127.37000274658203,127.5999984741211,102.91051483154297,2169000
2021-06-15,127.63999938964844,127.83999633789062,127.61000061035156,127.80999755859375,103.07991027832031,6562100
2021-06-16,127.87999725341797,128.24000549316406,126.63999938964844,126.6500015258789,102.14434814453125,3990600
2021-06-17,126.6500015258789,127.16999816894531,126.44999694824219,127.12999725341797,102.53150177001953,4873500
2021-06-18,126.98999786376953,127.25,126.70999908447266,127.18000030517578,102.57182312011719,4629400
2021-06-21,126.97000122070312,127.08999633789062,126.79000091552734,126.95999908447266,102.39440155029297,2607600
2021-06-22,127.04000091552734,127.66000366210938,127.02999877929688,127.66000366210938,102.95892333984375,1933000
2021-06-23,127.6500015258789,127.72000122070312,127.5,127.69000244140625,102.98314666748047,2633100
2021-06-24,127.70999908447266,127.77999877929688,127.44000244140625,127.44999694824219,102.78955078125,2077500
2021-06-25,127.55999755859375,127.61000061035156,127.27999877929688,127.58000183105469,102.8944091796875,2426700
2021-06-28,127.77999877929688,127.97000122070312,127.7699966430664,127.7699966430664,103.04766845703125,1780700
2021-06-29,127.80999755859375,127.9000015258789,127.75,127.83999633789062,103.10409545898438,1613100
2021-06-30,128.00999450683594,128.2100067138672,127.98999786376953,128.00999450683594,103.24120330810547,2726500
2021-07-01,127.3499984741211,127.38999938964844,127.16000366210938,127.30000305175781,103.34105682373047,6201200
2021-07-02,127.45999908447266,127.86000061035156,127.41000366210938,127.83999633789062,103.77940368652344,5318400
2021-07-06,127.9800033569336,128.25999450683594,127.95999908447266,128.1699981689453,104.04730987548828,5628600
2021-07-07,128.36000061035156,128.42999267578125,127.98999786376953,128.0800018310547,103.97425079345703,3739500
2021-07-08,128.02000427246094,128.0800018310547,127.83999633789062,127.91000366210938,103.83625030517578,3737400
2021-07-09,127.80000305175781,127.95999908447266,127.72000122070312,127.93000030517578,103.85248565673828,2704000
2021-07-12,127.98999786376953,128.30999755859375,127.93000030517578,128.27000427246094,104.12849426269531,2775100
2021-07-13,128.5800018310547,128.66000366210938,128.2100067138672,128.27000427246094,104.12849426269531,2543200
2021-07-14,128.6699981689453,128.72000122070312,128.4199981689453,128.61000061035156,104.40450286865234,1730300
2021-07-15,128.8699951171875,129.00999450683594,128.6300048828125,129.0,104.7210922241211,2419100
2021-07-16,128.9600067138672,129.10000610351562,128.94000244140625,129.0,104.7210922241211,1607200
2021-07-19,129.35000610351562,129.52999877929688,128.99000549316406,129.0500030517578,104.76168060302734,4835400
2021-07-20,129.16000366210938,129.2899932861328,128.8800048828125,129.02999877929688,104.74549865722656,4167500
2021-07-21,128.80999755859375,128.86000061035156,128.60000610351562,128.6999969482422,104.47754669189453,4654800
2021-07-22,128.82000732421875,129.19000244140625,128.75999450683594,129.05999755859375,104.76980590820312,3061800
2021-07-23,129.19000244140625,129.6699981689453,129.14999389648438,129.63999938964844,105.24066925048828,17991800
2021-07-26,129.91000366210938,130.25999450683594,129.75999450683594,130.1999969482422,105.69525909423828,6587900
2021-07-27,130.1999969482422,130.27999877929688,129.97000122070312,130.1699981689453,105.67091369628906,3591100
2021-07-28,130.1199951171875,130.61000061035156,129.72000122070312,130.61000061035156,106.02811431884766,3485700
2021-07-29,130.47999572753906,130.6300048828125,130.3699951171875,130.3800048828125,105.84136199951172,3453100
2021-07-30,130.49000549316406,130.64999389648438,130.4499969482422,130.5800018310547,106.00372314453125,3894300
2021-08-02,129.8800048828125,130.14999389648438,129.77999877929688,129.85000610351562,106.0421142578125,10418900
2021-08-03,129.74000549316406,129.97000122070312,129.57000732421875,129.97000122070312,106.14008331298828,2642800
2021-08-04,129.97000122070312,130.08999633789062,129.52000427246094,129.72000122070312,105.93594360351562,3618200
2021-08-05,129.42999267578125,129.4600067138672,129.11000061035156,129.25999450683594,105.56029510498047,2912400
2021-08-06,128.77000427246094,129.02999877929688,128.72000122070312,128.97000122070312,105.323486328125,2789800
2021-08-09,128.9499969482422,129.0800018310547,128.72000122070312,128.74000549316406,105.1356430053711,3077000
2021-08-10,128.82000732421875,128.99000549316406,128.72999572753906,128.86000061035156,105.23360443115234,2786300
2021-08-11,128.7899932861328,129.1300048828125,128.63999938964844,129.07000732421875,105.4051284790039,2780600
2021-08-12,129.02999877929688,129.07000732421875,128.8300018310547,128.97000122070312,105.323486328125,2904100
2021-08-13,129.11000061035156,129.32000732421875,129.05999755859375,129.3000030517578,105.59297180175781,1947900
2021-08-16,129.41000366210938,129.57000732421875,129.36000061035156,129.42999267578125,105.69913482666016,2545000
2021-08-17,129.5,129.57000732421875,129.0800018310547,129.0800018310547,105.41328430175781,3217300
2021-08-18,129.08999633789062,129.1300048828125,128.7899932861328,129.10000610351562,105.42964172363281,4831500
2021-08-19,129.0800018310547,129.14999389648438,128.89999389648438,129.14999389648438,105.470458984375,5415900
2021-08-20,129.07000732421875,129.14999389648438,128.72999572753906,128.75,105.143798828125,2270000
2021-08-23,128.97999572753906,129.0800018310547,128.88999938964844,129.0500030517578,105.38880920410156,2436800
2021-08-24,129.0500030517578,129.25,129.0,129.0500030517578,105.38880920410156,3136100
2021-08-25,129.0800018310547,129.1300048828125,128.8800048828125,129.0,105.34796142578125,4473400
2021-08-26,129.0500030517578,129.0800018310547,128.89999389648438,129.02000427246094,105.36429595947266,2627200
2021-08-27,129.14999389648438,130.00999450683594,129.0500030517578,129.99000549316406,106.1564712524414,3107000
2021-08-30,130.14999389648438,130.22000122070312,129.80999755859375,129.97000122070312,106.14008331298828,2765400
2021-08-31,129.83999633789062,129.88999938964844,129.47000122070312,129.58999633789062,105.82980346679688,4555100
2021-09-01,128.47999572753906,128.75999450683594,128.41000366210938,128.75,105.87584686279297,11817000
2021-09-02,128.72000122070312,128.8000030517578,128.66000366210938,128.8000030517578,105.91696166992188,2925300
2021-09-03,128.69000244140625,128.72999572753906,128.57000732421875,128.6199951171875,105.76893615722656,3100300
2021-09-07,128.36000061035156,128.5,128.22999572753906,128.3000030517578,105.50579071044922,3480300
2021-09-08,128.67999267578125,128.88999938964844,128.58999633789062,128.82000732421875,105.9334487915039,2281400
2021-09-09,128.99000549316406,129.52999877929688,128.91000366210938,129.5,106.4925765991211,3040300
2021-09-10,129.4499969482422,129.52999877929688,129.07000732421875,129.13999938964844,106.1965560913086,2426500
2021-09-13,129.4600067138672,129.47000122070312,129.05999755859375,129.13999938964844,106.1965560913086,3171600
2021-09-14,129.1199951171875,129.4199981689453,129.0399932861328,129.2100067138672,106.25414276123047,3987700
2021-09-15,129.47000122070312,129.52000427246094,129.14999389648438,129.27999877929688,106.31166076660156,2575600
2021-09-16,129.08999633789062,129.19000244140625,128.99000549316406,129.07000732421875,106.13899993896484,1554600
2021-09-17,128.9499969482422,128.9499969482422,128.63999938964844,128.6999969482422,105.83475494384766,2162100
2021-09-20,128.86000061035156,128.94000244140625,128.7100067138672,128.82000732421875,105.9334487915039,3272700
2021-09-21,128.86000061035156,128.89999389648438,128.6300048828125,128.72999572753906,105.85941314697266,2819300
2021-09-22,128.75999450683594,128.91000366210938,128.4600067138672,128.60000610351562,105.75250244140625,2912800
2021-09-23,128.35000610351562,128.44000244140625,128.02000427246094,128.13999938964844,105.37419891357422,3702000
2021-09-24,127.88999938964844,127.97000122070312,127.69999694824219,127.81999969482422,105.11104583740234,3238700
2021-09-27,127.76000213623047,128.0500030517578,127.76000213623047,127.87999725341797,105.16040802001953,3169500
2021-09-28,127.80000305175781,127.80999755859375,127.58000183105469,127.5999984741211,104.93014526367188,3809600
2021-09-29,127.80000305175781,127.93000030517578,127.47000122070312,127.66999816894531,104.98773193359375,3307000
2021-09-30,127.5,127.75,127.4000015258789,127.69000244140625,105.00416564941406,3764700
2021-10-01,127.58000183105469,127.81999969482422,127.4800033569336,127.80999755859375,105.45963287353516,7280000
2021-10-04,127.68000030517578,127.86000061035156,127.58000183105469,127.80000305175781,105.45140075683594,9127100
2021-10-05,127.94000244140625,128.00999450683594,127.81999969482422,127.93000030517578,105.55867767333984,6185400
2021-10-06,127.97000122070312,128.0399932861328,127.80999755859375,127.86000061035156,105.50090026855469,2864100
2021-10-07,127.6500015258789,127.75,127.4800033569336,127.75,105.41012573242188,2616400
2021-10-08,127.80999755859375,127.87999725341797,127.6500015258789,127.77999877929688,105.43489837646484,2843300
2021-10-11,127.75,127.91999816894531,127.66999816894531,127.69999694824219,105.3688735961914,2967800
2021-10-12,127.88999938964844,128.10000610351562,127.76000213623047,127.94000244140625,105.56690979003906,3651800
2021-10-13,128.07000732421875,128.52999877929688,128.02999877929688,128.52000427246094,106.04544067382812,4373700
2021-10-14,128.6699981689453,128.83999633789062,128.5399932861328,128.77000427246094,106.25179290771484,4197400
2021-10-15,128.74000549316406,128.75,128.44000244140625,128.55999755859375,106.07847595214844,2197100
2021-10-18,128.35000610351562,128.49000549316406,128.0800018310547,128.2899932861328,105.85570526123047,2868700
2021-10-19,128.1199951171875,128.1300048828125,127.87000274658203,127.9800033569336,105.59990692138672,2126800
2021-10-20,127.87000274658203,128.3699951171875,127.83999633789062,128.2100067138672,105.78971099853516,5177800
2021-10-21,128.33999633789062,128.67999267578125,128.13999938964844,128.5,106.02899169921875,8850800
2021-10-22,128.74000549316406,128.8800048828125,128.4600067138672,128.75999450683594,106.24349212646484,4742400
2021-10-25,128.77000427246094,129.17999267578125,128.75999450683594,129.07000732421875,106.49932861328125,3460700
2021-10-26,129.1999969482422,129.5399932861328,128.97999572753906,129.52000427246094,106.87061309814453,4175200
2021-10-27,129.8000030517578,130.22000122070312,129.55999755859375,130.1300048828125,107.37394714355469,4194800
2021-10-28,129.47000122070312,129.61000061035156,128.77999877929688,129.0,106.4415283203125,7306900
2021-10-29,128.2100067138672,128.82000732421875,128.13999938964844,128.6699981689453,106.16925811767578,4994500
2021-11-01,128.6999969482422,128.75,127.86000061035156,128.0399932861328,105.74967193603516,5649200
2021-11-02,128.27000427246094,128.55999755859375,128.22999572753906,128.5500030517578,106.17091369628906,4797900
2021-11-03,128.5,128.8000030517578,128.22999572753906,128.3699951171875,106.02224731445312,3335000
2021-11-04,129.0500030517578,129.2899932861328,128.94000244140625,129.22000122070312,106.7242660522461,2985500
2021-11-05,129.52000427246094,129.77999877929688,129.39999389648438,129.6699981689453,107.0959243774414,3862900
2021-11-08,129.8800048828125,130.1300048828125,129.7899932861328,130.10000610351562,107.45110321044922,3581000
2021-11-09,130.55999755859375,130.9499969482422,130.36000061035156,130.86000061035156,108.07872772216797,3084900
2021-11-10,131.3000030517578,131.3699951171875,130.0,130.4600067138672,107.74842071533203,6254600
2021-11-11,130.57000732421875,130.60000610351562,130.39999389648438,130.44000244140625,107.73188018798828,2426600
2021-11-12,130.61000061035156,130.9499969482422,130.39999389648438,130.4199981689453,107.71533966064453,4085300
2021-11-15,130.5500030517578,130.75999450683594,130.41000366210938,130.44000244140625,107.73188018798828,4261600
2021-11-16,130.52999877929688,130.63999938964844,130.13999938964844,130.25,107.57495880126953,2772300
2021-11-17,130.0800018310547,130.5399932861328,130.0,130.50999450683594,107.7896728515625,4037100
2021-11-18,130.42999267578125,130.74000549316406,130.42999267578125,130.58999633789062,107.85574340820312,3099700
2021-11-19,130.66000366210938,130.9600067138672,130.3000030517578,130.35000610351562,107.65755462646484,2518200
2021-11-22,129.42999267578125,129.6999969482422,129.10000610351562,129.3000030517578,106.79032135009766,3503900
2021-11-23,128.99000549316406,129.02999877929688,128.42999267578125,128.8000030517578,106.37737274169922,3859500
2021-11-24,128.8699951171875,129.24000549316406,128.61000061035156,129.1999969482422,106.7077407836914,2725300
2021-11-26,129.39999389648438,129.8800048828125,129.25,129.83999633789062,107.2363510131836,2056900
2021-11-29,129.69000244140625,129.9199981689453,129.47000122070312,129.5399932861328,106.98857116699219,3803400
2021-11-30,129.9600067138672,130.22000122070312,129.39999389648438,129.66000366210938,107.08769226074219,5051400
2021-12-01,129.14999389648438,129.22999572753906,128.57000732421875,129.07000732421875,106.7535171508789,7504200
2021-12-02,129.07000732421875,129.52000427246094,128.88999938964844,129.4499969482422,107.06780242919922,3391400
2021-12-03,129.27000427246094,129.99000549316406,129.22999572753906,129.72000122070312,107.29114532470703,4030700
2021-12-06,129.85000610351562,129.94000244140625,129.10000610351562,129.1300048828125,106.80315399169922,6855000
2021-12-07,129.3699951171875,129.5399932861328,129.1999969482422,129.33999633789062,106.97681427001953,3824700
2021-12-08,129.3000030517578,129.32000732421875,128.97000122070312,129.1199951171875,106.79486846923828,3123600
2021-12-09,129.25999450683594,129.3699951171875,128.55999755859375,128.58999633789062,106.35651397705078,3774000
2021-12-10,128.6300048828125,128.88999938964844,128.5399932861328,128.5800018310547,106.34825134277344,2247700
2021-12-13,128.8300018310547,129.11000061035156,128.67999267578125,128.7100067138672,106.45579528808594,3605600
2021-12-14,128.3800048828125,128.41000366210938,128.02000427246094,128.3000030517578,106.11669158935547,4148200
2021-12-15,128.08999633789062,128.47999572753906,127.69000244140625,128.41000366210938,106.2076187133789,4290800
2021-12-16,128.00999450683594,128.05999755859375,127.56999969482422,127.88999938964844,106.42900848388672,3896900
2021-12-17,128.02000427246094,128.13999938964844,127.83000183105469,127.9000015258789,106.43730163574219,4022300
2021-12-20,127.86000061035156,127.98999786376953,127.77999877929688,127.83000183105469,106.37908172607422,4403300
2021-12-21,127.83999633789062,128.11000061035156,127.5999984741211,128.11000061035156,106.61207580566406,3902300
2021-12-22,128.1300048828125,128.7100067138672,127.98999786376953,128.52000427246094,106.95329284667969,3170000
2021-12-23,128.49000549316406,128.5,128.0500030517578,128.22999572753906,106.71194458007812,2785500
2021-12-27,128.27000427246094,128.7100067138672,128.22000122070312,128.66000366210938,107.06979370117188,3388800
2021-12-28,128.97000122070312,129.0500030517578,128.5399932861328,128.5800018310547,107.00322723388672,2866100
2021-12-29,128.27999877929688,128.6999969482422,128.02000427246094,128.69000244140625,107.0947494506836,4320200
2021-12-30,128.94000244140625,129.36000061035156,128.80999755859375,129.36000061035156,107.65230560302734,2926000
2021-12-31,129.22000122070312,129.30999755859375,129.07000732421875,129.1999969482422,107.51915740966797,3820400
2022-01-03,128.69000244140625,128.7100067138672,128.3800048828125,128.4600067138672,106.90336608886719,4573600
2022-01-04,128.32000732421875,128.4600067138672,127.76000213623047,127.97000122070312,106.49555969238281,5740700
2022-01-05,128.02000427246094,128.0399932861328,126.91999816894531,126.93000030517578,105.6301040649414,6622800
2022-01-06,126.44999694824219,126.47000122070312,126.0,126.37999725341797,105.1723861694336,7615500
2022-01-07,126.33000183105469,126.41000366210938,126.04000091552734,126.2300033569336,105.04756927490234,8132900
2022-01-10,126.02999877929688,126.4000015258789,125.8499984741211,126.38999938964844,105.18071746826172,6633200
2022-01-11,126.41999816894531,127.27999877929688,126.3499984741211,127.2699966430664,105.9130630493164,10839700
2022-01-12,127.11000061035156,127.16999816894531,126.43000030517578,126.44999694824219,105.23064422607422,7161900
2022-01-13,126.31999969482422,126.66000366210938,126.2300033569336,126.4800033569336,105.2556381225586,4735600
2022-01-14,126.26000213623047,126.31999969482422,125.8499984741211,125.91000366210938,104.78126525878906,6159500
2022-01-18,125.54000091552734,125.62999725341797,125.30000305175781,125.30999755859375,104.28192138671875,6517400
2022-01-19,125.37000274658203,125.44000244140625,125.05000305175781,125.05000305175781,104.0655746459961,7744200
2022-01-20,125.41999816894531,125.66999816894531,125.16999816894531,125.19999694824219,104.19039154052734,7190000
2022-01-21,125.69000244140625,126.05000305175781,125.54000091552734,125.9800033569336,104.83949279785156,6552400
2022-01-24,126.05000305175781,126.38999938964844,125.87000274658203,126.2699966430664,105.08084869384766,11250900
2022-01-25,126.23999786376953,126.48999786376953,125.95999908447266,126.05000305175781,104.89778900146484,6601000
2022-01-26,126.06999969482422,126.27999877929688,125.13999938964844,125.25,104.2320327758789,9557800
2022-01-27,125.56999969482422,125.87000274658203,125.37000274658203,125.76000213623047,104.65644073486328,17300800
2022-01-28,125.94000244140625,126.30000305175781,125.87000274658203,126.19999694824219,105.02259063720703,8506800
2022-01-31,126.08000183105469,126.54000091552734,126.06999969482422,126.54000091552734,105.3055419921875,7743300
2022-02-01,125.9000015258789,125.91999816894531,125.25,125.27999877929688,104.61991882324219,18785900
2022-02-02,125.30000305175781,125.69000244140625,125.23999786376953,125.41999816894531,104.73683166503906,8558200
2022-02-03,124.77999877929688,124.94999694824219,124.5999984741211,124.62999725341797,104.07711791992188,8142200
2022-02-04,124.08000183105469,124.29000091552734,123.77999877929688,123.91000366210938,103.47589111328125,9560900
2022-02-07,123.95999908447266,123.97000122070312,123.4800033569336,123.86000061035156,103.43409729003906,9979000
2022-02-08,123.6500015258789,123.88999938964844,123.54000091552734,123.69999694824219,103.30049133300781,5654300
2022-02-09,123.94999694824219,124.2699966430664,123.81999969482422,123.94000244140625,103.50092315673828,6164600
2022-02-10,123.62999725341797,123.73999786376953,122.91999816894531,122.94999694824219,102.67417907714844,13043800
2022-02-11,123.62999725341797,124.11000061035156,123.0999984741211,124.05000305175781,103.5927734375,14075400
2022-02-14,123.54000091552734,124.08000183105469,123.43000030517578,123.72000122070312,103.31720733642578,8381800
2022-02-15,123.37000274658203,123.48999786376953,123.19999694824219,123.20999908447266,102.89131164550781,7243800
2022-02-16,123.45999908447266,123.6500015258789,123.29000091552734,123.44999694824219,103.09171295166016,5819200
2022-02-17,123.69999694824219,123.97000122070312,123.06999969482422,123.7300033569336,103.32553100585938,7624000
2022-02-18,124.02999877929688,124.16000366210938,123.91999816894531,124.13999938964844,103.6679458618164,8066300
2022-02-22,124.19000244140625,124.52999877929688,124.08000183105469,124.5199966430664,103.98528289794922,4772200
2022-02-23,124.2699966430664,124.80000305175781,124.06999969482422,124.61000061035156,104.06040954589844,4752600
2022-02-24,126.26000213623047,126.5,124.7699966430664,125.12000274658203,104.48633575439453,10218600
2022-02-25,124.91999816894531,125.04000091552734,124.62999725341797,125.01000213623047,104.39446258544922,4615600
2022-02-28,125.83999633789062,127.25,125.83000183105469,127.18000030517578,106.20659637451172,7282300
2022-03-01,127.29000091552734,128.3000030517578,127.27999877929688,127.86000061035156,106.96707153320312,8968800
2022-03-02,127.62000274658203,127.73999786376953,127.0,127.02999877929688,106.27268981933594,5829800
2022-03-03,127.19999694824219,127.4000015258789,126.83999633789062,126.87999725341797,106.14720153808594,4892900
2022-03-04,127.66000366210938,128.47999572753906,127.66000366210938,127.8499984741211,106.95870208740234,4735200
2022-03-07,127.94000244140625,128.75999450683594,127.88999938964844,128.5399932861328,107.53595733642578,6720100
2022-03-08,128.75,129.47999572753906,128.3300018310547,129.16000366210938,108.05464935302734,6291000
2022-03-09,128.3300018310547,128.52000427246094,127.41000366210938,127.87999725341797,106.98381805419922,8093400
2022-03-10,127.27999877929688,127.86000061035156,126.77999877929688,127.5999984741211,106.74954986572266,4035000
2022-03-11,127.98999786376953,128.60000610351562,127.94999694824219,128.5,107.50251007080078,5043700
2022-03-14,127.7699966430664,127.7699966430664,127.08000183105469,127.08000183105469,106.31452178955078,3650600
2022-03-15,127.20999908447266,127.27999877929688,126.11000061035156,126.12999725341797,105.5197525024414,4662200
2022-03-16,125.91999816894531,126.18000030517578,124.55000305175781,125.4000015258789,104.9090576171875,5880300
2022-03-17,126.02999877929688,127.1500015258789,125.83000183105469,127.11000061035156,106.33960723876953,3732400
2022-03-18,126.63999938964844,127.36000061035156,126.4800033569336,126.72000122070312,106.01334381103516,4485100
2022-03-21,126.12000274658203,126.47000122070312,125.44999694824219,125.5999984741211,105.07635498046875,3459200
2022-03-22,125.44999694824219,125.69000244140625,124.95999908447266,125.0199966430664,104.59111022949219,3683400
2022-03-23,125.62000274658203,126.62000274658203,125.56999969482422,126.58999633789062,105.90458679199219,4621600
2022-03-24,126.23999786376953,126.5,125.7699966430664,125.80999755859375,105.25204467773438,5085900
2022-03-25,125.11000061035156,125.31999969482422,124.7300033569336,124.94999694824219,104.53255462646484,2761800
2022-03-28,125.0199966430664,125.37000274658203,124.80000305175781,124.80999755859375,104.41545104980469,2815400
2022-03-29,124.33999633789062,124.83999633789062,124.29000091552734,124.36000061035156,104.03899383544922,3139300
2022-03-30,124.44000244140625,125.08999633789062,124.41000366210938,124.97000122070312,104.54930114746094,2728100
2022-03-31,124.94000244140625,125.5199966430664,124.3499984741211,124.56999969482422,104.21467590332031,5546400
2022-04-01,122.75,123.58000183105469,122.54000091552734,123.08999633789062,103.64042663574219,5399200
2022-04-04,123.2300033569336,123.30000305175781,122.9000015258789,123.0,103.56463623046875,3284100
2022-04-05,122.87000274658203,122.97000122070312,122.06999969482422,122.11000061035156,102.81526947021484,4752300
2022-04-06,121.79000091552734,122.05000305175781,121.04000091552734,121.56999969482422,102.36062622070312,4662400
2022-04-07,121.54000091552734,121.79000091552734,121.19999694824219,121.41000366210938,102.22588348388672,3109300
2022-04-08,121.30000305175781,121.62999725341797,121.23999786376953,121.62999725341797,102.41109466552734,5256300
2022-04-11,121.01000213623047,121.47000122070312,120.9000015258789,121.41999816894531,102.23432159423828,4074400
2022-04-12,121.81999969482422,122.12000274658203,121.38999938964844,121.41000366210938,102.22588348388672,6454400
2022-04-13,121.55999755859375,121.76000213623047,121.12000274658203,121.18000030517578,102.03221893310547,4781400
2022-04-14,121.1500015258789,121.31999969482422,120.83000183105469,121.16999816894531,102.02381134033203,4916900
2022-04-18,121.33000183105469,121.38999938964844,121.0199966430664,121.12999725341797,101.99012756347656,3969600
2022-04-19,120.91000366210938,121.06999969482422,120.43000030517578,120.52999877929688,101.48493194580078,6102300
2022-04-20,120.81999969482422,121.58999633789062,120.73999786376953,121.41999816894531,102.23432159423828,6580000
2022-04-21,121.4000015258789,121.94000244140625,120.68000030517578,121.9000015258789,102.63846588134766,7096200
2022-04-22,121.77999877929688,122.3499984741211,121.3499984741211,121.41999816894531,102.23432159423828,4678600
2022-04-25,121.79000091552734,122.02999877929688,121.27999877929688,121.33000183105469,102.15852355957031,5231500
2022-04-26,121.55999755859375,121.69999694824219,121.23999786376953,121.58999633789062,102.37744140625,4330300
2022-04-27,121.68000030517578,121.70999908447266,121.1500015258789,121.38999938964844,102.20904541015625,6335700
2022-04-28,121.37999725341797,122.12000274658203,121.29000091552734,122.08000183105469,102.79002380371094,4564500
2022-04-29,121.8499984741211,122.23999786376953,120.81999969482422,121.06999969482422,101.93962097167969,8607200
2022-05-02,119.55000305175781,119.62000274658203,118.25,118.38999938964844,100.4614028930664,8579900
2022-05-03,119.29000091552734,119.6500015258789,118.79000091552734,118.81999969482422,100.8262710571289,6260800
2022-05-04,118.76000213623047,120.04000091552734,118.30999755859375,119.75,101.61547088623047,5375800
2022-05-05,118.94999694824219,119.19000244140625,118.08999633789062,118.48999786376953,100.5462417602539,4817100
2022-05-06,117.94000244140625,118.6500015258789,117.73999786376953,118.18000030517578,100.28321838378906,4995400
2022-05-09,117.94000244140625,117.98999786376953,117.5199966430664,117.72000122070312,99.89289093017578,5652000
2022-05-10,117.58000183105469,117.9800033569336,117.12999725341797,117.19000244140625,99.44316101074219,5760700
2022-05-11,117.36000061035156,118.73999786376953,117.0199966430664,118.61000061035156,100.64810943603516,5965600
2022-05-12,118.8499984741211,119.06999969482422,118.0199966430664,118.0999984741211,100.21532440185547,5169700
2022-05-13,118.20999908447266,118.73999786376953,118.01000213623047,118.70999908447266,100.73295593261719,4551800
2022-05-16,118.98999786376953,119.08000183105469,118.69999694824219,118.75,100.76689147949219,3105100
2022-05-17,118.55999755859375,118.66999816894531,118.05000305175781,118.1500015258789,100.25775909423828,3363700
2022-05-18,118.62999725341797,119.19000244140625,118.61000061035156,118.97000122070312,100.9535903930664,14954600
2022-05-19,119.41999816894531,119.5199966430664,118.16999816894531,118.55000305175781,100.59717559814453,8812500
2022-05-20,118.51000213623047,118.73999786376953,118.29000091552734,118.5999984741211,100.63961029052734,5597600
2022-05-23,118.43000030517578,118.69999694824219,118.16000366210938,118.18000030517578,100.28321838378906,3149600
2022-05-24,118.4000015258789,119.04000091552734,118.3499984741211,118.81999969482422,100.8262710571289,3232900
2022-05-25,119.06999969482422,119.06999969482422,118.5999984741211,118.91999816894531,100.91114807128906,3612600
2022-05-26,119.2300033569336,119.62999725341797,119.05999755859375,119.41000366210938,101.32696533203125,5993700
2022-05-27,119.73999786376953,119.86000061035156,119.61000061035156,119.79000091552734,101.64942169189453,3204900
2022-05-31,119.44000244140625,119.44999694824219,118.77999877929688,118.94000244140625,100.9281234741211,4760000
2022-06-01,117.5999984741211,117.69000244140625,116.98999786376953,117.08999633789062,100.51351165771484,4283200
2022-06-02,117.5,117.62999725341797,117.26000213623047,117.62999725341797,100.9770736694336,5457900
2022-06-03,117.30999755859375,118.36000061035156,117.30999755859375,118.30999755859375,101.56078338623047,4692400
2022-06-06,118.01000213623047,118.08000183105469,117.47000122070312,117.54000091552734,100.89978790283203,3466300
2022-06-07,117.66999816894531,117.91000366210938,117.56999969482422,117.81999969482422,101.1401596069336,2638200
2022-06-08,117.69999694824219,117.83999633789062,117.52999877929688,117.52999877929688,100.89119720458984,1961100
2022-06-09,117.44999694824219,117.69000244140625,117.30999755859375,117.51000213623047,100.87405395507812,2866800
2022-06-10,117.43000030517578,117.58999633789062,116.94000244140625,116.98999786376953,100.42767333984375,3241000
2022-06-13,115.62999725341797,115.87000274658203,114.58000183105469,115.0199966430664,98.736572265625,7081800
2022-06-14,114.5,114.55000305175781,113.01000213623047,113.44000244140625,97.38025665283203,12801700
2022-06-15,113.87000274658203,115.29000091552734,113.68000030517578,115.01000213623047,98.72795867919922,10128000
2022-06-16,113.58000183105469,114.9800033569336,113.25,114.66999816894531,98.43609619140625,5934500
2022-06-17,114.61000061035156,114.83000183105469,114.26000213623047,114.7300033569336,98.48761749267578,5015900
2022-06-21,114.33999633789062,114.66999816894531,114.2300033569336,114.33000183105469,98.14421844482422,2628700
2022-06-22,114.91000366210938,115.12999725341797,114.79000091552734,114.98999786376953,98.71082305908203,5163300
2022-06-23,115.54000091552734,115.79000091552734,115.19999694824219,115.33000183105469,99.002685546875,5523500
2022-06-24,115.45999908447266,115.80000305175781,115.27999877929688,115.44000244140625,99.09711456298828,3581400
2022-06-27,115.08999633789062,115.30999755859375,114.58000183105469,114.61000061035156,98.38459777832031,3885600
2022-06-28,114.56999969482422,114.5999984741211,114.12000274658203,114.20999908447266,98.0412368774414,3469600
2022-06-29,114.02999877929688,114.55000305175781,113.69000244140625,114.01000213623047,97.86954498291016,6274800
2022-06-30,114.58000183105469,114.76000213623047,113.88999938964844,113.91000366210938,97.7837142944336,8033400
2022-07-01,114.79000091552734,115.4000015258789,114.48999786376953,115.16999816894531,99.35813903808594,7041500
2022-07-05,115.30000305175781,115.3499984741211,114.70999908447266,114.8499984741211,99.0820541381836,4716100
2022-07-06,114.81999969482422,114.87000274658203,113.7699966430664,113.80999755859375,98.18485260009766,2909400
2022-07-07,114.27999877929688,114.29000091552734,113.4800033569336,113.62999725341797,98.02958679199219,2511700
2022-07-08,113.73999786376953,113.80999755859375,113.33999633789062,113.51000213623047,97.92603302001953,1919900
2022-07-11,113.83000183105469,114.0999984741211,113.58000183105469,113.69000244140625,98.08132934570312,2034200
2022-07-12,113.7300033569336,114.12999725341797,113.62999725341797,113.6500015258789,98.04683685302734,2604400
2022-07-13,113.61000061035156,114.54000091552734,113.47000122070312,114.23999786376953,98.55582427978516,3245600
2022-07-14,113.63999938964844,114.18000030517578,113.47000122070312,113.95999908447266,98.31426239013672,5758800
2022-07-15,114.19000244140625,114.70999908447266,114.0999984741211,114.62000274658203,98.88365936279297,4638600
2022-07-18,114.66999816894531,114.72000122070312,114.2699966430664,114.47000122070312,98.75425720214844,2302000
2022-07-19,114.43000030517578,114.66999816894531,114.31999969482422,114.3499984741211,98.65074157714844,4571400
2022-07-20,114.69000244140625,114.80999755859375,114.1500015258789,114.25,98.56444549560547,2787400
2022-07-21,114.29000091552734,114.95999908447266,114.0,114.95999908447266,99.17698669433594,8560600
2022-07-22,115.55999755859375,116.12000274658203,115.5199966430664,115.93000030517578,100.01380920410156,5918500
2022-07-25,115.58000183105469,115.98999786376953,115.55999755859375,115.70999908447266,99.82401275634766,11366300
2022-07-26,116.44000244140625,116.54000091552734,115.69999694824219,115.70999908447266,99.82401275634766,1796100
2022-07-27,116.0,116.69999694824219,115.95999908447266,116.44999694824219,100.46239471435547,2378500
2022-07-28,117.5,117.69000244140625,117.08999633789062,117.63999938964844,101.48906707763672,3283100
2022-07-29,117.91999816894531,118.4800033569336,117.77999877929688,118.2300033569336,101.99803924560547,3256700
2022-08-01,117.04000091552734,117.31999969482422,116.7699966430664,117.12999725341797,102.04507446289062,3576300
2022-08-02,116.9000015258789,117.19000244140625,115.5999984741211,115.75,100.84278869628906,3650800
2022-08-03,115.80000305175781,116.41999816894531,115.48999786376953,116.36000061035156,101.37427520751953,2442200
2022-08-04,116.1500015258789,116.44999694824219,116.04000091552734,116.33999633789062,101.3568115234375,2238700
2022-08-05,115.25,115.43000030517578,115.08000183105469,115.16999816894531,100.33750915527344,3098100
2022-08-08,115.75,116.0,115.69000244140625,115.95999908447266,101.02576446533203,3473200
2022-08-09,115.77999877929688,115.87999725341797,115.56999969482422,115.62999725341797,100.73828125,1453300
2022-08-10,115.68000030517578,116.0199966430664,115.41999816894531,115.43000030517578,100.56402587890625,1950500
2022-08-11,115.62000274658203,115.7699966430664,114.94999694824219,115.04000091552734,100.22423553466797,3714600
2022-08-12,115.4800033569336,115.56999969482422,115.16000366210938,115.48999786376953,100.61629486083984,2563100
2022-08-15,115.54000091552734,115.66000366210938,115.37000274658203,115.37000274658203,100.51172637939453,1950800
2022-08-16,115.38999938964844,115.48999786376953,115.08999633789062,115.4000015258789,100.53787231445312,2658100
2022-08-17,115.30999755859375,115.31999969482422,114.9000015258789,115.05000305175781,100.23295593261719,2086600
2022-08-18,115.29000091552734,115.87999725341797,115.0199966430664,115.63999938964844,100.74696350097656,3706400
2022-08-19,115.5,115.62999725341797,115.33999633789062,115.44000244140625,100.57271575927734,3423400
2022-08-22,115.47000122070312,115.48999786376953,115.19999694824219,115.22000122070312,100.38106536865234,3771500
2022-08-23,115.30000305175781,115.70999908447266,115.19999694824219,115.41000366210938,100.54657745361328,1664900
2022-08-24,115.2300033569336,115.4000015258789,115.11000061035156,115.38999938964844,100.52918243408203,1795000
2022-08-25,115.6500015258789,115.83000183105469,115.52999877929688,115.75,100.84278869628906,1468300
2022-08-26,115.72000122070312,115.83000183105469,115.33000183105469,115.58000183105469,100.6947021484375,1887800
2022-08-29,115.2300033569336,115.25,115.0199966430664,115.12999725341797,100.30265808105469,2117300
2022-08-30,114.94999694824219,115.20999908447266,114.69000244140625,114.93000030517578,100.12838745117188,2144200
2022-08-31,114.75,114.95999908447266,113.72000122070312,113.91000366210938,99.23978424072266,7620800
2022-09-01,111.83999633789062,112.02999877929688,111.51000213623047,111.62000274658203,98.48800659179688,5405500
2022-09-02,112.05999755859375,112.33000183105469,111.7300033569336,112.27999877929688,99.07040405273438,6140400
2022-09-06,111.80999755859375,111.87999725341797,111.18000030517578,111.20999908447266,98.12623596191406,3399100
2022-09-07,111.51000213623047,111.69000244140625,111.33999633789062,111.66999816894531,98.53215026855469,3352800
2022-09-08,111.37999725341797,111.56999969482422,110.9800033569336,111.05000305175781,97.98507690429688,3303200
2022-09-09,111.05999755859375,111.27999877929688,110.8499984741211,111.0999984741211,98.02919006347656,1903900
2022-09-12,111.19999694824219,111.26000213623047,110.5199966430664,110.7699966430664,97.73799896240234,3090300
2022-09-13,110.06999969482422,110.4800033569336,110.06999969482422,110.44000244140625,97.44684600830078,3606700
2022-09-14,110.4800033569336,110.79000091552734,110.44999694824219,110.72000122070312,97.69390106201172,1815400
2022-09-15,110.47000122070312,110.62000274658203,110.08999633789062,110.16000366210938,97.19978332519531,2617700
2022-09-16,110.0,110.18000030517578,109.63999938964844,109.69999694824219,96.7939224243164,2758100
2022-09-19,109.33000183105469,109.55000305175781,109.02999877929688,109.19999694824219,96.35269927978516,1639600
2022-09-20,108.7699966430664,109.16999816894531,108.72000122070312,109.02999877929688,96.20272827148438,2118800
2022-09-21,109.16000366210938,109.4800033569336,108.44999694824219,109.23999786376953,96.38801574707031,2939000
2022-09-22,108.70999908447266,108.79000091552734,107.87000274658203,108.0,95.29389953613281,3088400
2022-09-23,107.5999984741211,107.88999938964844,107.38999938964844,107.54000091552734,94.88801574707031,4059300
2022-09-26,107.3499984741211,107.37999725341797,105.79000091552734,105.81999969482422,93.37037658691406,5419000
2022-09-27,105.97000122070312,106.08999633789062,105.11000061035156,105.26000213623047,92.87625122070312,5123500
2022-09-28,106.1500015258789,107.18000030517578,105.80999755859375,107.12000274658203,94.5174331665039,2881900
2022-09-29,106.20999908447266,106.41000366210938,105.54000091552734,105.62000274658203,93.19390869140625,3468800
2022-09-30,105.4800033569336,105.61000061035156,104.62999725341797,104.9000015258789,92.5586166381836,5533400
2022-10-03,105.61000061035156,106.5199966430664,105.51000213623047,106.25,93.74981689453125,5368700
2022-10-04,106.88999938964844,107.05000305175781,106.54000091552734,106.66999816894531,94.120361328125,3470600
2022-10-05,106.2699966430664,106.30999755859375,105.58000183105469,105.83000183105469,93.37920379638672,3467200
2022-10-06,105.8499984741211,105.94999694824219,105.44999694824219,105.4800033569336,93.07038116455078,3821900
2022-10-07,105.16000366210938,105.79000091552734,105.13999938964844,105.51000213623047,93.09687042236328,3308600
2022-10-10,105.43000030517578,105.51000213623047,104.87999725341797,104.91000366210938,92.56743621826172,2910900
2022-10-11,105.26000213623047,105.91000366210938,105.18000030517578,105.51000213623047,93.09687042236328,4508600
2022-10-12,105.61000061035156,105.87999725341797,105.33999633789062,105.72000122070312,93.28215026855469,10208100
2022-10-13,104.79000091552734,105.8499984741211,104.79000091552734,105.5999984741211,93.17623901367188,4180400
2022-10-14,105.8499984741211,105.87000274658203,105.29000091552734,105.69000244140625,93.25566101074219,3884900
2022-10-17,106.25,106.45999908447266,105.9000015258789,105.9800033569336,93.51156616210938,2767500
2022-10-18,106.04000091552734,106.18000030517578,105.44999694824219,105.69999694824219,93.26449584960938,3003300
2022-10-19,105.11000061035156,105.30000305175781,104.91999816894531,105.16000366210938,92.78802490234375,2803800
2022-10-20,105.08000183105469,105.45999908447266,104.7699966430664,105.05999755859375,92.6998062133789,15171500
2022-10-21,105.0,105.7300033569336,104.86000061035156,105.33000183105469,92.93802642822266,6788500
2022-10-24,105.4000015258789,105.86000061035156,105.25,105.58000183105469,93.15859985351562,3027900
2022-10-25,105.9800033569336,106.2300033569336,105.81999969482422,106.01000213623047,93.53803253173828,3423300
2022-10-26,106.05000305175781,106.4800033569336,105.70999908447266,105.8499984741211,93.39684295654297,3923000
2022-10-27,106.41000366210938,106.79000091552734,106.12000274658203,106.66999816894531,94.120361328125,2817100
2022-10-28,106.58999633789062,106.91999816894531,106.29000091552734,106.54000091552734,94.00565338134766,3409500
2022-10-31,106.37000274658203,106.61000061035156,106.01000213623047,106.38999938964844,93.87332153320312,3145400
2022-11-01,107.05999755859375,107.08999633789062,106.20999908447266,106.37000274658203,93.8556900024414,2175700
2022-11-02,106.4800033569336,107.06999969482422,105.98999786376953,106.12999725341797,93.6439208984375,2056900
2022-11-03,105.16000366210938,105.55999755859375,104.91000366210938,104.94999694824219,92.60272979736328,3149800
2022-11-04,105.19000244140625,105.5,105.05999755859375,105.33999633789062,92.94685363769531,2209000
2022-11-07,105.63999938964844,105.70999908447266,105.41999816894531,105.47000122070312,93.06156158447266,2295300
2022-11-08,105.58000183105469,105.88999938964844,105.5,105.62000274658203,93.19390869140625,1681800
2022-11-09,105.4800033569336,105.77999877929688,105.06999969482422,105.4000015258789,92.99980926513672,2280600
2022-11-10,106.16000366210938,107.18000030517578,106.16000366210938,107.1500015258789,94.54388427734375,4163400
2022-11-11,106.97000122070312,107.12999725341797,106.80999755859375,107.08999633789062,94.4909439086914,2465600
2022-11-14,106.8499984741211,106.8499984741211,106.2300033569336,106.30000305175781,93.79389953613281,3491700
2022-11-15,106.66000366210938,107.11000061035156,106.55000305175781,106.98999786376953,94.40272521972656,2397500
2022-11-16,107.16000366210938,107.37000274658203,107.06999969482422,107.26000213623047,94.64097595214844,1985700
2022-11-17,106.77999877929688,106.8499984741211,106.36000061035156,106.52999877929688,93.9968490600586,2853300
2022-11-18,106.43000030517578,106.58000183105469,105.9000015258789,105.98999786376953,93.52039337158203,1851100
2022-11-21,106.37999725341797,106.62000274658203,106.11000061035156,106.55000305175781,94.01448059082031,2194900
2022-11-22,106.98999786376953,107.12999725341797,106.73999786376953,106.9800033569336,94.39389038085938,3023400
2022-11-23,106.93000030517578,107.56999969482422,106.88999938964844,107.56999969482422,94.91447448730469,1786500
2022-11-25,107.4800033569336,107.52999877929688,107.36000061035156,107.47000122070312,94.8262710571289,665300
2022-11-28,107.48999786376953,107.58999633789062,107.06999969482422,107.22000122070312,94.6056900024414,3710000
2022-11-29,106.87000274658203,107.08000183105469,106.69000244140625,106.76000213623047,94.19979095458984,2090100
2022-11-30,106.8499984741211,108.37000274658203,106.68000030517578,108.33999633789062,95.59391021728516,4520200
2022-12-01,108.4800033569336,109.37999725341797,108.45999908447266,109.37000274658203,96.61956024169922,9839800
2022-12-02,108.88999938964844,110.19999694824219,108.58999633789062,110.18000030517578,97.33511352539062,3393800
2022-12-05,109.45999908447266,109.4800033569336,108.79000091552734,109.05000305175781,96.33686065673828,3276700
2022-12-06,109.04000091552734,109.1500015258789,108.7699966430664,109.02999877929688,96.31919860839844,4906900
2022-12-07,109.16999816894531,109.52999877929688,108.95999908447266,109.5,96.73441314697266,2900600
2022-12-08,109.5,109.55000305175781,109.20999908447266,109.47000122070312,96.70787811279297,3183900
2022-12-09,108.93000030517578,109.05999755859375,108.36000061035156,108.43000030517578,95.78913879394531,2613000
2022-12-12,108.70999908447266,108.77999877929688,108.4000015258789,108.44000244140625,95.79796600341797,2735800
2022-12-13,109.16999816894531,109.30999755859375,108.6500015258789,108.76000213623047,96.0806655883789,4767700
2022-12-14,108.6500015258789,108.76000213623047,108.02999877929688,108.48999786376953,95.84215545654297,2882400
2022-12-15,108.2699966430664,108.33999633789062,107.7300033569336,108.16000366210938,95.85895538330078,2669900
2022-12-16,107.51000213623047,107.97000122070312,107.4800033569336,107.58000183105469,95.3449478149414,2290100
2022-12-19,107.5,107.51000213623047,107.18000030517578,107.20999908447266,95.01702117919922,2681700
2022-12-20,107.05000305175781,107.33999633789062,106.98999786376953,107.18000030517578,94.99042510986328,2942600
2022-12-21,107.83999633789062,107.9000015258789,107.41000366210938,107.76000213623047,95.50447082519531,6070000
2022-12-22,107.72000122070312,107.80000305175781,107.12000274658203,107.16999816894531,94.9815673828125,3674600
2022-12-23,107.0199966430664,107.11000061035156,106.73999786376953,106.93000030517578,94.76887512207031,2523500
2022-12-27,106.73999786376953,106.93000030517578,106.43000030517578,106.44000244140625,94.33460235595703,2464500
2022-12-28,106.62999725341797,106.77999877929688,106.29000091552734,106.31999969482422,94.2282485961914,3091400
2022-12-29,106.58999633789062,106.83999633789062,106.52999877929688,106.76000213623047,94.61819458007812,3141300
2022-12-30,106.38999938964844,106.80000305175781,106.27999877929688,106.44000244140625,94.33460235595703,4694700
2023-01-03,107.19999694824219,107.25,106.66999816894531,106.81999969482422,94.67134094238281,3740300
2023-01-04,107.18000030517578,107.30000305175781,106.79000091552734,106.88999938964844,94.73339080810547,3247800
2023-01-05,106.48999786376953,106.94999694824219,106.36000061035156,106.91999816894531,94.76000213623047,2377500
2023-01-06,107.0199966430664,107.94999694824219,106.94000244140625,107.9000015258789,95.62854766845703,3855300
2023-01-09,107.9000015258789,108.3499984741211,107.8499984741211,108.1500015258789,95.85012817382812,2640200
2023-01-10,107.86000061035156,108.0,107.63999938964844,107.70999908447266,95.46016693115234,2302000
2023-01-11,107.81999969482422,108.18000030517578,107.75,108.16999816894531,95.86781311035156,7551700
2023-01-12,108.4800033569336,109.02999877929688,108.0999984741211,109.0199966430664,96.62117767333984,3943700
2023-01-13,108.76000213623047,108.93000030517578,108.06999969482422,108.16999816894531,95.86781311035156,2833100
2023-01-17,107.87000274658203,108.20999908447266,107.83000183105469,107.86000061035156,95.59310150146484,2711500
2023-01-18,108.66999816894531,108.80000305175781,108.44999694824219,108.5999984741211,96.24893951416016,3919000
2023-01-19,108.61000061035156,109.29000091552734,108.44000244140625,109.2699966430664,96.84272003173828,4591500
2023-01-20,108.55000305175781,108.91000366210938,108.55000305175781,108.6500015258789,96.2932357788086,2878100
2023-01-23,108.58999633789062,108.80999755859375,108.52999877929688,108.55000305175781,96.20462799072266,3170400
2023-01-24,108.70999908447266,109.19000244140625,108.5,109.16999816894531,96.75410461425781,2913900
2023-01-25,109.1500015258789,109.38999938964844,108.97000122070312,109.38999938964844,96.9490737915039,2996900
2023-01-26,109.33000183105469,109.61000061035156,109.19999694824219,109.37999725341797,96.94023132324219,4193500
2023-01-27,109.08000183105469,109.26000213623047,109.01000213623047,109.13999938964844,96.7275161743164,2408700
2023-01-30,108.94000244140625,109.11000061035156,108.61000061035156,108.61000061035156,96.25782012939453,2462300
2023-01-31,108.86000061035156,108.9000015258789,108.33000183105469,108.6500015258789,96.2932357788086,4134300
2023-02-01,108.9800033569336,109.48999786376953,108.44000244140625,109.37999725341797,96.94023132324219,5419300
2023-02-02,109.66999816894531,109.80999755859375,109.18000030517578,109.2300033569336,96.8072738647461,5030900
2023-02-03,108.62999725341797,108.83999633789062,108.16999816894531,108.20999908447266,95.90330505371094,5375200
2023-02-06,107.80000305175781,107.95999908447266,107.69999694824219,107.77999877929688,95.5221939086914,5195500
2023-02-07,107.80999755859375,108.55000305175781,107.7699966430664,108.05999755859375,95.77034759521484,3758700
2023-02-08,108.27999877929688,108.66999816894531,108.1500015258789,108.62000274658203,96.26666259765625,2821200
2023-02-09,108.69999694824219,108.76000213623047,108.05999755859375,108.06999969482422,95.77923583984375,2648200
2023-02-10,108.11000061035156,108.16000366210938,107.66000366210938,107.68000030517578,95.43355560302734,3105600
2023-02-13,107.70999908447266,107.94000244140625,107.68000030517578,107.86000061035156,95.59310150146484,2259000
2023-02-14,107.7699966430664,108.01000213623047,107.16999816894531,107.5,95.27404022216797,3037800
2023-02-15,107.47000122070312,107.7300033569336,107.30000305175781,107.5,95.27404022216797,2631900
2023-02-16,107.38999938964844,107.66000366210938,107.19999694824219,107.23999786376953,95.04361724853516,4054900
2023-02-17,107.08000183105469,107.51000213623047,107.02999877929688,107.44999694824219,95.229736328125,5304300
2023-02-21,107.0999984741211,107.26000213623047,106.87000274658203,106.97000122070312,94.80430603027344,2344000
2023-02-22,107.3499984741211,107.51000213623047,106.83000183105469,106.91000366210938,94.7511215209961,5106800
2023-02-23,107.0,107.37999725341797,106.95999908447266,107.26000213623047,95.06133270263672,3038100
2023-02-24,106.7300033569336,106.7699966430664,106.3499984741211,106.55999755859375,94.44093322753906,3524300
2023-02-27,106.7699966430664,106.87000274658203,106.63999938964844,106.77999877929688,94.63592529296875,1614400
2023-02-28,106.5999984741211,107.26000213623047,106.5199966430664,107.18000030517578,94.99042510986328,3852500
2023-03-01,106.87999725341797,106.9800033569336,106.58999633789062,106.77999877929688,94.63592529296875,5948400
2023-03-02,106.66000366210938,106.91000366210938,106.6500015258789,106.86000061035156,94.70683288574219,3979000
2023-03-03,107.20999908447266,108.01000213623047,107.11000061035156,108.01000213623047,95.72602844238281,3710700
2023-03-06,107.98999786376953,108.0199966430664,107.43000030517578,107.43000030517578,95.21199798583984,3128600
2023-03-07,107.38999938964844,107.43000030517578,106.66000366210938,106.75,94.60932922363281,3565900
2023-03-08,106.83000183105469,107.02999877929688,106.19999694824219,106.23999786376953,94.1573486328125,4268100
2023-03-09,106.55999755859375,106.75,106.4000015258789,106.5199966430664,94.4054946899414,4310100
2023-03-10,107.25,108.08999633789062,107.23999786376953,108.08999633789062,95.79694366455078,5856500
2023-03-13,108.88999938964844,109.63999938964844,108.37000274658203,108.91000366210938,96.52368927001953,6223200
2023-03-14,108.95999908447266,109.16000366210938,108.2699966430664,108.30999755859375,95.9919204711914,5222800
2023-03-15,109.12999725341797,109.88999938964844,108.97000122070312,109.62999725341797,97.16182708740234,5923000
2023-03-16,109.97000122070312,110.01000213623047,108.36000061035156,108.38999938964844,96.06282043457031,7644200
2023-03-17,108.77999877929688,109.2300033569336,108.62000274658203,108.62000274658203,96.26666259765625,4457300
2023-03-20,108.97000122070312,108.97000122070312,108.45999908447266,108.72000122070312,96.35527801513672,2988800
2023-03-21,108.44999694824219,108.91000366210938,108.37000274658203,108.48999786376953,96.15145111083984,2988900
2023-03-22,108.69999694824219,110.11000061035156,108.62999725341797,109.9800033569336,97.47198486328125,5961800
2023-03-23,109.98999786376953,110.22000122070312,109.75,110.18000030517578,97.64924621582031,5372300
2023-03-24,110.3499984741211,110.51000213623047,109.86000061035156,109.9000015258789,97.40108489990234,8001000
2023-03-27,109.47000122070312,109.54000091552734,109.01000213623047,109.04000091552734,96.63890838623047,6509500
2023-03-28,109.0999984741211,109.62000274658203,109.06999969482422,109.37999725341797,96.94023132324219,3953300
2023-03-29,109.26000213623047,109.5999984741211,109.23999786376953,109.58999633789062,97.1263427734375,2400900
2023-03-30,109.66000366210938,109.81999969482422,109.62000274658203,109.69999694824219,97.22386932373047,2101300
2023-03-31,109.87000274658203,110.44000244140625,109.76000213623047,110.25,97.71128845214844,5667300
2023-04-03,110.37999725341797,110.80000305175781,110.1500015258789,110.31999969482422,97.88605499267578,6515100
2023-04-04,110.12999725341797,110.7699966430664,110.12000274658203,110.63999938964844,98.17001342773438,4266100
2023-04-05,110.93000030517578,111.26000213623047,110.70999908447266,110.9000015258789,98.40069580078125,5296400
2023-04-06,111.08000183105469,111.26000213623047,110.9800033569336,111.1500015258789,98.62251281738281,3074800
2023-04-10,110.52999877929688,110.58999633789062,110.3499984741211,110.36000061035156,97.92157745361328,2572900
2023-04-11,110.52999877929688,110.56999969482422,110.33000183105469,110.55000305175781,98.09015655517578,2317600
2023-04-12,110.38999938964844,110.68000030517578,110.25,110.58999633789062,98.12566375732422,3461900
2023-04-13,110.70999908447266,110.93000030517578,110.27999877929688,110.31999969482422,97.88605499267578,3396900
2023-04-14,110.0199966430664,110.16000366210938,109.77999877929688,109.83999633789062,97.46015167236328,3325700
2023-04-17,109.83000183105469,109.87999725341797,109.31999969482422,109.33999633789062,97.01652526855469,4215800
2023-04-18,109.37000274658203,109.5999984741211,109.31999969482422,109.44999694824219,97.11412048339844,3523900
2023-04-19,109.33999633789062,109.44999694824219,109.18000030517578,109.33999633789062,97.01652526855469,4609500
2023-04-20,109.63999938964844,109.9000015258789,109.5999984741211,109.69000244140625,97.32707214355469,3856700
2023-04-21,109.93000030517578,109.9800033569336,109.55999755859375,109.73999786376953,97.37142944335938,2523200
2023-04-24,109.94000244140625,110.19000244140625,109.91000366210938,110.16000366210938,97.74410247802734,1651400
2023-04-25,110.4800033569336,110.8499984741211,110.4800033569336,110.80999755859375,98.32083892822266,3446500
2023-04-26,110.7699966430664,110.87999725341797,110.3499984741211,110.41999816894531,97.97479248046875,3114100
2023-04-27,110.33000183105469,110.37999725341797,109.97000122070312,110.05000305175781,97.64649963378906,2242800
2023-04-28,110.27999877929688,110.38999938964844,109.98999786376953,110.18000030517578,97.7618408203125,4474500
2023-05-01,109.3499984741211,109.38999938964844,108.55000305175781,108.69999694824219,96.9493179321289,3140600
2023-05-02,108.91999816894531,109.5999984741211,108.91000366210938,109.52999877929688,97.68962097167969,3033700
2023-05-03,109.66000366210938,110.08000183105469,109.62000274658203,110.02999877929688,98.13554382324219,3895900
2023-05-04,109.80000305175781,110.4800033569336,109.77999877929688,110.0,98.10881042480469,4109800
2023-05-05,109.7699966430664,109.87999725341797,109.58999633789062,109.77999877929688,97.91258239746094,1955000
2023-05-08,109.41000366210938,109.5,109.33999633789062,109.37000274658203,97.54691314697266,2510600
2023-05-09,109.36000061035156,109.41000366210938,109.0999984741211,109.20999908447266,97.40418243408203,2162400
2023-05-10,109.41999816894531,109.68000030517578,109.31999969482422,109.56999969482422,97.72530364990234,2983400
2023-05-11,109.91999816894531,109.98999786376953,109.66999816894531,109.80999755859375,97.9393539428711,5607100
2023-05-12,109.87000274658203,109.93000030517578,109.38999938964844,109.41999816894531,97.59148406982422,1924300
2023-05-15,109.36000061035156,109.41000366210938,109.20999908447266,109.26000213623047,97.44879913330078,2404800
2023-05-16,109.0999984741211,109.22000122070312,108.80000305175781,108.97000122070312,97.1901626586914,4087900
2023-05-17,109.06999969482422,109.08999633789062,108.83000183105469,108.91999816894531,97.14554595947266,2766900
2023-05-18,108.63999938964844,108.77999877929688,108.41000366210938,108.55999755859375,96.824462890625,6186100
2023-05-19,108.36000061035156,108.66999816894531,108.19000244140625,108.30000305175781,96.59259033203125,3543300
2023-05-22,108.38999938964844,108.5199966430664,108.04000091552734,108.0999984741211,96.41417694091797,3120200
2023-05-23,108.05999755859375,108.47000122070312,108.01000213623047,108.43000030517578,96.7085189819336,3191000
2023-05-24,108.5999984741211,108.63999938964844,108.08000183105469,108.08999633789062,96.40528106689453,2791700
2023-05-25,107.98999786376953,108.05000305175781,107.51000213623047,107.5999984741211,95.96825408935547,4197100
2023-05-26,107.63999938964844,107.80000305175781,107.41999816894531,107.7300033569336,96.08421325683594,3035100
2023-05-30,107.97000122070312,108.20999908447266,107.87000274658203,108.16000366210938,96.46772003173828,4166100
2023-05-31,108.23999786376953,108.4000015258789,108.05000305175781,108.30000305175781,96.59259033203125,6155400
2023-06-01,108.04000091552734,108.20999908447266,107.95999908447266,108.16000366210938,96.74732208251953,5326300
2023-06-02,108.12000274658203,108.1500015258789,107.5999984741211,107.62999725341797,96.27323150634766,2367500
2023-06-05,107.54000091552734,107.9800033569336,107.47000122070312,107.7699966430664,96.3984603881836,2160500
2023-06-06,107.69999694824219,107.86000061035156,107.51000213623047,107.83000183105469,96.45214080810547,2087000
2023-06-07,107.86000061035156,107.94999694824219,107.25,107.33000183105469,96.00489044189453,3181600
2023-06-08,107.5,107.9000015258789,107.48999786376953,107.86000061035156,96.47897338867188,2327600
2023-06-09,107.70999908447266,107.7699966430664,107.54000091552734,107.55999755859375,96.21063232421875,1903300
2023-06-12,107.6500015258789,107.66000366210938,107.30999755859375,107.6500015258789,96.2911376953125,3835000
2023-06-13,107.66999816894531,107.79000091552734,107.04000091552734,107.0999984741211,95.79914855957031,2959000
2023-06-14,107.45999908447266,107.73999786376953,107.12000274658203,107.37000274658203,96.04069519042969,2879900
2023-06-15,108.01000213623047,108.18000030517578,107.86000061035156,108.05000305175781,96.64894104003906,3435000
2023-06-16,107.68000030517578,107.87000274658203,107.44999694824219,107.7699966430664,96.3984603881836,2392000
2023-06-20,107.83999633789062,108.0999984741211,107.83999633789062,108.0,96.6042251586914,2826300
2023-06-21,107.77999877929688,108.12000274658203,107.63999938964844,108.01000213623047,96.61315155029297,3169900
2023-06-22,107.7699966430664,107.95999908447266,107.58999633789062,107.62999725341797,96.27323150634766,4519900
2023-06-23,108.19999694824219,108.2300033569336,107.86000061035156,107.88999938964844,96.50580596923828,2758200
2023-06-26,108.11000061035156,108.1500015258789,107.87000274658203,107.94000244140625,96.55052947998047,2912500
2023-06-27,108.08000183105469,108.2300033569336,107.56999969482422,107.63999938964844,96.28217315673828,3316800
2023-06-28,107.87000274658203,107.9800033569336,107.66000366210938,107.86000061035156,96.47897338867188,3616900
2023-06-29,107.25,107.31999969482422,107.01000213623047,107.1500015258789,95.84388732910156,2812800
2023-06-30,107.25,107.66999816894531,107.16000366210938,107.62000274658203,96.26428985595703,6657300
2023-07-03,107.26000213623047,107.41999816894531,106.95999908447266,106.98999786376953,96.15106201171875,1851800
2023-07-05,106.83000183105469,106.91999816894531,106.38999938964844,106.4800033569336,95.6927490234375,2609300
2023-07-06,106.01000213623047,106.0999984741211,105.58999633789062,105.91999816894531,95.189453125,3030500
2023-07-07,105.88999938964844,106.13999938964844,105.83000183105469,105.8499984741211,95.12654876708984,2395600
2023-07-10,105.94000244140625,106.19000244140625,105.91000366210938,106.0999984741211,95.35123443603516,1965300
2023-07-11,106.16000366210938,106.20999908447266,105.91000366210938,105.9800033569336,95.24340057373047,1460400
2023-07-12,106.48999786376953,107.18000030517578,106.44000244140625,107.1500015258789,96.29485321044922,3071800
2023-07-13,107.55999755859375,107.69999694824219,107.3499984741211,107.69999694824219,96.78913116455078,2665700
2023-07-14,107.44999694824219,107.55000305175781,107.08999633789062,107.12999725341797,96.2768783569336,2393100
2023-07-17,107.20999908447266,107.44000244140625,107.0999984741211,107.33000183105469,96.45661163330078,1768300
2023-07-18,107.44999694824219,107.55999755859375,107.19999694824219,107.27999877929688,96.41168212890625,1777500
2023-07-19,107.37000274658203,107.6500015258789,107.25,107.6500015258789,96.74419403076172,1842700
2023-07-20,107.43000030517578,107.62000274658203,107.12999725341797,107.61000061035156,96.7082748413086,17993300
2023-07-21,107.7300033569336,107.83000183105469,107.55000305175781,107.61000061035156,96.7082748413086,3073400
2023-07-24,107.5999984741211,107.72000122070312,107.4800033569336,107.66000366210938,96.75318908691406,2912400
2023-07-25,107.62000274658203,107.7300033569336,107.27999877929688,107.47000122070312,96.58242797851562,2052500
2023-07-26,107.43000030517578,107.5999984741211,107.2300033569336,107.51000213623047,96.61839294433594,2231400
2023-07-27,107.33000183105469,107.44000244140625,106.58000183105469,106.72000122070312,95.90841674804688,2826500
2023-07-28,106.77999877929688,107.12999725341797,106.76000213623047,107.12999725341797,96.2768783569336,1584800
2023-07-31,107.08999633789062,107.30999755859375,106.95999908447266,107.16000366210938,96.30382537841797,5960700
2023-08-01,106.55999755859375,106.62000274658203,106.23999786376953,106.30000305175781,95.7283935546875,2259800
2023-08-02,106.0199966430664,106.16999816894531,105.73999786376953,106.11000061035156,95.55728912353516,2257100
2023-08-03,105.6500015258789,105.69000244140625,105.41999816894531,105.44999694824219,94.9629135131836,2828200
2023-08-04,105.8499984741211,106.51000213623047,105.8499984741211,106.47000122070312,95.88150024414062,2067500
2023-08-07,106.43000030517578,106.6500015258789,106.30000305175781,106.55999755859375,95.9625473022461,8487200
2023-08-08,106.73999786376953,106.91000366210938,106.4800033569336,106.54000091552734,95.94451904296875,1922100
2023-08-09,106.54000091552734,106.61000061035156,106.43000030517578,106.48999786376953,95.89949798583984,1383000
2023-08-10,106.51000213623047,106.69999694824219,105.94000244140625,105.94000244140625,95.40420532226562,2808000
2023-08-11,105.77999877929688,106.02999877929688,105.73999786376953,105.79000091552734,95.26911163330078,1967200
2023-08-14,105.7699966430664,105.8499984741211,105.54000091552734,105.56999969482422,95.07098388671875,1688600
2023-08-15,105.51000213623047,105.72000122070312,105.2300033569336,105.23999786376953,94.77381896972656,1615700
2023-08-16,105.2300033569336,105.4000015258789,104.91999816894531,104.93000030517578,94.49463653564453,2197800
2023-08-17,105.02999877929688,105.0999984741211,104.70999908447266,104.9000015258789,94.46762084960938,2168400
2023-08-18,105.0199966430664,105.31999969482422,105.01000213623047,105.08000183105469,94.62972259521484,1431000
2023-08-21,104.72000122070312,104.81999969482422,104.56999969482422,104.80000305175781,94.3775863647461,1499800
2023-08-22,104.80999755859375,105.0,104.76000213623047,104.9800033569336,94.53968811035156,1351000
2023-08-23,105.38999938964844,105.93000030517578,105.38999938964844,105.93000030517578,95.39519500732422,5432600
2023-08-24,105.66999816894531,105.8499984741211,105.30000305175781,105.44999694824219,94.9629135131836,9117500
2023-08-25,105.36000061035156,105.66000366210938,105.12000274658203,105.43000030517578,94.94490051269531,3501800
2023-08-28,105.5999984741211,105.61000061035156,105.37000274658203,105.48999786376953,94.99894714355469,1410900
2023-08-29,105.30000305175781,106.08000183105469,105.30000305175781,106.01000213623047,95.46721649169922,2281400
2023-08-30,106.04000091552734,106.0999984741211,105.83000183105469,105.8499984741211,95.3231430053711,1741200
2023-08-31,105.94999694824219,106.12999725341797,105.87999725341797,106.06999969482422,95.52125549316406,6068200
2023-09-01,105.69000244140625,105.69999694824219,105.18000030517578,105.19999694824219,95.02714538574219,1697100
2023-09-05,105.18000030517578,105.19000244140625,104.88999938964844,104.98999786376953,94.83747100830078,1999600
2023-09-06,105.16999816894531,105.20999908447266,104.79000091552734,104.83000183105469,94.69293212890625,2037700
2023-09-07,105.05999755859375,105.25,105.0,105.20999908447266,95.03620147705078,1257400
2023-09-08,105.45999908447266,105.62999725341797,105.38999938964844,105.44999694824219,95.25296783447266,1899300
2023-09-11,105.25,105.41000366210938,105.19999694824219,105.3499984741211,95.16265869140625,1660200
2023-09-12,105.37999725341797,105.45999908447266,105.33000183105469,105.4000015258789,95.20781707763672,1589300
2023-09-13,105.41999816894531,105.66999816894531,105.4000015258789,105.54000091552734,95.33428192138672,2328400
2023-09-14,105.54000091552734,105.62999725341797,105.27999877929688,105.37000274658203,95.18071746826172,1817900
2023-09-15,105.19000244140625,105.30000305175781,105.06999969482422,105.11000061035156,94.94586181640625,1822200
2023-09-18,105.08000183105469,105.3499984741211,105.05000305175781,105.33000183105469,95.14459991455078,1521400
2023-09-19,105.19000244140625,105.30000305175781,105.0199966430664,105.02999877929688,94.87361907958984,2313000
2023-09-20,105.20999908447266,105.36000061035156,104.80999755859375,104.80999755859375,94.67484283447266,1818500
2023-09-21,104.38999938964844,104.54000091552734,104.2300033569336,104.26000213623047,94.17805480957031,6247300
2023-09-22,104.36000061035156,104.72000122070312,104.31999969482422,104.62000274658203,94.50323486328125,1641800
2023-09-25,104.0999984741211,104.20999908447266,103.83000183105469,103.83000183105469,93.78964233398438,1780100
2023-09-26,103.88999938964844,103.93000030517578,103.48999786376953,103.56999969482422,93.5547866821289,2208800
2023-09-27,103.80000305175781,103.87999725341797,103.19999694824219,103.4000015258789,93.40121459960938,2139400
2023-09-28,103.29000091552734,103.94999694824219,103.08999633789062,103.93000030517578,93.87996673583984,1709800
2023-09-29,104.19999694824219,104.31999969482422,103.61000061035156,103.72000122070312,93.69026184082031,5679300
2023-10-02,103.23999786376953,103.36000061035156,102.86000061035156,102.91999816894531,93.12115478515625,6662900
2023-10-03,102.69000244140625,102.81999969482422,102.1500015258789,102.19000244140625,92.46067810058594,5004600
2023-10-04,102.43000030517578,102.68000030517578,102.30000305175781,102.63999938964844,92.8677978515625,2644600
2023-10-05,102.69999694824219,102.76000213623047,102.4800033569336,102.48999786376953,92.73208618164062,2283200
2023-10-06,101.80000305175781,102.37999725341797,101.73999786376953,102.12000274658203,92.3973159790039,2164800
2023-10-09,102.66000366210938,103.19000244140625,102.58999633789062,103.12999725341797,93.31114959716797,1424000
2023-10-10,102.8499984741211,103.30000305175781,102.76000213623047,103.16999816894531,93.34734344482422,3710500
2023-10-11,103.47000122070312,103.66000366210938,103.3499984741211,103.62999725341797,93.7635498046875,2106900
2023-10-12,103.52999877929688,103.61000061035156,102.81999969482422,102.97000122070312,93.1664047241211,2852600
2023-10-13,103.77999877929688,103.86000061035156,103.5199966430664,103.63999938964844,93.77259063720703,2463800
2023-10-16,103.26000213623047,103.38999938964844,103.16000366210938,103.33999633789062,93.50119018554688,1538400
2023-10-17,102.7699966430664,102.97000122070312,102.61000061035156,102.83999633789062,93.04875946044922,1930800
2023-10-18,102.7699966430664,102.88999938964844,102.44000244140625,102.62000274658203,92.8497314453125,1575400
2023-10-19,102.37999725341797,102.88999938964844,102.37999725341797,102.52999877929688,92.76830291748047,12019700
2023-10-20,102.68000030517578,102.94999694824219,102.62999725341797,102.83999633789062,93.04875946044922,3301500
2023-10-23,102.45999908447266,102.94000244140625,102.31999969482422,102.86000061035156,93.06687927246094,2632000
2023-10-24,102.7699966430664,102.9800033569336,102.55000305175781,102.94999694824219,93.14830017089844,2951400
2023-10-25,102.62000274658203,102.66000366210938,102.4000015258789,102.5199966430664,92.75924682617188,2265400
2023-10-26,102.62999725341797,103.11000061035156,102.58000183105469,103.06999969482422,93.25687408447266,1941900
2023-10-27,103.0199966430664,103.23999786376953,102.8499984741211,103.22000122070312,93.3926010131836,2640900
2023-10-30,102.86000061035156,103.16000366210938,102.7699966430664,103.05999755859375,93.24783325195312,1582200
2023-10-31,103.0999984741211,103.23999786376953,102.7699966430664,102.80000305175781,93.0125732421875,5219300
2023-11-01,102.51000213623047,103.27999877929688,102.45999908447266,103.23999786376953,93.8232192993164,3244500
2023-11-02,103.80999755859375,103.9800033569336,103.52999877929688,103.70999908447266,94.25035095214844,2869700
2023-11-03,104.45999908447266,104.62999725341797,104.20999908447266,104.23999786376953,94.73202514648438,3444000
2023-11-06,104.06999969482422,104.12000274658203,103.81999969482422,103.97000122070312,94.48663330078125,2356100
2023-11-07,104.0999984741211,104.38999938964844,104.05000305175781,104.25,94.74110412597656,1600400
2023-11-08,104.18000030517578,104.5,104.13999938964844,104.4800033569336,94.95013427734375,1835300
2023-11-09,104.27999877929688,104.33000183105469,103.52999877929688,103.5999984741211,94.15038299560547,2328000
2023-11-10,103.81999969482422,103.86000061035156,103.54000091552734,103.63999938964844,94.18672943115234,2920900
2023-11-13,103.30000305175781,103.5999984741211,103.19000244140625,103.56999969482422,94.12313079833984,1329700
2023-11-14,104.41999816894531,104.63999938964844,104.27999877929688,104.41999816894531,94.89559936523438,2794300
2023-11-15,104.06999969482422,104.08000183105469,103.7699966430664,103.97000122070312,94.48663330078125,2358300
2023-11-16,104.18000030517578,104.48999786376953,104.18000030517578,104.3499984741211,94.83197021484375,2540100
2023-11-17,104.54000091552734,104.58000183105469,104.27999877929688,104.45999908447266,94.93194580078125,2073700
2023-11-20,104.30000305175781,104.79000091552734,104.29000091552734,104.7699966430664,95.21368408203125,1511500
2023-11-21,104.66000366210938,104.73999786376953,104.29000091552734,104.55000305175781,95.01374816894531,7051400
2023-11-22,104.5999984741211,104.66999816894531,104.30999755859375,104.6500015258789,95.10460662841797,1395400
2023-11-24,104.36000061035156,104.41999816894531,104.19000244140625,104.20999908447266,94.7047348022461,498200
2023-11-27,104.38999938964844,104.55999755859375,104.25,104.55000305175781,95.01374816894531,2231700
2023-11-28,104.37000274658203,104.98999786376953,104.36000061035156,104.95999908447266,95.38633728027344,3241400
2023-11-29,105.19000244140625,105.45999908447266,105.11000061035156,105.37999725341797,95.76803588867188,3617200
2023-11-30,105.19000244140625,105.27999877929688,104.97000122070312,105.19000244140625,95.59536743164062,6295600
2023-12-01,104.79000091552734,105.52999877929688,104.79000091552734,105.47000122070312,96.08367156982422,5444600
2023-12-04,105.13999938964844,105.27999877929688,104.93000030517578,105.02999877929688,95.68283081054688,2523700
2023-12-05,105.33999633789062,105.7699966430664,105.33999633789062,105.5999984741211,96.20208740234375,10909800
2023-12-06,105.55000305175781,105.79000091552734,105.47000122070312,105.70999908447266,96.30231475830078,3262400
2023-12-07,105.58000183105469,105.9000015258789,105.58000183105469,105.62000274658203,96.22032165527344,2956600
2023-12-08,105.2300033569336,105.51000213623047,105.11000061035156,105.48999786376953,96.10189056396484,1657400
2023-12-11,105.22000122070312,105.29000091552734,104.9800033569336,105.2699966430664,95.90144348144531,1898300
2023-12-12,105.1500015258789,105.30999755859375,105.04000091552734,105.20999908447266,95.84679412841797,1860800
2023-12-13,105.30000305175781,106.66000366210938,105.25,106.63999938964844,97.14952087402344,2778900
2023-12-14,107.48999786376953,108.05999755859375,107.4800033569336,107.80999755859375,98.21540069580078,4948700
2023-12-15,107.4000015258789,107.69999694824219,107.3499984741211,107.62999725341797,98.05143737792969,3185200
2023-12-18,107.45999908447266,107.5,107.30999755859375,107.30999755859375,97.7599105834961,1608200
2023-12-19,107.44000244140625,107.6500015258789,107.30999755859375,107.37999725341797,97.82369232177734,1624700
2023-12-20,107.62999725341797,107.83999633789062,107.44999694824219,107.80999755859375,98.21540069580078,1843200
2023-12-21,107.81999969482422,107.91000366210938,107.4800033569336,107.62999725341797,98.05143737792969,4795900
2023-12-22,107.7699966430664,107.77999877929688,107.31999969482422,107.41999816894531,97.86012268066406,1187800
2023-12-26,107.44000244140625,107.55999755859375,107.38999938964844,107.4800033569336,97.91480255126953,1307100
2023-12-27,107.7300033569336,108.01000213623047,107.66999816894531,107.97000122070312,98.36117553710938,1472400
2023-12-28,107.81999969482422,108.05000305175781,107.58999633789062,107.62000274658203,98.04232025146484,2011500
2023-12-29,107.37999725341797,107.7699966430664,107.36000061035156,107.48999786376953,97.92386627197266,5159200
2024-01-02,107.16000366210938,107.41000366210938,107.06999969482422,107.33999633789062,97.7872543334961,2635700
2024-01-03,106.94999694824219,107.54000091552734,106.91000366210938,107.51000213623047,97.9421157836914,1920700
2024-01-04,107.05000305175781,107.12999725341797,106.94000244140625,107.01000213623047,97.48660278320312,1897600
2024-01-05,106.77999877929688,107.25,106.68000030517578,106.7699966430664,97.2679672241211,2040600
2024-01-08,106.68000030517578,107.22000122070312,106.68000030517578,107.05999755859375,97.53215026855469,1399400
2024-01-09,106.91999816894531,107.1500015258789,106.8499984741211,106.8499984741211,97.34085845947266,1535600
2024-01-10,107.02999877929688,107.06999969482422,106.73999786376953,106.76000213623047,97.25884246826172,1427300
2024-01-11,107.05000305175781,107.37000274658203,106.94000244140625,107.33000183105469,97.77812957763672,2352100
2024-01-12,107.5999984741211,107.83999633789062,107.54000091552734,107.79000091552734,98.19720458984375,1741200
2024-01-16,107.5,107.62999725341797,107.0999984741211,107.23999786376953,97.69612884521484,2383300
2024-01-17,106.88999938964844,107.0199966430664,106.75,106.91000366210938,97.3955078125,2933200
2024-01-18,106.91999816894531,107.0199966430664,106.75,106.94000244140625,97.42284393310547,5550300
2024-01-19,106.87000274658203,107.0199966430664,106.66999816894531,107.0199966430664,97.49571228027344,1461900
2024-01-22,107.0199966430664,107.19999694824219,106.98999786376953,107.06999969482422,97.541259765625,1443200
2024-01-23,106.62000274658203,106.7699966430664,106.51000213623047,106.72000122070312,97.22242736816406,1191300
2024-01-24,106.91999816894531,106.94000244140625,106.45999908447266,106.47000122070312,96.99465942382812,1282300
2024-01-25,106.7699966430664,106.86000061035156,106.62000274658203,106.83000183105469,97.3226547241211,1717800
2024-01-26,106.86000061035156,106.86000061035156,106.6500015258789,106.7300033569336,97.23152160644531,1706300
2024-01-29,107.0,107.29000091552734,106.94000244140625,107.19999694824219,97.65970611572266,1275600
2024-01-30,107.25,107.3499984741211,107.01000213623047,107.1500015258789,97.6141586303711,2152100
2024-01-31,107.4800033569336,107.86000061035156,107.33000183105469,107.8499984741211,98.25184631347656,8965800
2024-02-01,108.13999938964844,108.54000091552734,107.94999694824219,108.04000091552734,98.42493438720703,2966600
2024-02-02,107.16000366210938,107.29000091552734,106.80000305175781,107.0,97.47747802734375,3070100
2024-02-05,106.61000061035156,106.70999908447266,106.33999633789062,106.4000015258789,96.93089294433594,1869800
2024-02-06,106.51000213623047,106.93000030517578,106.5,106.76000213623047,97.25884246826172,2163600
2024-02-07,106.63999938964844,106.8499984741211,106.55999755859375,106.55999755859375,97.07666778564453,1489700
2024-02-08,106.44000244140625,106.58999633789062,106.37000274658203,106.4800033569336,97.0037612915039,1603900
2024-02-09,106.30999755859375,106.4800033569336,106.2699966430664,106.33000183105469,96.86712646484375,1506700
2024-02-12,106.33999633789062,106.4000015258789,106.19000244140625,106.37000274658203,96.903564453125,1134700
2024-02-13,105.88999938964844,106.0199966430664,105.68000030517578,105.69000244140625,96.28408813476562,1771000
2024-02-14,105.94999694824219,106.26000213623047,105.94999694824219,106.13999938964844,96.69403076171875,1606700
2024-02-15,106.41999816894531,106.47000122070312,106.26000213623047,106.2699966430664,96.81246948242188,1894000
2024-02-16,106.0199966430664,106.19000244140625,105.98999786376953,106.16000366210938,96.71227264404297,1063600
2024-02-20,106.2300033569336,106.3499984741211,106.18000030517578,106.20999908447266,96.7578125,1013900
2024-02-21,106.23999786376953,106.30000305175781,105.9800033569336,106.08999633789062,96.64849090576172,1772800
2024-02-22,106.02999877929688,106.26000213623047,105.7699966430664,105.94999694824219,96.52094268798828,5515200
2024-02-23,105.91999816894531,106.33999633789062,105.91999816894531,106.22000122070312,96.76692962646484,1160500
2024-02-26,106.23999786376953,106.25,106.0199966430664,106.18000030517578,96.73046875,1413600
2024-02-27,106.19000244140625,106.30999755859375,106.0199966430664,106.05000305175781,96.61204528808594,2781900
2024-02-28,106.19000244140625,106.41000366210938,106.1500015258789,106.38999938964844,96.92178344726562,1485700
2024-02-29,106.4800033569336,106.7300033569336,106.47000122070312,106.72000122070312,97.22242736816406,6257500
2024-03-01,106.61000061035156,107.1500015258789,106.41999816894531,107.12000274658203,97.58683013916016,2949700
2024-03-04,106.8499984741211,107.05000305175781,106.83000183105469,107.02999877929688,97.50482177734375,1857200
2024-03-05,107.3499984741211,107.5999984741211,107.26000213623047,107.5199966430664,97.95120239257812,1512900
2024-03-06,107.5999984741211,107.81999969482422,107.48999786376953,107.55999755859375,97.9876480102539,2931800
2024-03-07,107.6500015258789,107.66000366210938,107.36000061035156,107.5,97.93301391601562,2014800
2024-03-08,107.66999816894531,107.79000091552734,107.52999877929688,107.58999633789062,98.01497650146484,1313800
2024-03-11,107.62999725341797,107.62999725341797,107.37000274658203,107.4000015258789,97.84190368652344,1928900
2024-03-12,107.36000061035156,107.38999938964844,107.16999816894531,107.19000244140625,97.65058898925781,2379800
2024-03-13,107.16999816894531,107.22000122070312,106.97000122070312,107.04000091552734,97.51392364501953,1696100
2024-03-14,106.79000091552734,106.79000091552734,106.33999633789062,106.38999938964844,96.92178344726562,1954300
2024-03-15,106.44000244140625,106.51000213623047,106.31999969482422,106.31999969482422,96.85802459716797,1288400
2024-03-18,106.31999969482422,106.36000061035156,106.1500015258789,106.22000122070312,96.76692962646484,1908100
2024-03-19,106.37000274658203,106.58000183105469,106.33000183105469,106.37000274658203,96.903564453125,1518000
2024-03-20,106.43000030517578,106.81999969482422,106.37000274658203,106.79000091552734,97.28620147705078,1758700
2024-03-21,107.18000030517578,107.23999786376953,106.9000015258789,106.9800033569336,97.45927429199219,2337500
2024-03-22,107.4800033569336,107.4800033569336,107.29000091552734,107.3499984741211,97.79635620117188,2385700
2024-03-25,107.31999969482422,107.33000183105469,106.98999786376953,107.01000213623047,97.48660278320312,1902700
2024-03-26,107.02999877929688,107.1500015258789,106.91999816894531,107.04000091552734,97.51392364501953,932200
2024-03-27,107.16000366210938,107.44999694824219,107.1500015258789,107.37000274658203,97.81458282470703,1758100
2024-03-28,107.19000244140625,107.55000305175781,107.19000244140625,107.41000366210938,97.85099792480469,2137800
2024-04-01,107.0199966430664,107.02999877929688,106.62000274658203,106.6500015258789,97.21748352050781,1639800
2024-04-02,106.43000030517578,106.70999908447266,106.2699966430664,106.68000030517578,97.24484252929688,1899400
2024-04-03,106.37999725341797,106.69999694824219,106.30000305175781,106.68000030517578,97.24484252929688,1396200
2024-04-04,106.86000061035156,107.08999633789062,106.6500015258789,107.08000183105469,97.60945892333984,1971100
2024-04-05,106.76000213623047,106.95999908447266,106.62000274658203,106.62999725341797,97.1992416381836,1608800
2024-04-08,106.5,106.6500015258789,106.41999816894531,106.58999633789062,97.16278076171875,1830200
2024-04-09,106.80000305175781,106.91999816894531,106.75,106.87000274658203,97.41802215576172,1309500
2024-04-10,106.36000061035156,106.43000030517578,105.83000183105469,105.83999633789062,96.47911834716797,2194300
2024-04-11,106.04000091552734,106.06999969482422,105.6500015258789,105.75,96.39706420898438,5224100
2024-04-12,106.22000122070312,106.4000015258789,106.12000274658203,106.12000274658203,96.73434448242188,5867200
2024-04-15,105.7300033569336,105.77999877929688,105.45999908447266,105.77999877929688,96.4244155883789,1793900
2024-04-16,105.45999908447266,105.62000274658203,105.30999755859375,105.3499984741211,96.03246307373047,4094600
2024-04-17,105.47000122070312,105.83999633789062,105.44999694824219,105.76000213623047,96.40619659423828,2567400
2024-04-18,105.7300033569336,105.73999786376953,105.44999694824219,105.62000274658203,96.27857971191406,1491900
2024-04-19,105.83000183105469,105.91999816894531,105.73999786376953,105.77999877929688,96.4244155883789,1484700
2024-04-22,105.58999633789062,105.83000183105469,105.58999633789062,105.79000091552734,96.43353271484375,1561200
2024-04-23,105.66999816894531,106.05999755859375,105.5999984741211,105.88999938964844,96.52470397949219,2243100
2024-04-24,105.7300033569336,105.7699966430664,105.51000213623047,105.66999816894531,96.32414245605469,1970900
2024-04-25,105.27999877929688,105.55999755859375,105.25,105.51000213623047,96.17829895019531,2417600
2024-04-26,105.70999908447266,105.91000366210938,105.70999908447266,105.77999877929688,96.4244155883789,1382600
2024-04-29,105.94000244140625,106.12000274658203,105.88999938964844,106.04000091552734,96.66144561767578,1333900
2024-04-30,105.72000122070312,105.83999633789062,105.48999786376953,105.52999877929688,96.19652557373047,3238400
2024-05-01,105.0199966430664,105.36000061035156,104.66999816894531,105.01000213623047,96.35528564453125,3188300
2024-05-02,105.04000091552734,105.47000122070312,105.0199966430664,105.38999938964844,96.70394134521484,2093000
2024-05-03,106.02999877929688,106.12000274658203,105.66999816894531,105.93000030517578,97.19945526123047,2388300
2024-05-06,105.94000244140625,106.04000091552734,105.86000061035156,105.9800033569336,97.24534606933594,1027400
2024-05-07,106.29000091552734,106.29000091552734,105.91999816894531,105.95999908447266,97.22700500488281,2088700
2024-05-08,105.8499984741211,105.94000244140625,105.79000091552734,105.83999633789062,97.11686706542969,1508100
2024-05-09,105.83999633789062,106.25,105.83999633789062,106.22000122070312,97.46556091308594,2047100
2024-05-10,106.16000366210938,106.22000122070312,105.9800033569336,106.05000305175781,97.30956268310547,1922100
2024-05-13,106.19000244140625,106.23999786376953,106.04000091552734,106.08999633789062,97.34627532958984,1492900
2024-05-14,106.13999938964844,106.31999969482422,106.0999984741211,106.29000091552734,97.52976989746094,1609500
2024-05-15,106.62000274658203,106.91999816894531,106.54000091552734,106.83000183105469,98.02529907226562,2707600
2024-05-16,106.9000015258789,106.91000366210938,106.68000030517578,106.68000030517578,97.88765716552734,1492400
2024-05-17,106.5999984741211,106.7300033569336,106.56999969482422,106.58000183105469,97.79588317871094,2103100
2024-05-20,106.4800033569336,106.61000061035156,106.45999908447266,106.54000091552734,97.75918579101562,2841700
2024-05-21,106.77999877929688,106.83999633789062,106.70999908447266,106.73999786376953,97.94270324707031,1827900
2024-05-22,106.58000183105469,106.79000091552734,106.58000183105469,106.72000122070312,97.92434692382812,2187700
2024-05-23,106.77999877929688,106.77999877929688,106.23999786376953,106.30999755859375,97.54812622070312,1413600
2024-05-24,106.27999877929688,106.5,106.27999877929688,106.44000244140625,97.66744232177734,592900
2024-05-28,106.58999633789062,106.61000061035156,106.0999984741211,106.12000274658203,97.373779296875,1829800
2024-05-29,105.91999816894531,105.94000244140625,105.66000366210938,105.87000274658203,97.14441680908203,1883700
2024-05-30,106.16000366210938,106.31999969482422,106.1500015258789,106.27999877929688,97.5206069946289,1055200
2024-05-31,106.61000061035156,106.72000122070312,106.44999694824219,106.69999694824219,97.90599822998047,1867600
2024-06-03,106.02999877929688,106.43000030517578,106.01000213623047,106.41999816894531,98.31897735595703,1880200
2024-06-04,106.5999984741211,106.80000305175781,106.5199966430664,106.75,98.62385559082031,1787900
2024-06-05,106.8499984741211,107.0199966430664,106.58000183105469,107.0199966430664,98.873291015625,2253400
2024-06-06,106.86000061035156,106.98999786376953,106.77999877929688,106.93000030517578,98.7901382446289,1778500
2024-06-07,106.30000305175781,106.30000305175781,106.05000305175781,106.05000305175781,97.97713470458984,2165200
2024-06-10,105.9800033569336,106.0199966430664,105.86000061035156,105.9000015258789,97.83855438232422,2040200
2024-06-11,105.98999786376953,106.25,105.9000015258789,106.19000244140625,98.10648345947266,2400400
2024-06-12,106.77999877929688,106.91000366210938,106.30000305175781,106.3499984741211,98.2542953491211,1989800
2024-06-13,106.62999725341797,107.0,106.58000183105469,106.7699966430664,98.6423110961914,1906100
2024-06-14,106.87000274658203,107.0,106.7699966430664,106.9000015258789,98.76242065429688,1395600
2024-06-17,106.6500015258789,106.76000213623047,106.56999969482422,106.75,98.62385559082031,1020400
2024-06-18,106.98999786376953,107.23999786376953,106.94000244140625,107.18000030517578,99.0210952758789,1401800
2024-06-20,106.80999755859375,107.20999908447266,106.80000305175781,107.19999694824219,99.0395736694336,3173500
2024-06-21,107.29000091552734,107.37000274658203,107.0199966430664,107.04000091552734,98.89177703857422,1022800
2024-06-24,107.06999969482422,107.12000274658203,106.95999908447266,107.0999984741211,98.94719696044922,950100
2024-06-25,107.02999877929688,107.2300033569336,107.0199966430664,107.2300033569336,99.06730651855469,2228700
2024-06-26,106.86000061035156,106.97000122070312,106.77999877929688,106.91000366210938,98.77165985107422,1982200
2024-06-27,107.13999938964844,107.23999786376953,107.08000183105469,107.11000061035156,98.95645141601562,779900
2024-06-28,107.3499984741211,107.37999725341797,106.76000213623047,106.77999877929688,98.65156555175781,1960900
2024-07-01,105.98999786376953,106.30999755859375,105.8499984741211,105.91999816894531,98.25914764404297,4132700
2024-07-02,106.25,106.30000305175781,105.98999786376953,106.12000274658203,98.4446792602539,2341900
2024-07-03,106.2699966430664,106.63999938964844,106.2699966430664,106.54000091552734,98.83431243896484,854300
2024-07-05,106.87999725341797,107.13999938964844,106.73999786376953,107.0199966430664,99.27960205078125,1192500
2024-07-08,106.94000244140625,107.08999633789062,106.83000183105469,106.9800033569336,99.24248504638672,1156500
2024-07-09,106.9000015258789,106.95999908447266,106.69000244140625,106.81999969482422,99.09406280517578,4961700
2024-07-10,106.9000015258789,107.04000091552734,106.86000061035156,107.0199966430664,99.27960205078125,1476000
2024-07-11,107.43000030517578,107.5199966430664,107.26000213623047,107.33999633789062,99.57644653320312,1321100
2024-07-12,107.41000366210938,107.5199966430664,107.27999877929688,107.51000213623047,99.7341537475586,1678800
2024-07-15,107.41999816894531,107.56999969482422,107.33000183105469,107.44000244140625,99.66921997070312,930200
2024-07-16,107.58999633789062,107.86000061035156,107.52999877929688,107.7699966430664,99.97533416748047,818200
2024-07-17,107.75,107.9000015258789,107.6500015258789,107.80999755859375,100.01248168945312,956000
2024-07-18,107.68000030517578,107.83000183105469,107.55999755859375,107.56999969482422,99.7898178100586,1272900
2024-07-19,107.45999908447266,107.4800033569336,107.29000091552734,107.30999755859375,99.54862976074219,1948200
2024-07-22,107.29000091552734,107.3499984741211,107.01000213623047,107.18000030517578,99.42802429199219,2347900
2024-07-23,107.19999694824219,107.3499984741211,107.11000061035156,107.12000274658203,99.37236022949219,2039600
2024-07-24,107.2300033569336,107.33999633789062,106.80000305175781,106.80000305175781,99.07552337646484,1252900
2024-07-25,106.94000244140625,107.23999786376953,106.93000030517578,107.05999755859375,99.31671142578125,1073200
2024-07-26,107.36000061035156,107.44000244140625,107.2300033569336,107.4000015258789,99.63212585449219,1458800
2024-07-29,107.58999633789062,107.5999984741211,107.41999816894531,107.51000213623047,99.7341537475586,973300
2024-07-30,107.61000061035156,107.70999908447266,107.44999694824219,107.58999633789062,99.80835723876953,693500
2024-07-31,107.88999938964844,108.19999694824219,107.63999938964844,108.18000030517578,100.35570526123047,1585700
2024-08-01,108.19000244140625,108.45999908447266,108.12000274658203,108.1500015258789,100.48856353759766,3247900
2024-08-02,108.58999633789062,108.80999755859375,108.37999725341797,108.66999816894531,100.97173309326172,1393900
2024-08-05,108.72000122070312,109.12999725341797,108.43000030517578,108.9800033569336,101.25975799560547,3172500
2024-08-06,108.72000122070312,108.75,108.33000183105469,108.3499984741211,100.67439270019531,2115100
2024-08-07,108.19000244140625,108.37000274658203,107.94999694824219,108.0199966430664,100.36779022216797,1239900
2024-08-08,107.79000091552734,107.94999694824219,107.6500015258789,107.91999816894531,100.27485656738281,1189900
2024-08-09,108.30999755859375,108.30999755859375,108.11000061035156,108.19999694824219,100.5350112915039,804900
2024-08-12,108.11000061035156,108.52999877929688,108.05999755859375,108.48999786376953,100.80448913574219,611300
2024-08-13,108.7300033569336,108.75,108.58000183105469,108.72000122070312,101.01819610595703,717700
2024-08-14,108.79000091552734,108.94999694824219,108.5999984741211,108.66000366210938,100.96244812011719,516100
2024-08-15,108.20999908447266,108.43000030517578,108.13999938964844,108.43000030517578,100.74873352050781,443800
2024-08-16,108.61000061035156,108.62999725341797,108.33999633789062,108.38999938964844,100.7115478515625,840100
2024-08-19,108.37000274658203,108.63999938964844,108.37000274658203,108.45999908447266,100.77660369873047,1159300
2024-08-20,108.69999694824219,108.94999694824219,108.6500015258789,108.88999938964844,101.17613983154297,1449500
2024-08-21,108.98999786376953,109.19999694824219,108.79000091552734,109.12999725341797,101.3991470336914,2223600
2024-08-22,108.81999969482422,108.81999969482422,108.47000122070312,108.79000091552734,101.0832290649414,1018100
2024-08-23,108.93000030517578,109.48999786376953,108.86000061035156,109.37000274658203,101.62216186523438,790400
2024-08-26,109.55999755859375,109.61000061035156,109.37999725341797,109.37999725341797,101.6314468383789,1096600
2024-08-27,109.16000366210938,109.45999908447266,109.12999725341797,109.37999725341797,101.6314468383789,1599400
2024-08-28,109.44000244140625,109.51000213623047,109.30999755859375,109.37000274658203,101.62216186523438,687600
2024-08-29,109.2300033569336,109.29000091552734,109.12999725341797,109.22000122070312,101.48278045654297,746100
2024-08-30,109.16999816894531,109.25,108.80000305175781,108.87000274658203,101.15755462646484,1160900
2024-09-03,109.12000274658203,109.37000274658203,109.0,109.05999755859375,101.36203002929688,2892600
2024-09-04,109.05000305175781,109.4000015258789,109.0,109.3499984741211,101.63157653808594,2176700
2024-09-05,109.55000305175781,109.55000305175781,109.26000213623047,109.41999816894531,101.69660949707031,6292500
2024-09-06,109.6500015258789,109.98999786376953,109.43000030517578,109.48999786376953,101.76166534423828,2264200
2024-09-09,109.55999755859375,109.80999755859375,109.45999908447266,109.73999786376953,101.99402618408203,1377500
2024-09-10,109.69000244140625,110.0199966430664,109.6500015258789,109.9800033569336,102.21710968017578,2782200
2024-09-11,110.0199966430664,110.33000183105469,109.97000122070312,110.05000305175781,102.28215026855469,1550000
2024-09-12,109.9800033569336,110.13999938964844,109.86000061035156,110.06999969482422,102.30074310302734,1787300
2024-09-13,110.5199966430664,110.52999877929688,110.30999755859375,110.44000244140625,102.64462280273438,1689400
2024-09-16,110.66000366210938,110.87000274658203,110.56999969482422,110.81999969482422,102.99781036376953,944400
2024-09-17,110.8499984741211,110.91000366210938,110.72000122070312,110.77999877929688,102.96060180664062,2195700
2024-09-18,110.58999633789062,111.05999755859375,110.33000183105469,110.37000274658203,102.5795669555664,1191400
2024-09-19,110.33000183105469,110.7300033569336,110.27999877929688,110.69999694824219,102.88627624511719,1789600
2024-09-20,110.51000213623047,110.68000030517578,110.31999969482422,110.55000305175781,102.74686431884766,1088700
2024-09-23,110.36000061035156,110.68000030517578,110.19000244140625,110.55999755859375,102.75617218017578,1208900
2024-09-24,110.47000122070312,110.88999938964844,110.37999725341797,110.83000183105469,103.0071029663086,1880400
2024-09-25,110.62000274658203,110.62999725341797,110.38999938964844,110.41000366210938,102.61675262451172,1181600
2024-09-26,110.38999938964844,110.43000030517578,110.11000061035156,110.2699966430664,102.48662567138672,2141700
2024-09-27,110.4800033569336,110.6500015258789,110.4000015258789,110.54000091552734,102.73755645751953,892400
2024-09-30,110.55000305175781,110.58999633789062,110.2699966430664,110.47000122070312,102.67250061035156,1592400
2024-10-01,110.66000366210938,111.02999877929688,110.62000274658203,110.70999908447266,103.00931549072266,3069000
2024-10-02,110.38999938964844,110.68000030517578,110.30999755859375,110.61000061035156,102.91629028320312,2561600
2024-10-03,110.37999725341797,110.62999725341797,110.12000274658203,110.13999938964844,102.47897338867188,1590600
2024-10-04,109.58999633789062,109.72000122070312,109.37000274658203,109.38999938964844,101.7811508178711,1919500
2024-10-07,109.20999908447266,109.36000061035156,109.16000366210938,109.2699966430664,101.66948699951172,1643900
2024-10-08,109.08000183105469,109.47000122070312,109.04000091552734,109.44999694824219,101.83695220947266,1951200
2024-10-09,109.13999938964844,109.27999877929688,109.01000213623047,109.25,101.65087127685547,2538600
2024-10-10,109.2699966430664,109.48999786376953,109.19000244140625,109.47000122070312,101.8555908203125,1854500
2024-10-11,109.41999816894531,109.68000030517578,109.3499984741211,109.4800033569336,101.86489868164062,1716200
2024-10-14,109.0999984741211,109.4000015258789,109.08999633789062,109.37000274658203,101.76254272460938,1095800
2024-10-15,109.44999694824219,109.63999938964844,109.41000366210938,109.48999786376953,101.87418365478516,911200
2024-10-16,109.62999725341797,109.6500015258789,109.4800033569336,109.51000213623047,101.89279174804688,681000
2024-10-17,109.23999786376953,109.33000183105469,109.11000061035156,109.18000030517578,101.58576202392578,1163900
2024-10-18,109.33000183105469,109.4800033569336,109.33000183105469,109.36000061035156,101.75323486328125,964800
2024-10-21,109.05999755859375,109.08999633789062,108.54000091552734,108.56999969482422,101.0181884765625,1783100
2024-10-22,108.80000305175781,108.87000274658203,108.62000274658203,108.72000122070312,101.15774536132812,1464100
2024-10-23,108.4800033569336,108.52999877929688,108.30999755859375,108.44999694824219,100.90653228759766,1311000
2024-10-24,108.51000213623047,108.76000213623047,108.44000244140625,108.55999755859375,101.00888061523438,1505000
2024-10-25,108.69000244140625,108.69000244140625,108.22000122070312,108.2699966430664,100.7390365600586,1677500
2024-10-28,108.20999908447266,108.22000122070312,107.87999725341797,108.05999755859375,100.54366302490234,1848300
2024-10-29,107.83999633789062,108.23999786376953,107.70999908447266,108.22000122070312,100.6925277709961,8300200
2024-10-30,108.33000183105469,108.76000213623047,108.30999755859375,108.43000030517578,100.88790893554688,1174900
2024-10-31,108.33000183105469,108.48999786376953,108.08000183105469,108.30999755859375,100.7762451171875,3683800
2024-11-01,108.36000061035156,108.48999786376953,107.66999816894531,107.76000213623047,100.34699249267578,2613400
2024-11-04,108.2300033569336,108.29000091552734,107.80000305175781,107.94000244140625,100.51458740234375,1901900
2024-11-05,107.8499984741211,108.1500015258789,107.62999725341797,108.04000091552734,100.60771942138672,3188100
2024-11-06,107.41999816894531,108.11000061035156,107.37999725341797,107.87000274658203,100.44940948486328,1828500
2024-11-07,107.98999786376953,108.37000274658203,107.97000122070312,108.2699966430664,100.82188415527344,4425600
2024-11-08,108.54000091552734,108.69000244140625,108.37000274658203,108.56999969482422,101.10124969482422,2767200
2024-11-11,108.27999877929688,108.33000183105469,108.12000274658203,108.20999908447266,100.76603698730469,1465400
2024-11-12,108.0199966430664,108.19000244140625,107.56999969482422,107.63999938964844,100.23522186279297,3034500
2024-11-13,108.0,108.08999633789062,107.3499984741211,107.44000244140625,100.04898834228516,2857900
2024-11-14,107.7300033569336,107.86000061035156,107.37000274658203,107.41999816894531,100.03036499023438,2095500
2024-11-15,107.20999908447266,107.63999938964844,107.05999755859375,107.44999694824219,100.05830383300781,3513200
2024-11-18,107.43000030517578,107.7699966430664,107.37000274658203,107.70999908447266,100.3004150390625,1572000
2024-11-19,107.93000030517578,108.05999755859375,107.83999633789062,107.87999725341797,100.45870971679688,1349300
2024-11-20,107.77999877929688,108.0999984741211,107.73999786376953,107.83000183105469,100.41215515136719,2465200
2024-11-21,107.83000183105469,107.9800033569336,107.58999633789062,107.69000244140625,100.28179931640625,2007300
2024-11-22,107.69999694824219,107.9000015258789,107.62000274658203,107.7699966430664,100.35628509521484,1541900
2024-11-25,108.27999877929688,108.4000015258789,108.05000305175781,108.36000061035156,100.90571594238281,2028500
2024-11-26,108.31999969482422,108.37999725341797,108.05000305175781,108.11000061035156,100.67288970947266,2612500
2024-11-27,108.48999786376953,108.52999877929688,108.27999877929688,108.44999694824219,100.98950958251953,2106700
2024-11-29,108.69999694824219,108.7699966430664,108.54000091552734,108.76000213623047,101.27818298339844,2221400
2024-12-02,108.25,108.76000213623047,108.25,108.51000213623047,101.22220611572266,10473300
2024-12-03,108.66999816894531,108.7300033569336,108.4800033569336,108.55999755859375,101.26883697509766,2072500
2024-12-04,108.45999908447266,108.94999694824219,108.44999694824219,108.87000274658203,101.5580062866211,2743300
2024-12-05,108.62999725341797,108.81999969482422,108.5999984741211,108.73999786376953,101.43675994873047,1712900
2024-12-06,109.05000305175781,109.11000061035156,108.75,108.83000183105469,101.52072143554688,1557400
2024-12-09,108.70999908447266,108.7300033569336,108.56999969482422,108.62999725341797,101.33415222167969,1239200
2024-12-10,108.44999694824219,108.66000366210938,108.38999938964844,108.58999633789062,101.29682922363281,1925100
2024-12-11,108.58999633789062,108.69999694824219,108.37000274658203,108.43000030517578,101.14757537841797,1200500
2024-12-12,108.27999877929688,108.37000274658203,108.04000091552734,108.08000183105469,100.82108306884766,1836700
2024-12-13,108.0999984741211,108.11000061035156,107.7300033569336,107.77999877929688,100.54124450683594,1480300
2024-12-16,107.8499984741211,107.88999938964844,107.63999938964844,107.66000366210938,100.42930603027344,2852400
2024-12-17,107.58000183105469,107.73999786376953,107.55000305175781,107.5999984741211,100.37332916259766,1375700
2024-12-18,107.4800033569336,107.66999816894531,106.73999786376953,106.76000213623047,99.73806762695312,2634500
2024-12-19,106.6500015258789,106.69999694824219,106.04000091552734,106.33000183105469,99.33634185791016,5926400
2024-12-20,106.68000030517578,106.83999633789062,106.5199966430664,106.54000091552734,99.53253173828125,3304900
2024-12-23,106.5,106.54000091552734,106.31999969482422,106.4000015258789,99.40172576904297,2272500
2024-12-24,106.2699966430664,106.63999938964844,106.26000213623047,106.63999938964844,99.6259536743164,704400
2024-12-26,106.38999938964844,106.70999908447266,106.37999725341797,106.63999938964844,99.6259536743164,1175800
2024-12-27,106.55000305175781,106.6500015258789,106.33999633789062,106.37000274658203,99.37371063232422,1359200
2024-12-30,106.73999786376953,106.81999969482422,106.56999969482422,106.68000030517578,99.66333770751953,6392500
2024-12-31,106.8499984741211,106.91999816894531,106.54000091552734,106.55000305175781,99.5418701171875,2971800
2025-01-02,106.77999877929688,106.97000122070312,106.62999725341797,106.70999908447266,99.69134521484375,3753600
2025-01-03,106.73999786376953,106.80000305175781,106.4800033569336,106.48999786376953,99.4858169555664,2283800
2025-01-06,106.4000015258789,106.55999755859375,106.33999633789062,106.48999786376953,99.4858169555664,4278000
2025-01-07,106.44000244140625,106.5199966430664,106.19000244140625,106.31999969482422,99.3270034790039,6720600
2025-01-08,106.37999725341797,106.72000122070312,106.33999633789062,106.5999984741211,99.58858489990234,2661800
2025-01-10,106.30000305175781,106.43000030517578,106.08999633789062,106.22000122070312,99.23358154296875,4238600
2025-01-13,106.33999633789062,106.3499984741211,106.08999633789062,106.22000122070312,99.23358154296875,1671800
2025-01-14,106.29000091552734,106.30000305175781,106.12000274658203,106.26000213623047,99.27095031738281,1100800
2025-01-15,106.9000015258789,107.05000305175781,106.80000305175781,107.0,99.9622802734375,2803400
2025-01-16,107.02999877929688,107.33000183105469,106.88999938964844,107.13999938964844,100.09307098388672,2669400
2025-01-17,107.2300033569336,107.33999633789062,107.0999984741211,107.18000030517578,100.13042449951172,1068100
2025-01-21,107.2699966430664,107.37999725341797,107.13999938964844,107.26000213623047,100.2051773071289,2552600
2025-01-22,107.30000305175781,107.31999969482422,107.06999969482422,107.13999938964844,100.09307098388672,1549800
2025-01-23,106.83999633789062,107.23999786376953,106.81999969482422,107.23999786376953,100.18649291992188,2548900
2025-01-24,107.13999938964844,107.44999694824219,107.11000061035156,107.43000030517578,100.3639907836914,1654800
2025-01-27,107.88999938964844,107.94999694824219,107.69999694824219,107.87999725341797,100.78439331054688,3059000
2025-01-28,107.80000305175781,107.97000122070312,107.69000244140625,107.94999694824219,100.84977722167969,1363400
2025-01-29,108.0,108.05000305175781,107.5199966430664,107.81999969482422,100.72834014892578,941400
2025-01-30,107.9800033569336,108.11000061035156,107.80999755859375,107.93000030517578,100.83110046386719,1530500
2025-01-31,107.93000030517578,108.05000305175781,107.70999908447266,108.01000213623047,100.90584564208984,2848200
2025-02-03,108.6500015258789,108.87000274658203,108.12999725341797,108.26000213623047,101.13941192626953,5060500
2025-02-04,107.9000015258789,108.45999908447266,107.86000061035156,108.44000244140625,101.30756378173828,3018800
2025-02-05,108.7300033569336,108.9800033569336,108.68000030517578,108.91999816894531,101.7559814453125,2186500
2025-02-06,108.86000061035156,108.9000015258789,108.63999938964844,108.7300033569336,101.5784912109375,1366000
2025-02-07,108.41999816894531,108.56999969482422,108.23999786376953,108.44000244140625,101.30756378173828,3189500
2025-02-10,108.61000061035156,108.69000244140625,108.41000366210938,108.48999786376953,101.3542709350586,1028500
2025-02-11,108.36000061035156,108.45999908447266,108.30000305175781,108.45999908447266,101.32624816894531,1493200
2025-02-12,108.08000183105469,108.08999633789062,107.79000091552734,107.80999755859375,100.718994140625,1680900
2025-02-13,108.19999694824219,108.45999908447266,108.02999877929688,108.41000366210938,101.27953338623047,1669600
2025-02-14,108.69000244140625,108.79000091552734,108.56999969482422,108.61000061035156,101.46638488769531,2046800
2025-02-18,108.41000366210938,108.54000091552734,108.25,108.26000213623047,101.13941192626953,1330100
2025-02-19,108.31999969482422,108.5199966430664,108.29000091552734,108.4800033569336,101.34494018554688,1030600
2025-02-20,108.58999633789062,108.81999969482422,108.55999755859375,108.69999694824219,101.55044555664062,2129300
2025-02-21,108.80999755859375,109.12000274658203,108.77999877929688,108.91999816894531,101.7559814453125,1114500
2025-02-24,108.87000274658203,109.18000030517578,108.87000274658203,109.16000366210938,101.98019409179688,1137700
2025-02-25,109.5999984741211,109.72000122070312,109.52999877929688,109.62000274658203,102.40995788574219,1629900
2025-02-26,109.6500015258789,109.83999633789062,109.52999877929688,109.70999908447266,102.49403381347656,1728200
2025-02-27,109.55000305175781,109.76000213623047,109.5,109.58000183105469,102.37258911132812,1194400
2025-02-28,109.98999786376953,110.41000366210938,109.88999938964844,110.33999633789062,103.08259582519531,2418600
2025-03-03,110.36000061035156,110.69000244140625,110.0199966430664,110.63999938964844,103.36285400390625,2632500
2025-03-04,110.88999938964844,110.9000015258789,110.16999816894531,110.25,102.99851989746094,3752200
2025-03-05,110.26000213623047,110.33000183105469,109.66000366210938,109.69000244140625,102.47534942626953,2822000
2025-03-06,109.5199966430664,109.70999908447266,109.19999694824219,109.63999938964844,102.42864990234375,1945000
2025-03-07,109.91999816894531,109.98999786376953,109.37000274658203,109.45999908447266,102.26048278808594,2422200
2025-03-10,109.97000122070312,110.12999725341797,109.86000061035156,109.94999694824219,102.71823120117188,1903400
2025-03-11,109.94000244140625,110.1500015258789,109.58000183105469,109.6500015258789,102.43798065185547,2341300
2025-03-12,109.55999755859375,109.79000091552734,109.5,109.5199966430664,102.31652069091797,3293300
2025-03-13,109.43000030517578,109.76000213623047,109.33999633789062,109.68000030517578,102.46599578857422,2152200
2025-03-14,109.48999786376953,109.58000183105469,109.37999725341797,109.41999816894531,102.22309875488281,1042900
2025-03-17,109.55000305175781,109.69999694824219,109.38999938964844,109.44999694824219,102.25112915039062,1838400
2025-03-18,109.4000015258789,109.68000030517578,109.38999938964844,109.56999969482422,102.36323547363281,1172200
2025-03-19,109.5,110.12999725341797,109.4000015258789,110.12999725341797,102.88641357421875,1391800
2025-03-20,110.45999908447266,110.4800033569336,110.08000183105469,110.2300033569336,102.97982788085938,2287100
2025-03-21,110.43000030517578,110.47000122070312,110.0999984741211,110.0999984741211,102.8583755493164,1228400
2025-03-24,110.0,110.02999877929688,109.76000213623047,109.81999969482422,102.59678649902344,1977500
2025-03-25,109.86000061035156,110.05000305175781,109.80999755859375,110.0,102.76493835449219,1165300
2025-03-26,109.91999816894531,110.04000091552734,109.80999755859375,109.86000061035156,102.63416290283203,1548100
2025-03-27,109.94999694824219,110.13999938964844,109.87000274658203,110.08999633789062,102.8490219116211,2945700
2025-03-28,110.41999816894531,110.7699966430664,110.41000366210938,110.6500015258789,103.3722152709961,1558500
2025-03-31,111.06999969482422,111.2300033569336,110.94000244140625,111.08999633789062,103.78324127197266,2755600
2025-04-01,110.48999786376953,110.80999755859375,110.37999725341797,110.44999694824219,103.84812927246094,3953100
2025-04-02,110.79000091552734,110.79000091552734,110.08999633789062,110.27999877929688,103.68830108642578,1679800
2025-04-03,111.22000122070312,111.44999694824219,110.9000015258789,110.97000122070312,104.33705139160156,3547500
2025-04-04,111.43000030517578,111.51000213623047,110.55999755859375,110.5999984741211,103.98916625976562,4726000
2025-04-07,110.30000305175781,110.48999786376953,109.2300033569336,109.2699966430664,102.73867797851562,5648000
2025-04-08,109.5,109.83000183105469,108.94999694824219,109.0,102.48480224609375,3549100
2025-04-09,108.3499984741211,109.26000213623047,107.79000091552734,109.2300033569336,102.70105743408203,4559100
2025-04-10,108.9000015258789,109.08000183105469,107.87000274658203,107.93000030517578,101.478759765625,4609000
2025-04-11,107.0999984741211,107.97000122070312,106.47000122070312,107.97000122070312,101.51637268066406,2989200
2025-04-14,108.62999725341797,108.73999786376953,108.25,108.48999786376953,102.00530242919922,3639200
2025-04-15,108.4800033569336,108.76000213623047,108.38999938964844,108.4800033569336,101.99589538574219,2982000
2025-04-16,108.55999755859375,108.87999725341797,108.43000030517578,108.77999877929688,102.27796173095703,2294400
2025-04-17,108.81999969482422,109.08999633789062,108.76000213623047,109.02999877929688,102.51302337646484,1942000
2025-04-21,108.80999755859375,109.16999816894531,108.43000030517578,108.47000122070312,101.98648071289062,2079200
2025-04-22,108.8499984741211,108.98999786376953,108.73999786376953,108.87000274658203,102.3625717163086,2639700
2025-04-23,109.81999969482422,109.87999725341797,109.01000213623047,109.19000244140625,102.66345977783203,1740500
2025-04-24,109.55000305175781,109.7699966430664,109.4800033569336,109.7699966430664,103.20879364013672,1658300
2025-04-25,109.94000244140625,109.97000122070312,109.76000213623047,109.81999969482422,103.25578308105469,1930700
2025-04-28,109.87999725341797,110.2300033569336,109.86000061035156,110.19999694824219,103.61307525634766,1204800
2025-04-29,110.1500015258789,110.41000366210938,110.13999938964844,110.38999938964844,103.7917251586914,1106100
2025-04-30,110.36000061035156,110.62999725341797,110.23999786376953,110.5199966430664,103.9139404296875,2729600
2025-05-01,110.0199966430664,110.2300033569336,109.45999908447266,109.61000061035156,103.55965423583984,2383600
2025-05-02,109.37000274658203,109.4000015258789,108.98999786376953,109.04000091552734,103.0211181640625,1794200
2025-05-05,108.94000244140625,109.0,108.66999816894531,108.93000030517578,102.91717529296875,1751500
2025-05-06,108.97000122070312,109.27999877929688,108.88999938964844,109.26000213623047,103.22897338867188,1772200
2025-05-07,109.41000366210938,109.62999725341797,109.26000213623047,109.37000274658203,103.33290100097656,2185800
2025-05-08,109.44000244140625,109.44999694824219,108.91000366210938,108.9800033569336,102.96443939208984,1132500
2025-05-09,109.18000030517578,109.33000183105469,109.01000213623047,109.08000183105469,103.05891418457031,867200
2025-05-12,108.48999786376953,108.66999816894531,108.20999908447266,108.2300033569336,102.25582122802734,1481000
2025-05-13,108.22000122070312,108.48999786376953,108.08000183105469,108.48999786376953,102.50147247314453,2724200
2025-05-14,108.48999786376953,108.5,108.27999877929688,108.37999725341797,102.39754486083984,1815200
2025-05-15,108.51000213623047,108.77999877929688,108.38999938964844,108.69000244140625,102.69043731689453,1668000
2025-05-16,108.9800033569336,109.0,108.75,108.87999725341797,102.86994934082031,1120900
2025-05-19,108.44999694824219,108.94999694824219,108.4000015258789,108.88999938964844,102.87939453125,2179300
2025-05-20,108.62000274658203,108.79000091552734,108.4800033569336,108.7300033569336,102.72822570800781,1851600
2025-05-21,108.47000122070312,108.56999969482422,108.06999969482422,108.13999938964844,102.17079162597656,1870000
2025-05-22,108.05000305175781,108.4800033569336,107.9800033569336,108.45999908447266,102.4731216430664,2654500
2025-05-23,108.62000274658203,108.66000366210938,108.44000244140625,108.55999755859375,102.5676040649414,1596900
2025-05-27,108.75,108.95999908447266,108.66999816894531,108.87000274658203,102.86050415039062,2875500
2025-05-28,108.70999908447266,108.79000091552734,108.52999877929688,108.62000274658203,102.62429809570312,2367900
2025-05-29,108.69999694824219,108.97000122070312,108.6500015258789,108.93000030517578,102.91717529296875,1714500
2025-05-30,108.95999908447266,109.36000061035156,108.9000015258789,109.29000091552734,103.25730895996094,3950200
2025-06-02,108.63999938964844,108.80000305175781,108.4800033569336,108.6500015258789,102.90968322753906,2797100
2025-06-03,108.77999877929688,108.83999633789062,108.44000244140625,108.55000305175781,102.81499481201172,3669800
2025-06-04,108.77999877929688,109.06999969482422,108.72000122070312,108.97000122070312,103.2127914428711,2432200
2025-06-05,109.0199966430664,109.08999633789062,108.62999725341797,108.6500015258789,102.90968322753906,2596700
2025-06-06,108.41999816894531,108.58000183105469,108.06999969482422,108.06999969482422,102.3603515625,2031700
2025-06-09,108.13999938964844,108.3499984741211,108.08000183105469,108.22000122070312,102.5024185180664,2846000
2025-06-10,108.44000244140625,108.44999694824219,108.19000244140625,108.2699966430664,102.5497817993164,1757100
2025-06-11,108.25,108.54000091552734,108.18000030517578,108.44999694824219,102.72026824951172,1820500
2025-06-12,108.75,108.83999633789062,108.6500015258789,108.76000213623047,103.0138931274414,2207700
2025-06-13,109.04000091552734,109.04000091552734,108.37999725341797,108.5999984741211,102.86234283447266,1633700
2025-06-16,108.5,108.76000213623047,108.44000244140625,108.44999694824219,102.72026824951172,1684500
2025-06-17,108.68000030517578,109.05999755859375,108.56999969482422,109.0199966430664,103.2601547241211,3579200
2025-06-18,109.16000366210938,109.22000122070312,108.9800033569336,109.0999984741211,103.3359146118164,2168800
2025-06-20,108.98999786376953,109.37999725341797,108.93000030517578,109.29000091552734,103.51588439941406,1740800
2025-06-23,109.5,109.77999877929688,109.37999725341797,109.37999725341797,103.60112762451172,2846600
2025-06-24,109.22000122070312,109.5999984741211,109.12999725341797,109.5199966430664,103.7337417602539,2604700
2025-06-25,109.45999908447266,109.62999725341797,109.16000366210938,109.58000183105469,103.79055786132812,2096200
2025-06-26,109.69999694824219,109.91999816894531,109.62000274658203,109.9000015258789,104.09366607666016,2620800
2025-06-27,109.72000122070312,110.04000091552734,109.66999816894531,109.76000213623047,103.96105194091797,1547100
2025-06-30,110.0,110.16000366210938,109.88999938964844,110.04000091552734,104.22626495361328,4252900
2025-07-01,109.5999984741211,109.77999877929688,109.4800033569336,109.5999984741211,104.16923522949219,5945000
2025-07-02,109.44999694824219,109.55999755859375,109.4000015258789,109.55000305175781,104.12173461914062,3416700
2025-07-03,109.38999938964844,109.47000122070312,109.23999786376953,109.36000061035156,103.94112396240234,1776100
2025-07-07,109.20999908447266,109.26000213623047,109.0999984741211,109.22000122070312,103.80807495117188,1758700
2025-07-08,109.05000305175781,109.16000366210938,109.02999877929688,109.12999725341797,103.72251892089844,1577300
2025-07-09,109.18000030517578,109.54000091552734,109.16000366210938,109.54000091552734,104.11222839355469,3659600
2025-07-10,109.47000122070312,109.55000305175781,109.33999633789062,109.51000213623047,104.08370208740234,2378200
2025-07-11,109.33999633789062,109.37000274658203,109.23999786376953,109.33000183105469,103.91261291503906,2269800
2025-07-14,109.30000305175781,109.45999908447266,109.2300033569336,109.4000015258789,103.97916412353516,1530500
2025-07-15,109.72000122070312,109.72000122070312,109.02999877929688,109.11000061035156,103.70352172851562,2408100
2025-07-16,109.16000366210938,109.48999786376953,109.12000274658203,109.4800033569336,104.05518341064453,4479200
2025-07-17,109.56999969482422,109.68000030517578,109.52999877929688,109.58000183105469,104.15023040771484,1618100
2025-07-18,109.87000274658203,109.87999725341797,109.6500015258789,109.69999694824219,104.2642822265625,1720400
2025-07-21,109.9800033569336,110.1500015258789,109.9000015258789,109.9800033569336,104.5304183959961,3055900
2025-07-22,110.0,110.19000244140625,109.9800033569336,110.08000183105469,104.62545013427734,3951300
2025-07-23,109.83999633789062,109.87999725341797,109.61000061035156,109.6500015258789,104.21675872802734,2282900
2025-07-24,109.5199966430664,109.81999969482422,109.30000305175781,109.7300033569336,104.29280853271484,2321000
2025-07-25,109.7300033569336,109.88999938964844,109.6500015258789,109.83000183105469,104.38784790039062,1093400
2025-07-28,109.70999908447266,109.83999633789062,109.66999816894531,109.69000244140625,104.25479125976562,1656400
2025-07-29,109.81999969482422,110.27999877929688,109.80999755859375,110.27999877929688,104.81554412841797,2326800
2025-07-30,110.05000305175781,110.23999786376953,109.80999755859375,109.8499984741211,104.40684509277344,3846800
2025-07-31,109.98999786376953,110.08000183105469,109.66000366210938,109.66999816894531,104.23577117919922,3608800
2025-08-01,110.0199966430664,110.19999694824219,109.80000305175781,110.16999816894531,104.96366119384766,3766800
2025-08-04,110.25,110.58000183105469,110.19999694824219,110.48999786376953,105.26853942871094,3014900
2025-08-05,110.4000015258789,110.52999877929688,110.37000274658203,110.38999938964844,105.17325592041016,1800300
2025-08-06,110.30000305175781,110.44999694824219,110.08000183105469,110.30000305175781,105.08751678466797,1856200
2025-08-07,110.33999633789062,110.41999816894531,110.2300033569336,110.41999816894531,105.20185089111328,1606300
2025-08-08,110.26000213623047,110.41999816894531,110.12999725341797,110.3499984741211,105.13514709472656,1831600
2025-08-11,110.43000030517578,110.52999877929688,110.3499984741211,110.3499984741211,105.13514709472656,1624700
2025-08-12,110.02999877929688,110.2300033569336,109.94999694824219,110.16000366210938,104.95413970947266,2526100
2025-08-13,110.5,110.6500015258789,110.48999786376953,110.58000183105469,105.35427856445312,1598200
2025-08-14,110.44999694824219,110.48999786376953,110.23999786376953,110.25,105.03988647460938,2203400
2025-08-15,110.23999786376953,110.27999877929688,109.94999694824219,110.04000091552734,104.83980560302734,1745900
2025-08-18,110.05999755859375,110.05999755859375,109.79000091552734,109.91999816894531,104.7254867553711,1721300
2025-08-19,110.02999877929688,110.11000061035156,110.01000213623047,110.02999877929688,104.83027648925781,2263600
2025-08-20,110.05000305175781,110.26000213623047,110.05000305175781,110.1500015258789,104.9446029663086,2369300
2025-08-21,110.0999984741211,110.22000122070312,109.93000030517578,110.16999816894531,104.96366119384766,3563000
2025-08-22,110.30000305175781,110.94999694824219,110.2699966430664,110.91999816894531,105.67822265625,3388300
2025-08-25,110.73999786376953,110.81999969482422,110.66999816894531,110.70999908447266,105.47814178466797,4332700
2025-08-26,110.76000213623047,111.02999877929688,110.69999694824219,110.97000122070312,105.7258529663086,5345700
2025-08-27,110.95999908447266,111.2699966430664,110.88999938964844,111.22000122070312,105.96404266357422,2106700
2025-08-28,111.23999786376953,111.3499984741211,111.19999694824219,111.29000091552734,106.03074645996094,3876100
2025-08-29,111.31999969482422,111.33999633789062,111.16000366210938,111.16999816894531,105.9164047241211,2847300
2025-09-02,110.4800033569336,110.5999984741211,110.44000244140625,110.55000305175781,105.72227478027344,5710700
2025-09-03,110.55000305175781,110.91999816894531,110.54000091552734,110.80000305175781,105.96135711669922,4699700
2025-09-04,110.91000366210938,110.98999786376953,110.77999877929688,110.97000122070312,106.12393188476562,3919500
2025-09-05,111.37000274658203,111.45999908447266,111.33000183105469,111.45999908447266,106.59253692626953,4068800
2025-09-08,111.63999938964844,111.72000122070312,111.55000305175781,111.69000244140625,106.81249237060547,3818200
2025-09-09,111.66999816894531,111.76000213623047,111.44999694824219,111.47000122070312,106.60210418701172,4938800
2025-09-10,111.56999969482422,111.79000091552734,111.4800033569336,111.63999938964844,106.7646713256836,4601200
2025-09-11,111.7699966430664,111.95999908447266,111.76000213623047,111.81999969482422,106.93681335449219,4158700
2025-09-12,111.69999694824219,111.72000122070312,111.56999969482422,111.66999816894531,106.7933578491211,2049100
2025-09-15,111.73999786376953,111.88999938964844,111.73999786376953,111.77999877929688,106.89856719970703,3587000
2025-09-16,111.86000061035156,111.95999908447266,111.80000305175781,111.87999725341797,106.99419403076172,5346500
2025-09-17,111.94000244140625,112.26000213623047,111.66000366210938,111.80999755859375,106.92723846435547,5676100
2025-09-18,111.56999969482422,111.70999908447266,111.33000183105469,111.5,106.63077545166016,4223100
2025-09-19,111.4800033569336,111.54000091552734,111.30999755859375,111.44000244140625,106.57342529296875,1336600
2025-09-22,111.33000183105469,111.36000061035156,111.1500015258789,111.16999816894531,106.31519317626953,2076400
2025-09-23,111.30000305175781,111.47000122070312,111.19999694824219,111.47000122070312,106.60210418701172,2856900
2025-09-24,111.41000366210938,111.43000030517578,111.2300033569336,111.2699966430664,106.41082763671875,2236400
2025-09-25,111.11000061035156,111.16999816894531,110.94000244140625,111.08999633789062,106.23868560791016,4019900
2025-09-26,111.16000366210938,111.29000091552734,111.01000213623047,111.11000061035156,106.25782775878906,2790000
2025-09-29,111.20999908447266,111.30000305175781,111.16000366210938,111.25,106.3917007446289,2524800
2025-09-30,111.26000213623047,111.4000015258789,111.18000030517578,111.22000122070312,106.3630142211914,2985100
2025-10-01,111.30000305175781,111.36000061035156,111.11000061035156,111.22000122070312,106.55270385742188,3796100
2025-10-02,111.19999694824219,111.30999755859375,111.1500015258789,111.16999816894531,106.50480651855469,3162400
2025-10-03,111.26000213623047,111.29000091552734,111.04000091552734,111.05000305175781,106.38985443115234,2184000
2025-10-06,110.91999816894531,111.05999755859375,110.83999633789062,110.86000061035156,106.20781707763672,2262400
2025-10-07,110.98999786376953,111.23999786376953,110.94999694824219,111.16999816894531,106.50480651855469,2714900
2025-10-08,111.37000274658203,111.37999725341797,111.20999908447266,111.25,106.58145141601562,2273300
2025-10-09,111.23999786376953,111.2699966430664,111.08999633789062,111.12000274658203,106.4569091796875,2491400
2025-10-10,111.41999816894531,111.66000366210938,111.37000274658203,111.51000213623047,106.83053588867188,4018900
2025-10-13,111.55999755859375,111.79000091552734,111.44999694824219,111.79000091552734,107.09878540039062,2206300
2025-10-14,111.5999984741211,111.76000213623047,111.56999969482422,111.66999816894531,106.98381805419922,4469200
2025-10-15,111.80999755859375,111.88999938964844,111.51000213623047,111.63999938964844,106.95508575439453,3018700
2025-10-16,111.56999969482422,111.91999816894531,111.54000091552734,111.9000015258789,107.20417785644531,2687300
2025-10-17,111.91000366210938,111.91999816894531,111.6500015258789,111.68000030517578,106.99340057373047,1739700
2025-10-20,111.7699966430664,111.80000305175781,111.69999694824219,111.77999877929688,107.0892105102539,2108500
2025-10-21,112.04000091552734,112.11000061035156,112.0,112.0199966430664,107.31913757324219,2702400
2025-10-22,112.12000274658203,112.23999786376953,112.02999877929688,112.19999694824219,107.49158477783203,2898200
2025-10-23,112.11000061035156,112.16999816894531,111.94000244140625,111.9800033569336,107.28081512451172,2645900
2025-10-24,111.91000366210938,112.0199966430664,111.76000213623047,111.97000122070312,107.27122497558594,1706700
2025-10-27,111.91999816894531,111.9800033569336,111.77999877929688,111.94000244140625,107.24249267578125,2753600
2025-10-28,111.94000244140625,112.04000091552734,111.91000366210938,112.02999877929688,107.32872009277344,2608700
2025-10-29,111.93000030517578,112.04000091552734,111.38999938964844,111.44000244140625,106.76348876953125,2976500
2025-10-30,111.16000366210938,111.4000015258789,111.1500015258789,111.19999694824219,106.53353881835938,3977100
2025-10-31,111.31999969482422,111.41000366210938,111.26000213623047,111.37999725341797,106.70599365234375,2249300
2025-11-03,110.94000244140625,111.02999877929688,110.83999633789062,110.94000244140625,106.63006591796875,3887200
2025-11-04,110.95999908447266,111.08999633789062,110.93000030517578,110.98999786376953,106.67813110351562,4858700
2025-11-05,110.83000183105469,110.87000274658203,110.55000305175781,110.58000183105469,106.2840576171875,3908700
2025-11-06,110.8499984741211,110.95999908447266,110.81999969482422,110.87999725341797,106.5723876953125,2394500
2025-11-07,110.69999694824219,110.98999786376953,110.69999694824219,110.9000015258789,106.59161376953125,3097600
2025-11-10,110.87999725341797,110.94000244140625,110.81999969482422,110.91999816894531,106.61084747314453,2354200
2025-11-11,111.1500015258789,111.37000274658203,111.08999633789062,111.37000274658203,107.04336547851562,3902000
2025-11-12,111.1500015258789,111.23999786376953,111.08000183105469,111.12999725341797,106.81267547607422,3297900
2025-11-13,111.0,111.08999633789062,110.87999725341797,110.87999725341797,106.5723876953125,2215500
2025-11-14,111.08999633789062,111.12999725341797,110.7300033569336,110.75,106.44745635986328,3059200
2025-11-17,110.8499984741211,110.87000274658203,110.76000213623047,110.7699966430664,106.46666717529297,2044000
2025-11-18,110.91000366210938,110.9800033569336,110.7300033569336,110.8499984741211,106.5435562133789,4616900
2025-11-19,110.88999938964844,110.91000366210938,110.68000030517578,110.70999908447266,106.40900421142578,2472400
2025-11-20,110.83000183105469,110.91999816894531,110.6500015258789,110.76000213623047,106.4570541381836,3091600
2025-11-21,111.04000091552734,111.05000305175781,110.87999725341797,111.0199966430664,106.70694732666016,2651000
2025-11-24,111.13999938964844,111.13999938964844,111.0199966430664,111.06999969482422,106.75501251220703,2619500
2025-11-25,111.05999755859375,111.30999755859375,111.04000091552734,111.2699966430664,106.94723510742188,3404200
2025-11-26,111.27999877929688,111.51000213623047,111.13999938964844,111.51000213623047,107.17791748046875,3805900
2025-11-28,111.4800033569336,111.5199966430664,111.2300033569336,111.26000213623047,106.93763732910156,1830000
2025-12-01,110.62000274658203,110.68000030517578,110.5,110.5,106.51542663574219,3198500
2025-12-02,110.52999877929688,110.62999725341797,110.51000213623047,110.52999877929688,106.54434967041016,4068000
2025-12-03,110.66999816894531,110.80999755859375,110.62999725341797,110.77999877929688,106.78533172607422,2541200
2025-12-04,110.69000244140625,110.69999694824219,110.5999984741211,110.62999725341797,106.64073944091797,2243300
2025-12-05,110.69999694824219,110.70999908447266,110.44999694824219,110.44999694824219,106.46722412109375,3672300
2025-12-08,110.44000244140625,110.44000244140625,110.1500015258789,110.2300033569336,106.25516510009766,2101000
2025-12-09,110.33999633789062,110.37000274658203,110.08999633789062,110.08999633789062,106.12020111083984,5181700
2025-12-10,110.02999877929688,110.47000122070312,110.0199966430664,110.44999694824219,106.46722412109375,3503000
2025-12-11,110.62000274658203,110.68000030517578,110.36000061035156,110.4000015258789,106.41903686523438,3661200
2025-12-12,110.18000030517578,110.23999786376953,110.12999725341797,110.2300033569336,106.25516510009766,2379100
2025-12-15,110.3499984741211,110.41999816894531,110.1500015258789,110.1500015258789,106.17804718017578,2229400
2025-12-16,110.01000213623047,110.26000213623047,109.98999786376953,110.16999816894531,106.19732666015625,5094500
2025-12-17,110.1500015258789,110.30000305175781,110.12999725341797,110.29000091552734,106.31299591064453,1831100
2025-12-18,110.33999633789062,110.51000213623047,110.19000244140625,110.5,106.51542663574219,4253800
2025-12-19,110.0999984741211,110.0999984741211,109.87000274658203,109.94000244140625,106.30463409423828,2940500
2025-12-22,109.87000274658203,109.88999938964844,109.7300033569336,109.77999877929688,106.1499252319336,2116000
2025-12-23,109.58000183105469,109.87000274658203,109.56999969482422,109.83000183105469,106.19827270507812,1914900
2025-12-24,110.01000213623047,110.0999984741211,109.97000122070312,110.05999755859375,106.42066192626953,877800
2025-12-26,110.18000030517578,110.19999694824219,109.9800033569336,110.05000305175781,106.41100311279297,1357100
2025-12-29,110.13999938964844,110.19000244140625,110.08999633789062,110.1500015258789,106.5076904296875,1572100
2025-12-30,110.0999984741211,110.22000122070312,110.06999969482422,110.12999725341797,106.48834228515625,1723000
2025-12-31,109.98999786376953,110.16999816894531,109.88999938964844,109.91000366210938,106.27562713623047,2927800
2026-01-02,110.0,110.01000213623047,109.8499984741211,109.86000061035156,106.22727966308594,2787700
2026-01-05,109.97000122070312,110.18000030517578,109.93000030517578,110.16000366210938,106.51736450195312,2084800
2026-01-06,110.12000274658203,110.16999816894531,109.94999694824219,110.08000183105469,106.44001007080078,3737900
2026-01-07,110.27999877929688,110.30999755859375,110.11000061035156,110.25,106.60438537597656,3603400
2026-01-08,110.06999969482422,110.1500015258789,110.0199966430664,110.02999877929688,106.39165496826172,2414000
2026-01-09,110.08000183105469,110.26000213623047,110.01000213623047,110.18000030517578,106.53669738769531,2589200
2026-01-12,110.1500015258789,110.26000213623047,110.12000274658203,110.18000030517578,106.53669738769531,1558700
2026-01-13,110.30000305175781,110.36000061035156,110.19000244140625,110.27999877929688,106.6333999633789,2589900
2026-01-14,110.37999725341797,110.54000091552734,110.37999725341797,110.4000015258789,106.74942016601562,1879900
2026-01-15,110.43000030517578,110.44000244140625,110.2300033569336,110.2300033569336,106.58504486083984,2645900
2026-01-16,110.26000213623047,110.30000305175781,110.0199966430664,110.0199966430664,106.38198852539062,2318600
2026-01-20,109.70999908447266,109.87000274658203,109.68000030517578,109.69000244140625,106.06290435791016,2445300
2026-01-21,109.81999969482422,110.12999725341797,109.75,110.12000274658203,106.47868347167969,4361600
2026-01-22,110.0199966430664,110.19000244140625,109.97000122070312,110.01000213623047,106.37232208251953,4034100
2026-01-23,110.02999877929688,110.26000213623047,110.01000213623047,110.2300033569336,106.58504486083984,5141400
2026-01-26,110.33999633789062,110.41999816894531,110.27999877929688,110.37999725341797,106.73008728027344,2785700
2026-01-27,110.41999816894531,110.48999786376953,110.37999725341797,110.38999938964844,106.73976135253906,2042000
2026-01-28,110.43000030517578,110.45999908447266,110.23999786376953,110.44000244140625,106.78810119628906,2449000
2026-01-29,110.48999786376953,110.69000244140625,110.47000122070312,110.5199966430664,106.8654556274414,2024100
2026-01-30,110.45999908447266,110.55000305175781,110.37999725341797,110.4800033569336,106.8267822265625,2285100
2026-02-02,110.43000030517578,110.44000244140625,110.16000366210938,110.19000244140625,106.54637908935547,4416400
2026-02-03,110.23999786376953,110.41000366210938,110.23999786376953,110.37000274658203,106.72040557861328,1651200
2026-02-04,110.22000122070312,110.3499984741211,110.20999908447266,110.25,106.60438537597656,4072200
2026-02-05,110.41000366210938,110.58000183105469,110.33999633789062,110.55999755859375,106.90413665771484,2319200
2026-02-06,110.58999633789062,110.66999816894531,110.4800033569336,110.66999816894531,107.01049041748047,2478600
2026-02-09,110.5999984741211,110.77999877929688,110.55000305175781,110.76000213623047,107.09752655029297,2712500
2026-02-10,111.0,111.08999633789062,110.91000366210938,110.98999786376953,107.31991577148438,2026200
2026-02-11,110.83999633789062,111.0,110.7699966430664,110.80999755859375,107.14586639404297,1771800
2026-02-12,110.9000015258789,111.2699966430664,110.87999725341797,111.25,107.57131958007812,2401200
2026-02-13,111.37999725341797,111.44000244140625,111.25,111.38999938964844,107.7066879272461,4662700
2026-02-17,111.31999969482422,111.33000183105469,111.19999694824219,111.2300033569336,107.55198669433594,1844000
2026-02-18,111.22000122070312,111.29000091552734,111.12999725341797,111.16000366210938,107.48429870605469,1939700
2026-02-19,111.12999725341797,111.33999633789062,111.12000274658203,111.25,107.57131958007812,2665300
2026-02-20,111.30999755859375,111.30999755859375,110.98999786376953,111.19000244140625,107.51329803466797,3085100
2026-02-23,111.29000091552734,111.45999908447266,111.25,111.29000091552734,107.61000061035156,2315600
2026-02-24,111.33000183105469,111.36000061035156,111.20999908447266,111.30999755859375,107.62932586669922,1227200
2026-02-25,111.27999877929688,111.45999908447266,111.26000213623047,111.41000366210938,107.72602844238281,1549000
2026-02-26,111.52999877929688,111.72000122070312,111.5199966430664,111.70999908447266,108.01610565185547,1545200
2026-02-27,111.9800033569336,111.9800033569336,111.79000091552734,111.87999725341797,108.18048095703125,2462700
2026-03-02,111.83000183105469,111.83000183105469,111.31999969482422,111.56999969482422,107.88072967529297,3321700
2026-03-03,111.30999755859375,111.62999725341797,111.27999877929688,111.5,107.81304168701172,2735100
2026-03-04,111.47000122070312,111.4800033569336,111.23999786376953,111.25,107.57131958007812,1760700
2026-03-05,111.08000183105469,111.31999969482422,111.04000091552734,111.22000122070312,107.54231262207031,2495500
2026-03-06,111.31999969482422,111.70999908447266,111.27999877929688,111.43000030517578,107.745361328125,2774400
2026-03-09,111.5199966430664,111.69999694824219,111.3499984741211,111.61000061035156,107.9194107055664,4620200
2026-03-10,111.52999877929688,111.55000305175781,111.20999908447266,111.23999786376953,107.5616455078125,2975400
2026-03-11,111.26000213623047,111.26000213623047,111.02999877929688,111.06999969482422,107.39726257324219,2860600
2026-03-12,111.08000183105469,111.19000244140625,110.80000305175781,110.93000030517578,107.26189422607422,2417700
2026-03-13,110.87999725341797,110.94000244140625,110.66000366210938,110.70999908447266,107.0491714477539,2274900
2026-03-16,111.0199966430664,111.08999633789062,110.87999725341797,111.05999755859375,107.3875961303711,2260600
2026-03-17,111.2699966430664,111.4800033569336,111.22000122070312,111.44999694824219,107.76470184326172,1821600
2026-03-18,111.51000213623047,111.55999755859375,111.20999908447266,111.23999786376953,107.5616455078125,3350700
2026-03-19,111.0199966430664,111.2300033569336,110.94999694824219,111.11000061035156,107.43595123291016,4816200
2026-03-20,110.72000122070312,110.7300033569336,110.19000244140625,110.22000122070312,106.57537841796875,4004100
2026-03-23,110.08999633789062,110.38999938964844,110.0,110.19000244140625,106.54637908935547,5753600
2026-03-24,109.87999725341797,110.06999969482422,109.68000030517578,109.83000183105469,106.19827270507812,4523500
2026-03-25,110.11000061035156,110.16999816894531,109.93000030517578,110.16000366210938,106.51736450195312,4294500
2026-03-26,110.12000274658203,110.20999908447266,109.76000213623047,109.76000213623047,106.13057708740234,3267700
2026-03-27,109.6500015258789,109.87000274658203,109.58000183105469,109.66999816894531,106.04356384277344,3071300
2026-03-30,110.36000061035156,110.5199966430664,110.30000305175781,110.3499984741211,106.7010726928711,3452800
2026-03-31,110.63999938964844,110.68000030517578,110.33999633789062,110.36000061035156,106.71074676513672,5512500
2026-04-01,110.30999755859375,110.5199966430664,110.27999877929688,110.36000061035156,106.71074676513672,3328400
2026-04-02,110.52999877929688,110.83000183105469,110.4800033569336,110.80999755859375,107.14586639404297,1976700
2026-04-06,110.63999938964844,110.83999633789062,110.5999984741211,110.76000213623047,107.09752655029297,1533000
2026-04-07,110.70999908447266,110.95999908447266,110.38999938964844,110.88999938964844,107.22322845458984,1765900
2026-04-08,111.06999969482422,111.08000183105469,110.80000305175781,110.91000366210938,107.24256134033203,2723900
2026-04-09,110.8499984741211,111.05999755859375,110.75,110.95999908447266,107.29090881347656,1862300
2026-04-10,110.98999786376953,111.11000061035156,110.91999816894531,111.0199966430664,107.34892272949219,2252200
2026-04-13,111.08999633789062,111.30999755859375,111.04000091552734,111.27999877929688,107.6003189086914,1574900
2026-04-14,111.26000213623047,111.54000091552734,111.25,111.52999877929688,107.84204864501953,2181600
2026-04-15,111.48999786376953,111.5,111.36000061035156,111.43000030517578,107.745361328125,1815500
2026-04-16,111.45999908447266,111.5,111.16000366210938,111.19000244140625,107.51329803466797,1588700
2026-04-17,111.43000030517578,111.48999786376953,111.33000183105469,111.4800033569336,107.79371643066406,1507600
2026-04-20,111.4800033569336,111.48999786376953,111.30000305175781,111.41000366210938,107.72602844238281,1463400
2026-04-21,111.33999633789062,111.38999938964844,111.16999816894531,111.22000122070312,107.54231262207031,1064200
2026-04-22,111.48999786376953,111.55000305175781,111.37000274658203,111.38999938964844,107.7066879272461,1435200
2026-04-23,111.52999877929688,111.5999984741211,111.31999969482422,111.56999969482422,107.88072967529297,1074100
2026-04-24,111.51000213623047,111.83999633789062,111.41000366210938,111.80000305175781,108.1031265258789,1133300
2026-04-27,111.7300033569336,111.87999725341797,111.69000244140625,111.7699966430664,108.07411193847656,2115800
2026-04-28,111.73999786376953,111.73999786376953,111.54000091552734,111.7300033569336,108.03544616699219,1535900
2026-04-29,111.58999633789062,111.62999725341797,111.31999969482422,111.38999938964844,107.7066879272461,1201200
2026-04-30,111.47000122070312,111.63999938964844,111.41000366210938,111.55999755859375,107.87106323242188,1958400
2026-05-01,111.2699966430664,111.48999786376953,111.20999908447266,111.3499984741211,108.21217346191406,1507700
2026-05-04,111.2699966430664,111.2699966430664,111.0199966430664,111.1500015258789,108.01780700683594,1214600
2026-05-05,111.11000061035156,111.19000244140625,111.04000091552734,111.06999969482422,107.94005584716797,1442900
2026-05-06,111.20999908447266,111.23999786376953,111.08999633789062,111.1500015258789,108.01780700683594,1538800
2026-05-07,111.23999786376953,111.23999786376953,110.94999694824219,111.02999877929688,107.90119171142578,1529900
2026-05-08,111.4000015258789,111.44000244140625,111.30999755859375,111.4000015258789,108.2607650756836,1142700
2026-05-11,111.3499984741211,111.37999725341797,111.26000213623047,111.30999755859375,108.17329406738281,1753000
2026-05-12,111.27999877929688,111.27999877929688,111.05000305175781,111.12000274658203,107.98865509033203,1253000
2026-05-13,111.16999816894531,111.20999908447266,111.0199966430664,111.12000274658203,107.98865509033203,869600
2026-05-14,111.23999786376953,111.29000091552734,110.98999786376953,111.01000213623047,107.88175201416016,3152500
2026-05-15,110.5999984741211,110.66000366210938,110.47000122070312,110.61000061035156,107.4930191040039,7481100
2026-05-18,110.58000183105469,110.66000366210938,110.38999938964844,110.4800033569336,107.36669158935547,2490200
2026-05-19,110.1500015258789,110.2699966430664,109.94000244140625,110.11000061035156,107.00711059570312,2623600
2026-05-20,110.11000061035156,110.44999694824219,110.0999984741211,110.37000274658203,107.25978088378906,2915600
2026-05-21,110.30000305175781,110.38999938964844,110.1500015258789,110.37000274658203,107.25978088378906,2792500
2026-05-22,110.51000213623047,110.54000091552734,110.12000274658203,110.37999725341797,107.2695083618164,1410800
2026-05-26,110.69999694824219,110.83999633789062,110.62999725341797,110.81999969482422,107.69710540771484,2183700
2026-05-27,110.86000061035156,111.01000213623047,110.83000183105469,110.87999725341797,107.75541687011719,1961900
2026-05-28,111.05999755859375,111.2699966430664,110.97000122070312,111.18000030517578,108.04695892333984,1702800
2026-05-29,111.16999816894531,111.29000091552734,111.11000061035156,111.20999908447266,108.07611083984375,3078300
2026-06-01,109.87000274658203,109.98999786376953,109.76000213623047,109.9800033569336,108.1233139038086,1843900
2026-06-02,110.11000061035156,110.12000274658203,109.95999908447266,109.97000122070312,108.11347198486328,1386500
2026-06-03,109.80999755859375,109.91000366210938,109.68000030517578,109.7699966430664,107.91685485839844,1077200
2026-06-04,109.83999633789062,109.86000061035156,109.7300033569336,109.77999877929688,107.92668151855469,1483200
2026-06-05,109.41999816894531,109.4800033569336,109.25,109.25,107.40563201904297,1816400
2026-06-08,109.5,109.5199966430664,109.12000274658203,109.12999725341797,107.28765869140625,2522600
2026-06-09,109.33999633789062,109.4000015258789,109.19000244140625,109.31999969482422,107.47444915771484,2372800
2026-06-10,109.45999908447266,109.55999755859375,109.20999908447266,109.20999908447266,107.36630249023438,1522100
2026-06-11,109.33000183105469,109.66000366210938,109.20999908447266,109.5999984741211,107.74971771240234,1873900
2026-06-12,109.4800033569336,109.62000274658203,109.38999938964844,109.61000061035156,107.75955963134766,2610300
2026-06-15,109.70999908447266,109.77999877929688,109.63999938964844,109.76000213623047,107.90702056884766,1183100
2026-06-16,109.7300033569336,109.87000274658203,109.66999816894531,109.76000213623047,107.90702056884766,1022800
2026-06-17,109.81999969482422,109.81999969482422,109.0199966430664,109.02999877929688,107.18934631347656,2044500
2026-06-18,109.30999755859375,109.52999877929688,109.27999877929688,109.38999938964844,107.54326629638672,2912100
2026-06-22,109.25,109.26000213623047,108.93000030517578,108.94000244140625,107.10086822509766,1156400
2026-06-23,108.94000244140625,109.05000305175781,108.87999725341797,108.9000015258789,107.06153869628906,2626000
2026-06-24,109.12000274658203,109.33999633789062,109.05000305175781,109.31999969482422,107.47444915771484,1243900
2026-06-25,109.56999969482422,109.76000213623047,109.48999786376953,109.5,107.65141296386719,2946700
2026-06-26,109.55000305175781,109.75,109.52999877929688,109.69999694824219,107.84803771972656,2678900
2026-06-29,109.77999877929688,109.91000366210938,109.77999877929688,109.9000015258789,108.04466247558594,2428700
2026-06-30,109.83999633789062,109.86000061035156,109.43000030517578,109.43000030517578,107.58259582519531,4145000
2026-07-01,108.29000091552734,108.45999908447266,108.16000366210938,108.16999816894531,107.38206481933594,1690900
2026-07-02,108.30999755859375,108.43000030517578,108.23999786376953,108.33000183105469,107.54090118408203,2011700
2026-07-06,108.43000030517578,108.48999786376953,108.30000305175781,108.48999786376953,107.6997299194336,1346000
2026-07-07,108.36000061035156,108.36000061035156,108.11000061035156,108.16999816894531,107.38206481933594,1755100
2026-07-08,108.08999633789062,108.12000274658203,107.9800033569336,108.05000305175781,107.262939453125,941700
2026-07-09,108.13999938964844,108.22000122070312,108.08999633789062,108.12000274658203,107.33243560791016,1170800
2026-07-10,108.08000183105469,108.1500015258789,107.9800033569336,108.12999725341797,107.34235382080078,1162700
2026-07-13,108.05000305175781,108.05000305175781,107.81999969482422,107.91000366210938,107.12396240234375,1153800
2026-07-14,107.94999694824219,108.12999725341797,107.91000366210938,108.01000213623047,107.22323608398438,1451500
2026-07-15,107.98999786376953,108.16000366210938,107.98999786376953,108.06999969482422,107.28279113769531,1900400
2026-07-16,107.9800033569336,108.05000305175781,107.91999816894531,107.97000122070312,107.18352508544922,863900
2026-07-17,108.2699966430664,108.37000274658203,108.16999816894531,108.2699966430664,107.48133087158203,1788800
2026-07-20,108.19000244140625,108.22000122070312,108.01000213623047,108.05000305175781,107.262939453125,1010500
2026-07-21,108.0,108.01000213623047,107.83999633789062,107.87999725341797,107.09417724609375,1487900
2026-07-22,107.94999694824219,107.95999908447266,107.76000213623047,107.7699966430664,106.98497772216797,1743300
2026-07-23,107.54000091552734,107.6500015258789,107.4800033569336,107.48999786376953,106.70701599121094,2261200
2026-07-24,107.55000305175781,107.73999786376953,107.5,107.5,106.71694946289062,1220700
2026-07-27,107.56999969482422,107.62999725341797,107.38999938964844,107.38999938964844,106.60774993896484,1262000
2026-07-28,107.5,107.80000305175781,107.4800033569336,107.66000366210938,106.87578582763672,2765800
2026-07-29,107.63999938964844,108.01000213623047,107.4800033569336,107.7699966430664,106.98497772216797,1759400
2026-07-30,107.83000183105469,107.88999938964844,107.66999816894531,107.73999786376953,106.95519256591797,2203000
2026-07-31,107.55000305175781,107.62999725341797,107.33999633789062,107.62999725341797,106.84599304199219,3868300
2026-08-03,106.88999938964844,106.97000122070312,106.76000213623047,106.86000061035156,106.86000061035156,2609900
2026-08-04,107.0999984741211,107.12999725341797,106.98999786376953,107.05000305175781,107.05000305175781,2324900
2026-08-05,107.05000305175781,107.11000061035156,106.91999816894531,107.0,107.0,1768800
2026-08-06,106.94000244140625,106.97000122070312,106.80000305175781,106.87000274658203,106.87000274658203,1962900
