date,open,high,low,close,adj_close,volume
2002-07-30,81.75,81.9000015258789,81.5199966430664,81.5199966430664,35.69188690185547,6100
2002-07-31,81.94999694824219,82.80000305175781,81.9000015258789,82.52999877929688,36.134098052978516,29400
2002-08-01,82.54000091552734,83.0199966430664,82.54000091552734,83.0,36.33987808227539,25000
2002-08-02,83.16000366210938,84.0999984741211,82.87999725341797,83.8499984741211,36.71202850341797,52800
2002-08-05,84.04000091552734,84.44000244140625,83.8499984741211,84.22000122070312,36.87405014038086,61100
2002-08-06,83.87000274658203,83.9000015258789,83.22000122070312,83.5,36.55879211425781,64900
2002-08-07,83.5999984741211,84.13999938964844,83.36000061035156,83.69999694824219,36.6463737487793,40300
2002-08-08,83.58000183105469,83.7699966430664,83.36000061035156,83.69999694824219,36.6463737487793,40900
2002-08-09,84.0,84.87999725341797,84.0,84.87999725341797,37.16303253173828,35900
2002-08-12,85.30000305175781,86.69999694824219,85.13999938964844,85.4000015258789,37.390655517578125,32100
2002-08-13,85.77999877929688,86.47000122070312,85.37000274658203,86.44999694824219,37.85040283203125,75400
2002-08-14,87.45999908447266,87.9000015258789,86.75,86.77999877929688,37.994873046875,130000
2002-08-15,86.37999725341797,86.5,85.8499984741211,86.0199966430664,37.66214370727539,87100
2002-08-16,86.44000244140625,86.5199966430664,84.81999969482422,85.05999755859375,37.2418327331543,85000
2002-08-19,85.05000305175781,85.33999633789062,84.70999908447266,85.31999969482422,37.35566711425781,47300
2002-08-20,85.62000274658203,86.29000091552734,85.5999984741211,86.2699966430664,37.77156066894531,40800
2002-08-21,85.68000030517578,86.0999984741211,85.62999725341797,85.80999755859375,37.5702018737793,40000
2002-08-22,85.55000305175781,85.55000305175781,85.05999755859375,85.05999755859375,37.2418327331543,34400
2002-08-23,85.19999694824219,85.94999694824219,85.19999694824219,85.9000015258789,37.6096076965332,20100
2002-08-26,85.69999694824219,86.20999908447266,85.66999816894531,85.9800033569336,37.64460372924805,23900
2002-08-27,85.4000015258789,85.68000030517578,85.19999694824219,85.44000244140625,37.40816879272461,301800
2002-08-28,86.04000091552734,86.18000030517578,85.83999633789062,85.87000274658203,37.59645462036133,18100
2002-08-29,86.76000213623047,86.86000061035156,86.3499984741211,86.55999755859375,37.8985710144043,135700
2002-08-30,86.75,87.12999725341797,86.44999694824219,87.08000183105469,38.126243591308594,78100
2002-09-03,87.08000183105469,88.04000091552734,87.0,88.04000091552734,38.71236038208008,102100
2002-09-04,88.02999877929688,88.30000305175781,87.83999633789062,88.0199966430664,38.70359420776367,66300
2002-09-05,88.56999969482422,88.6500015258789,87.37999725341797,88.5,38.91462707519531,648400
2002-09-06,87.97000122070312,88.19000244140625,87.19999694824219,87.45999908447266,38.45734405517578,140000
2002-09-09,87.5,87.83000183105469,87.26000213623047,87.33000183105469,38.40016174316406,83800
2002-09-10,87.16999816894531,88.0,87.0,87.75,38.584835052490234,336000
2002-09-11,87.0,87.30000305175781,86.75,87.29000091552734,38.382572174072266,177700
2002-09-12,87.4800033569336,88.13999938964844,87.47000122070312,87.97000122070312,38.68157958984375,43400
2002-09-13,88.33000183105469,88.94000244140625,88.18000030517578,88.77999877929688,39.03776168823242,155100
2002-09-16,89.19999694824219,89.22000122070312,88.9000015258789,88.93000030517578,39.10371017456055,73000
2002-09-17,88.63999938964844,89.31999969482422,88.36000061035156,89.0999984741211,39.1784553527832,75400
2002-09-18,89.16000366210938,89.55999755859375,89.0199966430664,89.12000274658203,39.187255859375,196600
2002-09-19,89.69999694824219,89.7699966430664,89.26000213623047,89.72000122070312,39.45107650756836,109900
2002-09-20,89.44999694824219,89.5199966430664,89.05999755859375,89.30000305175781,39.26639938354492,113500
2002-09-23,90.0,90.23999786376953,89.7699966430664,90.0999984741211,39.61817932128906,163200
2002-09-24,90.30000305175781,90.94000244140625,90.20999908447266,90.68000030517578,39.87321853637695,251900
2002-09-25,90.0999984741211,90.36000061035156,89.26000213623047,89.58000183105469,39.389495849609375,127200
2002-09-26,89.05000305175781,89.52999877929688,88.61000061035156,89.37000274658203,39.29714584350586,429000
2002-09-27,89.52999877929688,90.04000091552734,89.4800033569336,90.04000091552734,39.5918083190918,298200
2002-09-30,90.66000366210938,90.9000015258789,90.08000183105469,90.4000015258789,39.750083923339844,297800
2002-10-01,89.16000366210938,89.30000305175781,88.80000305175781,88.94000244140625,39.25706100463867,257500
2002-10-02,89.23999786376953,89.4800033569336,88.83999633789062,89.44999694824219,39.48212814331055,91000
2002-10-03,89.30000305175781,89.51000213623047,88.80000305175781,89.2300033569336,39.385093688964844,29900
2002-10-04,88.4000015258789,89.72000122070312,88.4000015258789,89.51000213623047,39.508628845214844,131000
2002-10-07,89.9000015258789,89.95999908447266,89.45999908447266,89.66000366210938,39.57488250732422,433800
2002-10-08,89.5,90.5199966430664,89.36000061035156,89.69000244140625,39.58808517456055,530900
2002-10-09,90.30000305175781,90.37999725341797,89.94999694824219,90.1500015258789,39.791114807128906,402900
2002-10-10,90.16999816894531,90.16999816894531,89.27999877929688,89.44000244140625,39.477752685546875,97100
2002-10-11,89.0999984741211,89.22000122070312,88.05999755859375,88.37999725341797,39.00988006591797,421800
2002-10-14,88.5,88.55000305175781,88.06999969482422,88.25,38.95250701904297,18300
2002-10-15,87.0,87.30000305175781,86.1500015258789,86.16000366210938,38.03000259399414,297100
2002-10-16,86.5999984741211,86.5999984741211,85.88999938964844,86.19999694824219,38.04768753051758,125200
2002-10-17,85.13999938964844,85.55999755859375,85.06999969482422,85.1500015258789,37.58419418334961,233400
2002-10-18,85.0199966430664,85.38999938964844,84.27999877929688,85.37000274658203,37.68130111694336,459100
2002-10-21,85.5,85.5999984741211,84.5,84.54000091552734,37.31499099731445,134900
2002-10-22,84.8499984741211,84.8499984741211,84.22000122070312,84.30000305175781,37.20903015136719,205000
2002-10-23,84.75,85.19999694824219,84.18000030517578,84.33000183105469,37.22224807739258,127800
2002-10-24,84.16000366210938,85.25,84.08000183105469,85.06999969482422,37.548885345458984,339600
2002-10-25,85.3499984741211,85.55999755859375,85.1500015258789,85.37999725341797,37.68571853637695,146100
2002-10-28,85.55999755859375,85.63999938964844,85.19999694824219,85.26000213623047,37.63274383544922,97800
2002-10-29,85.81999969482422,86.88999938964844,85.7699966430664,86.37000274658203,38.1226921081543,125000
2002-10-30,86.37000274658203,86.68000030517578,86.06999969482422,86.33999633789062,38.109466552734375,31900
2002-10-31,86.05000305175781,86.86000061035156,86.0199966430664,86.7300033569336,38.28160858154297,512700
2002-11-01,86.30000305175781,86.93000030517578,85.25,85.9800033569336,38.121559143066406,125100
2002-11-04,85.4800033569336,85.75,85.25,85.5999984741211,37.95304489135742,342500
2002-11-05,85.5999984741211,85.5999984741211,85.08999633789062,85.2699966430664,37.80671310424805,73800
2002-11-06,85.05000305175781,86.12999725341797,84.91000366210938,85.61000061035156,37.95749282836914,118500
2002-11-07,87.05000305175781,87.7300033569336,86.8499984741211,87.7300033569336,38.8974494934082,147900
2002-11-08,88.4000015258789,88.6500015258789,87.94999694824219,88.44000244140625,39.212249755859375,294700
2002-11-11,88.55000305175781,88.91999816894531,88.4000015258789,88.91999816894531,39.42506408691406,70000
2002-11-12,89.1500015258789,89.1500015258789,88.37000274658203,88.41000366210938,39.19892883300781,494300
2002-11-13,88.44999694824219,88.69000244140625,87.95999908447266,88.5999984741211,39.2831916809082,104700
2002-11-14,87.6500015258789,87.6500015258789,86.76000213623047,86.76000213623047,38.46738815307617,118000
2002-11-15,86.54000091552734,87.2300033569336,86.26000213623047,87.11000061035156,38.62255096435547,110700
2002-11-18,87.0199966430664,87.62999725341797,86.95999908447266,87.5,38.79545211791992,32200
2002-11-19,87.94999694824219,88.2300033569336,87.51000213623047,87.81999969482422,38.93735885620117,51800
2002-11-20,88.19999694824219,88.22000122070312,86.80999755859375,86.95999908447266,38.55604934692383,307400
2002-11-21,86.5,86.5,85.86000061035156,86.12000274658203,38.18362045288086,323200
2002-11-22,86.33000183105469,86.38999938964844,85.87999725341797,86.04000091552734,38.14813995361328,184800
2002-11-25,86.0,86.37999725341797,85.80000305175781,85.87999725341797,38.07719802856445,288200
2002-11-26,86.19999694824219,87.0199966430664,86.1500015258789,86.95999908447266,38.55604934692383,377800
2002-11-27,86.25,86.33000183105469,84.95999908447266,85.0,37.68704605102539,325600
2002-11-29,85.16000366210938,85.62999725341797,85.13999938964844,85.55000305175781,37.93090057373047,31700
2002-12-02,84.36000061035156,85.4000015258789,84.1500015258789,85.23999786376953,37.9660758972168,284900
2002-12-03,85.69999694824219,85.69999694824219,85.12000274658203,85.36000061035156,38.01951599121094,113800
2002-12-04,85.9000015258789,86.0,85.55000305175781,85.80000305175781,38.21549987792969,129000
2002-12-05,85.27999877929688,86.27999877929688,85.26000213623047,86.0199966430664,38.313480377197266,206400
2002-12-06,87.0,87.08999633789062,85.76000213623047,86.16999816894531,38.380306243896484,440500
2002-12-09,86.19999694824219,86.8499984741211,86.16999816894531,86.6500015258789,38.59408187866211,400300
2002-12-10,86.61000061035156,86.93000030517578,86.5,86.87999725341797,38.696537017822266,151600
2002-12-11,87.1500015258789,87.6500015258789,86.95999908447266,87.45999908447266,38.95484924316406,163800
2002-12-12,87.05999755859375,87.5999984741211,87.05999755859375,87.37999725341797,38.91922378540039,135800
2002-12-13,87.13999938964844,87.16000366210938,86.52999877929688,86.52999877929688,38.540611267089844,425800
2002-12-16,86.9000015258789,86.9000015258789,85.83999633789062,85.87999725341797,38.2510986328125,115700
2002-12-17,86.30000305175781,86.3499984741211,85.68000030517578,85.87999725341797,38.2510986328125,290600
2002-12-18,86.4800033569336,86.69000244140625,86.25,86.55000305175781,38.54954528808594,191000
2002-12-19,86.80000305175781,87.48999786376953,86.6500015258789,87.31999969482422,38.89250183105469,134400
2002-12-20,87.2300033569336,87.55999755859375,87.1500015258789,87.37999725341797,38.91922378540039,41900
2002-12-23,87.36000061035156,87.4000015258789,86.25,87.4000015258789,38.928157806396484,74200
2002-12-24,88.0,88.08000183105469,87.83999633789062,87.88999938964844,39.1463623046875,46600
2002-12-26,87.9000015258789,88.05999755859375,87.7300033569336,88.05999755859375,39.22211837768555,13500
2002-12-27,88.55000305175781,89.02999877929688,88.27999877929688,89.02999877929688,39.654144287109375,140200
2002-12-30,88.9000015258789,89.23999786376953,88.62999725341797,89.23999786376953,39.74768829345703,274900
2002-12-31,88.94999694824219,89.33000183105469,88.31999969482422,88.56999969482422,39.64742660522461,109400
2003-01-02,87.69999694824219,87.9000015258789,86.20999908447266,86.27999877929688,38.622314453125,192100
2003-01-03,86.1500015258789,86.54000091552734,85.83000183105469,86.4800033569336,38.711856842041016,311200
2003-01-06,86.16999816894531,86.29000091552734,85.80999755859375,86.25,38.60890197753906,35600
2003-01-07,86.19000244140625,86.75,86.16999816894531,86.55999755859375,38.74763870239258,69800
2003-01-08,86.87999725341797,87.13999938964844,86.77999877929688,86.98999786376953,38.94011306762695,160100
2003-01-09,86.16999816894531,86.16999816894531,85.0199966430664,85.31999969482422,38.19258117675781,237500
2003-01-10,85.91999816894531,85.91999816894531,85.12000274658203,85.54000091552734,38.29105758666992,145200
2003-01-13,85.54000091552734,85.87000274658203,85.4000015258789,85.68000030517578,38.353755950927734,53300
2003-01-14,86.0,86.27999877929688,85.95999908447266,85.9800033569336,38.488037109375,98900
2003-01-15,86.27999877929688,86.69999694824219,86.19999694824219,86.4000015258789,38.67604446411133,129600
2003-01-16,86.37999725341797,86.5999984741211,85.62000274658203,86.5199966430664,38.729740142822266,57900
2003-01-17,87.0999984741211,87.23999786376953,86.93000030517578,86.94999694824219,38.92222213745117,97700
2003-01-21,86.87999725341797,87.44999694824219,86.80000305175781,87.44999694824219,39.14605712890625,107500
2003-01-22,87.68000030517578,87.9000015258789,87.5199966430664,87.87999725341797,39.33856201171875,107100
2003-01-23,87.31999969482422,87.69999694824219,87.30000305175781,87.44999694824219,39.14605712890625,110700
2003-01-24,87.73999786376953,88.44000244140625,87.73999786376953,87.97000122070312,39.378849029541016,285300
2003-01-27,87.9000015258789,88.04000091552734,87.5,87.6500015258789,39.23558044433594,150500
2003-01-28,87.6500015258789,87.77999877929688,87.0999984741211,87.6500015258789,39.23558044433594,454700
2003-01-29,87.83000183105469,87.87999725341797,86.9800033569336,87.16999816894531,39.02070236206055,221400
2003-01-30,87.19999694824219,87.9000015258789,87.0999984741211,87.81999969482422,39.311668395996094,108600
2003-01-31,87.9000015258789,88.20999908447266,87.54000091552734,88.05999755859375,39.41911697387695,182300
2003-02-03,87.66999816894531,87.91000366210938,87.30999755859375,87.87999725341797,39.47663497924805,55200
2003-02-04,88.37000274658203,88.4000015258789,88.11000061035156,88.2699966430664,39.651798248291016,56900
2003-02-05,88.2300033569336,88.69999694824219,87.43000030517578,87.51000213623047,39.31041717529297,223300
2003-02-06,87.83999633789062,88.26000213623047,87.79000091552734,88.22000122070312,39.62933349609375,120900
2003-02-07,87.7699966430664,88.5199966430664,87.62999725341797,88.41999816894531,39.719139099121094,247200
2003-02-10,88.12000274658203,88.4000015258789,87.69000244140625,87.80000305175781,39.44068908691406,76600
2003-02-11,87.5999984741211,87.91000366210938,87.43000030517578,87.77999877929688,39.43169403076172,259100
2003-02-12,87.80000305175781,88.12999725341797,87.66999816894531,88.08999633789062,39.570953369140625,121300
2003-02-13,88.2699966430664,89.18000030517578,88.16999816894531,88.56999969482422,39.7866096496582,440200
2003-02-14,88.30000305175781,88.37000274658203,87.61000061035156,87.80999755859375,39.445152282714844,829700
2003-02-18,87.55999755859375,87.9800033569336,87.33999633789062,87.91999816894531,39.49455642700195,213200
2003-02-19,88.38999938964844,88.69999694824219,88.25,88.5199966430664,39.76409912109375,62100
2003-02-20,88.33999633789062,88.9000015258789,88.33999633789062,88.81999969482422,39.89887237548828,486700
2003-02-21,88.55999755859375,88.72000122070312,88.20999908447266,88.30000305175781,39.66529083251953,250400
2003-02-24,88.87999725341797,88.9000015258789,88.62000274658203,88.72000122070312,39.853946685791016,168200
2003-02-25,89.4000015258789,89.6500015258789,89.0,89.12999725341797,40.03810119628906,358500
2003-02-26,89.37999725341797,89.75,89.1500015258789,89.75,40.31665802001953,334000
2003-02-27,89.45999908447266,89.98999786376953,89.30999755859375,89.9000015258789,40.384033203125,695700
2003-02-28,89.68000030517578,90.54000091552734,89.58000183105469,90.47000122070312,40.64007568359375,213100
2003-03-03,90.0,90.44999694824219,89.91000366210938,90.23999786376953,40.689666748046875,204100
2003-03-04,90.12999725341797,90.44999694824219,90.0199966430664,90.30000305175781,40.71672439575195,83100
2003-03-05,90.62000274658203,90.62999725341797,90.04000091552734,90.5999984741211,40.851959228515625,126000
2003-03-06,90.55000305175781,90.68000030517578,90.05999755859375,90.25,40.694190979003906,166000
2003-03-07,90.72000122070312,90.79000091552734,90.05000305175781,90.55999755859375,40.83394241333008,263800
2003-03-10,90.80999755859375,91.02999877929688,90.68000030517578,91.02999877929688,41.045875549316406,147200
2003-03-11,90.98999786376953,91.16000366210938,90.7300033569336,90.87000274658203,40.973716735839844,82800
2003-03-12,90.91999816894531,91.36000061035156,90.87999725341797,91.19999694824219,41.122528076171875,454800
2003-03-13,90.1500015258789,90.38999938964844,89.5199966430664,89.5199966430664,40.36502456665039,830200
2003-03-14,89.9000015258789,90.12000274658203,89.62000274658203,89.95999908447266,40.56344223022461,590900
2003-03-17,90.5199966430664,90.5199966430664,88.86000061035156,88.87999725341797,40.076446533203125,724400
2003-03-18,88.95999908447266,89.19999694824219,88.01000213623047,88.04000091552734,39.69767379760742,415200
2003-03-19,88.04000091552734,88.06999969482422,87.33000183105469,87.38999938964844,39.404624938964844,398400
2003-03-20,87.81999969482422,87.94999694824219,86.76000213623047,87.25,39.34147644042969,206700
2003-03-21,86.91999816894531,87.05000305175781,86.05000305175781,86.05000305175781,38.80036544799805,843400
2003-03-24,87.0999984741211,87.5999984741211,86.8499984741211,87.41000366210938,39.413604736328125,373800
2003-03-25,87.6500015258789,87.81999969482422,86.9000015258789,87.30999755859375,39.36852264404297,606400
2003-03-26,87.25,87.6500015258789,87.25,87.48999786376953,39.44965362548828,309500
2003-03-27,87.75,87.87000274658203,87.33000183105469,87.55000305175781,39.476741790771484,191600
2003-03-28,87.91999816894531,88.08000183105469,87.72000122070312,87.75,39.566898345947266,253400
2003-03-31,88.30000305175781,88.93000030517578,88.30000305175781,88.9000015258789,40.08542251586914,643800
2003-04-01,88.4000015258789,88.79000091552734,87.9000015258789,88.2699966430664,39.97132873535156,289800
2003-04-02,87.6500015258789,87.69999694824219,87.27999877929688,87.3499984741211,39.554744720458984,312200
2003-04-03,87.25,87.58000183105469,87.13999938964844,87.30000305175781,39.53208541870117,245600
2003-04-04,87.05999755859375,87.30000305175781,86.87999725341797,87.05000305175781,39.41891098022461,184900
2003-04-07,86.22000122070312,86.86000061035156,85.91999816894531,86.8499984741211,39.32829666137695,485400
2003-04-08,87.05000305175781,87.58999633789062,86.98999786376953,87.55000305175781,39.64531707763672,194700
2003-04-09,87.4000015258789,87.86000061035156,87.16999816894531,87.80999755859375,39.76303482055664,102400
2003-04-10,87.75,87.8499984741211,87.3499984741211,87.4000015258789,39.57737731933594,53300
2003-04-11,86.81999969482422,87.31999969482422,86.58999633789062,87.26000213623047,39.514007568359375,450000
2003-04-14,87.0999984741211,87.11000061035156,86.70999908447266,87.0199966430664,39.40530014038086,207100
2003-04-15,87.33000183105469,87.52999877929688,87.04000091552734,87.48999786376953,39.61811447143555,128500
2003-04-16,87.52999877929688,87.9000015258789,87.47000122070312,87.8499984741211,39.781124114990234,97700
2003-04-17,88.23999786376953,88.4000015258789,87.80000305175781,87.98999786376953,39.844539642333984,106200
2003-04-21,87.4800033569336,87.83000183105469,87.26000213623047,87.80000305175781,39.75852966308594,148000
2003-04-22,88.1500015258789,88.26000213623047,87.62000274658203,87.75,39.73587417602539,299900
2003-04-23,87.77999877929688,88.01000213623047,87.5999984741211,87.93000030517578,39.8173713684082,42700
2003-04-24,88.4000015258789,88.98999786376953,88.4000015258789,88.72000122070312,40.17510223388672,199000
2003-04-25,88.75,89.0999984741211,88.68000030517578,88.91999816894531,40.265708923339844,529700
2003-04-28,89.08999633789062,89.08999633789062,88.77999877929688,88.77999877929688,40.20227813720703,80500
2003-04-29,88.52999877929688,88.7699966430664,88.31999969482422,88.62999725341797,40.13434600830078,177500
2003-04-30,88.79000091552734,89.5199966430664,88.7300033569336,89.44999694824219,40.50569534301758,293400
2003-05-01,89.19999694824219,89.5999984741211,88.80000305175781,89.0199966430664,40.52523422241211,231200
2003-05-02,89.05999755859375,89.06999969482422,88.2699966430664,88.31999969482422,40.20658874511719,231500
2003-05-05,88.30999755859375,88.87000274658203,88.19999694824219,88.79000091552734,40.420536041259766,77700
2003-05-06,88.83999633789062,89.4000015258789,88.5199966430664,89.2300033569336,40.6208381652832,260600
2003-05-07,90.0,90.33000183105469,89.81999969482422,90.2699966430664,41.09429931640625,306900
2003-05-08,90.5999984741211,90.9000015258789,90.27999877929688,90.48999786376953,41.19441223144531,437400
2003-05-09,90.30000305175781,90.62000274658203,90.19999694824219,90.58000183105469,41.235408782958984,110000
2003-05-12,91.13999938964844,91.19000244140625,90.7300033569336,91.1500015258789,41.49489974975586,364700
2003-05-13,90.9000015258789,91.37000274658203,90.83000183105469,91.3499984741211,41.5859375,227800
2003-05-14,91.83000183105469,92.9800033569336,91.62000274658203,92.75,42.22327423095703,1426500
2003-05-15,92.5999984741211,93.56999969482422,92.5999984741211,93.04000091552734,42.355316162109375,810300
2003-05-16,93.4800033569336,93.76000213623047,92.94999694824219,93.72000122070312,42.664852142333984,703900
2003-05-19,94.11000061035156,94.23999786376953,93.12999725341797,93.4000015258789,42.51918411254883,817800
2003-05-20,93.1500015258789,94.77999877929688,93.12000274658203,94.77999877929688,43.14741897583008,606600
2003-05-21,94.25,95.66000366210938,94.12000274658203,94.7699966430664,43.14286422729492,1799600
2003-05-22,95.0999984741211,95.69999694824219,94.9000015258789,95.61000061035156,43.5252799987793,576200
2003-05-23,95.7699966430664,96.20999908447266,95.63999938964844,95.8499984741211,43.634521484375,690600
2003-05-27,95.62000274658203,95.70999908447266,94.12000274658203,94.12000274658203,42.846981048583984,846400
2003-05-28,93.9000015258789,94.13999938964844,93.30999755859375,93.95999908447266,42.774112701416016,730500
2003-05-29,94.30000305175781,94.80000305175781,94.06999969482422,94.77999877929688,43.14741897583008,508300
2003-05-30,94.44999694824219,94.73999786376953,93.97000122070312,94.5999984741211,43.065486907958984,722200
2003-06-02,93.87999725341797,93.87999725341797,93.08999633789062,93.51000213623047,42.749107360839844,478600
2003-06-03,93.76000213623047,94.58000183105469,93.70999908447266,94.26000213623047,43.09195327758789,389400
2003-06-04,94.45999908447266,94.70999908447266,94.05000305175781,94.54000091552734,43.219970703125,394100
2003-06-05,95.19999694824219,95.37999725341797,93.80000305175781,93.80000305175781,42.881683349609375,820900
2003-06-06,93.69999694824219,94.1500015258789,93.37999725341797,94.13999938964844,43.0371208190918,276800
2003-06-09,94.69999694824219,94.87999725341797,94.2699966430664,94.7699966430664,43.32514190673828,282200
2003-06-10,95.08000183105469,95.93000030517578,95.06999969482422,95.9000015258789,43.84173583984375,534800
2003-06-11,96.25,96.5999984741211,95.69999694824219,95.77999877929688,43.7868766784668,633600
2003-06-12,96.11000061035156,96.7300033569336,96.01000213623047,96.52999877929688,44.12974166870117,315400
2003-06-13,96.93000030517578,97.27999877929688,96.76000213623047,97.18000030517578,44.426910400390625,478400
2003-06-16,97.5,97.66000366210938,96.26000213623047,96.26000213623047,44.006324768066406,789300
2003-06-17,95.97000122070312,96.02999877929688,95.4000015258789,95.5,43.658897399902344,691600
2003-06-18,95.05999755859375,95.05999755859375,94.19999694824219,94.27999877929688,43.10113525390625,657600
2003-06-19,93.95999908447266,94.4800033569336,93.5,94.0999984741211,43.018856048583984,817700
2003-06-20,93.9000015258789,94.05000305175781,93.02999877929688,93.75,42.858856201171875,561700
2003-06-23,93.81999969482422,94.43000030517578,93.52999877929688,94.30999755859375,43.11484909057617,819900
2003-06-24,94.1500015258789,95.18000030517578,94.01000213623047,95.18000030517578,43.512596130371094,292900
2003-06-25,95.41999816894531,95.48999786376953,93.44999694824219,93.66000366210938,42.817691802978516,1002800
2003-06-26,93.25,93.25,92.12000274658203,92.4000015258789,42.24164962768555,1423800
2003-06-27,92.55000305175781,92.55000305175781,91.55000305175781,92.06999969482422,42.090843200683594,735900
2003-06-30,91.91999816894531,92.5199966430664,91.68000030517578,92.5,42.28737258911133,541900
2003-07-01,92.1500015258789,92.48999786376953,91.51000213623047,91.69000244140625,42.077701568603516,449000
2003-07-02,91.19999694824219,92.06999969482422,91.11000061035156,91.91999816894531,42.1832275390625,338800
2003-07-03,91.69999694824219,91.70999908447266,90.5999984741211,90.5999984741211,41.577457427978516,559100
2003-07-07,90.27999877929688,90.58999633789062,90.0199966430664,90.0199966430664,41.311279296875,465400
2003-07-08,90.43000030517578,90.4800033569336,89.62999725341797,90.0999984741211,41.347991943359375,389600
2003-07-09,90.52999877929688,90.69000244140625,90.11000061035156,90.38999938964844,41.48107147216797,270400
2003-07-10,90.69000244140625,90.75,90.12000274658203,90.36000061035156,41.46730422973633,718000
2003-07-11,90.30000305175781,90.79000091552734,90.20999908447266,90.79000091552734,41.66465377807617,389500
2003-07-14,90.68000030517578,90.87000274658203,89.62999725341797,89.75,41.1873893737793,465900
2003-07-15,89.54000091552734,89.86000061035156,87.4000015258789,87.6500015258789,40.22367477416992,3171100
2003-07-16,87.41000366210938,88.72000122070312,87.1500015258789,88.1500015258789,40.45310592651367,1205400
2003-07-17,87.33000183105469,88.04000091552734,87.18000030517578,87.87999725341797,40.32923126220703,1030600
2003-07-18,87.6500015258789,87.95999908447266,87.44000244140625,87.69999694824219,40.24662399291992,550800
2003-07-21,87.5,87.5999984741211,85.6500015258789,85.83999633789062,39.39301300048828,1267600
2003-07-22,85.97000122070312,86.36000061035156,85.44000244140625,86.26000213623047,39.5858039855957,1576900
2003-07-23,86.80000305175781,87.05000305175781,86.4000015258789,86.55000305175781,39.71885681152344,1374700
2003-07-24,85.9000015258789,86.08000183105469,85.55000305175781,85.79000091552734,39.370094299316406,701100
2003-07-25,85.9800033569336,86.62000274658203,85.4000015258789,85.55999755859375,39.26451110839844,1273500
2003-07-28,85.23999786376953,85.29000091552734,84.4000015258789,84.41000366210938,38.736785888671875,1268500
2003-07-29,84.18000030517578,85.3499984741211,83.26000213623047,83.26000213623047,38.20903778076172,2139300
2003-07-30,83.73999786376953,84.72000122070312,83.56999969482422,84.19999694824219,38.640419006347656,1963400
2003-07-31,83.69000244140625,83.70999908447266,82.2300033569336,82.94999694824219,38.06675720214844,4706400
2003-08-01,82.0999984741211,82.79000091552734,81.9800033569336,82.51000213623047,38.03820037841797,3061200
2003-08-04,82.4800033569336,83.22000122070312,82.3499984741211,83.22000122070312,38.365516662597656,1858700
2003-08-05,83.20999908447266,83.29000091552734,81.80000305175781,82.02999877929688,37.81690216064453,2413000
2003-08-06,82.5,83.7699966430664,82.37000274658203,83.6500015258789,38.56374740600586,2549700
2003-08-07,83.80000305175781,84.05000305175781,83.13999938964844,84.0,38.725074768066406,1796400
2003-08-08,84.33999633789062,84.79000091552734,83.6500015258789,83.66000366210938,38.56834411621094,2399100
2003-08-11,83.55000305175781,83.56999969482422,82.91000366210938,83.23999786376953,38.37473678588867,1355000
2003-08-12,83.41999816894531,83.6500015258789,82.80000305175781,82.8499984741211,38.19492721557617,1534200
2003-08-13,82.19999694824219,82.3499984741211,81.19000244140625,81.25,37.457298278808594,2258100
2003-08-14,81.44000244140625,82.0999984741211,80.91000366210938,82.05000305175781,37.826148986816406,1612300
2003-08-15,82.19999694824219,82.5,81.9000015258789,82.0,37.803104400634766,515100
2003-08-18,82.30000305175781,82.5999984741211,82.01000213623047,82.37999725341797,37.978271484375,655300
2003-08-19,82.55000305175781,83.6500015258789,82.5,83.6500015258789,38.56374740600586,1086500
2003-08-20,83.83000183105469,83.87000274658203,82.73999786376953,83.19999694824219,38.35628128051758,503600
2003-08-21,83.05999755859375,83.44999694824219,82.41999816894531,83.0,38.26409912109375,783600
2003-08-22,82.94999694824219,83.8499984741211,82.9000015258789,83.37000274658203,38.43465042114258,413200
2003-08-25,83.31999969482422,83.54000091552734,82.25,82.72000122070312,38.135009765625,648200
2003-08-26,82.44999694824219,83.37000274658203,82.31999969482422,83.37000274658203,38.43465042114258,837200
2003-08-27,83.2699966430664,83.2699966430664,82.61000061035156,82.98999786376953,38.25947570800781,409100
2003-08-28,83.2300033569336,83.9800033569336,83.2300033569336,83.8499984741211,38.65595245361328,557200
2003-08-29,83.94000244140625,83.98999786376953,83.37999725341797,83.6500015258789,38.56374740600586,651100
2003-09-02,83.62999725341797,83.6500015258789,82.04000091552734,82.05999755859375,37.999732971191406,868700
2003-09-03,82.4800033569336,82.4800033569336,81.87999725341797,82.19000244140625,38.059906005859375,639900
2003-09-04,82.48999786376953,82.70999908447266,82.16000366210938,82.6500015258789,38.272926330566406,562900
2003-09-05,83.4000015258789,84.08999633789062,83.16999816894531,84.06999969482422,38.930519104003906,838000
2003-09-08,83.62999725341797,84.44999694824219,83.19999694824219,83.19999694824219,38.52762985229492,621100
2003-09-09,83.5199966430664,83.94000244140625,82.91999816894531,83.80000305175781,38.80546188354492,599900
2003-09-10,83.9000015258789,84.69999694824219,83.81999969482422,84.6500015258789,39.199073791503906,1285900
2003-09-11,84.26000213623047,84.37999725341797,83.80000305175781,84.0999984741211,38.94438171386719,859500
2003-09-12,85.0199966430664,85.37999725341797,84.44999694824219,84.68000030517578,39.212974548339844,1375300
2003-09-15,84.5,84.88999938964844,84.11000061035156,84.55000305175781,39.15275573730469,367100
2003-09-16,84.37000274658203,84.5,83.9000015258789,84.41999816894531,39.09257507324219,655200
2003-09-17,84.72000122070312,85.55999755859375,84.4800033569336,85.47000122070312,39.57879638671875,1223900
2003-09-18,85.6500015258789,85.6500015258789,84.83000183105469,85.52999877929688,39.60657501220703,615000
2003-09-19,85.6500015258789,86.02999877929688,85.48999786376953,85.62999725341797,39.65291213989258,869300
2003-09-22,85.0,85.18000030517578,84.2300033569336,84.94999694824219,39.33800506591797,1126400
2003-09-23,84.87999725341797,85.54000091552734,84.63999938964844,85.52999877929688,39.60657501220703,632100
2003-09-24,85.54000091552734,86.48999786376953,85.33999633789062,86.2699966430664,39.949241638183594,1005300
2003-09-25,86.30000305175781,86.72000122070312,86.1500015258789,86.69999694824219,40.148372650146484,846800
2003-09-26,86.94000244140625,87.48999786376953,86.81999969482422,87.4800033569336,40.50959014892578,1869700
2003-09-29,87.0199966430664,87.44999694824219,86.66000366210938,86.77999877929688,40.1854362487793,743000
2003-09-30,87.0,88.25,86.95999908447266,88.22000122070312,40.852272033691406,1623900
2003-10-01,87.5,87.93000030517578,87.3499984741211,87.5199966430664,40.6973762512207,931900
2003-10-02,86.83999633789062,87.44999694824219,86.4000015258789,87.12000274658203,40.511375427246094,1194100
2003-10-03,86.05000305175781,86.19999694824219,85.0999984741211,85.29000091552734,39.66044616699219,1451200
2003-10-06,85.12000274658203,85.79000091552734,85.08000183105469,85.66000366210938,39.832481384277344,507200
2003-10-07,85.44999694824219,85.56999969482422,84.62999725341797,84.66999816894531,39.37211990356445,594200
2003-10-08,84.44999694824219,84.9800033569336,84.3499984741211,84.6500015258789,39.362823486328125,811800
2003-10-09,83.91999816894531,84.12999725341797,83.6500015258789,84.05000305175781,39.08381652832031,1385600
2003-10-10,84.5,84.7300033569336,84.30000305175781,84.55000305175781,39.316314697265625,256600
2003-10-13,84.3499984741211,84.5,84.22000122070312,84.22000122070312,39.16290283203125,116300
2003-10-14,83.75,84.0999984741211,83.55000305175781,83.63999938964844,38.893165588378906,337100
2003-10-15,83.16000366210938,83.30000305175781,82.8499984741211,83.2300033569336,38.7025032043457,465600
2003-10-16,83.4800033569336,83.7699966430664,82.75,82.9000015258789,38.5490608215332,564900
2003-10-17,83.08000183105469,83.69000244140625,83.01000213623047,83.54000091552734,38.84666442871094,354500
2003-10-20,83.44999694824219,84.1500015258789,83.41999816894531,83.81999969482422,38.97689437866211,281600
2003-10-21,84.02999877929688,84.37999725341797,83.8499984741211,84.12999725341797,39.12100601196289,429700
2003-10-22,84.5999984741211,85.0,84.4000015258789,84.94999694824219,39.50233459472656,798000
2003-10-23,85.0,85.0,84.0199966430664,84.33000183105469,39.21407699584961,1055600
2003-10-24,85.0,85.5999984741211,84.66000366210938,85.2699966430664,39.65111541748047,1412200
2003-10-27,85.1500015258789,85.33000183105469,84.80000305175781,85.0999984741211,39.57209396362305,346900
2003-10-28,84.8499984741211,85.69000244140625,84.56999969482422,85.55000305175781,39.7813606262207,2200300
2003-10-29,85.27999877929688,85.3499984741211,84.61000061035156,84.77999877929688,39.42326354980469,926600
2003-10-30,84.0,84.55000305175781,83.80000305175781,84.4000015258789,39.24654769897461,936300
2003-10-31,84.7300033569336,85.22000122070312,83.73999786376953,85.19000244140625,39.613948822021484,887400
2003-11-03,84.55999755859375,84.58000183105469,84.04000091552734,84.44000244140625,39.426231384277344,957700
2003-11-04,84.6500015258789,84.97000122070312,84.58999633789062,84.91999816894531,39.650360107421875,246500
2003-11-05,84.81999969482422,84.81999969482422,84.26000213623047,84.33999633789062,39.37955856323242,275100
2003-11-06,83.7699966430664,83.91999816894531,83.5,83.55000305175781,39.01066970825195,861600
2003-11-07,83.12000274658203,83.58999633789062,83.05000305175781,83.5,38.98735427856445,725700
2003-11-10,83.5999984741211,83.83999633789062,83.19999694824219,83.43000030517578,38.95467758178711,553900
2003-11-11,83.44999694824219,83.5,83.36000061035156,83.44000244140625,38.959320068359375,99900
2003-11-12,83.86000061035156,84.1500015258789,83.79000091552734,84.05000305175781,39.2441291809082,321400
2003-11-13,84.5999984741211,85.37000274658203,84.54000091552734,85.3499984741211,39.85115051269531,920400
2003-11-14,85.30000305175781,85.95999908447266,85.19999694824219,85.91999816894531,40.117271423339844,484800
2003-11-17,86.13999938964844,86.58999633789062,85.94999694824219,86.05000305175781,40.17795944213867,695000
2003-11-18,85.97000122070312,86.61000061035156,85.77999877929688,86.58000183105469,40.425437927246094,632200
2003-11-19,86.41999816894531,86.62000274658203,85.55999755859375,85.62000274658203,39.977176666259766,553900
2003-11-20,86.25,86.48999786376953,85.80000305175781,86.44999694824219,40.36471939086914,373300
2003-11-21,86.58000183105469,86.93000030517578,86.5,86.5,40.38806915283203,516900
2003-11-24,86.18000030517578,86.30999755859375,85.75,85.79000091552734,40.05657196044922,573800
2003-11-25,85.94999694824219,86.5199966430664,85.94999694824219,86.26000213623047,40.276058197021484,298700
2003-11-26,86.0999984741211,86.4000015258789,85.33000183105469,85.91000366210938,40.11258316040039,613800
2003-11-28,85.3499984741211,85.4000015258789,85.12999725341797,85.12999725341797,39.7484016418457,311300
2003-12-01,84.4000015258789,84.56999969482422,83.80000305175781,84.23999786376953,39.52693557739258,1106600
2003-12-02,84.4000015258789,84.5999984741211,84.0,84.5999984741211,39.69586181640625,589100
2003-12-03,84.51000213623047,84.77999877929688,83.94999694824219,84.26000213623047,39.536312103271484,1446100
2003-12-04,84.26000213623047,84.66999816894531,84.19000244140625,84.44999694824219,39.62548065185547,561500
2003-12-05,85.30000305175781,86.2300033569336,85.12000274658203,85.80000305175781,40.258949279785156,1163800
2003-12-08,85.77999877929688,85.77999877929688,85.08999633789062,85.19999694824219,39.977413177490234,436200
2003-12-09,85.44999694824219,85.69999694824219,84.36000061035156,84.5999984741211,39.69586181640625,939200
2003-12-10,85.06999969482422,85.0999984741211,84.55000305175781,84.73999786376953,39.76154327392578,555700
2003-12-11,84.51000213623047,85.37999725341797,84.37000274658203,85.3499984741211,40.047786712646484,510500
2003-12-12,85.41999816894531,85.87999725341797,85.41999816894531,85.51000213623047,40.122859954833984,553100
2003-12-15,85.5,85.87999725341797,85.18000030517578,85.45999908447266,40.099361419677734,690000
2003-12-16,85.4000015258789,85.86000061035156,85.2699966430664,85.73999786376953,40.23075866699219,462800
2003-12-17,86.2300033569336,86.6500015258789,86.19999694824219,86.31999969482422,40.50294494628906,533100
2003-12-18,86.30000305175781,87.0999984741211,86.30000305175781,87.0999984741211,40.86892318725586,708100
2003-12-19,86.97000122070312,87.06999969482422,86.61000061035156,87.06999969482422,40.85480499267578,477600
2003-12-22,87.12000274658203,87.33999633789062,86.6500015258789,86.83000183105469,40.7421760559082,483700
2003-12-23,86.52999877929688,86.69999694824219,85.8499984741211,85.8499984741211,40.28239059448242,446600
2003-12-24,86.37000274658203,86.66000366210938,86.16999816894531,86.66000366210938,40.662445068359375,138900
2003-12-26,86.9000015258789,87.04000091552734,86.9000015258789,86.9800033569336,40.8126106262207,80500
2003-12-29,86.69999694824219,86.7699966430664,86.16999816894531,86.19999694824219,40.44659423828125,187800
2003-12-30,85.80000305175781,86.13999938964844,85.5999984741211,85.8499984741211,40.28239059448242,393900
2003-12-31,85.37000274658203,85.56999969482422,85.30000305175781,85.44999694824219,40.28233337402344,171400
2004-01-02,85.08999633789062,85.08999633789062,84.08000183105469,84.44000244140625,39.806217193603516,867100
2004-01-05,84.01000213623047,84.37999725341797,83.9000015258789,84.22000122070312,39.70253372192383,626400
2004-01-06,84.54000091552734,85.38999938964844,84.5,85.1500015258789,40.140953063964844,690500
2004-01-07,85.0999984741211,85.69999694824219,84.88999938964844,85.48999786376953,40.30125045776367,252000
2004-01-08,85.30000305175781,85.63999938964844,85.18000030517578,85.45999908447266,40.287086486816406,513300
2004-01-09,86.87999725341797,87.06999969482422,86.01000213623047,86.94999694824219,40.9895133972168,1623000
2004-01-12,86.5999984741211,87.37999725341797,86.5999984741211,86.87999725341797,40.95647048950195,863200
2004-01-13,86.68000030517578,87.47000122070312,86.55999755859375,87.47000122070312,41.234619140625,465700
2004-01-14,87.48999786376953,87.91999816894531,87.1500015258789,87.9000015258789,41.43735122680664,1180300
2004-01-15,87.94999694824219,88.30999755859375,87.5999984741211,88.2300033569336,41.59292221069336,1537200
2004-01-16,88.68000030517578,88.80000305175781,87.61000061035156,87.61000061035156,41.3006477355957,751800
2004-01-20,87.5,87.93000030517578,87.5,87.58999633789062,41.29121398925781,629600
2004-01-21,87.75,87.80999755859375,87.44000244140625,87.80000305175781,41.39019775390625,570500
2004-01-22,87.94999694824219,88.4800033569336,87.70999908447266,88.44000244140625,41.69192123413086,443600
2004-01-23,88.55999755859375,88.9000015258789,87.26000213623047,87.37999725341797,41.19218063354492,1021300
2004-01-26,87.30000305175781,87.36000061035156,86.66999816894531,86.8499984741211,40.94234848022461,639500
2004-01-27,86.7300033569336,87.4000015258789,86.7300033569336,87.38999938964844,41.19690704345703,576100
2004-01-28,87.25,87.8499984741211,85.86000061035156,86.62000274658203,40.83391189575195,1823800
2004-01-29,86.22000122070312,86.58000183105469,86.0199966430664,86.44000244140625,40.74909973144531,814500
2004-01-30,86.9000015258789,87.22000122070312,86.5999984741211,87.04000091552734,41.031959533691406,526200
2004-02-02,86.44999694824219,86.87999725341797,86.37999725341797,86.5,40.94576644897461,335600
2004-02-03,86.91999816894531,86.98999786376953,86.5999984741211,86.94000244140625,41.15406036376953,350900
2004-02-04,86.79000091552734,86.86000061035156,86.4800033569336,86.7699966430664,41.073570251464844,645700
2004-02-05,86.83999633789062,87.08000183105469,86.23999786376953,86.43000030517578,40.91263198852539,971400
2004-02-06,87.13999938964844,87.44999694824219,87.02999877929688,87.37999725341797,41.36233139038086,798200
2004-02-09,87.55999755859375,87.63999938964844,87.38999938964844,87.63999938964844,41.485389709472656,272400
2004-02-10,87.4800033569336,87.55000305175781,87.04000091552734,87.1500015258789,41.253475189208984,203200
2004-02-11,87.0199966430664,88.19999694824219,86.91000366210938,87.80000305175781,41.56114196777344,1335100
2004-02-12,87.8499984741211,88.0,87.26000213623047,87.43000030517578,41.38599395751953,256700
2004-02-13,87.80000305175781,88.0999984741211,87.56999969482422,87.80000305175781,41.56114196777344,513600
2004-02-17,87.86000061035156,87.88999938964844,87.52999877929688,87.73999786376953,41.53269958496094,644100
2004-02-18,88.0999984741211,88.18000030517578,87.69000244140625,87.86000061035156,41.58955383300781,990900
2004-02-19,87.52999877929688,87.94999694824219,87.47000122070312,87.94999694824219,41.63215637207031,668900
2004-02-20,87.75,87.83000183105469,87.19999694824219,87.33999633789062,41.34341049194336,1009800
2004-02-23,87.38999938964844,87.87999725341797,87.31999969482422,87.87999725341797,41.59903335571289,504000
2004-02-24,88.05000305175781,88.38999938964844,87.86000061035156,88.04000091552734,41.67475891113281,940900
2004-02-25,88.22000122070312,88.36000061035156,88.02999877929688,88.18000030517578,41.74100875854492,572300
2004-02-26,87.8499984741211,87.95999908447266,87.54000091552734,87.9000015258789,41.60850143432617,399100
2004-02-27,88.22000122070312,88.77999877929688,87.95999908447266,88.66000366210938,41.968257904052734,836000
2004-03-01,88.45999908447266,88.63999938964844,88.04000091552734,88.2699966430664,41.95212173461914,771900
2004-03-02,88.12000274658203,88.19999694824219,87.4000015258789,87.70999908447266,41.68592071533203,676000
2004-03-03,87.38999938964844,87.63999938964844,87.11000061035156,87.55000305175781,41.60987091064453,718000
2004-03-04,87.4000015258789,87.94999694824219,87.33999633789062,87.94000244140625,41.79520034790039,421600
2004-03-05,89.7699966430664,90.0,89.5199966430664,89.63999938964844,42.603206634521484,2789800
2004-03-08,90.05999755859375,90.31999969482422,90.0,90.16999816894531,42.8550910949707,1309400
2004-03-09,90.25,90.8499984741211,90.19000244140625,90.7699966430664,43.1402702331543,829000
2004-03-10,90.5199966430664,90.93000030517578,90.4800033569336,90.70999908447266,43.111732482910156,878900
2004-03-11,91.05000305175781,91.05000305175781,90.1500015258789,90.83999633789062,43.17353057861328,1337100
2004-03-12,90.61000061035156,90.80999755859375,90.22000122070312,90.27999877929688,42.907386779785156,442100
2004-03-15,90.41999816894531,90.63999938964844,90.2300033569336,90.43000030517578,42.97865295410156,756200
2004-03-16,90.29000091552734,91.18000030517578,90.05000305175781,91.18000030517578,43.33510971069336,1374200
2004-03-17,91.47000122070312,91.4800033569336,90.9000015258789,91.02999877929688,43.26381301879883,1936500
2004-03-18,90.70999908447266,91.05999755859375,90.4000015258789,90.55000305175781,43.035701751708984,1842100
2004-03-19,90.47000122070312,90.5999984741211,90.20999908447266,90.43000030517578,42.97865295410156,366700
2004-03-22,90.58999633789062,90.9800033569336,90.58999633789062,90.9800033569336,43.24007034301758,947200
2004-03-23,90.88999938964844,91.13999938964844,90.75,91.13999938964844,43.31611633300781,562200
2004-03-24,91.16000366210938,91.2300033569336,90.91999816894531,91.08999633789062,43.29235076904297,327400
2004-03-25,90.72000122070312,90.94000244140625,90.6500015258789,90.73999786376953,43.12601089477539,514000
2004-03-26,90.4800033569336,90.5999984741211,89.5999984741211,89.77999877929688,42.66971206665039,1378600
2004-03-29,89.05000305175781,89.2300033569336,88.9000015258789,89.18000030517578,42.384544372558594,2454000
2004-03-30,89.30000305175781,89.43000030517578,89.06999969482422,89.12000274658203,42.3560791015625,1021000
2004-03-31,89.25,89.62999725341797,89.20999908447266,89.55000305175781,42.560420989990234,1647300
2004-04-01,88.9800033569336,89.05999755859375,88.55000305175781,88.91000366210938,42.42109298706055,1309200
2004-04-02,87.12999725341797,87.12999725341797,86.41000366210938,86.70999908447266,41.37141799926758,2603700
2004-04-05,86.31999969482422,86.38999938964844,85.91000366210938,86.02999877929688,41.04698944091797,1422700
2004-04-06,86.4000015258789,86.5,86.19999694824219,86.5,41.27123260498047,1695400
2004-04-07,86.30000305175781,86.80000305175781,86.25,86.30000305175781,41.17580795288086,659600
2004-04-08,86.16999816894531,86.41999816894531,85.9800033569336,86.05000305175781,41.05656433105469,893700
2004-04-12,85.80999755859375,85.87000274658203,85.5999984741211,85.73999786376953,40.90861129760742,311700
2004-04-13,84.93000030517578,85.11000061035156,84.7699966430664,84.80999755859375,40.464900970458984,1449500
2004-04-14,83.9800033569336,84.76000213623047,83.9800033569336,84.73999786376953,40.431495666503906,2529200
2004-04-15,84.66999816894531,84.80000305175781,84.18000030517578,84.23999786376953,40.19291305541992,1184800
2004-04-16,84.68000030517578,84.87000274658203,84.41000366210938,84.55999755859375,40.34560775756836,986900
2004-04-19,84.8499984741211,84.91000366210938,84.30000305175781,84.37999725341797,40.25970458984375,682100
2004-04-20,84.2699966430664,84.43000030517578,83.61000061035156,83.61000061035156,39.892356872558594,1618700
2004-04-21,83.72000122070312,84.31999969482422,83.72000122070312,84.0199966430664,40.087974548339844,763600
2004-04-22,84.25,84.58999633789062,84.13999938964844,84.5199966430664,40.32655334472656,1024300
2004-04-23,84.11000061035156,84.33999633789062,83.75,84.04000091552734,40.09752655029297,963200
2004-04-26,84.08999633789062,84.29000091552734,84.05999755859375,84.18000030517578,40.164329528808594,515800
2004-04-27,84.4000015258789,84.55000305175781,84.08000183105469,84.5,40.31696701049805,1033400
2004-04-28,84.30000305175781,84.43000030517578,83.61000061035156,83.70999908447266,39.94005584716797,1215700
2004-04-29,83.75,84.18000030517578,83.01000213623047,83.30000305175781,39.744468688964844,2504900
2004-04-30,83.43000030517578,83.80000305175781,83.2699966430664,83.63999938964844,39.906654357910156,831500
2004-05-03,83.0999984741211,83.56999969482422,83.0999984741211,83.41999816894531,39.95693588256836,668800
2004-05-04,83.62999725341797,83.9000015258789,82.69000244140625,82.8499984741211,39.68391418457031,3950900
2004-05-05,83.26000213623047,83.26000213623047,82.5,82.62000274658203,39.573760986328125,2236600
2004-05-06,82.55999755859375,82.6500015258789,82.37000274658203,82.4000015258789,39.4683952331543,3163200
2004-05-07,81.44999694824219,81.5,81.0999984741211,81.31999969482422,38.95106887817383,1756400
2004-05-10,81.4800033569336,81.61000061035156,81.11000061035156,81.12999725341797,38.860084533691406,958700
2004-05-11,81.11000061035156,81.5199966430664,81.11000061035156,81.5,39.03730392456055,766000
2004-05-12,81.4000015258789,81.44000244140625,80.94000244140625,80.95999908447266,38.77864456176758,1945700
2004-05-13,80.88999938964844,80.91999816894531,80.51000213623047,80.6500015258789,38.630165100097656,1187000
2004-05-14,81.04000091552734,81.38999938964844,80.7300033569336,81.30999755859375,38.94627380371094,4086400
2004-05-17,81.87000274658203,82.06999969482422,81.68000030517578,82.02999877929688,39.291160583496094,1735600
2004-05-18,81.69999694824219,81.91000366210938,81.56999969482422,81.70999908447266,39.13786315917969,674200
2004-05-19,81.4000015258789,81.44999694824219,81.1500015258789,81.44000244140625,39.00857162475586,319200
2004-05-20,81.73999786376953,82.0999984741211,81.62000274658203,82.06999969482422,39.310306549072266,1745900
2004-05-21,82.37000274658203,82.37999725341797,81.58999633789062,81.73999786376953,39.152244567871094,1461900
2004-05-24,81.93000030517578,82.08000183105469,81.68000030517578,82.0,39.2767448425293,314800
2004-05-25,82.02999877929688,82.31999969482422,82.01000213623047,82.23999786376953,39.3917350769043,645300
2004-05-26,82.4000015258789,82.7300033569336,82.31999969482422,82.68000030517578,39.602500915527344,505500
2004-05-27,83.02999877929688,83.4000015258789,82.83000183105469,83.33000183105469,39.91384506225586,1122800
2004-05-28,83.0199966430664,83.5,82.75,83.0999984741211,39.803672790527344,612700
2004-06-01,82.37000274658203,82.4000015258789,81.69999694824219,82.0199966430664,39.43916320800781,662000
2004-06-02,82.0199966430664,82.12999725341797,81.76000213623047,81.80999755859375,39.338218688964844,906600
2004-06-03,81.80000305175781,82.05000305175781,81.58999633789062,81.9800033569336,39.41997146606445,1173600
2004-06-04,82.04000091552734,82.12999725341797,81.44000244140625,81.5,39.189151763916016,568200
2004-06-07,81.41999816894531,81.58999633789062,81.22000122070312,81.5199966430664,39.19877624511719,377200
2004-06-08,81.19999694824219,81.68000030517578,81.08000183105469,81.66999816894531,39.27088165283203,1294200
2004-06-09,81.44999694824219,81.5199966430664,81.0,81.31999969482422,39.10258865356445,589400
2004-06-10,81.36000061035156,81.5999984741211,81.1500015258789,81.4800033569336,39.17953872680664,336200
2004-06-14,81.19999694824219,81.26000213623047,80.76000213623047,80.83000183105469,38.86698532104492,892200
2004-06-15,81.80999755859375,82.62000274658203,81.80999755859375,82.54000091552734,39.68924331665039,1567400
2004-06-16,82.05000305175781,82.33999633789062,81.98999786376953,82.22000122070312,39.535369873046875,494700
2004-06-17,82.08999633789062,82.7699966430664,81.97000122070312,82.76000213623047,39.79502868652344,552800
2004-06-18,82.76000213623047,82.8499984741211,82.37000274658203,82.58000183105469,39.708457946777344,394500
2004-06-21,82.62999725341797,82.75,82.48999786376953,82.63999938964844,39.73732376098633,731900
2004-06-22,82.43000030517578,82.58999633789062,82.36000061035156,82.38999938964844,39.61712646484375,362700
2004-06-23,82.29000091552734,82.68000030517578,82.18000030517578,82.55000305175781,39.69407653808594,302900
2004-06-24,83.26000213623047,83.33999633789062,82.9000015258789,83.05000305175781,39.93449783325195,1087900
2004-06-25,82.91999816894531,83.1500015258789,82.87000274658203,83.12999725341797,39.97294616699219,253200
2004-06-28,82.77999877929688,82.87000274658203,82.18000030517578,82.27999877929688,39.56421661376953,573100
2004-06-29,82.4000015258789,82.83999633789062,82.16999816894531,82.80000305175781,39.814273834228516,401500
2004-06-30,83.02999877929688,83.75,82.91000366210938,83.6500015258789,40.22300338745117,1730800
2004-07-01,83.3499984741211,83.55999755859375,82.93000030517578,83.47000122070312,40.29829406738281,1099300
2004-07-02,84.66000366210938,84.69000244140625,84.26000213623047,84.3499984741211,40.723175048828125,1293300
2004-07-06,84.56999969482422,84.58999633789062,84.13999938964844,84.20999908447266,40.65556335449219,351600
2004-07-07,84.19999694824219,84.41999816894531,84.12999725341797,84.23999786376953,40.67002487182617,303500
2004-07-08,84.30000305175781,84.54000091552734,84.2300033569336,84.29000091552734,40.69415283203125,715200
2004-07-09,84.25,84.41999816894531,84.08999633789062,84.37999725341797,40.73761749267578,2152900
2004-07-12,84.61000061035156,84.66000366210938,84.44000244140625,84.5,40.79557418823242,1297800
2004-07-13,84.19999694824219,84.2699966430664,83.94999694824219,84.25,40.67483901977539,307100
2004-07-14,84.31999969482422,84.37000274658203,84.1500015258789,84.27999877929688,40.6893424987793,241400
2004-07-15,84.29000091552734,84.37999725341797,84.16999816894531,84.37000274658203,40.7327880859375,562700
2004-07-16,84.8499984741211,85.5,84.8499984741211,85.48999786376953,41.273536682128906,2970600
2004-07-19,85.41000366210938,85.56999969482422,85.36000061035156,85.55000305175781,41.30249786376953,978300
2004-07-20,85.30999755859375,85.37999725341797,84.5999984741211,84.77999877929688,40.93074035644531,1091500
2004-07-21,84.41000366210938,84.55999755859375,84.19000244140625,84.55000305175781,40.8197135925293,662800
2004-07-22,84.58000183105469,84.8499984741211,84.58000183105469,84.66999816894531,40.87759017944336,154700
2004-07-23,84.77999877929688,84.97000122070312,84.77999877929688,84.94999694824219,41.012821197509766,209200
2004-07-26,84.83999633789062,84.83999633789062,84.45999908447266,84.55000305175781,40.8197135925293,712000
2004-07-27,84.4000015258789,84.47000122070312,83.41000366210938,83.41000366210938,40.26932907104492,961200
2004-07-28,83.22000122070312,83.52999877929688,83.04000091552734,83.41999816894531,40.274139404296875,495200
2004-07-29,83.2699966430664,83.6500015258789,83.2699966430664,83.61000061035156,40.365882873535156,519600
2004-07-30,84.06999969482422,84.62999725341797,84.0,84.58999633789062,40.8390007019043,578400
2004-08-02,84.5,84.61000061035156,84.31999969482422,84.37000274658203,40.89231872558594,714800
2004-08-03,84.48999786376953,84.83000183105469,84.4000015258789,84.70999908447266,41.05712127685547,509500
2004-08-04,84.68000030517578,85.12000274658203,84.5,84.75,41.07649612426758,481300
2004-08-05,84.87999725341797,85.08999633789062,84.86000061035156,84.98999786376953,41.19283676147461,623100
2004-08-06,86.41000366210938,86.86000061035156,86.12000274658203,86.41999816894531,41.885921478271484,1240900
2004-08-09,86.1500015258789,86.33999633789062,86.06999969482422,86.12000274658203,41.740516662597656,322100
2004-08-10,86.26000213623047,86.44000244140625,85.80999755859375,85.80999755859375,41.59027099609375,860100
2004-08-11,85.81999969482422,86.2699966430664,85.7300033569336,86.18000030517578,41.769622802734375,898400
2004-08-12,86.0,86.36000061035156,85.88999938964844,86.36000061035156,41.85683822631836,697500
2004-08-13,86.66999816894531,86.9000015258789,86.5199966430664,86.63999938964844,41.9925422668457,637500
2004-08-16,86.47000122070312,86.52999877929688,86.0199966430664,86.33999633789062,41.8471565246582,729400
2004-08-17,86.4000015258789,86.8499984741211,86.36000061035156,86.83000183105469,42.084625244140625,182000
2004-08-18,87.02999877929688,87.05999755859375,86.4000015258789,86.41000366210938,41.88106155395508,365300
2004-08-19,86.5,86.75,86.33999633789062,86.62000274658203,41.98284912109375,372900
2004-08-20,86.58000183105469,86.75,86.4000015258789,86.54000091552734,41.9441032409668,875400
2004-08-23,86.11000061035156,86.16999816894531,85.97000122070312,86.04000091552734,41.701725006103516,1007200
2004-08-24,85.94999694824219,86.13999938964844,85.7699966430664,86.08999633789062,41.7259521484375,1044200
2004-08-25,86.31999969482422,86.63999938964844,86.25,86.38999938964844,41.87138748168945,588200
2004-08-26,86.55999755859375,86.87999725341797,86.44000244140625,86.87999725341797,42.10886764526367,478000
2004-08-27,86.83000183105469,87.02999877929688,86.63999938964844,86.81999969482422,42.079769134521484,304400
2004-08-30,87.0,87.2300033569336,86.91999816894531,87.2300033569336,42.278507232666016,259100
2004-08-31,87.30000305175781,88.0,87.23999786376953,87.7699966430664,42.54023742675781,1721100
2004-09-01,87.69999694824219,87.69999694824219,87.1500015258789,87.51000213623047,42.583984375,1388900
2004-09-02,87.37000274658203,87.37000274658203,86.6500015258789,86.6500015258789,42.165531158447266,867000
2004-09-03,86.47000122070312,86.66000366210938,86.0,86.66000366210938,42.17038345336914,958100
2004-09-07,86.23999786376953,86.58000183105469,86.19000244140625,86.56999969482422,42.12660217285156,475500
2004-09-08,86.26000213623047,87.31999969482422,86.18000030517578,87.30000305175781,42.481842041015625,584800
2004-09-09,87.22000122070312,87.58000183105469,86.86000061035156,86.97000122070312,42.321250915527344,284800
2004-09-10,87.37999725341797,87.52999877929688,87.05999755859375,87.0999984741211,42.38450622558594,711700
2004-09-13,87.19999694824219,87.52999877929688,87.12000274658203,87.4800033569336,42.569435119628906,152900
2004-09-14,87.36000061035156,87.68000030517578,87.18000030517578,87.56999969482422,42.61323547363281,695700
2004-09-15,87.5,87.5,87.18000030517578,87.37000274658203,42.51591873168945,642500
2004-09-16,87.55999755859375,88.4800033569336,87.5,88.36000061035156,42.997650146484375,1103400
2004-09-17,88.12999725341797,88.38999938964844,87.88999938964844,87.91999816894531,42.78355407714844,765400
2004-09-20,88.26000213623047,88.56999969482422,88.19000244140625,88.5,43.0657958984375,727200
2004-09-21,88.36000061035156,88.91999816894531,88.0999984741211,88.76000213623047,43.19233703613281,1018500
2004-09-22,88.80000305175781,89.80999755859375,88.6500015258789,89.68000030517578,43.63996887207031,2541200
2004-09-23,89.66999816894531,89.87999725341797,89.31999969482422,89.31999969482422,43.46481704711914,2391000
2004-09-24,89.3499984741211,89.48999786376953,89.0999984741211,89.43000030517578,43.51835632324219,1984300
2004-09-27,89.5999984741211,89.88999938964844,89.56999969482422,89.81999969482422,43.708126068115234,1420800
2004-09-28,89.68000030517578,89.94999694824219,89.22000122070312,89.45999908447266,43.53297424316406,1161100
2004-09-29,88.69999694824219,88.87000274658203,88.55999755859375,88.58999633789062,43.10956573486328,1970700
2004-09-30,88.13999938964844,88.37000274658203,87.95999908447266,88.25,42.94411087036133,1945700
2004-10-01,87.5,87.62999725341797,87.29000091552734,87.44999694824219,42.729637145996094,1999300
2004-10-04,87.0,87.5999984741211,87.0,87.58000183105469,42.79316329956055,1106200
2004-10-05,87.52999877929688,87.69999694824219,87.41999816894531,87.58000183105469,42.79316329956055,501700
2004-10-06,87.44999694824219,87.47000122070312,87.0199966430664,87.18000030517578,42.59769821166992,531300
2004-10-07,87.0,87.18000030517578,86.73999786376953,86.80000305175781,42.41205596923828,2128600
2004-10-08,87.97000122070312,88.20999908447266,87.75,87.94999694824219,42.973941802978516,1534500
2004-10-11,87.94999694824219,88.0999984741211,87.7300033569336,88.04000091552734,43.01791763305664,60800
2004-10-12,88.33999633789062,88.38999938964844,88.16000366210938,88.23999786376953,43.115638732910156,757900
2004-10-13,88.0,88.55999755859375,87.94999694824219,88.55999755859375,43.272003173828125,648000
2004-10-14,88.5,89.01000213623047,88.41000366210938,88.9800033569336,43.47718811035156,717100
2004-10-15,88.80999755859375,88.98999786376953,88.18000030517578,88.66999816894531,43.32575225830078,746400
2004-10-18,88.6500015258789,88.79000091552734,88.37000274658203,88.70999908447266,43.34528732299805,613600
2004-10-19,88.33000183105469,88.98999786376953,88.2699966430664,88.94000244140625,43.45765686035156,505400
2004-10-20,89.26000213623047,89.61000061035156,89.19999694824219,89.55000305175781,43.7557258605957,1127100
2004-10-21,89.44000244140625,89.9000015258789,89.44000244140625,89.61000061035156,43.785037994384766,1649200
2004-10-22,89.5,89.81999969482422,89.37000274658203,89.81999969482422,43.887657165527344,491500
2004-10-25,90.06999969482422,90.08999633789062,89.80000305175781,89.88999938964844,43.9218635559082,246800
2004-10-26,89.94999694824219,90.01000213623047,89.62000274658203,89.62000274658203,43.789894104003906,503700
2004-10-27,89.87000274658203,90.05000305175781,88.72000122070312,88.73999786376953,43.359920501708984,2351800
2004-10-28,88.73999786376953,89.16000366210938,88.5199966430664,89.02999877929688,43.501625061035156,839200
2004-10-29,89.11000061035156,89.48999786376953,88.91999816894531,89.44000244140625,43.70198059082031,1169300
2004-11-01,88.75,89.0,88.4000015258789,88.5199966430664,43.43017578125,923500
2004-11-02,88.4800033569336,88.7300033569336,88.30999755859375,88.6500015258789,43.49395751953125,709300
2004-11-03,88.02999877929688,88.75,88.0,88.69000244140625,43.5135612487793,1066600
2004-11-04,88.86000061035156,89.0999984741211,88.75,88.77999877929688,43.55772399902344,2285100
2004-11-05,87.73999786376953,87.93000030517578,87.5199966430664,87.80999755859375,43.08183288574219,1838000
2004-11-08,87.5,87.5999984741211,87.4000015258789,87.5,42.92972183227539,454100
2004-11-09,87.4000015258789,87.7300033569336,87.4000015258789,87.44999694824219,42.90520477294922,373000
2004-11-10,87.30999755859375,87.47000122070312,86.91000366210938,87.12000274658203,42.74330520629883,1303400
2004-11-11,87.44999694824219,87.44999694824219,86.93000030517578,86.93000030517578,42.65008544921875,309700
2004-11-12,87.33999633789062,88.11000061035156,87.33000183105469,87.87000274658203,43.11125564575195,1125900
2004-11-15,87.94999694824219,88.0,87.73999786376953,87.94999694824219,43.15052032470703,763200
2004-11-16,87.80999755859375,87.94999694824219,87.69999694824219,87.94999694824219,43.15052032470703,520900
2004-11-17,87.88999938964844,88.76000213623047,87.88999938964844,88.69999694824219,43.51849365234375,1249400
2004-11-18,88.55000305175781,89.05999755859375,88.41000366210938,88.97000122070312,43.65098190307617,891500
2004-11-19,88.9000015258789,89.02999877929688,88.08999633789062,88.26000213623047,43.30263137817383,1244500
2004-11-22,88.3499984741211,88.87000274658203,88.30000305175781,88.72000122070312,43.5283088684082,511500
2004-11-23,88.5,89.19999694824219,88.4800033569336,88.83000183105469,43.582244873046875,746300
2004-11-24,88.91000366210938,88.91000366210938,88.7300033569336,88.83000183105469,43.582244873046875,309700
2004-11-26,88.29000091552734,88.33999633789062,88.2300033569336,88.25,43.297672271728516,697100
2004-11-29,87.47000122070312,87.5999984741211,87.16999816894531,87.30999755859375,42.83650588989258,1546400
2004-11-30,86.94000244140625,87.16000366210938,86.62999725341797,86.94000244140625,42.65496826171875,1754500
2004-12-01,86.69999694824219,86.75,86.18000030517578,86.44999694824219,42.58848190307617,2489800
2004-12-02,86.16999816894531,86.30000305175781,86.01000213623047,86.0999984741211,42.416046142578125,2881500
2004-12-03,87.1500015258789,87.66000366210938,86.93000030517578,87.44000244140625,43.07622146606445,2233700
2004-12-06,87.48999786376953,87.8499984741211,87.44999694824219,87.73999786376953,43.223976135253906,1314100
2004-12-07,87.73999786376953,87.88999938964844,87.5,87.8499984741211,43.27815246582031,784300
2004-12-08,88.41000366210938,89.22000122070312,88.36000061035156,89.22000122070312,43.95307540893555,2639700
2004-12-09,88.98999786376953,89.2699966430664,88.56999969482422,88.62999725341797,43.662418365478516,1428900
2004-12-10,88.94999694824219,89.05000305175781,88.66999816894531,88.8499984741211,43.770809173583984,1445000
2004-12-13,88.81999969482422,89.29000091552734,88.80000305175781,89.04000091552734,43.864418029785156,677400
2004-12-14,88.73999786376953,89.44000244140625,88.69999694824219,89.38999938964844,44.03684997558594,1568200
2004-12-15,89.94999694824219,90.25,89.83999633789062,90.19999694824219,44.435890197753906,2511500
2004-12-16,89.88999938964844,89.88999938964844,88.8499984741211,88.87000274658203,43.78067398071289,1998200
2004-12-17,88.4800033569336,88.87999725341797,88.43000030517578,88.75,43.721534729003906,1319800
2004-12-20,88.87000274658203,89.0999984741211,88.81999969482422,88.91000366210938,43.80034637451172,230500
2004-12-21,89.05999755859375,89.23999786376953,88.9000015258789,89.18000030517578,43.93339157104492,245200
2004-12-22,89.20999908447266,89.20999908447266,88.69999694824219,88.87999725341797,43.78561019897461,511600
2004-12-23,88.73999786376953,88.79000091552734,88.56999969482422,88.58999633789062,43.642704010009766,738600
2004-12-27,88.33000183105469,88.37000274658203,87.69999694824219,87.9000015258789,43.30281448364258,1322600
2004-12-28,87.86000061035156,87.91000366210938,87.4000015258789,87.83000183105469,43.268310546875,1253500
2004-12-29,87.87000274658203,88.0,87.56999969482422,87.73999786376953,43.223976135253906,567500
2004-12-30,87.80000305175781,88.44999694824219,87.73999786376953,88.33000183105469,43.51465606689453,626400
2004-12-31,88.37000274658203,88.6500015258789,88.30000305175781,88.55000305175781,43.7890625,1056400
2005-01-03,88.18000030517578,88.83999633789062,88.16000366210938,88.73999786376953,43.883033752441406,1168000
2005-01-04,88.72000122070312,88.75,87.80999755859375,87.80999755859375,43.42313003540039,1935400
2005-01-05,87.98999786376953,88.55000305175781,87.94000244140625,88.27999877929688,43.655574798583984,1094100
2005-01-06,88.29000091552734,88.54000091552734,88.22000122070312,88.33999633789062,43.68525314331055,1057400
2005-01-07,88.76000213623047,88.87000274658203,88.3499984741211,88.54000091552734,43.78414535522461,738700
2005-01-10,88.63999938964844,88.72000122070312,88.47000122070312,88.68000030517578,43.85337829589844,379400
2005-01-11,88.9000015258789,89.27999877929688,88.73999786376953,89.19999694824219,44.11051940917969,844100
2005-01-12,88.87000274658203,89.44000244140625,88.80000305175781,89.31999969482422,44.169864654541016,722000
2005-01-13,89.75,90.18000030517578,89.7300033569336,90.18000030517578,44.59514236450195,1876700
2005-01-14,89.9000015258789,90.4000015258789,89.80999755859375,90.16999816894531,44.590206146240234,1043800
2005-01-18,89.80000305175781,90.48999786376953,89.7300033569336,90.47000122070312,44.73855209350586,1251600
2005-01-19,90.80000305175781,90.83999633789062,90.2699966430664,90.7300033569336,44.86711120605469,655800
2005-01-20,90.41999816894531,91.0199966430664,90.3499984741211,90.91000366210938,44.9561767578125,1064200
2005-01-21,90.5999984741211,91.05000305175781,90.5199966430664,91.01000213623047,45.00558853149414,606300
2005-01-24,91.08999633789062,91.5,91.0,91.4000015258789,45.19844055175781,561400
2005-01-25,91.36000061035156,91.4000015258789,90.51000213623047,90.54000091552734,44.773193359375,1942200
2005-01-26,90.8499984741211,90.91999816894531,90.62999725341797,90.70999908447266,44.857234954833984,709800
2005-01-27,90.5199966430664,90.69999694824219,90.33999633789062,90.54000091552734,44.773193359375,463900
2005-01-28,91.22000122070312,91.5999984741211,91.16999816894531,91.44999694824219,45.2231559753418,1128000
2005-01-31,91.33000183105469,91.75,91.29000091552734,91.70999908447266,45.351749420166016,1313900
2005-02-01,91.44000244140625,91.5,91.05000305175781,91.22000122070312,45.279762268066406,948200
2005-02-02,91.19999694824219,91.45999908447266,91.08999633789062,91.43000030517578,45.38402557373047,760300
2005-02-03,91.05999755859375,91.44000244140625,91.05999755859375,91.37999725341797,45.359188079833984,505800
2005-02-04,92.47000122070312,92.94000244140625,92.45999908447266,92.6500015258789,45.98957824707031,3483900
2005-02-07,92.73999786376953,93.41999816894531,92.69999694824219,93.33999633789062,46.33208084106445,1064600
2005-02-08,93.37000274658203,94.12000274658203,93.33000183105469,93.87000274658203,46.59517288208008,1383800
2005-02-09,93.44000244140625,94.23999786376953,93.37999725341797,94.12000274658203,46.71925735473633,2125800
2005-02-10,93.48999786376953,93.68000030517578,92.75,92.8499984741211,46.088863372802734,1240000
2005-02-11,92.45999908447266,92.9800033569336,92.4000015258789,92.79000091552734,46.05906677246094,1275200
2005-02-14,92.9000015258789,93.20999908447266,92.7300033569336,93.08000183105469,46.20304489135742,295000
2005-02-15,92.5999984741211,92.86000061035156,92.56999969482422,92.61000061035156,45.969757080078125,900200
2005-02-16,92.51000213623047,92.56999969482422,91.80000305175781,92.26000213623047,45.79597473144531,1189700
2005-02-17,91.76000213623047,92.13999938964844,91.5999984741211,91.68000030517578,45.508140563964844,1146400
2005-02-18,90.55000305175781,90.94999694824219,90.45999908447266,90.86000061035156,45.10108947753906,2655800
2005-02-22,90.62999725341797,90.75,90.4000015258789,90.45999908447266,44.90251541137695,914600
2005-02-23,91.13999938964844,91.16999816894531,90.43000030517578,90.76000213623047,45.05143356323242,1115000
2005-02-24,91.16000366210938,91.33000183105469,90.55999755859375,90.55999755859375,44.95216369628906,798500
2005-02-25,90.88999938964844,91.13999938964844,90.62000274658203,91.0,45.17057800292969,588800
2005-02-28,91.0999984741211,91.0999984741211,89.88999938964844,90.0199966430664,44.684104919433594,2797300
2005-03-01,89.54000091552734,89.86000061035156,89.44999694824219,89.70999908447266,44.670188903808594,1648500
2005-03-02,89.44999694824219,89.72000122070312,89.41999816894531,89.58999633789062,44.610408782958984,1139300
2005-03-03,89.62000274658203,89.80000305175781,89.44999694824219,89.54000091552734,44.58549499511719,1600600
2005-03-04,89.98999786376953,90.66999816894531,89.87000274658203,90.51000213623047,45.068519592285156,1567000
2005-03-07,90.8499984741211,90.98999786376953,90.75,90.87000274658203,45.247772216796875,889800
2005-03-08,90.12999725341797,90.2699966430664,89.94000244140625,90.01000213623047,44.81955337524414,680400
2005-03-09,89.18000030517578,89.4000015258789,88.44000244140625,88.54000091552734,44.08759689331055,2549600
2005-03-10,88.73999786376953,89.33000183105469,88.38999938964844,89.08000183105469,44.3564567565918,1357700
2005-03-11,88.6500015258789,88.87000274658203,88.4000015258789,88.43000030517578,44.032814025878906,1017900
2005-03-14,88.37000274658203,89.0,88.30000305175781,88.95999908447266,44.296695709228516,805000
2005-03-15,89.29000091552734,89.30000305175781,88.4000015258789,88.4000015258789,44.017887115478516,963900
2005-03-16,88.54000091552734,89.36000061035156,88.54000091552734,88.94000244140625,44.28675842285156,2097800
2005-03-17,89.3499984741211,89.58000183105469,89.12000274658203,89.2300033569336,44.43117141723633,1025300
2005-03-18,88.9000015258789,88.9800033569336,88.66999816894531,88.66999816894531,44.1523323059082,722700
2005-03-21,88.66999816894531,88.66999816894531,88.37999725341797,88.41999816894531,44.027854919433594,893100
2005-03-22,88.94000244140625,89.05000305175781,87.54000091552734,87.66999816894531,43.65438461303711,2544900
2005-03-23,87.52999877929688,88.16000366210938,87.52999877929688,88.08999633789062,43.86351776123047,1951700
2005-03-24,88.31999969482422,88.45999908447266,88.18000030517578,88.2699966430664,43.95315170288086,746800
2005-03-28,87.98999786376953,88.0,87.72000122070312,87.7300033569336,43.68421173095703,382200
2005-03-29,88.08000183105469,88.27999877929688,87.98999786376953,88.25,43.943180084228516,1135000
2005-03-30,88.19999694824219,88.75,88.16000366210938,88.69000244140625,44.162269592285156,1095600
2005-03-31,89.19999694824219,89.38999938964844,88.86000061035156,89.33000183105469,44.480953216552734,2410900
2005-04-01,89.52999877929688,89.66000366210938,88.5,89.30000305175781,44.630916595458984,2805300
2005-04-04,89.27999877929688,89.66000366210938,89.16999816894531,89.27999877929688,44.62092590332031,754800
2005-04-05,89.23999786376953,89.36000061035156,88.93000030517578,89.05000305175781,44.50593566894531,733300
2005-04-06,89.41000366210938,89.44000244140625,89.19999694824219,89.36000061035156,44.66086959838867,402800
2005-04-07,89.30000305175781,89.58000183105469,88.61000061035156,88.63999938964844,44.30101776123047,973000
2005-04-08,88.55999755859375,89.0,88.33999633789062,88.94999694824219,44.455955505371094,438600
2005-04-11,88.97000122070312,89.62000274658203,88.94000244140625,89.43000030517578,44.695884704589844,1460200
2005-04-12,89.2300033569336,90.4000015258789,89.12000274658203,90.26000213623047,45.11067581176758,1931500
2005-04-13,90.3499984741211,90.44000244140625,89.80000305175781,90.04000091552734,45.00074005126953,1001700
2005-04-14,90.08000183105469,90.12000274658203,89.66000366210938,89.9000015258789,44.93075180053711,1461800
2005-04-15,90.54000091552734,91.12000274658203,90.22000122070312,91.08999633789062,45.525516510009766,2807300
2005-04-18,91.37000274658203,91.38999938964844,90.94000244140625,91.0199966430664,45.490535736083984,3510800
2005-04-19,91.33999633789062,92.04000091552734,91.31999969482422,91.9000015258789,45.93031311035156,1733600
2005-04-20,91.22000122070312,91.7699966430664,91.18000030517578,91.66999816894531,45.81538772583008,1617900
2005-04-21,91.30000305175781,91.41999816894531,90.69999694824219,90.70999908447266,45.33555221557617,1288500
2005-04-22,91.2699966430664,91.58000183105469,91.08999633789062,91.47000122070312,45.715450286865234,876300
2005-04-25,91.66000366210938,91.81999969482422,91.51000213623047,91.73999786376953,45.85038375854492,818300
2005-04-26,91.98999786376953,92.05000305175781,91.33999633789062,91.5999984741211,45.780399322509766,549300
2005-04-27,92.05000305175781,92.19999694824219,91.80000305175781,91.91999816894531,45.94031524658203,684900
2005-04-28,92.05000305175781,92.6500015258789,91.94999694824219,92.5999984741211,46.28017807006836,1062000
2005-04-29,92.56999969482422,92.94000244140625,92.22000122070312,92.44000244140625,46.20024108886719,1445100
2005-05-02,92.1500015258789,92.26000213623047,91.70999908447266,92.08999633789062,46.19017791748047,1358200
2005-05-03,92.06999969482422,92.54000091552734,91.91999816894531,92.33999633789062,46.31555938720703,1884900
2005-05-04,91.44999694824219,91.72000122070312,91.05000305175781,91.52999877929688,45.9093132019043,2211500
2005-05-05,91.30000305175781,91.83999633789062,91.20999908447266,91.73999786376953,46.014652252197266,1757900
2005-05-06,90.93000030517578,91.19999694824219,90.80999755859375,91.05999755859375,45.673561096191406,850600
2005-05-09,91.01000213623047,91.23999786376953,91.0,91.1500015258789,45.71868896484375,327800
2005-05-10,91.36000061035156,91.80000305175781,91.33999633789062,91.80000305175781,46.044734954833984,495500
2005-05-11,92.13999938964844,92.5199966430664,91.98999786376953,92.08000183105469,46.1851806640625,1058700
2005-05-12,92.0,92.47000122070312,91.72000122070312,92.44000244140625,46.36576843261719,657000
2005-05-13,92.70999908447266,93.0199966430664,92.56999969482422,92.80000305175781,46.546295166015625,1698100
2005-05-16,93.04000091552734,93.06999969482422,92.68000030517578,92.69000244140625,46.491119384765625,824800
2005-05-17,92.95999908447266,93.19000244140625,92.9000015258789,92.94999694824219,46.621543884277344,856300
2005-05-18,93.69999694824219,93.80000305175781,93.33999633789062,93.56999969482422,46.9325065612793,1092300
2005-05-19,93.69999694824219,93.69999694824219,93.27999877929688,93.33000183105469,46.8121223449707,948800
2005-05-20,93.25,93.51000213623047,93.20999908447266,93.44000244140625,46.867340087890625,806800
2005-05-23,93.5999984741211,94.2300033569336,93.56999969482422,94.16999816894531,47.233455657958984,905600
2005-05-24,94.52999877929688,94.6500015258789,94.18000030517578,94.43000030517578,47.3639030456543,1695400
2005-05-25,94.58999633789062,94.6500015258789,93.7300033569336,93.7699966430664,47.032840728759766,1923300
2005-05-26,93.58999633789062,94.06999969482422,93.58999633789062,93.73999786376953,47.01779556274414,978300
2005-05-27,93.73999786376953,93.9800033569336,93.54000091552734,93.83999633789062,47.067955017089844,650600
2005-05-31,94.22000122070312,95.05000305175781,94.22000122070312,95.0,47.64977264404297,1979000
2005-06-01,95.19999694824219,95.83999633789062,95.19000244140625,95.80999755859375,48.23325729370117,3823200
2005-06-02,95.7300033569336,96.19000244140625,95.7300033569336,96.04000091552734,48.349056243896484,1703400
2005-06-03,96.9000015258789,97.0,95.19999694824219,95.25,47.95130920410156,5558100
2005-06-06,95.5,95.87999725341797,95.3499984741211,95.75,48.20306396484375,1088700
2005-06-07,96.47000122070312,96.58000183105469,96.05000305175781,96.51000213623047,48.585670471191406,1503100
2005-06-08,96.30999755859375,96.44999694824219,96.05000305175781,96.05000305175781,48.354087829589844,1272400
2005-06-09,95.66999816894531,96.01000213623047,95.43000030517578,95.97000122070312,48.31379318237305,612700
2005-06-10,95.55000305175781,95.55000305175781,94.86000061035156,94.88999938964844,47.77009963989258,1464800
2005-06-13,94.4800033569336,94.52999877929688,94.16999816894531,94.31999969482422,47.483131408691406,1616700
2005-06-14,94.05000305175781,94.16000366210938,93.56999969482422,93.69999694824219,47.17102813720703,1984500
2005-06-15,93.38999938964844,93.87000274658203,93.33000183105469,93.87000274658203,47.25657653808594,1996800
2005-06-16,93.80000305175781,94.41999816894531,93.56999969482422,94.33999633789062,47.493202209472656,1370300
2005-06-17,94.11000061035156,94.47000122070312,94.0199966430664,94.33000183105469,47.48815155029297,555900
2005-06-20,93.81999969482422,94.19999694824219,93.5999984741211,94.16999816894531,47.40760803222656,453000
2005-06-21,94.37999725341797,94.86000061035156,94.31999969482422,94.86000061035156,47.7550163269043,503100
2005-06-22,95.48999786376953,96.08999633789062,95.26000213623047,96.01000213623047,48.33394241333008,952200
2005-06-23,95.80000305175781,95.9800033569336,95.54000091552734,95.91000366210938,48.283592224121094,996300
2005-06-24,96.23999786376953,96.44999694824219,96.0199966430664,96.38999938964844,48.5252571105957,928000
2005-06-27,96.48999786376953,96.80999755859375,96.3499984741211,96.6500015258789,48.65612030029297,1203600
2005-06-28,96.31999969482422,96.37000274658203,95.91000366210938,95.98999786376953,48.3238639831543,982400
2005-06-29,96.47000122070312,96.4800033569336,95.5999984741211,95.83999633789062,48.24837112426758,1682400
2005-06-30,95.86000061035156,96.72000122070312,95.80999755859375,96.69999694824219,48.68128204345703,2159400
2005-07-01,96.04000091552734,96.26000213623047,94.98999786376953,95.19999694824219,48.09125900268555,2222700
2005-07-05,94.3499984741211,94.73999786376953,94.2699966430664,94.30000305175781,47.63663101196289,1076100
2005-07-06,94.62999725341797,94.83000183105469,94.43000030517578,94.81999969482422,47.8993034362793,854100
2005-07-07,95.43000030517578,95.55000305175781,94.95999908447266,95.0199966430664,48.0003662109375,1678000
2005-07-08,95.25,95.25,94.31999969482422,94.62999725341797,47.803340911865234,1259300
2005-07-11,94.11000061035156,94.6500015258789,93.94999694824219,94.62999725341797,47.803340911865234,982000
2005-07-12,94.3499984741211,94.52999877929688,94.05999755859375,94.0999984741211,47.53555679321289,743700
2005-07-13,94.05000305175781,94.0999984741211,93.86000061035156,93.95999908447266,47.46487808227539,886600
2005-07-14,94.0999984741211,94.13999938964844,93.5999984741211,93.72000122070312,47.3436393737793,874300
2005-07-15,93.5,94.02999877929688,93.5,93.97000122070312,47.469940185546875,1064700
2005-07-18,93.8499984741211,93.97000122070312,93.0999984741211,93.2699966430664,47.11628341674805,1204500
2005-07-19,93.2300033569336,93.72000122070312,93.12000274658203,93.5999984741211,47.28301239013672,1226900
2005-07-20,93.51000213623047,94.23999786376953,93.18000030517578,94.11000061035156,47.54063415527344,1884500
2005-07-21,93.4800033569336,93.54000091552734,92.68000030517578,92.83000183105469,46.89402389526367,3824200
2005-07-22,93.0999984741211,93.62000274658203,93.02999877929688,93.55000305175781,47.257728576660156,1614900
2005-07-25,93.4000015258789,93.70999908447266,93.13999938964844,93.20999908447266,47.08599090576172,305100
2005-07-26,93.2699966430664,93.41000366210938,93.16999816894531,93.36000061035156,47.161766052246094,340500
2005-07-27,93.06999969482422,93.2699966430664,93.01000213623047,93.20999908447266,47.08599090576172,593300
2005-07-28,93.37999725341797,94.16999816894531,93.37999725341797,94.04000091552734,47.505313873291016,578900
2005-07-29,93.80000305175781,93.80000305175781,92.8499984741211,93.11000061035156,47.03547668457031,1699500
2005-08-01,92.5,92.5999984741211,92.0199966430664,92.41999816894531,46.860599517822266,1760300
2005-08-02,92.2699966430664,92.45999908447266,91.95999908447266,92.12000274658203,46.70846939086914,1071400
2005-08-03,92.25,92.66000366210938,92.25,92.56999969482422,46.93659210205078,591100
2005-08-04,92.58999633789062,92.79000091552734,92.19999694824219,92.37999725341797,46.840274810791016,1046800
2005-08-05,91.69999694824219,91.87000274658203,91.55000305175781,91.66000366210938,46.47523498535156,1041600
2005-08-08,91.68000030517578,91.8499984741211,91.44000244140625,91.48999786376953,46.388999938964844,836600
2005-08-09,91.69999694824219,91.8499984741211,91.27999877929688,91.83000183105469,46.561424255371094,1474800
2005-08-10,92.01000213623047,92.0999984741211,91.54000091552734,91.7300033569336,46.51070022583008,909300
2005-08-11,92.02999877929688,92.44999694824219,91.69999694824219,92.37000274658203,46.83522033691406,881600
2005-08-12,92.62000274658203,93.44000244140625,92.56999969482422,93.30999755859375,47.311805725097656,1765100
2005-08-15,93.26000213623047,93.30000305175781,93.05000305175781,93.06999969482422,47.19011688232422,954300
2005-08-16,93.68000030517578,93.9000015258789,93.5,93.72000122070312,47.51970291137695,1311000
2005-08-17,93.51000213623047,93.7300033569336,92.9800033569336,93.0999984741211,47.205352783203125,1278200
2005-08-18,93.44999694824219,93.80999755859375,93.2699966430664,93.79000091552734,47.55522537231445,833900
2005-08-19,93.36000061035156,93.83999633789062,93.33999633789062,93.77999877929688,47.550140380859375,439200
2005-08-22,93.54000091552734,93.80000305175781,93.19999694824219,93.68000030517578,47.49942398071289,599300
2005-08-23,93.7300033569336,94.2300033569336,93.6500015258789,94.11000061035156,47.71745681762695,491800
2005-08-24,94.2699966430664,94.33000183105469,93.8499984741211,94.19999694824219,47.763092041015625,998200
2005-08-25,94.27999877929688,94.61000061035156,94.05999755859375,94.5,47.915184020996094,812400
2005-08-26,94.6500015258789,94.87999725341797,94.19999694824219,94.47000122070312,47.90000915527344,874600
2005-08-29,94.83000183105469,94.87999725341797,94.5,94.58999633789062,47.96083068847656,550100
2005-08-30,94.83000183105469,95.3499984741211,94.72000122070312,95.19000244140625,48.26506042480469,1392700
2005-08-31,95.30999755859375,96.0,95.30000305175781,95.98999786376953,48.67068862915039,1310800
2005-09-01,95.30999755859375,95.73999786376953,94.93000030517578,95.08000183105469,48.37763977050781,1899000
2005-09-02,94.87999725341797,95.29000091552734,94.80000305175781,95.16000366210938,48.4183349609375,621400
2005-09-06,95.01000213623047,95.16999816894531,94.4800033569336,94.48999786376953,48.07743453979492,965300
2005-09-07,94.18000030517578,94.18000030517578,93.36000061035156,93.5999984741211,47.62459182739258,1090200
2005-09-08,93.88999938964844,93.9800033569336,93.5999984741211,93.69999694824219,47.67548370361328,373100
2005-09-09,93.95999908447266,94.31999969482422,93.87999725341797,94.0,47.828125,426300
2005-09-12,93.66000366210938,93.70999908447266,93.19000244140625,93.3499984741211,47.49740982055664,917300
2005-09-13,93.76000213623047,94.12000274658203,93.63999938964844,93.83999633789062,47.74673080444336,450400
2005-09-14,93.81999969482422,93.87999725341797,93.37999725341797,93.4800033569336,47.563507080078125,346400
2005-09-15,93.3499984741211,93.3499984741211,92.4000015258789,92.70999908447266,47.1717529296875,2225800
2005-09-16,92.30000305175781,92.4800033569336,91.87999725341797,92.0999984741211,46.861328125,2145500
2005-09-19,92.18000030517578,92.44000244140625,92.0999984741211,92.30000305175781,46.963111877441406,886100
2005-09-20,92.29000091552734,92.80000305175781,91.87999725341797,92.54000091552734,47.08525085449219,1848800
2005-09-21,93.27999877929688,93.41000366210938,93.12999725341797,93.4000015258789,47.52281951904297,993000
2005-09-22,93.37000274658203,93.44999694824219,93.12999725341797,93.30999755859375,47.47704315185547,761700
2005-09-23,93.05000305175781,93.0999984741211,92.61000061035156,92.61000061035156,47.120853424072266,656800
2005-09-26,92.11000061035156,92.37999725341797,92.0999984741211,92.19000244140625,46.90715789794922,680900
2005-09-27,92.2699966430664,92.55999755859375,91.94000244140625,92.31999969482422,46.97330856323242,827800
2005-09-28,92.38999938964844,93.0199966430664,92.26000213623047,92.94000244140625,47.288761138916016,712800
2005-09-29,92.5999984741211,92.61000061035156,92.36000061035156,92.5199966430664,47.07504653930664,657100
2005-09-30,92.58000183105469,92.69000244140625,92.0,92.19999694824219,46.912235260009766,1391800
2005-10-03,91.79000091552734,92.19999694824219,91.0999984741211,91.12000274658203,46.54545593261719,1370900
2005-10-04,91.37000274658203,91.54000091552734,91.20999908447266,91.41999816894531,46.69873809814453,783200
2005-10-05,91.68000030517578,91.9800033569336,91.56999969482422,91.81999969482422,46.90305709838867,1215800
2005-10-06,91.69999694824219,91.73999786376953,91.44000244140625,91.47000122070312,46.72425079345703,340000
2005-10-07,91.08999633789062,91.94999694824219,90.95999908447266,91.83999633789062,46.913265228271484,1337800
2005-10-10,91.8499984741211,91.97000122070312,91.62000274658203,91.77999877929688,46.88263702392578,159700
2005-10-11,91.83999633789062,91.91999816894531,91.44999694824219,91.58999633789062,46.78557586669922,679100
2005-10-12,91.44000244140625,91.44000244140625,90.6500015258789,90.69999694824219,46.33091735839844,1105700
2005-10-13,90.25,90.5,90.08000183105469,90.37000274658203,46.162330627441406,1376600
2005-10-14,90.5999984741211,90.69999694824219,89.81999969482422,90.2300033569336,46.09087371826172,1042600
2005-10-17,90.41999816894531,90.61000061035156,90.12000274658203,90.20999908447266,46.080657958984375,1058200
2005-10-18,90.45999908447266,90.4800033569336,90.2300033569336,90.30999755859375,46.13170623779297,878200
2005-10-19,90.66000366210938,90.87000274658203,90.3499984741211,90.3499984741211,46.15215301513672,904800
2005-10-20,90.27999877929688,90.5999984741211,90.12999725341797,90.58999633789062,46.27476119995117,810300
2005-10-21,90.83000183105469,91.47000122070312,90.75,91.43000030517578,46.703819274902344,1252800
2005-10-24,91.31999969482422,91.41000366210938,90.48999786376953,90.72000122070312,46.34114074707031,939100
2005-10-25,90.81999969482422,91.05000305175781,89.93000030517578,89.94000244140625,45.94272232055664,632900
2005-10-26,89.44999694824219,89.69999694824219,89.16000366210938,89.27999877929688,45.605567932128906,2895800
2005-10-27,89.5999984741211,89.79000091552734,89.30000305175781,89.5999984741211,45.769065856933594,1197400
2005-10-28,89.72000122070312,89.87999725341797,89.12000274658203,89.61000061035156,45.774131774902344,750400
2005-10-31,89.7699966430664,90.04000091552734,89.58000183105469,89.77999877929688,45.86100387573242,547700
2005-11-01,89.43000030517578,89.6500015258789,89.08999633789062,89.27999877929688,45.808128356933594,647100
2005-11-02,89.08000183105469,89.38999938964844,88.83000183105469,88.86000061035156,45.5926628112793,781100
2005-11-03,88.88999938964844,88.97000122070312,88.23999786376953,88.26000213623047,45.284828186035156,962900
2005-11-04,88.41999816894531,88.63999938964844,87.86000061035156,88.12000274658203,45.21295166015625,1888700
2005-11-07,88.5,88.56999969482422,88.3499984741211,88.41999816894531,45.366886138916016,1121600
2005-11-08,88.88999938964844,89.31999969482422,88.88999938964844,89.27999877929688,45.808128356933594,1396800
2005-11-09,88.77999877929688,88.93000030517578,88.36000061035156,88.36000061035156,45.33611297607422,1140300
2005-11-10,88.72000122070312,89.4800033569336,88.62999725341797,89.44000244140625,45.89020919799805,1695200
2005-11-11,89.5999984741211,89.69999694824219,89.44000244140625,89.48999786376953,45.91591262817383,193700
2005-11-14,89.37999725341797,89.44999694824219,88.62000274658203,88.81999969482422,45.572166442871094,1230100
2005-11-15,88.75,89.6500015258789,88.75,89.4000015258789,45.869693756103516,839800
2005-11-16,89.80000305175781,90.44000244140625,89.75,90.33999633789062,46.35205841064453,1822300
2005-11-17,90.16999816894531,90.9000015258789,90.05000305175781,90.55999755859375,46.46485137939453,1003100
2005-11-18,90.37000274658203,90.44999694824219,90.05999755859375,90.13999938964844,46.2494010925293,734200
2005-11-21,90.33999633789062,90.66000366210938,90.33000183105469,90.41000366210938,46.38789367675781,503300
2005-11-22,90.37000274658203,90.66999816894531,90.3499984741211,90.52999877929688,46.44947814941406,1026900
2005-11-23,90.58999633789062,90.69000244140625,89.86000061035156,90.18000030517578,46.269893646240234,768300
2005-11-25,90.41000366210938,90.54000091552734,90.33999633789062,90.51000213623047,46.439205169677734,421500
2005-11-28,90.5199966430664,91.13999938964844,90.5199966430664,90.95999908447266,46.67014694213867,883400
2005-11-29,91.08000183105469,91.11000061035156,90.02999877929688,90.0999984741211,46.228858947753906,889200
2005-11-30,90.30000305175781,90.30000305175781,89.81999969482422,90.0,46.17756652832031,1642800
2005-12-01,90.0,90.01000213623047,89.18000030517578,89.47000122070312,46.10541534423828,1214800
2005-12-02,89.2699966430664,89.55000305175781,89.1500015258789,89.5,46.120872497558594,746200
2005-12-05,89.3499984741211,89.3499984741211,88.8499984741211,89.0999984741211,45.91470718383789,431100
2005-12-06,89.41000366210938,90.12000274658203,89.31999969482422,90.01000213623047,46.3836555480957,968800
2005-12-07,89.80000305175781,89.91000366210938,89.5199966430664,89.66999816894531,46.20849609375,386600
2005-12-08,89.9800033569336,90.36000061035156,89.80000305175781,90.25,46.50733947753906,976200
2005-12-09,89.9800033569336,90.01000213623047,89.47000122070312,89.54000091552734,46.141510009765625,817400
2005-12-12,89.75,89.75,89.13999938964844,89.37000274658203,46.05388259887695,440500
2005-12-13,89.72000122070312,89.81999969482422,89.37999725341797,89.69999694824219,46.22392654418945,598700
2005-12-14,90.19999694824219,90.81999969482422,90.13999938964844,90.62000274658203,46.698001861572266,635000
2005-12-15,90.44000244140625,90.44000244140625,89.98999786376953,90.4000015258789,46.58466339111328,724300
2005-12-16,90.83000183105469,90.93000030517578,90.55999755859375,90.69999694824219,46.73926544189453,684500
2005-12-19,90.5999984741211,91.0999984741211,90.55999755859375,90.79000091552734,46.785614013671875,469800
2005-12-20,90.58000183105469,90.80000305175781,90.4000015258789,90.68000030517578,46.72895812988281,236000
2005-12-21,90.52999877929688,90.58000183105469,90.29000091552734,90.5199966430664,46.64652633666992,193100
2005-12-22,90.91999816894531,91.30999755859375,90.91000366210938,91.23999786376953,47.01750946044922,692700
2005-12-23,91.19000244140625,92.04000091552734,91.0999984741211,91.80000305175781,47.306114196777344,2295800
2005-12-27,91.97000122070312,92.58999633789062,91.80000305175781,92.55000305175781,47.69260787963867,519500
2005-12-28,92.02999877929688,92.25,91.75,91.91000366210938,47.559600830078125,1295700
2005-12-29,92.02999877929688,92.12999725341797,91.69000244140625,92.11000061035156,47.663063049316406,740600
2005-12-30,92.54000091552734,92.58999633789062,91.69999694824219,91.9000015258789,47.554443359375,1099500
2006-01-03,91.58999633789062,92.25,91.4800033569336,91.77999877929688,47.492313385009766,1392700
2006-01-04,91.54000091552734,92.06999969482422,91.41999816894531,92.0,47.606204986572266,387600
2006-01-05,91.87999725341797,92.13999938964844,91.69999694824219,91.88999938964844,47.549251556396484,453400
2006-01-06,91.7699966430664,91.9000015258789,91.48999786376953,91.72000122070312,47.4613151550293,1193700
2006-01-09,91.69999694824219,91.77999877929688,91.54000091552734,91.77999877929688,47.492313385009766,413600
2006-01-10,91.62999725341797,91.68000030517578,91.02999877929688,91.04000091552734,47.10941696166992,698900
2006-01-11,91.25,91.29000091552734,90.75,90.88999938964844,47.03182601928711,394600
2006-01-12,91.12999725341797,91.5199966430664,91.0,91.5,47.347469329833984,626600
2006-01-13,91.58999633789062,92.30000305175781,91.58000183105469,92.02999877929688,47.621734619140625,491000
2006-01-17,92.0,92.5,91.93000030517578,92.44000244140625,47.833866119384766,454300
2006-01-18,92.76000213623047,92.7699966430664,92.12000274658203,92.41000366210938,47.81834030151367,622100
2006-01-19,92.06999969482422,92.44000244140625,91.95999908447266,92.13999938964844,47.67862319946289,490600
2006-01-20,92.31999969482422,92.4800033569336,92.05000305175781,92.37999725341797,47.80278778076172,842600
2006-01-23,91.80000305175781,92.5,91.7300033569336,92.3499984741211,47.787322998046875,720400
2006-01-24,92.0,92.19000244140625,91.76000213623047,91.9000015258789,47.554443359375,300500
2006-01-25,91.51000213623047,91.56999969482422,90.79000091552734,90.9000015258789,47.03696060180664,1204500
2006-01-26,90.55000305175781,90.5999984741211,90.05000305175781,90.51000213623047,46.83517074584961,764100
2006-01-27,90.80000305175781,90.80000305175781,90.16000366210938,90.51000213623047,46.83517074584961,1091400
2006-01-30,90.30000305175781,90.5,90.23999786376953,90.41999816894531,46.7885856628418,308500
2006-01-31,90.3499984741211,90.7300033569336,90.19999694824219,90.66999816894531,46.91796875,676100
2006-02-01,90.1500015258789,90.45999908447266,89.8499984741211,90.04000091552734,46.757469177246094,622300
2006-02-02,90.04000091552734,90.41000366210938,89.86000061035156,90.20999908447266,46.84577941894531,658500
2006-02-03,90.0,91.0,89.81999969482422,90.8499984741211,47.17812728881836,1524600
2006-02-06,90.9800033569336,91.20999908447266,90.88999938964844,91.02999877929688,47.27162551879883,755100
2006-02-07,91.12000274658203,91.12000274658203,90.5,90.5999984741211,47.04829788208008,280500
2006-02-08,90.87999725341797,90.87999725341797,90.29000091552734,90.38999938964844,46.939247131347656,261700
2006-02-09,90.13999938964844,90.9000015258789,90.05999755859375,90.80000305175781,47.15214538574219,1119200
2006-02-10,91.19999694824219,91.37999725341797,90.23999786376953,90.30000305175781,46.89252471923828,938000
2006-02-13,90.23999786376953,90.36000061035156,90.16000366210938,90.30999755859375,46.89772033691406,218700
2006-02-14,89.9000015258789,90.19999694824219,89.72000122070312,89.98999786376953,46.731529235839844,836100
2006-02-15,90.13999938964844,90.47000122070312,89.87999725341797,90.20999908447266,46.84577941894531,720300
2006-02-16,90.19999694824219,90.30000305175781,90.0,90.2300033569336,46.856170654296875,427800
2006-02-17,90.80000305175781,91.06999969482422,90.80000305175781,90.94999694824219,47.23006057739258,731400
2006-02-21,90.9000015258789,91.0,90.77999877929688,90.80000305175781,47.15214538574219,433300
2006-02-22,91.12000274658203,91.44999694824219,91.08999633789062,91.41999816894531,47.47413635253906,559000
2006-02-23,91.30999755859375,91.30999755859375,90.93000030517578,91.19000244140625,47.35470199584961,288300
2006-02-24,91.44000244140625,91.44000244140625,90.94999694824219,91.05000305175781,47.28199768066406,485700
2006-02-27,91.3499984741211,91.3499984741211,90.7300033569336,90.9000015258789,47.204097747802734,446200
2006-02-28,91.0,91.44000244140625,90.91999816894531,91.3499984741211,47.437774658203125,744200
2006-03-01,90.7699966430664,90.87000274658203,90.37999725341797,90.4800033569336,47.15115737915039,713600
2006-03-02,90.05999755859375,90.0999984741211,89.4000015258789,89.8499984741211,46.82285690307617,1640000
2006-03-03,89.4800033569336,89.55000305175781,89.2300033569336,89.33000183105469,46.55187225341797,1253300
2006-03-06,88.9800033569336,88.98999786376953,88.5,88.55000305175781,46.1453742980957,872700
2006-03-07,88.4000015258789,88.75,88.30999755859375,88.61000061035156,46.17666244506836,1692900
2006-03-08,88.56999969482422,88.87999725341797,88.44999694824219,88.58000183105469,46.16104507446289,1184700
2006-03-09,88.55999755859375,88.66999816894531,88.2699966430664,88.61000061035156,46.17666244506836,282100
2006-03-10,88.31999969482422,88.47000122070312,88.01000213623047,88.27999877929688,46.00469207763672,1086900
2006-03-13,88.13999938964844,88.2699966430664,88.01000213623047,88.20999908447266,45.96820831298828,1740100
2006-03-14,88.44999694824219,88.98999786376953,88.44999694824219,88.80000305175781,46.275638580322266,904400
2006-03-15,88.44000244140625,88.54000091552734,88.1500015258789,88.31999969482422,46.025543212890625,971000
2006-03-16,88.51000213623047,89.33000183105469,88.43000030517578,89.12000274658203,46.44242858886719,1048000
2006-03-17,88.8499984741211,89.0,88.75,88.8499984741211,46.30170440673828,703500
2006-03-20,89.2300033569336,89.23999786376953,88.9800033569336,88.98999786376953,46.37467575073242,576000
2006-03-21,89.1500015258789,89.1500015258789,88.36000061035156,88.52999877929688,46.134925842285156,817200
2006-03-22,88.75,88.9800033569336,88.62999725341797,88.72000122070312,46.233985900878906,205500
2006-03-23,88.81999969482422,88.87000274658203,88.33999633789062,88.44000244140625,46.08807373046875,613400
2006-03-24,88.52999877929688,89.29000091552734,88.5,89.08999633789062,46.426788330078125,954800
2006-03-27,89.05000305175781,89.05000305175781,88.5999984741211,88.76000213623047,46.254817962646484,467100
2006-03-28,88.4000015258789,88.43000030517578,87.83999633789062,87.93000030517578,45.82229995727539,1094900
2006-03-29,87.83000183105469,88.0199966430664,87.37000274658203,87.51000213623047,45.60342025756836,1071700
2006-03-30,87.13999938964844,87.29000091552734,86.58999633789062,86.9000015258789,45.285552978515625,1152000
2006-03-31,86.9800033569336,87.13999938964844,86.80000305175781,86.87000274658203,45.269893646240234,1167700
2006-04-03,86.18000030517578,86.69000244140625,86.08000183105469,86.56999969482422,45.284584045410156,1549700
2006-04-04,86.69999694824219,86.9000015258789,86.36000061035156,86.4800033569336,45.23747253417969,749100
2006-04-05,86.69999694824219,86.77999877929688,86.5,86.5999984741211,45.30024337768555,638600
2006-04-06,86.29000091552734,86.29000091552734,85.76000213623047,85.94000244140625,44.95497512817383,2022100
2006-04-07,85.43000030517578,85.62999725341797,84.9000015258789,85.0999984741211,44.515621185302734,1956500
2006-04-10,85.1500015258789,85.30000305175781,84.95999908447266,85.26000213623047,44.59931564331055,1527100
2006-04-11,85.58000183105469,85.69999694824219,85.33000183105469,85.55999755859375,44.756202697753906,1237300
2006-04-12,85.5999984741211,85.7300033569336,85.0,85.04000091552734,44.48420715332031,1902000
2006-04-13,84.5,84.63999938964844,84.2699966430664,84.44000244140625,44.17036437988281,3219400
2006-04-17,84.54000091552734,84.97000122070312,84.3499984741211,84.75,44.332515716552734,1465400
2006-04-18,84.94999694824219,85.2699966430664,84.73999786376953,84.9000015258789,44.4109992980957,2680300
2006-04-19,84.44999694824219,84.58999633789062,84.05999755859375,84.37999725341797,44.138980865478516,1830300
2006-04-20,84.41999816894531,84.51000213623047,84.12000274658203,84.30999755859375,44.102359771728516,1378200
2006-04-21,84.52999877929688,84.86000061035156,84.25,84.80000305175781,44.35865783691406,1303000
2006-04-24,84.94000244140625,85.38999938964844,84.8499984741211,85.13999938964844,44.536537170410156,991500
2006-04-25,85.04000091552734,85.0999984741211,84.05999755859375,84.12999725341797,44.00822830200195,2067400
2006-04-26,83.8499984741211,84.08000183105469,83.7300033569336,83.98999786376953,43.934974670410156,1544900
2006-04-27,83.75,84.30000305175781,83.6500015258789,84.0999984741211,43.99251174926758,1864200
2006-04-28,83.97000122070312,84.20999908447266,83.76000213623047,84.16000366210938,44.0239143371582,809400
2006-05-01,83.66999816894531,83.68000030517578,83.12000274658203,83.19999694824219,43.69304275512695,1795500
2006-05-02,83.26000213623047,83.54000091552734,83.26000213623047,83.41999816894531,43.808589935302734,1097900
2006-05-03,83.41999816894531,83.43000030517578,82.94000244140625,83.23999786376953,43.71403884887695,1114000
2006-05-04,83.37999725341797,83.4000015258789,83.0999984741211,83.0999984741211,43.6405143737793,977800
2006-05-05,84.0,84.08000183105469,83.48999786376953,83.5999984741211,43.90309143066406,1685900
2006-05-08,83.73999786376953,83.7699966430664,83.52999877929688,83.6500015258789,43.92934799194336,666400
2006-05-09,83.55000305175781,83.68000030517578,83.33000183105469,83.5999984741211,43.90309143066406,341300
2006-05-10,83.80000305175781,84.0199966430664,83.3499984741211,83.75,43.98186492919922,1320200
2006-05-11,83.45999908447266,83.45999908447266,83.08999633789062,83.33999633789062,43.76655960083008,1189800
2006-05-12,82.80999755859375,83.01000213623047,82.55999755859375,82.6500015258789,43.404212951660156,1804700
2006-05-15,82.6500015258789,83.2300033569336,82.6500015258789,82.9800033569336,43.577518463134766,1433500
2006-05-16,83.08000183105469,83.63999938964844,83.08000183105469,83.5999984741211,43.90309143066406,1677600
2006-05-17,82.91000366210938,83.08000183105469,82.72000122070312,83.08000183105469,43.63003158569336,1440800
2006-05-18,83.55000305175781,84.2300033569336,83.52999877929688,84.20999908447266,44.22343063354492,2177700
2006-05-19,84.12000274658203,84.86000061035156,84.08000183105469,84.43000030517578,44.339012145996094,2619500
2006-05-22,84.83999633789062,85.1500015258789,84.4800033569336,84.61000061035156,44.43346405029297,2652000
2006-05-23,84.05000305175781,84.55999755859375,84.02999877929688,84.55999755859375,44.40727615356445,1394900
2006-05-24,84.80999755859375,85.0,84.52999877929688,84.5999984741211,44.42824935913086,1226300
2006-05-25,84.72000122070312,84.7300033569336,84.19000244140625,84.2699966430664,44.25493621826172,678000
2006-05-26,84.23999786376953,84.5,84.20999908447266,84.20999908447266,44.22343063354492,398400
2006-05-30,84.19000244140625,84.30000305175781,84.01000213623047,84.16999816894531,44.202430725097656,482200
2006-05-31,84.33999633789062,84.43000030517578,83.58000183105469,83.66999816894531,43.939849853515625,880700
2006-06-01,83.4000015258789,83.83999633789062,83.3499984741211,83.70999908447266,44.13596725463867,1561100
2006-06-02,84.72000122070312,84.88999938964844,84.5,84.79000091552734,44.705440521240234,2041900
2006-06-05,84.80999755859375,84.81999969482422,84.51000213623047,84.68000030517578,44.647457122802734,1102900
2006-06-06,84.66000366210938,85.18000030517578,84.58999633789062,85.08000183105469,44.85833740234375,2188000
2006-06-07,84.7300033569336,85.0999984741211,84.6500015258789,85.0999984741211,44.86886978149414,1324100
2006-06-08,85.23999786376953,85.77999877929688,85.11000061035156,85.2699966430664,44.958499908447266,3496700
2006-06-09,85.3499984741211,85.81999969482422,85.3499984741211,85.72000122070312,45.195796966552734,657200
2006-06-12,85.68000030517578,85.79000091552734,85.52999877929688,85.79000091552734,45.23265838623047,528700
2006-06-13,85.8499984741211,85.94000244140625,85.55000305175781,85.8499984741211,45.264339447021484,1448300
2006-06-14,85.5,85.55999755859375,84.91000366210938,84.98999786376953,44.810890197753906,1439100
2006-06-15,84.69000244140625,84.83999633789062,84.41000366210938,84.5,44.55255126953125,1734600
2006-06-16,84.69999694824219,84.76000213623047,84.18000030517578,84.30999755859375,44.452354431152344,1184600
2006-06-19,84.20999908447266,84.29000091552734,83.9800033569336,84.19000244140625,44.38908004760742,1233700
2006-06-20,84.12999725341797,84.19000244140625,83.87999725341797,84.05000305175781,44.31525421142578,611400
2006-06-21,84.25,84.25,84.06999969482422,84.06999969482422,44.325801849365234,476000
2006-06-22,83.83999633789062,83.9000015258789,83.55999755859375,83.58999633789062,44.07271194458008,745500
2006-06-23,83.62000274658203,83.7300033569336,83.3499984741211,83.41999816894531,43.98311233520508,675500
2006-06-26,83.41999816894531,83.47000122070312,83.12000274658203,83.26000213623047,43.89871597290039,526100
2006-06-27,83.37999725341797,83.73999786376953,83.37999725341797,83.66999816894531,44.114906311035156,429100
2006-06-28,83.62999725341797,83.62999725341797,83.19000244140625,83.2300033569336,43.88294219970703,381300
2006-06-29,83.58000183105469,83.81999969482422,83.36000061035156,83.51000213623047,44.03055953979492,1609300
2006-06-30,83.5,84.4000015258789,83.5,84.31999969482422,44.45758056640625,1219000
2006-07-03,83.9000015258789,83.95999908447266,83.7300033569336,83.91000366210938,44.41368865966797,716800
2006-07-05,83.4000015258789,83.41999816894531,82.94999694824219,83.23999786376953,44.0590705871582,1289200
2006-07-06,83.33000183105469,83.79000091552734,83.33000183105469,83.75,44.32899475097656,451400
2006-07-07,84.19999694824219,84.45999908447266,84.08000183105469,84.29000091552734,44.61481475830078,1356900
2006-07-10,84.18000030517578,84.4000015258789,84.05000305175781,84.37000274658203,44.65717697143555,480400
2006-07-11,84.58999633789062,84.86000061035156,84.58000183105469,84.63999938964844,44.80006790161133,423800
2006-07-12,84.33000183105469,84.81999969482422,84.2699966430664,84.66000366210938,44.8106803894043,641000
2006-07-13,84.69999694824219,85.05000305175781,84.68000030517578,84.98999786376953,44.9853515625,1347400
2006-07-14,84.81999969482422,85.16000366210938,84.81999969482422,85.04000091552734,45.011802673339844,1343900
2006-07-17,84.97000122070312,85.19000244140625,84.8499984741211,85.16999816894531,45.08061599731445,514100
2006-07-18,84.69999694824219,84.75,84.4000015258789,84.44000244140625,44.6942138671875,621000
2006-07-19,84.33000183105469,85.30000305175781,84.23999786376953,85.23999786376953,45.117652893066406,1267400
2006-07-20,84.97000122070312,85.62999725341797,84.97000122070312,85.48999786376953,45.249996185302734,1320200
2006-07-21,85.5999984741211,85.66999816894531,85.19999694824219,85.33000183105469,45.16529846191406,652100
2006-07-24,85.41000366210938,85.51000213623047,85.20999908447266,85.27999877929688,45.13882827758789,393900
2006-07-25,85.2300033569336,85.37999725341797,84.9000015258789,85.02999877929688,45.00648498535156,948200
2006-07-26,84.91000366210938,85.37000274658203,84.87000274658203,85.33999633789062,45.17058181762695,717100
2006-07-27,85.4800033569336,85.4800033569336,85.12000274658203,85.20999908447266,45.10176467895508,295500
2006-07-28,85.6500015258789,85.88999938964844,85.5999984741211,85.69999694824219,45.36113739013672,769800
2006-07-31,85.62000274658203,85.80999755859375,85.55000305175781,85.80999755859375,45.41933822631836,375100
2006-08-01,85.31999969482422,85.5,85.04000091552734,85.45999908447266,45.41508865356445,577800
2006-08-02,85.37000274658203,85.77999877929688,85.19999694824219,85.77999877929688,45.585147857666016,477400
2006-08-03,85.62999725341797,86.04000091552734,85.5199966430664,85.80000305175781,45.59575653076172,500500
2006-08-04,86.4000015258789,86.4800033569336,86.29000091552734,86.31999969482422,45.872135162353516,1246000
2006-08-07,86.33000183105469,86.38999938964844,86.18000030517578,86.37000274658203,45.89869689941406,1127600
2006-08-08,86.37999725341797,86.56999969482422,86.08999633789062,86.18000030517578,45.79775619506836,844400
2006-08-09,85.75,86.0199966430664,85.70999908447266,85.9000015258789,45.64896011352539,372400
2006-08-10,85.8499984741211,85.8499984741211,85.44999694824219,85.7699966430664,45.57982635498047,539000
2006-08-11,85.47000122070312,85.52999877929688,85.36000061035156,85.4000015258789,45.38323974609375,450800
2006-08-14,85.3499984741211,85.37000274658203,85.19000244140625,85.25,45.30351257324219,662300
2006-08-15,85.77999877929688,86.08999633789062,85.77999877929688,85.97000122070312,45.68614196777344,1093800
2006-08-16,86.56999969482422,86.63999938964844,86.45999908447266,86.55000305175781,45.9943962097168,838900
2006-08-17,86.7699966430664,86.7699966430664,86.41999816894531,86.5199966430664,45.97843933105469,922300
2006-08-18,86.72000122070312,86.91000366210938,86.6500015258789,86.7699966430664,46.111228942871094,1050700
2006-08-21,86.88999938964844,87.08000183105469,86.87000274658203,87.08000183105469,46.27605056762695,676400
2006-08-22,87.0,87.2300033569336,86.97000122070312,87.11000061035156,46.29194259643555,749300
2006-08-23,87.05999755859375,87.23999786376953,86.86000061035156,87.1500015258789,46.31321334838867,801700
2006-08-24,87.41000366210938,87.44000244140625,87.23999786376953,87.30999755859375,46.398216247558594,1206700
2006-08-25,87.23999786376953,87.58999633789062,87.19999694824219,87.44000244140625,46.46733856201172,569000
2006-08-28,87.41000366210938,87.5199966430664,87.23999786376953,87.5199966430664,46.50986862182617,582300
2006-08-29,87.25,87.63999938964844,86.9800033569336,87.63999938964844,46.57360076904297,1345600
2006-08-30,87.83000183105469,87.87000274658203,87.66000366210938,87.87000274658203,46.695831298828125,1180500
2006-08-31,87.73999786376953,88.19999694824219,87.73999786376953,88.08000183105469,46.80742645263672,1272400
2006-09-01,87.62000274658203,87.9000015258789,87.47000122070312,87.76000213623047,46.82344436645508,893400
2006-09-05,87.51000213623047,87.63999938964844,87.16000366210938,87.20999908447266,46.52998352050781,2271300
2006-09-06,86.88999938964844,87.08999633789062,86.72000122070312,87.08999633789062,46.46597671508789,1853400
2006-09-07,86.93000030517578,87.31999969482422,86.73999786376953,87.26000213623047,46.556678771972656,1716100
2006-09-08,87.48999786376953,87.5999984741211,87.33000183105469,87.33000183105469,46.594017028808594,540300
2006-09-11,87.48999786376953,87.48999786376953,86.94999694824219,87.25,46.55134582519531,557600
2006-09-12,87.1500015258789,87.70999908447266,87.0,87.69000244140625,46.78607940673828,820800
2006-09-13,88.02999877929688,88.02999877929688,87.66000366210938,87.7300033569336,46.80744171142578,797000
2006-09-14,87.6500015258789,87.87000274658203,87.41999816894531,87.52999877929688,46.700748443603516,672800
2006-09-15,87.76000213623047,87.94999694824219,87.44999694824219,87.45999908447266,46.663368225097656,1047200
2006-09-18,86.97000122070312,87.37999725341797,86.97000122070312,87.31999969482422,46.588680267333984,871400
2006-09-19,87.86000061035156,88.30000305175781,87.83999633789062,88.30000305175781,47.11153793334961,1229600
2006-09-20,88.37999725341797,88.4800033569336,88.13999938964844,88.43000030517578,47.18089294433594,827400
2006-09-21,88.3499984741211,89.27999877929688,88.3499984741211,89.23999786376953,47.61304473876953,1698600
2006-09-22,89.31999969482422,89.69999694824219,89.31999969482422,89.68000030517578,47.84781265258789,1428600
2006-09-25,89.83999633789062,90.30999755859375,89.80999755859375,90.30999755859375,48.18398666381836,2607600
2006-09-26,90.0,90.0999984741211,89.81999969482422,89.93000030517578,47.98122024536133,2200000
2006-09-27,90.25,90.27999877929688,89.62999725341797,89.66999816894531,47.84249496459961,1165400
2006-09-28,89.43000030517578,89.58999633789062,89.2699966430664,89.5199966430664,47.76249694824219,1796800
2006-09-29,89.69000244140625,89.7300033569336,89.08999633789062,89.41000366210938,47.70378494262695,1398000
2006-10-02,89.0999984741211,89.44999694824219,88.97000122070312,89.30000305175781,47.834476470947266,1211900
2006-10-03,89.4000015258789,89.44000244140625,89.1500015258789,89.18000030517578,47.77019119262695,854900
2006-10-04,89.33000183105469,89.8499984741211,89.33000183105469,89.83000183105469,48.118370056152344,1155500
2006-10-05,89.54000091552734,89.54000091552734,88.94999694824219,89.19999694824219,47.7808952331543,1241600
2006-10-06,89.08999633789062,89.0999984741211,88.22000122070312,88.2699966430664,47.282752990722656,2472400
2006-10-09,88.0999984741211,88.5999984741211,88.01000213623047,88.51000213623047,47.411277770996094,834900
2006-10-10,87.94999694824219,88.11000061035156,87.62999725341797,87.80999755859375,47.03632736206055,1398700
2006-10-11,87.94999694824219,88.02999877929688,87.41999816894531,87.55000305175781,46.8970832824707,1521600
2006-10-12,87.62999725341797,87.7699966430664,87.4800033569336,87.5999984741211,46.923858642578125,586400
2006-10-13,87.29000091552734,87.36000061035156,87.11000061035156,87.16000366210938,46.68818664550781,1414100
2006-10-16,87.4000015258789,87.55999755859375,87.37000274658203,87.55000305175781,46.8970832824707,897600
2006-10-17,87.87999725341797,88.05000305175781,87.51000213623047,87.62000274658203,46.934593200683594,730800
2006-10-18,87.69000244140625,87.87999725341797,87.55000305175781,87.80000305175781,47.0309944152832,499600
2006-10-19,87.58999633789062,87.76000213623047,87.36000061035156,87.63999938964844,46.94526290893555,797300
2006-10-20,87.61000061035156,87.69999694824219,87.55000305175781,87.55000305175781,46.8970832824707,280700
2006-10-23,87.1500015258789,87.20999908447266,86.87999725341797,87.19999694824219,46.7095832824707,1200600
2006-10-24,87.16999816894531,87.25,87.1500015258789,87.19999694824219,46.7095832824707,243400
2006-10-25,87.2699966430664,87.97000122070312,87.2300033569336,87.88999938964844,47.07919692993164,558400
2006-10-26,88.1500015258789,88.5199966430664,88.1500015258789,88.45999908447266,47.38454055786133,1558300
2006-10-27,89.0199966430664,89.05000305175781,88.69999694824219,88.87000274658203,47.604129791259766,1601500
2006-10-30,88.88999938964844,89.12000274658203,88.83999633789062,89.12000274658203,47.73806381225586,901200
2006-10-31,89.25,89.87000274658203,89.13999938964844,89.80999755859375,48.10765838623047,964600
2006-11-01,89.61000061035156,90.12000274658203,89.44999694824219,89.95999908447266,48.37384033203125,1440100
2006-11-02,89.62999725341797,89.7699966430664,89.4800033569336,89.58999633789062,48.174869537353516,853300
2006-11-03,88.66999816894531,88.83999633789062,88.30000305175781,88.52999877929688,47.60487747192383,1534100
2006-11-06,88.3499984741211,88.79000091552734,88.3499984741211,88.79000091552734,47.74469757080078,528000
2006-11-07,89.27999877929688,89.51000213623047,89.12000274658203,89.19999694824219,47.96513366699219,525900
2006-11-08,89.23999786376953,89.5199966430664,89.08999633789062,89.5199966430664,48.13725280761719,706300
2006-11-09,89.47000122070312,89.58999633789062,89.37999725341797,89.47000122070312,48.11037063598633,729600
2006-11-10,89.6500015258789,90.04000091552734,89.6500015258789,89.86000061035156,48.3200569152832,738100
2006-11-13,89.83999633789062,89.83999633789062,89.47000122070312,89.83999633789062,48.30931091308594,462400
2006-11-14,90.33999633789062,90.38999938964844,90.12000274658203,90.19000244140625,48.497501373291016,916400
2006-11-15,90.05000305175781,90.05000305175781,89.73999786376953,89.8499984741211,48.314697265625,1803200
2006-11-16,90.0,90.05000305175781,89.27999877929688,89.44000244140625,48.09423828125,1494400
2006-11-17,89.55999755859375,90.22000122070312,89.51000213623047,89.94999694824219,48.36844253540039,1752000
2006-11-20,90.0,90.12000274658203,89.86000061035156,90.08999633789062,48.44371032714844,857200
2006-11-21,90.13999938964844,90.38999938964844,89.95999908447266,90.30999755859375,48.56206130981445,605100
2006-11-22,90.36000061035156,90.51000213623047,90.2699966430664,90.45999908447266,48.6426887512207,770300
2006-11-24,90.75,90.9000015258789,90.62000274658203,90.62000274658203,48.72871780395508,533400
2006-11-27,90.2300033569336,90.94999694824219,90.12000274658203,90.94999694824219,48.90616989135742,784500
2006-11-28,91.23999786376953,91.25,90.76000213623047,91.13999938964844,49.008365631103516,1466300
2006-11-29,91.30000305175781,91.36000061035156,90.91000366210938,90.93000030517578,48.89547348022461,1206400
2006-11-30,91.2699966430664,91.62999725341797,91.13999938964844,91.52999877929688,49.218055725097656,1428600
2006-12-01,91.27999877929688,91.80000305175781,91.1500015258789,91.41999816894531,49.343265533447266,1156000
2006-12-04,91.30000305175781,91.62000274658203,91.22000122070312,91.58000183105469,49.42961502075195,460700
2006-12-05,91.36000061035156,91.5199966430664,91.0,91.1500015258789,49.19758224487305,1833700
2006-12-06,91.02999877929688,91.18000030517578,90.88999938964844,90.97000122070312,49.10041046142578,936100
2006-12-07,90.98999786376953,91.08999633789062,90.75,90.9000015258789,49.06259536743164,739200
2006-12-08,90.8499984741211,90.97000122070312,90.19000244140625,90.23999786376953,48.706382751464844,2090300
2006-12-11,90.62999725341797,90.73999786376953,90.51000213623047,90.62999725341797,48.916873931884766,727700
2006-12-12,90.7300033569336,90.97000122070312,90.44999694824219,90.81999969482422,49.0194206237793,802800
2006-12-13,90.30999755859375,90.3499984741211,89.81999969482422,90.01000213623047,48.58224105834961,1217900
2006-12-14,89.81999969482422,89.9000015258789,89.5999984741211,89.68000030517578,48.40414047241211,687600
2006-12-15,90.58000183105469,90.66000366210938,89.5999984741211,89.7300033569336,48.43110275268555,1162100
2006-12-18,89.72000122070312,89.83999633789062,89.58999633789062,89.76000213623047,48.44731903076172,441400
2006-12-19,89.51000213623047,89.80999755859375,89.51000213623047,89.63999938964844,48.382545471191406,930700
2006-12-20,89.6500015258789,89.68000030517578,89.55000305175781,89.62999725341797,48.37714385986328,336800
2006-12-21,89.70999908447266,90.19000244140625,89.5999984741211,90.08000183105469,48.62000274658203,770700
2006-12-22,89.83000183105469,89.8499984741211,89.20999908447266,89.38999938964844,48.24760437011719,1433200
2006-12-26,89.44999694824219,89.69000244140625,89.36000061035156,89.66000366210938,48.39335250854492,496200
2006-12-27,89.27999877929688,89.33000183105469,88.69999694824219,88.69999694824219,48.03751754760742,840700
2006-12-28,88.9000015258789,88.95999908447266,88.05999755859375,88.5,47.92920684814453,1080200
2006-12-29,88.3499984741211,88.55000305175781,88.20999908447266,88.43000030517578,47.89130401611328,775500
2007-01-03,89.22000122070312,89.45999908447266,88.66000366210938,89.05999755859375,48.23249816894531,1870400
2007-01-04,89.22000122070312,89.6500015258789,89.22000122070312,89.5999984741211,48.524932861328125,1697000
2007-01-05,88.80000305175781,89.4000015258789,88.75,89.20999908447266,48.313751220703125,1298400
2007-01-08,89.12000274658203,89.37000274658203,89.05000305175781,89.37000274658203,48.400386810302734,414200
2007-01-09,89.4800033569336,89.4800033569336,89.22000122070312,89.37000274658203,48.400386810302734,481500
2007-01-10,89.06999969482422,89.12999725341797,88.87999725341797,88.97000122070312,48.18375015258789,519600
2007-01-11,88.79000091552734,88.80000305175781,88.26000213623047,88.44999694824219,47.90212631225586,1293500
2007-01-12,88.1500015258789,88.83999633789062,87.9000015258789,88.04000091552734,47.680084228515625,846300
2007-01-16,88.2300033569336,88.23999786376953,88.02999877929688,88.2300033569336,47.782981872558594,702800
2007-01-17,88.20999908447266,88.2699966430664,87.81999969482422,87.95999908447266,47.63676452636719,724200
2007-01-18,87.94000244140625,88.27999877929688,87.77999877929688,88.2300033569336,47.782981872558594,918300
2007-01-19,88.1500015258789,88.1500015258789,87.87000274658203,87.98999786376953,47.65304183959961,882500
2007-01-22,88.1500015258789,88.33000183105469,88.12000274658203,88.19999694824219,47.76673889160156,432000
2007-01-23,88.0199966430664,88.05000305175781,87.56999969482422,87.62000274658203,47.4526252746582,1096800
2007-01-24,87.66000366210938,87.69999694824219,87.5,87.61000061035156,47.447166442871094,463700
2007-01-25,87.44999694824219,87.47000122070312,86.87999725341797,86.9800033569336,47.10602951049805,1397000
2007-01-26,86.77999877929688,87.08000183105469,86.6500015258789,86.91000366210938,47.06815719604492,1576800
2007-01-29,87.05999755859375,87.0999984741211,86.5999984741211,86.72000122070312,46.96523666381836,1015300
2007-01-30,86.88999938964844,86.91000366210938,86.76000213623047,86.81999969482422,47.01935577392578,1295100
2007-01-31,86.69999694824219,87.61000061035156,86.69999694824219,87.55000305175781,47.41474914550781,2078000
2007-02-01,87.6500015258789,87.76000213623047,87.0,87.08999633789062,47.35762405395508,986200
2007-02-02,87.08000183105469,87.38999938964844,87.08000183105469,87.19999694824219,47.41743087768555,814700
2007-02-05,87.4000015258789,87.45999908447266,87.16000366210938,87.31999969482422,47.482696533203125,395500
2007-02-06,87.19999694824219,87.83000183105469,87.16000366210938,87.80000305175781,47.74372863769531,770500
2007-02-07,87.9000015258789,88.12000274658203,87.83999633789062,88.05999755859375,47.88508605957031,836200
2007-02-08,87.98999786376953,88.30999755859375,87.91000366210938,88.12999725341797,47.92316436767578,980200
2007-02-09,87.88999938964844,87.91999816894531,87.55000305175781,87.62999725341797,47.651241302490234,878300
2007-02-12,87.48999786376953,87.6500015258789,87.33000183105469,87.43000030517578,47.542518615722656,467600
2007-02-13,87.48999786376953,87.48999786376953,87.19999694824219,87.23999786376953,47.439205169677734,1310600
2007-02-14,87.5199966430664,88.19000244140625,87.5199966430664,88.06999969482422,47.89052963256836,2262500
2007-02-15,88.52999877929688,88.58000183105469,88.33000183105469,88.33000183105469,48.03193283081055,893800
2007-02-16,88.58999633789062,88.72000122070312,88.4800033569336,88.63999938964844,48.200477600097656,1476700
2007-02-20,88.5,88.8499984741211,88.5,88.83999633789062,48.3092155456543,847400
2007-02-21,88.52999877929688,88.69999694824219,88.4800033569336,88.69000244140625,48.22766876220703,379800
2007-02-22,88.41000366210938,88.44999694824219,88.08999633789062,88.20999908447266,47.9666633605957,485200
2007-02-23,88.52999877929688,88.94000244140625,88.48999786376953,88.83999633789062,48.3092155456543,735700
2007-02-26,89.1500015258789,89.44000244140625,89.11000061035156,89.43000030517578,48.630062103271484,763400
2007-02-27,89.73999786376953,91.26000213623047,89.5999984741211,90.55999755859375,49.2445068359375,3243200
2007-02-28,90.16000366210938,90.47000122070312,89.88999938964844,90.1500015258789,49.021583557128906,1701900
2007-03-01,90.27999877929688,90.43000030517578,89.6500015258789,89.75,48.990447998046875,2423900
2007-03-02,89.95999908447266,90.4800033569336,89.66999816894531,90.19999694824219,49.23610305786133,1619800
2007-03-05,90.4800033569336,90.5,90.05999755859375,90.3499984741211,49.3179817199707,1505200
2007-03-06,90.05999755859375,90.36000061035156,89.98999786376953,90.08000183105469,49.17061233520508,837400
2007-03-07,90.08000183105469,90.5,89.9800033569336,90.43000030517578,49.36162185668945,915400
2007-03-08,90.29000091552734,90.41999816894531,90.11000061035156,90.3499984741211,49.3179817199707,574700
2007-03-09,89.37999725341797,89.9000015258789,89.19000244140625,89.4000015258789,48.799442291259766,1534700
2007-03-12,89.7300033569336,89.9800033569336,89.68000030517578,89.75,48.990447998046875,594400
2007-03-13,90.2300033569336,90.33999633789062,89.9800033569336,90.29000091552734,49.28523635864258,553800
2007-03-14,90.1500015258789,90.54000091552734,89.83999633789062,89.87999725341797,49.061431884765625,1698100
2007-03-15,89.76000213623047,89.95999908447266,89.66999816894531,89.87000274658203,49.055973052978516,394900
2007-03-16,89.66999816894531,89.91999816894531,89.6500015258789,89.8499984741211,49.045047760009766,623800
2007-03-19,89.58000183105469,89.69999694824219,89.5199966430664,89.66000366210938,48.941341400146484,693900
2007-03-20,89.91000366210938,89.94999694824219,89.69000244140625,89.70999908447266,48.968658447265625,768400
2007-03-21,89.37999725341797,90.08999633789062,88.69000244140625,89.75,48.990447998046875,1513400
2007-03-22,89.4800033569336,89.4800033569336,88.83000183105469,89.04000091552734,48.60289001464844,1484300
2007-03-23,89.19000244140625,89.19999694824219,88.77999877929688,88.79000091552734,48.46641159057617,1679700
2007-03-26,88.62000274658203,89.2699966430664,88.5,88.9000015258789,48.52647018432617,763600
2007-03-27,88.63999938964844,88.80999755859375,88.55999755859375,88.75,48.44461441040039,619800
2007-03-28,88.91000366210938,89.11000061035156,88.41000366210938,88.56999969482422,48.34634017944336,816900
2007-03-29,88.54000091552734,88.66999816894531,88.31999969482422,88.44999694824219,48.280818939208984,823000
2007-03-30,88.6500015258789,88.91999816894531,88.22000122070312,88.27999877929688,48.18805694580078,2015100
2007-04-02,88.11000061035156,88.22000122070312,88.01000213623047,88.0999984741211,48.268043518066406,579600
2007-04-03,88.0199966430664,88.16999816894531,87.9800033569336,87.98999786376953,48.20780944824219,617000
2007-04-04,88.16999816894531,88.33999633789062,87.9000015258789,88.08000183105469,48.25707244873047,576900
2007-04-05,88.0999984741211,88.12000274658203,87.70999908447266,87.75,48.07630920410156,436400
2007-04-09,87.27999877929688,87.30999755859375,87.12999725341797,87.16999816894531,47.75852584838867,1283900
2007-04-10,87.38999938964844,87.55000305175781,87.30999755859375,87.43000030517578,47.90095901489258,674400
2007-04-11,87.47000122070312,87.58000183105469,87.27999877929688,87.37000274658203,47.868133544921875,476200
2007-04-12,87.5,87.56999969482422,87.27999877929688,87.38999938964844,47.8790397644043,495100
2007-04-13,87.41000366210938,87.47000122070312,87.01000213623047,87.12000274658203,47.73115921020508,557800
2007-04-16,87.4000015258789,87.68000030517578,87.4000015258789,87.5999984741211,47.994102478027344,833600
2007-04-17,87.88999938964844,88.16000366210938,87.83999633789062,88.08999633789062,48.26259231567383,1254200
2007-04-18,88.37000274658203,88.55999755859375,88.36000061035156,88.52999877929688,48.503631591796875,450800
2007-04-19,88.66000366210938,88.70999908447266,88.19999694824219,88.37999725341797,48.421478271484375,1305900
2007-04-20,88.44999694824219,88.44999694824219,88.05999755859375,88.1500015258789,48.29548645019531,664500
2007-04-23,88.13999938964844,88.58999633789062,88.04000091552734,88.47000122070312,48.470767974853516,419000
2007-04-24,88.44999694824219,88.81999969482422,88.44999694824219,88.80000305175781,48.65155029296875,881300
2007-04-25,88.56999969482422,88.79000091552734,88.11000061035156,88.48999786376953,48.48170471191406,569000
2007-04-26,88.43000030517578,88.43000030517578,87.8499984741211,87.8499984741211,48.13106918334961,2048400
2007-04-27,88.01000213623047,88.05000305175781,87.77999877929688,87.83000183105469,48.120121002197266,428700
2007-04-30,88.33000183105469,88.75,88.25,88.75,48.62417221069336,485700
2007-05-01,88.58000183105469,88.63999938964844,88.11000061035156,88.48999786376953,48.65934753417969,487200
2007-05-02,88.44000244140625,88.4800033569336,88.29000091552734,88.44000244140625,48.631874084472656,443900
2007-05-03,88.37000274658203,88.37000274658203,88.01000213623047,88.23999786376953,48.52186584472656,427000
2007-05-04,88.5199966430664,88.63999938964844,88.5,88.5999984741211,48.7198486328125,262000
2007-05-07,88.69999694824219,88.8499984741211,88.66999816894531,88.83999633789062,48.85182571411133,210200
2007-05-08,89.01000213623047,89.01000213623047,88.63999938964844,88.63999938964844,48.741844177246094,488400
2007-05-09,88.6500015258789,88.66000366210938,88.26000213623047,88.29000091552734,48.54938888549805,634900
2007-05-10,88.4000015258789,88.58999633789062,88.30999755859375,88.5,48.66487503051758,519500
2007-05-11,88.63999938964844,88.69999694824219,88.12999725341797,88.19000244140625,48.49443435668945,1238400
2007-05-14,88.2300033569336,88.27999877929688,87.95999908447266,87.95999908447266,48.3679084777832,315200
2007-05-15,88.19000244140625,88.20999908447266,87.66000366210938,87.93000030517578,48.35142135620117,382400
2007-05-16,87.86000061035156,88.0,87.83000183105469,87.87000274658203,48.31843566894531,599500
2007-05-17,87.5999984741211,87.72000122070312,87.41000366210938,87.51000213623047,48.12045669555664,397000
2007-05-18,87.3499984741211,87.5,86.87999725341797,86.93000030517578,47.80155563354492,856500
2007-05-21,86.93000030517578,87.23999786376953,86.83000183105469,87.19000244140625,47.94450759887695,821100
2007-05-22,87.18000030517578,87.19999694824219,86.68000030517578,86.73999786376953,47.697059631347656,920200
2007-05-23,86.83999633789062,86.83999633789062,86.30999755859375,86.48999786376953,47.55963134765625,914500
2007-05-24,86.45999908447266,86.58999633789062,85.95999908447266,86.56999969482422,47.60359573364258,1598200
2007-05-25,86.4000015258789,86.61000061035156,86.33000183105469,86.37000274658203,47.49360275268555,754900
2007-05-29,86.51000213623047,86.56999969482422,85.83000183105469,86.36000061035156,47.488121032714844,1055700
2007-05-30,86.79000091552734,86.79000091552734,86.38999938964844,86.54000091552734,47.58710479736328,612000
2007-05-31,86.55999755859375,86.58000183105469,86.04000091552734,86.37999725341797,47.49909210205078,1725900
2007-06-01,85.9000015258789,86.83999633789062,85.54000091552734,85.58999633789062,47.249542236328125,1694300
2007-06-04,85.83000183105469,86.0199966430664,85.66999816894531,85.9800033569336,47.464881896972656,877700
2007-06-05,85.88999938964844,85.94000244140625,85.37999725341797,85.44000244140625,47.166770935058594,1145400
2007-06-06,85.36000061035156,85.54000091552734,85.26000213623047,85.4000015258789,47.14469528198242,1129200
2007-06-07,84.62999725341797,84.70999908447266,83.7300033569336,83.87000274658203,46.30010223388672,5010400
2007-06-08,83.61000061035156,84.12000274658203,83.36000061035156,83.80000305175781,46.261417388916016,5307600
2007-06-11,83.48999786376953,83.88999938964844,83.26000213623047,83.55999755859375,46.12895584106445,2043800
2007-06-12,82.91000366210938,83.41999816894531,82.19999694824219,82.3499984741211,45.460933685302734,9043900
2007-06-13,82.69999694824219,83.76000213623047,82.6500015258789,83.33000183105469,46.001953125,8751200
2007-06-14,83.13999938964844,83.70999908447266,83.05000305175781,83.12000274658203,45.88604736328125,3384700
2007-06-15,83.41999816894531,83.7300033569336,83.19999694824219,83.69000244140625,46.20069122314453,5827200
2007-06-18,83.62999725341797,83.6500015258789,82.23999786376953,83.5199966430664,46.106849670410156,17704600
2007-06-19,83.81999969482422,84.44999694824219,83.72000122070312,84.30000305175781,46.537437438964844,4620100
2007-06-20,84.0199966430664,84.08000183105469,83.58999633789062,83.62000274658203,46.162052154541016,3031700
2007-06-21,83.54000091552734,83.69999694824219,83.20999908447266,83.22000122070312,45.94121551513672,850400
2007-06-22,83.05000305175781,83.7699966430664,82.94999694824219,83.76000213623047,46.239376068115234,2118900
2007-06-25,84.1500015258789,84.3499984741211,83.95999908447266,84.22000122070312,46.493289947509766,1323500
2007-06-26,84.29000091552734,84.31999969482422,83.97000122070312,84.23999786376953,46.50428771972656,2187800
2007-06-27,84.61000061035156,84.73999786376953,84.19999694824219,84.31999969482422,46.5484504699707,6109300
2007-06-28,84.31999969482422,84.58000183105469,84.18000030517578,84.30000305175781,46.537437438964844,3612500
2007-06-29,84.8499984741211,85.30000305175781,84.63999938964844,85.16999816894531,47.01772689819336,1962200
2007-07-02,84.80999755859375,85.37000274658203,84.80999755859375,85.29000091552734,47.264888763427734,2811700
2007-07-03,85.25,85.33999633789062,84.70999908447266,84.7699966430664,46.97673416137695,1387500
2007-07-05,84.30999755859375,84.41999816894531,83.72000122070312,83.81999969482422,46.45023727416992,4586800
2007-07-06,83.54000091552734,83.55000305175781,83.27999877929688,83.4800033569336,46.261844635009766,1437800
2007-07-09,83.87000274658203,83.93000030517578,83.68000030517578,83.77999877929688,46.42808151245117,795400
2007-07-10,84.4800033569336,85.19999694824219,84.43000030517578,85.19999694824219,47.21500778198242,2258000
2007-07-11,84.94999694824219,85.08999633789062,84.31999969482422,84.31999969482422,46.727317810058594,1191300
2007-07-12,84.55000305175781,84.58000183105469,83.87000274658203,84.02999877929688,46.56662368774414,1941200
2007-07-13,84.44999694824219,84.55000305175781,83.94000244140625,84.26000213623047,46.6940803527832,725900
2007-07-16,84.5199966430664,85.11000061035156,84.5199966430664,85.06999969482422,47.14295959472656,952000
2007-07-17,84.86000061035156,85.08999633789062,84.5,84.88999938964844,47.043182373046875,734200
2007-07-18,84.93000030517578,85.54000091552734,84.80999755859375,85.20999908447266,47.22056198120117,1836800
2007-07-19,84.9000015258789,85.26000213623047,84.80000305175781,85.19000244140625,47.20947265625,1021000
2007-07-20,85.37999725341797,86.08000183105469,85.31999969482422,85.95999908447266,47.63618469238281,1459900
2007-07-23,85.69000244140625,85.97000122070312,85.69000244140625,85.81999969482422,47.55860900878906,777900
2007-07-24,86.01000213623047,86.16000366210938,85.72000122070312,86.13999938964844,47.73588180541992,1351600
2007-07-25,86.06999969482422,86.38999938964844,86.0,86.30999755859375,47.83013153076172,881100
2007-07-26,86.73999786376953,87.45999908447266,86.6500015258789,87.02999877929688,48.22910690307617,2866400
2007-07-27,87.05000305175781,87.55999755859375,86.8499984741211,87.27999877929688,48.367652893066406,5367800
2007-07-30,87.19000244140625,87.36000061035156,86.91000366210938,87.02999877929688,48.22910690307617,1803900
2007-07-31,87.12999725341797,87.75,86.94999694824219,87.66000366210938,48.578250885009766,2467600
2007-08-01,87.26000213623047,87.54000091552734,87.08999633789062,87.12999725341797,48.473121643066406,2154700
2007-08-02,87.20999908447266,87.44999694824219,86.98999786376953,87.3499984741211,48.5954704284668,2079400
2007-08-03,87.27999877929688,87.93000030517578,87.27999877929688,87.93000030517578,48.91818618774414,1577600
2007-08-06,87.69999694824219,87.72000122070312,87.16999816894531,87.29000091552734,48.5621452331543,1298400
2007-08-07,87.43000030517578,87.70999908447266,86.91999816894531,87.22000122070312,48.52322769165039,1890800
2007-08-08,86.88999938964844,86.88999938964844,85.86000061035156,86.16000366210938,47.93349075317383,6453000
2007-08-09,86.75,86.86000061035156,85.72000122070312,86.27999877929688,48.00023651123047,2637500
2007-08-10,86.48999786376953,86.69999694824219,85.9800033569336,86.08000183105469,47.88896560668945,1496400
2007-08-13,85.91999816894531,86.4000015258789,85.9000015258789,86.33000183105469,48.028045654296875,1312600
2007-08-14,86.0199966430664,86.77999877929688,86.01000213623047,86.55999755859375,48.15604019165039,1314700
2007-08-15,86.6500015258789,86.75,86.25,86.25,47.98353576660156,1101700
2007-08-16,86.87000274658203,87.5999984741211,86.76000213623047,87.13999938964844,48.47867965698242,2410200
2007-08-17,86.4000015258789,86.91000366210938,86.05000305175781,86.79000091552734,48.28398895263672,2114400
2007-08-20,86.95999908447266,87.2699966430664,86.83000183105469,86.83999633789062,48.31177520751953,1048700
2007-08-21,87.0999984741211,87.41000366210938,87.05000305175781,87.26000213623047,48.54542922973633,1517200
2007-08-22,87.05000305175781,87.30999755859375,86.80999755859375,87.12000274658203,48.46757507324219,1137800
2007-08-23,87.08999633789062,87.68000030517578,87.02999877929688,87.41999816894531,48.63444137573242,1618800
2007-08-24,87.7699966430664,88.08000183105469,87.55999755859375,87.8499984741211,48.873695373535156,1614600
2007-08-27,88.27999877929688,88.4800033569336,88.1500015258789,88.30999755859375,49.129600524902344,1585400
2007-08-28,88.43000030517578,88.73999786376953,88.27999877929688,88.45999908447266,49.21303176879883,1298900
2007-08-29,88.48999786376953,88.7699966430664,88.16000366210938,88.22000122070312,49.07948684692383,2686700
2007-08-30,88.61000061035156,88.95999908447266,88.47000122070312,88.80999755859375,49.40774154663086,1806800
2007-08-31,88.58999633789062,89.19999694824219,88.54000091552734,88.87999725341797,49.44668197631836,2763200
2007-09-04,88.83000183105469,89.12999725341797,88.19999694824219,88.55999755859375,49.47016525268555,931000
2007-09-05,88.76000213623047,89.3499984741211,88.72000122070312,89.2699966430664,49.86677551269531,1271500
2007-09-06,89.30999755859375,89.48999786376953,88.94999694824219,89.04000091552734,49.73826599121094,1768400
2007-09-07,89.75,90.5,89.69000244140625,90.30000305175781,50.44214630126953,2852200
2007-09-10,90.5,91.2699966430664,90.5,91.0,50.83313751220703,2495200
2007-09-11,90.87999725341797,91.2699966430664,90.69999694824219,90.93000030517578,50.7940673828125,3925400
2007-09-12,90.9000015258789,90.94000244140625,90.41999816894531,90.58999633789062,50.604129791259766,4458300
2007-09-13,90.30000305175781,90.33000183105469,89.58000183105469,89.77999877929688,50.15168380737305,2020600
2007-09-14,90.58000183105469,90.58999633789062,89.62000274658203,89.91000366210938,50.22429656982422,1357200
2007-09-17,89.81999969482422,90.38999938964844,89.76000213623047,90.33999633789062,50.46441650390625,1285400
2007-09-18,89.80000305175781,90.23999786376953,89.0,89.66000366210938,50.0846061706543,3132800
2007-09-19,88.70999908447266,89.01000213623047,88.37000274658203,88.83000183105469,49.62095642089844,3854700
2007-09-20,88.18000030517578,88.29000091552734,87.0999984741211,87.1500015258789,48.682498931884766,5903200
2007-09-21,87.58000183105469,88.12999725341797,87.58000183105469,87.88999938964844,49.09585952758789,2217600
2007-09-24,88.02999877929688,88.27999877929688,87.91000366210938,88.13999938964844,49.23555374145508,1943600
2007-09-25,88.5,88.62000274658203,87.83000183105469,87.83000183105469,49.06237030029297,2513500
2007-09-26,87.62000274658203,88.12999725341797,87.43000030517578,87.91000366210938,49.1070442199707,2646400
2007-09-27,88.23999786376953,88.77999877929688,88.1500015258789,88.5199966430664,49.44779586791992,1802900
2007-09-28,89.16000366210938,89.33000183105469,88.22000122070312,88.72000122070312,49.559532165527344,1254700
2007-10-01,88.69000244140625,88.9800033569336,88.43000030517578,88.87999725341797,49.84275436401367,1399400
2007-10-02,88.75,89.37000274658203,88.68000030517578,89.16000366210938,49.999759674072266,887800
2007-10-03,89.33000183105469,89.43000030517578,88.7300033569336,88.9000015258789,49.85392379760742,1164600
2007-10-04,89.01000213623047,89.31999969482422,88.91000366210938,89.23999786376953,50.04460525512695,1128700
2007-10-05,88.30999755859375,88.44000244140625,87.70999908447266,88.27999877929688,49.506248474121094,2184700
2007-10-08,87.7699966430664,88.5,87.7699966430664,88.20999908447266,49.46699905395508,280100
2007-10-09,88.16000366210938,88.36000061035156,87.77999877929688,88.0999984741211,49.40533447265625,901000
2007-10-10,87.9800033569336,88.43000030517578,87.79000091552734,88.1500015258789,49.43335723876953,855500
2007-10-11,87.5199966430664,88.08999633789062,87.44999694824219,88.05999755859375,49.38288879394531,1533400
2007-10-12,87.5199966430664,88.18000030517578,87.4800033569336,87.62999725341797,49.1417350769043,1133900
2007-10-15,87.4800033569336,87.72000122070312,87.4000015258789,87.6500015258789,49.152950286865234,553300
2007-10-16,87.6500015258789,87.9800033569336,87.54000091552734,87.68000030517578,49.16976547241211,855500
2007-10-17,87.7699966430664,88.94999694824219,87.7699966430664,88.63999938964844,49.70814895629883,2377000
2007-10-18,89.11000061035156,89.33999633789062,89.0199966430664,89.12999725341797,49.98291778564453,1374100
2007-10-19,89.62999725341797,90.5999984741211,89.61000061035156,90.45999908447266,50.7287712097168,2561800
2007-10-22,90.58000183105469,90.6500015258789,90.06999969482422,90.47000122070312,50.73438262939453,1866500
2007-10-23,90.26000213623047,90.5199966430664,90.0999984741211,90.3499984741211,50.66706848144531,1046600
2007-10-24,90.70999908447266,91.38999938964844,90.55999755859375,91.0199966430664,51.042789459228516,2829300
2007-10-25,91.05999755859375,91.18000030517578,90.69999694824219,90.70999908447266,50.86895751953125,3062200
2007-10-26,90.37000274658203,91.0,90.33999633789062,90.5,50.7512092590332,1366500
2007-10-29,90.5,90.98999786376953,90.4800033569336,90.8499984741211,50.947452545166016,881000
2007-10-30,90.7300033569336,91.01000213623047,90.41999816894531,90.80000305175781,50.9194450378418,1439600
2007-10-31,90.5,90.69999694824219,89.75,89.9800033569336,50.45957946777344,2498500
2007-11-01,89.95999908447266,91.01000213623047,89.95999908447266,90.75,51.115203857421875,2563400
2007-11-02,90.44999694824219,91.54000091552734,90.20999908447266,91.04000091552734,51.278564453125,1927700
2007-11-05,91.16000366210938,91.38999938964844,90.80000305175781,91.0,51.256004333496094,1021500
2007-11-06,90.5999984741211,91.1500015258789,90.4800033569336,90.55999755859375,51.00815200805664,575800
2007-11-07,90.54000091552734,90.76000213623047,90.31999969482422,90.72000122070312,51.09831619262695,1456100
2007-11-08,90.6500015258789,90.94000244140625,90.43000030517578,90.55999755859375,51.00815200805664,2179600
2007-11-09,91.04000091552734,91.58999633789062,90.93000030517578,91.33000183105469,51.44193649291992,887200
2007-11-12,91.98999786376953,91.98999786376953,91.3499984741211,91.66000366210938,51.62777328491211,460600
2007-11-13,91.41999816894531,91.48999786376953,91.16999816894531,91.31999969482422,51.43630599975586,1116600
2007-11-14,90.94999694824219,91.51000213623047,90.91999816894531,91.41999816894531,51.49262619018555,684400
2007-11-15,91.61000061035156,92.55999755859375,91.48999786376953,92.27999877929688,51.97695541381836,1312900
2007-11-16,92.2699966430664,92.69999694824219,92.20999908447266,92.41000366210938,52.05023193359375,1333800
2007-11-19,92.54000091552734,93.41999816894531,92.41000366210938,93.01000213623047,52.38817596435547,1343900
2007-11-20,93.08999633789062,93.29000091552734,92.80000305175781,92.91000366210938,52.33183670043945,1367800
2007-11-21,93.4000015258789,93.58000183105469,93.23999786376953,93.44999694824219,52.636009216308594,1297800
2007-11-23,93.44000244140625,93.80000305175781,93.30999755859375,93.7300033569336,52.7937126159668,437400
2007-11-26,94.22000122070312,96.36000061035156,94.12000274658203,95.58000183105469,53.83574295043945,4427000
2007-11-27,94.95999908447266,95.25,93.98999786376953,94.66999816894531,53.32317352294922,3100300
2007-11-28,94.55999755859375,94.69000244140625,93.83999633789062,94.02999877929688,52.96271514892578,2088100
2007-11-29,94.81999969482422,95.41999816894531,94.66000366210938,94.83999633789062,53.41891098022461,1594500
2007-11-30,93.87999725341797,94.38999938964844,93.73999786376953,94.37999725341797,53.159847259521484,1952100
2007-12-03,94.76000213623047,95.0999984741211,94.27999877929688,94.75,53.58169174194336,1272700
2007-12-04,94.9000015258789,95.05999755859375,94.1500015258789,94.73999786376953,53.576026916503906,1721200
2007-12-05,94.22000122070312,94.47000122070312,93.55999755859375,93.61000061035156,52.9370002746582,1866000
2007-12-06,93.31999969482422,93.33999633789062,92.54000091552734,92.79000091552734,52.47330856323242,2270200
2007-12-07,92.18000030517578,92.3499984741211,91.37999725341797,91.75,51.8851432800293,2171000
2007-12-10,91.63999938964844,91.69000244140625,90.75,91.19999694824219,51.57412338256836,2242500
2007-12-11,91.7300033569336,93.2300033569336,91.58000183105469,92.98999786376953,52.58637619018555,2892400
2007-12-12,91.44999694824219,92.6500015258789,91.2699966430664,92.02999877929688,52.04353713989258,2225400
2007-12-13,91.61000061035156,91.81999969482422,90.9000015258789,91.02999877929688,51.47799301147461,1222100
2007-12-14,90.79000091552734,90.91999816894531,90.5,90.61000061035156,51.24052810668945,1354900
2007-12-17,91.06999969482422,91.54000091552734,90.93000030517578,91.41999816894531,51.698585510253906,2046200
2007-12-18,91.58999633789062,92.30000305175781,91.55000305175781,92.01000213623047,52.03218460083008,1417100
2007-12-19,92.4000015258789,93.55999755859375,91.87999725341797,93.2300033569336,52.72211837768555,2252400
2007-12-20,93.26000213623047,93.87000274658203,93.0199966430664,93.02999877929688,52.60901641845703,1659400
2007-12-21,92.9000015258789,92.91999816894531,91.66000366210938,91.66999816894531,51.83991622924805,1767600
2007-12-24,91.22000122070312,91.47000122070312,91.08000183105469,91.23999786376953,51.596771240234375,550300
2007-12-26,91.0199966430664,91.62999725341797,90.27999877929688,90.44000244140625,51.14433288574219,674700
2007-12-27,90.87999725341797,91.16000366210938,90.51000213623047,91.05999755859375,51.70194625854492,468600
2007-12-28,91.6500015258789,92.58000183105469,91.5,92.4800033569336,52.50815963745117,1967800
2007-12-31,92.77999877929688,93.27999877929688,92.5999984741211,93.04000091552734,52.82611846923828,1647600
2008-01-02,93.25,94.7300033569336,93.19999694824219,94.37999725341797,53.586971282958984,2959600
2008-01-03,94.0,94.37999725341797,93.66999816894531,94.25,53.513145446777344,1256700
2008-01-04,94.5,94.79000091552734,94.19999694824219,94.2699966430664,53.52446365356445,2420200
2008-01-07,94.18000030517578,94.77999877929688,94.02999877929688,94.68000030517578,53.75726318359375,1315500
2008-01-08,94.44000244140625,94.70999908447266,93.93000030517578,94.56999969482422,53.69480514526367,1604800
2008-01-09,94.79000091552734,95.30000305175781,94.62000274658203,94.75,53.79702377319336,2203500
2008-01-10,94.87000274658203,94.94999694824219,93.30999755859375,93.47000122070312,53.070289611816406,2681800
2008-01-11,93.5199966430664,94.27999877929688,93.4000015258789,94.19999694824219,53.484771728515625,1872900
2008-01-14,94.19999694824219,94.55000305175781,94.0,94.55000305175781,53.68346405029297,906100
2008-01-15,95.16000366210938,95.62999725341797,95.06999969482422,95.61000061035156,54.285316467285156,1435300
2008-01-16,95.68000030517578,95.88999938964844,94.7300033569336,94.91999816894531,53.89353561401367,3505100
2008-01-17,94.95999908447266,96.29000091552734,94.93000030517578,96.1500015258789,54.59190368652344,2940500
2008-01-18,95.55000305175781,95.7699966430664,95.22000122070312,95.48999786376953,54.21714782714844,2676800
2008-01-22,96.41000366210938,96.62000274658203,95.30000305175781,96.51000213623047,54.796302795410156,5423500
2008-01-23,97.9800033569336,98.16000366210938,95.87999725341797,96.29000091552734,54.6713752746582,7636600
2008-01-24,95.55000305175781,95.75,94.33999633789062,94.36000061035156,53.57557678222656,5676700
2008-01-25,94.19000244140625,96.0,94.12999725341797,95.94999694824219,54.47834777832031,4371100
2008-01-28,95.68000030517578,96.0,95.36000061035156,95.58999633789062,54.273983001708984,1633500
2008-01-29,95.27999877929688,95.31999969482422,94.58000183105469,94.94000244140625,53.90488815307617,3100200
2008-01-30,94.69000244140625,94.7699966430664,93.58999633789062,94.31999969482422,53.552879333496094,3468000
2008-01-31,95.30000305175781,95.43000030517578,94.62999725341797,94.98999786376953,53.93331527709961,11441000
2008-02-01,95.0,95.4000015258789,94.55999755859375,95.2300033569336,54.25746536254883,4163700
2008-02-04,94.38999938964844,94.66000366210938,94.12999725341797,94.25,53.69911193847656,1729600
2008-02-05,95.41000366210938,95.61000061035156,94.7699966430664,94.97000122070312,54.109317779541016,2594600
2008-02-06,94.62999725341797,94.8499984741211,94.36000061035156,94.68000030517578,53.94410705566406,1339800
2008-02-07,94.52999877929688,94.52999877929688,92.05000305175781,92.63999938964844,52.78181457519531,5419700
2008-02-08,93.25,93.7300033569336,93.08999633789062,93.69999694824219,53.38578414916992,2832800
2008-02-11,94.27999877929688,94.69999694824219,93.7300033569336,94.08999633789062,53.60797119140625,2960200
2008-02-12,93.31999969482422,93.6500015258789,92.95999908447266,93.52999877929688,53.288936614990234,2897700
2008-02-13,92.93000030517578,93.41999816894531,92.4000015258789,92.54000091552734,52.72488784790039,3697500
2008-02-14,91.80000305175781,92.0999984741211,90.66000366210938,91.18000030517578,51.94996643066406,7505000
2008-02-15,91.61000061035156,92.06999969482422,91.45999908447266,91.87999725341797,52.34883499145508,3687800
2008-02-19,91.13999938964844,91.69999694824219,90.63999938964844,90.94999694824219,51.81891632080078,2911600
2008-02-20,90.62000274658203,91.58000183105469,90.55999755859375,91.58000183105469,52.1778678894043,2550100
2008-02-21,92.08000183105469,92.8499984741211,92.05000305175781,92.55000305175781,52.73050308227539,4197200
2008-02-22,92.48999786376953,92.8499984741211,91.87000274658203,92.0199966430664,52.42858123779297,1959700
2008-02-25,91.94999694824219,92.13999938964844,90.6500015258789,91.08000183105469,51.89299011230469,3460900
2008-02-26,90.95999908447266,91.33999633789062,90.7300033569336,91.11000061035156,51.91010665893555,2618900
2008-02-27,91.43000030517578,91.56999969482422,90.61000061035156,91.19000244140625,51.9556999206543,2494400
2008-02-28,92.33999633789062,92.83999633789062,92.19000244140625,92.80999755859375,52.87870407104492,3410900
2008-02-29,93.6500015258789,94.45999908447266,93.5199966430664,94.2300033569336,53.68775939941406,3822000
2008-03-03,93.66999816894531,94.19999694824219,93.25,93.63999938964844,53.54936599731445,2036900
2008-03-04,93.94000244140625,94.12000274658203,92.52999877929688,92.7300033569336,53.02893829345703,3401100
2008-03-05,93.05999755859375,93.05999755859375,91.5,91.62000274658203,52.39415740966797,3871200
2008-03-06,91.81999969482422,92.44000244140625,91.66999816894531,92.11000061035156,52.67438888549805,1342600
2008-03-07,93.29000091552734,93.3499984741211,91.73999786376953,92.2300033569336,52.74300003051758,3601300
2008-03-10,92.70999908447266,94.12999725341797,92.61000061035156,93.58999633789062,53.52073669433594,3579000
2008-03-11,93.0,93.02999877929688,92.20999908447266,92.79000091552734,53.06325149536133,3309200
2008-03-12,93.12999725341797,94.68000030517578,92.97000122070312,94.58000183105469,54.086891174316406,4752900
2008-03-13,95.02999877929688,95.19000244140625,93.26000213623047,93.83999633789062,53.66372299194336,5763500
2008-03-14,94.62000274658203,95.80999755859375,94.62000274658203,95.0,54.32708740234375,6174800
2008-03-17,95.58999633789062,96.30999755859375,95.30999755859375,95.7300033569336,54.74453353881836,3329300
2008-03-18,95.30000305175781,96.16000366210938,94.94999694824219,95.36000061035156,54.53293228149414,4022300
2008-03-19,95.12000274658203,97.47000122070312,95.12000274658203,96.94000244140625,55.43645477294922,5206400
2008-03-20,97.0,97.75,96.87000274658203,97.18000030517578,55.573707580566406,3905900
2008-03-24,96.4800033569336,96.4800033569336,95.19999694824219,95.30000305175781,54.4986457824707,5596200
2008-03-25,95.37999725341797,95.81999969482422,95.27999877929688,95.69999694824219,54.72735595703125,2038200
2008-03-26,95.77999877929688,96.19999694824219,95.2300033569336,95.30000305175781,54.4986457824707,1652000
2008-03-27,94.63999938964844,95.36000061035156,94.54000091552734,94.62999725341797,54.11548614501953,2405700
2008-03-28,95.08999633789062,95.55999755859375,94.75,95.55000305175781,54.641571044921875,1745500
2008-03-31,96.11000061035156,96.31999969482422,95.66999816894531,95.88999938964844,54.836036682128906,2546300
2008-04-01,94.80999755859375,94.8499984741211,93.77999877929688,93.93000030517578,53.943546295166016,3821800
2008-04-02,93.98999786376953,94.86000061035156,93.98999786376953,94.12999725341797,54.05842208862305,3794200
2008-04-03,94.5,94.66999816894531,94.12000274658203,94.33999633789062,54.17903518676758,2839100
2008-04-04,95.16999816894531,95.55999755859375,94.98999786376953,95.19999694824219,54.67295837402344,1745200
2008-04-07,94.62000274658203,94.77999877929688,93.9000015258789,94.69999694824219,54.3857307434082,2231800
2008-04-08,95.18000030517578,95.23999786376953,94.26000213623047,94.37000274658203,54.1962890625,1305200
2008-04-09,94.55999755859375,95.63999938964844,94.55000305175781,95.3499984741211,54.75906753540039,2883600
2008-04-10,95.30999755859375,95.5,94.56999969482422,95.02999877929688,54.57526779174805,1846500
2008-04-11,95.5999984741211,95.91999816894531,95.47000122070312,95.66999816894531,54.94285202026367,1987700
2008-04-14,95.33999633789062,95.69999694824219,94.98999786376953,95.11000061035156,54.621238708496094,3195300
2008-04-15,94.41999816894531,94.58000183105469,93.9000015258789,93.93000030517578,53.943546295166016,2821600
2008-04-16,93.80000305175781,94.05999755859375,92.43000030517578,93.01000213623047,53.41522979736328,4691100
2008-04-17,92.9800033569336,93.18000030517578,92.23999786376953,92.8499984741211,53.323326110839844,2020000
2008-04-18,92.0,92.87999725341797,91.81999969482422,92.7699966430664,53.27741622924805,2199700
2008-04-21,92.41000366210938,93.27999877929688,92.30000305175781,93.13999938964844,53.48986053466797,2805800
2008-04-22,92.91000366210938,93.66999816894531,92.91000366210938,93.45999908447266,53.67366027832031,1799700
2008-04-23,93.08999633789062,93.62999725341797,92.52999877929688,93.1500015258789,53.49567413330078,1221100
2008-04-24,92.26000213623047,92.45999908447266,91.80999755859375,92.36000061035156,53.04193115234375,3213600
2008-04-25,92.13999938964844,92.25,91.5,91.81999969482422,52.7318115234375,1742000
2008-04-28,91.52999877929688,92.3499984741211,91.41000366210938,92.0999984741211,52.892601013183594,1883900
2008-04-29,92.37999725341797,92.86000061035156,92.1500015258789,92.44999694824219,53.093589782714844,1269100
2008-04-30,92.41999816894531,93.19999694824219,91.8499984741211,93.11000061035156,53.47266387939453,2827500
2008-05-01,93.44000244140625,93.6500015258789,92.37999725341797,92.77999877929688,53.476104736328125,3226500
2008-05-02,91.77999877929688,92.41000366210938,91.54000091552734,91.61000061035156,52.80174255371094,2730800
2008-05-05,91.86000061035156,91.87000274658203,91.13999938964844,91.61000061035156,52.80174255371094,1309300
2008-05-06,92.01000213623047,92.08000183105469,90.79000091552734,90.94999694824219,52.42135238647461,4037500
2008-05-07,90.7300033569336,91.43000030517578,90.62000274658203,91.33999633789062,52.64614486694336,3876200
2008-05-08,91.44000244140625,92.19999694824219,91.41999816894531,92.16000366210938,53.11878204345703,2829500
2008-05-09,92.7300033569336,92.87000274658203,92.20999908447266,92.5,53.31474685668945,2064300
2008-05-12,92.76000213623047,93.16000366210938,92.3499984741211,92.36000061035156,53.234046936035156,1947400
2008-05-13,91.83000183105469,92.05000305175781,91.30999755859375,91.3499984741211,52.65189743041992,2123300
2008-05-14,92.0,92.01000213623047,90.72000122070312,91.38999938964844,52.6749153137207,2600900
2008-05-15,91.16999816894531,92.33000183105469,91.08999633789062,92.22000122070312,53.153324127197266,2164300
2008-05-16,91.87999725341797,92.88999938964844,91.77999877929688,91.83999633789062,52.93431091308594,1902600
2008-05-19,92.26000213623047,92.26000213623047,91.30000305175781,91.95999908447266,53.00347137451172,1348200
2008-05-20,92.44000244140625,92.5,91.9000015258789,92.44000244140625,53.28016662597656,1466000
2008-05-21,92.05000305175781,92.66999816894531,91.86000061035156,92.45999908447266,53.291664123535156,1762100
2008-05-22,91.93000030517578,91.93000030517578,90.83999633789062,91.37000274658203,52.663394927978516,2855900
2008-05-23,91.83000183105469,92.30000305175781,91.69999694824219,91.7699966430664,52.89397430419922,1802000
2008-05-27,91.37999725341797,91.55999755859375,90.9800033569336,91.1500015258789,52.5366325378418,1985800
2008-05-28,90.54000091552734,90.66000366210938,90.13999938964844,90.33999633789062,52.069732666015625,3250700
2008-05-29,90.01000213623047,90.0999984741211,89.13999938964844,89.69000244140625,51.69510269165039,3302400
2008-05-30,90.12999725341797,90.44000244140625,90.05999755859375,90.27999877929688,52.03514099121094,2514600
2008-06-02,89.9800033569336,90.63999938964844,89.62000274658203,90.30000305175781,52.23587417602539,3076400
2008-06-03,90.05999755859375,91.41000366210938,89.80999755859375,90.94999694824219,52.6119270324707,2447700
2008-06-04,91.38999938964844,91.38999938964844,89.9000015258789,90.13999938964844,52.14336013793945,2813000
2008-06-05,89.81999969482422,90.02999877929688,89.44999694824219,89.5999984741211,51.83098602294922,2632200
2008-06-06,90.44000244140625,91.08999633789062,90.20999908447266,90.76000213623047,52.50199890136719,3864800
2008-06-09,90.4800033569336,91.38999938964844,90.19000244140625,90.76000213623047,52.50199890136719,1812000
2008-06-10,90.6500015258789,90.70999908447266,89.69999694824219,90.16999816894531,52.16069793701172,1935300
2008-06-11,90.05000305175781,90.72000122070312,89.70999908447266,89.95999908447266,52.03920364379883,2265400
2008-06-12,89.55999755859375,89.63999938964844,88.81999969482422,89.05999755859375,51.51858901977539,4413100
2008-06-13,88.97000122070312,89.54000091552734,88.68000030517578,88.87000274658203,51.4087028503418,1983600
2008-06-16,89.11000061035156,89.18000030517578,88.62000274658203,88.88999938964844,51.42023849487305,1756800
2008-06-17,89.1500015258789,89.2699966430664,88.58999633789062,89.06999969482422,51.524391174316406,1712200
2008-06-18,89.29000091552734,89.97000122070312,89.08999633789062,89.81999969482422,51.958221435546875,2590000
2008-06-19,89.5199966430664,89.75,89.02999877929688,89.29000091552734,51.651641845703125,1700500
2008-06-20,89.94000244140625,90.06999969482422,89.69000244140625,89.80999755859375,51.95247268676758,4580900
2008-06-23,90.08000183105469,90.43000030517578,89.83000183105469,90.0,52.062347412109375,1594100
2008-06-24,90.37999725341797,90.80999755859375,90.13999938964844,90.5999984741211,52.40943908691406,3118400
2008-06-25,90.6500015258789,90.76000213623047,89.80999755859375,90.63999938964844,52.43257141113281,3251600
2008-06-26,91.0,91.44000244140625,90.79000091552734,91.25,52.78543472290039,4052300
2008-06-27,91.7300033569336,92.44000244140625,91.44999694824219,92.31999969482422,53.404380798339844,4144800
2008-06-30,92.41000366210938,92.81999969482422,92.08000183105469,92.33999633789062,53.41594314575195,3743000
2008-07-01,92.69000244140625,92.7699966430664,91.68000030517578,91.79000091552734,53.2894287109375,3805100
2008-07-02,91.95999908447266,92.37999725341797,91.87000274658203,92.2699966430664,53.568092346191406,2413700
2008-07-03,91.70999908447266,92.30000305175781,91.54000091552734,92.06999969482422,53.45194625854492,1405100
2008-07-07,92.06999969482422,93.1500015258789,91.58000183105469,92.48999786376953,53.695838928222656,3528400
2008-07-08,92.5,93.13999938964844,92.41999816894531,93.08999633789062,54.044132232666016,2176600
2008-07-09,92.94000244140625,93.63999938964844,92.91999816894531,93.5,54.28215789794922,1582000
2008-07-10,93.33000183105469,93.76000213623047,92.94000244140625,93.48999786376953,54.276363372802734,2723600
2008-07-11,93.5199966430664,93.73999786376953,91.86000061035156,92.16000366210938,53.50425720214844,5466000
2008-07-14,92.37999725341797,93.26000213623047,92.29000091552734,92.97000122070312,53.974430084228516,4135400
2008-07-15,93.06999969482422,93.43000030517578,92.69999694824219,92.94000244140625,53.957069396972656,4541400
2008-07-16,92.08000183105469,92.23999786376953,91.20999908447266,91.26000213623047,52.981746673583984,3435900
2008-07-17,91.26000213623047,91.61000061035156,90.55999755859375,90.79000091552734,52.708866119384766,5899900
2008-07-18,90.76000213623047,91.19999694824219,90.30000305175781,90.44999694824219,52.511451721191406,3475200
2008-07-21,90.44999694824219,90.9000015258789,90.25,90.80000305175781,52.71464157104492,3657200
2008-07-22,90.63999938964844,90.76000213623047,90.02999877929688,90.3499984741211,52.453426361083984,2675200
2008-07-23,90.22000122070312,90.37000274658203,89.75,90.16999816894531,52.348907470703125,2871900
2008-07-24,90.3499984741211,91.25,90.3499984741211,91.05000305175781,52.859806060791016,2613300
2008-07-25,90.55000305175781,90.83999633789062,90.0,90.13999938964844,52.33153533935547,3765300
2008-07-28,90.94999694824219,91.47000122070312,90.69999694824219,91.05000305175781,52.859806060791016,1275900
2008-07-29,90.66000366210938,90.98999786376953,90.30999755859375,90.68000030517578,52.64496612548828,1349100
2008-07-30,90.08999633789062,91.29000091552734,90.02999877929688,90.7699966430664,52.6972541809082,1667500
2008-07-31,91.72000122070312,92.05000305175781,91.2699966430664,91.66999816894531,53.21980285644531,3898700
2008-08-01,90.97000122070312,91.55999755859375,90.83000183105469,91.54000091552734,53.33744430541992,1804800
2008-08-04,91.08999633789062,91.63999938964844,91.01000213623047,91.33000183105469,53.21510696411133,2029900
2008-08-05,91.3499984741211,91.5999984741211,90.62000274658203,90.6500015258789,52.81890106201172,2191200
2008-08-06,90.41000366210938,90.41000366210938,89.81999969482422,90.27999877929688,52.603271484375,3139500
2008-08-07,90.62999725341797,91.9000015258789,90.43000030517578,91.75,53.45981216430664,2765600
2008-08-08,91.88999938964844,92.08000183105469,91.54000091552734,92.0,53.60547637939453,1035400
2008-08-11,91.77999877929688,91.77999877929688,90.5999984741211,91.12000274658203,53.09272384643555,3939400
2008-08-12,91.80999755859375,92.02999877929688,91.69999694824219,91.97000122070312,53.58798599243164,1315000
2008-08-13,92.30000305175781,92.3499984741211,91.45999908447266,91.6500015258789,53.40152359008789,1940300
2008-08-14,92.26000213623047,92.5999984741211,92.06999969482422,92.23999786376953,53.74531173706055,2605300
2008-08-15,92.66999816894531,93.19999694824219,92.56999969482422,93.04000091552734,54.21147918701172,1964900
2008-08-18,93.08000183105469,93.54000091552734,92.95999908447266,93.41000366210938,54.427005767822266,1262200
2008-08-19,93.44000244140625,93.52999877929688,92.88999938964844,93.05000305175781,54.21731185913086,1944700
2008-08-20,93.37999725341797,93.70999908447266,93.1500015258789,93.30999755859375,54.368770599365234,2500000
2008-08-21,93.62999725341797,93.62999725341797,92.75,93.13999938964844,54.26969909667969,2267000
2008-08-22,93.11000061035156,93.16999816894531,92.63999938964844,93.08000183105469,54.23476791381836,1990000
2008-08-25,94.12000274658203,94.33000183105469,93.8499984741211,94.01000213623047,54.77663040161133,2028300
2008-08-26,93.95999908447266,94.19999694824219,93.70999908447266,94.08999633789062,54.8232421875,1270900
2008-08-27,93.48999786376953,94.29000091552734,93.44000244140625,94.25,54.916500091552734,1555300
2008-08-28,93.91000366210938,94.41000366210938,93.69000244140625,94.26000213623047,54.922332763671875,1886500
2008-08-29,94.0199966430664,94.16000366210938,93.51000213623047,93.83999633789062,54.67761993408203,1739100
2008-09-02,92.9800033569336,94.41000366210938,92.83999633789062,94.37000274658203,55.186344146728516,2916000
2008-09-03,94.2699966430664,94.88999938964844,94.26000213623047,94.7699966430664,55.420284271240234,2105000
2008-09-04,95.0,95.55999755859375,94.80999755859375,95.52999877929688,55.8647346496582,3049800
2008-09-05,96.0199966430664,96.30999755859375,95.41000366210938,95.4800033569336,55.83545684814453,4167800
2008-09-08,94.9000015258789,95.87999725341797,94.55999755859375,95.87999725341797,56.069393157958984,5426200
2008-09-09,95.83000183105469,96.87999725341797,95.54000091552734,96.83000183105469,56.624942779541016,3890200
2008-09-10,95.9800033569336,96.66000366210938,95.81999969482422,96.2300033569336,56.274044036865234,2407900
2008-09-11,96.79000091552734,96.86000061035156,96.0,96.18000030517578,56.24484634399414,3592000
2008-09-12,96.20999908447266,96.33000183105469,94.75,94.94000244140625,55.519710540771484,4138200
2008-09-15,96.27999877929688,98.16999816894531,96.06999969482422,98.0199966430664,57.320831298828125,5889900
2008-09-16,100.70999908447266,100.86000061035156,97.91000366210938,98.0,57.30910873413086,6684400
2008-09-17,98.91999816894531,99.37999725341797,97.7300033569336,98.48999786376953,57.59566879272461,4371300
2008-09-18,97.94999694824219,98.48999786376953,96.91999816894531,97.05000305175781,56.75360107421875,4188300
2008-09-19,93.86000061035156,95.0199966430664,93.69999694824219,93.97000122070312,54.95243835449219,7169200
2008-09-22,92.93000030517578,93.95999908447266,92.5999984741211,93.95999908447266,54.94656753540039,4726300
2008-09-23,93.61000061035156,94.0999984741211,93.12999725341797,93.5999984741211,54.736061096191406,2236000
2008-09-24,93.97000122070312,94.75,93.5999984741211,94.01000213623047,54.97581481933594,1014900
2008-09-25,94.58999633789062,94.58999633789062,93.1500015258789,93.81999969482422,54.86467361450195,1881200
2008-09-26,94.06999969482422,94.79000091552734,94.06999969482422,94.5,55.26237869262695,1992800
2008-09-29,95.16999816894531,97.93000030517578,95.16000366210938,97.25,56.87050247192383,4799800
2008-09-30,97.04000091552734,97.29000091552734,94.5999984741211,94.87999725341797,55.48461151123047,1358100
2008-10-01,96.04000091552734,96.9000015258789,94.94999694824219,95.77999877929688,56.18264389038086,1767800
2008-10-02,96.56999969482422,96.8499984741211,96.06999969482422,96.55000305175781,56.63432312011719,931900
2008-10-03,97.37999725341797,97.79000091552734,95.48999786376953,97.4000015258789,57.132904052734375,1903100
2008-10-06,98.73999786376953,99.86000061035156,98.62000274658203,99.16999816894531,58.17113494873047,2906200
2008-10-07,98.31999969482422,99.66999816894531,97.9800033569336,98.87000274658203,57.995174407958984,1972000
2008-10-08,99.68000030517578,99.94000244140625,96.68000030517578,97.44999694824219,57.1622200012207,3386300
2008-10-09,97.37000274658203,97.69999694824219,96.22000122070312,96.62999725341797,56.68120574951172,1785400
2008-10-10,96.61000061035156,96.91000366210938,95.51000213623047,95.94999694824219,56.2823486328125,2200000
2008-10-13,95.11000061035156,95.94999694824219,94.26000213623047,94.72000122070312,55.56083679199219,1532100
2008-10-14,94.25,95.26000213623047,93.9000015258789,94.11000061035156,55.20304489135742,2100000
2008-10-15,94.12000274658203,95.04000091552734,93.41999816894531,95.01000213623047,55.730953216552734,1449500
2008-10-16,94.98999786376953,95.2699966430664,94.18000030517578,94.5199966430664,55.44349670410156,1063200
2008-10-17,94.69000244140625,94.9000015258789,93.0199966430664,93.87000274658203,55.062225341796875,1691800
2008-10-20,93.44000244140625,94.94000244140625,93.36000061035156,94.62000274658203,55.502197265625,1146800
2008-10-21,95.08999633789062,95.98999786376953,94.73999786376953,95.12000274658203,55.795467376708984,1243700
2008-10-22,96.12000274658203,97.48999786376953,95.8499984741211,97.05000305175781,56.92759704589844,1069800
2008-10-23,97.94999694824219,98.88999938964844,96.81999969482422,97.7699966430664,57.349937438964844,1802000
2008-10-24,98.81999969482422,99.05000305175781,96.44999694824219,96.7300033569336,56.73987579345703,1495400
2008-10-27,97.7699966430664,98.20999908447266,96.29000091552734,96.80000305175781,56.78095245361328,1534100
2008-10-28,96.18000030517578,96.9000015258789,95.1500015258789,95.38999938964844,55.95384216308594,1505500
2008-10-29,95.7699966430664,96.01000213623047,94.43000030517578,94.91000366210938,55.67232131958008,1745800
2008-10-30,94.5,94.80000305175781,93.80000305175781,94.05000305175781,55.16779327392578,1326000
2008-10-31,94.63999938964844,94.91999816894531,92.6500015258789,92.83000183105469,54.45219421386719,2282500
2008-11-03,92.72000122070312,93.11000061035156,92.3499984741211,92.70999908447266,54.599456787109375,1111600
2008-11-04,92.95999908447266,94.70999908447266,92.58999633789062,94.44999694824219,55.6241569519043,1608800
2008-11-05,94.88999938964844,95.66999816894531,94.4000015258789,95.56999969482422,56.283775329589844,1931700
2008-11-06,94.5999984741211,95.05000305175781,93.80999755859375,94.87999725341797,55.877376556396484,919700
2008-11-07,94.5199966430664,94.5199966430664,93.55000305175781,94.26000213623047,55.5123176574707,1277100
2008-11-10,93.80000305175781,95.0999984741211,93.68000030517578,94.72000122070312,55.78317642211914,1352100
2008-11-11,95.20999908447266,95.80999755859375,94.95999908447266,95.0,55.948081970214844,696000
2008-11-12,95.58000183105469,96.06999969482422,95.16000366210938,95.61000061035156,56.30732727050781,1199400
2008-11-13,94.91000366210938,95.25,93.25,93.31999969482422,54.958683013916016,1631900
2008-11-14,95.11000061035156,95.45999908447266,94.79000091552734,95.16999816894531,56.04818344116211,1059300
2008-11-17,95.68000030517578,96.02999877929688,95.29000091552734,95.58999633789062,56.2955436706543,490300
2008-11-18,96.37999725341797,97.0,95.95999908447266,96.81999969482422,57.01991271972656,924800
2008-11-19,97.47000122070312,99.37000274658203,97.20999908447266,99.30000305175781,58.480445861816406,2090400
2008-11-20,101.81999969482422,104.44000244140625,101.0999984741211,104.43000030517578,61.501670837402344,5459800
2008-11-21,103.25,103.9800033569336,101.44999694824219,102.91999816894531,60.61238479614258,3249300
2008-11-24,102.1500015258789,102.29000091552734,101.0,101.30999755859375,59.6641960144043,1587300
2008-11-25,103.94999694824219,104.47000122070312,102.68000030517578,104.29000091552734,61.419193267822266,2632700
2008-11-26,104.72000122070312,105.62000274658203,104.08999633789062,104.43000030517578,61.501670837402344,2577600
2008-11-28,105.25,105.97000122070312,104.94000244140625,105.72000122070312,62.26137924194336,986400
2008-12-01,107.75,110.41000366210938,107.12999725341797,109.4000015258789,64.64567565917969,4031600
2008-12-02,108.55999755859375,110.37000274658203,108.19000244140625,109.81999969482422,64.89389038085938,3289300
2008-12-03,110.2699966430664,110.80999755859375,108.55999755859375,110.12999725341797,65.07710266113281,2951000
2008-12-04,111.12999725341797,112.48999786376953,110.37000274658203,112.30000305175781,66.359375,2825400
2008-12-05,111.94999694824219,113.0,110.41999816894531,110.4800033569336,65.283935546875,4557600
2008-12-08,110.4800033569336,111.25,109.69000244140625,110.23999786376953,65.14205932617188,2119500
2008-12-09,110.58000183105469,112.52999877929688,110.25,112.41999816894531,66.43023681640625,2055500
2008-12-10,111.37000274658203,112.1500015258789,111.12000274658203,112.1500015258789,66.27071380615234,2414900
2008-12-11,112.18000030517578,112.43000030517578,110.87000274658203,112.37000274658203,66.40072631835938,2416900
2008-12-12,112.54000091552734,112.55999755859375,110.33999633789062,112.37000274658203,66.40072631835938,2547100
2008-12-15,112.3499984741211,113.94000244140625,112.05000305175781,113.6500015258789,67.1571273803711,1707700
2008-12-16,116.45999908447266,116.9000015258789,113.97000122070312,116.45999908447266,68.81755828857422,4015100
2008-12-17,120.7699966430664,121.12999725341797,119.26000213623047,119.62000274658203,70.68482208251953,6407500
2008-12-18,120.73999786376953,123.1500015258789,120.44999694824219,122.12999725341797,72.16796875,4442000
2008-12-19,121.44000244140625,122.98999786376953,121.27999877929688,122.26000213623047,72.24486541748047,2668500
2008-12-22,122.38999938964844,122.38999938964844,120.7300033569336,121.31999969482422,71.68937683105469,2221400
2008-12-23,120.13999938964844,121.5,119.9000015258789,121.16000366210938,71.59484100341797,1746400
2008-12-24,120.7300033569336,121.31999969482422,120.62000274658203,120.9000015258789,71.44123840332031,717200
2008-12-26,121.58999633789062,121.97000122070312,121.19999694824219,121.30000305175781,71.67752075195312,454400
2008-12-29,121.43000030517578,122.01000213623047,120.61000061035156,120.75,71.59159851074219,1416000
2008-12-30,120.48999786376953,121.91999816894531,120.06999969482422,121.9000015258789,72.27340698242188,2590500
2008-12-31,121.41000366210938,122.0,118.8499984741211,119.3499984741211,70.76158142089844,2738000
2009-01-02,120.05000305175781,120.44999694824219,116.3499984741211,116.3499984741211,68.98289489746094,3464200
2009-01-05,115.5999984741211,116.16000366210938,112.5999984741211,113.3499984741211,67.20417022705078,5395200
2009-01-06,111.62000274658203,113.26000213623047,111.0,112.20999908447266,66.52830505371094,4109300
2009-01-07,111.95999908447266,112.68000030517578,111.4000015258789,112.6500015258789,66.78919219970703,2565600
2009-01-08,112.63999938964844,112.91999816894531,111.98999786376953,112.55999755859375,66.7358169555664,2603600
2009-01-09,111.45999908447266,113.3499984741211,111.2699966430664,112.7300033569336,66.83660125732422,2727900
2009-01-12,111.56999969482422,114.05000305175781,111.56999969482422,113.9000015258789,67.5302734375,2462800
2009-01-13,113.5,114.08000183105469,112.95999908447266,114.0199966430664,67.60147094726562,1767400
2009-01-14,114.6500015258789,116.04000091552734,114.6500015258789,115.9000015258789,68.71607208251953,2494800
2009-01-15,116.19999694824219,116.91999816894531,115.58000183105469,116.08999633789062,68.8287582397461,2827200
2009-01-16,113.41999816894531,116.08999633789062,113.36000061035156,114.30000305175781,67.76746368408203,2994800
2009-01-20,112.29000091552734,114.62999725341797,112.2300033569336,114.27999877929688,67.75553894042969,3268300
2009-01-21,111.93000030517578,113.04000091552734,110.4000015258789,110.66999816894531,65.6152572631836,2838100
2009-01-22,110.5999984741211,110.7699966430664,107.87999725341797,108.54000091552734,64.35240936279297,4016600
2009-01-23,107.91999816894531,108.31999969482422,106.69000244140625,107.69000244140625,63.848426818847656,2676200
2009-01-26,107.43000030517578,107.81999969482422,106.30000305175781,106.75,63.29112243652344,2240900
2009-01-27,107.80000305175781,109.58999633789062,107.62999725341797,109.26000213623047,64.77931213378906,3420800
2009-01-28,109.30999755859375,109.80999755859375,105.72000122070312,106.52999877929688,63.16065979003906,4348100
2009-01-29,105.55999755859375,106.30999755859375,103.66000366210938,104.08000183105469,61.708091735839844,3724400
2009-01-30,104.55000305175781,104.87000274658203,103.44000244140625,103.75,61.512428283691406,2630000
2009-02-02,104.0199966430664,105.68000030517578,103.38999938964844,105.38999938964844,62.65687942504883,2700200
2009-02-03,104.30000305175781,104.83000183105469,102.75,102.87999725341797,61.164642333984375,2846400
2009-02-04,102.75,102.87000274658203,101.62000274658203,102.5199966430664,60.95060348510742,2305400
2009-02-05,103.23999786376953,103.87999725341797,102.20999908447266,102.61000061035156,61.004119873046875,2279500
2009-02-06,102.25,102.86000061035156,101.9000015258789,102.29000091552734,60.813926696777344,1667500
2009-02-09,101.69000244140625,102.66999816894531,101.05999755859375,102.62000274658203,61.01009750366211,2257300
2009-02-10,104.11000061035156,104.95999908447266,103.44999694824219,104.8499984741211,62.33584976196289,3782800
2009-02-11,105.70999908447266,106.5,105.52999877929688,106.20999908447266,63.14442825317383,2774200
2009-02-12,105.9800033569336,106.18000030517578,104.73999786376953,105.20999908447266,62.54987335205078,1818400
2009-02-13,103.94999694824219,103.94999694824219,102.2300033569336,102.41000366210938,60.88519287109375,2466800
2009-02-17,104.55000305175781,105.66000366210938,104.3499984741211,105.5999984741211,62.78177261352539,2813900
2009-02-18,106.05999755859375,106.55999755859375,104.30000305175781,104.69999694824219,62.246665954589844,2768600
2009-02-19,102.69000244140625,104.05999755859375,102.2300033569336,102.91999816894531,61.18840408325195,3219400
2009-02-20,104.2699966430664,105.16000366210938,103.30000305175781,103.91999816894531,61.78294372558594,4272000
2009-02-23,103.5999984741211,104.87999725341797,103.16999816894531,104.87999725341797,62.353729248046875,2688700
2009-02-24,105.69999694824219,106.68000030517578,104.7699966430664,104.7699966430664,62.288330078125,4197100
2009-02-25,105.23999786376953,105.48999786376953,103.02999877929688,103.55999755859375,61.56890869140625,3908100
2009-02-26,102.87000274658203,103.26000213623047,101.9800033569336,102.47000122070312,60.9208869934082,2611100
2009-02-27,102.56999969482422,103.01000213623047,101.20999908447266,101.87999725341797,60.57014846801758,3267700
2009-03-02,102.22000122070312,103.27999877929688,102.08999633789062,103.27999877929688,61.572879791259766,3302000
2009-03-03,102.2300033569336,103.56999969482422,101.80999755859375,102.58999633789062,61.16154479980469,3084900
2009-03-04,101.48999786376953,102.25,101.16000366210938,102.12000274658203,60.881282806396484,3178400
2009-03-05,104.0199966430664,105.44000244140625,103.44000244140625,104.95999908447266,62.57441711425781,4562400
2009-03-06,104.26000213623047,105.97000122070312,104.08999633789062,104.26000213623047,62.15713119506836,3125900
2009-03-09,104.51000213623047,104.55000305175781,103.12000274658203,103.6500015258789,61.79351806640625,2070500
2009-03-10,102.43000030517578,102.75,101.51000213623047,101.66000366210938,60.60710144042969,2602600
2009-03-11,101.29000091552734,102.76000213623047,100.93000030517578,102.76000213623047,61.26290512084961,3101500
2009-03-12,102.66000366210938,103.97000122070312,102.30999755859375,103.25,61.554988861083984,3558900
2009-03-13,102.75,103.87999725341797,102.33000183105469,102.7300033569336,61.244998931884766,2504000
2009-03-16,100.81999969482422,101.44999694824219,100.5,101.11000061035156,60.279178619384766,3265600
2009-03-17,101.72000122070312,102.33000183105469,100.38999938964844,100.55999755859375,59.95132064819336,3076200
2009-03-18,101.12000274658203,108.06999969482422,100.9000015258789,104.37000274658203,62.22270965576172,8578800
2009-03-19,105.62000274658203,105.66000366210938,104.22000122070312,104.5,62.30023956298828,3650900
2009-03-20,104.62000274658203,105.0,103.77999877929688,103.91999816894531,61.954402923583984,3479700
2009-03-23,104.29000091552734,104.41999816894531,102.97000122070312,103.0199966430664,61.417945861816406,2097000
2009-03-24,102.19000244140625,105.16000366210938,101.93000030517578,104.0,62.00212097167969,5477100
2009-03-25,103.29000091552734,103.72000122070312,102.30999755859375,102.5999984741211,61.16748046875,2549600
2009-03-26,102.44000244140625,104.05999755859375,102.16000366210938,103.79000091552734,61.876949310302734,2385300
2009-03-27,104.1500015258789,104.93000030517578,103.55999755859375,104.55999755859375,62.335975646972656,1853900
2009-03-30,105.44000244140625,105.87000274658203,103.94000244140625,104.95999908447266,62.57441711425781,2300100
2009-03-31,105.04000091552734,105.80000305175781,105.0,105.70999908447266,63.02163314819336,1094600
2009-04-01,106.12000274658203,106.55999755859375,105.52999877929688,106.37000274658203,63.59675216674805,2383400
2009-04-02,105.88999938964844,106.06999969482422,104.83999633789062,105.06999969482422,62.81951904296875,1766300
2009-04-03,104.91000366210938,105.16000366210938,102.66000366210938,102.91999816894531,61.53404235839844,3316800
2009-04-06,103.54000091552734,103.58999633789062,102.22000122070312,102.4800033569336,61.27103042602539,1418100
2009-04-07,102.54000091552734,103.30999755859375,102.4800033569336,102.73999786376953,61.426448822021484,1312600
2009-04-08,103.06999969482422,103.86000061035156,102.94999694824219,103.6500015258789,61.97052001953125,1007800
2009-04-09,102.47000122070312,103.18000030517578,101.9800033569336,102.3499984741211,61.193267822265625,1088800
2009-04-13,102.95999908447266,103.51000213623047,102.93000030517578,103.29000091552734,61.755252838134766,946600
2009-04-14,103.25,104.20999908447266,102.93000030517578,103.83000183105469,62.078121185302734,1336000
2009-04-15,104.12999725341797,104.30000305175781,102.87999725341797,103.6500015258789,61.97052001953125,1152500
2009-04-16,102.8499984741211,103.44999694824219,102.77999877929688,102.83000183105469,61.48025131225586,1055600
2009-04-17,102.47000122070312,102.70999908447266,101.37000274658203,101.69999694824219,60.80459213256836,2582800
2009-04-20,102.62999725341797,103.4000015258789,102.44999694824219,103.23999786376953,61.725406646728516,1714400
2009-04-21,104.04000091552734,104.20999908447266,102.22000122070312,102.22000122070312,61.11555099487305,909100
2009-04-22,102.44999694824219,102.55999755859375,101.11000061035156,101.5999984741211,60.74483871459961,2278100
2009-04-23,101.3499984741211,101.75,100.94000244140625,101.58999633789062,60.738887786865234,1688300
2009-04-24,100.79000091552734,100.9800033569336,100.0999984741211,100.56999969482422,60.129051208496094,2830000
2009-04-27,101.06999969482422,101.19000244140625,100.05999755859375,101.0,60.38611602783203,2294600
2009-04-28,101.5,101.58000183105469,99.08999633789062,99.3499984741211,59.39960479736328,2332500
2009-04-29,99.66999816894531,100.08000183105469,98.1500015258789,98.47000122070312,58.87348556518555,3752600
2009-04-30,97.9800033569336,98.36000061035156,97.38999938964844,98.08000183105469,58.640316009521484,2778100
2009-05-01,97.12000274658203,97.29000091552734,96.56999969482422,97.11000061035156,58.2367057800293,2772200
2009-05-04,97.36000061035156,97.81999969482422,96.79000091552734,97.43000030517578,58.42860412597656,2246700
2009-05-05,97.45999908447266,97.83000183105469,96.76000213623047,97.30999755859375,58.35664367675781,1369000
2009-05-06,97.12000274658203,98.0,97.0,97.08000183105469,58.218711853027344,2045900
2009-05-07,95.94000244140625,96.69999694824219,94.33000183105469,94.70999908447266,56.79745101928711,5755200
2009-05-08,95.0199966430664,95.38999938964844,94.63999938964844,94.94000244140625,56.93539047241211,2193400
2009-05-11,96.05000305175781,96.44999694824219,95.79000091552734,96.29000091552734,57.744937896728516,2167400
2009-05-12,96.18000030517578,97.0199966430664,95.80000305175781,96.63999938964844,57.954856872558594,2304800
2009-05-13,97.36000061035156,97.93000030517578,97.23999786376953,97.69000244140625,58.58457946777344,1917500
2009-05-14,97.5999984741211,98.25,97.30000305175781,98.06999969482422,58.81244659423828,1704600
2009-05-15,98.0,98.05000305175781,97.45999908447266,98.04000091552734,58.794368743896484,2306600
2009-05-18,98.01000213623047,98.11000061035156,96.37000274658203,96.5199966430664,57.88290023803711,2234700
2009-05-19,96.19000244140625,96.47000122070312,95.70999908447266,96.01000213623047,57.577083587646484,1624300
2009-05-20,95.93000030517578,97.16000366210938,95.83000183105469,97.0199966430664,58.18270492553711,2825700
2009-05-21,97.55000305175781,97.63999938964844,94.3499984741211,94.58000183105469,56.71946716308594,4771700
2009-05-22,93.81999969482422,94.48999786376953,93.3499984741211,93.52999877929688,56.089813232421875,4483400
2009-05-26,94.05000305175781,94.0999984741211,92.12000274658203,92.12000274658203,55.24424362182617,3633100
2009-05-27,92.23999786376953,92.58000183105469,90.37999725341797,90.48999786376953,54.266685485839844,7490200
2009-05-28,91.7699966430664,91.9800033569336,90.2300033569336,91.80000305175781,55.05232238769531,9824300
2009-05-29,91.69999694824219,94.2300033569336,91.63999938964844,94.16999816894531,56.473602294921875,4746700
2009-06-01,92.33999633789062,92.37999725341797,90.56999969482422,91.08999633789062,54.803985595703125,6987000
2009-06-02,91.61000061035156,91.7699966430664,90.77999877929688,91.58000183105469,55.09882354736328,5063600
2009-06-03,91.95999908447266,92.61000061035156,91.33000183105469,92.44000244140625,55.616233825683594,6727200
2009-06-04,91.43000030517578,91.72000122070312,90.23999786376953,90.52999877929688,54.46708679199219,5438600
2009-06-05,89.91000366210938,90.9000015258789,89.55000305175781,89.83999633789062,54.0519905090332,8439600
2009-06-08,90.41000366210938,90.7300033569336,89.4800033569336,89.61000061035156,53.91356658935547,4084000
2009-06-09,90.19000244140625,90.30999755859375,89.25,89.5999984741211,53.90760803222656,6046300
2009-06-10,88.87000274658203,89.43000030517578,87.55999755859375,88.19000244140625,53.05923843383789,12142000
2009-06-11,87.76000213623047,89.5199966430664,87.69000244140625,89.16999816894531,53.64887237548828,10692800
2009-06-12,89.41999816894531,90.6500015258789,89.41999816894531,89.97000122070312,54.13017654418945,6606800
2009-06-15,90.54000091552734,91.1500015258789,90.4800033569336,90.77999877929688,54.617523193359375,4518700
2009-06-16,90.95999908447266,92.43000030517578,90.80000305175781,92.36000061035156,55.568111419677734,5376000
2009-06-17,92.44999694824219,93.33000183105469,91.83999633789062,91.83999633789062,55.25524139404297,7197200
2009-06-18,91.25,91.58000183105469,90.11000061035156,90.44999694824219,54.41896438598633,6794000
2009-06-19,90.33000183105469,91.69999694824219,90.20999908447266,91.69000244140625,55.1650390625,4750700
2009-06-22,92.44000244140625,92.91000366210938,92.05999755859375,92.58000183105469,55.70050811767578,3952300
2009-06-23,92.7699966430664,93.80999755859375,92.58000183105469,93.66999816894531,56.35627746582031,5356900
2009-06-24,93.6500015258789,94.06999969482422,92.66000366210938,92.7300033569336,55.79071044921875,6550400
2009-06-25,93.22000122070312,94.5,92.66999816894531,94.43000030517578,56.81355285644531,7140000
2009-06-26,94.62000274658203,94.9000015258789,94.20999908447266,94.58999633789062,56.909828186035156,4050400
2009-06-29,95.06999969482422,95.37000274658203,94.58000183105469,94.7300033569336,56.9940071105957,4334900
2009-06-30,94.19000244140625,95.11000061035156,93.80999755859375,94.56999969482422,56.897769927978516,3743700
2009-07-01,93.41999816894531,94.08999633789062,93.23999786376953,94.08000183105469,56.784881591796875,3379900
2009-07-02,94.33000183105469,94.61000061035156,94.0,94.30000305175781,56.917694091796875,2645100
2009-07-06,94.05000305175781,94.29000091552734,93.38999938964844,94.12000274658203,56.80902862548828,1886700
2009-07-07,93.62000274658203,94.87999725341797,93.61000061035156,94.75,57.18930435180664,2592400
2009-07-08,95.12000274658203,96.80999755859375,94.88999938964844,96.5,58.24552536010742,7912900
2009-07-09,95.3499984741211,95.7300033569336,94.44999694824219,95.3499984741211,57.55144119262695,5241400
2009-07-10,95.62000274658203,96.33000183105469,95.43000030517578,96.2300033569336,58.08255386352539,3981900
2009-07-13,96.31999969482422,96.5999984741211,95.55999755859375,95.69000244140625,57.7567024230957,2604300
2009-07-14,94.76000213623047,95.12999725341797,93.69999694824219,94.0999984741211,56.796939849853516,3629100
2009-07-15,92.66000366210938,93.0,91.66999816894531,91.68000030517578,55.33633041381836,4664200
2009-07-16,92.80999755859375,93.18000030517578,92.5,92.66999816894531,55.93381881713867,4225200
2009-07-17,91.9000015258789,92.36000061035156,91.23999786376953,91.23999786376953,55.07070541381836,3845700
2009-07-20,90.8499984741211,92.48999786376953,90.80000305175781,91.72000122070312,55.36043167114258,4436500
2009-07-21,91.44999694824219,93.69999694824219,91.29000091552734,93.55000305175781,56.465030670166016,3895300
2009-07-22,93.4000015258789,93.52999877929688,92.36000061035156,92.70999908447266,55.95800018310547,1986700
2009-07-23,92.76000213623047,92.80000305175781,90.56999969482422,91.01000213623047,54.931907653808594,3818800
2009-07-24,91.0,91.44999694824219,90.7699966430664,91.44999694824219,55.19749069213867,1765300
2009-07-27,90.2300033569336,90.66000366210938,89.94000244140625,90.4000015258789,54.563697814941406,2755900
2009-07-28,90.72000122070312,91.81999969482422,90.43000030517578,91.19999694824219,55.04656219482422,3324800
2009-07-29,92.16999816894531,92.29000091552734,90.94000244140625,91.69999694824219,55.348384857177734,2910200
2009-07-30,91.54000091552734,93.1500015258789,91.2300033569336,93.0,56.13304901123047,4040700
2009-07-31,93.8499984741211,94.86000061035156,93.27999877929688,94.80999755859375,57.22547912597656,5697000
2009-08-03,93.80999755859375,93.87000274658203,92.61000061035156,93.05999755859375,56.358272552490234,4029300
2009-08-04,93.62999725341797,93.72000122070312,91.66999816894531,92.31999969482422,55.910125732421875,3832200
2009-08-05,91.30999755859375,92.75,90.87000274658203,90.94000244140625,55.074363708496094,4458300
2009-08-06,90.9000015258789,91.88999938964844,90.41999816894531,91.25,55.262107849121094,3228500
2009-08-07,90.41999816894531,90.93000030517578,90.22000122070312,90.48999786376953,54.80183410644531,3543200
2009-08-10,90.51000213623047,91.63999938964844,90.41000366210938,91.62000274658203,55.486202239990234,3150100
2009-08-11,92.38999938964844,92.87000274658203,91.98999786376953,92.68000030517578,56.128116607666016,3677800
2009-08-12,92.94999694824219,93.06999969482422,91.08999633789062,91.69000244140625,55.52858352661133,4729200
2009-08-13,91.80000305175781,93.1500015258789,91.5,92.98999786376953,56.31587219238281,3922300
2009-08-14,93.30000305175781,94.19999694824219,93.20999908447266,93.3499984741211,56.533912658691406,4410400
2009-08-17,93.94999694824219,94.75,93.87000274658203,94.7300033569336,57.36962890625,3569700
2009-08-18,94.66000366210938,94.7699966430664,94.01000213623047,94.18000030517578,57.03656768798828,2557900
2009-08-19,95.16999816894531,95.37000274658203,94.41000366210938,94.95999908447266,57.5089111328125,3518200
2009-08-20,95.37999725341797,95.87000274658203,94.77999877929688,95.73999786376953,57.981319427490234,3282700
2009-08-21,95.63999938964844,95.7300033569336,93.75,93.7699966430664,56.78822326660156,6258300
2009-08-24,93.48999786376953,95.47000122070312,93.45999908447266,95.47000122070312,57.81781768798828,4460200
2009-08-25,95.37000274658203,96.08999633789062,94.91000366210938,96.01000213623047,58.14484405517578,3359700
2009-08-26,96.18000030517578,96.55000305175781,95.91000366210938,96.44999694824219,58.41130065917969,3225800
2009-08-27,96.18000030517578,96.62000274658203,95.7300033569336,96.06999969482422,58.18117141723633,2514000
2009-08-28,95.44000244140625,96.51000213623047,95.30999755859375,96.51000213623047,58.44762420654297,2072500
2009-08-31,96.36000061035156,96.86000061035156,95.76000213623047,96.5999984741211,58.502113342285156,2899800
2009-09-01,95.81999969482422,96.58000183105469,95.13999938964844,96.05999755859375,58.3606071472168,3304200
2009-09-02,96.4800033569336,97.66000366210938,96.23999786376953,97.45999908447266,59.21116638183594,4345000
2009-09-03,96.83999633789062,97.12000274658203,96.55000305175781,96.86000061035156,58.84660339355469,2703800
2009-09-04,96.44000244140625,96.5999984741211,95.05999755859375,95.20999908447266,57.84419250488281,3643000
2009-09-08,94.4800033569336,95.37000274658203,94.36000061035156,94.54000091552734,57.4371223449707,2468900
2009-09-09,93.88999938964844,94.43000030517578,93.5199966430664,94.43000030517578,57.370235443115234,3182400
2009-09-10,94.93000030517578,96.70999908447266,94.91000366210938,96.16999816894531,58.42742156982422,4417300
2009-09-11,96.81999969482422,97.68000030517578,96.5999984741211,96.69999694824219,58.74940490722656,4826200
2009-09-14,96.0199966430664,96.66999816894531,95.6500015258789,95.73999786376953,58.16616439819336,2119500
2009-09-15,95.19000244140625,95.7699966430664,95.06999969482422,95.25,57.86848831176758,2187900
2009-09-16,95.33999633789062,95.94999694824219,94.5999984741211,95.41999816894531,57.97174835205078,3732300
2009-09-17,95.69000244140625,96.7300033569336,95.16999816894531,96.62000274658203,58.700782775878906,2832000
2009-09-18,96.19999694824219,96.52999877929688,95.66999816894531,95.76000213623047,58.178287506103516,2813300
2009-09-21,96.0999984741211,96.48999786376953,95.36000061035156,95.9800033569336,58.31199264526367,3050200
2009-09-22,95.6500015258789,96.37000274658203,95.51000213623047,96.18000030517578,58.433509826660156,2068000
2009-09-23,95.94000244140625,96.58000183105469,95.19999694824219,96.47000122070312,58.60965347290039,5712000
2009-09-24,96.5,97.08999633789062,96.16999816894531,96.75,58.77976608276367,4658400
2009-09-25,97.36000061035156,98.05999755859375,96.7699966430664,97.9800033569336,59.52708053588867,3854500
2009-09-28,98.31999969482422,98.93000030517578,98.11000061035156,98.83999633789062,60.04954528808594,4263300
2009-09-29,98.31999969482422,99.16999816894531,98.1500015258789,98.75,59.9948616027832,3123200
2009-09-30,98.55999755859375,99.12999725341797,98.36000061035156,98.66000366210938,59.94022750854492,2744800
2009-10-01,98.95999908447266,100.05999755859375,98.80000305175781,99.69999694824219,60.7611083984375,5754400
2009-10-02,100.27999877929688,100.30999755859375,98.87999725341797,99.01000213623047,60.34058380126953,4827700
2009-10-05,99.47000122070312,99.66000366210938,98.7699966430664,99.0199966430664,60.34666061401367,2910100
2009-10-06,98.76000213623047,98.80000305175781,97.9800033569336,98.04000091552734,59.749454498291016,3936200
2009-10-07,98.66999816894531,99.33000183105469,98.5999984741211,99.19000244140625,60.45026779174805,3591000
2009-10-08,99.70999908447266,99.76000213623047,97.68000030517578,98.1500015258789,59.81647491455078,5871600
2009-10-09,97.62000274658203,97.70999908447266,95.5,95.9000015258789,58.44525909423828,8135900
2009-10-12,96.02999877929688,96.33000183105469,95.5999984741211,96.05000305175781,58.53667068481445,1939700
2009-10-13,96.62000274658203,96.8499984741211,96.26000213623047,96.55000305175781,58.84138870239258,2886500
2009-10-14,95.51000213623047,96.0999984741211,94.9000015258789,95.12000274658203,57.96984100341797,5421000
2009-10-15,94.56999969482422,95.41999816894531,94.37000274658203,94.68000030517578,57.70173263549805,3736900
2009-10-16,95.19000244140625,95.52999877929688,94.7300033569336,95.44999694824219,58.170963287353516,3716800
2009-10-19,95.58999633789062,96.20999908447266,95.37999725341797,96.19999694824219,58.62806701660156,3163800
2009-10-20,97.0199966430664,97.25,96.54000091552734,96.72000122070312,58.94498062133789,2912400
2009-10-21,96.16000366210938,96.20999908447266,95.51000213623047,96.13999938964844,58.59151077270508,3355200
2009-10-22,95.37999725341797,95.83000183105469,95.33000183105469,95.66999816894531,58.30509567260742,2572200
2009-10-23,94.87999725341797,95.41999816894531,94.87000274658203,94.94999694824219,57.86628341674805,2996200
2009-10-26,94.44000244140625,94.51000213623047,93.55000305175781,93.72000122070312,57.11663055419922,4127400
2009-10-27,93.97000122070312,95.11000061035156,93.91999816894531,95.0,57.896728515625,4476300
2009-10-28,95.13999938964844,95.80000305175781,94.95999908447266,95.44999694824219,58.170963287353516,4585400
2009-10-29,94.81999969482422,95.05999755859375,93.94999694824219,94.41000366210938,57.53719711303711,4645300
2009-10-30,95.0999984741211,96.01000213623047,94.87000274658203,95.77999877929688,58.3720817565918,5118000
2009-11-02,95.51000213623047,95.58000183105469,94.80000305175781,95.05000305175781,58.11412811279297,3463800
2009-11-03,95.27999877929688,95.36000061035156,94.0,94.0999984741211,57.5332145690918,4470700
2009-11-04,93.61000061035156,94.06999969482422,92.80000305175781,93.23999786376953,57.00741958618164,5349500
2009-11-05,92.87000274658203,93.23999786376953,92.80000305175781,93.23999786376953,57.00741958618164,2852000
2009-11-06,93.37999725341797,93.44999694824219,92.45999908447266,93.33000183105469,57.062416076660156,3381100
2009-11-09,93.27999877929688,93.69999694824219,93.12999725341797,93.44000244140625,57.129703521728516,1697800
2009-11-10,94.05000305175781,94.0999984741211,92.91000366210938,93.2699966430664,57.02579879760742,2549900
2009-11-11,93.62999725341797,94.16000366210938,93.4800033569336,93.66000366210938,57.2642707824707,1771100
2009-11-12,93.23999786376953,93.58999633789062,92.44999694824219,93.48999786376953,57.160301208496094,3431300
2009-11-13,93.83000183105469,94.05999755859375,93.44999694824219,93.91999816894531,57.42319107055664,1594200
2009-11-16,94.6500015258789,95.44999694824219,94.5199966430664,95.0199966430664,58.095733642578125,5175700
2009-11-17,94.98999786376953,95.80000305175781,94.80999755859375,95.52999877929688,58.407562255859375,3174400
2009-11-18,95.44000244140625,95.52999877929688,94.73999786376953,94.97000122070312,58.06515884399414,2413600
2009-11-19,95.23999786376953,95.81999969482422,94.91000366210938,95.13999938964844,58.169132232666016,2969800
2009-11-20,95.0,95.37000274658203,94.58999633789062,95.12000274658203,58.156890869140625,4136300
2009-11-23,94.54000091552734,95.0999984741211,94.33999633789062,95.0,58.0834846496582,3219300
2009-11-24,95.11000061035156,95.69999694824219,94.98999786376953,95.5999984741211,58.450347900390625,2895200
2009-11-25,95.48999786376953,96.2300033569336,94.97000122070312,96.04000091552734,58.71940612792969,2789300
2009-11-27,96.4000015258789,96.55999755859375,96.08999633789062,96.4000015258789,58.93950271606445,2249100
2009-11-30,96.19999694824219,96.7300033569336,96.0,96.62999725341797,59.08015060424805,3115800
2009-12-01,95.76000213623047,95.93000030517578,95.19000244140625,95.25,58.4219970703125,3979100
2009-12-02,95.29000091552734,95.95999908447266,94.98999786376953,95.33000183105469,58.471031188964844,2193900
2009-12-03,94.43000030517578,94.83999633789062,94.23999786376953,94.33999633789062,57.86380386352539,3947300
2009-12-04,93.29000091552734,93.6500015258789,92.91000366210938,93.33999633789062,57.2504997253418,6108100
2009-12-07,93.2699966430664,93.73999786376953,93.08999633789062,93.45999908447266,57.32406997680664,2774200
2009-12-08,94.05000305175781,94.37000274658203,93.37000274658203,93.5999984741211,57.409950256347656,2378600
2009-12-09,93.69000244140625,94.05000305175781,92.68000030517578,93.16999816894531,57.14619064331055,3494300
2009-12-10,92.69000244140625,92.80000305175781,91.94999694824219,92.0999984741211,56.48992156982422,4446300
2009-12-11,91.83999633789062,92.26000213623047,91.30999755859375,92.08999633789062,56.483768463134766,3053400
2009-12-14,92.3499984741211,92.5,92.05000305175781,92.19999694824219,56.551246643066406,2380400
2009-12-15,91.56999969482422,92.0,91.48999786376953,91.79000091552734,56.29972839355469,2993900
2009-12-16,91.93000030517578,92.25,91.36000061035156,91.68000030517578,56.232330322265625,3301600
2009-12-17,92.5,93.2300033569336,92.19000244140625,93.19000244140625,57.15846633911133,4428900
2009-12-18,93.19999694824219,93.5,92.6500015258789,92.79000091552734,56.91313171386719,3789500
2009-12-21,92.05999755859375,92.19999694824219,91.13999938964844,91.13999938964844,55.901123046875,3524000
2009-12-22,90.80000305175781,90.87000274658203,90.41999816894531,90.62999725341797,55.588287353515625,3078800
2009-12-23,90.95999908447266,91.38999938964844,90.5,90.6500015258789,55.60054016113281,2336000
2009-12-24,90.33000183105469,90.36000061035156,89.66999816894531,89.70999908447266,55.02400588989258,1698900
2009-12-28,89.45999908447266,89.62999725341797,89.30000305175781,89.45999908447266,54.870689392089844,3170900
2009-12-29,89.26000213623047,89.88999938964844,89.19999694824219,89.7300033569336,55.232601165771484,2617000
2009-12-30,89.91999816894531,90.4800033569336,89.86000061035156,90.31999969482422,55.59577941894531,1919100
2009-12-31,89.76000213623047,90.11000061035156,89.05000305175781,89.88999938964844,55.33106994628906,3242400
2010-01-04,89.83999633789062,90.0999984741211,89.58000183105469,89.80999755859375,55.2818489074707,2829100
2010-01-05,90.05000305175781,90.62999725341797,90.0,90.38999938964844,55.63883590698242,2841600
2010-01-06,90.16999816894531,90.26000213623047,89.12000274658203,89.18000030517578,54.89403533935547,4099600
2010-01-07,89.22000122070312,89.63999938964844,89.12000274658203,89.33000183105469,54.98640823364258,2793200
2010-01-08,89.51000213623047,89.55999755859375,88.76000213623047,89.29000091552734,54.96179962158203,2910700
2010-01-11,88.98999786376953,89.36000061035156,88.7699966430664,88.80000305175781,54.660091400146484,2181300
2010-01-12,90.16000366210938,90.38999938964844,89.83999633789062,90.31999969482422,55.59577941894531,4321200
2010-01-13,89.93000030517578,90.27999877929688,89.22000122070312,89.2699966430664,54.949462890625,4755000
2010-01-14,89.69000244140625,90.5199966430664,89.54000091552734,90.5199966430664,55.71884536743164,4188800
2010-01-15,91.02999877929688,91.33000183105469,90.9800033569336,91.08000183105469,56.06355285644531,4142800
2010-01-19,90.72000122070312,91.12000274658203,90.41999816894531,90.81999969482422,55.903533935546875,2496000
2010-01-20,91.31999969482422,91.7699966430664,91.2699966430664,91.73999786376953,56.469844818115234,2800500
2010-01-21,91.55000305175781,92.38999938964844,91.45999908447266,92.16000366210938,56.72840118408203,4363100
2010-01-22,92.08999633789062,92.30999755859375,91.7699966430664,92.0,56.62985610961914,3666900
2010-01-25,91.54000091552734,91.91999816894531,91.48999786376953,91.58000183105469,56.371368408203125,2419500
2010-01-26,92.0199966430664,92.11000061035156,91.30999755859375,91.61000061035156,56.38984298706055,3138100
2010-01-27,91.75,92.08999633789062,91.37000274658203,91.55999755859375,56.35903549194336,3325700
2010-01-28,91.12999725341797,91.69999694824219,91.05999755859375,91.51000213623047,56.32829284667969,3058200
2010-01-29,91.41000366210938,92.36000061035156,91.25,92.30999755859375,56.82073974609375,4930600
2010-02-01,91.70999908447266,91.7300033569336,91.05000305175781,91.1500015258789,56.30491638183594,3598500
2010-02-02,91.18000030517578,91.44999694824219,91.04000091552734,91.41000366210938,56.46553039550781,3047500
2010-02-03,90.80999755859375,90.97000122070312,90.2699966430664,90.3499984741211,55.810733795166016,5343700
2010-02-04,90.98999786376953,91.81999969482422,90.9000015258789,91.77999877929688,56.694061279296875,6095000
2010-02-05,91.37000274658203,92.41999816894531,91.20999908447266,91.9800033569336,56.817630767822266,6875800
2010-02-08,91.87000274658203,92.1500015258789,91.6500015258789,92.0999984741211,56.89171600341797,3386000
2010-02-09,91.73999786376953,92.22000122070312,91.13999938964844,91.18000030517578,56.32345199584961,4790000
2010-02-10,91.31999969482422,91.5999984741211,90.19999694824219,90.30999755859375,55.78601837158203,5068000
2010-02-11,90.19999694824219,90.27999877929688,89.37999725341797,89.81999969482422,55.48335266113281,5087500
2010-02-12,90.30999755859375,90.41999816894531,89.94999694824219,90.19000244140625,55.71188735961914,2833800
2010-02-16,89.7300033569336,90.44000244140625,89.7300033569336,90.36000061035156,55.816890716552734,2440900
2010-02-17,89.91999816894531,90.08999633789062,89.08000183105469,89.33000183105469,55.180686950683594,4368200
2010-02-18,89.45999908447266,89.5,88.51000213623047,88.97000122070312,54.95830154418945,5121800
2010-02-19,89.23999786376953,89.51000213623047,88.9000015258789,89.44999694824219,55.25481414794922,3502500
2010-02-22,89.12000274658203,89.31999969482422,88.91999816894531,89.08000183105469,55.026222229003906,3382600
2010-02-23,89.33999633789062,90.54000091552734,89.30000305175781,90.47000122070312,55.88480758666992,5474500
2010-02-24,90.55000305175781,90.87999725341797,90.18000030517578,90.69000244140625,56.02078628540039,4423200
2010-02-25,91.18000030517578,91.29000091552734,90.9000015258789,91.19999694824219,56.335777282714844,3707700
2010-02-26,91.45999908447266,92.05999755859375,91.41000366210938,91.66999816894531,56.626136779785156,4349100
2010-03-01,91.33000183105469,91.52999877929688,90.95999908447266,91.33999633789062,56.60129165649414,2415200
2010-03-02,90.87999725341797,91.27999877929688,90.69999694824219,91.22000122070312,56.526973724365234,2260600
2010-03-03,91.01000213623047,91.08000183105469,90.69999694824219,90.98999786376953,56.38445281982422,2156100
2010-03-04,90.95999908447266,91.68000030517578,90.83000183105469,91.47000122070312,56.68190383911133,2374700
2010-03-05,90.83000183105469,90.87000274658203,90.12000274658203,90.2699966430664,55.93825149536133,3823200
2010-03-08,89.9000015258789,89.97000122070312,89.69999694824219,89.80000305175781,55.64700698852539,2850400
2010-03-09,89.9800033569336,90.0,89.4000015258789,89.81999969482422,55.659427642822266,2573700
2010-03-10,89.48999786376953,89.69999694824219,89.19000244140625,89.58999633789062,55.516902923583984,3216200
2010-03-11,89.38999938964844,90.13999938964844,89.37000274658203,89.91999816894531,55.72135925292969,2621000
2010-03-12,89.7699966430664,90.6500015258789,89.7300033569336,90.4800033569336,56.06841278076172,3099100
2010-03-15,90.3499984741211,90.47000122070312,90.05000305175781,90.36000061035156,55.9940299987793,1936800
2010-03-16,90.55999755859375,91.08999633789062,90.54000091552734,91.08000183105469,56.440185546875,3932600
2010-03-17,91.30999755859375,91.47000122070312,91.06999969482422,91.47000122070312,56.68190383911133,3481200
2010-03-18,91.41999816894531,91.4800033569336,91.01000213623047,91.16999816894531,56.49600601196289,2750300
2010-03-19,91.26000213623047,91.58000183105469,90.87000274658203,91.26000213623047,56.55176544189453,2976300
2010-03-22,91.3499984741211,91.48999786376953,91.22000122070312,91.36000061035156,56.61372375488281,2452300
2010-03-23,91.06999969482422,91.31999969482422,90.91000366210938,90.93000030517578,56.3472900390625,2910000
2010-03-24,89.83999633789062,90.25,89.05999755859375,89.2699966430664,55.3186149597168,8049300
2010-03-25,89.12999725341797,89.23999786376953,88.37000274658203,88.69999694824219,54.96537399291992,8268400
2010-03-26,88.54000091552734,89.12000274658203,88.48999786376953,88.94999694824219,55.12030792236328,4110700
2010-03-29,88.77999877929688,88.8499984741211,88.30999755859375,88.61000061035156,54.90962600708008,3245100
2010-03-30,88.5199966430664,88.94999694824219,88.2699966430664,88.88999938964844,55.0831184387207,3254600
2010-03-31,89.22000122070312,89.5199966430664,88.94999694824219,89.5,55.46113204956055,4263900
2010-04-01,88.7699966430664,89.02999877929688,88.43000030517578,88.94999694824219,55.3255500793457,2912400
2010-04-05,87.9800033569336,88.13999938964844,87.41000366210938,87.47000122070312,54.40497970581055,5652000
2010-04-06,87.80000305175781,87.8499984741211,87.3499984741211,87.61000061035156,54.492103576660156,3584600
2010-04-07,87.44999694824219,88.91999816894531,87.30000305175781,88.7300033569336,55.188682556152344,6389900
2010-04-08,88.88999938964844,89.12999725341797,88.4800033569336,88.7699966430664,55.21360778808594,3797600
2010-04-09,88.61000061035156,89.05999755859375,88.41000366210938,88.9800033569336,55.344181060791016,2311300
2010-04-12,89.16999816894531,89.55999755859375,89.08999633789062,89.44999694824219,55.63655471801758,2939600
2010-04-13,89.88999938964844,89.94999694824219,89.5199966430664,89.73999786376953,55.81688690185547,3090900
2010-04-14,89.76000213623047,89.87000274658203,89.11000061035156,89.11000061035156,55.42507553100586,3570100
2010-04-15,88.8499984741211,89.5,88.68000030517578,89.20999908447266,55.487220764160156,3698000
2010-04-16,89.4000015258789,89.98999786376953,89.23999786376953,89.86000061035156,55.89155960083008,8303900
2010-04-19,89.87000274658203,90.02999877929688,89.5199966430664,89.63999938964844,55.75469207763672,3211500
2010-04-20,89.8499984741211,89.98999786376953,89.63999938964844,89.95999908447266,55.95371627807617,2285000
2010-04-21,90.2699966430664,90.83000183105469,90.26000213623047,90.69999694824219,56.413997650146484,4162200
2010-04-22,90.9000015258789,91.08999633789062,90.33000183105469,90.43000030517578,56.24607467651367,2841400
2010-04-23,90.20999908447266,90.36000061035156,89.87000274658203,90.11000061035156,56.04703903198242,4776000
2010-04-26,90.51000213623047,90.6500015258789,89.94000244140625,90.20999908447266,56.10920333862305,4753900
2010-04-27,90.8499984741211,91.91999816894531,90.69999694824219,91.4800033569336,56.89914321899414,13199200
2010-04-28,91.12999725341797,91.3499984741211,90.4800033569336,90.69999694824219,56.413997650146484,8379500
2010-04-29,90.86000061035156,91.22000122070312,90.5199966430664,91.08000183105469,56.65033721923828,4067200
2010-04-30,91.27999877929688,92.16999816894531,91.11000061035156,92.12999725341797,57.30341720581055,6924800
2010-05-03,91.41999816894531,92.0199966430664,91.27999877929688,91.69000244140625,57.22853469848633,4211800
2010-05-04,92.80999755859375,93.47000122070312,92.55999755859375,93.33999633789062,58.258392333984375,11054800
2010-05-05,94.05999755859375,94.8499984741211,93.3499984741211,93.88999938964844,58.60166549682617,12219100
2010-05-06,94.16000366210938,100.0,93.77999877929688,96.79000091552734,60.41172790527344,19578200
2010-05-07,95.87999725341797,98.08999633789062,95.2699966430664,95.58000183105469,59.656497955322266,18740600
2010-05-10,93.16000366210938,93.94000244140625,93.08999633789062,93.5999984741211,58.4206657409668,10240100
2010-05-11,93.9800033569336,94.0199966430664,92.98999786376953,93.36000061035156,58.27088928222656,7729100
2010-05-12,93.13999938964844,93.26000213623047,92.61000061035156,92.6500015258789,57.82772445678711,5530800
2010-05-13,93.26000213623047,93.55000305175781,92.19999694824219,93.26000213623047,58.208526611328125,6849700
2010-05-14,94.12000274658203,95.5,94.08999633789062,94.87999725341797,59.219573974609375,9796500
2010-05-17,94.72000122070312,95.70999908447266,94.47000122070312,94.52999877929688,59.00115203857422,6302200
2010-05-18,94.9000015258789,96.16999816894531,94.7699966430664,95.9800033569336,59.90616989135742,9904100
2010-05-19,95.94000244140625,96.94999694824219,95.93000030517578,96.30000305175781,60.10585403442383,14121200
2010-05-20,97.91000366210938,98.56999969482422,97.52999877929688,98.33000183105469,61.372901916503906,17666900
2010-05-21,99.61000061035156,99.75,97.86000061035156,98.43000030517578,61.43532943725586,18670600
2010-05-24,98.73999786376953,98.87000274658203,97.9000015258789,98.08999633789062,61.22309875488281,7721100
2010-05-25,99.6500015258789,99.88999938964844,98.4000015258789,98.56999969482422,61.522674560546875,12952700
2010-05-26,98.22000122070312,98.4000015258789,97.4000015258789,98.29000091552734,61.347991943359375,12644800
2010-05-27,96.83000183105469,96.98999786376953,95.87999725341797,96.05999755859375,59.95607376098633,7653200
2010-05-28,96.48999786376953,96.77999877929688,96.0199966430664,96.5,60.23073959350586,5805500
2010-06-01,97.2300033569336,97.29000091552734,96.25,96.8499984741211,60.6540641784668,5536200
2010-06-02,96.98999786376953,97.19000244140625,95.81999969482422,95.93000030517578,60.077903747558594,5656400
2010-06-03,95.20999908447266,95.91000366210938,95.0999984741211,95.2300033569336,59.63954544067383,8499500
2010-06-04,96.94000244140625,97.94999694824219,96.69999694824219,97.79000091552734,61.242759704589844,7479600
2010-06-07,97.5199966430664,98.58999633789062,97.33000183105469,98.54000091552734,61.71247100830078,5288200
2010-06-08,97.93000030517578,98.51000213623047,97.76000213623047,98.05000305175781,61.40557861328125,5510800
2010-06-09,97.5999984741211,98.12000274658203,97.20999908447266,97.94000244140625,61.336708068847656,5598000
2010-06-10,97.19999694824219,97.29000091552734,96.08999633789062,96.19000244140625,60.24071502685547,6075100
2010-06-11,97.08999633789062,97.80999755859375,96.61000061035156,97.41000366210938,61.00476837158203,6266700
2010-06-14,96.31999969482422,97.04000091552734,96.22000122070312,96.91000366210938,60.69166946411133,5310400
2010-06-15,97.11000061035156,97.25,96.05000305175781,96.51000213623047,60.44115447998047,4920100
2010-06-16,97.19000244140625,97.22000122070312,96.38999938964844,97.05999755859375,60.78556442260742,4011100
2010-06-17,97.1500015258789,98.2300033569336,97.06999969482422,97.8499984741211,61.280330657958984,5650900
2010-06-18,97.88999938964844,98.11000061035156,97.56999969482422,97.69000244140625,61.18014907836914,4171700
2010-06-21,96.45999908447266,97.55000305175781,96.41000366210938,97.41000366210938,61.00476837158203,5740900
2010-06-22,97.68000030517578,98.5999984741211,97.41999816894531,98.56999969482422,61.73122024536133,5658900
2010-06-23,98.61000061035156,99.56999969482422,98.56999969482422,99.23999786376953,62.15089416503906,9137800
2010-06-24,99.3499984741211,99.58999633789062,98.3499984741211,98.6500015258789,61.78139114379883,6184600
2010-06-25,98.31999969482422,99.33000183105469,98.16000366210938,99.05000305175781,62.03185272216797,5148300
2010-06-28,99.5999984741211,100.0,99.41999816894531,99.9800033569336,62.6142578125,5436000
2010-06-29,100.31999969482422,101.12999725341797,100.16000366210938,101.06999969482422,63.29692840576172,7334200
2010-06-30,101.41000366210938,101.79000091552734,100.80000305175781,101.75,63.72279357910156,7205700
2010-07-01,101.56999969482422,102.66000366210938,101.37999725341797,101.5999984741211,63.82331466674805,12893400
2010-07-02,101.11000061035156,101.44000244140625,100.16000366210938,100.79000091552734,63.314449310302734,6297600
2010-07-06,100.83000183105469,101.75,100.73999786376953,101.62000274658203,63.83587646484375,6620400
2010-07-07,101.45999908447266,101.51000213623047,100.33999633789062,100.43000030517578,63.08832931518555,5727800
2010-07-08,99.81999969482422,100.16000366210938,99.55000305175781,99.79000091552734,62.6862907409668,6260600
2010-07-09,99.4000015258789,99.63999938964844,99.18000030517578,99.22000122070312,62.32821273803711,4286000
2010-07-12,99.33000183105469,99.83999633789062,99.04000091552734,99.18000030517578,62.303131103515625,4062100
2010-07-13,98.8499984741211,98.88999938964844,98.18000030517578,98.33000183105469,61.769126892089844,5842500
2010-07-14,98.72000122070312,99.48999786376953,98.38999938964844,99.31999969482422,62.39104080200195,5417300
2010-07-15,99.73999786376953,100.58999633789062,99.69999694824219,100.30999755859375,63.01295852661133,6996100
2010-07-16,100.30999755859375,101.12999725341797,100.2699966430664,100.80000305175781,63.320743560791016,7512400
2010-07-19,100.55999755859375,100.75,99.9800033569336,100.18000030517578,62.93126678466797,4305800
2010-07-20,100.66999816894531,100.9000015258789,100.18000030517578,100.33000183105469,63.02546310424805,5076600
2010-07-21,100.44999694824219,102.27999877929688,100.41000366210938,102.02999877929688,64.0934066772461,7894200
2010-07-22,101.51000213623047,101.5199966430664,100.81999969482422,100.8499984741211,63.35213851928711,5759700
2010-07-23,100.80000305175781,100.97000122070312,99.69000244140625,99.77999877929688,62.68000793457031,6259100
2010-07-26,99.62999725341797,99.80999755859375,99.0,99.61000061035156,62.573211669921875,4856400
2010-07-27,98.77999877929688,99.18000030517578,98.56999969482422,98.6500015258789,61.970191955566406,5328000
2010-07-28,98.48999786376953,99.19000244140625,98.2699966430664,98.97000122070312,62.171207427978516,5507200
2010-07-29,98.0999984741211,99.0199966430664,97.91999816894531,98.94000244140625,62.152320861816406,6305500
2010-07-30,100.19999694824219,100.61000061035156,99.8499984741211,100.4800033569336,63.11970520019531,7683200
2010-08-02,99.23999786376953,99.33000183105469,98.75,98.75,62.23362731933594,5769200
2010-08-03,99.19999694824219,99.66000366210938,98.93000030517578,99.31999969482422,62.59286880493164,4363500
2010-08-04,99.5,99.51000213623047,98.55999755859375,98.55999755859375,62.11391830444336,3820400
2010-08-05,99.33999633789062,99.48999786376953,98.83999633789062,99.0199966430664,62.40378189086914,3704200
2010-08-06,99.79000091552734,100.20999908447266,99.48999786376953,100.0999984741211,63.08445358276367,6042400
2010-08-09,99.73999786376953,99.9800033569336,99.61000061035156,99.7300033569336,62.85127639770508,2578500
2010-08-10,100.05999755859375,101.01000213623047,99.47000122070312,99.94000244140625,62.983612060546875,11251000
2010-08-11,100.30999755859375,101.38999938964844,100.30999755859375,101.27999877929688,63.828125,6778300
2010-08-12,101.58000183105469,101.94000244140625,100.87000274658203,101.02999877929688,63.67052459716797,7590100
2010-08-13,101.62000274658203,102.44999694824219,101.4800033569336,102.29000091552734,64.4646224975586,7843600
2010-08-16,104.20999908447266,104.88999938964844,104.06999969482422,104.8499984741211,66.07794952392578,7976200
2010-08-17,104.8499984741211,104.86000061035156,104.0,104.25,65.69985961914062,6756800
2010-08-18,105.0,105.6500015258789,104.48999786376953,104.52999877929688,65.87626647949219,7721600
2010-08-19,104.79000091552734,106.61000061035156,104.63999938964844,106.16000366210938,66.9035415649414,13128500
2010-08-20,106.41000366210938,106.83000183105469,105.83999633789062,106.04000091552734,66.82794952392578,7040300
2010-08-23,105.6500015258789,106.19000244140625,105.25,106.05999755859375,66.84049987792969,6360100
2010-08-24,107.04000091552734,108.12999725341797,106.66999816894531,107.76000213623047,67.91190338134766,9812100
2010-08-25,108.80000305175781,109.33999633789062,107.06999969482422,107.41000366210938,67.69127655029297,13299800
2010-08-26,107.55999755859375,108.48999786376953,107.29000091552734,108.41999816894531,68.32780456542969,7039900
2010-08-27,107.7699966430664,108.33000183105469,105.19999694824219,105.3499984741211,66.39309692382812,13514000
2010-08-30,106.20999908447266,107.4000015258789,105.81999969482422,107.37000274658203,67.66609191894531,5535300
2010-08-31,108.22000122070312,108.6500015258789,107.62000274658203,108.55999755859375,68.41607666015625,8397000
2010-09-01,107.0199966430664,107.05000305175781,105.08999633789062,106.0,67.00143432617188,12480700
2010-09-02,105.19999694824219,105.30000305175781,104.4000015258789,104.87999725341797,66.29354095458984,8167600
2010-09-03,102.72000122070312,103.94000244140625,102.69999694824219,103.58000183105469,65.47180938720703,9210700
2010-09-07,105.08999633789062,105.77999877929688,104.80999755859375,105.69999694824219,66.81180572509766,6018400
2010-09-08,105.08999633789062,105.20999908447266,104.36000061035156,104.86000061035156,66.2808837890625,6698400
2010-09-09,103.69999694824219,103.83999633789062,102.63999938964844,102.79000091552734,64.97248077392578,8588900
2010-09-10,102.25,102.69999694824219,101.8499984741211,102.31999969482422,64.67535400390625,6910300
2010-09-13,101.80000305175781,103.05000305175781,101.7699966430664,102.81999969482422,64.99134826660156,7054800
2010-09-14,103.02999877929688,103.81999969482422,102.97000122070312,103.80999755859375,65.61717224121094,5978100
2010-09-15,102.75,103.26000213623047,102.13999938964844,102.2699966430664,64.64376068115234,7919100
2010-09-16,101.52999877929688,101.81999969482422,100.8499984741211,101.26000213623047,64.00535583496094,17116200
2010-09-17,101.83000183105469,102.16000366210938,101.31999969482422,101.66999816894531,64.26448822021484,9203600
2010-09-20,102.1500015258789,102.44999694824219,101.69000244140625,102.26000213623047,64.63736724853516,5277800
2010-09-21,102.66999816894531,104.0199966430664,102.26000213623047,103.68000030517578,65.53496551513672,12664000
2010-09-22,104.55000305175781,105.06999969482422,103.8499984741211,104.61000061035156,66.12284851074219,8229400
2010-09-23,105.41000366210938,105.45999908447266,104.23999786376953,104.91000366210938,66.31248474121094,7412200
2010-09-24,103.95999908447266,104.11000061035156,103.5,103.5,65.42120361328125,8942500
2010-09-27,104.52999877929688,105.44999694824219,104.4800033569336,105.30000305175781,66.55899810791016,7061600
2010-09-28,105.37999725341797,106.31999969482422,105.33999633789062,106.0199966430664,67.01405334472656,8262900
2010-09-29,106.16999816894531,106.2699966430664,105.3499984741211,105.58000183105469,66.73596954345703,5507100
2010-09-30,105.4000015258789,105.58999633789062,104.02999877929688,105.51000213623047,66.69170379638672,10618400
2010-10-01,104.2300033569336,105.13999938964844,103.9800033569336,104.61000061035156,66.36942291259766,9368400
2010-10-04,104.62000274658203,104.93000030517578,104.41000366210938,104.87999725341797,66.54073333740234,4422700
2010-10-05,104.7300033569336,104.80999755859375,103.93000030517578,104.25,66.14106750488281,8491800
2010-10-06,104.9000015258789,106.0999984741211,104.86000061035156,105.55999755859375,66.97213745117188,6476100
2010-10-07,105.16999816894531,105.37999725341797,104.66999816894531,104.68000030517578,66.41380310058594,5780700
2010-10-08,104.87000274658203,105.45999908447266,104.22000122070312,104.22000122070312,66.12196350097656,6128700
2010-10-11,104.11000061035156,104.43000030517578,103.94000244140625,104.23999786376953,66.13465881347656,1474200
2010-10-12,104.41000366210938,104.76000213623047,103.18000030517578,103.20999908447266,65.48119354248047,6122400
2010-10-13,102.3499984741211,103.12000274658203,102.04000091552734,103.05000305175781,65.37969207763672,8168400
2010-10-14,103.29000091552734,103.6500015258789,101.47000122070312,101.51000213623047,64.40265655517578,10945000
2010-10-15,100.5999984741211,101.05000305175781,99.88999938964844,100.2699966430664,63.61591339111328,12694700
2010-10-18,101.19999694824219,101.44999694824219,100.77999877929688,101.08000183105469,64.12980651855469,5592200
2010-10-19,100.58000183105469,102.08999633789062,100.55000305175781,101.69000244140625,64.51681518554688,8017500
2010-10-20,101.37000274658203,102.27999877929688,101.20999908447266,101.91000366210938,64.65641021728516,5515800
2010-10-21,101.69000244140625,101.91000366210938,100.69000244140625,100.69999694824219,63.88874053955078,6836100
2010-10-22,100.44000244140625,101.47000122070312,100.41000366210938,101.37999725341797,64.32014465332031,4770700
2010-10-25,102.12000274658203,102.29000091552734,101.55000305175781,101.66999816894531,64.50408935546875,5632300
2010-10-26,100.86000061035156,101.05999755859375,100.05000305175781,100.0999984741211,63.50808334350586,8432000
2010-10-27,99.68000030517578,100.16999816894531,99.22000122070312,99.22000122070312,62.94973373413086,9245200
2010-10-28,99.58000183105469,99.83000183105469,99.16000366210938,99.48999786376953,63.12102127075195,8052600
2010-10-29,99.81999969482422,100.45999908447266,99.62000274658203,100.41999816894531,63.71110916137695,6753800
2010-11-01,100.80000305175781,100.80999755859375,99.48999786376953,99.66999816894531,63.4367790222168,5921000
2010-11-02,100.45999908447266,101.08999633789062,100.41999816894531,100.9800033569336,64.27061462402344,6537400
2010-11-03,101.7300033569336,102.2699966430664,98.43000030517578,98.91999816894531,62.95938491821289,25541800
2010-11-04,99.16999816894531,99.87000274658203,99.08000183105469,99.69000244140625,63.4494743347168,13246500
2010-11-05,98.3499984741211,98.80000305175781,97.9800033569336,97.9800033569336,62.36119079589844,12435000
2010-11-08,98.58999633789062,98.91999816894531,97.81999969482422,98.41999816894531,62.64118576049805,6795200
2010-11-09,98.48999786376953,98.5199966430664,96.19000244140625,96.25,61.260047912597656,15061700
2010-11-10,96.3499984741211,96.73999786376953,95.0,96.37999725341797,61.34276580810547,18540400
2010-11-11,96.44999694824219,96.62999725341797,96.13999938964844,96.33000183105469,61.31092834472656,3368100
2010-11-12,96.20999908447266,96.73999786376953,95.80999755859375,95.80999755859375,60.97993087768555,11739500
2010-11-15,95.33000183105469,95.72000122070312,93.80999755859375,93.80999755859375,59.707035064697266,14978700
2010-11-16,94.91000366210938,96.25,93.98999786376953,96.13999938964844,61.19003677368164,19901300
2010-11-17,95.80000305175781,96.76000213623047,95.33999633789062,95.61000061035156,60.852718353271484,9915600
2010-11-18,95.68000030517578,96.0,94.80000305175781,96.0,61.10093307495117,12424800
2010-11-19,96.08999633789062,96.58999633789062,95.79000091552734,96.58999633789062,61.47639846801758,8359500
2010-11-22,97.37000274658203,97.62000274658203,96.23999786376953,97.0,61.73740005493164,10413500
2010-11-23,97.66999816894531,97.94999694824219,97.23999786376953,97.4800033569336,62.042911529541016,9566900
2010-11-24,96.80999755859375,96.98999786376953,95.58000183105469,95.73999786376953,60.93547058105469,11467600
2010-11-26,96.72000122070312,97.12000274658203,96.55000305175781,97.06999969482422,61.78192138671875,4848900
2010-11-29,97.55999755859375,97.94999694824219,97.08999633789062,97.9000015258789,62.31024169921875,8950000
2010-11-30,99.20999908447266,99.2699966430664,98.11000061035156,98.41000366210938,62.63481903076172,11947600
2010-12-01,96.6500015258789,97.11000061035156,95.88999938964844,95.88999938964844,61.24248504638672,15441200
2010-12-02,95.95999908447266,96.54000091552734,95.52999877929688,95.63999938964844,61.08283615112305,9318700
2010-12-03,96.27999877929688,96.33000183105469,94.8499984741211,94.88999938964844,60.60380554199219,10194800
2010-12-06,95.5199966430664,96.25,95.30999755859375,96.2300033569336,61.45964813232422,7001800
2010-12-07,94.72000122070312,94.91999816894531,93.16000366210938,94.16999816894531,60.14399719238281,18533100
2010-12-08,93.72000122070312,93.80000305175781,92.11000061035156,93.26000213623047,59.56281661987305,19275900
2010-12-09,93.5999984741211,94.2699966430664,92.7300033569336,93.72000122070312,59.8565788269043,17477100
2010-12-10,93.29000091552734,93.86000061035156,93.13999938964844,93.1500015258789,59.4925651550293,7078500
2010-12-13,93.05000305175781,94.02999877929688,92.55999755859375,93.5,59.71607208251953,12399900
2010-12-14,92.4000015258789,93.0199966430664,91.44000244140625,92.13999938964844,58.84746551513672,23516400
2010-12-15,92.08000183105469,92.23999786376953,90.47000122070312,90.94000244140625,58.08108901977539,26084000
2010-12-16,91.02999877929688,91.58000183105469,90.56999969482422,91.56999969482422,58.483428955078125,17939000
2010-12-17,91.87999725341797,93.7699966430664,91.86000061035156,93.23999786376953,59.5500373840332,16849700
2010-12-20,93.75,94.2300033569336,92.63999938964844,93.13999938964844,59.48616409301758,13703500
2010-12-21,93.12999725341797,93.79000091552734,92.48999786376953,93.79000091552734,59.90134048461914,8985100
2010-12-22,93.47000122070312,93.55000305175781,92.93000030517578,93.12000274658203,59.473358154296875,6440900
2010-12-23,93.18000030517578,93.2300033569336,92.52999877929688,92.93000030517578,59.3520393371582,7091800
2010-12-27,92.76000213623047,93.87999725341797,92.30000305175781,93.76000213623047,59.88216781616211,5285900
2010-12-28,92.93000030517578,93.06999969482422,91.30999755859375,91.61000061035156,58.709354400634766,13972100
2010-12-29,91.76000213623047,93.5199966430664,91.47000122070312,93.16000366210938,59.70271301269531,13115400
2010-12-30,92.87999725341797,93.27999877929688,92.41000366210938,93.08999633789062,59.65782928466797,7029900
2010-12-31,93.51000213623047,94.69999694824219,93.44000244140625,94.12000274658203,60.31788635253906,8516000
2011-01-03,93.19999694824219,94.30999755859375,92.94999694824219,93.41000366210938,59.86289978027344,13799400
2011-01-04,93.41000366210938,93.7699966430664,92.91000366210938,93.5199966430664,59.933414459228516,10466900
2011-01-05,92.48999786376953,92.69000244140625,91.19000244140625,91.45999908447266,58.61323547363281,17568000
2011-01-06,91.54000091552734,92.12000274658203,91.16000366210938,91.86000061035156,58.869625091552734,9317500
2011-01-07,91.51000213623047,92.62999725341797,91.02999877929688,92.3499984741211,59.18360900878906,12694600
2011-01-10,92.58000183105469,92.98999786376953,92.18000030517578,92.8499984741211,59.504024505615234,8295200
2011-01-11,92.48999786376953,92.5999984741211,91.69000244140625,92.33000183105469,59.17075729370117,9495400
2011-01-12,91.73999786376953,92.16999816894531,91.44999694824219,91.61000061035156,58.709354400634766,9522900
2011-01-13,91.62000274658203,92.7699966430664,91.44999694824219,92.43000030517578,59.23484802246094,14502400
2011-01-14,92.77999877929688,92.9000015258789,91.76000213623047,91.83999633789062,58.85673904418945,8960700
2011-01-18,91.29000091552734,91.70999908447266,90.7300033569336,91.41000366210938,58.58114242553711,10663600
2011-01-19,91.41000366210938,92.06999969482422,91.36000061035156,92.06999969482422,59.004127502441406,8886900
2011-01-20,91.5,91.61000061035156,90.38999938964844,90.80000305175781,58.19021987915039,14203400
2011-01-21,90.69000244140625,91.5199966430664,90.51000213623047,91.5199966430664,58.651676177978516,9085600
2011-01-24,91.87000274658203,91.9000015258789,91.37999725341797,91.55999755859375,58.677330017089844,7700200
2011-01-25,91.94000244140625,92.9000015258789,91.31999969482422,92.43000030517578,59.23484802246094,13438100
2011-01-26,92.22000122070312,92.26000213623047,90.88999938964844,91.02999877929688,58.337642669677734,13322900
2011-01-27,91.06999969482422,91.6500015258789,90.66999816894531,91.44000244140625,58.600399017333984,10868700
2011-01-28,90.80999755859375,92.27999877929688,90.7699966430664,91.91999816894531,58.90803527832031,11993200
2011-01-31,91.66000366210938,91.9800033569336,91.05000305175781,91.22000122070312,58.45942687988281,8647600
2011-02-01,90.55000305175781,90.83999633789062,90.13999938964844,90.44999694824219,58.17002487182617,11508400
2011-02-02,90.9000015258789,91.0,89.9000015258789,90.47000122070312,58.18286895751953,13624600
2011-02-03,89.95999908447266,90.56999969482422,89.70999908447266,89.72000122070312,57.700557708740234,12785800
2011-02-04,89.5,89.6500015258789,88.7699966430664,88.80999755859375,57.115299224853516,17172200
2011-02-07,88.69999694824219,89.30000305175781,88.56999969482422,89.2699966430664,57.41114044189453,8554800
2011-02-08,89.30999755859375,89.54000091552734,88.36000061035156,88.44999694824219,56.8837776184082,10454200
2011-02-09,88.69000244140625,89.66000366210938,88.13999938964844,89.22000122070312,57.37898635864258,13078600
2011-02-10,88.9000015258789,89.13999938964844,88.18000030517578,88.19000244140625,56.71656799316406,10486800
2011-02-11,89.02999877929688,89.52999877929688,88.73999786376953,89.45999908447266,57.53331756591797,11333400
2011-02-14,89.30999755859375,89.93000030517578,89.30999755859375,89.5199966430664,57.57193374633789,8033500
2011-02-15,89.55999755859375,89.97000122070312,89.37000274658203,89.91999816894531,57.829158782958984,7298000
2011-02-16,89.87000274658203,90.31999969482422,89.33999633789062,89.62999725341797,57.64265441894531,8446300
2011-02-17,90.0199966430664,90.18000030517578,89.66000366210938,89.7699966430664,57.732662200927734,6732500
2011-02-18,89.41999816894531,89.55000305175781,89.08000183105469,89.48999786376953,57.55263900756836,6080700
2011-02-22,89.91000366210938,90.94000244140625,89.70999908447266,90.83000183105469,58.41441345214844,11905700
2011-02-23,91.0999984741211,91.55000305175781,90.73999786376953,91.16000366210938,58.62664031982422,14522600
2011-02-24,91.62999725341797,92.04000091552734,91.44000244140625,91.73999786376953,58.99961853027344,12110900
2011-02-25,91.73999786376953,92.27999877929688,91.63999938964844,92.27999877929688,59.346923828125,6841700
2011-02-28,92.30000305175781,92.5199966430664,92.08000183105469,92.4000015258789,59.424129486083984,9682500
2011-03-01,91.5199966430664,92.4000015258789,91.47000122070312,92.37000274658203,59.59636688232422,8048700
2011-03-02,91.83999633789062,91.98999786376953,90.94000244140625,90.94999694824219,58.68016815185547,8526400
2011-03-03,90.52999877929688,90.77999877929688,89.9800033569336,90.05999755859375,58.10597610473633,10607600
2011-03-04,90.0999984741211,90.8499984741211,90.0,90.80999755859375,58.589881896972656,9316200
2011-03-07,90.0199966430664,90.86000061035156,89.8499984741211,90.2300033569336,58.215667724609375,7522300
2011-03-08,90.11000061035156,90.33999633789062,89.6500015258789,89.68000030517578,57.86082458496094,8498700
2011-03-09,90.08999633789062,90.81999969482422,89.8499984741211,90.55000305175781,58.422119140625,8904800
2011-03-10,90.87000274658203,92.0999984741211,90.63999938964844,92.06999969482422,59.402809143066406,13385800
2011-03-11,92.04000091552734,92.08000183105469,91.33000183105469,91.55000305175781,59.06733703613281,8407600
2011-03-14,91.4800033569336,91.91999816894531,91.31999969482422,91.51000213623047,59.041481018066406,6765200
2011-03-15,92.80000305175781,93.05000305175781,92.36000061035156,92.87999725341797,59.92539978027344,14893800
2011-03-16,93.37000274658203,94.94000244140625,93.08000183105469,93.93000030517578,60.602848052978516,24294200
2011-03-17,93.23999786376953,93.61000061035156,92.76000213623047,93.20999908447266,60.13833999633789,10528500
2011-03-18,92.75,93.4800033569336,92.69000244140625,93.45999908447266,60.29964828491211,7260900
2011-03-21,93.12999725341797,93.18000030517578,92.56999969482422,92.91000366210938,59.944766998291016,10542900
2011-03-22,92.80999755859375,93.29000091552734,92.73999786376953,93.22000122070312,60.144752502441406,6904700
2011-03-23,93.8499984741211,93.87999725341797,92.93000030517578,93.0999984741211,60.067352294921875,8358000
2011-03-24,92.76000213623047,92.87999725341797,92.38999938964844,92.4000015258789,59.61575698852539,9477600
2011-03-25,92.86000061035156,92.95999908447266,92.0199966430664,92.16999816894531,59.46732711791992,6447200
2011-03-28,92.12000274658203,92.66999816894531,92.0,92.30000305175781,59.551239013671875,3996800
2011-03-29,91.9800033569336,92.5,91.56999969482422,91.58999633789062,59.0931282043457,6487200
2011-03-30,91.72000122070312,92.31999969482422,91.55999755859375,92.31999969482422,59.56406021118164,5048300
2011-03-31,92.66999816894531,92.72000122070312,91.61000061035156,92.12999725341797,59.441524505615234,9654300
2011-04-01,91.5,92.2699966430664,91.41999816894531,92.19000244140625,59.73047637939453,7860400
2011-04-04,92.19999694824219,92.58000183105469,92.12999725341797,92.29000091552734,59.795249938964844,4469100
2011-04-05,92.16000366210938,92.37999725341797,91.66999816894531,91.91999816894531,59.55556869506836,9951600
2011-04-06,91.7699966430664,91.79000091552734,90.54000091552734,90.54000091552734,58.661441802978516,9090900
2011-04-07,90.52999877929688,90.76000213623047,90.12999725341797,90.36000061035156,58.544822692871094,9265100
2011-04-08,89.93000030517578,90.31999969482422,89.8499984741211,89.87999725341797,58.23381805419922,7605700
2011-04-11,89.83000183105469,90.22000122070312,89.6500015258789,89.95999908447266,58.28564453125,5734000
2011-04-12,90.61000061035156,91.23999786376953,90.55999755859375,90.93000030517578,58.91409683227539,7686500
2011-04-13,90.54000091552734,91.5,90.44000244140625,91.5,59.283382415771484,7959300
2011-04-14,91.54000091552734,91.7699966430664,91.22000122070312,91.43000030517578,59.238075256347656,7609600
2011-04-15,92.26000213623047,92.70999908447266,92.06999969482422,92.66999816894531,60.04145812988281,10222900
2011-04-18,91.98999786376953,93.0999984741211,91.44999694824219,92.87999725341797,60.177528381347656,12036700
2011-04-19,92.86000061035156,93.27999877929688,92.76000213623047,93.27999877929688,60.43669891357422,5295100
2011-04-20,93.06999969482422,93.26000213623047,92.61000061035156,92.68000030517578,60.047969818115234,6754100
2011-04-21,92.88999938964844,93.2300033569336,92.55999755859375,92.5999984741211,59.996131896972656,3365600
2011-04-25,92.62999725341797,92.97000122070312,92.5,92.94999694824219,60.22285842895508,3626900
2011-04-26,93.2699966430664,93.87000274658203,93.18000030517578,93.8499984741211,60.805973052978516,7506300
2011-04-27,93.44000244140625,93.56999969482422,92.75,92.88999938964844,60.18404769897461,8869300
2011-04-28,93.22000122070312,93.5999984741211,92.97000122070312,93.5999984741211,60.644020080566406,8110200
2011-04-29,93.47000122070312,93.91999816894531,93.3499984741211,93.88999938964844,60.8319206237793,5900000
2011-05-02,93.31999969482422,93.68000030517578,93.16999816894531,93.63999938964844,60.929542541503906,5285100
2011-05-03,93.95999908447266,94.16999816894531,93.58000183105469,94.16999816894531,61.27436065673828,6486600
2011-05-04,94.30999755859375,94.72000122070312,94.2699966430664,94.58999633789062,61.54766082763672,7406300
2011-05-05,94.91999816894531,95.62999725341797,94.80999755859375,95.48999786376953,62.133262634277344,9600000
2011-05-06,94.51000213623047,95.48999786376953,94.3499984741211,95.06999969482422,61.86001968383789,9451500
2011-05-09,94.9000015258789,95.19999694824219,94.83999633789062,94.97000122070312,61.79492950439453,3731200
2011-05-10,94.69999694824219,94.88999938964844,94.29000091552734,94.29000091552734,61.352481842041016,5458300
2011-05-11,94.31999969482422,95.08999633789062,94.18000030517578,94.83000183105469,61.70379638671875,6078700
2011-05-12,94.94999694824219,95.11000061035156,93.91000366210938,94.2300033569336,61.31341552734375,8015800
2011-05-13,94.6500015258789,95.48999786376953,94.52999877929688,95.08000183105469,61.866485595703125,8380000
2011-05-16,95.02999877929688,95.79000091552734,94.76000213623047,95.61000061035156,62.21133804321289,6053600
2011-05-17,96.02999877929688,96.5999984741211,95.9800033569336,96.58999633789062,62.849063873291016,9826900
2011-05-18,96.2699966430664,96.38999938964844,95.27999877929688,95.30999755859375,62.01616668701172,7707600
2011-05-19,94.45999908447266,95.31999969482422,94.45999908447266,95.2699966430664,61.99010467529297,8052400
2011-05-20,95.0199966430664,95.41000366210938,94.72000122070312,95.31999969482422,62.02267074584961,5602300
2011-05-23,95.7300033569336,96.19000244140625,95.58999633789062,95.77999877929688,62.321998596191406,6300000
2011-05-24,95.63999938964844,96.13999938964844,95.45999908447266,96.13999938964844,62.5561637878418,5549100
2011-05-25,96.1500015258789,96.27999877929688,95.54000091552734,95.69000244140625,62.263427734375,5664500
2011-05-26,95.97000122070312,96.55000305175781,95.88999938964844,96.51000213623047,62.796958923339844,8307900
2011-05-27,96.12999725341797,96.51000213623047,95.87999725341797,96.47000122070312,62.77091598510742,5390600
2011-05-31,96.18000030517578,96.76000213623047,96.08999633789062,96.69000244140625,62.914066314697266,7003900
2011-06-01,96.91999816894531,97.72000122070312,96.88999938964844,97.63999938964844,63.76438522338867,12746400
2011-06-02,96.48999786376953,96.91000366210938,95.77999877929688,95.77999877929688,62.54969024658203,15738700
2011-06-03,96.58000183105469,96.5999984741211,95.56999969482422,96.33000183105469,62.90885925292969,10644100
2011-06-06,95.47000122070312,95.98999786376953,95.20999908447266,95.5999984741211,62.43209457397461,8776900
2011-06-07,95.2300033569336,96.05999755859375,95.12000274658203,96.04000091552734,62.719451904296875,7399200
2011-06-08,96.26000213623047,96.83999633789062,96.16999816894531,96.79000091552734,63.209232330322266,7401800
2011-06-09,97.0999984741211,97.33000183105469,95.93000030517578,96.4000015258789,62.95457077026367,9963000
2011-06-10,96.91000366210938,97.38999938964844,96.80000305175781,97.13999938964844,63.437828063964844,7710800
2011-06-13,96.73999786376953,97.29000091552734,96.63999938964844,96.6500015258789,63.11785888671875,5540000
2011-06-14,95.73999786376953,95.9000015258789,95.12999725341797,95.19000244140625,62.164398193359375,8672400
2011-06-15,95.37999725341797,96.94000244140625,95.37000274658203,96.91999816894531,63.294132232666016,12979100
2011-06-16,97.0999984741211,97.52999877929688,96.80000305175781,97.36000061035156,63.58154296875,10961200
2011-06-17,96.86000061035156,97.1500015258789,96.63999938964844,96.9000015258789,63.281105041503906,9622900
2011-06-20,97.33000183105469,97.36000061035156,96.58999633789062,97.0199966430664,63.359474182128906,6613800
2011-06-21,96.69999694824219,97.02999877929688,96.2699966430664,96.58999633789062,63.078651428222656,7894900
2011-06-22,96.95999908447266,97.05999755859375,96.41000366210938,96.6500015258789,63.11785888671875,5503700
2011-06-23,97.23999786376953,97.73999786376953,97.1500015258789,97.38999938964844,63.60113525390625,8586800
2011-06-24,97.36000061035156,97.69000244140625,96.9800033569336,96.9800033569336,63.33332443237305,7960900
2011-06-27,96.8499984741211,96.87000274658203,95.55000305175781,95.6500015258789,62.464744567871094,9331300
2011-06-28,95.4800033569336,95.68000030517578,94.72000122070312,94.87999725341797,61.961971282958984,12634300
2011-06-29,94.94999694824219,95.19999694824219,94.0199966430664,94.25,61.55051803588867,11084900
2011-06-30,94.2300033569336,94.30999755859375,93.13999938964844,94.0999984741211,61.452537536621094,11555600
2011-07-01,94.12999725341797,94.2300033569336,93.36000061035156,93.62999725341797,61.3542594909668,6637200
2011-07-05,94.04000091552734,94.16999816894531,93.69000244140625,93.83999633789062,61.491886138916016,4615600
2011-07-06,94.19000244140625,94.44999694824219,93.83999633789062,94.31999969482422,61.806419372558594,5652700
2011-07-07,93.83000183105469,94.13999938964844,93.55000305175781,94.04000091552734,61.62293243408203,6823700
2011-07-08,94.83999633789062,95.61000061035156,94.83000183105469,95.37000274658203,62.4945068359375,12129300
2011-07-11,96.04000091552734,96.80000305175781,95.75,96.80000305175781,63.431514739990234,9760800
2011-07-12,97.30000305175781,97.30999755859375,96.55999755859375,97.12999725341797,63.647769927978516,9083900
2011-07-13,96.70999908447266,97.43000030517578,96.11000061035156,97.4000015258789,63.824668884277344,13112200
2011-07-14,96.62000274658203,97.9000015258789,96.01000213623047,96.01000213623047,62.913856506347656,11471500
2011-07-15,95.29000091552734,96.19999694824219,95.23999786376953,96.16999816894531,63.0186767578125,7086200
2011-07-18,96.05999755859375,96.16999816894531,95.19999694824219,95.23999786376953,62.40925598144531,8206500
2011-07-19,95.31999969482422,97.2699966430664,95.16999816894531,97.22000122070312,63.70671844482422,15249400
2011-07-20,96.72000122070312,96.83999633789062,95.87000274658203,96.06999969482422,62.953147888183594,9673300
2011-07-21,95.23999786376953,95.86000061035156,94.9000015258789,95.33000183105469,62.468238830566406,11099200
2011-07-22,95.69000244140625,96.08999633789062,95.52999877929688,96.05000305175781,62.94000244140625,4974500
2011-07-25,94.97000122070312,96.05000305175781,94.83000183105469,95.0,62.251991271972656,10869400
2011-07-26,95.30000305175781,95.87000274658203,95.23999786376953,95.6500015258789,62.67789077758789,7682800
2011-07-27,95.33999633789062,95.83999633789062,95.0999984741211,95.66000366210938,62.68451690673828,11224200
2011-07-28,96.11000061035156,96.30999755859375,95.70999908447266,96.0199966430664,62.920345306396484,7081600
2011-07-29,96.88999938964844,98.52999877929688,96.77999877929688,97.91999816894531,64.1654281616211,19582400
2011-08-01,97.38999938964844,98.94000244140625,97.3499984741211,98.58000183105469,64.81304168701172,14348200
2011-08-02,99.22000122070312,101.56999969482422,98.88999938964844,101.54000091552734,66.7591552734375,20850600
2011-08-03,101.56999969482422,103.41999816894531,101.36000061035156,101.73999786376953,66.89067840576172,21179700
2011-08-04,102.37999725341797,105.55000305175781,102.2699966430664,105.36000061035156,69.2706527709961,34076600
2011-08-05,103.44000244140625,105.5,102.27999877929688,102.31999969482422,67.27195739746094,41677700
2011-08-08,103.18000030517578,105.79000091552734,102.94999694824219,105.55000305175781,69.39559173583984,38259500
2011-08-09,105.01000213623047,109.37000274658203,103.0,105.87000274658203,69.60596466064453,39881400
2011-08-10,107.62999725341797,109.06999969482422,106.94000244140625,109.0199966430664,71.67699432373047,46221000
2011-08-11,107.33999633789062,107.80999755859375,103.19999694824219,103.5199966430664,68.0609130859375,37790100
2011-08-12,104.44000244140625,105.66000366210938,104.06999969482422,105.56999969482422,69.40873718261719,15590800
2011-08-15,104.94000244140625,105.4800033569336,104.47000122070312,104.5,68.70518493652344,10051700
2011-08-16,104.66000366210938,106.63999938964844,104.62999725341797,106.2300033569336,69.84268188476562,15993200
2011-08-17,106.31999969482422,108.0999984741211,105.7699966430664,108.08999633789062,71.06550598144531,15906600
2011-08-18,110.08999633789062,112.13999938964844,109.27999877929688,110.30999755859375,72.52510070800781,27274600
2011-08-19,110.6500015258789,111.41000366210938,110.2300033569336,111.19999694824219,73.11023712158203,15708400
2011-08-22,110.45999908447266,111.26000213623047,110.38999938964844,110.91999816894531,72.9261474609375,13157700
2011-08-23,109.76000213623047,111.16999816894531,109.3499984741211,109.38999938964844,71.92022705078125,16017800
2011-08-24,109.29000091552734,109.41000366210938,106.1500015258789,106.27999877929688,69.87554931640625,14621600
2011-08-25,106.69000244140625,107.9000015258789,106.36000061035156,107.43000030517578,70.63157653808594,10565900
2011-08-26,108.69000244140625,109.2699966430664,107.33000183105469,108.48999786376953,71.32852172851562,11504800
2011-08-29,106.69999694824219,107.4000015258789,106.5999984741211,106.98999786376953,70.34239959716797,6764300
2011-08-30,108.43000030517578,109.1500015258789,108.25,108.70999908447266,71.47310638427734,9508700
2011-08-31,108.80999755859375,108.95999908447266,107.02999877929688,107.02999877929688,70.36862182617188,12186000
2011-09-01,107.47000122070312,108.9800033569336,106.08000183105469,108.97000122070312,71.8603286743164,10686600
2011-09-02,111.38999938964844,112.58000183105469,110.66000366210938,112.51000213623047,74.19476318359375,16557100
2011-09-06,114.41999816894531,114.93000030517578,113.38999938964844,113.68000030517578,74.96630859375,14016200
2011-09-07,112.27999877929688,112.37000274658203,111.30999755859375,111.51000213623047,73.53528594970703,11524300
2011-09-08,112.30000305175781,112.62999725341797,111.33999633789062,112.51000213623047,74.19476318359375,11480900
2011-09-09,112.54000091552734,114.18000030517578,112.20999908447266,113.70999908447266,74.98611450195312,11492700
2011-09-12,113.56999969482422,114.25,113.0999984741211,113.83000183105469,75.06522369384766,7602200
2011-09-13,113.4000015258789,113.58999633789062,112.11000061035156,112.20999908447266,73.99690246582031,9282400
2011-09-14,111.97000122070312,113.3499984741211,111.81999969482422,113.16000366210938,74.6233901977539,11948500
2011-09-15,111.9800033569336,112.48999786376953,111.43000030517578,111.43000030517578,73.48252868652344,8884000
2011-09-16,111.30999755859375,112.58999633789062,111.25,112.23999786376953,74.0167007446289,10053500
2011-09-19,114.19999694824219,115.19000244140625,114.12000274658203,114.37999725341797,75.42790985107422,13033500
2011-09-20,114.37000274658203,114.87000274658203,114.05000305175781,114.86000061035156,75.74442291259766,6360600
2011-09-21,114.62999725341797,118.79000091552734,114.19999694824219,118.66000366210938,78.2503662109375,18687100
2011-09-22,121.41000366210938,123.87000274658203,121.2300033569336,123.12000274658203,81.19148254394531,25041400
2011-09-23,123.12000274658203,123.36000061035156,120.83000183105469,120.83000183105469,79.681396484375,15173800
2011-09-26,120.12000274658203,120.56999969482422,118.58000183105469,118.88999938964844,78.40206909179688,15110100
2011-09-27,116.75,117.30000305175781,116.26000213623047,117.06999969482422,77.20184326171875,13589600
2011-09-28,116.9000015258789,117.11000061035156,115.76000213623047,117.02999877929688,77.17552185058594,12642600
2011-09-29,117.61000061035156,118.81999969482422,117.08999633789062,117.83999633789062,77.70964050292969,12341800
2011-09-30,120.0199966430664,120.91000366210938,118.98999786376953,120.80000305175781,79.6615982055664,13546400
2011-10-03,121.87999725341797,123.80999755859375,121.11000061035156,123.80999755859375,81.85392761230469,15882000
2011-10-04,124.37000274658203,125.02999877929688,122.18000030517578,122.23999786376953,80.8158950805664,17301400
2011-10-05,121.66000366210938,121.77999877929688,120.66000366210938,121.36000061035156,80.2341537475586,14275000
2011-10-06,120.63999938964844,121.01000213623047,119.12000274658203,119.12000274658203,78.75320434570312,9681600
2011-10-07,117.75,119.05000305175781,116.8499984741211,118.23999786376953,78.17139434814453,11564600
2011-10-10,116.81999969482422,116.91000366210938,115.80000305175781,116.56999969482422,77.06736755371094,3567600
2011-10-11,117.29000091552734,117.36000061035156,115.9000015258789,116.18000030517578,76.80951690673828,7520200
2011-10-12,114.69999694824219,115.12000274658203,113.4800033569336,114.48999786376953,75.69221496582031,14033400
2011-10-13,115.02999877929688,116.55000305175781,114.95999908447266,115.62999725341797,76.44586181640625,11263300
2011-10-14,113.87999725341797,114.61000061035156,113.61000061035156,113.94999694824219,75.33518981933594,8411000
2011-10-17,114.30000305175781,115.97000122070312,114.22000122070312,115.91999816894531,76.63762664794922,9664000
2011-10-18,116.13999938964844,116.81999969482422,114.30000305175781,115.19999694824219,76.16160583496094,12495600
2011-10-19,114.54000091552734,115.73999786376953,114.16000366210938,115.16000366210938,76.13514709472656,6629300
2011-10-20,114.45999908447266,115.66999816894531,114.06999969482422,114.33999633789062,75.59302520751953,7832100
2011-10-21,113.86000061035156,114.19999694824219,113.12999725341797,113.12999725341797,74.79310607910156,9906300
2011-10-24,113.93000030517578,114.08000183105469,113.05000305175781,113.31999969482422,74.91867065429688,6344500
2011-10-25,113.37999725341797,116.3499984741211,113.3499984741211,116.19999694824219,76.82269287109375,11791200
2011-10-26,115.38999938964844,116.20999908447266,114.06999969482422,114.16999816894531,75.48059844970703,12747000
2011-10-27,112.5199966430664,112.8499984741211,109.81999969482422,110.30000305175781,72.92211151123047,19471400
2011-10-28,110.9000015258789,111.95999908447266,110.76000213623047,111.45999908447266,73.6889419555664,10127900
2011-10-31,113.61000061035156,115.87999725341797,113.45999908447266,115.87999725341797,76.61116027832031,15242100
2011-11-01,118.70999908447266,119.48999786376953,117.16999816894531,119.44999694824219,79.17565155029297,24400600
2011-11-02,116.62999725341797,118.36000061035156,116.41999816894531,117.95999908447266,78.18802642822266,13181100
2011-11-03,116.33999633789062,117.3499984741211,115.98999786376953,116.33999633789062,77.11426544189453,8386700
2011-11-04,115.72000122070312,117.05000305175781,115.52999877929688,116.4800033569336,77.20703125,7583700
2011-11-07,116.63999938964844,118.3499984741211,116.31999969482422,117.22000122070312,77.69755554199219,9279700
2011-11-08,116.75,117.54000091552734,115.5,115.72000122070312,76.7032699584961,7539400
2011-11-09,118.26000213623047,119.12999725341797,117.06999969482422,118.12000274658203,78.29411315917969,13004500
2011-11-10,116.77999877929688,117.61000061035156,115.20999908447266,116.36000061035156,77.12757110595703,11644600
2011-11-11,115.83000183105469,116.16999816894531,115.5,115.6500015258789,76.65694427490234,2483900
2011-11-14,116.38999938964844,117.5999984741211,116.20999908447266,117.51000213623047,77.88978576660156,9252600
2011-11-15,117.69999694824219,118.45999908447266,116.72000122070312,117.3499984741211,77.78372192382812,7587500
2011-11-16,117.95999908447266,118.43000030517578,117.18000030517578,118.41999816894531,78.49295806884766,7470000
2011-11-17,118.04000091552734,120.16000366210938,118.04000091552734,119.37000274658203,79.12267303466797,9907900
2011-11-18,119.18000030517578,119.55000305175781,118.31999969482422,119.33999633789062,79.102783203125,6792600
2011-11-21,120.37999725341797,120.7300033569336,119.91000366210938,120.05000305175781,79.57340240478516,7345600
2011-11-22,120.3499984741211,121.41000366210938,119.8499984741211,121.38999938964844,80.46161651611328,7866300
2011-11-23,121.16000366210938,123.05000305175781,121.02999877929688,122.58000183105469,81.25032806396484,10129300
2011-11-25,121.80000305175781,121.87000274658203,120.73999786376953,120.80000305175781,80.07050323486328,4311900
2011-11-28,118.62999725341797,121.1500015258789,118.58000183105469,120.73999786376953,80.0307846069336,7661900
2011-11-29,120.02999877929688,120.91999816894531,119.08000183105469,119.75,79.37452697753906,8952800
2011-11-30,118.33999633789062,118.55999755859375,117.26000213623047,117.87999725341797,78.13497924804688,11806800
2011-12-01,116.29000091552734,117.23999786376953,115.80000305175781,117.0,77.74299621582031,9647200
2011-12-02,116.62000274658203,118.68000030517578,116.55999755859375,118.63999938964844,78.83270263671875,7764900
2011-12-05,117.0,118.83000183105469,116.87999725341797,118.4000015258789,78.67328643798828,7862800
2011-12-06,117.80999755859375,118.29000091552734,116.7699966430664,117.2699966430664,77.92239379882812,8506300
2011-12-07,117.33000183105469,118.23999786376953,116.8499984741211,117.69000244140625,78.20148468017578,6588300
2011-12-08,117.72000122070312,119.33000183105469,117.41000366210938,119.16000366210938,79.17822265625,8800500
2011-12-09,119.06999969482422,119.12999725341797,116.62999725341797,116.70999908447266,77.55033111572266,9855100
2011-12-12,117.91000366210938,118.48999786376953,117.61000061035156,118.01000213623047,78.41409301757812,5734600
2011-12-13,117.27999877929688,119.62999725341797,117.16000366210938,119.11000061035156,79.14503479003906,8901800
2011-12-14,119.79000091552734,121.38999938964844,119.48999786376953,121.36000061035156,80.64010620117188,11247700
2011-12-15,120.66000366210938,121.31999969482422,120.37000274658203,120.91000366210938,80.3410415649414,5438700
2011-12-16,121.37999725341797,122.62000274658203,121.29000091552734,122.31999969482422,81.2779541015625,9321900
2011-12-19,122.31999969482422,124.0199966430664,122.26000213623047,123.87000274658203,82.30789947509766,7845100
2011-12-20,122.66000366210938,122.66999816894531,120.61000061035156,120.77999877929688,80.25468444824219,13945400
2011-12-21,120.62999725341797,120.83000183105469,119.06999969482422,119.0999984741211,79.13832092285156,11600100
2011-12-22,120.0,120.41999816894531,119.3499984741211,119.5999984741211,79.47059631347656,5247400
2011-12-23,118.55999755859375,118.70999908447266,117.73999786376953,118.2699966430664,78.58686828613281,5409700
2011-12-27,117.94000244140625,118.44999694824219,117.62000274658203,118.44999694824219,78.96012115478516,4270300
2011-12-28,118.73999786376953,121.05000305175781,118.44999694824219,120.63999938964844,80.42005157470703,8302300
2011-12-29,120.4800033569336,121.08999633789062,120.05999755859375,120.86000061035156,80.56669616699219,4305000
2011-12-30,121.11000061035156,121.76000213623047,120.88999938964844,121.25,80.82669067382812,5948800
2012-01-03,119.41999816894531,120.19999694824219,118.93000030517578,119.43000030517578,79.61346435546875,9076900
2012-01-04,119.26000213623047,119.27999877929688,117.68000030517578,118.01000213623047,78.66691589355469,8417100
2012-01-05,118.16999816894531,119.0999984741211,117.56999969482422,117.80000305175781,78.52686309814453,6465800
2012-01-06,117.75,118.95999908447266,117.70999908447266,118.7300033569336,79.14686584472656,7348500
2012-01-09,118.47000122070312,119.54000091552734,118.30000305175781,118.5199966430664,79.00680541992188,5582400
2012-01-10,117.7300033569336,118.87000274658203,117.68000030517578,118.31999969482422,78.87353515625,8932500
2012-01-11,119.04000091552734,120.05999755859375,118.9800033569336,119.86000061035156,79.90007781982422,8634500
2012-01-12,119.94999694824219,120.19000244140625,119.23999786376953,119.69000244140625,79.7867660522461,7205400
2012-01-13,121.0999984741211,121.63999938964844,120.80999755859375,120.87999725341797,80.58002471923828,9819000
2012-01-17,120.94999694824219,121.62999725341797,120.83000183105469,121.44000244140625,80.95332336425781,5449900
2012-01-18,121.52999877929688,121.61000061035156,119.91000366210938,119.97000122070312,79.9734115600586,5804000
2012-01-19,119.33000183105469,119.55999755859375,117.91999816894531,118.31999969482422,78.87353515625,8625700
2012-01-20,117.70999908447266,117.95999908447266,116.97000122070312,116.9800033569336,77.98023223876953,6548200
2012-01-23,116.12999725341797,116.63999938964844,115.55000305175781,116.23999786376953,77.48696899414062,7274800
2012-01-24,116.70999908447266,116.70999908447266,115.77999877929688,116.44999694824219,77.62691497802734,5776500
2012-01-25,116.05999755859375,118.52999877929688,115.88999938964844,116.16999816894531,77.4403076171875,12867600
2012-01-26,116.6500015258789,117.70999908447266,116.58999633789062,117.70999908447266,78.46688079833984,7638500
2012-01-27,117.83000183105469,118.33000183105469,117.01000213623047,118.08000183105469,78.7134780883789,5165300
2012-01-30,119.83999633789062,120.38999938964844,119.33999633789062,119.47000122070312,79.64012908935547,8388400
2012-01-31,119.26000213623047,120.91000366210938,119.19000244140625,120.8499984741211,80.56006622314453,7998300
2012-02-01,119.75,119.9000015258789,118.80999755859375,119.18000030517578,79.63722229003906,7925200
2012-02-02,118.95999908447266,119.4800033569336,118.63999938964844,119.12999725341797,79.60382080078125,5596900
2012-02-03,116.45999908447266,116.80000305175781,115.97000122070312,116.56999969482422,77.89320373535156,12467400
2012-02-06,116.69000244140625,117.80000305175781,116.33999633789062,117.7300033569336,78.66834259033203,6180600
2012-02-07,116.62000274658203,116.87999725341797,115.7699966430664,116.2699966430664,77.6927261352539,8794800
2012-02-08,116.19999694824219,116.79000091552734,115.9800033569336,116.36000061035156,77.75288391113281,7613400
2012-02-09,115.86000061035156,116.04000091552734,114.62000274658203,115.48999786376953,77.17157745361328,11477700
2012-02-10,116.80000305175781,117.33000183105469,116.5199966430664,116.98999786376953,78.17388916015625,7193100
2012-02-13,116.5999984741211,117.37000274658203,116.43000030517578,117.13999938964844,78.27408599853516,6422900
2012-02-14,117.44000244140625,118.27999877929688,117.2300033569336,117.76000213623047,78.68836212158203,8271200
2012-02-15,117.66000366210938,118.2699966430664,117.48999786376953,117.55000305175781,78.54800415039062,6846100
2012-02-16,117.2699966430664,117.5999984741211,116.12999725341797,116.61000061035156,77.9198989868164,9036200
2012-02-17,115.86000061035156,116.61000061035156,115.76000213623047,116.58000183105469,77.89988708496094,6338000
2012-02-21,115.7699966430664,115.91999816894531,114.94999694824219,115.29000091552734,77.03789520263672,8338300
2012-02-22,115.88999938964844,116.76000213623047,115.80999755859375,116.73999786376953,78.00682067871094,7736800
2012-02-23,116.13999938964844,117.22000122070312,115.93000030517578,116.73999786376953,78.00682067871094,5163900
2012-02-24,117.2300033569336,117.58000183105469,116.94999694824219,117.5,78.51464080810547,5676900
2012-02-27,118.5,118.8499984741211,118.12000274658203,118.54000091552734,79.20958709716797,8180700
2012-02-28,118.87000274658203,119.13999938964844,117.94000244140625,118.1500015258789,78.94898223876953,6615700
2012-02-29,118.37000274658203,118.41999816894531,116.95999908447266,117.43000030517578,78.46784210205078,14235000
2012-03-01,116.16999816894531,116.68000030517578,115.54000091552734,116.05999755859375,77.7291488647461,12265600
2012-03-02,116.5999984741211,117.4800033569336,116.55000305175781,117.1500015258789,78.45921325683594,6669600
2012-03-05,116.95999908447266,117.44000244140625,116.22000122070312,116.22000122070312,77.83627319335938,6921900
2012-03-06,117.44999694824219,118.11000061035156,117.44000244140625,117.62999725341797,78.7806396484375,6299700
2012-03-07,117.45999908447266,117.61000061035156,116.80999755859375,116.91000366210938,78.29842376708984,5567500
2012-03-08,116.31999969482422,116.56999969482422,115.63999938964844,115.73999786376953,77.51483154296875,7982100
2012-03-09,115.48999786376953,115.98999786376953,114.9000015258789,115.97000122070312,77.66890716552734,6975600
2012-03-12,116.31999969482422,116.5199966430664,115.87000274658203,115.94999694824219,77.65545654296875,5280000
2012-03-13,115.2699966430664,115.41000366210938,113.88999938964844,113.91000366210938,76.28919219970703,14413600
2012-03-14,112.69999694824219,112.75,110.94999694824219,111.04000091552734,74.3670883178711,24515300
2012-03-15,110.9000015258789,111.73999786376953,110.87999725341797,111.20999908447266,74.4809341430664,14154000
2012-03-16,110.5,111.44000244140625,110.19999694824219,111.43000030517578,74.62831115722656,13427200
2012-03-19,111.36000061035156,111.4800033569336,109.69000244140625,110.0999984741211,73.73753356933594,14011400
2012-03-20,110.43000030517578,110.87000274658203,109.8499984741211,110.54000091552734,74.03221893310547,9443800
2012-03-21,110.86000061035156,111.88999938964844,110.80999755859375,111.79000091552734,74.86942291259766,10242000
2012-03-22,112.29000091552734,112.37000274658203,111.87000274658203,112.1500015258789,75.11046600341797,8009800
2012-03-23,112.69000244140625,113.38999938964844,112.66000366210938,113.20999908447266,75.82044219970703,8465300
2012-03-26,112.83000183105469,113.01000213623047,111.80000305175781,112.62999725341797,75.43196868896484,8118600
2012-03-27,112.77999877929688,113.69999694824219,112.69999694824219,113.44000244140625,75.97441101074219,6972300
2012-03-28,112.91999816894531,113.94000244140625,112.8499984741211,113.27999877929688,75.86727142333984,7886000
2012-03-29,114.0199966430664,114.19000244140625,113.58000183105469,114.12999725341797,76.43653869628906,7692900
2012-03-30,114.20999908447266,114.2699966430664,112.19000244140625,112.19999694824219,75.14399719238281,9467500
2012-04-02,113.0,113.30000305175781,112.19999694824219,112.52999877929688,75.56031799316406,8944000
2012-04-03,113.01000213623047,113.44000244140625,110.56999969482422,110.58000183105469,74.25091552734375,14774300
2012-04-04,111.7699966430664,112.12000274658203,111.41000366210938,112.0999984741211,75.27156066894531,10095600
2012-04-05,113.0,113.06999969482422,112.33000183105469,112.91000366210938,75.81543731689453,6364100
2012-04-09,115.54000091552734,115.7699966430664,115.23999786376953,115.55000305175781,77.58811950683594,14374600
2012-04-10,115.94999694824219,117.29000091552734,115.77999877929688,116.86000061035156,78.46772766113281,14421300
2012-04-11,115.70999908447266,116.05999755859375,115.3499984741211,115.45999908447266,77.52767944335938,8713000
2012-04-12,115.66999816894531,115.75,114.81999969482422,114.9800033569336,77.20539093017578,9008500
2012-04-13,116.1500015258789,116.9000015258789,116.12000274658203,116.83999633789062,78.45433807373047,8607700
2012-04-16,116.69999694824219,117.5999984741211,116.56999969482422,116.66999816894531,78.34017944335938,7735000
2012-04-17,116.52999877929688,116.83000183105469,116.25,116.5999984741211,78.2931900024414,5398600
2012-04-18,117.05000305175781,117.12000274658203,116.7300033569336,116.94000244140625,78.52151489257812,4074400
2012-04-19,117.25,117.47000122070312,117.0199966430664,117.05000305175781,78.59535217285156,5374300
2012-04-20,116.55999755859375,117.12999725341797,116.33000183105469,117.06999969482422,78.60882568359375,5043300
2012-04-23,118.11000061035156,118.41000366210938,117.79000091552734,117.91999816894531,79.17948150634766,5170100
2012-04-24,117.61000061035156,117.76000213623047,117.08000183105469,117.08999633789062,78.62217712402344,4336600
2012-04-25,116.41000366210938,117.31999969482422,115.69000244140625,116.48999786376953,78.21931457519531,8859500
2012-04-26,117.41999816894531,117.45999908447266,116.58999633789062,117.19000244140625,78.68931579589844,5133000
2012-04-27,117.0199966430664,117.36000061035156,116.79000091552734,117.29000091552734,78.75647735595703,3112900
2012-04-30,117.56999969482422,117.75,117.19000244140625,117.31999969482422,78.77655792236328,4198400
2012-05-01,117.43000030517578,117.62000274658203,116.06999969482422,116.43000030517578,78.36803436279297,7214300
2012-05-02,117.22000122070312,117.31999969482422,116.80000305175781,117.25,78.91998291015625,3565700
2012-05-03,116.63999938964844,117.37000274658203,116.55999755859375,117.22000122070312,78.89982604980469,3522900
2012-05-04,117.4800033569336,118.19000244140625,117.4000015258789,118.13999938964844,79.51905822753906,6367300
2012-05-07,118.31999969482422,118.45999908447266,118.0199966430664,118.16000366210938,79.53250885009766,3228200
2012-05-08,118.69000244140625,119.51000213623047,118.66000366210938,118.79000091552734,79.9565658569336,6051600
2012-05-09,119.44999694824219,119.56999969482422,118.44000244140625,118.87000274658203,80.01039123535156,5828900
2012-05-10,118.0199966430664,118.62000274658203,117.44000244140625,118.5199966430664,79.77483367919922,6300000
2012-05-11,119.48999786376953,119.5999984741211,118.95999908447266,119.5,80.43444061279297,5234300
2012-05-14,120.87000274658203,121.30000305175781,120.5999984741211,121.16999816894531,81.55850982666016,8789400
2012-05-15,121.08999633789062,121.7300033569336,120.81999969482422,121.66000366210938,81.88832092285156,6766400
2012-05-16,120.9800033569336,122.18000030517578,120.72000122070312,122.01000213623047,82.12391662597656,6462300
2012-05-17,122.02999877929688,124.27999877929688,122.0199966430664,124.16999816894531,83.57786560058594,14863400
2012-05-18,123.2699966430664,124.44000244140625,123.11000061035156,124.19999694824219,83.59798431396484,10137700
2012-05-21,123.9000015258789,124.44999694824219,123.62000274658203,123.94000244140625,83.4229736328125,9583500
2012-05-22,122.75,122.87999725341797,122.05999755859375,122.55999755859375,82.49413299560547,12475500
2012-05-23,123.55000305175781,124.5199966430664,123.36000061035156,123.41000366210938,83.06620788574219,11744900
2012-05-24,123.2300033569336,123.79000091552734,122.75,122.94000244140625,82.74993133544922,10256200
2012-05-25,123.43000030517578,123.54000091552734,123.13999938964844,123.4000015258789,83.05953979492188,4723600
2012-05-29,123.38999938964844,123.80999755859375,123.0,123.0199966430664,82.80372619628906,5874100
2012-05-30,125.31999969482422,126.31999969482422,125.30000305175781,126.13999938964844,84.90375518798828,17170800
2012-05-31,127.02999877929688,129.0800018310547,126.66999816894531,127.5999984741211,85.886474609375,31174500
2012-06-01,128.8699951171875,130.3800048828125,128.52999877929688,130.36000061035156,87.92546844482422,23526000
2012-06-04,129.30999755859375,130.17999267578125,128.94000244140625,129.3300018310547,87.23077392578125,11681200
2012-06-05,128.52999877929688,128.63999938964844,127.58999633789062,127.5999984741211,86.06388854980469,12482800
2012-06-06,127.55999755859375,127.5999984741211,125.05000305175781,125.05000305175781,84.34395599365234,20806700
2012-06-07,124.6500015258789,125.73999786376953,124.38999938964844,125.23999786376953,84.47212982177734,18898200
2012-06-08,126.75,126.94999694824219,124.56999969482422,125.20999908447266,84.45187377929688,11239600
2012-06-11,124.79000091552734,126.20999908447266,124.7699966430664,125.77999877929688,84.8363265991211,10693800
2012-06-12,124.97000122070312,125.62999725341797,124.5,124.62999725341797,84.0606689453125,10921700
2012-06-13,124.8499984741211,126.27999877929688,124.37999725341797,125.86000061035156,84.89028930664062,11100000
2012-06-14,125.94999694824219,126.27999877929688,125.19000244140625,125.69999694824219,84.78238677978516,7688200
2012-06-15,126.58000183105469,126.8499984741211,126.13999938964844,126.4000015258789,85.25450897216797,6421400
2012-06-18,127.1500015258789,127.33999633789062,126.26000213623047,127.08000183105469,85.71315002441406,6698400
2012-06-19,126.27999877929688,126.37000274658203,125.33000183105469,125.41999816894531,84.5935287475586,8227900
2012-06-20,124.56999969482422,126.51000213623047,124.08999633789062,126.04000091552734,85.0116958618164,13720300
2012-06-21,125.94999694824219,127.25,125.88999938964844,126.70999908447266,85.46357727050781,9776600
2012-06-22,125.9000015258789,126.22000122070312,125.01000213623047,125.0199966430664,84.32372283935547,7830400
2012-06-25,126.36000061035156,127.0199966430664,126.2699966430664,126.83999633789062,85.55123138427734,6113800
2012-06-26,126.11000061035156,126.94999694824219,125.94000244140625,126.33999633789062,85.21404266357422,5359700
2012-06-27,126.55999755859375,126.79000091552734,126.02999877929688,126.54000091552734,85.34892272949219,5860700
2012-06-28,127.30000305175781,127.4800033569336,126.79000091552734,126.8499984741211,85.55802917480469,5257800
2012-06-29,125.02999877929688,125.62999725341797,124.62999725341797,125.19999694824219,84.44514465332031,8881900
2012-07-02,125.44999694824219,127.20999908447266,125.37000274658203,126.22000122070312,85.31639862060547,7818500
2012-07-03,125.94999694824219,126.0,125.20999908447266,125.25,84.6607666015625,5773100
2012-07-05,125.3499984741211,126.31999969482422,125.25,125.88999938964844,85.09333038330078,5974700
2012-07-06,126.66999816894531,127.20999908447266,126.61000061035156,127.05999755859375,85.88423919677734,5818300
2012-07-09,127.37999725341797,128.25999450683594,127.11000061035156,128.17999267578125,86.6412124633789,5647000
2012-07-10,127.86000061035156,128.74000549316406,127.72000122070312,128.44000244140625,86.81694030761719,4288000
2012-07-11,128.58999633789062,129.47000122070312,128.25999450683594,128.60000610351562,86.92518615722656,5960900
2012-07-12,129.0500030517578,129.55999755859375,128.89999389648438,129.50999450683594,87.54022979736328,6421000
2012-07-13,129.22999572753906,129.24000549316406,128.60000610351562,129.1699981689453,87.31041717529297,4175300
2012-07-16,130.3000030517578,130.61000061035156,129.61000061035156,129.77000427246094,87.7159652709961,5283500
2012-07-17,129.25999450683594,129.82000732421875,128.63999938964844,128.75,87.02652740478516,5590900
2012-07-18,129.25999450683594,129.33999633789062,128.7899932861328,128.82000732421875,87.07380676269531,4011000
2012-07-19,128.4600067138672,129.10000610351562,128.11000061035156,128.49000549316406,86.85077667236328,5246300
2012-07-20,129.60000610351562,130.3000030517578,129.4199981689453,130.05999755859375,87.9119873046875,6365900
2012-07-23,131.30999755859375,131.44000244140625,130.50999450683594,130.7899932861328,88.40546417236328,6141100
2012-07-24,130.35000610351562,132.0399932861328,130.27999877929688,131.82000732421875,89.1016616821289,6748800
2012-07-25,131.6300048828125,132.2100067138672,131.47999572753906,132.16000366210938,89.33143615722656,5328000
2012-07-26,131.52999877929688,131.77999877929688,130.89999389648438,130.9499969482422,88.51355743408203,6606200
2012-07-27,129.88999938964844,130.00999450683594,126.95999908447266,128.47999572753906,86.8440170288086,14685100
2012-07-30,128.38999938964844,129.47999572753906,128.25,129.44000244140625,87.49293518066406,6025300
2012-07-31,129.80999755859375,129.8800048828125,128.5800018310547,129.6999969482422,87.66864776611328,7448600
2012-08-01,128.52999877929688,129.74000549316406,128.14999389648438,128.77999877929688,87.23043823242188,7972000
2012-08-02,129.58999633789062,130.69000244140625,129.1300048828125,129.50999450683594,87.72489166259766,7972000
2012-08-03,127.83999633789062,128.02999877929688,126.7699966430664,127.41999816894531,86.30923461914062,9084800
2012-08-06,127.66999816894531,128.13999938964844,127.37000274658203,127.47000122070312,86.34306335449219,3673600
2012-08-07,125.95999908447266,126.12999725341797,125.43000030517578,125.83000183105469,85.23213958740234,6613600
2012-08-08,126.16000366210938,126.38999938964844,125.04000091552734,125.16000366210938,84.77838134765625,7250700
2012-08-09,124.7699966430664,125.30000305175781,123.75,125.06999969482422,84.7174301147461,7553500
2012-08-10,126.19999694824219,126.31999969482422,125.5999984741211,125.69999694824219,85.14411926269531,4670500
2012-08-13,126.11000061035156,126.37999725341797,125.48999786376953,125.48999786376953,85.00186157226562,3543700
2012-08-14,123.95999908447266,124.41000366210938,123.75,123.79000091552734,83.85039520263672,7994000
2012-08-15,123.0199966430664,123.19999694824219,121.9000015258789,122.05000305175781,82.6717758178711,11191000
2012-08-16,122.20999908447266,122.5,120.5199966430664,121.01000213623047,81.96731567382812,13240000
2012-08-17,121.4000015258789,122.12000274658203,121.31999969482422,121.5999984741211,82.36699676513672,6341100
2012-08-20,121.55000305175781,122.19000244140625,121.5,121.8499984741211,82.53634643554688,4427100
2012-08-21,121.47000122070312,122.44999694824219,120.66000366210938,122.38999938964844,82.90205383300781,9532700
2012-08-22,123.5199966430664,124.51000213623047,123.20999908447266,124.41000366210938,84.27030944824219,11384400
2012-08-23,124.73999786376953,125.13999938964844,124.6500015258789,124.93000030517578,84.62257385253906,7139100
2012-08-24,125.47000122070312,125.55999755859375,124.66999816894531,124.80999755859375,84.54131317138672,5001400
2012-08-27,125.33999633789062,125.80000305175781,125.2699966430664,125.54000091552734,85.03579711914062,3906100
2012-08-28,125.75,126.36000061035156,125.58999633789062,125.83999633789062,85.23893737792969,3412600
2012-08-29,125.61000061035156,125.62999725341797,124.94999694824219,125.29000091552734,84.86642456054688,3762700
2012-08-30,126.2699966430664,126.44000244140625,125.7300033569336,125.94000244140625,85.30670166015625,3886400
2012-08-31,125.77999877929688,127.72000122070312,125.7300033569336,127.72000122070312,86.51244354248047,9192600
2012-09-04,126.91999816894531,127.62999725341797,126.76000213623047,127.31999969482422,86.425537109375,6009300
2012-09-05,126.81999969482422,127.19000244140625,126.55000305175781,126.72000122070312,86.01823425292969,3466700
2012-09-06,125.52999877929688,125.52999877929688,124.55000305175781,124.61000061035156,84.5859375,6505100
2012-09-07,126.13999938964844,126.18000030517578,123.91999816894531,124.02999877929688,84.1922378540039,7335300
2012-09-10,123.69000244140625,124.33000183105469,123.51000213623047,124.33000183105469,84.39583587646484,4912100
2012-09-11,124.0199966430664,124.0999984741211,123.29000091552734,123.55000305175781,83.86640930175781,3523300
2012-09-12,122.22000122070312,122.41000366210938,121.68000030517578,122.01000213623047,82.8210678100586,7040900
2012-09-13,122.38999938964844,123.08999633789062,120.2699966430664,121.52999877929688,82.49520874023438,12280200
2012-09-14,119.76000213623047,119.8499984741211,118.05000305175781,118.30000305175781,80.30270385742188,16871600
2012-09-17,118.87000274658203,119.9000015258789,118.80000305175781,119.72000122070312,81.26663208007812,5573300
2012-09-18,120.70999908447266,120.9000015258789,119.95999908447266,120.31999969482422,81.67388916015625,5366200
2012-09-19,121.33999633789062,121.37999725341797,120.61000061035156,121.11000061035156,82.2101058959961,5903300
2012-09-20,122.13999938964844,122.31999969482422,120.9800033569336,121.41000366210938,82.41378784179688,4604200
2012-09-21,120.75,121.63999938964844,120.66999816894531,121.55000305175781,82.50877380371094,4144300
2012-09-24,122.25,122.69999694824219,122.18000030517578,122.5,83.15369415283203,3627400
2012-09-25,122.80000305175781,123.73999786376953,122.12999725341797,123.70999908447266,83.97503662109375,5893500
2012-09-26,124.55999755859375,125.08999633789062,124.44999694824219,125.04000091552734,84.87784576416016,7193400
2012-09-27,124.55000305175781,124.80000305175781,123.7699966430664,124.1500015258789,84.27374267578125,5147700
2012-09-28,124.75,125.23999786376953,123.80999755859375,124.22000122070312,84.32121276855469,7173400
2012-10-01,123.97000122070312,124.47000122070312,123.37999725341797,124.41999816894531,84.63418579101562,4842600
2012-10-02,123.91000366210938,124.5199966430664,123.80999755859375,124.25,84.51850128173828,3540100
2012-10-03,123.86000061035156,124.30000305175781,123.62000274658203,124.29000091552734,84.54566955566406,3800900
2012-10-04,123.45999908447266,123.80000305175781,122.56999969482422,122.73999786376953,83.49137115478516,6214800
2012-10-05,121.56999969482422,121.68000030517578,120.91999816894531,121.1500015258789,82.4097900390625,8340700
2012-10-08,121.9800033569336,122.2699966430664,121.69000244140625,122.16999816894531,83.10359954833984,1568400
2012-10-09,121.47000122070312,122.18000030517578,121.37999725341797,121.94999694824219,82.9539794921875,4752700
2012-10-10,121.45999908447266,122.95999908447266,121.26000213623047,122.80999755859375,83.5389404296875,5429800
2012-10-11,121.95999908447266,123.66000366210938,121.88999938964844,123.66000366210938,84.11714172363281,5194100
2012-10-12,124.06999969482422,124.77999877929688,123.77999877929688,123.97000122070312,84.32804870605469,4934900
2012-10-15,123.77999877929688,124.13999938964844,123.43000030517578,123.69000244140625,84.13752746582031,3036100
2012-10-16,122.9000015258789,122.94000244140625,121.94000244140625,121.9800033569336,82.974365234375,5398700
2012-10-17,121.16999816894531,121.26000213623047,120.56999969482422,120.8499984741211,82.20572662353516,6932500
2012-10-18,121.12000274658203,121.52999877929688,119.87000274658203,120.11000061035156,81.70236206054688,8558600
2012-10-19,120.33999633789062,121.80999755859375,120.27999877929688,121.73999786376953,82.81111907958984,7616700
2012-10-22,121.43000030517578,121.83999633789062,120.94000244140625,120.95999908447266,82.2805404663086,6910600
2012-10-23,122.0999984741211,122.7300033569336,122.0199966430664,122.69000244140625,83.45734405517578,5760600
2012-10-24,121.86000061035156,122.29000091552734,121.4800033569336,121.4800033569336,82.6342544555664,6824500
2012-10-25,120.55999755859375,121.54000091552734,120.33000183105469,120.86000061035156,82.21253967285156,5292500
2012-10-26,121.44000244140625,122.6500015258789,121.2699966430664,122.63999938964844,83.42332458496094,5889400
2012-10-31,122.68000030517578,123.69999694824219,122.62999725341797,123.36000061035156,83.9130859375,5025600
2012-11-01,122.7699966430664,122.87999725341797,122.08000183105469,122.3499984741211,83.22603607177734,3659700
2012-11-02,121.27999877929688,122.30999755859375,121.23999786376953,122.26000213623047,83.16484069824219,3527800
2012-11-05,122.81999969482422,123.25,122.79000091552734,122.94999694824219,83.6341552734375,2935700
2012-11-06,122.55000305175781,122.86000061035156,121.77999877929688,121.79000091552734,82.84510803222656,4484600
2012-11-07,123.94999694824219,124.52999877929688,123.76000213623047,124.0,84.34844970703125,10071000
2012-11-08,123.79000091552734,125.86000061035156,123.43000030517578,125.83999633789062,85.60000610351562,8579500
2012-11-09,125.62999725341797,125.9800033569336,125.18000030517578,125.9800033569336,85.6953125,5036900
2012-11-12,125.83999633789062,126.37999725341797,125.79000091552734,126.19000244140625,85.838134765625,2072200
2012-11-13,126.80000305175781,126.81999969482422,125.98999786376953,126.61000061035156,86.12385559082031,2863800
2012-11-14,125.72000122070312,126.79000091552734,125.5999984741211,126.7300033569336,86.20547485351562,4694600
2012-11-15,126.0999984741211,127.0199966430664,126.0,126.4800033569336,86.03543090820312,5549600
2012-11-16,126.36000061035156,127.19000244140625,126.27999877929688,126.37000274658203,85.96057891845703,4591100
2012-11-19,125.45999908447266,125.80999755859375,125.30000305175781,125.66000366210938,85.4776382446289,3621600
2012-11-20,125.4800033569336,125.66999816894531,124.37999725341797,124.4000015258789,84.62055969238281,4659300
2012-11-21,124.19000244140625,124.41999816894531,124.0199966430664,124.33000183105469,84.57288360595703,2422800
2012-11-23,124.30000305175781,124.44999694824219,124.11000061035156,124.20999908447266,84.49129486083984,987200
2012-11-26,125.16000366210938,125.5199966430664,124.75,124.80000305175781,84.89263153076172,2799000
2012-11-27,124.94000244140625,125.38999938964844,124.69999694824219,125.29000091552734,85.22595977783203,2544400
2012-11-28,125.97000122070312,126.19999694824219,125.08999633789062,125.11000061035156,85.10353088378906,3569700
2012-11-29,124.86000061035156,125.44000244140625,124.66000366210938,125.12999725341797,85.11710357666016,2761000
2012-11-30,125.4800033569336,125.54000091552734,124.70999908447266,124.79000091552734,84.88579559326172,3702300
2012-12-03,123.72000122070312,124.79000091552734,123.62000274658203,124.66000366210938,84.96418762207031,5427800
2012-12-04,125.0199966430664,125.41000366210938,124.83999633789062,125.37999725341797,85.45494842529297,2586300
2012-12-05,125.4000015258789,125.80999755859375,125.16999816894531,125.31999969482422,85.41400146484375,1978200
2012-12-06,125.86000061035156,126.08000183105469,125.51000213623047,125.58999633789062,85.59801483154297,2301200
2012-12-07,124.5,124.95999908447266,124.33999633789062,124.43000030517578,84.8074722290039,4020900
2012-12-10,124.95999908447266,125.08000183105469,124.54000091552734,124.9800033569336,85.18230438232422,2134300
2012-12-11,124.26000213623047,124.30999755859375,123.83000183105469,124.02999877929688,84.53482055664062,3777900
2012-12-12,123.83000183105469,124.33999633789062,122.56999969482422,122.58999633789062,83.5533676147461,7119700
2012-12-13,122.29000091552734,123.18000030517578,122.12999725341797,122.68000030517578,83.61473083496094,6381500
2012-12-14,123.19000244140625,123.70999908447266,123.08000183105469,123.5999984741211,84.24176788330078,3832800
2012-12-17,123.5,123.5199966430664,121.70999908447266,121.75,82.9808349609375,6870000
2012-12-18,121.4000015258789,121.77999877929688,119.9000015258789,120.51000213623047,82.13574981689453,12024200
2012-12-19,120.97000122070312,121.6500015258789,120.72000122070312,120.91000366210938,82.4083023071289,4880500
2012-12-20,121.29000091552734,121.63999938964844,120.62000274658203,120.93000030517578,82.4219741821289,4567900
2012-12-21,122.30999755859375,122.43000030517578,121.94999694824219,122.25,83.32160949707031,6087700
2012-12-24,122.0,122.08000183105469,121.87000274658203,122.02999877929688,83.1716537475586,1071100
2012-12-26,121.94999694824219,122.20999908447266,121.80999755859375,122.19999694824219,83.47084045410156,2247800
2012-12-27,121.87999725341797,123.29000091552734,121.83000183105469,122.61000061035156,83.75094604492188,4262700
2012-12-28,123.13999938964844,123.33999633789062,122.77999877929688,123.30999755859375,84.22904205322266,3928200
2012-12-31,122.87000274658203,122.97000122070312,120.91000366210938,121.18000030517578,82.77410125732422,6423000
2013-01-02,119.76000213623047,119.9000015258789,119.41000366210938,119.55999755859375,81.66757202148438,7472700
2013-01-03,119.37999725341797,119.48999786376953,117.9000015258789,117.94000244140625,80.56096649169922,10004300
2013-01-04,117.66000366210938,118.44000244140625,117.36000061035156,118.4000015258789,80.87525177001953,9574600
2013-01-07,118.37000274658203,118.7300033569336,118.0,118.44999694824219,80.90936279296875,4193100
2013-01-08,119.04000091552734,119.29000091552734,118.81999969482422,119.2300033569336,81.44219207763672,4380900
2013-01-09,119.25,119.54000091552734,118.87000274658203,119.12000274658203,81.36701965332031,3870300
2013-01-10,118.62999725341797,119.30000305175781,118.36000061035156,118.79000091552734,81.14161682128906,5602800
2013-01-11,118.5199966430664,119.86000061035156,118.3499984741211,119.8499984741211,81.86566162109375,4770700
2013-01-14,120.04000091552734,120.27999877929688,119.37000274658203,119.5199966430664,81.64024353027344,3064600
2013-01-15,120.61000061035156,120.69999694824219,119.97000122070312,120.06999969482422,82.01588439941406,5357800
2013-01-16,120.62999725341797,120.68000030517578,120.01000213623047,120.31999969482422,82.18668365478516,4286100
2013-01-17,119.33000183105469,119.55000305175781,118.75,119.12000274658203,81.36701965332031,7019200
2013-01-18,119.56999969482422,120.20999908447266,119.45999908447266,120.04000091552734,81.99546813964844,4660000
2013-01-22,119.55000305175781,120.30000305175781,119.37999725341797,120.2699966430664,82.15250396728516,3874100
2013-01-23,120.33999633789062,120.58000183105469,119.94999694824219,120.08999633789062,82.02960205078125,2848800
2013-01-24,119.87000274658203,119.97000122070312,119.26000213623047,119.66999816894531,81.74269104003906,4178900
2013-01-25,118.41999816894531,118.5999984741211,117.7699966430664,118.02999877929688,80.6224594116211,8750700
2013-01-28,117.0199966430664,117.72000122070312,117.0,117.5999984741211,80.32875061035156,6059900
2013-01-29,117.62000274658203,118.08000183105469,116.87000274658203,116.94999694824219,79.88478088378906,5553900
2013-01-30,116.66999816894531,116.95999908447266,116.16000366210938,116.75,79.7481460571289,9586800
2013-01-31,117.02999877929688,117.33999633789062,116.55000305175781,117.31999969482422,80.13751220703125,6789200
2013-02-01,117.7300033569336,117.8499984741211,115.51000213623047,115.54000091552734,79.09691619873047,10928600
2013-02-04,116.58999633789062,117.27999877929688,116.41999816894531,117.0199966430664,80.11012268066406,9291900
2013-02-05,116.2699966430664,116.43000030517578,115.86000061035156,115.9800033569336,79.39813995361328,6676500
2013-02-06,116.5199966430664,116.97000122070312,116.05000305175781,116.93000030517578,80.04849243164062,5892000
2013-02-07,116.7699966430664,117.58999633789062,116.62000274658203,116.66999816894531,79.87052917480469,5951700
2013-02-08,116.80000305175781,117.16000366210938,116.2300033569336,117.12000274658203,80.1785888671875,5603400
2013-02-11,117.05000305175781,117.37999725341797,116.91999816894531,117.02999877929688,80.116943359375,3679900
2013-02-12,116.69000244140625,117.0199966430664,116.45999908447266,116.73999786376953,79.91844940185547,4513700
2013-02-13,115.80000305175781,116.2699966430664,115.55000305175781,115.79000091552734,79.26805877685547,6586400
2013-02-14,116.29000091552734,117.04000091552734,115.98999786376953,116.83999633789062,79.98685455322266,7096000
2013-02-15,116.66000366210938,116.73999786376953,116.06999969482422,116.5,79.75413513183594,5861800
2013-02-19,116.86000061035156,116.9000015258789,115.83999633789062,115.91999816894531,79.3570556640625,7383600
2013-02-20,115.69000244140625,116.37000274658203,115.56999969482422,116.2699966430664,79.59667205810547,9603900
2013-02-21,116.9000015258789,117.30999755859375,116.73999786376953,116.94999694824219,80.06218719482422,8297400
2013-02-22,116.9800033569336,117.33999633789062,116.87999725341797,117.02999877929688,80.116943359375,5316900
2013-02-25,116.3499984741211,119.3499984741211,116.29000091552734,119.33000183105469,81.6915283203125,15948700
2013-02-26,118.7300033569336,119.66999816894531,118.58999633789062,118.63999938964844,81.21916961669922,9822100
2013-02-27,119.48999786376953,119.54000091552734,118.0,118.29000091552734,80.9795150756836,7459600
2013-02-28,118.43000030517578,118.66000366210938,117.9800033569336,118.51000213623047,81.13011169433594,6023400
2013-03-01,118.83999633789062,119.20999908447266,118.54000091552734,118.9000015258789,81.5719223022461,7786800
2013-03-04,118.79000091552734,118.97000122070312,118.26000213623047,118.2699966430664,81.13973236083984,4511400
2013-03-05,118.06999969482422,118.19999694824219,117.68000030517578,117.93000030517578,80.90646362304688,6539300
2013-03-06,117.11000061035156,117.5,116.8499984741211,116.86000061035156,80.17237854003906,6514900
2013-03-07,116.41000366210938,116.51000213623047,115.91000366210938,115.95999908447266,79.55498504638672,8526700
2013-03-08,114.87000274658203,115.36000061035156,114.62000274658203,114.75,78.72482299804688,15423600
2013-03-11,115.12000274658203,115.2300033569336,114.73999786376953,114.86000061035156,78.80025482177734,5815800
2013-03-12,115.25,115.79000091552734,115.2300033569336,115.69000244140625,79.36972045898438,9264200
2013-03-13,115.23999786376953,115.73999786376953,115.02999877929688,115.56999969482422,79.28739929199219,7371500
2013-03-14,115.08999633789062,115.63999938964844,114.9800033569336,115.22000122070312,79.04729461669922,9352100
2013-03-15,115.33000183105469,115.87999725341797,115.30000305175781,115.76000213623047,79.41776275634766,9673400
2013-03-18,116.83000183105469,116.87999725341797,116.1500015258789,116.63999938964844,80.02147674560547,9152200
2013-03-19,116.77999877929688,117.88999938964844,116.69999694824219,117.43000030517578,80.56346130371094,11986200
2013-03-20,116.70999908447266,116.98999786376953,116.08000183105469,116.12000274658203,79.6646957397461,8543900
2013-03-21,116.86000061035156,117.25,116.52999877929688,117.23999786376953,80.43310546875,6119400
2013-03-22,117.30000305175781,117.5,116.7699966430664,117.33000183105469,80.49488830566406,6323800
2013-03-25,116.7699966430664,117.77999877929688,116.66999816894531,117.22000122070312,80.41939544677734,5839800
2013-03-26,116.87000274658203,117.91000366210938,116.77999877929688,117.36000061035156,80.5154037475586,5093200
2013-03-27,118.30000305175781,118.7699966430664,118.18000030517578,118.36000061035156,81.20148468017578,7742900
2013-03-28,118.12000274658203,118.44999694824219,117.68000030517578,117.76000213623047,80.78986358642578,5826400
2013-04-01,117.5199966430664,118.41999816894531,117.48999786376953,118.38999938964844,81.3983154296875,6113800
2013-04-02,118.06999969482422,118.13999938964844,117.75,117.91000366210938,81.06829071044922,5438000
2013-04-03,118.30999755859375,119.29000091552734,118.25,118.97000122070312,81.79708099365234,9527400
2013-04-04,119.58999633789062,120.41000366210938,119.47000122070312,120.38999938964844,82.77345275878906,9365700
2013-04-05,122.87999725341797,123.43000030517578,122.62999725341797,122.81999969482422,84.44413757324219,18626200
2013-04-08,122.66999816894531,122.87000274658203,121.77999877929688,121.87999725341797,83.7978744506836,8020300
2013-04-09,122.02999877929688,122.23999786376953,121.37999725341797,121.58000183105469,83.59162902832031,7176100
2013-04-10,120.58999633789062,120.66000366210938,119.9000015258789,119.91000366210938,82.44337463378906,10765200
2013-04-11,120.16999816894531,120.48999786376953,119.88999938964844,120.13999938964844,82.60153198242188,7501800
2013-04-12,121.33000183105469,121.94000244140625,120.9000015258789,121.93000030517578,83.83224487304688,9253000
2013-04-15,122.12999725341797,123.02999877929688,121.87000274658203,122.98999786376953,84.56101989746094,12948400
2013-04-16,121.91999816894531,122.5199966430664,121.87999725341797,121.9800033569336,83.86660766601562,6553500
2013-04-17,122.30000305175781,123.52999877929688,122.30000305175781,122.79000091552734,84.42350769042969,9020900
2013-04-18,122.80999755859375,123.22000122070312,122.5999984741211,123.08999633789062,84.62979888916016,7009500
2013-04-19,122.94000244140625,122.9800033569336,122.62999725341797,122.83000183105469,84.45105743408203,5474300
2013-04-22,122.83999633789062,123.29000091552734,122.66999816894531,122.91999816894531,84.51293182373047,4519400
2013-04-23,123.26000213623047,123.79000091552734,122.37999725341797,122.48999786376953,84.21723937988281,8042900
2013-04-24,122.47000122070312,122.81999969482422,122.30000305175781,122.80000305175781,84.43041229248047,3673600
2013-04-25,122.25,122.37000274658203,122.0999984741211,122.2699966430664,84.0660400390625,4297800
2013-04-26,123.19999694824219,123.51000213623047,123.01000213623047,123.38999938964844,84.83607482910156,4898800
2013-04-29,123.58000183105469,123.7300033569336,122.76000213623047,122.94000244140625,84.52664947509766,4916000
2013-04-30,123.26000213623047,123.69000244140625,122.66999816894531,123.01000213623047,84.57476806640625,4477400
2013-05-01,123.45999908447266,124.26000213623047,123.43000030517578,124.01000213623047,85.44364929199219,10724600
2013-05-02,123.58999633789062,123.97000122070312,123.51000213623047,123.8499984741211,85.3333740234375,4171800
2013-05-03,122.16000366210938,122.19000244140625,120.83000183105469,120.93000030517578,83.32147216796875,11283600
2013-05-06,121.1500015258789,121.25,120.31999969482422,120.62999725341797,83.11479949951172,5121900
2013-05-07,120.19000244140625,120.5,120.05000305175781,120.16000366210938,82.79096221923828,5049200
2013-05-08,120.2699966430664,120.83000183105469,120.16999816894531,120.3499984741211,82.9218978881836,5732900
2013-05-09,120.51000213623047,121.31999969482422,119.9800033569336,120.04000091552734,82.70828247070312,7527000
2013-05-10,119.76000213623047,119.79000091552734,117.8499984741211,118.75,81.8194580078125,11689000
2013-05-13,117.87999725341797,118.19000244140625,117.62999725341797,117.83999633789062,81.19245147705078,8050800
2013-05-14,118.3499984741211,118.44000244140625,116.54000091552734,116.55999755859375,80.310546875,9236100
2013-05-15,117.52999877929688,117.72000122070312,116.41999816894531,117.33999633789062,80.84796142578125,14608600
2013-05-16,117.97000122070312,118.94000244140625,117.93000030517578,118.55999755859375,81.68856811523438,8458400
2013-05-17,117.94999694824219,118.1500015258789,116.9800033569336,117.05999755859375,80.65499877929688,7435500
2013-05-20,117.62999725341797,117.66999816894531,116.79000091552734,116.91999816894531,80.5585708618164,5839800
2013-05-21,116.93000030517578,117.87000274658203,116.41999816894531,117.83999633789062,81.19245147705078,7781800
2013-05-22,118.0199966430664,118.55000305175781,115.80000305175781,116.08999633789062,79.98667907714844,18361500
2013-05-23,117.1500015258789,117.23999786376953,115.7699966430664,116.63999938964844,80.36563110351562,9207100
2013-05-24,116.9800033569336,117.41999816894531,116.70999908447266,116.80000305175781,80.4758529663086,5357600
2013-05-28,116.08999633789062,116.2699966430664,113.81999969482422,113.83999633789062,78.43643188476562,13567500
2013-05-29,114.62000274658203,115.18000030517578,114.45999908447266,115.12000274658203,79.31836700439453,11298600
2013-05-30,115.25,115.37000274658203,114.52999877929688,114.83999633789062,79.12544250488281,10011800
2013-05-31,114.97000122070312,115.0199966430664,113.16999816894531,114.44999694824219,78.85671997070312,18158800
2013-06-03,113.77999877929688,115.48999786376953,113.69999694824219,114.77999877929688,79.27455139160156,15564500
2013-06-04,113.95999908447266,114.48999786376953,113.66000366210938,113.72000122070312,78.54247283935547,7504300
2013-06-05,114.29000091552734,115.31999969482422,114.12999725341797,115.29000091552734,79.62678527832031,8056100
2013-06-06,114.87999725341797,116.79000091552734,114.41000366210938,115.22000122070312,79.5784912109375,8925200
2013-06-07,114.22000122070312,114.83000183105469,113.16000366210938,113.16000366210938,78.15570068359375,10459300
2013-06-10,112.69999694824219,113.12000274658203,112.37999725341797,112.62000274658203,77.78278350830078,7892600
2013-06-11,112.2699966430664,113.95999908447266,112.12000274658203,113.95999908447266,78.70825958251953,12841200
2013-06-12,113.0,113.83000183105469,112.2699966430664,112.33000183105469,77.5824966430664,10193200
2013-06-13,113.06999969482422,114.16999816894531,112.88999938964844,114.08999633789062,78.79804992675781,12506300
2013-06-14,114.0999984741211,114.66000366210938,113.81999969482422,113.81999969482422,78.61156463623047,6679100
2013-06-17,114.0199966430664,114.08000183105469,113.0,113.22000122070312,78.19709777832031,5982100
2013-06-18,112.8499984741211,113.68000030517578,112.72000122070312,113.27999877929688,78.23855590820312,5192700
2013-06-19,113.73999786376953,113.79000091552734,111.62000274658203,112.11000061035156,77.43051147460938,17138200
2013-06-20,110.75,111.20999908447266,109.27999877929688,110.2699966430664,76.15968322753906,27898500
2013-06-21,110.1500015258789,110.41000366210938,108.37000274658203,108.4000015258789,74.86810302734375,19781000
2013-06-24,107.83000183105469,109.38999938964844,107.76000213623047,108.8499984741211,75.17890930175781,24588900
2013-06-25,108.9000015258789,109.0199966430664,107.86000061035156,107.87999725341797,74.50894165039062,11078000
2013-06-26,109.0,109.05000305175781,108.04000091552734,108.58000183105469,74.99240112304688,13582200
2013-06-27,109.54000091552734,109.97000122070312,108.94999694824219,109.69000244140625,75.75906372070312,12026000
2013-06-28,109.01000213623047,110.4800033569336,108.72000122070312,110.44000244140625,76.27713775634766,12017000
2013-07-01,109.7300033569336,110.5,109.43000030517578,110.41000366210938,76.43077087402344,5500400
2013-07-02,110.5,110.80000305175781,110.23999786376953,110.33999633789062,76.38227081298828,5333900
2013-07-03,110.30999755859375,110.6500015258789,110.01000213623047,110.01000213623047,76.15390014648438,3839000
2013-07-05,107.27999877929688,107.5,106.16999816894531,106.26000213623047,73.55790710449219,14511900
2013-07-08,107.06999969482422,107.55999755859375,106.94999694824219,107.29000091552734,74.27098083496094,8044200
2013-07-09,107.48999786376953,107.62000274658203,107.06999969482422,107.4000015258789,74.34715270996094,4700400
2013-07-10,107.38999938964844,107.38999938964844,106.30000305175781,106.55999755859375,73.7656478881836,10792200
2013-07-11,107.44999694824219,107.87000274658203,106.94000244140625,107.80999755859375,74.63091278076172,10035500
2013-07-12,108.33999633789062,108.47000122070312,107.33999633789062,107.72000122070312,74.5686264038086,4730800
2013-07-15,107.80000305175781,108.31999969482422,107.69999694824219,108.29000091552734,74.96321105957031,4574800
2013-07-16,108.43000030517578,108.76000213623047,108.2699966430664,108.66000366210938,75.2193374633789,3650200
2013-07-17,109.19000244140625,109.36000061035156,108.66000366210938,108.86000061035156,75.3578109741211,5932000
2013-07-18,108.61000061035156,108.66999816894531,107.4800033569336,107.5,74.41637420654297,9066400
2013-07-19,108.30999755859375,109.20999908447266,108.25,109.19999694824219,75.59317779541016,8523800
2013-07-22,109.36000061035156,109.69000244140625,109.12999725341797,109.36000061035156,75.70390319824219,3972600
2013-07-23,108.66999816894531,109.0,108.31999969482422,108.9000015258789,75.38548278808594,5015500
2013-07-24,107.6500015258789,107.88999938964844,106.79000091552734,107.5199966430664,74.43016052246094,8853100
2013-07-25,106.97000122070312,107.5999984741211,106.80999755859375,107.4800033569336,74.4024658203125,6443400
2013-07-26,108.04000091552734,108.27999877929688,107.63999938964844,108.13999938964844,74.85939025878906,6795500
2013-07-29,107.6500015258789,107.81999969482422,107.06999969482422,107.3499984741211,74.31251525878906,6397800
2013-07-30,107.70999908447266,107.76000213623047,107.05000305175781,107.30999755859375,74.2847900390625,3635400
2013-07-31,106.05999755859375,107.91999816894531,105.8499984741211,107.69999694824219,74.5547866821289,10483100
2013-08-01,106.48999786376953,106.48999786376953,105.0,105.36000061035156,73.11820983886719,13568600
2013-08-02,106.01000213623047,106.61000061035156,105.9800033569336,106.5199966430664,73.92324829101562,9568400
2013-08-05,106.19000244140625,106.25,105.54000091552734,105.69999694824219,73.35421752929688,6611800
2013-08-06,105.52999877929688,106.01000213623047,105.33999633789062,106.01000213623047,73.56929779052734,4589000
2013-08-07,106.16999816894531,106.94000244140625,106.16999816894531,106.80000305175781,74.11762237548828,7183400
2013-08-08,106.9800033569336,107.5999984741211,106.79000091552734,107.08999633789062,74.31880187988281,5510900
2013-08-09,106.5999984741211,107.2699966430664,106.4800033569336,107.26000213623047,74.43680572509766,3623400
2013-08-12,107.61000061035156,107.62999725341797,106.47000122070312,106.52999877929688,73.93018341064453,7562800
2013-08-13,105.33000183105469,105.36000061035156,104.80000305175781,104.98999786376953,72.86145782470703,11485600
2013-08-14,104.94000244140625,105.36000061035156,104.87000274658203,105.1500015258789,72.9725112915039,6431600
2013-08-15,104.0999984741211,104.62999725341797,103.69000244140625,103.7300033569336,71.9870376586914,11846300
2013-08-16,103.95999908447266,103.97000122070312,102.66999816894531,103.37000274658203,71.73722076416016,10175900
2013-08-19,102.93000030517578,103.01000213623047,102.20999908447266,102.47000122070312,71.11260223388672,9022000
2013-08-20,102.88999938964844,103.36000061035156,102.8499984741211,103.26000213623047,71.66082763671875,10050100
2013-08-21,102.7699966430664,103.19999694824219,102.11000061035156,102.12999725341797,70.87664031982422,13248800
2013-08-22,102.45999908447266,103.2300033569336,102.23999786376953,103.16999816894531,71.59842681884766,8751200
2013-08-23,103.01000213623047,104.38999938964844,102.73999786376953,104.29000091552734,72.37565612792969,17441200
2013-08-26,104.55999755859375,104.88999938964844,104.33000183105469,104.80999755859375,72.7365493774414,5879100
2013-08-27,105.29000091552734,106.25,105.04000091552734,106.12999725341797,73.65259552001953,11573300
2013-08-28,105.41000366210938,105.56999969482422,104.94000244140625,105.2699966430664,73.05577850341797,7497900
2013-08-29,104.87999725341797,106.30999755859375,104.79000091552734,106.11000061035156,73.63872528076172,6672400
2013-08-30,106.0199966430664,106.68000030517578,105.73999786376953,105.98999786376953,73.55542755126953,8987600
2013-09-03,104.58999633789062,104.66999816894531,103.51000213623047,104.22000122070312,72.51797485351562,12084300
2013-09-04,104.44999694824219,104.6500015258789,103.94999694824219,103.98999786376953,72.35791015625,4579600
2013-09-05,103.47000122070312,103.5999984741211,102.52999877929688,102.54000091552734,71.3489990234375,12290600
2013-09-06,103.25,103.81999969482422,102.80999755859375,103.05000305175781,71.70387268066406,9478400
2013-09-09,103.80000305175781,103.80999755859375,103.08000183105469,103.0999984741211,71.73868560791016,6874900
2013-09-10,102.7300033569336,103.33999633789062,102.36000061035156,102.37999725341797,71.23770904541016,8069000
2013-09-11,102.91999816894531,103.30999755859375,102.19000244140625,103.29000091552734,71.8708724975586,8962400
2013-09-12,103.8499984741211,104.0,103.05999755859375,103.1500015258789,71.7734603881836,6254400
2013-09-13,103.51000213623047,103.83000183105469,103.2300033569336,103.55000305175781,72.0517578125,6106200
2013-09-16,104.33000183105469,104.41000366210938,102.8499984741211,102.86000061035156,71.57169342041016,8231600
2013-09-17,103.37000274658203,103.73999786376953,102.97000122070312,103.70999908447266,72.16315460205078,8795300
2013-09-18,103.62999725341797,105.55000305175781,102.9800033569336,104.98999786376953,73.05379486083984,19749200
2013-09-19,105.05000305175781,105.08999633789062,104.16000366210938,104.37000274658203,72.62238311767578,11627800
2013-09-20,104.69000244140625,105.18000030517578,104.44999694824219,104.91999816894531,73.0050277709961,8421000
2013-09-23,105.20999908447266,105.7300033569336,105.11000061035156,105.69000244140625,73.54080963134766,10242100
2013-09-24,105.98999786376953,106.83999633789062,105.83999633789062,106.83000183105469,74.33406829833984,11446600
2013-09-25,106.54000091552734,107.27999877929688,106.38999938964844,107.05000305175781,74.4871597290039,8130900
2013-09-26,106.4800033569336,106.62000274658203,106.19000244140625,106.30000305175781,73.96525573730469,5117100
2013-09-27,106.29000091552734,106.81999969482422,106.25,106.55999755859375,74.14617919921875,6460000
2013-09-30,106.66000366210938,106.9000015258789,106.18000030517578,106.4000015258789,74.03488159179688,8438800
2013-10-01,105.9000015258789,106.02999877929688,105.52999877929688,105.80000305175781,73.81023406982422,7592500
2013-10-02,105.93000030517578,106.4800033569336,105.76000213623047,105.95999908447266,73.92182159423828,5967200
2013-10-03,105.75,106.41000366210938,105.69999694824219,105.79000091552734,73.80322265625,6648900
2013-10-04,105.66999816894531,105.77999877929688,105.3499984741211,105.70999908447266,73.74744415283203,5545300
2013-10-07,106.19999694824219,106.36000061035156,105.9800033569336,106.13999938964844,74.04739379882812,5761100
2013-10-08,105.9800033569336,106.51000213623047,105.83000183105469,106.16999816894531,74.06836700439453,5904000
2013-10-09,105.87000274658203,105.94000244140625,105.30000305175781,105.31999969482422,73.47539520263672,8439000
2013-10-10,104.80000305175781,105.52999877929688,104.51000213623047,105.48999786376953,73.59392547607422,9944100
2013-10-11,106.16000366210938,106.2300033569336,105.41000366210938,105.45999908447266,73.57303619384766,6500800
2013-10-14,105.38999938964844,105.63999938964844,104.33000183105469,104.61000061035156,72.98004150390625,4205600
2013-10-15,105.1500015258789,105.30000305175781,104.52999877929688,104.54000091552734,72.9311752319336,8291000
2013-10-16,104.47000122070312,105.86000061035156,104.2699966430664,105.8499984741211,73.84515380859375,14460200
2013-10-17,106.5199966430664,107.12000274658203,106.29000091552734,106.80999755859375,74.51485443115234,11303400
2013-10-18,107.11000061035156,107.4800033569336,106.9800033569336,107.04000091552734,74.67533111572266,9487800
2013-10-21,106.91000366210938,106.91999816894531,106.45999908447266,106.69999694824219,74.43810272216797,6161600
2013-10-22,107.5999984741211,108.12000274658203,107.55999755859375,107.88999938964844,75.2682876586914,9708500
2013-10-23,108.06999969482422,108.7300033569336,108.04000091552734,108.30999755859375,75.56129455566406,9163100
2013-10-24,108.61000061035156,108.66999816894531,107.87000274658203,107.88999938964844,75.2682876586914,7631400
2013-10-25,108.12999725341797,108.44999694824219,108.08000183105469,108.29000091552734,75.54733276367188,4429500
2013-10-28,108.01000213623047,108.37999725341797,107.91000366210938,107.91999816894531,75.2892074584961,6466400
2013-10-29,107.62000274658203,108.06999969482422,107.51000213623047,108.05999755859375,75.3868637084961,5270500
2013-10-30,107.93000030517578,108.20999908447266,107.20999908447266,107.41000366210938,74.93345642089844,10199300
2013-10-31,107.91000366210938,108.01000213623047,107.13999938964844,107.63999938964844,75.09387969970703,11452100
2013-11-01,106.97000122070312,107.0,106.13999938964844,106.19000244140625,74.28105163574219,11349500
2013-11-04,106.47000122070312,106.66999816894531,106.22000122070312,106.29000091552734,74.35099029541016,4733200
2013-11-05,105.79000091552734,105.83000183105469,104.98999786376953,105.0199966430664,73.46260833740234,8753400
2013-11-06,104.94000244140625,105.13999938964844,104.69000244140625,105.06999969482422,73.49759674072266,5643000
2013-11-07,105.05000305175781,106.05000305175781,104.97000122070312,105.95999908447266,74.12012481689453,7893700
2013-11-08,103.97000122070312,104.11000061035156,103.38999938964844,103.41000366210938,72.33634185791016,16889900
2013-11-11,103.52999877929688,103.58000183105469,102.95999908447266,103.0199966430664,72.06360626220703,4927200
2013-11-12,103.20999908447266,103.58999633789062,103.18000030517578,103.5,72.39933776855469,4839500
2013-11-13,103.87000274658203,104.04000091552734,103.73999786376953,103.87999725341797,72.6651611328125,5782900
2013-11-14,104.30999755859375,105.12000274658203,104.1500015258789,104.5199966430664,73.11286926269531,8895500
2013-11-15,104.66000366210938,104.73999786376953,104.30999755859375,104.7300033569336,73.259765625,6344800
2013-11-18,104.6500015258789,105.41000366210938,104.6500015258789,105.36000061035156,73.70045471191406,5451300
2013-11-19,104.94999694824219,105.13999938964844,104.41000366210938,104.55999755859375,73.14085388183594,7251100
2013-11-20,104.41999816894531,104.83999633789062,102.6500015258789,102.77999877929688,71.89569854736328,14190900
2013-11-21,102.51000213623047,103.19000244140625,102.16000366210938,102.94999694824219,72.01465606689453,8903000
2013-11-22,103.48999786376953,104.12999725341797,103.4800033569336,103.91000366210938,72.6861572265625,7950700
2013-11-25,103.83999633789062,104.41999816894531,103.83999633789062,104.20999908447266,72.89605712890625,3755500
2013-11-26,104.48999786376953,104.93000030517578,104.4800033569336,104.5999984741211,73.16885375976562,6659200
2013-11-27,104.68000030517578,104.69999694824219,103.95999908447266,104.41999816894531,73.04288482666016,6063000
2013-11-29,104.08000183105469,104.5999984741211,103.94999694824219,104.44999694824219,73.06385040283203,5084400
2013-12-02,103.80000305175781,103.91000366210938,103.22000122070312,103.33000183105469,72.49561309814453,7527800
2013-12-03,103.69999694824219,103.95999908447266,103.45999908447266,103.70999908447266,72.7622299194336,5076900
2013-12-04,102.75,103.05000305175781,102.37999725341797,102.72000122070312,72.0676498413086,8502700
2013-12-05,102.4800033569336,102.8499984741211,102.22000122070312,102.43000030517578,71.86419677734375,7445700
2013-12-06,102.55999755859375,102.98999786376953,102.36000061035156,102.91999816894531,72.2079849243164,7352000
2013-12-09,102.9000015258789,103.2300033569336,102.83000183105469,103.16000366210938,72.37638092041016,5678800
2013-12-10,103.83999633789062,103.94999694824219,103.44999694824219,103.9000015258789,72.89546966552734,7040400
2013-12-11,103.55000305175781,103.7699966430664,103.0199966430664,103.0999984741211,72.33425903320312,8190900
2013-12-12,103.02999877929688,103.16000366210938,102.62999725341797,102.70999908447266,72.06065368652344,6208600
2013-12-13,103.13999938964844,103.30000305175781,102.79000091552734,103.20999908447266,72.41146087646484,6471300
2013-12-16,103.58000183105469,103.69000244140625,102.7300033569336,102.83000183105469,72.14482879638672,6376400
2013-12-17,102.61000061035156,103.4000015258789,102.58999633789062,103.29000091552734,72.46751403808594,6014400
2013-12-18,102.83000183105469,103.72000122070312,102.45999908447266,102.7699966430664,72.10275268554688,12973200
2013-12-19,102.86000061035156,103.01000213623047,102.44999694824219,102.66999816894531,72.0325698852539,6708400
2013-12-20,103.72000122070312,104.29000091552734,103.30000305175781,104.25,73.1410903930664,12425700
2013-12-23,104.05000305175781,104.41000366210938,103.66000366210938,103.66000366210938,72.72718048095703,6378600
2013-12-24,103.2300033569336,103.3499984741211,102.80000305175781,102.83000183105469,72.14482879638672,4897000
2013-12-26,102.3499984741211,102.36000061035156,102.01000213623047,102.0999984741211,71.86678314208984,4645300
2013-12-27,102.06999969482422,102.30999755859375,101.69000244140625,101.80999755859375,71.66266632080078,4755000
2013-12-30,102.1500015258789,102.58000183105469,102.08000183105469,102.51000213623047,72.1553726196289,4491700
2013-12-31,102.29000091552734,102.55000305175781,101.16999816894531,101.86000061035156,71.69783020019531,7218600
2014-01-02,101.72000122070312,102.38999938964844,101.69000244140625,102.16999816894531,71.91603088378906,8580800
2014-01-03,101.80999755859375,102.44999694824219,101.76000213623047,102.16999816894531,71.91603088378906,4083800
2014-01-06,102.37999725341797,103.0,102.37000274658203,102.5999984741211,72.21868896484375,7796200
2014-01-07,102.81999969482422,102.98999786376953,102.55999755859375,102.86000061035156,72.40174865722656,4428100
2014-01-08,102.44999694824219,102.69000244140625,102.0999984741211,102.58000183105469,72.2046890258789,8513000
2014-01-09,102.97000122070312,103.20999908447266,102.51000213623047,103.18000030517578,72.62699127197266,6991100
2014-01-10,103.7699966430664,104.54000091552734,103.69000244140625,104.41000366210938,73.49272155761719,13197400
2014-01-13,104.51000213623047,105.13999938964844,104.47000122070312,104.93000030517578,73.8587875366211,9667400
2014-01-14,104.6500015258789,104.83000183105469,104.38999938964844,104.44999694824219,73.52090454101562,10343100
2014-01-15,104.04000091552734,104.51000213623047,103.93000030517578,104.33999633789062,73.44347381591797,7507500
2014-01-16,104.8499984741211,105.06999969482422,104.72000122070312,105.04000091552734,73.93621063232422,7137700
2014-01-17,104.86000061035156,105.5199966430664,104.79000091552734,105.4800033569336,74.24590301513672,7588600
2014-01-21,105.44999694824219,105.73999786376953,105.4000015258789,105.55999755859375,74.30221557617188,6436000
2014-01-22,105.37000274658203,105.75,105.23999786376953,105.30000305175781,74.11920166015625,4646700
2014-01-23,105.87999725341797,107.08999633789062,105.87999725341797,106.79000091552734,75.16798400878906,12960600
2014-01-24,107.19000244140625,107.48999786376953,106.98999786376953,107.4800033569336,75.6537094116211,11122200
2014-01-27,107.22000122070312,107.5999984741211,106.69999694824219,106.7300033569336,75.12578582763672,9218200
2014-01-28,106.91000366210938,106.98999786376953,106.55000305175781,106.98999786376953,75.30876922607422,5661500
2014-01-29,107.37000274658203,108.1500015258789,106.98999786376953,107.87000274658203,75.92819213867188,11709400
2014-01-30,107.47000122070312,107.66999816894531,107.11000061035156,107.55999755859375,75.7099838256836,5956900
2014-01-31,108.19999694824219,108.41000366210938,107.8499984741211,108.27999877929688,76.216796875,14690900
2014-02-03,107.79000091552734,109.33999633789062,107.61000061035156,109.31999969482422,77.14546966552734,20780300
2014-02-04,108.5199966430664,108.66999816894531,107.97000122070312,108.16000366210938,76.32691192626953,9573500
2014-02-05,107.69000244140625,107.77999877929688,107.01000213623047,107.16000366210938,75.62123107910156,10312200
2014-02-06,106.97000122070312,107.0199966430664,106.5199966430664,106.69999694824219,75.29657745361328,5708700
2014-02-07,106.45999908447266,107.22000122070312,106.44000244140625,106.79000091552734,75.36009979248047,7039200
2014-02-10,106.61000061035156,107.12000274658203,106.56999969482422,107.08999633789062,75.5718002319336,4370500
2014-02-11,106.61000061035156,106.69000244140625,106.16000366210938,106.47000122070312,75.1343002319336,5904900
2014-02-12,106.16999816894531,106.20999908447266,105.62000274658203,105.91999816894531,74.74616241455078,6723300
2014-02-13,106.58999633789062,106.7300033569336,106.30000305175781,106.5199966430664,75.1695327758789,6874600
2014-02-14,106.56999969482422,106.63999938964844,106.2699966430664,106.58000183105469,75.21192932128906,4989100
2014-02-18,106.66000366210938,107.19999694824219,106.62000274658203,106.81999969482422,75.38126373291016,4855800
2014-02-19,107.18000030517578,107.18000030517578,106.30000305175781,106.37000274658203,75.063720703125,5522500
2014-02-20,106.31999969482422,106.62999725341797,105.69000244140625,106.11000061035156,74.88026428222656,5103200
2014-02-21,105.94999694824219,106.68000030517578,105.94999694824219,106.66999816894531,75.27544403076172,5250700
2014-02-24,106.69999694824219,106.73999786376953,106.16999816894531,106.4000015258789,75.08486938476562,3816700
2014-02-25,106.91000366210938,107.36000061035156,106.88999938964844,107.3499984741211,75.75528717041016,6225400
2014-02-26,107.30999755859375,107.91999816894531,107.23999786376953,107.91999816894531,76.15753936767578,7203900
2014-02-27,108.27999877929688,108.55999755859375,108.0999984741211,108.51000213623047,76.5738525390625,5394700
2014-02-28,108.27999877929688,108.73999786376953,107.77999877929688,108.56999969482422,76.61627197265625,8462600
2014-03-03,108.87999725341797,109.18000030517578,108.63999938964844,109.02999877929688,77.1276626586914,11089400
2014-03-04,108.3499984741211,108.3499984741211,107.36000061035156,107.38999938964844,75.96751403808594,8068100
2014-03-05,107.33999633789062,107.77999877929688,107.19999694824219,107.62000274658203,76.13025665283203,4798500
2014-03-06,106.76000213623047,106.97000122070312,106.5199966430664,106.55999755859375,75.38038635253906,7418200
2014-03-07,105.63999938964844,106.16999816894531,105.5999984741211,105.88999938964844,74.90644836425781,8270300
2014-03-10,105.94000244140625,106.11000061035156,105.77999877929688,106.04000091552734,75.01253509521484,3744300
2014-03-11,105.9800033569336,106.33999633789062,105.77999877929688,106.31999969482422,75.21060180664062,3815700
2014-03-12,106.91999816894531,107.26000213623047,106.77999877929688,107.05999755859375,75.73410034179688,6430500
2014-03-13,106.69999694824219,108.52999877929688,106.6500015258789,108.5,76.75273895263672,11815500
2014-03-14,108.97000122070312,108.9800033569336,108.31999969482422,108.5199966430664,76.7668685913086,9232800
2014-03-17,108.18000030517578,108.30000305175781,107.66999816894531,107.70999908447266,76.19390106201172,7381900
2014-03-18,107.68000030517578,108.1500015258789,107.5999984741211,108.0999984741211,76.46977996826172,4819500
2014-03-19,107.91999816894531,107.9800033569336,106.80999755859375,107.26000213623047,75.87557220458984,11557600
2014-03-20,107.08999633789062,107.62999725341797,106.98999786376953,107.06999969482422,75.74114227294922,5224400
2014-03-21,107.41000366210938,108.31999969482422,107.37000274658203,108.2300033569336,76.56171417236328,8986200
2014-03-24,108.05000305175781,109.08999633789062,107.94999694824219,109.0,77.10646057128906,7536400
2014-03-25,108.41000366210938,108.81999969482422,108.16999816894531,108.58999633789062,76.81641387939453,5032000
2014-03-26,108.55000305175781,109.4800033569336,108.4800033569336,109.44000244140625,77.41770935058594,7147200
2014-03-27,109.63999938964844,110.38999938964844,109.41999816894531,109.98999786376953,77.80677032470703,9772200
2014-03-28,109.86000061035156,109.88999938964844,109.0199966430664,109.37000274658203,77.36820983886719,6027000
2014-03-31,108.73999786376953,111.06999969482422,108.33999633789062,109.0999984741211,77.17716979980469,7488400
2014-04-01,108.26000213623047,108.36000061035156,107.83999633789062,107.88999938964844,76.51764678955078,9067300
2014-04-02,107.38999938964844,107.55000305175781,107.16999816894531,107.2699966430664,76.07794952392578,6887200
2014-04-03,107.5199966430664,107.94000244140625,107.44000244140625,107.73999786376953,76.41121673583984,4937400
2014-04-04,107.87000274658203,108.69000244140625,107.8499984741211,108.45999908447266,76.92186737060547,8977500
2014-04-07,108.62000274658203,109.29000091552734,108.5999984741211,109.11000061035156,77.38288116455078,7562500
2014-04-08,109.02999877929688,109.47000122070312,108.72000122070312,109.37000274658203,77.56729888916016,4213800
2014-04-09,108.87999725341797,109.3499984741211,108.63999938964844,108.83000183105469,77.1842269897461,5771500
2014-04-10,108.91999816894531,110.22000122070312,108.9000015258789,109.83999633789062,77.90056610107422,12706400
2014-04-11,110.54000091552734,110.79000091552734,110.12999725341797,110.7300033569336,78.53180694580078,10267000
2014-04-14,110.4800033569336,110.69999694824219,110.30000305175781,110.44000244140625,78.32610321044922,4142600
2014-04-15,110.61000061035156,111.51000213623047,110.3499984741211,111.12999725341797,78.81548309326172,7752000
2014-04-16,110.43000030517578,111.2699966430664,110.37999725341797,111.2699966430664,78.91475677490234,5523000
2014-04-17,111.37000274658203,111.44999694824219,109.69999694824219,110.05000305175781,78.04949951171875,8622500
2014-04-21,110.37000274658203,110.62000274658203,109.83999633789062,109.95999908447266,77.98567962646484,4316300
2014-04-22,109.66000366210938,110.48999786376953,109.61000061035156,110.33000183105469,78.24812316894531,5748700
2014-04-23,110.5999984741211,111.05000305175781,110.52999877929688,110.95999908447266,78.69488525390625,5748600
2014-04-24,110.44999694824219,111.20999908447266,110.44999694824219,111.16999816894531,78.84383392333984,6337800
2014-04-25,111.48999786376953,111.98999786376953,111.31999969482422,111.33000183105469,78.95730590820312,5976500
2014-04-28,111.11000061035156,111.27999877929688,110.55000305175781,110.79000091552734,78.57431030273438,7606000
2014-04-29,110.16999816894531,110.7300033569336,110.04000091552734,110.63999938964844,78.46791076660156,5235200
2014-04-30,110.72000122070312,111.26000213623047,110.37999725341797,111.0999984741211,78.79419708251953,7721400
2014-05-01,110.87999725341797,112.08000183105469,110.83999633789062,112.0199966430664,79.63948822021484,11556500
2014-05-02,111.54000091552734,113.0999984741211,111.30000305175781,112.70999908447266,80.13009643554688,12702100
2014-05-05,112.76000213623047,112.80999755859375,111.88999938964844,112.02999877929688,79.64662170410156,8043000
2014-05-06,112.11000061035156,112.69999694824219,112.04000091552734,112.4800033569336,79.966552734375,6522600
2014-05-07,112.30999755859375,112.56999969482422,111.94000244140625,112.08000183105469,79.68218231201172,8199200
2014-05-08,112.33999633789062,112.76000213623047,111.45999908447266,111.5999984741211,79.3409194946289,10878800
2014-05-09,111.52999877929688,111.80999755859375,110.9800033569336,111.23999786376953,79.08495330810547,6000600
2014-05-12,111.01000213623047,111.12999725341797,110.54000091552734,110.79000091552734,78.7650375366211,4563800
2014-05-13,111.44000244140625,111.75,111.33000183105469,111.75,79.44755554199219,5501000
2014-05-14,112.62999725341797,113.2300033569336,112.55999755859375,112.95999908447266,80.30775451660156,8851400
2014-05-15,113.77999877929688,114.41000366210938,113.5999984741211,113.86000061035156,80.9476089477539,12627900
2014-05-16,113.61000061035156,114.0,113.41999816894531,113.54000091552734,80.72015380859375,5019200
2014-05-19,113.93000030517578,113.95999908447266,112.62000274658203,112.69999694824219,80.12295532226562,7403300
2014-05-20,112.5999984741211,113.4800033569336,112.58999633789062,112.94999694824219,80.3006820678711,6549800
2014-05-21,112.22000122070312,112.4000015258789,111.87000274658203,112.26000213623047,79.81012725830078,8224600
2014-05-22,112.26000213623047,112.4000015258789,111.79000091552734,112.0999984741211,79.69641876220703,6495700
2014-05-23,112.5199966430664,112.91000366210938,112.44999694824219,112.69999694824219,80.12295532226562,3835000
2014-05-27,112.8499984741211,113.4000015258789,112.4000015258789,113.36000061035156,80.5921859741211,6658300
2014-05-28,114.0999984741211,114.83999633789062,114.08999633789062,114.76000213623047,81.58748626708984,10361000
2014-05-29,114.87000274658203,115.19000244140625,114.12999725341797,114.1500015258789,81.15379333496094,10692000
2014-05-30,113.95999908447266,114.4000015258789,113.80999755859375,114.0999984741211,81.11822509765625,6518900
2014-06-02,113.04000091552734,113.68000030517578,112.55000305175781,112.95999908447266,80.51521301269531,11728200
2014-06-03,112.41000366210938,112.54000091552734,111.51000213623047,111.56999969482422,79.52449035644531,12694100
2014-06-04,111.76000213623047,111.81999969482422,111.2699966430664,111.54000091552734,79.50310516357422,7882000
2014-06-05,111.12999725341797,111.97000122070312,111.0199966430664,111.58999633789062,79.53875732421875,6915600
2014-06-06,112.12999725341797,112.41000366210938,111.48999786376953,111.58999633789062,79.53875732421875,7832800
2014-06-09,111.44999694824219,111.63999938964844,111.19999694824219,111.43000030517578,79.42472076416016,5162800
2014-06-10,111.04000091552734,111.2699966430664,110.83000183105469,111.0199966430664,79.13245391845703,5986000
2014-06-11,111.26000213623047,111.54000091552734,110.8499984741211,111.22000122070312,79.27503967285156,5569700
2014-06-12,111.30000305175781,112.3499984741211,111.0,112.20999908447266,79.980712890625,9775900
2014-06-13,111.56999969482422,112.62000274658203,111.52999877929688,112.1500015258789,79.9378890991211,5412500
2014-06-16,112.20999908447266,112.62999725341797,112.0999984741211,112.43000030517578,80.13746643066406,5184600
2014-06-17,112.06999969482422,112.08999633789062,111.4800033569336,111.54000091552734,79.50310516357422,6668800
2014-06-18,111.80000305175781,112.76000213623047,111.55999755859375,112.4000015258789,80.11610412597656,11256500
2014-06-19,112.51000213623047,112.55999755859375,110.73999786376953,110.95999908447266,79.0896987915039,14215500
2014-06-20,110.97000122070312,111.80000305175781,110.9000015258789,111.80000305175781,79.6884765625,7319100
2014-06-23,112.08000183105469,112.18000030517578,111.41000366210938,111.44999694824219,79.43896484375,5821700
2014-06-24,112.1500015258789,112.6500015258789,111.81999969482422,112.58000183105469,80.24437713623047,9698300
2014-06-25,113.0999984741211,113.36000061035156,112.69000244140625,112.87000274658203,80.45108032226562,5699300
2014-06-26,113.20999908447266,113.80000305175781,113.20999908447266,113.41000366210938,80.83600616455078,6628900
2014-06-27,113.68000030517578,113.81999969482422,113.16999816894531,113.23999786376953,80.71484375,7216500
2014-06-30,113.55999755859375,113.80000305175781,113.08999633789062,113.5199966430664,80.9144058227539,5593100
2014-07-01,112.5,112.73999786376953,112.19999694824219,112.27999877929688,80.23699188232422,8019200
2014-07-02,111.62999725341797,111.66999816894531,110.97000122070312,111.08000183105469,79.3794174194336,9382500
2014-07-03,110.37999725341797,110.86000061035156,110.33999633789062,110.68000030517578,79.09354400634766,6173900
2014-07-07,111.2699966430664,111.80999755859375,111.2300033569336,111.48999786376953,79.67243194580078,5928900
2014-07-08,112.23999786376953,112.86000061035156,112.23999786376953,112.73999786376953,80.56566619873047,6352100
2014-07-09,112.66000366210938,113.13999938964844,112.37999725341797,112.83000183105469,80.6300048828125,6395200
2014-07-10,113.54000091552734,113.66000366210938,112.81999969482422,112.86000061035156,80.65143585205078,7196900
2014-07-11,113.3499984741211,113.68000030517578,113.27999877929688,113.58000183105469,81.16598510742188,4676500
2014-07-14,113.27999877929688,113.41000366210938,112.93000030517578,113.08999633789062,80.81575775146484,4743300
2014-07-15,112.83000183105469,113.47000122070312,112.5,112.86000061035156,80.65143585205078,7720000
2014-07-16,113.0,113.58000183105469,112.94000244140625,113.45999908447266,81.08019256591797,4615800
2014-07-17,114.2300033569336,115.05000305175781,113.94000244140625,114.88999938964844,82.10208892822266,10901000
2014-07-18,114.87999725341797,114.95999908447266,114.11000061035156,114.5199966430664,81.83773040771484,6677900
2014-07-21,115.01000213623047,115.62999725341797,115.01000213623047,115.08999633789062,82.2450180053711,5724100
2014-07-22,115.08999633789062,115.45999908447266,114.6500015258789,115.33000183105469,82.41654205322266,5753200
2014-07-23,115.51000213623047,115.62999725341797,115.16999816894531,115.18000030517578,82.30933380126953,3489600
2014-07-24,114.5199966430664,114.58000183105469,114.25,114.31999969482422,81.69476318359375,6609000
2014-07-25,115.33999633789062,115.68000030517578,115.16000366210938,115.66999816894531,82.65951538085938,7041800
2014-07-28,115.58999633789062,115.9000015258789,115.12000274658203,115.51000213623047,82.54513549804688,5138300
2014-07-29,115.87000274658203,116.06999969482422,115.41999816894531,115.93000030517578,82.84526824951172,6579300
2014-07-30,115.1500015258789,115.37999725341797,114.16999816894531,114.31999969482422,81.69476318359375,12251200
2014-07-31,113.52999877929688,114.58000183105469,113.47000122070312,113.9800033569336,81.4518051147461,18254000
2014-08-01,113.58000183105469,114.87000274658203,113.05000305175781,114.55999755859375,82.08231353759766,14951200
2014-08-04,114.52999877929688,114.80999755859375,114.26000213623047,114.26000213623047,81.86738586425781,5183800
2014-08-05,114.06999969482422,114.80000305175781,113.68000030517578,114.62999725341797,82.13249206542969,8032000
2014-08-06,115.47000122070312,115.47000122070312,114.5999984741211,114.69999694824219,82.1826400756836,7289200
2014-08-07,114.83999633789062,115.7699966430664,114.56999969482422,115.7699966430664,82.94925689697266,9745500
2014-08-08,115.93000030517578,116.41999816894531,115.37999725341797,115.5199966430664,82.7701644897461,9536700
2014-08-11,115.6500015258789,115.81999969482422,115.29000091552734,115.51000213623047,82.76299285888672,6668800
2014-08-12,115.41000366210938,115.44000244140625,114.7300033569336,114.76000213623047,82.22560119628906,8122400
2014-08-13,114.87000274658203,115.5199966430664,114.77999877929688,115.51000213623047,82.76299285888672,8210500
2014-08-14,115.93000030517578,116.5,115.38999938964844,116.44000244140625,83.42933654785156,9028200
2014-08-15,116.70999908447266,118.36000061035156,116.69000244140625,117.70999908447266,84.33929443359375,17606700
2014-08-18,117.20999908447266,117.30000305175781,116.38999938964844,116.54000091552734,83.5009994506836,7595300
2014-08-19,117.08000183105469,117.1500015258789,115.9800033569336,116.18000030517578,83.2430419921875,5936900
2014-08-20,116.04000091552734,116.11000061035156,115.56999969482422,115.98999786376953,83.10689544677734,7275600
2014-08-21,116.06999969482422,116.76000213623047,116.0199966430664,116.63999938964844,83.57266998291016,6790700
2014-08-22,116.73999786376953,117.43000030517578,116.20999908447266,117.29000091552734,84.03841400146484,10149900
2014-08-25,117.44999694824219,117.77999877929688,117.20999908447266,117.7300033569336,84.3536148071289,5760700
2014-08-26,117.94000244140625,117.98999786376953,117.20999908447266,117.3499984741211,84.08135223388672,5487600
2014-08-27,117.69999694824219,118.41000366210938,117.4000015258789,118.3499984741211,84.79788208007812,7265800
2014-08-28,119.12999725341797,119.37000274658203,118.66999816894531,118.97000122070312,85.2420654296875,9463600
2014-08-29,118.91999816894531,119.43000030517578,118.75,119.05000305175781,85.29938507080078,8512900
2014-09-02,117.27999877929688,117.37999725341797,116.69999694824219,116.7300033569336,83.82792663574219,10506000
2014-09-03,116.4000015258789,117.37999725341797,116.30999755859375,117.37999725341797,84.29470825195312,6553900
2014-09-04,116.62000274658203,116.87999725341797,115.93000030517578,115.94999694824219,83.267822265625,12528900
2014-09-05,116.44000244140625,116.5999984741211,115.44000244140625,115.7300033569336,83.10981750488281,6886000
2014-09-08,116.41000366210938,116.62999725341797,115.44999694824219,115.77999877929688,83.14568328857422,9326400
2014-09-09,115.48999786376953,115.88999938964844,115.44999694824219,115.69000244140625,83.08109283447266,5353100
2014-09-10,114.97000122070312,115.12000274658203,114.79000091552734,114.95999908447266,82.55681610107422,8729400
2014-09-11,115.26000213623047,115.54000091552734,114.56999969482422,114.58000183105469,82.2839584350586,9274800
2014-09-12,113.69000244140625,113.91999816894531,113.22000122070312,113.37999725341797,81.4222183227539,11114900
2014-09-15,113.8499984741211,114.06999969482422,113.36000061035156,113.55000305175781,81.54425048828125,5510700
2014-09-16,113.61000061035156,113.86000061035156,113.08000183105469,113.08999633789062,81.2139663696289,9304700
2014-09-17,113.52999877929688,113.83000183105469,112.7300033569336,112.80000305175781,81.00570678710938,12917000
2014-09-18,113.18000030517578,113.4800033569336,112.8499984741211,113.16000366210938,81.26419830322266,7031200
2014-09-19,113.58000183105469,114.68000030517578,113.19999694824219,114.5999984741211,82.29834747314453,13236900
2014-09-22,114.66000366210938,115.04000091552734,114.44000244140625,114.73999786376953,82.39884948730469,6617200
2014-09-23,114.91000366210938,115.47000122070312,114.7699966430664,115.44999694824219,82.90874481201172,6362400
2014-09-24,115.29000091552734,115.55000305175781,114.63999938964844,114.80999755859375,82.44912719726562,5223300
2014-09-25,115.30999755859375,116.18000030517578,115.30999755859375,116.16999816894531,83.42578125,8947800
2014-09-26,116.0199966430664,116.29000091552734,115.62000274658203,116.0,83.3037338256836,7799600
2014-09-29,117.0,117.16999816894531,116.66000366210938,116.93000030517578,83.9715576171875,6791800
2014-09-30,116.66000366210938,117.04000091552734,116.12999725341797,116.2699966430664,83.4975814819336,7277500
2014-10-01,116.88999938964844,118.26000213623047,116.83000183105469,118.2300033569336,85.11674499511719,17194900
2014-10-02,117.83000183105469,118.19999694824219,117.13999938964844,117.19999694824219,84.37519836425781,8251800
2014-10-03,117.0,117.7699966430664,116.83000183105469,117.69999694824219,84.73518371582031,8561500
2014-10-06,117.62000274658203,118.19000244140625,117.36000061035156,117.7699966430664,84.78555297851562,4485500
2014-10-07,118.30999755859375,119.43000030517578,118.18000030517578,119.36000061035156,85.93022155761719,8837700
2014-10-08,119.44999694824219,119.5199966430664,118.51000213623047,119.38999938964844,85.9518051147461,9391300
2014-10-09,119.2699966430664,119.66999816894531,118.77999877929688,118.87000274658203,85.57746124267578,10291700
2014-10-10,119.5199966430664,120.08000183105469,119.30999755859375,120.05000305175781,86.42694854736328,8774400
2014-10-13,120.16000366210938,121.16999816894531,120.05000305175781,120.77999877929688,86.95252990722656,6450700
2014-10-14,121.30999755859375,121.77999877929688,120.68000030517578,121.56999969482422,87.52124786376953,11285400
2014-10-15,124.58000183105469,127.68000030517578,121.83999633789062,122.52999877929688,88.21238708496094,37407500
2014-10-16,124.12000274658203,124.12999725341797,121.44000244140625,121.75,87.65086364746094,18096600
2014-10-17,121.19000244140625,121.70999908447266,120.4800033569336,121.06999969482422,87.16132354736328,8524300
2014-10-20,121.77999877929688,121.8499984741211,120.94000244140625,121.51000213623047,87.47808074951172,7742500
2014-10-21,120.83999633789062,121.23999786376953,120.52999877929688,120.54000091552734,86.77971649169922,9754700
2014-10-22,120.47000122070312,120.8499984741211,120.22000122070312,120.66999816894531,86.87330627441406,9260200
2014-10-23,120.04000091552734,120.18000030517578,119.05999755859375,119.5999984741211,86.10306549072266,10936300
2014-10-24,119.93000030517578,120.41000366210938,119.47000122070312,119.72000122070312,86.18939971923828,5704900
2014-10-27,119.88999938964844,120.2699966430664,119.66000366210938,119.94000244140625,86.34779357910156,3391900
2014-10-28,119.4800033569336,119.6500015258789,119.08000183105469,119.19000244140625,85.8078384399414,5141300
2014-10-29,118.95999908447266,119.81999969482422,118.41999816894531,119.45999908447266,86.00223541259766,9105100
2014-10-30,120.31999969482422,120.45999908447266,119.51000213623047,119.55999755859375,86.07421875,7024400
2014-10-31,119.33999633789062,119.70999908447266,118.83000183105469,119.25,85.85104370117188,6664200
2014-11-03,118.9000015258789,119.16000366210938,118.20999908447266,118.95999908447266,85.8510513305664,9726600
2014-11-04,119.41999816894531,119.91000366210938,119.08000183105469,119.33000183105469,86.1180648803711,3664800
2014-11-05,118.91000366210938,119.37000274658203,118.81999969482422,119.16000366210938,85.995361328125,4799600
2014-11-06,118.5999984741211,118.93000030517578,118.30999755859375,118.38999938964844,85.43973541259766,5901900
2014-11-07,118.72000122070312,119.75,118.68000030517578,119.75,86.42117309570312,8550500
2014-11-10,119.58000183105469,119.58000183105469,118.55999755859375,118.6500015258789,85.6273422241211,4787300
2014-11-11,118.4800033569336,118.80999755859375,118.33999633789062,118.7300033569336,85.68502044677734,2416500
2014-11-12,119.19999694824219,119.52999877929688,118.44999694824219,118.62999725341797,85.61285400390625,4040800
2014-11-13,118.69999694824219,119.18000030517578,118.44000244140625,118.91000366210938,85.81497955322266,4475900
2014-11-14,118.83999633789062,119.58999633789062,118.68000030517578,119.48999786376953,86.2335205078125,5191200
2014-11-17,119.77999877929688,119.79000091552734,118.87999725341797,119.19000244140625,86.01702117919922,4726200
2014-11-18,119.31999969482422,119.58000183105469,119.16000366210938,119.5199966430664,86.25518035888672,4471200
2014-11-19,118.87999725341797,119.58000183105469,118.76000213623047,118.76000213623047,85.70672607421875,5792500
2014-11-20,119.9000015258789,119.94999694824219,119.05999755859375,119.37999725341797,86.1541519165039,5683600
2014-11-21,119.56999969482422,120.16000366210938,119.5199966430664,120.0999984741211,86.67373657226562,3640100
2014-11-24,119.66999816894531,120.2699966430664,119.55000305175781,120.19999694824219,86.7459487915039,4033900
2014-11-25,120.37000274658203,121.2699966430664,120.30999755859375,121.19999694824219,87.46760559082031,6770000
2014-11-26,121.63999938964844,121.87000274658203,121.47000122070312,121.52999877929688,87.70578002929688,4339100
2014-11-28,122.12999725341797,122.66999816894531,122.12999725341797,122.48999786376953,88.39854431152344,4562200
2014-12-01,122.68000030517578,122.80999755859375,121.45999908447266,121.5,87.8828125,7728600
2014-12-02,120.83999633789062,120.8499984741211,120.29000091552734,120.31999969482422,87.02935791015625,5757200
2014-12-03,120.30000305175781,120.80000305175781,120.12999725341797,120.79000091552734,87.36927795410156,4868600
2014-12-04,120.75,121.80000305175781,120.62000274658203,121.80000305175781,88.09984588623047,4250500
2014-12-05,121.56999969482422,121.5999984741211,120.5199966430664,121.08999633789062,87.58628845214844,8030700
2014-12-08,121.41999816894531,122.83999633789062,121.13999938964844,122.56999969482422,88.65679168701172,6021800
2014-12-09,123.5999984741211,123.97000122070312,122.95999908447266,123.19999694824219,89.11245727539062,6639700
2014-12-10,123.18000030517578,124.4000015258789,123.08000183105469,124.0999984741211,89.76348876953125,6439200
2014-12-11,123.73999786376953,124.61000061035156,123.29000091552734,124.61000061035156,90.13236236572266,7863500
2014-12-12,125.44999694824219,126.3499984741211,125.0199966430664,126.30000305175781,91.35477447509766,9317400
2014-12-15,125.63999938964844,126.69999694824219,125.43000030517578,126.04000091552734,91.16668701171875,9387400
2014-12-16,127.36000061035156,127.72000122070312,126.36000061035156,127.5999984741211,92.29508209228516,7426400
2014-12-17,126.91000366210938,127.19000244140625,125.69999694824219,126.44999694824219,91.4632568359375,11558800
2014-12-18,124.93000030517578,125.0999984741211,124.19999694824219,124.19999694824219,89.83582305908203,12758200
2014-12-19,124.58000183105469,125.94999694824219,124.44000244140625,125.87000274658203,91.04373931884766,7894500
2014-12-22,125.44999694824219,126.19000244140625,125.31999969482422,126.04000091552734,91.16668701171875,4118800
2014-12-23,125.44999694824219,125.5999984741211,123.48999786376953,123.54000091552734,89.35842895507812,7406100
2014-12-24,123.05999755859375,124.05999755859375,122.93000030517578,123.94999694824219,89.84477996826172,4871400
2014-12-26,124.55000305175781,124.58999633789062,124.0199966430664,124.41000366210938,90.1781997680664,2921300
2014-12-29,124.91000366210938,125.66000366210938,124.80999755859375,125.33999633789062,90.85237121582031,4070700
2014-12-30,125.9800033569336,126.20999908447266,125.52999877929688,125.68000030517578,91.09878540039062,4372600
2014-12-31,125.69999694824219,126.16999816894531,125.6500015258789,125.91999816894531,91.27275848388672,4993300
2015-01-02,126.29000091552734,127.66000366210938,126.1500015258789,127.31999969482422,92.28753662109375,9432000
2015-01-05,128.00999450683594,129.6300048828125,127.95999908447266,129.32000732421875,93.73722076416016,9789500
2015-01-06,130.6999969482422,132.49000549316406,130.19000244140625,131.64999389648438,95.42610931396484,18331300
2015-01-07,130.6999969482422,131.97000122070312,130.1699981689453,131.38999938964844,95.23768615722656,9762900
2015-01-08,130.36000061035156,130.3699951171875,129.4199981689453,129.64999389648438,93.97638702392578,8055300
2015-01-09,129.1999969482422,131.11000061035156,129.0399932861328,131.07000732421875,95.0057373046875,9398800
2015-01-12,131.0,132.30999755859375,130.9199981689453,131.82000732421875,95.5493392944336,6658100
2015-01-13,131.38999938964844,132.61000061035156,131.13999938964844,131.82000732421875,95.5493392944336,8260800
2015-01-14,133.72000122070312,134.1199951171875,132.6999969482422,132.82000732421875,96.27420043945312,12324500
2015-01-15,132.85000610351562,135.02999877929688,132.67999267578125,134.91000366210938,97.78910827636719,11454200
2015-01-16,134.3300018310547,134.67999267578125,133.02999877929688,133.19000244140625,96.54239654541016,9390500
2015-01-20,134.1300048828125,135.11000061035156,134.07000732421875,134.9600067138672,97.82536315917969,7758700
2015-01-21,135.1999969482422,135.58999633789062,132.9600067138672,133.39999389648438,96.69457244873047,9803900
2015-01-22,134.0,134.17999267578125,132.27999877929688,132.9199981689453,96.34664916992188,10200000
2015-01-23,134.3000030517578,135.1199951171875,134.14999389648438,134.77000427246094,97.68763732910156,7334600
2015-01-26,134.83999633789062,135.19000244140625,134.0500030517578,134.36000061035156,97.39046478271484,5966500
2015-01-27,135.72999572753906,136.1300048828125,134.14999389648438,134.57000732421875,97.54264068603516,8079600
2015-01-28,134.75,137.41000366210938,134.6999969482422,136.77000427246094,99.13735961914062,12230300
2015-01-29,136.1199951171875,136.6699981689453,135.4600067138672,135.8699951171875,98.4849624633789,8881400
2015-01-30,137.7100067138672,138.5,137.17999267578125,138.27999877929688,100.23182678222656,14871200
2015-02-02,136.6999969482422,137.9199981689453,136.66000366210938,137.47999572753906,99.85343933105469,13689900
2015-02-03,135.64999389648438,135.7899932861328,134.3699951171875,134.57000732421875,97.73985290527344,14008700
2015-02-04,133.49000549316406,134.99000549316406,133.1199951171875,134.8000030517578,97.90690612792969,11360400
2015-02-05,134.0,134.22999572753906,133.11000061035156,133.32000732421875,96.8319320678711,8334600
2015-02-06,132.0500030517578,132.35000610351562,130.58999633789062,130.9600067138672,95.11790466308594,13685600
2015-02-09,131.97000122070312,131.97999572753906,130.75,130.75,94.96537017822266,8025500
2015-02-10,130.13999938964844,130.47000122070312,129.44000244140625,129.7100067138672,94.21002197265625,8290700
2015-02-11,129.6999969482422,130.27000427246094,128.9600067138672,129.9499969482422,94.38429260253906,6506400
2015-02-12,129.66000366210938,130.5399932861328,129.4499969482422,129.52000427246094,94.07198333740234,12548300
2015-02-13,129.50999450683594,129.52999877929688,128.08999633789062,128.19000244140625,93.1059799194336,8325200
2015-02-17,127.80000305175781,127.93000030517578,125.91999816894531,126.26000213623047,91.70417785644531,14968800
2015-02-18,126.81999969482422,127.73999786376953,126.47000122070312,127.01000213623047,92.24894714355469,14009200
2015-02-19,126.77999877929688,127.44999694824219,126.16999816894531,126.16999816894531,91.6388168334961,8584800
2015-02-20,127.05000305175781,128.00999450683594,126.0,126.54000091552734,91.90758514404297,12502500
2015-02-23,127.19000244140625,128.1699981689453,127.16000366210938,127.98999786376953,92.9607162475586,7500500
2015-02-24,127.6500015258789,129.7899932861328,127.18000030517578,129.6699981689453,94.18095397949219,11958300
2015-02-25,129.4600067138672,130.38999938964844,129.0800018310547,130.22999572753906,94.58768463134766,8019800
2015-02-26,129.6999969482422,130.3000030517578,128.39999389648438,128.4499969482422,93.2948226928711,11020500
2015-02-27,129.02000427246094,129.6199951171875,128.27000427246094,129.52999877929688,94.07923889160156,9225100
2015-03-02,129.0,129.07000732421875,126.7699966430664,126.87000274658203,92.32696533203125,11324000
2015-03-03,126.88999938964844,127.37000274658203,126.37999725341797,126.41000366210938,91.99213409423828,8599000
2015-03-04,126.94000244140625,127.04000091552734,126.16000366210938,126.44999694824219,92.02122497558594,6478900
2015-03-05,126.52999877929688,126.87999725341797,125.9000015258789,126.29000091552734,91.90480041503906,6045000
2015-03-06,124.66999816894531,124.83000183105469,122.97000122070312,123.5,89.87442016601562,20022900
2015-03-09,124.68000030517578,124.87000274658203,124.12999725341797,124.63999938964844,90.70404815673828,8889100
2015-03-10,125.97000122070312,126.44000244140625,125.76000213623047,126.27999877929688,91.89752197265625,9277900
2015-03-11,126.26000213623047,127.45999908447266,126.12000274658203,127.19999694824219,92.5670166015625,6663100
2015-03-12,128.1999969482422,128.1999969482422,126.72000122070312,127.11000061035156,92.50151062011719,10295900
2015-03-13,126.76000213623047,127.58999633789062,126.48999786376953,126.72000122070312,92.21769714355469,7247200
2015-03-16,127.94000244140625,128.14999389648438,127.2699966430664,127.94000244140625,93.10553741455078,6374600
2015-03-17,128.5500030517578,129.11000061035156,128.27999877929688,129.0,93.87692260742188,6314000
2015-03-18,129.91000366210938,131.52999877929688,128.61000061035156,131.49000549316406,95.68895721435547,13981900
2015-03-19,131.1999969482422,131.6199951171875,130.27000427246094,130.82000732421875,95.2013931274414,9543800
2015-03-20,131.22000122070312,131.6999969482422,131.13999938964844,131.50999450683594,95.70353698730469,5953800
2015-03-23,131.6999969482422,131.75,130.99000549316406,131.35000610351562,95.58709716796875,5555500
2015-03-24,131.8300018310547,132.63999938964844,131.47999572753906,132.6199951171875,96.51127624511719,6713000
2015-03-25,132.72000122070312,132.75999450683594,131.4600067138672,131.5,95.69628143310547,5635800
2015-03-26,131.0500030517578,131.13999938964844,129.17999267578125,129.4499969482422,94.20439910888672,9536300
2015-03-27,130.02999877929688,131.1300048828125,129.97999572753906,131.05999755859375,95.37601470947266,7907900
2015-03-30,130.89999389648438,131.0,130.08999633789062,130.41000366210938,94.9030532836914,7010600
2015-03-31,130.24000549316406,130.9600067138672,129.91000366210938,130.69000244140625,95.1068115234375,6844300
2015-04-01,131.3300018310547,132.47999572753906,131.3000030517578,132.1300048828125,96.35598754882812,9273900
2015-04-02,131.92999267578125,131.97000122070312,130.61000061035156,130.72999572753906,95.33507537841797,6663400
2015-04-06,131.42999267578125,131.47999572753906,129.72000122070312,130.0,94.80268096923828,5923800
2015-04-07,130.22999572753906,131.22000122070312,129.85000610351562,131.08999633789062,95.59758758544922,4764900
2015-04-08,131.02000427246094,131.36000061035156,130.02000427246094,131.1300048828125,95.62672424316406,5378900
2015-04-09,130.8699951171875,130.9199981689453,129.1300048828125,129.42999267578125,94.3869857788086,6484200
2015-04-10,130.32000732421875,130.4499969482422,129.5500030517578,129.6199951171875,94.52555084228516,4843000
2015-04-13,129.52999877929688,129.97999572753906,129.38999938964844,129.8000030517578,94.6568374633789,4010600
2015-04-14,131.30999755859375,131.86000061035156,130.47999572753906,130.72000122070312,95.3277587890625,6075500
2015-04-15,131.0500030517578,131.27000427246094,130.32000732421875,130.61000061035156,95.24752044677734,4425200
2015-04-16,130.8300018310547,130.86000061035156,129.41000366210938,129.9600067138672,94.77352905273438,7085500
2015-04-17,129.77000427246094,131.6999969482422,129.6999969482422,131.4499969482422,95.86009979248047,7268800
2015-04-20,130.94000244140625,131.00999450683594,129.92999267578125,130.2899932861328,95.01415252685547,4949400
2015-04-21,130.22999572753906,130.4499969482422,129.55999755859375,129.6999969482422,94.58390808105469,4563800
2015-04-22,129.5,129.5500030517578,127.54000091552734,127.72000122070312,93.14000701904297,9707600
2015-04-23,127.80000305175781,128.85000610351562,127.61000061035156,128.27000427246094,93.54112243652344,6843400
2015-04-24,128.63999938964844,129.42999267578125,128.58999633789062,129.07000732421875,94.12446594238281,4773000
2015-04-27,129.07000732421875,129.5,128.3699951171875,129.07000732421875,94.12446594238281,4334900
2015-04-28,128.1699981689453,128.74000549316406,127.26000213623047,127.29000091552734,92.82646179199219,7464300
2015-04-29,125.80999755859375,126.44000244140625,125.27999877929688,125.7300033569336,91.68877410888672,11554800
2015-04-30,125.04000091552734,126.16999816894531,124.51000213623047,125.94999694824219,91.84927368164062,12876000
2015-05-01,124.7300033569336,125.04000091552734,123.69000244140625,124.0,90.61283874511719,12378500
2015-05-04,124.30000305175781,124.52999877929688,122.72000122070312,122.83000183105469,89.75780487060547,9144700
2015-05-05,122.86000061035156,123.02999877929688,121.69000244140625,122.66000366210938,89.63362121582031,13935500
2015-05-06,121.98999786376953,122.05999755859375,120.37000274658203,120.55999755859375,88.09903717041016,14355000
2015-05-07,121.43000030517578,122.56999969482422,121.3499984741211,122.18000030517578,89.28282165527344,11933700
2015-05-08,123.37999725341797,123.55000305175781,122.30999755859375,122.51000213623047,89.52397918701172,11716400
2015-05-11,121.62000274658203,121.6500015258789,119.5,119.52999877929688,87.34635925292969,13738600
2015-05-12,119.13999938964844,120.62999725341797,118.81999969482422,119.83999633789062,87.57291412353516,15861700
2015-05-13,120.6500015258789,120.72000122070312,118.63999938964844,118.87999725341797,86.87134552001953,15760000
2015-05-14,118.91999816894531,119.83000183105469,118.69000244140625,119.19999694824219,87.10517120361328,9128400
2015-05-15,120.37999725341797,121.91000366210938,120.29000091552734,121.58999633789062,88.85172271728516,12630600
2015-05-18,120.31999969482422,120.43000030517578,119.47000122070312,119.55000305175781,87.36100006103516,10208300
2015-05-19,118.2699966430664,119.83999633789062,118.12999725341797,118.48999786376953,86.58637237548828,8435300
2015-05-20,118.7699966430664,119.44999694824219,118.18000030517578,118.69000244140625,86.73247528076172,7789700
2015-05-21,119.58000183105469,120.61000061035156,119.44999694824219,120.3499984741211,87.94562530517578,11760700
2015-05-22,120.6500015258789,120.75,119.80000305175781,120.4000015258789,87.98213195800781,5417900
2015-05-26,120.83999633789062,122.55000305175781,120.73999786376953,122.45999908447266,89.48741149902344,10469700
2015-05-27,122.18000030517578,122.86000061035156,121.61000061035156,122.73999786376953,89.69206237792969,6490300
2015-05-28,122.5,123.02999877929688,122.22000122070312,122.44000244140625,89.47283935546875,6237600
2015-05-29,123.2300033569336,123.56999969482422,122.51000213623047,122.70999908447266,89.67010498046875,7912000
2015-06-01,122.11000061035156,122.37999725341797,120.69000244140625,121.12999725341797,88.70639038085938,13108100
2015-06-02,120.16999816894531,120.26000213623047,119.11000061035156,119.44000244140625,87.46874237060547,10076200
2015-06-03,118.38999938964844,118.5999984741211,117.19999694824219,117.5199966430664,86.062744140625,14810900
2015-06-04,118.26000213623047,119.29000091552734,118.13999938964844,119.05000305175781,87.18318939208984,10859300
2015-06-05,117.83999633789062,118.56999969482422,117.37999725341797,117.5999984741211,86.12132263183594,11200200
2015-06-08,117.95999908447266,118.16000366210938,117.37000274658203,117.47000122070312,86.02609252929688,5334000
2015-06-09,117.05999755859375,117.12999725341797,116.11000061035156,116.54000091552734,85.34504699707031,12393900
2015-06-10,115.91999816894531,116.12999725341797,115.26000213623047,115.5199966430664,84.59809112548828,12183600
2015-06-11,116.55999755859375,117.97000122070312,116.23999786376953,117.94999694824219,86.37760925292969,13849300
2015-06-12,117.58999633789062,119.06999969482422,117.55000305175781,117.94999694824219,86.37760925292969,7863100
2015-06-15,118.88999938964844,119.05999755859375,117.73999786376953,118.13999938964844,86.51678466796875,8194200
2015-06-16,118.61000061035156,119.08000183105469,117.94000244140625,119.06999969482422,87.19779205322266,7046400
2015-06-17,118.5,118.62999725341797,117.25,118.1500015258789,86.52407836914062,13626100
2015-06-18,117.37000274658203,117.73999786376953,116.75,117.56999969482422,86.09934997558594,10123300
2015-06-19,118.51000213623047,119.19000244140625,118.48999786376953,119.08000183105469,87.20510864257812,10439200
2015-06-22,117.83999633789062,118.13999938964844,116.58999633789062,116.6500015258789,85.42559051513672,9769000
2015-06-23,115.7300033569336,116.95999908447266,115.69000244140625,115.94999694824219,84.91293334960938,8945100
2015-06-24,116.51000213623047,117.16999816894531,116.16000366210938,116.94999694824219,85.64530944824219,8600400
2015-06-25,116.58999633789062,117.08000183105469,116.19000244140625,116.54000091552734,85.34504699707031,8287800
2015-06-26,115.66999816894531,115.87000274658203,114.87999725341797,115.2300033569336,84.38571166992188,11673000
2015-06-29,116.95999908447266,118.66999816894531,116.45999908447266,118.27999877929688,86.61930084228516,17132900
2015-06-30,117.4000015258789,118.69999694824219,117.33000183105469,117.45999908447266,86.01880645751953,13469000
2015-07-01,115.81999969482422,116.36000061035156,115.43000030517578,115.62000274658203,84.85770416259766,12451500
2015-07-02,116.31999969482422,116.66000366210938,115.87999725341797,116.0,85.13658142089844,6682100
2015-07-06,118.05000305175781,118.6500015258789,117.05999755859375,118.1500015258789,86.71455383300781,10605800
2015-07-07,119.66000366210938,120.48999786376953,118.94999694824219,119.26000213623047,87.52925109863281,16160100
2015-07-08,120.0199966430664,120.56999969482422,119.5,120.29000091552734,88.28514862060547,9951800
2015-07-09,118.69999694824219,119.12000274658203,117.8499984741211,117.91999816894531,86.54574584960938,11108900
2015-07-10,116.04000091552734,116.72000122070312,115.76000213623047,116.05000305175781,85.17330932617188,13636600
2015-07-13,115.38999938964844,116.45999908447266,115.38999938964844,115.69000244140625,84.9090576171875,8006700
2015-07-14,116.0199966430664,116.2699966430664,115.66000366210938,116.06999969482422,85.18794250488281,4227800
2015-07-15,116.11000061035156,117.55000305175781,116.04000091552734,117.30000305175781,86.09065246582031,8720400
2015-07-16,116.88999938964844,118.16000366210938,116.87000274658203,118.11000061035156,86.68515014648438,7306500
2015-07-17,118.37000274658203,118.88999938964844,118.36000061035156,118.72000122070312,87.13292694091797,7404900
2015-07-20,118.29000091552734,118.6500015258789,117.9000015258789,118.22000122070312,86.7658920288086,5941000
2015-07-21,117.68000030517578,118.93000030517578,117.66000366210938,118.86000061035156,87.23563385009766,5627500
2015-07-22,119.01000213623047,119.9000015258789,118.94999694824219,119.5999984741211,87.77873992919922,6228900
2015-07-23,119.5999984741211,121.19999694824219,119.44999694824219,121.08999633789062,88.87230682373047,9087700
2015-07-24,121.5,121.55000305175781,120.91999816894531,121.38999938964844,89.09252166748047,7307900
2015-07-27,122.19000244140625,122.29000091552734,121.4800033569336,122.04000091552734,89.56954193115234,8172000
2015-07-28,121.16000366210938,121.56999969482422,120.9000015258789,121.1500015258789,88.91635131835938,9128200
2015-07-29,121.0199966430664,121.16999816894531,120.41999816894531,120.69999694824219,88.58609008789062,6706400
2015-07-30,121.20999908447266,121.94000244140625,121.1500015258789,121.62999725341797,89.26866149902344,6146600
2015-07-31,122.44000244140625,122.9000015258789,122.05999755859375,122.52999877929688,89.92919158935547,9178400
2015-08-03,122.31999969482422,123.75,122.31999969482422,123.55000305175781,90.87581634521484,11753700
2015-08-04,123.16000366210938,123.31999969482422,122.45999908447266,122.56999969482422,90.15498352050781,6448800
2015-08-05,121.7699966430664,121.91000366210938,121.19000244140625,121.6500015258789,89.4782943725586,7574400
2015-08-06,122.0,122.87000274658203,122.0,122.7300033569336,90.2727279663086,6118100
2015-08-07,123.30000305175781,124.5,123.23999786376953,124.33999633789062,91.45687103271484,8317000
2015-08-10,123.41000366210938,123.56999969482422,122.5199966430664,122.80000305175781,90.32420349121094,7461700
2015-08-11,124.30000305175781,125.12999725341797,124.16000366210938,124.75,91.75847625732422,11145700
2015-08-12,124.93000030517578,125.70999908447266,124.0,124.06999969482422,91.25831604003906,8455200
2015-08-13,123.83000183105469,124.41999816894531,123.22000122070312,123.66999816894531,90.9640884399414,7691400
2015-08-14,123.47000122070312,124.37000274658203,123.19999694824219,123.95999908447266,91.17742156982422,4324700
2015-08-17,124.70999908447266,125.0999984741211,124.38999938964844,124.5199966430664,91.58930969238281,7880300
2015-08-18,123.80000305175781,124.29000091552734,123.37999725341797,123.54000091552734,90.86844635009766,5024300
2015-08-19,123.05999755859375,124.93000030517578,122.98999786376953,124.76000213623047,91.76587677001953,10736000
2015-08-20,125.37000274658203,126.0999984741211,125.18000030517578,126.0199966430664,92.6926040649414,9078300
2015-08-21,126.16000366210938,126.73999786376953,125.58999633789062,126.4000015258789,92.97211456298828,10718300
2015-08-24,128.30999755859375,128.9199981689453,125.81999969482422,126.36000061035156,92.94269561767578,16663400
2015-08-25,124.55000305175781,124.79000091552734,123.55999755859375,124.33000183105469,91.44955444335938,15354800
2015-08-26,123.0,123.51000213623047,121.36000061035156,121.93000030517578,89.68428039550781,16429900
2015-08-27,121.81999969482422,122.87000274658203,121.6500015258789,122.0,89.73573303222656,9127000
2015-08-28,123.1500015258789,123.47000122070312,122.2300033569336,122.36000061035156,90.00051879882812,9946200
2015-08-31,123.36000061035156,123.47000122070312,121.33999633789062,121.41999816894531,89.30912017822266,8617600
2015-09-01,121.63999938964844,122.08999633789062,120.9800033569336,122.02999877929688,89.95263671875,15298200
2015-09-02,121.41999816894531,121.9800033569336,120.86000061035156,120.9800033569336,89.17862701416016,9515200
2015-09-03,121.37999725341797,121.66999816894531,120.70999908447266,121.56999969482422,89.61357116699219,7042500
2015-09-04,122.44999694824219,122.93000030517578,121.81999969482422,122.68000030517578,90.43180847167969,7951300
2015-09-08,121.37999725341797,121.55999755859375,120.76000213623047,120.87000274658203,89.09757995605469,7049500
2015-09-09,119.62999725341797,121.70999908447266,119.55999755859375,121.44999694824219,89.52510833740234,7441900
2015-09-10,121.0199966430664,121.19000244140625,120.44999694824219,120.62999725341797,88.92066955566406,6789700
2015-09-11,121.47000122070312,122.08000183105469,121.33000183105469,121.38999938964844,89.4808349609375,5890900
2015-09-14,121.94999694824219,122.1500015258789,121.27999877929688,121.58000183105469,89.6209716796875,4221700
2015-09-15,120.88999938964844,121.05000305175781,119.12000274658203,119.25,87.90337371826172,11895000
2015-09-16,118.95999908447266,119.44000244140625,118.55000305175781,118.80000305175781,87.57170104980469,6949800
2015-09-17,118.87999725341797,120.37000274658203,118.7300033569336,120.25,88.6405258178711,19843600
2015-09-18,121.20999908447266,122.19999694824219,121.12999725341797,122.0999984741211,90.0042495727539,14963300
2015-09-21,121.01000213623047,121.11000061035156,119.77999877929688,120.11000061035156,88.53732299804688,10085600
2015-09-22,121.44000244140625,122.38999938964844,121.13999938964844,121.77999877929688,89.76837921142578,9968200
2015-09-23,121.62000274658203,122.06999969482422,120.98999786376953,121.7699966430664,89.76100158691406,6769900
2015-09-24,123.16999816894531,123.68000030517578,122.48999786376953,122.5999984741211,90.37283325195312,9605800
2015-09-25,121.6500015258789,121.93000030517578,121.2699966430664,121.54000091552734,89.59147644042969,8383700
2015-09-28,122.19999694824219,123.7699966430664,122.19999694824219,123.62000274658203,91.12471771240234,9833400
2015-09-29,123.54000091552734,124.29000091552734,123.25,123.97000122070312,91.3827133178711,9006100
2015-09-30,123.41000366210938,123.80000305175781,123.12000274658203,123.54000091552734,91.06571197509766,9832600
2015-10-01,124.08000183105469,124.5199966430664,123.66000366210938,123.80999755859375,91.45429229736328,9069400
2015-10-02,125.58999633789062,126.20999908447266,124.18000030517578,124.55999755859375,92.00826263427734,13000400
2015-10-05,123.72000122070312,123.83000183105469,122.77999877929688,122.87000274658203,90.7598876953125,11362700
2015-10-06,122.55000305175781,123.5999984741211,122.41000366210938,123.4000015258789,91.15139770507812,5687800
2015-10-07,122.80999755859375,123.33000183105469,122.51000213623047,122.98999786376953,90.84854888916016,6712800
2015-10-08,123.29000091552734,123.37000274658203,121.66000366210938,121.95999908447266,90.08770751953125,12882300
2015-10-09,121.97000122070312,122.63999938964844,121.9000015258789,122.27999877929688,90.32408142089844,9038100
2015-10-12,123.02999877929688,123.43000030517578,122.91000366210938,123.20999908447266,91.01103210449219,4241000
2015-10-13,123.52999877929688,123.5999984741211,122.80000305175781,123.41999816894531,91.16617584228516,6147200
2015-10-14,123.69999694824219,124.55000305175781,123.30000305175781,124.5,91.96395111083984,9738100
2015-10-15,124.30999755859375,124.45999908447266,123.77999877929688,123.88999938964844,91.51335906982422,6924300
2015-10-16,124.25,124.47000122070312,123.87000274658203,123.93000030517578,91.54291534423828,8048300
2015-10-19,123.79000091552734,123.97000122070312,122.91000366210938,123.58999633789062,91.29175567626953,6238400
2015-10-20,122.80000305175781,122.97000122070312,122.55000305175781,122.83000183105469,90.73035430908203,6431300
2015-10-21,123.61000061035156,124.22000122070312,123.47000122070312,124.05000305175781,91.63156127929688,6603800
2015-10-22,124.0999984741211,124.77999877929688,123.51000213623047,124.26000213623047,91.78665924072266,6934100
2015-10-23,123.0999984741211,123.45999908447266,122.8499984741211,123.19999694824219,91.00369262695312,7058200
2015-10-26,123.87000274658203,124.19999694824219,123.80999755859375,124.0199966430664,91.6093978881836,5859800
2015-10-27,124.51000213623047,124.9000015258789,124.16000366210938,124.33000183105469,91.83837127685547,7156800
2015-10-28,124.2699966430664,124.33999633789062,123.30000305175781,123.83000183105469,91.46904754638672,8468700
2015-10-29,123.18000030517578,123.22000122070312,121.69999694824219,121.86000061035156,90.01385498046875,12108000
2015-10-30,122.23999786376953,122.80999755859375,122.0199966430664,122.77999877929688,90.69340515136719,11861400
2015-11-02,121.77999877929688,122.18000030517578,121.68000030517578,121.94999694824219,90.2766342163086,8751000
2015-11-03,121.6500015258789,121.73999786376953,120.79000091552734,120.94999694824219,89.53636169433594,8921600
2015-11-04,121.0999984741211,121.54000091552734,120.69999694824219,121.08999633789062,89.64006042480469,5980800
2015-11-05,121.05000305175781,121.05999755859375,120.30000305175781,120.7699966430664,89.40309143066406,7268400
2015-11-06,119.48999786376953,119.52999877929688,118.73999786376953,119.0,88.09286499023438,10604700
2015-11-09,118.0999984741211,118.9000015258789,118.0,118.33000183105469,87.59687042236328,9159500
2015-11-10,118.5,119.20999908447266,118.37999725341797,118.68000030517578,87.85598754882812,6712500
2015-11-11,118.3499984741211,118.58000183105469,118.2699966430664,118.43000030517578,87.67086791992188,2857900
2015-11-12,118.75,119.44000244140625,118.69999694824219,119.0,88.09286499023438,6805700
2015-11-13,119.31999969482422,119.9000015258789,119.22000122070312,119.68000030517578,88.59626770019531,7906600
2015-11-16,119.79000091552734,120.0,119.12999725341797,119.56999969482422,88.51477813720703,5485300
2015-11-17,119.0,120.12999725341797,118.66000366210938,119.7699966430664,88.662841796875,5122900
2015-11-18,119.58000183105469,120.19000244140625,119.36000061035156,120.0199966430664,88.84793090820312,5233900
2015-11-19,120.87999725341797,121.1500015258789,120.68000030517578,120.81999969482422,89.44013214111328,6643000
2015-11-20,120.93000030517578,121.04000091552734,120.27999877929688,120.44999694824219,89.16625213623047,5971000
2015-11-23,120.52999877929688,121.12000274658203,120.31999969482422,120.81999969482422,89.44013214111328,5436300
2015-11-24,120.9000015258789,121.19999694824219,120.58000183105469,120.80999755859375,89.43275451660156,3371500
2015-11-25,121.16999816894531,121.41999816894531,120.94999694824219,121.08999633789062,89.64006042480469,3280900
2015-11-27,121.25,121.31999969482422,120.95999908447266,120.97000122070312,89.55118560791016,2570600
2015-11-30,121.0999984741211,121.52999877929688,121.05999755859375,121.44999694824219,89.90648651123047,5179800
2015-12-01,121.26000213623047,122.8499984741211,121.26000213623047,122.83000183105469,91.12093353271484,12766600
2015-12-02,122.66000366210938,123.04000091552734,122.19000244140625,122.87000274658203,91.15062713623047,7345800
2015-12-03,121.36000061035156,121.4000015258789,118.98999786376953,119.52999877929688,88.6728744506836,16612200
2015-12-04,119.52999877929688,120.93000030517578,119.47000122070312,120.58000183105469,89.45176696777344,11843800
2015-12-07,120.80999755859375,122.45999908447266,120.80000305175781,121.75,90.31974029541016,9016700
2015-12-08,122.27999877929688,122.43000030517578,121.44999694824219,121.80999755859375,90.36421203613281,7257500
2015-12-09,121.3499984741211,122.1500015258789,120.51000213623047,121.68000030517578,90.26778411865234,8993900
2015-12-10,121.79000091552734,122.02999877929688,121.48999786376953,121.83999633789062,90.386474609375,5606900
2015-12-11,123.02999877929688,124.0999984741211,122.87000274658203,123.76000213623047,91.81086730957031,12300000
2015-12-14,123.08000183105469,123.1500015258789,121.75,122.16000366210938,90.6239242553711,10661100
2015-12-15,121.0199966430664,121.5999984741211,120.83000183105469,121.44000244140625,90.08979797363281,8795500
2015-12-16,121.06999969482422,122.16999816894531,120.5,121.18000030517578,89.8968505859375,10988600
2015-12-17,121.77999877929688,122.77999877929688,121.63999938964844,122.55000305175781,90.91321563720703,9923000
2015-12-18,123.08000183105469,123.5199966430664,122.81999969482422,123.2300033569336,91.41767120361328,10171700
2015-12-21,123.43000030517578,123.77999877929688,122.91999816894531,123.19999694824219,91.3953628540039,7494900
2015-12-22,122.6500015258789,122.80000305175781,121.98999786376953,122.30999755859375,90.73518371582031,5445800
2015-12-23,121.2300033569336,121.61000061035156,120.87000274658203,121.38999938964844,90.05261993408203,7287100
2015-12-24,121.47000122070312,121.87000274658203,121.4000015258789,121.83000183105469,90.56859588623047,3364600
2015-12-28,121.98999786376953,122.66999816894531,121.8499984741211,122.19000244140625,90.83621215820312,7586600
2015-12-29,121.69000244140625,121.73999786376953,120.01000213623047,120.16000366210938,89.3271484375,7787500
2015-12-30,119.91999816894531,120.54000091552734,119.66999816894531,120.04000091552734,89.23786926269531,5508900
2015-12-31,120.56999969482422,120.86000061035156,120.25,120.58000183105469,89.63933563232422,7897700
2016-01-04,121.93000030517578,122.44999694824219,121.31999969482422,121.44999694824219,90.28609466552734,10591900
2016-01-05,120.87999725341797,121.5,120.66000366210938,120.95999908447266,89.92176818847656,6242600
2016-01-06,122.30000305175781,122.62000274658203,122.05000305175781,122.58999633789062,91.13359832763672,8916900
2016-01-07,122.68000030517578,122.93000030517578,121.79000091552734,122.80999755859375,91.29712677001953,10202200
2016-01-08,122.43000030517578,123.47000122070312,122.2300033569336,123.36000061035156,91.70603942871094,9577200
2016-01-11,122.04000091552734,122.79000091552734,121.86000061035156,122.01000213623047,90.702392578125,10040300
2016-01-12,122.33999633789062,124.31999969482422,122.1500015258789,123.7699966430664,92.01077270507812,12897700
2016-01-13,123.52999877929688,125.5,123.2699966430664,124.98999786376953,92.9177474975586,15577600
2016-01-14,124.47000122070312,124.97000122070312,123.33999633789062,123.81999969482422,92.0479736328125,12873800
2016-01-15,125.4000015258789,125.95999908447266,125.08000183105469,125.75,93.4826889038086,13976300
2016-01-19,125.12999725341797,126.06999969482422,124.94999694824219,125.36000061035156,93.19282531738281,8926600
2016-01-20,126.9800033569336,127.91999816894531,126.41999816894531,126.68000030517578,94.17406463623047,17283300
2016-01-21,126.94000244140625,127.29000091552734,125.66999816894531,125.81999969482422,93.53477478027344,11001600
2016-01-22,124.91000366210938,125.52999877929688,124.5199966430664,125.33999633789062,93.17790985107422,10164300
2016-01-25,125.94999694824219,126.2699966430664,125.6500015258789,126.0199966430664,93.68342590332031,5738200
2016-01-26,125.98999786376953,126.45999908447266,125.75,126.08000183105469,93.72808074951172,5692600
2016-01-27,125.75,126.29000091552734,125.19000244140625,126.05000305175781,93.70572662353516,7957800
2016-01-28,125.54000091552734,126.41000366210938,125.45999908447266,126.2300033569336,93.83953094482422,10575400
2016-01-29,127.41000366210938,127.86000061035156,126.91999816894531,127.30000305175781,94.63497924804688,13170700
2016-02-01,126.79000091552734,127.06999969482422,126.29000091552734,126.66999816894531,94.3452377319336,9948400
2016-02-02,128.10000610351562,129.0399932861328,128.0,129.02000427246094,96.09555053710938,10400000
2016-02-03,128.27999877929688,129.94000244140625,127.91999816894531,127.94999694824219,95.29863739013672,13309000
2016-02-04,128.22000122070312,128.58999633789062,127.51000213623047,128.57000732421875,95.7603988647461,9953500
2016-02-05,127.88999938964844,129.0,127.58999633789062,128.72000122070312,95.87211608886719,9200800
2016-02-08,129.72000122070312,131.6300048828125,129.67999267578125,131.49000549316406,97.93525695800781,14452200
2016-02-09,132.0399932861328,132.05999755859375,130.9600067138672,131.6300048828125,98.03952026367188,15232100
2016-02-10,131.6999969482422,132.83999633789062,131.11000061035156,132.7899932861328,98.90351104736328,12797100
2016-02-11,134.44000244140625,135.25,133.00999450683594,133.72000122070312,99.59619903564453,21620200
2016-02-12,132.63999938964844,133.1300048828125,130.92999267578125,131.5,97.94270324707031,13888400
2016-02-16,130.72000122070312,130.75,129.80999755859375,130.11000061035156,96.90741729736328,11766000
2016-02-17,129.63999938964844,129.8300018310547,128.7100067138672,129.30999755859375,96.31153869628906,13157300
2016-02-18,129.41000366210938,131.0,129.36000061035156,130.89999389648438,97.49578094482422,10196700
2016-02-19,130.94000244140625,131.82000732421875,130.72999572753906,131.00999450683594,97.57770538330078,8188700
2016-02-22,131.10000610351562,131.11000061035156,130.6999969482422,130.94000244140625,97.52558898925781,5054300
2016-02-23,129.8800048828125,131.74000549316406,129.77999877929688,131.47000122070312,97.92035675048828,8320700
2016-02-24,132.39999389648438,133.38999938964844,130.9499969482422,131.2100067138672,97.72669982910156,9091200
2016-02-25,131.47999572753906,132.55999755859375,131.32000732421875,131.67999267578125,98.07675170898438,6097200
2016-02-26,130.30999755859375,130.80999755859375,130.0399932861328,130.41000366210938,97.1308822631836,9245000
2016-02-29,130.47000122070312,131.1699981689453,130.4199981689453,130.97999572753906,97.55540466308594,8016100
2016-03-01,130.82000732421875,130.85000610351562,128.32000732421875,128.42999267578125,95.83759307861328,13729100
2016-03-02,128.32000732421875,128.97000122070312,128.2100067138672,128.9600067138672,96.23310089111328,7047700
2016-03-03,129.07000732421875,129.94000244140625,128.77000427246094,129.42999267578125,96.58382415771484,6394800
2016-03-04,128.75,129.1300048828125,127.76000213623047,128.60000610351562,95.96441650390625,8687000
2016-03-07,128.4499969482422,128.6699981689453,128.0500030517578,128.55999755859375,95.93452453613281,5493300
2016-03-08,130.35000610351562,130.99000549316406,129.9499969482422,129.97999572753906,96.9942398071289,7175400
2016-03-09,129.0800018310547,129.69000244140625,128.80999755859375,129.19000244140625,96.40470123291016,7194700
2016-03-10,129.5,129.83999633789062,127.91999816894531,128.66000366210938,96.00922393798828,10091600
2016-03-11,128.82000732421875,128.8800048828125,127.20999908447266,127.36000061035156,95.03914642333984,8927000
2016-03-14,127.81999969482422,128.38999938964844,127.66000366210938,127.76000213623047,95.3376235961914,5177000
2016-03-15,128.5,128.66000366210938,127.61000061035156,127.87999725341797,95.42717742919922,6413200
2016-03-16,127.75,128.52000427246094,127.37000274658203,128.25999450683594,95.71070098876953,9728900
2016-03-17,128.50999450683594,129.33999633789062,128.49000549316406,128.7899932861328,96.10620880126953,7805500
2016-03-18,129.0399932861328,129.50999450683594,128.6999969482422,129.05999755859375,96.30769348144531,8198600
2016-03-21,128.25,128.6199951171875,127.75,128.07000732421875,95.56893157958984,5514800
2016-03-22,128.8300018310547,129.02000427246094,127.91999816894531,128.0399932861328,95.54658508300781,4997900
2016-03-23,128.41000366210938,129.82000732421875,128.2899932861328,129.49000549316406,96.62861633300781,10628200
2016-03-24,130.5800018310547,130.63999938964844,129.0,129.5399932861328,96.66585540771484,6343300
2016-03-28,129.3800048828125,130.16000366210938,129.27999877929688,129.7100067138672,96.79276275634766,5058700
2016-03-29,130.3800048828125,131.08999633789062,130.02000427246094,131.07000732421875,97.80762481689453,9396700
2016-03-30,130.02999877929688,130.07000732421875,128.97999572753906,129.69000244140625,96.77783966064453,8478700
2016-03-31,129.97999572753906,130.80999755859375,129.7899932861328,130.61000061035156,97.4643325805664,7832300
2016-04-01,130.97999572753906,131.1300048828125,129.89999389648438,130.67999267578125,97.71855926513672,9341400
2016-04-04,130.7899932861328,130.97000122070312,130.27000427246094,130.75999450683594,97.77840423583984,5145100
2016-04-05,132.00999450683594,132.36000061035156,131.77999877929688,132.19000244140625,98.84770202636719,6482800
2016-04-06,131.52999877929688,131.6699981689453,130.74000549316406,131.22999572753906,98.12985229492188,6393700
2016-04-07,132.19000244140625,132.99000549316406,132.00999450683594,132.85000610351562,99.34127044677734,5963300
2016-04-08,132.1699981689453,132.39999389648438,131.63999938964844,132.00999450683594,98.713134765625,5584800
2016-04-11,131.32000732421875,132.17999267578125,131.11000061035156,131.83999633789062,98.58595275878906,4805500
2016-04-12,131.0800018310547,131.5500030517578,130.52999877929688,130.92999267578125,97.90557098388672,4276000
2016-04-13,130.69000244140625,131.5800018310547,130.52000427246094,131.38999938964844,98.2495346069336,5207900
2016-04-14,130.91000366210938,131.30999755859375,130.49000549316406,130.75999450683594,97.77840423583984,6967000
2016-04-15,131.2899932861328,132.16000366210938,131.25,131.8800048828125,98.61592102050781,5831100
2016-04-18,131.3300018310547,131.44000244140625,130.66000366210938,131.30999755859375,98.18966674804688,4486600
2016-04-19,131.0800018310547,131.30999755859375,130.2899932861328,130.89999389648438,97.88308715820312,5212200
2016-04-20,131.16000366210938,131.64999389648438,129.27000427246094,129.4600067138672,96.8062973022461,10920700
2016-04-21,128.44000244140625,129.07000732421875,128.2899932861328,128.69000244140625,96.23052978515625,11154200
2016-04-22,128.85000610351562,128.91000366210938,128.24000549316406,128.36000061035156,95.98375701904297,5826400
2016-04-25,128.05999755859375,128.52000427246094,127.83000183105469,127.83000183105469,95.58745574951172,5539500
2016-04-26,127.76000213623047,127.76000213623047,127.12000274658203,127.25,95.15375518798828,7840000
2016-04-27,127.91999816894531,128.82000732421875,127.62000274658203,128.52000427246094,96.10340118408203,8380100
2016-04-28,128.2100067138672,129.13999938964844,128.0399932861328,129.0500030517578,96.49974822998047,7974600
2016-04-29,128.4499969482422,129.7100067138672,128.1999969482422,129.3800048828125,96.74649810791016,7416300
2016-05-02,128.66000366210938,128.89999389648438,127.80000305175781,127.81999969482422,95.77243041992188,11035200
2016-05-03,129.5500030517578,130.02000427246094,129.35000610351562,129.42999267578125,96.9787826538086,10736700
2016-05-04,129.67999267578125,130.1699981689453,129.19000244140625,130.13999938964844,97.51079559326172,7211200
2016-05-05,130.05999755859375,131.07000732421875,129.6999969482422,131.00999450683594,98.16259002685547,7870400
2016-05-06,130.85000610351562,130.86000061035156,130.2899932861328,130.4499969482422,97.74301147460938,7232500
2016-05-09,130.4600067138672,130.88999938964844,130.32000732421875,130.86000061035156,98.05025482177734,4950800
2016-05-10,130.85000610351562,131.1199951171875,130.64999389648438,130.8699951171875,98.05772399902344,4331900
2016-05-11,130.8300018310547,132.0,130.66000366210938,131.61000061035156,98.61222076416016,9256000
2016-05-12,130.66000366210938,131.1699981689453,130.58999633789062,131.00999450683594,98.16259002685547,6087400
2016-05-13,131.47999572753906,132.32000732421875,131.22999572753906,132.27999877929688,99.11421203613281,8707300
2016-05-16,131.63999938964844,131.66000366210938,130.97999572753906,131.13999938964844,98.2599868774414,5137000
2016-05-17,131.2100067138672,131.8300018310547,131.2100067138672,131.36000061035156,98.42485046386719,4449100
2016-05-18,130.80999755859375,130.85000610351562,128.91000366210938,129.49000549316406,97.02375030517578,12681000
2016-05-19,129.67999267578125,130.3300018310547,129.64999389648438,130.0500030517578,97.44331359863281,6209400
2016-05-20,129.64999389648438,130.39999389648438,129.5500030517578,130.14999389648438,97.51823425292969,5348900
2016-05-23,130.36000061035156,130.72999572753906,129.9199981689453,130.44000244140625,97.73556518554688,6979700
2016-05-24,129.97000122070312,130.19000244140625,129.24000549316406,129.86000061035156,97.30096435546875,5968200
2016-05-25,129.8300018310547,130.25,129.30999755859375,129.3699951171875,96.93382263183594,6367400
2016-05-26,129.80999755859375,130.4499969482422,129.8000030517578,130.0399932861328,97.43585205078125,5419300
2016-05-27,130.07000732421875,130.25999450683594,129.6999969482422,129.85000610351562,97.2934799194336,5267600
2016-05-31,129.02000427246094,130.44000244140625,128.97999572753906,130.16000366210938,97.5257339477539,8344300
2016-06-01,130.6300048828125,131.27000427246094,130.11000061035156,130.4199981689453,97.92137145996094,9874900
2016-06-02,130.89999389648438,131.69000244140625,130.8699951171875,131.36000061035156,98.62718200683594,5835400
2016-06-03,132.86000061035156,133.22999572753906,132.60000610351562,133.22999572753906,100.03126525878906,11077200
2016-06-06,132.77999877929688,132.88999938964844,132.10000610351562,132.24000549316406,99.28791809082031,7573700
2016-06-07,132.63999938964844,132.97999572753906,132.5399932861328,132.55999755859375,99.5281753540039,4680200
2016-06-08,132.8699951171875,133.42999267578125,132.7100067138672,133.27000427246094,100.0612564086914,5313200
2016-06-09,134.32000732421875,134.5399932861328,133.92999267578125,134.1300048828125,100.70694732666016,6820300
2016-06-10,134.7899932861328,135.3300018310547,134.25999450683594,134.77999877929688,101.19501495361328,6984600
2016-06-13,135.08999633789062,135.38999938964844,134.77000427246094,135.3800048828125,101.64549255371094,7283300
2016-06-14,136.19000244140625,136.22000122070312,135.22000122070312,135.27999877929688,101.57035064697266,9012500
2016-06-15,135.52000427246094,136.22999572753906,135.30999755859375,135.8000030517578,101.9608154296875,7953200
2016-06-16,136.74000549316406,137.55999755859375,136.17999267578125,136.4600067138672,102.45630645751953,10372700
2016-06-17,136.1999969482422,136.27000427246094,135.25999450683594,135.61000061035156,101.81815338134766,8489900
2016-06-20,134.24000549316406,134.5500030517578,134.00999450683594,134.16000366210938,100.72948455810547,7365900
2016-06-21,134.2899932861328,134.5800018310547,133.4600067138672,133.5399932861328,100.26398468017578,6005800
2016-06-22,133.5,133.99000549316406,133.25,133.75999450683594,100.42916870117188,5773700
2016-06-23,132.61000061035156,133.32000732421875,132.0800018310547,132.22999572753906,99.28036499023438,9029100
2016-06-24,136.61000061035156,136.61000061035156,135.3000030517578,135.77999877929688,101.94576263427734,17155000
2016-06-27,138.44000244140625,139.58999633789062,138.39999389648438,139.1699981689453,104.49102020263672,16577100
2016-06-28,139.44000244140625,139.89999389648438,138.8800048828125,139.4600067138672,104.70883178710938,14006400
2016-06-29,139.67999267578125,140.1300048828125,138.25999450683594,138.38999938964844,103.90542602539062,12999800
2016-06-30,138.80999755859375,139.94000244140625,138.08999633789062,138.89999389648438,104.28832244873047,14698500
2016-07-01,140.80999755859375,140.82000732421875,139.19000244140625,140.57000732421875,105.7363052368164,15430200
2016-07-05,141.85000610351562,142.91000366210938,141.6999969482422,142.3300018310547,107.06015014648438,8840800
2016-07-06,142.7899932861328,143.0,141.9600067138672,142.55999755859375,107.23321533203125,14352800
2016-07-07,142.08999633789062,143.19000244140625,141.77999877929688,142.5500030517578,107.2256851196289,9676400
2016-07-08,142.9199981689453,143.6199951171875,142.36000061035156,143.60000610351562,108.0155029296875,10355300
2016-07-11,143.0500030517578,143.47000122070312,142.24000549316406,142.33999633789062,107.06766510009766,8099000
2016-07-12,140.4199981689453,140.86000061035156,139.63999938964844,140.0,105.30757904052734,15810600
2016-07-13,141.3699951171875,141.77000427246094,140.9499969482422,141.64999389648438,106.5486831665039,8181700
2016-07-14,139.27999877929688,139.83999633789062,139.08999633789062,139.58999633789062,104.99917602539062,10817000
2016-07-15,138.88999938964844,139.11000061035156,138.17999267578125,138.38999938964844,104.09652709960938,9958600
2016-07-18,139.07000732421875,139.25999450683594,137.72999572753906,138.25999450683594,103.9987564086914,5955900
2016-07-19,138.94000244140625,139.30999755859375,138.39999389648438,139.0399932861328,104.58543395996094,8073900
2016-07-20,138.22999572753906,138.50999450683594,137.91000366210938,138.27999877929688,104.01372528076172,6942500
2016-07-21,137.0399932861328,138.6199951171875,136.99000549316406,138.55999755859375,104.22443389892578,10398400
2016-07-22,137.92999267578125,139.24000549316406,137.8699951171875,138.8000030517578,104.40489959716797,5811400
2016-07-25,138.94000244140625,139.25999450683594,138.58999633789062,138.6999969482422,104.32970428466797,4243800
2016-07-26,139.52000427246094,139.52000427246094,138.4600067138672,138.9199981689453,104.49524688720703,5243400
2016-07-27,139.5500030517578,140.64999389648438,139.39999389648438,140.64999389648438,105.79650115966797,8508100
2016-07-28,139.8000030517578,140.83999633789062,139.7100067138672,140.38999938964844,105.60089874267578,7336100
2016-07-29,140.4499969482422,141.67999267578125,140.22000122070312,141.55999755859375,106.48103332519531,8766700
2016-08-01,139.77999877929688,140.5,139.61000061035156,139.77000427246094,105.3265380859375,9809300
2016-08-02,137.8300018310547,139.25999450683594,137.5,138.3300018310547,104.24142456054688,10051200
2016-08-03,138.60000610351562,138.77999877929688,137.91000366210938,138.41000366210938,104.30169677734375,4930600
2016-08-04,139.4600067138672,140.16000366210938,139.27000427246094,139.4499969482422,105.08539581298828,5646000
2016-08-05,139.0500030517578,139.17999267578125,137.82000732421875,138.0,103.99266052246094,7778600
2016-08-08,137.60000610351562,138.5399932861328,137.32000732421875,138.25999450683594,104.1886215209961,5185200
2016-08-09,138.7100067138672,139.72000122070312,138.6199951171875,139.6199951171875,105.21346282958984,5503200
2016-08-10,139.89999389648438,140.50999450683594,139.47000122070312,140.16000366210938,105.62042236328125,5843500
2016-08-11,140.05999755859375,140.0800018310547,138.5399932861328,138.91000366210938,104.67845916748047,7624600
2016-08-12,140.41000366210938,140.86000061035156,139.8699951171875,140.0800018310547,105.5600814819336,7989600
2016-08-15,139.33999633789062,139.6300048828125,138.75,138.75999450683594,104.5654525756836,5108600
2016-08-16,138.97999572753906,139.14999389648438,138.22999572753906,138.38999938964844,104.28662872314453,6182700
2016-08-17,138.6300048828125,139.44000244140625,138.5,139.22000122070312,104.91203308105469,5002000
2016-08-18,139.1999969482422,139.75999450683594,138.7899932861328,139.44000244140625,105.07782745361328,3805200
2016-08-19,138.63999938964844,139.0500030517578,138.10000610351562,138.7100067138672,104.5277328491211,5516300
2016-08-22,139.64999389648438,140.13999938964844,139.3699951171875,139.8800048828125,105.40940856933594,5549700
2016-08-23,140.27000427246094,140.58999633789062,139.6699981689453,140.02999877929688,105.52245330810547,6841400
2016-08-24,140.10000610351562,140.19000244140625,139.38999938964844,139.6999969482422,105.27373504638672,6027800
2016-08-25,139.25999450683594,139.77999877929688,138.9600067138672,139.1699981689453,104.87435913085938,5855500
2016-08-26,139.72999572753906,140.69000244140625,138.22000122070312,138.36000061035156,104.26400756835938,12962500
2016-08-29,139.3800048828125,140.35000610351562,139.2100067138672,140.2100067138672,105.6581039428711,7310400
2016-08-30,140.1699981689453,140.25999450683594,139.6699981689453,139.6699981689453,105.25111389160156,5161800
2016-08-31,139.66000366210938,140.1699981689453,139.33999633789062,139.8699951171875,105.40188598632812,7349700
2016-09-01,138.6199951171875,140.10000610351562,138.57000732421875,139.77000427246094,105.5181655883789,9149100
2016-09-02,138.9600067138672,139.0500030517578,138.1699981689453,138.6300048828125,104.65748596191406,8397000
2016-09-06,138.7100067138672,140.0800018310547,138.50999450683594,139.63999938964844,105.4200210571289,8542600
2016-09-07,140.3699951171875,140.4199981689453,139.5399932861328,139.5399932861328,105.34455871582031,5421800
2016-09-08,138.86000061035156,139.27000427246094,137.25999450683594,137.7899932861328,104.02337646484375,14301500
2016-09-09,136.07000732421875,136.1199951171875,135.41000366210938,135.52000427246094,102.30968475341797,13347700
2016-09-12,135.32000732421875,135.8300018310547,135.16000366210938,135.58999633789062,102.36246490478516,9096600
2016-09-13,135.8699951171875,136.0,133.36000061035156,134.0500030517578,101.1998519897461,15645400
2016-09-14,134.0500030517578,134.91000366210938,134.0500030517578,134.25,101.35090637207031,7037700
2016-09-15,133.61000061035156,134.0500030517578,133.02999877929688,133.6699981689453,100.91300201416016,9874500
2016-09-16,134.5800018310547,134.80999755859375,134.22000122070312,134.75,101.72834777832031,7507900
2016-09-19,134.52000427246094,134.8699951171875,134.25,134.30999755859375,101.3961410522461,7105900
2016-09-20,135.14999389648438,135.5800018310547,134.6699981689453,134.77999877929688,101.7509765625,6054800
2016-09-21,134.60000610351562,135.88999938964844,134.17999267578125,135.8699951171875,102.57389068603516,10698100
2016-09-22,136.6699981689453,137.2899932861328,136.5,136.9499969482422,103.38924407958984,12426200
2016-09-23,137.02999877929688,137.33999633789062,136.7100067138672,136.82000732421875,103.29104614257812,5928800
2016-09-26,137.07000732421875,137.8300018310547,137.02000427246094,137.69000244140625,103.9478759765625,8661300
2016-09-27,138.58999633789062,138.8000030517578,137.9499969482422,138.6999969482422,104.7103500366211,9450400
2016-09-28,138.5,139.14999389648438,138.22000122070312,138.39999389648438,104.48387145996094,7958700
2016-09-29,137.55999755859375,139.07000732421875,137.4499969482422,138.75,104.74808502197266,8319800
2016-09-30,138.5500030517578,138.63999938964844,136.8699951171875,137.50999450683594,103.81195831298828,11747100
2016-10-03,137.67999267578125,137.77000427246094,136.75999450683594,136.80999755859375,103.46936798095703,7588800
2016-10-04,136.6199951171875,136.83999633789062,135.16000366210938,135.2100067138672,102.25930786132812,12048700
2016-10-05,135.02000427246094,135.0800018310547,134.1199951171875,134.5800018310547,101.78280639648438,8917700
2016-10-06,133.97000122070312,134.69000244140625,133.67999267578125,133.8300018310547,101.21562957763672,7839900
2016-10-07,133.92999267578125,134.2899932861328,133.08999633789062,133.9199981689453,101.28366088867188,9953200
2016-10-10,132.85000610351562,133.16000366210938,132.50999450683594,133.1300048828125,100.68616485595703,6089100
2016-10-11,132.86000061035156,133.5500030517578,132.57000732421875,132.8300018310547,100.45932006835938,9670400
2016-10-12,132.6699981689453,133.02000427246094,132.24000549316406,132.9600067138672,100.55760192871094,7582400
2016-10-13,133.63999938964844,133.92999267578125,133.3699951171875,133.4600067138672,100.93577575683594,7080600
2016-10-14,132.27000427246094,132.9499969482422,131.52999877929688,131.58999633789062,99.52147674560547,11415100
2016-10-17,132.10000610351562,132.74000549316406,132.08999633789062,132.42999267578125,100.15677642822266,10595900
2016-10-18,131.86000061035156,132.88999938964844,131.8300018310547,132.86000061035156,100.4819564819336,7151000
2016-10-19,132.3699951171875,133.27000427246094,132.32000732421875,132.97000122070312,100.56520080566406,6941300
2016-10-20,133.63999938964844,133.75,132.89999389648438,133.11000061035156,100.67107391357422,6082300
2016-10-21,133.52000427246094,133.72000122070312,132.8699951171875,133.30999755859375,100.82230377197266,9222700
2016-10-24,133.41000366210938,133.4499969482422,132.2899932861328,132.72999572753906,100.3836669921875,6507500
2016-10-25,132.52999877929688,133.55999755859375,132.49000549316406,133.0800018310547,100.64834594726562,5134700
2016-10-26,132.4600067138672,132.8000030517578,131.99000549316406,132.17999267578125,99.96766662597656,5842500
2016-10-27,131.07000732421875,131.07000732421875,130.05999755859375,130.74000549316406,98.87861633300781,10044700
2016-10-28,130.38999938964844,130.92999267578125,130.3300018310547,130.4499969482422,98.6593246459961,7541000
2016-10-31,130.88999938964844,131.2899932861328,130.7100067138672,131.25,99.26436614990234,7047500
2016-11-01,130.16000366210938,131.60000610351562,129.8800048828125,131.00999450683594,99.27189636230469,12622400
2016-11-02,131.3000030517578,132.11000061035156,131.02999877929688,131.5800018310547,99.70382690429688,8666200
2016-11-03,130.75,131.0500030517578,130.44000244140625,130.57000732421875,98.9384994506836,6085400
2016-11-04,131.27000427246094,131.7899932861328,131.1300048828125,131.74000549316406,99.82508087158203,7622600
2016-11-07,130.75,131.0,130.44000244140625,130.6199951171875,98.97640228271484,5386700
2016-11-08,131.02000427246094,131.2100067138672,129.7100067138672,130.08999633789062,98.57484436035156,7576500
2016-11-09,127.22000122070312,127.37000274658203,124.22000122070312,124.56999969482422,94.39204406738281,31233500
2016-11-10,123.97000122070312,124.95999908447266,122.72000122070312,122.7300033569336,92.9978256225586,22961200
2016-11-11,122.95999908447266,123.05000305175781,121.6500015258789,122.04000091552734,92.47502136230469,10040200
2016-11-14,121.27999877929688,122.66000366210938,120.7300033569336,121.30999755859375,91.92182922363281,21174400
2016-11-15,122.22000122070312,122.80999755859375,121.77999877929688,121.91000366210938,92.37645721435547,11963700
2016-11-16,122.30000305175781,123.13999938964844,122.16999816894531,123.01000213623047,93.20996856689453,9149500
2016-11-17,121.94999694824219,122.11000061035156,120.98999786376953,121.19999694824219,91.83845520019531,11221600
2016-11-18,121.62999725341797,121.97000122070312,120.33999633789062,120.8499984741211,91.57322692871094,13577700
2016-11-21,121.20999908447266,121.4800033569336,120.88999938964844,121.1500015258789,91.80055236816406,6488100
2016-11-22,121.66000366210938,121.76000213623047,120.87999725341797,121.11000061035156,91.77027130126953,9989900
2016-11-23,119.98999786376953,120.91000366210938,119.25,120.63999938964844,91.41410827636719,13563500
2016-11-25,121.19000244140625,121.29000091552734,120.4000015258789,120.81999969482422,91.55054473876953,3126300
2016-11-28,121.41000366210938,121.7300033569336,121.08999633789062,121.70999908447266,92.22489929199219,8555000
2016-11-29,121.44000244140625,122.4000015258789,121.20999908447266,122.22000122070312,92.61133575439453,8363000
2016-11-30,119.97000122070312,121.01000213623047,119.4800033569336,120.23999786376953,91.11099243164062,21163500
2016-12-01,118.51000213623047,118.98999786376953,117.63999938964844,118.7300033569336,90.14899444580078,21715700
2016-12-02,119.16999816894531,120.20999908447266,119.13999938964844,119.5999984741211,90.80960845947266,12487500
2016-12-05,118.93000030517578,120.4000015258789,118.44999694824219,119.47000122070312,90.71084594726562,12100100
2016-12-06,119.33999633789062,119.94000244140625,119.12000274658203,119.37999725341797,90.6425552368164,11526600
2016-12-07,119.81999969482422,120.62000274658203,119.81999969482422,120.4000015258789,91.41705322265625,10392200
2016-12-08,119.1500015258789,119.30999755859375,118.77999877929688,118.9800033569336,90.33885192871094,12041100
2016-12-09,118.63999938964844,118.86000061035156,117.27999877929688,117.5,89.21512603759766,14646400
2016-12-12,117.2699966430664,117.80000305175781,116.87999725341797,117.72000122070312,89.38214874267578,9496300
2016-12-13,118.4000015258789,118.48999786376953,117.44000244140625,118.13999938964844,89.70108032226562,12189200
2016-12-14,119.08000183105469,119.20999908447266,116.80000305175781,116.81999969482422,88.6988296508789,16618400
2016-12-15,117.55999755859375,118.29000091552734,117.02999877929688,117.41000366210938,89.14680480957031,12400500
2016-12-16,117.61000061035156,117.91999816894531,116.80000305175781,117.13999938964844,88.94178771972656,14924600
2016-12-19,117.9800033569336,118.58000183105469,117.73999786376953,118.4000015258789,89.89848327636719,10868300
2016-12-20,117.62999725341797,117.9000015258789,117.37999725341797,117.80999755859375,89.45047760009766,7030600
2016-12-21,117.91999816894531,118.4000015258789,117.7300033569336,118.33000183105469,89.84532165527344,4624700
2016-12-22,117.52999877929688,118.0,117.5,117.80999755859375,89.6846694946289,5177800
2016-12-23,118.23999786376953,118.38999938964844,117.94999694824219,118.05000305175781,89.86737823486328,4461600
2016-12-27,117.41999816894531,117.69999694824219,117.2300033569336,117.66999816894531,89.57810974121094,5276600
2016-12-28,117.86000061035156,118.87999725341797,117.69999694824219,118.52999877929688,90.2327880859375,7578600
2016-12-29,118.80000305175781,119.2699966430664,118.66000366210938,118.94999694824219,90.55252075195312,8581400
2016-12-30,118.77999877929688,119.6500015258789,118.72000122070312,119.12999725341797,90.68949890136719,10613900
2017-01-03,118.41000366210938,119.98999786376953,118.18000030517578,119.63999938964844,91.0777816772461,13217300
2017-01-04,119.76000213623047,120.23999786376953,119.44999694824219,120.0999984741211,91.42801666259766,6699600
2017-01-05,120.44999694824219,122.02999877929688,120.16999816894531,121.9800033569336,92.85913848876953,13265800
2017-01-06,121.12999725341797,121.54000091552734,120.75,120.86000061035156,92.00656127929688,8369300
2017-01-09,121.87999725341797,122.0,121.45999908447266,121.83000183105469,92.74496459960938,8839100
2017-01-10,121.55000305175781,121.91000366210938,121.27999877929688,121.75,92.6841049194336,8417900
2017-01-11,121.94000244140625,122.69000244140625,121.41000366210938,122.16000366210938,92.9961929321289,9402500
2017-01-12,122.80000305175781,123.13999938964844,121.83000183105469,121.88999938964844,92.79065704345703,9977600
2017-01-13,121.33000183105469,121.75,120.62000274658203,121.30999755859375,92.34910583496094,9820000
2017-01-17,122.80999755859375,122.94000244140625,121.98999786376953,122.58000183105469,93.3159408569336,7853300
2017-01-18,121.7699966430664,121.95999908447266,120.91000366210938,121.01000213623047,92.1207275390625,9064700
2017-01-19,120.48999786376953,120.58000183105469,119.55000305175781,120.18000030517578,91.48890686035156,11795600
2017-01-20,119.83999633789062,120.30999755859375,119.29000091552734,119.94000244140625,91.30619049072266,16953200
2017-01-23,120.33999633789062,121.87000274658203,120.0199966430664,121.13999938964844,92.21969604492188,13118400
2017-01-24,120.7699966430664,121.12999725341797,119.80000305175781,120.30999755859375,91.58784484863281,8395000
2017-01-25,119.27999877929688,119.5999984741211,118.55999755859375,118.80000305175781,90.43831634521484,11115100
2017-01-26,118.91000366210938,119.26000213623047,118.33000183105469,119.19999694824219,90.74284362792969,7827900
2017-01-27,119.4000015258789,119.83000183105469,119.25,119.62999725341797,91.07020568847656,7197800
2017-01-30,119.44000244140625,119.87999725341797,119.19999694824219,119.2699966430664,90.79608917236328,6569500
2017-01-31,119.33000183105469,120.4000015258789,119.25,120.0999984741211,91.42801666259766,13298500
2017-02-01,119.0999984741211,119.52999877929688,118.58000183105469,119.0999984741211,90.8626937866211,10975500
2017-02-02,119.93000030517578,120.13999938964844,119.0,119.05000305175781,90.82453918457031,6978600
2017-02-03,119.44000244140625,119.87000274658203,118.47000122070312,119.0,90.78636169433594,10275600
2017-02-06,119.76000213623047,120.12999725341797,119.12000274658203,119.72000122070312,91.33567810058594,8433800
2017-02-07,119.77999877929688,121.01000213623047,119.47000122070312,120.5999984741211,92.00703430175781,8418400
2017-02-08,121.41999816894531,122.2699966430664,121.41000366210938,122.23999786376953,93.25818634033203,15734200
2017-02-09,121.41000366210938,121.58999633789062,120.66000366210938,120.83000183105469,92.18247985839844,16890600
2017-02-10,120.11000061035156,120.94999694824219,120.11000061035156,120.76000213623047,92.1291275024414,7978500
2017-02-13,120.25,120.41000366210938,119.87999725341797,120.37999725341797,91.83917236328125,11536800
2017-02-14,120.23999786376953,120.30000305175781,118.83000183105469,119.51000213623047,91.17547607421875,13210500
2017-02-15,118.76000213623047,119.22000122070312,118.6500015258789,118.95999908447266,90.75584411621094,8481000
2017-02-16,119.22000122070312,120.20999908447266,119.12000274658203,119.61000061035156,91.2517318725586,10005800
2017-02-17,120.61000061035156,120.69999694824219,120.12999725341797,120.31999969482422,91.79341125488281,7886400
2017-02-21,119.68000030517578,120.61000061035156,119.5999984741211,120.11000061035156,91.6331787109375,8703800
2017-02-22,120.80000305175781,120.81999969482422,119.58999633789062,120.30999755859375,91.7857894897461,8101500
2017-02-23,120.56999969482422,120.73999786376953,120.33000183105469,120.66999816894531,92.0604476928711,5330800
2017-02-24,121.3499984741211,122.13999938964844,121.26000213623047,122.01000213623047,93.08277130126953,11336000
2017-02-27,121.80999755859375,121.9000015258789,121.2300033569336,121.29000091552734,92.53343963623047,11039800
2017-02-28,121.5,122.08000183105469,121.31999969482422,121.73999786376953,92.87675476074219,8410500
2017-03-01,119.44000244140625,119.55000305175781,118.94999694824219,119.47000122070312,91.32048034667969,10717100
2017-03-02,119.01000213623047,119.20999908447266,118.62000274658203,119.04000091552734,90.99179077148438,8201200
2017-03-03,119.2300033569336,119.3499984741211,118.55000305175781,119.3499984741211,91.22876739501953,9515200
2017-03-06,119.12000274658203,119.12000274658203,118.5199966430664,118.77999877929688,90.79302215576172,4489200
2017-03-07,118.4800033569336,118.68000030517578,118.25,118.41999816894531,90.51786041259766,7080100
2017-03-08,117.30999755859375,117.94999694824219,117.2300033569336,117.77999877929688,90.02865600585938,11336300
2017-03-09,117.33999633789062,117.4800033569336,116.7699966430664,116.83999633789062,89.31014251708984,10575400
2017-03-10,117.13999938964844,117.31999969482422,116.68000030517578,117.25,89.62353515625,9218500
2017-03-13,116.83000183105469,117.08999633789062,116.48999786376953,116.51000213623047,89.05789184570312,6993100
2017-03-14,116.7699966430664,117.3499984741211,116.70999908447266,117.06999969482422,89.48597717285156,9869200
2017-03-15,117.55999755859375,118.83000183105469,117.43000030517578,118.5,90.57901763916016,14600500
2017-03-16,117.98999786376953,118.1500015258789,117.62999725341797,117.9000015258789,90.12040710449219,8018200
2017-03-17,118.11000061035156,118.75,118.02999877929688,118.63999938964844,90.68599700927734,7266800
2017-03-20,118.55000305175781,119.2300033569336,118.5,119.1500015258789,91.07585906982422,5497800
2017-03-21,119.05000305175781,120.30000305175781,119.0199966430664,120.13999938964844,91.83261108398438,12540700
2017-03-22,120.72000122070312,121.16999816894531,120.43000030517578,120.62000274658203,92.19951629638672,11661400
2017-03-23,120.83000183105469,121.0199966430664,120.05999755859375,120.44999694824219,92.06959533691406,6746500
2017-03-24,120.52999877929688,121.0999984741211,120.4000015258789,120.87999725341797,92.39824676513672,5819600
2017-03-27,121.83000183105469,121.97000122070312,121.19000244140625,121.43000030517578,92.81865692138672,6878500
2017-03-28,121.79000091552734,121.81999969482422,120.48999786376953,120.62000274658203,92.19951629638672,6811200
2017-03-29,120.94000244140625,121.37999725341797,120.87999725341797,121.33999633789062,92.74986267089844,6291000
2017-03-30,121.06999969482422,121.08999633789062,120.31999969482422,120.36000061035156,92.00077056884766,7042400
2017-03-31,120.27999877929688,120.80999755859375,120.20999908447266,120.70999908447266,92.2682876586914,5144800
2017-04-03,120.44999694824219,121.87000274658203,120.4000015258789,121.66999816894531,93.19898223876953,12996500
2017-04-04,121.37000274658203,121.58999633789062,120.94999694824219,121.01000213623047,92.69345092773438,6976700
2017-04-05,120.55999755859375,121.5199966430664,120.36000061035156,121.37999725341797,92.97681427001953,8555200
2017-04-06,121.23999786376953,121.41000366210938,120.5199966430664,121.19999694824219,92.83895874023438,6497000
2017-04-07,121.83999633789062,122.25,120.69000244140625,120.70999908447266,92.46363830566406,10270000
2017-04-10,121.13999938964844,121.62000274658203,121.0,121.2699966430664,92.89256286621094,5314500
2017-04-11,121.80000305175781,122.6500015258789,121.72000122070312,122.41999816894531,93.77345275878906,11297400
2017-04-12,122.51000213623047,123.19000244140625,122.29000091552734,123.08999633789062,94.28668212890625,11532500
2017-04-13,123.44999694824219,123.73999786376953,122.91000366210938,123.47000122070312,94.57783508300781,8396700
2017-04-17,123.45999908447266,123.55000305175781,122.86000061035156,123.08999633789062,94.28668212890625,8015000
2017-04-18,123.86000061035156,124.9800033569336,123.55000305175781,124.69999694824219,95.51998901367188,11529700
2017-04-19,124.0999984741211,124.16999816894531,123.69999694824219,124.0199966430664,94.99909973144531,7344000
2017-04-20,123.5199966430664,123.91999816894531,123.13999938964844,123.54000091552734,94.63142395019531,7932900
2017-04-21,123.81999969482422,124.23999786376953,123.48999786376953,123.54000091552734,94.63142395019531,9798500
2017-04-24,122.55000305175781,123.16000366210938,122.45999908447266,122.93000030517578,94.16415405273438,8066400
2017-04-25,122.20999908447266,122.45999908447266,121.37999725341797,121.44999694824219,93.03047180175781,8122300
2017-04-26,121.5199966430664,122.13999938964844,121.43000030517578,122.12000274658203,93.5436782836914,5766200
2017-04-27,121.75,122.3499984741211,121.58000183105469,122.08000183105469,93.51300811767578,4978300
2017-04-28,121.5999984741211,122.44000244140625,121.55000305175781,122.3499984741211,93.71984100341797,8166300
2017-05-01,121.69000244140625,122.13999938964844,120.70999908447266,121.08000183105469,92.94075775146484,8795900
2017-05-02,120.97000122070312,121.77999877929688,120.94000244140625,121.69999694824219,93.41665649414062,6727800
2017-05-03,122.22000122070312,122.38999938964844,121.55000305175781,121.77999877929688,93.47807312011719,8932900
2017-05-04,121.01000213623047,121.22000122070312,120.66999816894531,121.18000030517578,93.01751708984375,9707200
2017-05-05,121.37999725341797,121.47000122070312,120.88999938964844,121.29000091552734,93.10195922851562,5605400
2017-05-08,121.11000061035156,121.13999938964844,120.52999877929688,120.62999725341797,92.59537506103516,8057800
2017-05-09,120.37999725341797,120.62999725341797,120.13999938964844,120.62000274658203,92.58768463134766,5536700
2017-05-10,120.91000366210938,121.05999755859375,120.16000366210938,120.4800033569336,92.4802017211914,6517000
2017-05-11,120.0,120.56999969482422,119.91000366210938,120.4800033569336,92.4802017211914,7479800
2017-05-12,121.01000213623047,121.48999786376953,120.9800033569336,121.38999938964844,93.17871856689453,7463900
2017-05-15,121.05999755859375,121.20999908447266,120.75,121.05999755859375,92.92542266845703,5173200
2017-05-16,121.11000061035156,121.88999938964844,121.11000061035156,121.51000213623047,93.27082061767578,6722700
2017-05-17,122.62999725341797,123.54000091552734,122.38999938964844,123.27999877929688,94.62950134277344,11236400
2017-05-18,123.75,123.94000244140625,123.19000244140625,123.41999816894531,94.73693084716797,8350500
2017-05-19,123.36000061035156,123.77999877929688,123.01000213623047,123.70999908447266,94.95954895019531,11277400
2017-05-22,123.41000366210938,123.55999755859375,123.26000213623047,123.37000274658203,94.69856262207031,4062900
2017-05-23,123.51000213623047,123.62000274658203,122.4800033569336,122.54000091552734,94.06144714355469,7901300
2017-05-24,122.80000305175781,123.26000213623047,122.54000091552734,123.2300033569336,94.59107208251953,7355200
2017-05-25,123.0199966430664,123.27999877929688,122.76000213623047,123.2699966430664,94.62174987792969,6464800
2017-05-26,123.55000305175781,123.73999786376953,123.25,123.4800033569336,94.78297424316406,2963800
2017-05-30,124.02999877929688,124.13999938964844,123.73999786376953,124.08999633789062,95.25123596191406,4819400
2017-05-31,124.05000305175781,124.6500015258789,124.02999877929688,124.4000015258789,95.48917388916016,8000200
2017-06-01,123.69999694824219,124.19000244140625,123.66000366210938,124.1500015258789,95.49921417236328,9037300
2017-06-02,125.22000122070312,125.7699966430664,125.05000305175781,125.62000274658203,96.62992095947266,13245000
2017-06-05,124.9000015258789,125.16000366210938,124.77999877929688,124.83999633789062,96.0299301147461,6775500
2017-06-06,125.69000244140625,125.87000274658203,125.4000015258789,125.5199966430664,96.55303955078125,12841500
2017-06-07,125.23999786376953,125.5199966430664,124.79000091552734,124.91999816894531,96.09147644042969,12852400
2017-06-08,124.87999725341797,124.87999725341797,124.30000305175781,124.58999633789062,95.83763885498047,8758600
2017-06-09,124.08000183105469,124.63999938964844,123.9800033569336,124.4000015258789,95.69145965576172,5130500
2017-06-12,124.20999908447266,124.98999786376953,124.13999938964844,124.36000061035156,95.66069793701172,4335800
2017-06-13,124.01000213623047,124.5199966430664,123.98999786376953,124.37999725341797,95.67608642578125,4742600
2017-06-14,125.91999816894531,126.70999908447266,125.7300033569336,126.30000305175781,97.15299987792969,20212300
2017-06-15,126.08999633789062,126.33000183105469,125.83000183105469,126.0999984741211,96.99918365478516,5863700
2017-06-16,126.08000183105469,126.44000244140625,126.01000213623047,126.3499984741211,97.19149780273438,6672500
2017-06-19,126.31999969482422,126.4800033569336,126.02999877929688,126.16999816894531,97.0530014038086,5641300
2017-06-20,126.79000091552734,127.4000015258789,126.79000091552734,127.30000305175781,97.92222595214844,8405700
2017-06-21,127.11000061035156,127.63999938964844,126.91000366210938,127.55999755859375,98.12226867675781,5914800
2017-06-22,127.70999908447266,127.87000274658203,127.30999755859375,127.83999633789062,98.33760070800781,6608100
2017-06-23,127.47000122070312,127.9000015258789,127.4000015258789,127.77999877929688,98.29141235351562,4329900
2017-06-26,128.27000427246094,128.57000732421875,128.16000366210938,128.25999450683594,98.6606674194336,5541600
2017-06-27,127.43000030517578,127.48999786376953,126.62000274658203,126.88999938964844,97.60685729980469,8354200
2017-06-28,126.66999816894531,126.70999908447266,125.9800033569336,126.47000122070312,97.28376770019531,7357900
2017-06-29,125.01000213623047,125.72000122070312,124.9000015258789,125.41000366210938,96.46842193603516,9115800
2017-06-30,125.19000244140625,125.38999938964844,124.8499984741211,125.12000274658203,96.24533081054688,10189800
2017-07-03,125.0,125.04000091552734,124.0199966430664,124.45999908447266,95.93545532226562,11021100
2017-07-05,124.19999694824219,124.6500015258789,124.12000274658203,124.48999786376953,95.95856475830078,11394500
2017-07-06,123.5199966430664,123.63999938964844,122.93000030517578,123.45999908447266,95.1646728515625,10853100
2017-07-07,122.83999633789062,123.02999877929688,122.58999633789062,122.72000122070312,94.59424591064453,9401800
2017-07-10,122.87000274658203,123.0999984741211,122.68000030517578,122.9000015258789,94.73295593261719,3859200
2017-07-11,122.86000061035156,123.33000183105469,122.70999908447266,123.11000061035156,94.8948745727539,4425600
2017-07-12,123.88999938964844,124.04000091552734,123.48999786376953,123.95999908447266,95.5500259399414,7839900
2017-07-13,123.5999984741211,123.6500015258789,122.80999755859375,123.18000030517578,94.94879913330078,7449300
2017-07-14,124.0999984741211,124.16000366210938,123.12000274658203,123.33000183105469,95.06446075439453,6566800
2017-07-17,123.33000183105469,123.98999786376953,123.2699966430664,123.66999816894531,95.3265151977539,4737300
2017-07-18,124.43000030517578,124.7699966430664,124.2300033569336,124.75,96.15898132324219,9163000
2017-07-19,124.77999877929688,125.01000213623047,124.58999633789062,124.80000305175781,96.19755554199219,5140900
2017-07-20,125.48999786376953,125.7300033569336,124.97000122070312,125.16000366210938,96.47504425048828,12239100
2017-07-21,125.7300033569336,126.02999877929688,125.56999969482422,125.69000244140625,96.88358306884766,6201500
2017-07-24,125.44999694824219,125.66000366210938,125.16000366210938,125.19999694824219,96.5058364868164,5378500
2017-07-25,124.13999938964844,124.19000244140625,123.47000122070312,123.56999969482422,95.2494125366211,9743300
2017-07-26,123.2699966430664,124.08999633789062,123.08000183105469,123.7699966430664,95.40360260009766,8459500
2017-07-27,123.11000061035156,123.37999725341797,122.81999969482422,123.16000366210938,94.93343353271484,6390800
2017-07-28,123.2699966430664,123.98999786376953,123.26000213623047,123.88999938964844,95.49607849121094,5491800
2017-07-31,123.45999908447266,124.05000305175781,123.4000015258789,124.04000091552734,95.61172485351562,5464600
2017-08-01,123.18000030517578,124.70999908447266,123.16000366210938,124.63999938964844,96.2829818725586,9676800
2017-08-02,124.7699966430664,125.16999816894531,124.68000030517578,124.70999908447266,96.33709716796875,5745600
2017-08-03,125.29000091552734,126.0199966430664,125.26000213623047,126.0,97.3335952758789,10324500
2017-08-04,125.1500015258789,125.18000030517578,124.44000244140625,124.93000030517578,96.50704193115234,8485500
2017-08-07,124.83999633789062,125.0999984741211,124.61000061035156,125.06999969482422,96.61521911621094,4684600
2017-08-08,124.87000274658203,124.9800033569336,124.1500015258789,124.62000274658203,96.26757049560547,6197400
2017-08-09,125.93000030517578,125.94999694824219,125.19999694824219,125.30000305175781,96.7928695678711,9221800
2017-08-10,125.62000274658203,126.44000244140625,125.5199966430664,126.37000274658203,97.61943054199219,10378200
2017-08-11,125.7699966430664,126.45999908447266,125.55000305175781,126.43000030517578,97.66578674316406,5717800
2017-08-14,125.98999786376953,126.27999877929688,125.7300033569336,125.77999877929688,97.16364288330078,5111000
2017-08-15,124.7300033569336,125.54000091552734,124.70999908447266,125.25,96.75423431396484,7473200
2017-08-16,124.83000183105469,126.0199966430664,124.80999755859375,125.70999908447266,97.1095962524414,5283800
2017-08-17,125.69999694824219,126.68000030517578,125.51000213623047,126.6500015258789,97.83575439453125,9364700
2017-08-18,126.9800033569336,127.1500015258789,126.26000213623047,126.62000274658203,97.81256103515625,8382500
2017-08-21,126.7699966430664,127.0199966430664,126.5,126.93000030517578,98.05199432373047,7669800
2017-08-22,126.79000091552734,126.80999755859375,126.2699966430664,126.44000244140625,97.67350006103516,6140700
2017-08-23,127.04000091552734,127.30999755859375,126.76000213623047,127.30000305175781,98.33783721923828,7446400
2017-08-24,126.87999725341797,127.30999755859375,126.72000122070312,126.83000183105469,97.97480010986328,5569400
2017-08-25,127.0199966430664,127.44999694824219,126.87000274658203,127.31999969482422,98.35330200195312,7303300
2017-08-28,126.91999816894531,127.38999938964844,126.7300033569336,127.23999786376953,98.29144287109375,4448500
2017-08-29,128.4600067138672,128.52000427246094,127.30999755859375,127.6500015258789,98.60821533203125,7659400
2017-08-30,127.45999908447266,127.73999786376953,127.33999633789062,127.61000061035156,98.5772705078125,4735200
2017-08-31,127.63999938964844,128.02999877929688,127.56999969482422,127.98999786376953,98.87089538574219,7978400
2017-09-01,127.30999755859375,127.33999633789062,126.43000030517578,126.75,98.11457824707031,14128600
2017-09-05,127.69000244140625,128.8000030517578,127.69000244140625,128.75999450683594,99.67045593261719,15215700
2017-09-06,128.72000122070312,129.0,127.73999786376953,127.97000122070312,99.05896759033203,9066400
2017-09-07,128.3300018310547,129.57000732421875,128.3300018310547,129.27999877929688,100.0730209350586,13618900
2017-09-08,129.11000061035156,129.16000366210938,128.57000732421875,129.0,99.85627746582031,9808500
2017-09-11,127.87000274658203,128.0500030517578,127.26000213623047,127.45999908447266,98.6641845703125,17856700
2017-09-12,127.05000305175781,127.08999633789062,126.52999877929688,126.79000091552734,98.14552307128906,7557400
2017-09-13,126.91000366210938,126.91999816894531,126.27999877929688,126.29000091552734,97.75850677490234,6740000
2017-09-14,126.37000274658203,126.83000183105469,126.33000183105469,126.80999755859375,98.1610336303711,6674500
2017-09-15,127.0,127.01000213623047,126.54000091552734,126.86000061035156,98.19977569580078,9769200
2017-09-18,126.5,126.56999969482422,125.83999633789062,126.12999725341797,97.63467407226562,6863000
2017-09-19,126.27999877929688,126.30999755859375,125.7300033569336,125.81999969482422,97.39469909667969,5554900
2017-09-20,125.97000122070312,126.05000305175781,125.33000183105469,125.91000366210938,97.46436309814453,8037000
2017-09-21,126.16000366210938,126.55999755859375,125.81999969482422,125.83999633789062,97.41014099121094,6147800
2017-09-22,126.5,126.7300033569336,126.05999755859375,126.19999694824219,97.6888656616211,5660700
2017-09-25,126.31999969482422,127.2699966430664,126.19999694824219,126.98999786376953,98.30036163330078,9679000
2017-09-26,126.7699966430664,126.88999938964844,126.43000030517578,126.76000213623047,98.12232208251953,7251900
2017-09-27,124.87000274658203,125.30000305175781,124.61000061035156,124.8499984741211,96.64383697509766,12145700
2017-09-28,124.20999908447266,124.6500015258789,123.97000122070312,124.4800033569336,96.35743713378906,8883700
2017-09-29,124.76000213623047,125.02999877929688,124.2699966430664,124.76000213623047,96.57420349121094,11285500
2017-10-02,124.80999755859375,125.0,124.23999786376953,124.27999877929688,96.3973159790039,7860700
2017-10-03,123.91999816894531,124.51000213623047,123.91999816894531,124.4000015258789,96.49038696289062,6219800
2017-10-04,124.52999877929688,124.58999633789062,123.87999725341797,124.41000366210938,96.49813842773438,7447000
2017-10-05,124.2699966430664,124.30000305175781,123.69000244140625,123.94000244140625,96.13359832763672,8180300
2017-10-06,123.29000091552734,124.0999984741211,123.02999877929688,123.58999633789062,95.86214447021484,10375000
2017-10-09,123.77999877929688,124.05999755859375,123.63999938964844,123.9800033569336,96.1646499633789,3590900
2017-10-10,124.13999938964844,124.87000274658203,124.0199966430664,124.18000030517578,96.3197250366211,6666800
2017-10-11,124.56999969482422,124.66000366210938,124.26000213623047,124.41999816894531,96.5058822631836,4385900
2017-10-12,124.55000305175781,124.9800033569336,124.23999786376953,124.94999694824219,96.9170150756836,7141600
2017-10-13,125.58000183105469,125.94000244140625,125.16999816894531,125.8499984741211,97.61505889892578,7746900
2017-10-16,125.52999877929688,125.9000015258789,125.37999725341797,125.76000213623047,97.54524993896484,5737300
2017-10-17,125.38999938964844,126.08999633789062,125.38999938964844,125.91999816894531,97.66936492919922,4969600
2017-10-18,125.05000305175781,125.18000030517578,124.68000030517578,125.08999633789062,97.0256118774414,5943800
2017-10-19,125.73999786376953,126.01000213623047,125.2699966430664,125.30999755859375,97.19622802734375,8966500
2017-10-20,124.0,124.27999877929688,123.63999938964844,123.9800033569336,96.1646499633789,12326900
2017-10-23,124.16000366210938,124.48999786376953,124.0199966430664,124.19999694824219,96.33526611328125,6871100
2017-10-24,123.37000274658203,123.69000244140625,123.1500015258789,123.43000030517578,95.73800659179688,6842800
2017-10-25,122.52999877929688,122.9800033569336,122.41999816894531,122.83999633789062,95.2803726196289,9961400
2017-10-26,123.05999755859375,123.05999755859375,122.43000030517578,122.43000030517578,94.96234893798828,8179400
2017-10-27,122.94000244140625,123.33000183105469,122.75,123.23999786376953,95.59063720703125,10480900
2017-10-30,123.86000061035156,124.45999908447266,123.55999755859375,124.41999816894531,96.5058822631836,9051600
2017-10-31,124.52999877929688,124.66000366210938,124.4000015258789,124.45999908447266,96.53693389892578,4424300
2017-11-01,124.3499984741211,125.13999938964844,124.30000305175781,124.75,96.96678924560547,8940400
2017-11-02,125.0,125.5199966430664,124.91999816894531,125.30000305175781,97.394287109375,7222700
2017-11-03,125.47000122070312,125.69999694824219,125.13999938964844,125.63999938964844,97.6585693359375,10984100
2017-11-06,125.93000030517578,126.22000122070312,125.72000122070312,126.11000061035156,98.02388000488281,6246700
2017-11-07,126.2300033569336,126.77999877929688,126.12999725341797,126.63999938964844,98.43587493896484,6422700
2017-11-08,126.58999633789062,126.80000305175781,126.20999908447266,126.36000061035156,98.21820068359375,3356200
2017-11-09,125.87000274658203,126.23999786376953,125.55000305175781,126.0,97.93834686279297,6280400
2017-11-10,124.70999908447266,124.83999633789062,123.95999908447266,124.0999984741211,96.46154022216797,11981000
2017-11-13,124.80000305175781,124.80999755859375,124.30999755859375,124.36000061035156,96.66364288330078,5880800
2017-11-14,124.7699966430664,125.23999786376953,124.7699966430664,125.19999694824219,97.31653594970703,6195900
2017-11-15,126.05999755859375,126.66999816894531,125.63999938964844,126.55999755859375,98.3736801147461,9568200
2017-11-16,126.01000213623047,126.33000183105469,125.44999694824219,125.45999908447266,97.51862335205078,5894900
2017-11-17,126.06999969482422,126.44000244140625,125.95999908447266,126.38999938964844,98.24156951904297,6938800
2017-11-20,125.91000366210938,126.37999725341797,125.91000366210938,126.33999633789062,98.20263671875,4232300
2017-11-21,127.08999633789062,127.29000091552734,126.30999755859375,126.73999786376953,98.51358795166016,5818400
2017-11-22,126.62000274658203,127.19999694824219,126.51000213623047,127.1500015258789,98.83226013183594,4140700
2017-11-24,126.93000030517578,127.02999877929688,126.69000244140625,126.80000305175781,98.56021881103516,3141400
2017-11-27,126.86000061035156,127.05000305175781,126.41999816894531,126.62000274658203,98.42030334472656,6079900
2017-11-28,126.7699966430664,127.18000030517578,126.47000122070312,126.79000091552734,98.55240631103516,5983000
2017-11-29,125.55999755859375,125.68000030517578,125.0999984741211,125.54000091552734,97.58085632324219,14547100
2017-11-30,125.30999755859375,125.5199966430664,124.44000244140625,125.12000274658203,97.2543716430664,9630000
2017-12-01,125.87000274658203,127.69000244140625,125.0999984741211,126.55000305175781,98.5667953491211,24583100
2017-12-04,125.91999816894531,126.66999816894531,125.80999755859375,126.61000061035156,98.61353302001953,9609200
2017-12-05,126.47000122070312,127.5,126.44999694824219,127.23999786376953,99.1042251586914,10958900
2017-12-06,127.87000274658203,128.22999572753906,127.66000366210938,127.68000030517578,99.4469223022461,11834200
2017-12-07,127.93000030517578,128.10000610351562,126.30000305175781,126.68000030517578,98.66804504394531,13056800
2017-12-08,126.58999633789062,126.73999786376953,126.23999786376953,126.69000244140625,98.67584991455078,4786100
2017-12-11,126.86000061035156,127.08999633789062,126.41000366210938,126.43000030517578,98.47332763671875,3863800
2017-12-12,126.16999816894531,126.41000366210938,125.66999816894531,126.37999725341797,98.43433380126953,7502400
2017-12-13,126.80999755859375,127.38999938964844,126.58999633789062,127.33000183105469,99.17431640625,8532900
2017-12-14,127.05000305175781,127.9800033569336,126.79000091552734,127.87000274658203,99.59487915039062,6885000
2017-12-15,127.80999755859375,128.58999633789062,127.55999755859375,128.35000610351562,99.96874237060547,7239400
2017-12-18,127.97000122070312,128.0,126.91000366210938,127.18000030517578,99.05747985839844,7239700
2017-12-19,126.31999969482422,126.37999725341797,125.06999969482422,125.52999877929688,97.7723388671875,11045800
2017-12-20,124.30999755859375,124.70999908447266,123.94999694824219,124.13999938964844,96.68965148925781,10005800
2017-12-21,124.02999877929688,124.86000061035156,124.0,124.5999984741211,97.25321197509766,7026900
2017-12-22,124.69999694824219,124.83999633789062,124.52999877929688,124.7699966430664,97.3858871459961,3974300
2017-12-26,124.9800033569336,125.52999877929688,124.97000122070312,125.13999938964844,97.6746826171875,3168400
2017-12-27,125.70999908447266,126.9800033569336,125.69999694824219,126.7699966430664,98.94693756103516,9059700
2017-12-28,126.52999877929688,126.83000183105469,126.37000274658203,126.66000366210938,98.86113739013672,5297100
2017-12-29,126.5,127.12000274658203,126.4800033569336,126.86000061035156,99.01718139648438,7580500
2018-01-02,126.48999786376953,126.51000213623047,125.06999969482422,125.48999786376953,97.94791412353516,16238200
2018-01-03,126.0,126.19999694824219,125.48999786376953,126.08999633789062,98.41622161865234,8605100
2018-01-04,125.6500015258789,126.16000366210938,125.37000274658203,126.06999969482422,98.40059661865234,9217900
2018-01-05,125.87000274658203,126.18000030517578,125.36000061035156,125.70999908447266,98.1196060180664,10915400
2018-01-08,125.98999786376953,126.02999877929688,125.16999816894531,125.62999725341797,98.05715942382812,8850600
2018-01-09,124.80999755859375,124.83000183105469,123.80999755859375,123.94999694824219,96.74588775634766,16226400
2018-01-10,122.80999755859375,123.93000030517578,122.66000366210938,123.80000305175781,96.62882232666016,14302600
2018-01-11,123.51000213623047,124.58999633789062,123.30999755859375,124.30999755859375,97.02686309814453,12511000
2018-01-12,124.0999984741211,124.79000091552734,123.91000366210938,124.5199966430664,97.19078063964844,9987100
2018-01-16,125.16999816894531,125.27999877929688,124.55999755859375,125.04000091552734,97.59664916992188,9125900
2018-01-17,125.08000183105469,125.63999938964844,124.5999984741211,124.87000274658203,97.46397399902344,8327000
2018-01-18,123.93000030517578,124.2699966430664,123.54000091552734,123.70999908447266,96.55853271484375,10843900
2018-01-19,123.4000015258789,123.55999755859375,122.9800033569336,123.05999755859375,96.05122375488281,11374300
2018-01-22,123.44999694824219,123.70999908447266,122.98999786376953,123.18000030517578,96.14488220214844,8984700
2018-01-23,123.80999755859375,124.19999694824219,123.23999786376953,123.70999908447266,96.55853271484375,12325700
2018-01-24,122.8499984741211,123.12999725341797,122.54000091552734,123.04000091552734,96.03563690185547,9038900
2018-01-25,123.16000366210938,124.1500015258789,122.80000305175781,124.05000305175781,96.82394409179688,12173300
2018-01-26,123.87999725341797,123.91000366210938,123.0999984741211,123.58999633789062,96.4648666381836,6462900
2018-01-29,122.97000122070312,122.97000122070312,122.30000305175781,122.7300033569336,95.79362487792969,12223000
2018-01-30,122.27999877929688,122.37000274658203,121.69999694824219,122.01000213623047,95.23165130615234,12064400
2018-01-31,122.87000274658203,122.93000030517578,121.94000244140625,122.7300033569336,95.79362487792969,18045100
2018-02-01,122.4800033569336,122.52999877929688,120.62999725341797,120.69999694824219,94.40534210205078,18632800
2018-02-02,120.1500015258789,120.26000213623047,119.23999786376953,119.58000183105469,93.52933502197266,23944400
2018-02-05,119.16999816894531,121.81999969482422,118.63999938964844,120.70999908447266,94.41312408447266,28606200
2018-02-06,120.41999816894531,120.87000274658203,119.72000122070312,119.95999908447266,93.82654571533203,10935400
2018-02-07,120.12999725341797,120.33000183105469,118.55999755859375,118.81999969482422,92.9349136352539,16271100
2018-02-08,118.01000213623047,119.18000030517578,117.8499984741211,118.69000244140625,92.83317565917969,15155100
2018-02-09,118.11000061035156,119.08999633789062,117.79000091552734,117.94000244140625,92.24664306640625,15661600
2018-02-12,118.55999755859375,119.30000305175781,118.19000244140625,118.45999908447266,92.65332794189453,10944600
2018-02-13,118.61000061035156,119.01000213623047,118.38999938964844,118.98999786376953,93.06786346435547,8157600
2018-02-14,118.45999908447266,118.54000091552734,117.47000122070312,117.66999816894531,92.03544616699219,12043300
2018-02-15,118.19000244140625,118.80000305175781,117.98999786376953,118.06999969482422,92.34832000732422,8222400
2018-02-16,119.04000091552734,119.20999908447266,118.33999633789062,118.70999908447266,92.84886169433594,8454100
2018-02-20,118.27999877929688,118.51000213623047,117.77999877929688,118.19000244140625,92.44214630126953,8268800
2018-02-21,118.23999786376953,118.29000091552734,116.51000213623047,116.73999786376953,91.30801391601562,12054300
2018-02-22,117.23999786376953,117.66000366210938,117.0,117.08999633789062,91.58175659179688,9317900
2018-02-23,117.87999725341797,118.30999755859375,117.72000122070312,118.12999725341797,92.3952407836914,9072900
2018-02-26,118.68000030517578,118.91000366210938,118.04000091552734,118.16999816894531,92.4265365600586,8771600
2018-02-27,118.5199966430664,118.66000366210938,117.26000213623047,118.0,92.29351806640625,12525700
2018-02-28,118.47000122070312,118.83000183105469,118.25,118.75,92.88014221191406,9311600
2018-03-01,118.43000030517578,119.62000274658203,118.1500015258789,119.31999969482422,93.51419067382812,12287700
2018-03-02,118.8499984741211,118.93000030517578,118.12000274658203,118.3499984741211,92.75395202636719,10064300
2018-03-05,118.75,118.80000305175781,117.62999725341797,118.02999877929688,92.50318908691406,5658200
2018-03-06,118.36000061035156,118.68000030517578,118.12000274658203,118.13999938964844,92.58938598632812,5452000
2018-03-07,118.56999969482422,118.68000030517578,117.95999908447266,118.01000213623047,92.48749542236328,4461800
2018-03-08,118.30999755859375,118.98999786376953,118.26000213623047,118.69000244140625,93.02039337158203,7086700
2018-03-09,117.98999786376953,118.2699966430664,117.58999633789062,117.91000366210938,92.40914154052734,6570400
2018-03-12,118.30999755859375,118.66000366210938,118.19000244140625,118.58999633789062,92.94208526611328,5801300
2018-03-13,118.30999755859375,119.37000274658203,118.19000244140625,119.19000244140625,93.41233825683594,7455300
2018-03-14,119.4000015258789,120.4000015258789,119.37000274658203,120.23999786376953,94.23524475097656,10175000
2018-03-15,120.16999816894531,120.48999786376953,119.93000030517578,120.23999786376953,94.23524475097656,6757900
2018-03-16,119.80000305175781,120.01000213623047,119.55000305175781,119.80999755859375,93.89822387695312,6084300
2018-03-19,119.20999908447266,119.97000122070312,119.19999694824219,119.43000030517578,93.60038757324219,8491200
2018-03-20,118.91000366210938,119.22000122070312,118.83000183105469,118.94999694824219,93.22418975830078,5446000
2018-03-21,118.66000366210938,119.41999816894531,118.11000061035156,119.08000183105469,93.32606506347656,9742400
2018-03-22,120.30999755859375,120.81999969482422,119.66999816894531,120.26000213623047,94.25090026855469,12136600
2018-03-23,119.68000030517578,120.30999755859375,119.62000274658203,120.16999816894531,94.18035125732422,7250400
2018-03-26,120.0,120.44999694824219,119.66999816894531,119.70999908447266,93.81982421875,8237900
2018-03-27,119.83000183105469,121.12000274658203,119.80999755859375,120.98999786376953,94.82304382324219,9168500
2018-03-28,121.44999694824219,121.63999938964844,120.94999694824219,121.30999755859375,95.07376861572266,7412500
2018-03-29,121.54000091552734,122.29000091552734,121.51000213623047,121.9000015258789,95.53620147705078,9694300
2018-04-02,121.3499984741211,122.36000061035156,121.16000366210938,121.87999725341797,95.72465515136719,12036500
2018-04-03,121.36000061035156,121.4800033569336,120.83000183105469,120.94000244140625,94.98639678955078,9855000
2018-04-04,121.3499984741211,121.45999908447266,120.5999984741211,120.69000244140625,94.79010772705078,6654300
2018-04-05,120.0999984741211,120.2699966430664,119.7699966430664,119.79000091552734,94.08322143554688,7603700
2018-04-06,120.66000366210938,121.1500015258789,120.22000122070312,121.0999984741211,95.11210632324219,8831200
2018-04-09,120.63999938964844,121.30000305175781,120.3499984741211,121.30000305175781,95.26911926269531,6307500
2018-04-10,121.19999694824219,121.37999725341797,120.77999877929688,121.08000183105469,95.09638214111328,6046000
2018-04-11,121.8499984741211,121.88999938964844,121.2699966430664,121.51000213623047,95.4341049194336,5901300
2018-04-12,121.04000091552734,121.06999969482422,120.41000366210938,120.62000274658203,94.73507690429688,6622800
2018-04-13,120.5199966430664,121.12999725341797,120.5,120.9000015258789,94.95500946044922,4964000
2018-04-16,120.2300033569336,120.97000122070312,120.18000030517578,120.94000244140625,94.98639678955078,4491300
2018-04-17,120.91999816894531,121.58000183105469,120.81999969482422,121.2699966430664,95.24559020996094,5590400
2018-04-18,121.29000091552734,121.33999633789062,120.27999877929688,120.30000305175781,94.4837646484375,8138400
2018-04-19,119.41999816894531,119.52999877929688,118.80999755859375,119.31999969482422,93.71405792236328,9875800
2018-04-20,118.88999938964844,119.12999725341797,118.43000030517578,118.45999908447266,93.03864288330078,7579400
2018-04-23,118.33000183105469,118.62000274658203,118.08000183105469,118.48999786376953,93.06219482421875,7073200
2018-04-24,118.20999908447266,118.44999694824219,117.76000213623047,117.94999694824219,92.6380615234375,8190800
2018-04-25,117.41000366210938,117.6500015258789,116.94000244140625,117.16000366210938,92.01759338378906,6603800
2018-04-26,117.7300033569336,118.12999725341797,117.58999633789062,117.9800033569336,92.66160583496094,6528600
2018-04-27,118.47000122070312,118.94999694824219,118.44000244140625,118.88999938964844,93.37632751464844,5401800
2018-04-30,119.08000183105469,119.55999755859375,118.94000244140625,119.0999984741211,93.54129028320312,8321100
2018-05-01,118.7699966430664,118.83999633789062,118.2300033569336,118.41000366210938,93.20435333251953,7979200
2018-05-02,118.63999938964844,118.87000274658203,118.26000213623047,118.27999877929688,93.10205841064453,4644000
2018-05-03,118.83999633789062,119.30999755859375,118.68000030517578,118.80999755859375,93.5192642211914,6345300
2018-05-04,119.2300033569336,119.2300033569336,118.48999786376953,118.98999786376953,93.66090393066406,4283500
2018-05-07,118.97000122070312,119.0199966430664,118.73999786376953,118.80000305175781,93.5113525390625,3647800
2018-05-08,118.55000305175781,119.0,118.30000305175781,118.69000244140625,93.42479705810547,6091200
2018-05-09,118.12000274658203,118.41999816894531,117.9800033569336,117.9800033569336,92.86589050292969,7832500
2018-05-10,118.55000305175781,118.9800033569336,118.3499984741211,118.93000030517578,93.61368560791016,7101500
2018-05-11,119.31999969482422,119.36000061035156,118.81999969482422,119.2300033569336,93.84979248046875,4273400
2018-05-14,118.80000305175781,118.98999786376953,118.58999633789062,118.5999984741211,93.3539047241211,4996200
2018-05-15,117.55999755859375,117.58000183105469,116.69999694824219,117.25,92.29129791259766,12901000
2018-05-16,117.41999816894531,117.52999877929688,116.79000091552734,116.80000305175781,91.93705749511719,6518000
2018-05-17,116.62999725341797,116.81999969482422,116.08999633789062,116.20999908447266,91.4726791381836,7330300
2018-05-18,116.51000213623047,117.29000091552734,116.51000213623047,117.20999908447266,92.25980377197266,9606500
2018-05-21,117.12999725341797,117.37999725341797,116.94999694824219,117.2699966430664,92.30706024169922,4448500
2018-05-22,117.29000091552734,117.3499984741211,116.8499984741211,117.08999633789062,92.16535949707031,4700700
2018-05-23,117.75,118.11000061035156,117.66000366210938,117.94000244140625,92.83445739746094,9634000
2018-05-24,118.69000244140625,119.05999755859375,118.63999938964844,118.87999725341797,93.57433319091797,8204100
2018-05-25,119.55999755859375,119.83999633789062,119.47000122070312,119.62000274658203,94.15682220458984,8482800
2018-05-29,120.79000091552734,122.5199966430664,120.43000030517578,122.23999786376953,96.21910095214844,21668100
2018-05-30,121.0,121.4800033569336,120.73999786376953,121.41999816894531,95.57364654541016,11616300
2018-05-31,121.55999755859375,121.9800033569336,120.94999694824219,121.22000122070312,95.41619110107422,10769900
2018-06-01,120.16999816894531,120.70999908447266,119.8499984741211,120.30000305175781,94.91207885742188,8718800
2018-06-04,120.11000061035156,120.13999938964844,119.37000274658203,119.43000030517578,94.22571563720703,7156500
2018-06-05,119.95999908447266,120.16000366210938,119.62000274658203,119.70999908447266,94.44657135009766,5635900
2018-06-06,119.08000183105469,119.0999984741211,118.41999816894531,118.73999786376953,93.68130493164062,7813300
2018-06-07,118.69000244140625,120.48999786376953,118.68000030517578,119.88999938964844,94.58859252929688,13238300
2018-06-08,119.55999755859375,119.8499984741211,119.44000244140625,119.52999877929688,94.30457305908203,6790600
2018-06-11,119.06999969482422,119.38999938964844,118.94000244140625,119.30999755859375,94.13102722167969,6844200
2018-06-12,118.93000030517578,119.45999908447266,118.88999938964844,119.33999633789062,94.15463256835938,6048200
2018-06-13,119.44999694824219,119.63999938964844,118.62999725341797,119.27999877929688,94.10733795166016,8834700
2018-06-14,119.77999877929688,120.30000305175781,119.4800033569336,120.2699966430664,94.88842010498047,10078800
2018-06-15,120.83000183105469,121.08999633789062,120.30000305175781,120.37999725341797,94.97518157958984,7992800
2018-06-18,120.4800033569336,120.55999755859375,120.04000091552734,120.2699966430664,94.88842010498047,4893700
2018-06-19,120.97000122070312,121.2300033569336,120.69999694824219,120.97000122070312,95.44066619873047,6133300
2018-06-20,120.7699966430664,120.79000091552734,119.9000015258789,119.91000366210938,94.6043701171875,6879100
2018-06-21,120.36000061035156,120.75,120.22000122070312,120.54000091552734,95.10143280029297,7235800
2018-06-22,120.08999633789062,120.62000274658203,120.05999755859375,120.52999877929688,95.0934829711914,4082500
2018-06-25,120.66000366210938,121.11000061035156,120.63999938964844,120.80000305175781,95.30657196044922,8363700
2018-06-26,120.7699966430664,121.02999877929688,120.66000366210938,120.97000122070312,95.44066619873047,5450000
2018-06-27,121.75,122.18000030517578,121.55000305175781,122.11000061035156,96.34014129638672,8173400
2018-06-28,122.12999725341797,122.25,121.83000183105469,122.13999938964844,96.36378479003906,7109500
2018-06-29,122.16999816894531,122.5,121.6500015258789,121.72000122070312,96.03238677978516,11164700
2018-07-02,121.73999786376953,121.75,121.29000091552734,121.3499984741211,95.95729064941406,9662000
2018-07-03,121.52999877929688,122.02999877929688,121.52999877929688,122.0,96.47126007080078,3808800
2018-07-05,122.05999755859375,122.52999877929688,122.01000213623047,122.3499984741211,96.74801635742188,3860400
2018-07-06,122.75,122.91999816894531,122.4800033569336,122.75,97.0643310546875,4679900
2018-07-09,122.06999969482422,122.20999908447266,121.9000015258789,121.95999908447266,96.43968963623047,5952700
2018-07-10,121.87000274658203,122.12999725341797,121.80999755859375,121.94999694824219,96.43174743652344,5759700
2018-07-11,122.44999694824219,122.55000305175781,122.08999633789062,122.41999816894531,96.80339813232422,6869100
2018-07-12,122.16999816894531,122.47000122070312,122.13999938964844,122.41000366210938,96.79547882080078,4824700
2018-07-13,122.61000061035156,122.87000274658203,122.47000122070312,122.72000122070312,97.04061126708984,4079000
2018-07-16,122.20999908447266,122.29000091552734,121.63999938964844,122.20999908447266,96.6373291015625,5517100
2018-07-17,122.29000091552734,122.38999938964844,121.9000015258789,121.9800033569336,96.45543670654297,3764300
2018-07-18,122.0199966430664,122.04000091552734,121.38999938964844,121.48999786376953,96.06798553466797,6330000
2018-07-19,121.80000305175781,122.44999694824219,121.7699966430664,122.26000213623047,96.67689514160156,6166700
2018-07-20,121.58000183105469,121.58999633789062,120.69999694824219,120.76000213623047,95.49073791503906,10469500
2018-07-23,120.37999725341797,120.37999725341797,119.18000030517578,119.2699966430664,94.31251525878906,11571800
2018-07-24,119.27999877929688,119.81999969482422,119.13999938964844,119.68000030517578,94.63673400878906,9053500
2018-07-25,120.0199966430664,120.26000213623047,119.26000213623047,119.48999786376953,94.4864730834961,7357900
2018-07-26,119.70999908447266,119.87999725341797,119.16000366210938,119.26000213623047,94.30460357666016,6821100
2018-07-27,119.8499984741211,119.87000274658203,119.4000015258789,119.45999908447266,94.4627685546875,4542000
2018-07-30,118.98999786376953,119.41000366210938,118.97000122070312,119.05000305175781,94.13856506347656,7111200
2018-07-31,119.79000091552734,119.86000061035156,119.55999755859375,119.69999694824219,94.65251922607422,6797400
2018-08-01,118.29000091552734,118.83999633789062,118.06999969482422,118.45999908447266,93.88145446777344,13312600
2018-08-02,118.62000274658203,118.73999786376953,118.30000305175781,118.62999725341797,94.01614379882812,4451100
2018-08-03,118.83000183105469,119.29000091552734,118.80999755859375,119.22000122070312,94.48377990722656,6162400
2018-08-06,119.54000091552734,119.83999633789062,119.2699966430664,119.29000091552734,94.5392074584961,4200200
2018-08-07,119.02999877929688,119.0999984741211,118.56999969482422,118.66999816894531,94.04782104492188,5346900
2018-08-08,118.66000366210938,119.02999877929688,118.61000061035156,118.79000091552734,94.1429672241211,5640900
2018-08-09,119.2300033569336,119.83000183105469,119.12000274658203,119.79000091552734,94.93545532226562,7144100
2018-08-10,120.37000274658203,121.05000305175781,120.27999877929688,120.66000366210938,95.62496948242188,8457900
2018-08-13,120.25,120.69999694824219,120.20999908447266,120.41000366210938,95.42686462402344,7923200
2018-08-14,120.54000091552734,120.55999755859375,120.02999877929688,120.13999938964844,95.2128677368164,4251200
2018-08-15,120.66000366210938,121.12999725341797,120.56999969482422,120.83999633789062,95.76761627197266,7649800
2018-08-16,120.80999755859375,120.93000030517578,120.27999877929688,120.83000183105469,95.75972747802734,5400400
2018-08-17,121.08999633789062,121.38999938964844,120.75,120.9800033569336,95.87857055664062,3537600
2018-08-20,121.63999938964844,121.91000366210938,121.54000091552734,121.79000091552734,96.5205307006836,5603700
2018-08-21,121.37000274658203,121.52999877929688,121.06999969482422,121.37999725341797,96.19559478759766,4695000
2018-08-22,122.0,122.05000305175781,121.58000183105469,121.86000061035156,96.57596588134766,5309600
2018-08-23,122.0,122.12999725341797,121.77999877929688,122.05000305175781,96.72654724121094,5328700
2018-08-24,121.62000274658203,122.33000183105469,121.48999786376953,122.29000091552734,96.916748046875,6092200
2018-08-27,121.77999877929688,121.87000274658203,121.5199966430664,121.58999633789062,96.36197662353516,6407400
2018-08-28,121.0,121.08999633789062,120.68000030517578,120.86000061035156,95.78343200683594,4929300
2018-08-29,120.94000244140625,121.1500015258789,120.62000274658203,121.0199966430664,95.91023254394531,5613300
2018-08-30,121.30999755859375,121.45999908447266,121.08000183105469,121.27999877929688,96.1163330078125,5302900
2018-08-31,121.88999938964844,121.91999816894531,120.88999938964844,121.0,95.89441680908203,9677500
2018-09-04,119.95999908447266,120.0999984741211,119.75,120.02999877929688,95.34001159667969,18343600
2018-09-05,119.76000213623047,119.9000015258789,119.55000305175781,119.70999908447266,95.0858154296875,9422600
2018-09-06,119.76000213623047,120.4000015258789,119.69000244140625,120.1500015258789,95.4353256225586,9566000
2018-09-07,119.33000183105469,119.4000015258789,118.98999786376953,119.12999725341797,94.62513732910156,11212600
2018-09-10,119.16999816894531,119.5999984741211,119.16999816894531,119.56999969482422,94.97460174560547,6386400
2018-09-11,119.08000183105469,119.16999816894531,118.5999984741211,118.66000366210938,94.25180053710938,5440000
2018-09-12,119.05000305175781,119.16999816894531,118.9000015258789,118.94000244140625,94.47421264648438,3347200
2018-09-13,119.33999633789062,119.56999969482422,118.9800033569336,119.12000274658203,94.61714935302734,4833000
2018-09-14,118.41000366210938,118.91000366210938,118.30000305175781,118.55000305175781,94.16443634033203,5579500
2018-09-17,118.18000030517578,118.81999969482422,118.12000274658203,118.55000305175781,94.16443634033203,5433000
2018-09-18,118.05999755859375,118.06999969482422,117.16000366210938,117.30999755859375,93.17951202392578,10182300
2018-09-19,117.11000061035156,117.11000061035156,116.19000244140625,116.61000061035156,92.62346649169922,13379600
2018-09-20,116.58000183105469,117.30000305175781,116.47000122070312,117.1500015258789,93.05243682861328,8657300
2018-09-21,116.87000274658203,117.27999877929688,116.83999633789062,117.0999984741211,93.01268768310547,6173800
2018-09-24,116.73999786376953,117.2699966430664,116.72000122070312,116.80000305175781,92.77435302734375,5505500
2018-09-25,116.4800033569336,116.73999786376953,116.4000015258789,116.68000030517578,92.6790771484375,6650900
2018-09-26,116.93000030517578,117.58000183105469,116.66000366210938,117.5,93.33041381835938,9512700
2018-09-27,117.23999786376953,117.6500015258789,117.0999984741211,117.58000183105469,93.39397430419922,5758500
2018-09-28,117.8499984741211,117.91000366210938,117.22000122070312,117.2699966430664,93.14775085449219,12807700
2018-10-01,116.66000366210938,116.83000183105469,116.12000274658203,116.1500015258789,92.46387481689453,22442400
2018-10-02,116.66999816894531,117.12999725341797,116.5999984741211,116.86000061035156,93.02912139892578,8266900
2018-10-03,116.2699966430664,116.36000061035156,114.23999786376953,114.83000183105469,91.4130859375,20829200
2018-10-04,114.12999725341797,114.38999938964844,113.70999908447266,114.0199966430664,90.76824951171875,16207400
2018-10-05,113.38999938964844,113.72000122070312,112.62000274658203,113.04000091552734,89.98812866210938,18096500
2018-10-08,112.98999786376953,113.11000061035156,112.63999938964844,112.66000366210938,89.68561553955078,5855900
2018-10-09,113.13999938964844,113.8499984741211,113.06999969482422,113.80000305175781,90.59315490722656,11530800
2018-10-10,113.13999938964844,113.58000183105469,112.79000091552734,113.48999786376953,90.34636688232422,15290100
2018-10-11,114.0,115.1500015258789,113.79000091552734,114.87000274658203,91.44493103027344,16086800
2018-10-12,114.38999938964844,115.01000213623047,114.27999877929688,114.47000122070312,91.12649536132812,6794100
2018-10-15,114.66000366210938,114.81999969482422,114.29000091552734,114.41999816894531,91.08672332763672,7146300
2018-10-16,114.38999938964844,114.72000122070312,114.16000366210938,114.68000030517578,91.29368591308594,4762300
2018-10-17,114.66000366210938,114.79000091552734,113.9800033569336,114.0,90.75235748291016,5880700
2018-10-18,113.62000274658203,114.38999938964844,113.55000305175781,113.95999908447266,90.72048950195312,5728800
2018-10-19,113.8499984741211,113.94999694824219,113.41000366210938,113.70999908447266,90.5214614868164,10892400
2018-10-22,113.94999694824219,114.08000183105469,113.52999877929688,113.55999755859375,90.40206146240234,3244200
2018-10-23,114.76000213623047,115.0199966430664,113.83999633789062,113.91999816894531,90.68863677978516,10330700
2018-10-24,114.36000061035156,114.81999969482422,114.23999786376953,114.77999877929688,91.37325286865234,16008000
2018-10-25,114.54000091552734,114.73999786376953,114.2300033569336,114.30000305175781,90.99116516113281,12613200
2018-10-26,114.93000030517578,115.31999969482422,114.79000091552734,114.98999786376953,91.54044342041016,18582500
2018-10-29,114.83999633789062,115.0199966430664,114.26000213623047,114.7300033569336,91.33344268798828,7679900
2018-10-30,114.26000213623047,114.54000091552734,114.0199966430664,114.16000366210938,90.87973022460938,9939500
2018-10-31,113.73999786376953,113.95999908447266,113.20999908447266,113.58000183105469,90.41797637939453,8706400
2018-11-01,112.8499984741211,113.55999755859375,112.83999633789062,113.41000366210938,90.50177764892578,6100200
2018-11-02,113.16999816894531,113.26000213623047,111.9000015258789,112.0,89.37657928466797,11314800
2018-11-05,112.4800033569336,112.70999908447266,112.3499984741211,112.44000244140625,89.72770690917969,4760200
2018-11-06,112.5999984741211,112.7300033569336,112.33000183105469,112.37000274658203,89.67186737060547,3159900
2018-11-07,113.19000244140625,113.4000015258789,112.41000366210938,112.5199966430664,89.79153442382812,9313100
2018-11-08,112.95999908447266,112.97000122070312,112.41000366210938,112.51000213623047,89.78358459472656,6905100
2018-11-09,112.75,113.5,112.72000122070312,113.3499984741211,90.45392608642578,6465300
2018-11-12,113.94999694824219,114.30999755859375,113.91000366210938,114.08999633789062,91.04447174072266,6840000
2018-11-13,113.70999908447266,114.0199966430664,113.4800033569336,114.0199966430664,90.98855590820312,6525800
2018-11-14,113.4800033569336,114.5199966430664,113.30000305175781,114.08999633789062,91.04447174072266,8690800
2018-11-15,114.44000244140625,114.54000091552734,113.68000030517578,114.04000091552734,91.0045166015625,7879600
2018-11-16,114.19999694824219,114.80999755859375,113.91999816894531,114.69999694824219,91.53118133544922,9236700
2018-11-19,114.41000366210938,115.0199966430664,114.41000366210938,115.0199966430664,91.78656768798828,7027200
2018-11-20,115.23999786376953,115.45999908447266,114.93000030517578,115.05999755859375,91.81846618652344,6332600
2018-11-21,114.88999938964844,115.08999633789062,114.54000091552734,115.0199966430664,91.78656768798828,4951100
2018-11-23,115.66999816894531,115.76000213623047,115.08999633789062,115.13999938964844,91.88230895996094,3027900
2018-11-26,114.86000061035156,115.05999755859375,114.77999877929688,114.87999725341797,91.67485046386719,6599000
2018-11-27,114.80999755859375,115.25,114.76000213623047,115.01000213623047,91.77862548828125,5967200
2018-11-28,114.8499984741211,115.0199966430664,114.36000061035156,114.44999694824219,91.33170318603516,7814000
2018-11-29,114.91999816894531,115.25,114.58999633789062,114.9000015258789,91.6907958984375,7295600
2018-11-30,115.30999755859375,115.41999816894531,114.9800033569336,115.33000183105469,92.03396606445312,9127800
2018-12-03,114.68000030517578,115.87999725341797,114.66000366210938,115.87999725341797,92.68743133544922,9763800
2018-12-04,116.80999755859375,118.66999816894531,116.62999725341797,117.81999969482422,94.23914337158203,18100500
2018-12-06,118.54000091552734,119.19999694824219,118.12999725341797,118.19000244140625,94.53511047363281,15319400
2018-12-07,117.80999755859375,118.52999877929688,117.5199966430664,118.41000366210938,94.71106719970703,8608400
2018-12-10,118.87000274658203,119.27999877929688,118.44000244140625,118.9000015258789,95.1030044555664,8777700
2018-12-11,118.97000122070312,119.37999725341797,118.61000061035156,118.87999725341797,95.08699798583984,8071900
2018-12-12,118.58000183105469,118.72000122070312,118.23999786376953,118.3499984741211,94.66305541992188,6182200
2018-12-13,118.45999908447266,118.58000183105469,117.9800033569336,118.06999969482422,94.4391098022461,5564200
2018-12-14,118.55000305175781,118.7699966430664,118.22000122070312,118.4800033569336,94.76705932617188,8169200
2018-12-17,118.58999633789062,119.30000305175781,118.58000183105469,119.16999816894531,95.31893157958984,9726800
2018-12-18,119.06999969482422,119.79000091552734,118.94000244140625,119.5999984741211,95.88982391357422,10018800
2018-12-19,120.11000061035156,121.66000366210938,119.91999816894531,121.18000030517578,97.15658569335938,23046300
2018-12-20,122.01000213623047,122.02999877929688,120.66999816894531,120.73999786376953,96.8038101196289,18543700
2018-12-21,121.13999938964844,121.20999908447266,120.38999938964844,120.72000122070312,96.78778839111328,9945100
2018-12-24,121.12999725341797,121.41999816894531,120.91000366210938,121.31999969482422,97.2688217163086,8377500
2018-12-26,120.98999786376953,121.38999938964844,119.97000122070312,120.0199966430664,96.22657012939453,11700400
2018-12-27,121.26000213623047,121.37999725341797,119.9800033569336,120.04000091552734,96.2425765991211,12146500
2018-12-28,120.4000015258789,121.05000305175781,120.29000091552734,121.05000305175781,97.0523681640625,9879100
2018-12-31,120.6500015258789,121.55999755859375,120.45999908447266,121.51000213623047,97.42119598388672,17409000
2019-01-02,121.66000366210938,122.16000366210938,121.33999633789062,122.1500015258789,97.93426513671875,19841500
2019-01-03,122.29000091552734,123.86000061035156,122.2300033569336,123.54000091552734,99.04873657226562,21187000
2019-01-04,122.33999633789062,122.55999755859375,121.6500015258789,122.11000061035156,97.9022216796875,12970200
2019-01-07,122.62000274658203,122.6500015258789,121.62000274658203,121.75,97.61359405517578,8498100
2019-01-08,121.69000244140625,121.94000244140625,121.38999938964844,121.43000030517578,97.35700988769531,7737100
2019-01-09,121.26000213623047,121.43000030517578,120.80000305175781,121.23999786376953,97.2046890258789,9349200
2019-01-10,121.27999877929688,121.41000366210938,120.33999633789062,120.45999908447266,96.5793228149414,8222900
2019-01-11,120.83000183105469,121.2699966430664,120.68000030517578,120.93000030517578,96.95613098144531,5786900
2019-01-14,120.9000015258789,121.01000213623047,120.23999786376953,120.4800033569336,96.5953369140625,6730500
2019-01-15,120.55999755859375,120.56999969482422,119.94999694824219,120.04000091552734,96.2425765991211,8997400
2019-01-16,119.58999633789062,120.38999938964844,119.51000213623047,120.16000366210938,96.33877563476562,6048400
2019-01-17,120.22000122070312,120.52999877929688,119.88999938964844,120.19000244140625,96.36284637451172,8153400
2019-01-18,119.83999633789062,120.12000274658203,119.38999938964844,119.55999755859375,95.85772705078125,14106400
2019-01-22,120.30999755859375,120.72000122070312,120.06999969482422,120.37000274658203,96.50716400146484,8881100
2019-01-23,119.87999725341797,120.62000274658203,119.83000183105469,120.31999969482422,96.4670639038086,5776800
2019-01-24,120.91000366210938,121.26000213623047,120.70999908447266,121.11000061035156,97.10045623779297,7121900
2019-01-25,120.58999633789062,120.75,120.31999969482422,120.52999877929688,96.63545227050781,6460800
2019-01-28,120.54000091552734,120.94000244140625,120.41000366210938,120.41000366210938,96.53923797607422,6435800
2019-01-29,120.52999877929688,121.04000091552734,120.38999938964844,121.0199966430664,97.0282974243164,5750100
2019-01-30,120.83999633789062,120.9800033569336,120.33000183105469,120.93000030517578,96.95613098144531,10571300
2019-01-31,121.55000305175781,122.18000030517578,121.5,121.97000122070312,97.78996276855469,11843400
2019-02-01,121.4800033569336,121.56999969482422,120.83999633789062,120.95999908447266,97.19937133789062,12024600
2019-02-04,120.44000244140625,120.55000305175781,120.0199966430664,120.41999816894531,96.76542663574219,8966200
2019-02-05,120.7300033569336,121.2300033569336,120.66000366210938,120.97000122070312,97.20735931396484,6983300
2019-02-06,121.36000061035156,121.41000366210938,120.7300033569336,121.02999877929688,97.2556381225586,5184000
2019-02-07,121.45999908447266,121.91000366210938,121.2300033569336,121.83000183105469,97.89845275878906,8781000
2019-02-08,122.26000213623047,122.47000122070312,122.06999969482422,122.3499984741211,98.31631469726562,5885400
2019-02-11,121.86000061035156,122.18000030517578,121.75,121.87000274658203,97.93061065673828,4352800
2019-02-12,121.66000366210938,121.75,121.19999694824219,121.55999755859375,97.68152618408203,7939600
2019-02-13,121.1500015258789,121.38999938964844,120.91000366210938,121.0999984741211,97.31187438964844,4757700
2019-02-14,122.13999938964844,122.19999694824219,121.58000183105469,121.79000091552734,97.8663558959961,5868900
2019-02-15,121.55999755859375,122.0199966430664,121.54000091552734,121.9800033569336,98.01895904541016,5527200
2019-02-19,122.41999816894531,122.54000091552734,121.94999694824219,122.29000091552734,98.2680892944336,5872800
2019-02-20,121.94999694824219,122.08000183105469,121.58999633789062,121.94000244140625,97.98687744140625,4455800
2019-02-21,121.06999969482422,121.16000366210938,120.69999694824219,120.8499984741211,97.11092376708984,7382500
2019-02-22,121.47000122070312,121.94999694824219,121.41999816894531,121.56999969482422,97.68952941894531,6374600
2019-02-25,121.16999816894531,121.30000305175781,120.91999816894531,121.20999908447266,97.4002456665039,6293500
2019-02-26,121.7300033569336,121.81999969482422,121.36000061035156,121.80999755859375,97.88238525390625,6028900
2019-02-27,121.12000274658203,121.12999725341797,120.27999877929688,120.43000030517578,96.77345275878906,7737300
2019-02-28,120.55999755859375,120.62000274658203,119.70999908447266,120.0199966430664,96.44401550292969,9533400
2019-03-01,119.33000183105469,119.52999877929688,118.63999938964844,118.66000366210938,95.55254364013672,13541100
2019-03-04,119.29000091552734,119.7699966430664,119.05999755859375,119.58999633789062,96.30145263671875,9808500
2019-03-05,119.27999877929688,119.87000274658203,119.2699966430664,119.83999633789062,96.50279235839844,5595200
2019-03-06,119.91999816894531,120.5199966430664,119.88999938964844,120.27999877929688,96.85709381103516,7766700
2019-03-07,120.63999938964844,121.26000213623047,120.61000061035156,121.05999755859375,97.48519897460938,8187200
2019-03-08,121.12000274658203,121.69000244140625,120.8499984741211,121.56999969482422,97.8958969116211,7517600
2019-03-11,121.4000015258789,121.41999816894531,120.9800033569336,121.20999908447266,97.60599517822266,5157800
2019-03-12,121.30000305175781,122.2300033569336,121.26000213623047,122.05999755859375,98.29044342041016,6422300
2019-03-13,121.66000366210938,121.95999908447266,121.62000274658203,121.83000183105469,98.10525512695312,4386300
2019-03-14,121.69000244140625,121.76000213623047,120.91999816894531,120.94999694824219,97.39664459228516,8188400
2019-03-15,121.73999786376953,121.94999694824219,121.4000015258789,121.75,98.04085540771484,4302000
2019-03-18,121.56999969482422,121.87000274658203,121.5199966430664,121.68000030517578,97.98446655273438,3893300
2019-03-19,121.08999633789062,121.62000274658203,120.88999938964844,121.41000366210938,97.76702117919922,5220200
2019-03-20,121.73999786376953,122.8499984741211,121.7300033569336,122.68000030517578,98.78972625732422,10123700
2019-03-21,122.95999908447266,123.08999633789062,122.73999786376953,122.94999694824219,99.00717163085938,7182600
2019-03-22,124.20999908447266,125.27999877929688,124.05999755859375,124.86000061035156,100.5451889038086,13077000
2019-03-25,124.80999755859375,125.94000244140625,124.51000213623047,125.05999755859375,100.70629119873047,9736300
2019-03-26,124.69999694824219,125.29000091552734,124.62000274658203,124.97000122070312,100.63380432128906,7502000
2019-03-27,125.41999816894531,126.33999633789062,125.30999755859375,126.12000274658203,101.55984497070312,14207200
2019-03-28,126.25,126.69000244140625,126.01000213623047,126.55999755859375,101.91416931152344,9143200
2019-03-29,125.68000030517578,126.47000122070312,125.63999938964844,126.44000244140625,101.8175277709961,10841400
2019-04-01,125.29000091552734,125.36000061035156,124.19000244140625,124.37000274658203,100.3713150024414,16501500
2019-04-02,124.4800033569336,124.73999786376953,124.25,124.5999984741211,100.55691528320312,9725000
2019-04-03,123.61000061035156,123.87000274658203,123.37000274658203,123.5199966430664,99.68534088134766,10407000
2019-04-04,123.5999984741211,123.88999938964844,123.44000244140625,123.87000274658203,99.96781921386719,7503400
2019-04-05,123.62000274658203,124.16999816894531,123.58000183105469,124.02999877929688,100.09688568115234,6321800
2019-04-08,123.83000183105469,123.94999694824219,123.5199966430664,123.58999633789062,99.74181365966797,4446400
2019-04-09,124.22000122070312,124.33999633789062,123.7699966430664,123.9800033569336,100.05660247802734,7020300
2019-04-10,124.2699966430664,124.5199966430664,124.0999984741211,124.27999877929688,100.29867553710938,7519900
2019-04-11,123.93000030517578,124.0199966430664,123.41000366210938,123.55000305175781,99.70956420898438,8679300
2019-04-12,122.88999938964844,123.05999755859375,122.62999725341797,122.66999816894531,98.9993667602539,7005500
2019-04-15,122.77999877929688,122.98999786376953,122.72000122070312,122.9800033569336,99.2495346069336,3070000
2019-04-16,122.51000213623047,122.62999725341797,122.13999938964844,122.20999908447266,98.62812805175781,8927300
2019-04-17,122.12999725341797,122.56999969482422,122.11000061035156,122.26000213623047,98.6684341430664,6118500
2019-04-18,122.80999755859375,123.0999984741211,122.77999877929688,122.9000015258789,99.18492889404297,27589400
2019-04-22,122.47000122070312,122.56999969482422,122.23999786376953,122.30999755859375,98.7088394165039,6241200
2019-04-23,122.61000061035156,122.69999694824219,122.38999938964844,122.56999969482422,98.91860961914062,6239700
2019-04-24,123.11000061035156,123.58999633789062,123.08999633789062,123.56999969482422,99.72563934326172,7302000
2019-04-25,123.48999786376953,123.62000274658203,123.0999984741211,123.38999938964844,99.58040618896484,5380900
2019-04-26,123.9800033569336,124.0199966430664,123.63999938964844,123.80999755859375,99.91935729980469,5950700
2019-04-29,123.2300033569336,123.3499984741211,122.8499984741211,123.0199966430664,99.28180694580078,10246000
2019-04-30,122.94999694824219,123.73999786376953,122.93000030517578,123.6500015258789,99.79025268554688,7957400
2019-05-01,123.69000244140625,124.44999694824219,123.5999984741211,123.9000015258789,100.20185852050781,14371900
2019-05-02,123.68000030517578,123.80999755859375,123.04000091552734,123.30999755859375,99.72476959228516,6612800
2019-05-03,123.66000366210938,123.87999725341797,123.37000274658203,123.66000366210938,100.0078125,6191700
2019-05-06,124.30999755859375,124.37999725341797,123.93000030517578,124.0,100.28270721435547,4482500
2019-05-07,124.52999877929688,125.13999938964844,124.38999938964844,124.94999694824219,101.0510482788086,8984900
2019-05-08,125.1500015258789,125.30000305175781,124.30000305175781,124.41000366210938,100.61431884765625,6907600
2019-05-09,125.11000061035156,125.30000305175781,124.30999755859375,124.91999816894531,101.02681732177734,9411900
2019-05-10,124.88999938964844,125.44999694824219,124.58999633789062,124.75,100.8893051147461,6037800
2019-05-13,125.4000015258789,125.93000030517578,125.25,125.7300033569336,101.68186950683594,10501600
2019-05-14,125.51000213623047,125.6500015258789,125.19999694824219,125.36000061035156,101.38264465332031,5690400
2019-05-15,126.20999908447266,126.2699966430664,125.7699966430664,126.12999725341797,102.00536346435547,9566300
2019-05-16,125.80999755859375,125.83000183105469,125.52999877929688,125.70999908447266,101.66570281982422,7666400
2019-05-17,126.27999877929688,126.30000305175781,125.69000244140625,125.98999786376953,101.89212036132812,4747100
2019-05-20,126.12000274658203,126.37999725341797,125.6500015258789,125.7300033569336,101.68186950683594,6043100
2019-05-21,125.5999984741211,125.72000122070312,125.30000305175781,125.52999877929688,101.52012634277344,4021800
2019-05-22,125.7699966430664,126.33000183105469,125.72000122070312,126.25,102.10242462158203,5675300
2019-05-23,126.88999938964844,128.08999633789062,126.87999725341797,127.66999816894531,103.25078582763672,9743700
2019-05-24,127.55999755859375,127.77999877929688,127.38999938964844,127.77999877929688,103.33975982666016,4981900
2019-05-28,128.27000427246094,128.89999389648438,128.08999633789062,128.6999969482422,104.08379364013672,8098600
2019-05-29,129.6699981689453,129.89999389648438,129.0,129.08999633789062,104.39923095703125,13260600
2019-05-30,129.3300018310547,130.22999572753906,128.88999938964844,130.1999969482422,105.29688262939453,13024800
2019-05-31,130.89999389648438,131.89999389648438,130.80999755859375,131.8300018310547,106.61511993408203,18933600
2019-06-03,131.91000366210938,132.5800018310547,131.5500030517578,132.44000244140625,107.32826232910156,17822400
2019-06-04,131.38999938964844,131.75999450683594,130.5500030517578,130.92999267578125,106.10462951660156,14250000
2019-06-05,130.52000427246094,130.9499969482422,130.1199951171875,130.19000244140625,105.5048828125,8815200
2019-06-06,130.97000122070312,131.58999633789062,130.32000732421875,130.61000061035156,105.84524536132812,9621100
2019-06-07,131.7899932861328,132.07000732421875,131.44000244140625,131.74000549316406,106.76100158691406,11378500
2019-06-10,130.67999267578125,130.6999969482422,130.32000732421875,130.5,105.75613403320312,8288700
2019-06-11,130.4199981689453,130.75999450683594,130.32000732421875,130.5800018310547,105.82096862792969,5115100
2019-06-12,130.38999938964844,130.75,130.3000030517578,130.67999267578125,105.90196228027344,5278700
2019-06-13,130.8000030517578,131.25,130.7899932861328,131.1300048828125,106.26667785644531,5560400
2019-06-14,131.10000610351562,131.7100067138672,131.08999633789062,131.4600067138672,106.53411865234375,5838800
2019-06-17,131.38999938964844,131.75999450683594,131.1300048828125,131.69000244140625,106.72045135498047,6046400
2019-06-18,132.74000549316406,132.86000061035156,131.9499969482422,132.35000610351562,107.25533294677734,10320700
2019-06-19,131.86000061035156,132.72000122070312,131.5800018310547,132.5399932861328,107.40931701660156,11962500
2019-06-20,132.91000366210938,133.50999450683594,132.58999633789062,132.88999938964844,107.69292449951172,10721500
2019-06-21,132.50999450683594,132.52999877929688,131.3800048828125,131.42999267578125,106.50981140136719,14495000
2019-06-24,132.16000366210938,132.52999877929688,132.0800018310547,132.41000366210938,107.30396270751953,6378800
2019-06-25,132.7899932861328,133.08999633789062,132.72000122070312,132.82000732421875,107.63621520996094,9604600
2019-06-26,132.67999267578125,132.6999969482422,131.8800048828125,131.97000122070312,106.9473876953125,12766800
2019-06-27,132.30999755859375,133.08999633789062,131.99000549316406,132.89999389648438,107.7010498046875,9724200
2019-06-28,132.5800018310547,133.0800018310547,132.4499969482422,132.80999755859375,107.62813568115234,8149200
2019-07-01,132.57000732421875,132.75,131.58999633789062,132.24000549316406,107.37641143798828,14131200
2019-07-02,132.57000732421875,133.38999938964844,132.4600067138672,133.25999450683594,108.20466613769531,10494300
2019-07-03,133.52000427246094,134.2899932861328,133.50999450683594,134.2100067138672,108.97603607177734,5380300
2019-07-05,132.5399932861328,132.5500030517578,131.6699981689453,132.42999267578125,107.53067779541016,12180100
2019-07-08,133.0500030517578,133.22000122070312,132.61000061035156,132.61000061035156,107.67684936523438,6490000
2019-07-09,132.67999267578125,132.7100067138672,132.16000366210938,132.55999755859375,107.63623046875,6215700
2019-07-10,132.35000610351562,132.44000244140625,131.50999450683594,131.8300018310547,107.04348754882812,9470000
2019-07-11,131.30999755859375,131.41000366210938,129.75999450683594,130.07000732421875,105.61443328857422,14126800
2019-07-12,129.9199981689453,130.4499969482422,129.67999267578125,130.22000122070312,105.73619079589844,6992000
2019-07-15,130.4499969482422,131.0500030517578,130.4499969482422,130.97000122070312,106.3451919555664,6055500
2019-07-16,130.1699981689453,130.60000610351562,129.9600067138672,130.5800018310547,106.02853393554688,6172700
2019-07-17,131.05999755859375,132.02000427246094,131.0500030517578,131.99000549316406,107.17340850830078,9662200
2019-07-18,131.47000122070312,132.32000732421875,131.24000549316406,132.0,107.18157196044922,5724900
2019-07-19,131.58999633789062,131.92999267578125,131.50999450683594,131.69000244140625,106.9297866821289,5804800
2019-07-22,132.47000122070312,132.49000549316406,131.74000549316406,131.94000244140625,107.13282012939453,5204100
2019-07-23,131.60000610351562,131.74000549316406,130.97000122070312,131.22000122070312,106.54820251464844,8108900
2019-07-24,131.60000610351562,131.89999389648438,131.47000122070312,131.7899932861328,107.01097869873047,6389700
2019-07-25,131.25,131.41000366210938,130.50999450683594,131.16000366210938,106.49947357177734,8893100
2019-07-26,131.6999969482422,131.77999877929688,131.25,131.47000122070312,106.75120544433594,6188400
2019-07-29,131.82000732421875,131.9499969482422,131.39999389648438,131.50999450683594,106.78367614746094,6231800
2019-07-30,132.0,132.10000610351562,131.42999267578125,131.8300018310547,107.04348754882812,5678500
2019-07-31,131.6999969482422,133.3300018310547,131.66000366210938,132.88999938964844,107.90416717529297,15798700
2019-08-01,133.38999938964844,135.38999938964844,133.25999450683594,135.25999450683594,110.04723358154297,26664800
2019-08-02,135.66000366210938,136.50999450683594,135.39999389648438,136.50999450683594,111.06421661376953,15143100
2019-08-05,138.13999938964844,138.88999938964844,137.66000366210938,138.8699951171875,112.98431396484375,18543000
2019-08-06,138.1999969482422,139.97999572753906,138.08999633789062,139.97999572753906,113.88740539550781,12747400
2019-08-07,142.39999389648438,143.05999755859375,139.77999877929688,140.02999877929688,113.92806243896484,32582000
2019-08-08,139.13999938964844,140.42999267578125,137.97999572753906,140.3300018310547,114.17214965820312,14746000
2019-08-09,140.6699981689453,141.5500030517578,139.8699951171875,140.0500030517578,113.9443588256836,10626000
2019-08-12,141.72000122070312,143.42999267578125,141.50999450683594,142.97000122070312,116.32009887695312,14094300
2019-08-13,143.80999755859375,143.91000366210938,141.9499969482422,142.47999572753906,115.92145538330078,15974900
2019-08-14,145.16000366210938,145.72999572753906,144.7100067138672,145.69000244140625,118.53302001953125,15068900
2019-08-15,145.9499969482422,148.60000610351562,145.5800018310547,147.30999755859375,119.85103607177734,23588700
2019-08-16,146.05999755859375,146.50999450683594,144.83999633789062,146.1300048828125,118.8909912109375,17150500
2019-08-19,143.57000732421875,144.66000366210938,143.50999450683594,144.0399932861328,117.19060516357422,13614700
2019-08-20,145.27999877929688,145.6199951171875,144.83999633789062,145.52999877929688,118.40289306640625,7451500
2019-08-21,144.72000122070312,145.7899932861328,144.2899932861328,144.55999755859375,117.61365509033203,9372000
2019-08-22,144.0,144.6999969482422,143.47999572753906,143.60000610351562,116.83267974853516,13878800
2019-08-23,143.52000427246094,146.27000427246094,143.42999267578125,145.9600067138672,118.75275421142578,16191800
2019-08-26,145.8699951171875,146.2899932861328,145.2899932861328,145.3699951171875,118.27262878417969,12174500
2019-08-27,146.6300048828125,147.72000122070312,146.47999572753906,147.61000061035156,120.09512329101562,11332300
2019-08-28,148.77999877929688,148.89999389648438,147.66000366210938,147.8000030517578,120.249755859375,10095900
2019-08-29,147.25,147.33999633789062,146.1300048828125,147.24000549316406,119.79412841796875,8884900
2019-08-30,146.61000061035156,147.47999572753906,146.36000061035156,147.27999877929688,119.82657623291016,13550800
2019-09-03,147.08999633789062,148.6699981689453,146.57000732421875,147.2100067138672,119.98155212402344,15660800
2019-09-04,146.52999877929688,147.6199951171875,146.47999572753906,147.42999267578125,120.1607437133789,7962200
2019-09-05,145.66000366210938,145.8000030517578,143.88999938964844,144.75999450683594,117.98464965820312,19382900
2019-09-06,145.25999450683594,146.02999877929688,145.0800018310547,145.7899932861328,118.8241195678711,9466400
2019-09-09,143.8300018310547,144.0,143.19000244140625,143.1999969482422,116.71324920654297,15862700
2019-09-10,142.83999633789062,143.2899932861328,140.66000366210938,140.69000244140625,114.6674575805664,13851400
2019-09-11,140.39999389648438,141.14999389648438,140.38999938964844,140.44000244140625,114.46369171142578,10941700
2019-09-12,141.5,141.8000030517578,139.05999755859375,139.52000427246094,113.71391296386719,19163300
2019-09-13,138.27999877929688,138.7100067138672,136.5399932861328,136.5399932861328,111.28507232666016,18922200
2019-09-16,137.8800048828125,138.57000732421875,137.25,138.27999877929688,112.70320892333984,10971600
2019-09-17,138.36000061035156,139.60000610351562,138.02000427246094,139.02999877929688,113.31449890136719,9081200
2019-09-18,139.92999267578125,140.66000366210938,139.52999877929688,139.6199951171875,113.79541778564453,10984600
2019-09-19,140.75999450683594,140.99000549316406,139.97000122070312,140.0399932861328,114.1377182006836,13176200
2019-09-20,140.77000427246094,141.97999572753906,140.44000244140625,141.88999938964844,115.64553833007812,11519800
2019-09-23,142.24000549316406,143.16000366210938,141.6999969482422,141.86000061035156,115.62110137939453,15246700
2019-09-24,142.4199981689453,143.85000610351562,142.41000366210938,143.57000732421875,117.01477813720703,12421600
2019-09-25,143.25999450683594,143.5500030517578,141.13999938964844,141.47000122070312,115.30321502685547,14147100
2019-09-26,142.27000427246094,142.99000549316406,141.89999389648438,142.3800048828125,116.04488372802734,9636500
2019-09-27,142.32000732421875,142.97999572753906,142.13999938964844,142.72999572753906,116.33012390136719,10386900
2019-09-30,141.8800048828125,143.08999633789062,141.83999633789062,143.0800018310547,116.61544799804688,8006900
2019-10-01,141.25999450683594,143.91000366210938,141.13999938964844,143.25999450683594,116.96648406982422,16613700
2019-10-02,143.4600067138672,144.27000427246094,143.24000549316406,143.61000061035156,117.25228118896484,12891500
2019-10-03,143.97999572753906,145.6699981689453,143.9199981689453,144.9199981689453,118.32182312011719,13470500
2019-10-04,145.35000610351562,146.02999877929688,145.1999969482422,145.99000549316406,119.19547271728516,11516200
2019-10-07,145.16000366210938,145.52999877929688,144.7100067138672,144.77999877929688,118.20745849609375,11013900
2019-10-08,145.82000732421875,145.92999267578125,144.6199951171875,145.1699981689453,118.52589416503906,14529700
2019-10-09,144.60000610351562,144.61000061035156,143.8000030517578,144.35000610351562,117.8564682006836,8608800
2019-10-10,143.1199951171875,143.17999267578125,141.72999572753906,142.1999969482422,116.10100555419922,15054200
2019-10-11,140.97999572753906,141.10000610351562,139.7100067138672,140.44000244140625,114.6640396118164,26294000
2019-10-14,141.47999572753906,141.50999450683594,141.0800018310547,141.4600067138672,115.49690246582031,5936900
2019-10-15,140.6699981689453,140.9499969482422,139.5500030517578,139.75,114.10067749023438,11832300
2019-10-16,139.63999938964844,140.05999755859375,139.35000610351562,139.9199981689453,114.23950958251953,7729500
2019-10-17,139.52000427246094,140.3800048828125,139.3000030517578,139.5800018310547,113.96188354492188,6219300
2019-10-18,139.80999755859375,140.22999572753906,139.4499969482422,139.5800018310547,113.96188354492188,6456100
2019-10-21,138.57000732421875,138.99000549316406,138.22999572753906,138.52999877929688,113.1046142578125,8038000
2019-10-22,139.3800048828125,139.52999877929688,138.63999938964844,139.33999633789062,113.76599884033203,6683300
2019-10-23,140.02999877929688,140.30999755859375,139.36000061035156,139.47999572753906,113.8802490234375,5995400
2019-10-24,139.67999267578125,140.24000549316406,139.02999877929688,139.1999969482422,113.65166473388672,6161700
2019-10-25,139.52999877929688,139.5500030517578,138.30999755859375,138.52000427246094,113.096435546875,5669800
2019-10-28,137.5800018310547,137.5800018310547,136.99000549316406,137.25999450683594,112.06771087646484,11402100
2019-10-29,137.6199951171875,137.74000549316406,137.1699981689453,137.35000610351562,112.14118957519531,5296600
2019-10-30,137.77000427246094,139.4499969482422,137.77000427246094,139.36000061035156,113.7822494506836,10914100
2019-10-31,140.47999572753906,141.67999267578125,140.42999267578125,141.24000549316406,115.31720733642578,15834100
2019-11-01,140.72999572753906,141.27000427246094,139.7899932861328,140.55999755859375,114.96226501464844,11425500
2019-11-04,138.97000122070312,139.13999938964844,138.52999877929688,138.7100067138672,113.44915008544922,11124300
2019-11-05,137.22000122070312,137.44000244140625,136.72999572753906,137.14999389648438,112.1732406616211,13493000
2019-11-06,138.02000427246094,138.41000366210938,137.33999633789062,137.97999572753906,112.85211944580078,9351900
2019-11-07,136.35000610351562,136.36000061035156,134.4499969482422,135.47999572753906,110.80741882324219,19209800
2019-11-08,135.14999389648438,135.9499969482422,134.77999877929688,134.91000366210938,110.34121704101562,10222900
2019-11-11,135.3800048828125,135.38999938964844,134.63999938964844,135.0,110.41480255126953,4577000
2019-11-12,135.27999877929688,135.9499969482422,134.7899932861328,135.6199951171875,110.92188262939453,5772900
2019-11-13,136.80999755859375,136.9600067138672,136.1699981689453,136.5,111.64165496826172,6672400
2019-11-14,137.8000030517578,138.44000244140625,137.6699981689453,137.91000366210938,112.79486083984375,10213300
2019-11-15,137.47999572753906,138.16000366210938,137.42999267578125,137.75999450683594,112.67218017578125,4657600
2019-11-18,138.2100067138672,138.61000061035156,137.92999267578125,138.00999450683594,112.87662506103516,5943900
2019-11-19,138.3699951171875,139.24000549316406,138.3699951171875,139.16000366210938,113.8172378540039,7893100
2019-11-20,139.91000366210938,140.60000610351562,139.77000427246094,140.60000610351562,114.9950180053711,7905500
2019-11-21,139.63999938964844,140.0800018310547,139.1199951171875,139.72000122070312,114.27528381347656,5980900
2019-11-22,140.10000610351562,140.27999877929688,139.67999267578125,139.89999389648438,114.4224853515625,4664800
2019-11-25,140.3000030517578,140.52999877929688,140.17999267578125,140.30999755859375,114.7578125,4157300
2019-11-26,141.0,141.30999755859375,140.94000244140625,141.1300048828125,115.42849731445312,4281100
2019-11-27,140.60000610351562,140.91000366210938,140.4199981689453,140.72000122070312,115.09309387207031,4095700
2019-11-29,140.6199951171875,140.67999267578125,139.77999877929688,140.4199981689453,114.84776306152344,6251100
2019-12-02,138.13999938964844,138.6699981689453,137.9499969482422,138.30999755859375,113.31648254394531,17702200
2019-12-03,140.0399932861328,141.77000427246094,139.92999267578125,141.2100067138672,115.6924819946289,13062400
2019-12-04,140.33999633789062,140.5,139.2100067138672,139.8000030517578,114.53728485107422,8586300
2019-12-05,138.66000366210938,139.44000244140625,138.60000610351562,139.1199951171875,113.98014831542969,7273800
2019-12-06,138.02999877929688,139.1199951171875,137.86000061035156,138.35000610351562,113.3492660522461,7931100
2019-12-09,138.99000549316406,139.11000061035156,138.57000732421875,138.64999389648438,113.59508514404297,4016900
2019-12-10,139.17999267578125,139.35000610351562,138.41000366210938,138.66000366210938,113.60324096679688,4947600
2019-12-11,139.3000030517578,140.13999938964844,139.22999572753906,139.75,114.49622344970703,6256700
2019-12-12,139.19000244140625,139.27999877929688,136.61000061035156,137.4499969482422,112.61189270019531,14857000
2019-12-13,138.1199951171875,139.61000061035156,137.22999572753906,139.0399932861328,113.9145736694336,11335100
2019-12-16,138.39999389648438,138.4600067138672,137.42999267578125,137.7899932861328,112.89045715332031,9156600
2019-12-17,138.2100067138672,138.33999633789062,137.2100067138672,137.60000610351562,112.73478698730469,6179700
2019-12-18,137.3000030517578,137.4499969482422,136.27999877929688,136.47000122070312,111.80908203125,6244700
2019-12-19,136.0,136.86000061035156,135.75999450683594,136.47000122070312,111.98790740966797,6591100
2019-12-20,136.1300048828125,136.69000244140625,135.92999267578125,136.64999389648438,112.1355972290039,5455700
2019-12-23,136.80999755859375,136.97000122070312,136.0,136.4499969482422,111.9714584350586,5175000
2019-12-24,135.9199981689453,137.05999755859375,135.88999938964844,136.83999633789062,112.2915267944336,4667400
2019-12-26,136.91000366210938,137.22000122070312,136.50999450683594,137.1699981689453,112.56230163574219,5290200
2019-12-27,137.44000244140625,137.6300048828125,137.2899932861328,137.32000732421875,112.6854019165039,7300500
2019-12-30,135.88999938964844,136.89999389648438,135.66000366210938,136.82000732421875,112.27508544921875,7979700
2019-12-31,136.2100067138672,136.4600067138672,135.3800048828125,135.47999572753906,111.17550659179688,10707400
2020-01-02,136.7899932861328,137.52999877929688,136.6699981689453,137.00999450683594,112.43099212646484,11034100
2020-01-03,138.27000427246094,139.16000366210938,137.8800048828125,139.1199951171875,114.1624984741211,12366000
2020-01-06,139.69000244140625,139.7100067138672,138.14999389648438,138.3300018310547,113.51420593261719,11369800
2020-01-07,138.22000122070312,138.47000122070312,137.63999938964844,137.64999389648438,112.9561996459961,8381200
2020-01-08,137.92999267578125,138.30999755859375,136.32000732421875,136.74000549316406,112.20947265625,10621700
2020-01-09,136.0,137.44000244140625,135.91000366210938,137.22000122070312,112.60330963134766,7411500
2020-01-10,137.6699981689453,138.47000122070312,137.6300048828125,138.44000244140625,113.60450744628906,8776000
2020-01-13,137.8800048828125,138.08999633789062,137.38999938964844,138.02000427246094,113.2598648071289,5966900
2020-01-14,138.17999267578125,138.82000732421875,138.13999938964844,138.72999572753906,113.84241485595703,13920300
2020-01-15,139.52000427246094,139.75999450683594,139.02000427246094,139.64999389648438,114.59738159179688,6290500
2020-01-16,139.25999450683594,139.52999877929688,138.74000549316406,139.2100067138672,114.23637390136719,6798600
2020-01-17,137.5800018310547,138.13999938964844,137.36000061035156,138.02000427246094,113.2598648071289,9693100
2020-01-21,138.80999755859375,139.64999389648438,138.77000427246094,139.47000122070312,114.4497299194336,6794900
2020-01-22,139.72000122070312,140.13999938964844,139.58999633789062,139.9600067138672,114.85179138183594,6317000
2020-01-23,140.85000610351562,141.3800048828125,140.77999877929688,140.94000244140625,115.65599822998047,9747400
2020-01-24,141.4199981689453,142.5500030517578,141.3000030517578,142.0800018310547,116.59151458740234,8585000
2020-01-27,143.9499969482422,144.2899932861328,143.5,144.2899932861328,118.40504455566406,10935200
2020-01-28,143.92999267578125,144.08999633789062,142.82000732421875,143.16000366210938,117.47776794433594,10612900
2020-01-29,143.44000244140625,144.6999969482422,143.42999267578125,144.55999755859375,118.62657165527344,9566800
2020-01-30,144.89999389648438,145.6699981689453,144.2899932861328,144.5800018310547,118.64299774169922,14711800
2020-01-31,145.1699981689453,145.99000549316406,145.08999633789062,145.89999389648438,119.72618865966797,14538100
2020-02-03,144.9499969482422,145.75999450683594,144.1199951171875,145.5399932861328,119.6291732788086,15309000
2020-02-04,143.99000549316406,144.13999938964844,143.05999755859375,143.5800018310547,118.01812744140625,11388300
2020-02-05,142.3000030517578,142.6999969482422,141.89999389648438,142.00999450683594,116.72762298583984,10782600
2020-02-06,142.17999267578125,142.8800048828125,142.0,142.64999389648438,117.25367736816406,6683100
2020-02-07,144.22000122070312,144.74000549316406,143.8699951171875,144.42999267578125,118.7168197631836,11374800
2020-02-10,145.10000610351562,145.25,144.67999267578125,144.8300018310547,119.04556274414062,6699300
2020-02-11,144.58999633789062,144.72000122070312,143.94000244140625,144.10000610351562,118.44558715820312,7784100
2020-02-12,143.3699951171875,143.5500030517578,142.99000549316406,143.3699951171875,117.84549713134766,5595500
2020-02-13,143.44000244140625,144.1999969482422,143.27000427246094,143.9199981689453,118.29759979248047,7883400
2020-02-14,144.75999450683594,145.0800018310547,144.4499969482422,144.5500030517578,118.8154525756836,7137400
2020-02-18,145.33999633789062,146.0500030517578,144.9199981689453,145.5399932861328,119.6291732788086,6909200
2020-02-19,145.1199951171875,145.6199951171875,144.97999572753906,145.52999877929688,119.62104034423828,5707700
2020-02-20,146.0800018310547,146.94000244140625,146.0,146.6699981689453,120.5580062866211,9332900
2020-02-21,147.8000030517578,148.8800048828125,147.64999389648438,148.0399932861328,121.68412780761719,13860300
2020-02-24,150.8300018310547,150.9600067138672,150.0,150.25,123.50069427490234,15929300
2020-02-25,150.2100067138672,151.75999450683594,150.13999938964844,151.0500030517578,124.15823364257812,20802900
2020-02-26,149.9499969482422,151.72000122070312,149.5800018310547,150.25,123.50069427490234,22589500
2020-02-27,152.6999969482422,153.0800018310547,150.8300018310547,151.8800048828125,124.84044647216797,30687900
2020-02-28,154.4499969482422,155.97999572753906,154.16000366210938,155.30999755859375,127.65975952148438,44935200
2020-03-02,155.3000030517578,156.5,153.75999450683594,153.94000244140625,126.72062683105469,28152400
2020-03-03,153.80999755859375,159.6999969482422,152.36000061035156,156.3300018310547,128.68795776367188,38608000
2020-03-04,156.41000366210938,157.35000610351562,154.19000244140625,154.6699981689453,127.32148742675781,23463700
2020-03-05,157.1300048828125,158.82000732421875,156.80999755859375,158.52000427246094,130.49078369140625,17786200
2020-03-06,167.3000030517578,169.3300018310547,164.11000061035156,166.77000427246094,137.28199768066406,76288300
2020-03-09,179.10000610351562,179.6999969482422,170.33999633789062,171.2899932861328,141.0027618408203,41552800
2020-03-10,169.63999938964844,172.92999267578125,162.02999877929688,162.50999450683594,133.77523803710938,37728300
2020-03-11,165.42999267578125,167.02999877929688,155.6300048828125,156.52999877929688,128.85263061523438,29519300
2020-03-12,163.50999450683594,166.36000061035156,155.66000366210938,157.5,129.65110778808594,24361800
2020-03-13,155.0,158.1999969482422,152.19000244140625,153.94000244140625,126.72062683105469,19812900
2020-03-16,160.3800048828125,166.14999389648438,157.80999755859375,163.91000366210938,134.9276580810547,30496700
2020-03-17,163.5,165.6300048828125,152.7100067138672,152.97999572753906,125.9303207397461,18570900
2020-03-18,152.83999633789062,154.13999938964844,139.00999450683594,144.35000610351562,118.82622528076172,47061000
2020-03-19,146.9499969482422,153.4499969482422,145.25,148.27999877929688,122.06137084960938,21175300
2020-03-20,153.3000030517578,159.42999267578125,152.11000061035156,159.42999267578125,131.23980712890625,20863100
2020-03-23,157.5,166.69000244140625,156.57000732421875,166.0,136.6481475830078,19971800
2020-03-24,161.25,165.4499969482422,160.41000366210938,162.91000366210938,134.1045684814453,11948600
2020-03-25,163.58999633789062,166.67999267578125,161.6199951171875,162.5399932861328,133.7999725341797,10750600
2020-03-26,164.0,165.67999267578125,162.27000427246094,163.33999633789062,134.45849609375,10576200
2020-03-27,165.52000427246094,168.25,164.58999633789062,167.6999969482422,138.04751586914062,12550000
2020-03-30,168.3000030517578,170.11000061035156,165.94000244140625,166.32000732421875,136.9115753173828,13473200
2020-03-31,165.6999969482422,166.9199981689453,164.55999755859375,164.97000122070312,135.80032348632812,11464800
2020-04-01,168.47999572753906,168.9600067138672,166.39999389648438,167.0399932861328,137.70289611816406,11334700
2020-04-02,168.8300018310547,169.22000122070312,167.25999450683594,168.10000610351562,138.57679748535156,5771200
2020-04-03,168.5500030517578,170.3300018310547,168.13999938964844,168.5,138.906494140625,6570800
2020-04-06,167.0,168.27000427246094,166.52999877929688,168.05999755859375,138.54383850097656,9434800
2020-04-07,164.9600067138672,166.4199981689453,163.7100067138672,166.3000030517578,137.0929412841797,13811400
2020-04-08,165.11000061035156,166.19000244140625,164.1300048828125,165.08999633789062,136.0954132080078,10147100
2020-04-09,164.27999877929688,165.7899932861328,163.77999877929688,165.38999938964844,136.3427276611328,14259100
2020-04-13,164.75,165.7100067138672,163.8800048828125,163.8800048828125,135.0978546142578,8750300
2020-04-14,163.83999633789062,164.74000549316406,163.47999572753906,163.83999633789062,135.06494140625,9019100
2020-04-15,166.8000030517578,168.60000610351562,166.74000549316406,168.17999267578125,138.64268493652344,10027800
2020-04-16,169.25999450683594,170.32000732421875,169.02000427246094,170.08999633789062,140.21728515625,8265400
2020-04-17,169.82000732421875,170.83999633789062,167.27000427246094,167.80999755859375,138.337646484375,8612100
2020-04-20,168.44000244140625,169.2899932861328,167.9600067138672,169.16000366210938,139.45062255859375,6462600
2020-04-21,171.92999267578125,172.14999389648438,170.77999877929688,171.2899932861328,141.20643615722656,7850700
2020-04-22,169.97000122070312,170.38999938964844,168.7100067138672,169.5399932861328,139.7638397216797,6230200
2020-04-23,169.8699951171875,170.92999267578125,169.61000061035156,170.44000244140625,140.50582885742188,5968600
2020-04-24,169.61000061035156,170.83999633789062,169.57000732421875,170.83999633789062,140.83551025390625,6211800
2020-04-27,169.66000366210938,169.75,167.44000244140625,167.66000366210938,138.21400451660156,9039500
2020-04-28,168.5500030517578,169.85000610351562,168.4499969482422,169.58999633789062,139.8050994873047,9905400
2020-04-29,169.52999877929688,170.25999450683594,167.9600067138672,168.7100067138672,139.0796661376953,8619600
2020-04-30,168.74000549316406,169.22999572753906,166.7100067138672,166.74000549316406,137.45555114746094,11606100
2020-05-01,167.5,168.11000061035156,166.44000244140625,167.9499969482422,138.6326904296875,10209400
2020-05-04,167.55999755859375,167.67999267578125,166.47999572753906,167.16000366210938,137.9805450439453,8300900
2020-05-05,165.57000732421875,166.27000427246094,165.27000427246094,166.08999633789062,137.09739685058594,7831800
2020-05-06,163.22999572753906,163.63999938964844,162.0500030517578,163.41000366210938,134.88522338867188,14721500
2020-05-07,163.55999755859375,166.3699951171875,163.33999633789062,166.13999938964844,137.13861083984375,9164800
2020-05-08,164.49000549316406,165.39999389648438,163.67999267578125,163.97999572753906,135.35569763183594,8129800
2020-05-11,163.66000366210938,164.22000122070312,162.10000610351562,162.6999969482422,134.2991485595703,8713500
2020-05-12,163.16000366210938,164.92999267578125,163.1300048828125,164.3699951171875,135.6776123046875,10057300
2020-05-13,165.08999633789062,166.2899932861328,164.8300018310547,165.52000427246094,136.6269073486328,13305600
2020-05-14,167.32000732421875,168.14999389648438,167.0500030517578,167.13999938964844,137.96401977539062,10080000
2020-05-15,168.3000030517578,168.49000549316406,166.3300018310547,166.7100067138672,137.6091766357422,7225600
2020-05-18,164.92999267578125,165.05999755859375,162.4199981689453,163.0500030517578,134.58798217773438,10073100
2020-05-19,162.52000427246094,163.6999969482422,162.47999572753906,163.66000366210938,135.09152221679688,8639100
2020-05-20,163.1699981689453,164.6999969482422,162.8800048828125,164.14999389648438,135.49600219726562,10927300
2020-05-21,164.86000061035156,165.36000061035156,164.2899932861328,164.55999755859375,135.8344268798828,8920000
2020-05-22,164.72000122070312,165.67999267578125,164.61000061035156,165.5500030517578,136.651611328125,4956700
2020-05-26,163.7100067138672,163.7899932861328,162.97999572753906,163.3300018310547,134.81918334960938,8098900
2020-05-27,162.7899932861328,163.91000366210938,162.58999633789062,163.02999877929688,134.57150268554688,8047400
2020-05-28,161.9600067138672,162.57000732421875,161.66000366210938,162.42999267578125,134.07627868652344,10272600
2020-05-29,162.7100067138672,164.08999633789062,162.35000610351562,163.58999633789062,135.0337677001953,14632700
2020-06-01,162.10000610351562,162.44000244140625,161.6699981689453,162.27999877929688,134.1246795654297,13341400
2020-06-02,161.6699981689453,162.08999633789062,161.25,161.69000244140625,133.63702392578125,11517100
2020-06-03,160.17999267578125,160.3300018310547,158.94000244140625,159.5399932861328,131.85995483398438,12255700
2020-06-04,158.9199981689453,159.00999450683594,157.19000244140625,157.22999572753906,129.95079040527344,14038600
2020-06-05,154.61000061035156,156.16000366210938,153.16000366210938,156.11000061035156,129.0251007080078,17778500
2020-06-08,155.07000732421875,156.85000610351562,155.0500030517578,156.7100067138672,129.52099609375,10346700
2020-06-09,159.0500030517578,159.63999938964844,158.3000030517578,158.49000549316406,130.99217224121094,9095300
2020-06-10,159.24000549316406,160.89999389648438,159.0500030517578,160.83999633789062,132.93446350097656,13135500
2020-06-11,163.25,164.22999572753906,162.6300048828125,163.8800048828125,135.4469757080078,17086400
2020-06-12,162.41000366210938,163.66000366210938,162.0500030517578,162.3000030517578,134.14112854003906,9716100
2020-06-15,163.88999938964844,164.22000122070312,162.13999938964844,162.38999938964844,134.21556091308594,7759800
2020-06-16,159.41000366210938,161.22999572753906,158.6999969482422,159.89999389648438,132.1575164794922,13698900
2020-06-17,160.27000427246094,160.77000427246094,159.33999633789062,160.55999755859375,132.70301818847656,7113900
2020-06-18,162.0399932861328,162.47999572753906,161.61000061035156,162.25999450683594,134.10809326171875,7691400
2020-06-19,161.0,162.5,160.91000366210938,162.38999938964844,134.21556091308594,8565500
2020-06-22,163.19000244140625,163.4199981689453,162.07000732421875,162.41000366210938,134.23211669921875,9319700
2020-06-23,161.47999572753906,162.05999755859375,161.1199951171875,161.3000030517578,133.31463623046875,9088600
2020-06-24,161.52999877929688,163.08999633789062,161.52000427246094,163.02999877929688,134.7445068359375,11436500
2020-06-25,164.2100067138672,164.35000610351562,163.39999389648438,163.5,135.13287353515625,10968000
2020-06-26,164.25,165.32000732421875,164.17999267578125,165.25,136.57931518554688,12119300
2020-06-29,164.85000610351562,165.27000427246094,164.3800048828125,164.72999572753906,136.14950561523438,7274400
2020-06-30,165.22999572753906,165.2899932861328,163.47999572753906,163.92999267578125,135.48837280273438,14841700
2020-07-01,162.80999755859375,163.55999755859375,162.14999389648438,163.4199981689453,135.22520446777344,13181000
2020-07-02,162.6999969482422,163.74000549316406,162.24000549316406,163.58999633789062,135.365966796875,7599800
2020-07-06,162.3300018310547,163.02000427246094,161.75,162.9199981689453,134.81150817871094,7972700
2020-07-07,163.4199981689453,165.33999633789062,163.1999969482422,165.2100067138672,136.7064208984375,12791900
2020-07-08,164.32000732421875,164.9199981689453,163.8300018310547,164.5500030517578,136.1602325439453,7253900
2020-07-09,164.66000366210938,167.4499969482422,164.60000610351562,167.1699981689453,138.3282012939453,13373100
2020-07-10,167.9499969482422,168.2100067138672,166.16000366210938,166.3300018310547,137.63319396972656,8478000
2020-07-13,165.5,166.9600067138672,165.22999572753906,166.8800048828125,138.08828735351562,8054000
2020-07-14,167.92999267578125,168.13999938964844,166.97999572753906,167.1199951171875,138.28683471679688,11344600
2020-07-15,165.9199981689453,166.9499969482422,165.8300018310547,166.33999633789062,137.64141845703125,7840300
2020-07-16,167.39999389648438,167.77000427246094,167.0399932861328,167.1300048828125,138.29505920410156,9107400
2020-07-17,167.27000427246094,167.39999389648438,166.47000122070312,166.77999877929688,138.00547790527344,8549900
2020-07-20,167.50999450683594,167.6199951171875,166.8000030517578,167.19000244140625,138.3447723388672,6907200
2020-07-21,167.3000030517578,167.72000122070312,167.0800018310547,167.2899932861328,138.4275360107422,8454400
2020-07-22,168.25999450683594,168.4600067138672,167.69000244140625,167.7899932861328,138.84124755859375,6592100
2020-07-23,168.9199981689453,169.8800048828125,168.47999572753906,169.75,140.463134765625,10471800
2020-07-24,169.00999450683594,169.9199981689453,168.8699951171875,169.74000549316406,140.4547882080078,7520700
2020-07-27,170.25,170.3000030517578,168.99000549316406,169.11000061035156,139.9335174560547,6146400
2020-07-28,169.5399932861328,170.33999633789062,169.42999267578125,170.27999877929688,140.90164184570312,8520700
2020-07-29,170.0500030517578,170.38999938964844,168.97999572753906,169.99000549316406,140.66168212890625,6733700
2020-07-30,171.0500030517578,171.25999450683594,170.75,171.11000061035156,141.58847045898438,9376100
2020-07-31,170.14999389648438,171.4600067138672,169.94000244140625,171.0,141.49745178222656,8886000
2020-08-03,169.24000549316406,169.99000549316406,168.97000122070312,169.9499969482422,140.78501892089844,9066200
2020-08-04,170.8300018310547,171.5800018310547,170.72000122070312,171.57000732421875,142.1270294189453,9878900
2020-08-05,170.05999755859375,170.55999755859375,169.69000244140625,170.07000732421875,140.88441467285156,6954100
2020-08-06,171.3800048828125,172.25,170.6199951171875,171.02000427246094,141.67140197753906,9481800
2020-08-07,171.27999877929688,171.5,169.5800018310547,169.8800048828125,140.72703552246094,8176900
2020-08-10,170.22000122070312,170.25,169.07000732421875,169.1199951171875,140.09742736816406,6408500
2020-08-11,167.1699981689453,167.49000549316406,165.8800048828125,167.11000061035156,138.43240356445312,19234200
2020-08-12,165.6999969482422,166.07000732421875,164.99000549316406,165.58999633789062,137.1732635498047,11744800
2020-08-13,165.30999755859375,165.5800018310547,163.1699981689453,163.82000732421875,135.70700073242188,12744700
2020-08-14,163.80999755859375,164.14999389648438,163.16000366210938,163.17999267578125,135.17678833007812,6398100
2020-08-17,163.97000122070312,164.4600067138672,163.42999267578125,163.58999633789062,135.5165557861328,6901500
2020-08-18,164.36000061035156,164.8699951171875,164.08999633789062,164.75999450683594,136.4856719970703,8140600
2020-08-19,165.3699951171875,165.61000061035156,163.3000030517578,163.72999572753906,135.63247680664062,12497700
2020-08-20,165.38999938964844,165.64999389648438,164.92999267578125,165.2100067138672,136.85850524902344,10319900
2020-08-21,165.77000427246094,166.3300018310547,165.00999450683594,166.1999969482422,137.67855834960938,6836000
2020-08-24,166.32000732421875,166.97000122070312,165.86000061035156,165.92999267578125,137.45486450195312,6490600
2020-08-25,164.35000610351562,165.08999633789062,163.8300018310547,164.66000366210938,136.40277099609375,10518300
2020-08-26,164.0500030517578,164.3300018310547,163.27999877929688,164.02999877929688,135.88095092773438,8276600
2020-08-27,164.75999450683594,164.82000732421875,161.16000366210938,161.24000549316406,133.5697784423828,19860100
2020-08-28,161.77000427246094,162.0500030517578,160.63999938964844,161.1199951171875,133.47032165527344,8415400
2020-08-31,161.60000610351562,163.25,161.55999755859375,162.19000244140625,134.356689453125,11388100
2020-09-01,161.75999450683594,164.07000732421875,161.17999267578125,163.86000061035156,135.8934326171875,10587000
2020-09-02,163.50999450683594,165.55999755859375,163.49000549316406,165.4199981689453,137.18711853027344,15167700
2020-09-03,165.75,167.24000549316406,165.44000244140625,165.88999938964844,137.5769500732422,16416600
2020-09-04,164.41000366210938,164.6999969482422,162.4499969482422,162.74000549316406,134.96461486816406,13780300
2020-09-08,164.3699951171875,165.25999450683594,163.74000549316406,163.74000549316406,135.79396057128906,13790400
2020-09-09,163.94000244140625,164.25,162.75999450683594,163.3000030517578,135.4290313720703,9558900
2020-09-10,162.4600067138672,164.35000610351562,161.9499969482422,164.1300048828125,136.11734008789062,8847700
2020-09-11,164.30999755859375,164.57000732421875,164.0800018310547,164.47999572753906,136.4075927734375,5458200
2020-09-14,164.7899932861328,165.0800018310547,164.22999572753906,164.47000122070312,136.39927673339844,4274900
2020-09-15,164.1699981689453,164.47000122070312,163.7899932861328,164.07000732421875,136.06756591796875,6928500
2020-09-16,164.77999877929688,164.88999938964844,162.97999572753906,163.5800018310547,135.66119384765625,8815200
2020-09-17,164.89999389648438,164.9600067138672,163.8000030517578,164.0800018310547,136.075927734375,7813900
2020-09-18,164.1699981689453,164.24000549316406,163.33999633789062,163.57000732421875,135.65296936035156,7246300
2020-09-21,164.88999938964844,165.39999389648438,164.13999938964844,164.39999389648438,136.3412628173828,11086900
2020-09-22,164.44000244140625,164.8800048828125,163.8699951171875,164.27000427246094,136.23342895507812,10524100
2020-09-23,164.3000030517578,164.52999877929688,163.47999572753906,164.49000549316406,136.4159393310547,6224800
2020-09-24,164.9600067138672,165.1199951171875,164.6199951171875,165.1199951171875,136.9384002685547,8278100
2020-09-25,165.11000061035156,165.4199981689453,164.7100067138672,165.1199951171875,136.9384002685547,5140300
2020-09-28,164.8699951171875,164.89999389648438,164.3699951171875,164.64999389648438,136.548583984375,4470100
2020-09-29,164.8000030517578,165.24000549316406,164.55999755859375,164.83999633789062,136.70616149902344,10297600
2020-09-30,164.0,164.0,162.5500030517578,163.25999450683594,135.39585876464844,12971000
2020-10-01,162.50999450683594,163.74000549316406,162.10000610351562,163.36000061035156,135.6191864013672,11523900
2020-10-02,163.61000061035156,163.6699981689453,162.17999267578125,162.75,135.1127471923828,8828800
2020-10-05,160.9499969482422,160.9499969482422,159.52000427246094,159.57000732421875,132.47276306152344,14726000
2020-10-06,159.3300018310547,161.41000366210938,158.67999267578125,160.42999267578125,133.1867218017578,22419400
2020-10-07,159.55999755859375,160.4199981689453,158.86000061035156,159.25999450683594,132.2154541015625,9429200
2020-10-08,159.97000122070312,160.25,159.66000366210938,160.1199951171875,132.92935180664062,8431500
2020-10-09,159.52000427246094,160.27000427246094,158.80999755859375,160.08999633789062,132.90444946289062,8441500
2020-10-12,160.42999267578125,160.67999267578125,160.11000061035156,160.60000610351562,133.32786560058594,3962000
2020-10-13,161.2100067138672,161.8300018310547,161.17999267578125,161.75,134.28250122070312,7914300
2020-10-14,162.3300018310547,162.75,161.97000122070312,162.1199951171875,134.5897674560547,6954800
2020-10-15,163.0399932861328,163.19000244140625,161.63999938964844,161.83999633789062,134.3572998046875,9458800
2020-10-16,161.66000366210938,162.32000732421875,161.10000610351562,161.38999938964844,133.9837188720703,8416300
2020-10-19,160.5,160.97999572753906,160.0500030517578,160.77999877929688,133.47731018066406,9286600
2020-10-20,159.86000061035156,160.00999450683594,158.9499969482422,159.25,132.2071075439453,11189000
2020-10-21,158.7899932861328,159.3699951171875,158.3699951171875,158.6999969482422,131.75045776367188,10453700
2020-10-22,158.2899932861328,158.6300048828125,156.97000122070312,157.0500030517578,130.38075256347656,12664900
2020-10-23,156.80999755859375,158.2100067138672,156.75,158.00999450683594,131.17767333984375,8783800
2020-10-26,159.2100067138672,160.02000427246094,159.00999450683594,159.47999572753906,132.39804077148438,7227300
2020-10-27,160.22999572753906,160.6999969482422,159.89999389648438,160.5500030517578,133.28636169433594,6062300
2020-10-28,161.3800048828125,161.4600067138672,160.1999969482422,160.6999969482422,133.41087341308594,11765800
2020-10-29,160.72999572753906,160.8300018310547,158.47000122070312,159.13999938964844,132.11578369140625,11932400
2020-10-30,159.02999877929688,159.35000610351562,157.57000732421875,157.57000732421875,130.81240844726562,13095400
2020-11-02,158.6999969482422,159.19000244140625,158.3300018310547,158.5800018310547,131.792236328125,10810500
2020-11-03,157.85000610351562,157.97999572753906,157.0399932861328,157.66000366210938,131.02767944335938,16228700
2020-11-04,161.63999938964844,162.1699981689453,160.5399932861328,161.0800018310547,133.86985778808594,21570800
2020-11-05,161.63999938964844,161.74000549316406,160.5800018310547,161.36000061035156,134.10264587402344,18537500
2020-11-06,159.6199951171875,159.9199981689453,158.94000244140625,159.41000366210938,132.48202514648438,12408400
2020-11-09,155.97000122070312,156.14999389648438,154.6300048828125,156.05999755859375,129.69790649414062,23245000
2020-11-10,154.9600067138672,155.80999755859375,154.77999877929688,155.16000366210938,128.94998168945312,12561000
2020-11-11,155.02000427246094,155.94000244140625,154.97000122070312,155.72000122070312,129.41539001464844,5888200
2020-11-12,156.94000244140625,158.39999389648438,156.7100067138672,158.3699951171875,131.6177215576172,15999700
2020-11-13,158.36000061035156,158.5,157.91000366210938,158.16000366210938,131.44320678710938,7344600
2020-11-16,157.72999572753906,158.27999877929688,157.61000061035156,157.77999877929688,131.12734985351562,6310400
2020-11-17,158.77000427246094,159.16000366210938,158.58999633789062,158.80999755859375,131.98338317871094,7444600
2020-11-18,159.44000244140625,159.57000732421875,158.35000610351562,159.27000427246094,132.36570739746094,10333300
2020-11-19,159.97000122070312,160.72000122070312,159.83999633789062,160.08999633789062,133.0471954345703,10637200
2020-11-20,160.52999877929688,161.5399932861328,160.38999938964844,161.50999450683594,134.22726440429688,7246800
2020-11-23,160.82000732421875,160.99000549316406,160.27999877929688,160.77000427246094,133.61224365234375,11300000
2020-11-24,159.99000549316406,160.02000427246094,159.00999450683594,159.1699981689453,132.28256225585938,10891700
2020-11-25,159.25,159.91000366210938,158.6199951171875,158.67999267578125,131.8753204345703,9145800
2020-11-27,159.61000061035156,160.27000427246094,159.5800018310547,160.22000122070312,133.1551971435547,4708200
2020-11-30,160.02999877929688,160.52999877929688,159.75999450683594,160.02000427246094,132.989013671875,13071600
2020-12-01,158.5500030517578,158.74000549316406,156.67999267578125,157.5,131.0281219482422,13662800
2020-12-02,156.8800048828125,156.92999267578125,155.47999572753906,156.25,129.98825073242188,12114300
2020-12-03,156.94000244140625,157.82000732421875,156.5800018310547,157.50999450683594,131.0364990234375,9626500
2020-12-04,155.69000244140625,155.7899932861328,154.77000427246094,155.1999969482422,129.11474609375,12734500
2020-12-07,156.35000610351562,156.8800048828125,156.17999267578125,156.60000610351562,130.2794189453125,9316100
2020-12-08,157.57000732421875,158.07000732421875,157.1999969482422,157.33999633789062,130.89505004882812,7397200
2020-12-09,156.5500030517578,157.32000732421875,156.00999450683594,156.82000732421875,130.46241760253906,7750100
2020-12-10,157.24000549316406,158.2899932861328,156.8300018310547,158.2100067138672,131.6188201904297,10025100
2020-12-11,158.64999389648438,159.38999938964844,158.32000732421875,158.77000427246094,132.0846710205078,8135900
2020-12-14,157.49000549316406,158.69000244140625,157.11000061035156,158.3300018310547,131.71868896484375,7535900
2020-12-15,157.77999877929688,158.38999938964844,157.30999755859375,157.8000030517578,131.27769470214844,6847500
2020-12-16,156.5800018310547,157.88999938964844,156.38999938964844,157.3800048828125,130.92835998535156,9954200
2020-12-17,158.1300048828125,158.4600067138672,156.42999267578125,156.8000030517578,130.5818634033203,9422700
2020-12-18,157.1199951171875,157.3800048828125,156.17999267578125,156.3300018310547,130.1905059814453,6505000
2020-12-21,157.1999969482422,157.33999633789062,156.4499969482422,156.9499969482422,130.70680236816406,8988200
2020-12-22,157.55999755859375,157.8300018310547,157.0800018310547,157.75999450683594,131.3813018798828,7370800
2020-12-23,156.6199951171875,156.69000244140625,155.4600067138672,156.6699981689453,130.47357177734375,9266600
2020-12-24,156.89999389648438,157.42999267578125,156.85000610351562,157.2899932861328,130.98995971679688,3117100
2020-12-28,156.3800048828125,157.4499969482422,156.10000610351562,157.36000061035156,131.04827880859375,7791100
2020-12-29,156.38999938964844,157.2899932861328,156.36000061035156,157.16000366210938,130.88160705566406,9030900
2020-12-30,156.82000732421875,157.52999877929688,156.67999267578125,157.5,131.16481018066406,9097300
2020-12-31,157.4600067138672,158.0800018310547,157.4499969482422,157.72999572753906,131.35635375976562,7742100
2021-01-04,156.6699981689453,158.17999267578125,156.5399932861328,157.5399932861328,131.19808959960938,13152900
2021-01-05,156.9499969482422,156.9499969482422,155.66000366210938,156.3699951171875,130.22381591796875,10458100
2021-01-06,153.82000732421875,153.85000610351562,152.2899932861328,153.16000366210938,127.55047607421875,22827300
2021-01-07,151.7899932861328,152.1699981689453,151.25999450683594,151.80999755859375,126.42623138427734,14651900
2021-01-08,151.47999572753906,151.9600067138672,150.66000366210938,151.32000732421875,126.01813507080078,13622500
2021-01-11,151.0,151.2100067138672,150.49000549316406,151.07000732421875,125.80997467041016,8370700
2021-01-12,150.7899932861328,151.16000366210938,149.92999267578125,150.9499969482422,125.70997619628906,12186300
2021-01-13,151.66000366210938,153.07000732421875,151.57000732421875,152.64999389648438,127.125732421875,12533300
2021-01-14,152.5800018310547,152.63999938964844,150.7899932861328,151.22000122070312,125.93486785888672,14835500
2021-01-15,152.19000244140625,152.36000061035156,151.47000122070312,151.82000732421875,126.4345932006836,11624700
2021-01-19,151.6199951171875,152.36000061035156,151.50999450683594,152.30999755859375,126.84263610839844,9575600
2021-01-20,151.99000549316406,152.47999572753906,151.7899932861328,152.4600067138672,126.96751403808594,5368900
2021-01-21,151.44000244140625,151.75,151.10000610351562,151.38999938964844,126.07646179199219,8162700
2021-01-22,151.85000610351562,152.00999450683594,151.4199981689453,151.8800048828125,126.48455810546875,9507200
2021-01-25,152.75999450683594,153.69000244140625,152.63999938964844,153.6699981689453,127.97526550292969,8712600
2021-01-26,153.10000610351562,153.60000610351562,152.9199981689453,153.3800048828125,127.7337417602539,7690300
2021-01-27,154.07000732421875,154.5,153.52999877929688,153.77000427246094,128.05859375,7895200
2021-01-28,153.39999389648438,153.4600067138672,152.16000366210938,152.9199981689453,127.35064697265625,10667800
2021-01-29,151.4199981689453,152.49000549316406,151.3000030517578,152.0,126.58445739746094,14965900
2021-02-01,151.66000366210938,152.36000061035156,151.49000549316406,152.0,126.73120880126953,8165500
2021-02-02,150.74000549316406,151.08999633789062,150.52000427246094,151.02000427246094,125.91407012939453,9177500
2021-02-03,150.42999267578125,150.58999633789062,149.5800018310547,149.67999267578125,124.79690551757812,9633100
2021-02-04,149.16000366210938,149.49000549316406,148.8000030517578,149.27999877929688,124.46337127685547,8262600
2021-02-05,149.10000610351562,149.57000732421875,148.02000427246094,148.02999877929688,123.42123413085938,10258900
2021-02-08,148.3000030517578,149.25999450683594,148.0399932861328,148.67999267578125,123.96311950683594,11574800
2021-02-09,149.22000122070312,149.6699981689453,148.66000366210938,148.7899932861328,124.05482482910156,5218300
2021-02-10,149.27999877929688,149.77999877929688,149.13999938964844,149.77999877929688,124.8802261352539,8079800
2021-02-11,149.67999267578125,149.7899932861328,148.75,148.9600067138672,124.19659423828125,11962700
2021-02-12,147.6999969482422,148.0800018310547,147.02999877929688,147.11000061035156,122.65418243408203,14088400
2021-02-16,145.22000122070312,145.66000366210938,144.66000366210938,144.8699951171875,120.78649139404297,17789100
2021-02-17,145.9499969482422,146.3800048828125,144.97999572753906,145.7899932861328,121.55355834960938,11199100
2021-02-18,144.61000061035156,145.60000610351562,144.32000732421875,145.1999969482422,121.06165313720703,10755300
2021-02-19,144.05999755859375,144.32000732421875,142.85000610351562,143.27000427246094,119.45248413085938,12741700
2021-02-22,143.02999877929688,143.74000549316406,141.72000122070312,142.17999267578125,118.54364013671875,13203900
2021-02-23,141.52000427246094,142.5,141.13999938964844,141.77000427246094,118.20188903808594,12658500
2021-02-24,139.35000610351562,141.17999267578125,139.16000366210938,140.83999633789062,117.42642211914062,17363100
2021-02-25,139.52000427246094,139.9199981689453,136.61000061035156,138.5399932861328,115.5087890625,52621700
2021-02-26,140.77000427246094,143.3000030517578,139.67999267578125,143.1199951171875,119.3274154663086,45423300
2021-03-01,140.66000366210938,141.41000366210938,140.08999633789062,141.05999755859375,117.75141906738281,22048000
2021-03-02,140.39999389648438,141.1300048828125,140.2899932861328,141.07000732421875,117.75975036621094,12482200
2021-03-03,139.3800048828125,140.14999389648438,138.75999450683594,139.5399932861328,116.48258209228516,19763700
2021-03-04,139.6300048828125,139.94000244140625,137.9600067138672,138.63999938964844,115.7313003540039,22366600
2021-03-05,138.1699981689453,139.33999633789062,137.99000549316406,138.91000366210938,115.9566650390625,20598000
2021-03-08,138.8300018310547,138.89999389648438,137.8300018310547,137.8300018310547,115.05517578125,15236600
2021-03-09,139.27000427246094,139.82000732421875,138.97000122070312,139.74000549316406,116.64949798583984,14463400
2021-03-10,139.8000030517578,140.14999389648438,139.27999877929688,140.02000427246094,116.88323974609375,12387600
2021-03-11,139.1699981689453,139.3800048828125,138.4600067138672,139.00999450683594,116.0401611328125,14150700
2021-03-12,136.39999389648438,136.4600067138672,135.64999389648438,136.05999755859375,113.57762145996094,20402700
2021-03-15,136.49000549316406,137.08999633789062,136.41000366210938,136.86000061035156,114.24541473388672,11366500
2021-03-16,137.02000427246094,137.1199951171875,135.75,136.30999755859375,113.78627014160156,15567900
2021-03-17,135.14999389648438,135.52999877929688,134.14999389648438,135.2899932861328,112.93486785888672,27107500
2021-03-18,133.30999755859375,134.47000122070312,133.19000244140625,133.9199981689453,111.79122924804688,21615100
2021-03-19,134.0800018310547,134.8300018310547,133.8000030517578,134.75,112.48409271240234,18685000
2021-03-22,135.69000244140625,136.41000366210938,135.3699951171875,136.25999450683594,113.74452209472656,17047500
2021-03-23,136.58999633789062,137.5399932861328,136.14999389648438,137.49000549316406,114.77129364013672,16768400
2021-03-24,137.05999755859375,138.27999877929688,136.9499969482422,138.22999572753906,115.38902282714844,13863000
2021-03-25,138.38999938964844,138.66000366210938,137.08999633789062,137.13999938964844,114.4791488647461,20782000
2021-03-26,136.4199981689453,137.24000549316406,136.22000122070312,136.66000366210938,114.07846069335938,8433300
2021-03-29,136.8300018310547,136.85000610351562,134.97000122070312,135.5,113.11015319824219,13968100
2021-03-30,135.3000030517578,136.50999450683594,135.00999450683594,136.2100067138672,113.70280456542969,15020800
2021-03-31,136.33999633789062,136.58999633789062,134.97999572753906,135.4499969482422,113.06842803955078,19271300
2021-04-01,136.5500030517578,137.6199951171875,136.3000030517578,137.50999450683594,114.94499206542969,14885900
2021-04-05,136.5500030517578,136.97000122070312,135.94000244140625,136.91000366210938,114.4434585571289,8243000
2021-04-06,137.16000366210938,137.97999572753906,137.00999450683594,137.83999633789062,115.22086334228516,9282400
2021-04-07,137.4499969482422,138.10000610351562,136.8800048828125,136.8800048828125,114.41841888427734,11052700
2021-04-08,137.38999938964844,138.07000732421875,137.36000061035156,138.00999450683594,115.36294555664062,7847900
2021-04-09,137.5,138.19000244140625,137.08999633789062,137.50999450683594,114.94499206542969,8717800
2021-04-12,137.4600067138672,137.52999877929688,137.10000610351562,137.4499969482422,114.89481353759766,7659000
2021-04-13,137.3000030517578,138.50999450683594,137.1999969482422,138.47999572753906,115.75585174560547,13232800
2021-04-14,138.02999877929688,138.24000549316406,137.57000732421875,138.0399932861328,115.3880386352539,7293200
2021-04-15,139.49000549316406,140.97999572753906,139.4600067138672,140.35000610351562,117.3189468383789,23896700
2021-04-16,139.10000610351562,139.72999572753906,138.92999267578125,139.25999450683594,116.40780639648438,15238400
2021-04-19,138.74000549316406,139.30999755859375,138.5500030517578,138.86000061035156,116.07349395751953,13886800
2021-04-20,138.4499969482422,139.75999450683594,138.42999267578125,139.5,116.60845947265625,11476500
2021-04-21,139.5399932861328,139.91000366210938,139.07000732421875,139.77999877929688,116.84249114990234,11902200
2021-04-22,140.0,140.38999938964844,139.1999969482422,140.38999938964844,117.3524169921875,14156400
2021-04-23,140.3800048828125,140.47000122070312,139.49000549316406,140.05999755859375,117.07649993896484,12302200
2021-04-26,140.14999389648438,140.50999450683594,139.85000610351562,139.86000061035156,116.90937805175781,9103500
2021-04-27,139.58999633789062,139.82000732421875,138.52999877929688,138.63999938964844,115.88957977294922,14137300
2021-04-28,138.64999389648438,138.88999938964844,137.9600067138672,138.72999572753906,115.96475219726562,15263700
2021-04-29,137.4499969482422,138.36000061035156,137.1300048828125,138.32000732421875,115.62210845947266,17178200
2021-04-30,138.50999450683594,138.72999572753906,137.97999572753906,138.63999938964844,115.88957977294922,15692000
2021-05-03,138.6999969482422,139.64999389648438,138.27999877929688,138.52000427246094,115.95905303955078,16447700
2021-05-04,139.49000549316406,140.16000366210938,139.16000366210938,139.4600067138672,116.74594116210938,18639700
2021-05-05,139.02999877929688,139.85000610351562,138.9199981689453,139.69000244140625,116.93850708007812,11127900
2021-05-06,139.25,140.19000244140625,139.1999969482422,139.9199981689453,117.13101959228516,21907600
2021-05-07,140.10000610351562,140.60000610351562,138.91000366210938,139.22999572753906,116.55339813232422,18346900
2021-05-10,138.9499969482422,139.25,137.69000244140625,137.82000732421875,115.3730239868164,15146200
2021-05-11,137.22999572753906,137.47999572753906,136.77000427246094,137.0399932861328,114.7201156616211,15158600
2021-05-12,136.6699981689453,136.8000030517578,135.36000061035156,135.60000610351562,113.51461791992188,20859400
2021-05-13,135.92999267578125,136.3699951171875,135.6300048828125,135.80999755859375,113.69042205810547,13073900
2021-05-14,136.52999877929688,137.0800018310547,136.22000122070312,137.0800018310547,114.75355529785156,17566700
2021-05-17,136.8300018310547,137.1699981689453,136.57000732421875,136.7899932861328,114.51079559326172,6113800
2021-05-18,136.39999389648438,136.57000732421875,136.07000732421875,136.44000244140625,114.21782684326172,11423100
2021-05-19,136.5399932861328,137.3000030517578,135.6199951171875,136.11000061035156,113.94156646728516,14296000
2021-05-20,136.75999450683594,137.49000549316406,136.6699981689453,137.22999572753906,114.87913513183594,13310500
2021-05-21,137.66000366210938,137.6999969482422,137.05999755859375,137.6699981689453,115.24751281738281,10171600
2021-05-24,137.99000549316406,138.5800018310547,137.88999938964844,138.17999267578125,115.67440032958984,6868700
2021-05-25,138.6300048828125,139.5,138.6199951171875,139.4600067138672,116.74594116210938,12346900
2021-05-26,139.58999633789062,139.91000366210938,138.8800048828125,139.22000122070312,116.5450668334961,9793700
2021-05-27,138.5,138.69000244140625,137.99000549316406,138.66000366210938,116.07626342773438,10695200
2021-05-28,138.5800018310547,139.3000030517578,138.33999633789062,138.44000244140625,115.89208221435547,10258000
2021-06-01,137.82000732421875,138.25999450683594,137.25,138.2100067138672,115.8661117553711,11778500
2021-06-02,138.5500030517578,138.7899932861328,138.32000732421875,138.52999877929688,116.13440704345703,7347900
2021-06-03,138.50999450683594,138.50999450683594,137.85000610351562,138.00999450683594,115.69842529296875,10994000
2021-06-04,138.52000427246094,139.89999389648438,138.52000427246094,139.89999389648438,117.28289794921875,15773700
2021-06-07,139.58999633789062,139.7100067138672,139.32000732421875,139.47000122070312,116.92237091064453,7799800
2021-06-08,140.66000366210938,140.66000366210938,140.2100067138672,140.4499969482422,117.74392700195312,11230900
2021-06-09,141.75999450683594,142.14999389648438,141.25,141.69000244140625,118.78348541259766,12768300
2021-06-10,140.8300018310547,142.55999755859375,140.67999267578125,142.5399932861328,119.49604034423828,19698300
2021-06-11,142.30999755859375,142.39999389648438,141.83999633789062,142.30999755859375,119.30323028564453,8646700
2021-06-14,142.10000610351562,142.10000610351562,141.00999450683594,141.22000122070312,118.38946533203125,9401300
2021-06-15,140.8000030517578,141.08999633789062,140.47999572753906,141.0500030517578,118.24694061279297,18207300
2021-06-16,141.39999389648438,141.6699981689453,140.2100067138672,140.92999267578125,118.1463851928711,19676300
2021-06-17,141.86000061035156,144.92999267578125,141.63999938964844,143.0399932861328,119.9151840209961,35225800
2021-06-18,144.27999877929688,146.0399932861328,144.1199951171875,145.72999572753906,122.17036437988281,26616900
2021-06-21,144.38999938964844,144.49000549316406,143.02000427246094,143.2899932861328,120.12480926513672,16485000
2021-06-22,142.1699981689453,143.67999267578125,142.1199951171875,143.63999938964844,120.41822814941406,14530200
2021-06-23,143.11000061035156,143.5,142.7100067138672,143.27000427246094,120.10808563232422,12040900
2021-06-24,143.4199981689453,143.89999389648438,143.3300018310547,143.5,120.3008804321289,8788400
2021-06-25,143.25999450683594,143.39999389648438,141.3699951171875,142.00999450683594,119.05171966552734,15562200
2021-06-28,142.72000122070312,143.8000030517578,142.6999969482422,143.47000122070312,120.2757339477539,11460700
2021-06-29,143.10000610351562,143.72000122070312,143.0399932861328,143.7100067138672,120.4769058227539,11217900
2021-06-30,144.25,144.92999267578125,144.07000732421875,144.35000610351562,121.01349639892578,15708900
2021-07-01,143.97999572753906,144.30999755859375,143.52999877929688,144.1699981689453,121.02021026611328,10810000
2021-07-02,144.22999572753906,145.0399932861328,144.11000061035156,145.0399932861328,121.7504653930664,9650200
2021-07-06,145.72000122070312,146.99000549316406,145.72000122070312,146.74000549316406,123.17753601074219,20037200
2021-07-07,147.57000732421875,148.55999755859375,147.22000122070312,148.0399932861328,124.26878356933594,20964400
2021-07-08,148.8800048828125,149.44000244140625,148.1699981689453,148.6199951171875,124.75562286376953,17487800
2021-07-09,146.8699951171875,146.99000549316406,146.49000549316406,146.52999877929688,123.00125885009766,14483600
2021-07-12,147.08999633789062,147.22999572753906,146.1699981689453,146.33999633789062,122.84175109863281,10610400
2021-07-13,146.82000732421875,147.4600067138672,144.63999938964844,145.22000122070312,121.90153503417969,23340200
2021-07-14,146.00999450683594,146.9199981689453,145.80999755859375,146.8699951171875,123.28662872314453,16038600
2021-07-15,147.9499969482422,148.60000610351562,147.02999877929688,148.49000549316406,124.64651489257812,18462400
2021-07-16,147.33999633789062,148.33999633789062,147.32000732421875,148.2100067138672,124.4115219116211,12787900
2021-07-19,150.9499969482422,151.9499969482422,150.6199951171875,151.4600067138672,127.13960266113281,40203900
2021-07-20,152.52999877929688,152.7100067138672,149.75999450683594,150.0,125.91400146484375,25674800
2021-07-21,148.17999267578125,148.5,146.6699981689453,148.10000610351562,124.31912231445312,19988900
2021-07-22,148.11000061035156,149.80999755859375,148.05999755859375,149.5,125.49433135986328,18136900
2021-07-23,147.94000244140625,148.66000366210938,147.88999938964844,148.5,124.6548843383789,12639300
2021-07-26,149.0,149.05999755859375,147.8800048828125,148.05999755859375,124.28548431396484,10737700
2021-07-27,149.3300018310547,149.69000244140625,148.99000549316406,149.63999938964844,125.6118392944336,13036500
2021-07-28,148.6699981689453,149.6699981689453,148.27000427246094,149.64999389648438,125.62022399902344,14346700
2021-07-29,148.77999877929688,149.22000122070312,148.52999877929688,148.82000732421875,124.92346954345703,11532000
2021-07-30,149.1300048828125,149.72000122070312,149.05999755859375,149.52000427246094,125.51111602783203,14342100
2021-08-02,149.4499969482422,151.22999572753906,149.17999267578125,150.6699981689453,126.630615234375,21232700
2021-08-03,150.75,151.22999572753906,150.38999938964844,150.75,126.69784545898438,13361900
2021-08-04,151.5,151.82000732421875,149.72000122070312,151.05999755859375,126.95836639404297,18267900
2021-08-05,150.75999450683594,150.9199981689453,150.0,150.2899932861328,126.31121826171875,15345400
2021-08-06,148.32000732421875,148.75999450683594,147.69000244140625,147.77999877929688,124.20166015625,21144300
2021-08-09,148.14999389648438,148.55999755859375,147.22999572753906,147.25,123.75621032714844,12942400
2021-08-10,147.49000549316406,147.57000732421875,146.55999755859375,146.57000732421875,123.18476867675781,13716900
2021-08-11,146.41000366210938,147.22999572753906,145.7100067138672,146.47999572753906,123.10903930664062,17227600
2021-08-12,146.08999633789062,146.44000244140625,145.42999267578125,146.24000549316406,122.90740203857422,14709400
2021-08-13,146.8300018310547,148.55999755859375,146.80999755859375,148.5500030517578,124.84882354736328,18653800
2021-08-16,149.19000244140625,150.02000427246094,148.80999755859375,148.91000366210938,125.15137481689453,19170900
2021-08-17,148.8800048828125,149.47000122070312,148.6699981689453,148.85000610351562,125.1009750366211,14126900
2021-08-18,148.7100067138672,149.47000122070312,148.4499969482422,149.35000610351562,125.52117156982422,13144000
2021-08-19,150.30999755859375,150.4600067138672,149.80999755859375,150.4499969482422,126.44564056396484,15474300
2021-08-20,150.58999633789062,150.80999755859375,150.11000061035156,150.5500030517578,126.52973175048828,12388400
2021-08-23,150.1999969482422,150.5,149.9199981689453,150.4499969482422,126.44564056396484,10615000
2021-08-24,149.75999450683594,150.07000732421875,149.27999877929688,149.27999877929688,125.46234130859375,13835900
2021-08-25,149.2100067138672,149.3699951171875,147.5800018310547,148.0399932861328,124.4201889038086,16743800
2021-08-26,147.97000122070312,148.57000732421875,147.50999450683594,148.4499969482422,124.76480102539062,16657400
2021-08-27,148.57000732421875,149.49000549316406,148.3300018310547,149.4600067138672,125.61368560791016,15384700
2021-08-30,148.99000549316406,149.89999389648438,148.92999267578125,149.85000610351562,125.94149017333984,10596300
2021-08-31,149.6699981689453,150.08999633789062,148.5,148.8300018310547,125.08415222167969,15262400
2021-09-01,149.27000427246094,149.38999938964844,148.49000549316406,148.88999938964844,125.293701171875,10807100
2021-09-02,149.24000549316406,149.5500030517578,148.75,149.5399932861328,125.8406753540039,9765900
2021-09-03,148.27000427246094,148.50999450683594,147.94000244140625,148.17999267578125,124.69622039794922,12928000
2021-09-07,147.25999450683594,147.52000427246094,146.66000366210938,146.92999267578125,123.64432525634766,15547800
2021-09-08,147.66000366210938,148.19000244140625,147.38999938964844,147.92999267578125,124.48582458496094,14533700
2021-09-09,148.1699981689453,149.88999938964844,147.85000610351562,149.72000122070312,125.99212646484375,20324600
2021-09-10,148.89999389648438,149.1699981689453,148.16000366210938,148.39999389648438,124.8813705444336,14894600
2021-09-13,149.0399932861328,149.49000549316406,148.9499969482422,149.3000030517578,125.63871765136719,15036100
2021-09-14,149.72999572753906,151.57000732421875,149.5800018310547,151.11000061035156,127.16178894042969,19918400
2021-09-15,151.2100067138672,151.25,149.92999267578125,150.5800018310547,126.7158203125,11940300
2021-09-16,149.6699981689453,150.4499969482422,149.5,149.88999938964844,126.13521575927734,13328900
2021-09-17,149.17999267578125,149.36000061035156,148.6999969482422,149.1699981689453,125.5293197631836,13782900
2021-09-20,150.57000732421875,151.3699951171875,150.22999572753906,151.02000427246094,127.08609008789062,14660400
2021-09-21,150.7100067138672,150.9600067138672,150.1999969482422,150.88999938964844,126.97671508789062,10035800
2021-09-22,150.7899932861328,151.7899932861328,150.44000244140625,151.7899932861328,127.73406219482422,22277800
2021-09-23,150.4199981689453,150.4499969482422,148.33999633789062,148.36000061035156,124.84770202636719,23853300
2021-09-24,147.83999633789062,147.85000610351562,146.74000549316406,146.91000366210938,123.62745666503906,20203900
2021-09-27,146.05999755859375,146.8699951171875,145.8800048828125,146.3699951171875,123.17310333251953,13464300
2021-09-28,144.3300018310547,145.07000732421875,143.63999938964844,144.08999633789062,121.25444030761719,26613500
2021-09-29,144.8000030517578,145.42999267578125,143.69000244140625,144.33999633789062,121.46479797363281,23569400
2021-09-30,144.10000610351562,144.50999450683594,143.64999389648438,144.32000732421875,121.44792175292969,22567600
2021-10-01,144.85000610351562,145.39999389648438,144.1999969482422,145.35000610351562,122.47003173828125,26151800
2021-10-04,144.6699981689453,145.4600067138672,144.10000610351562,144.97999572753906,122.15827178955078,28027600
2021-10-05,144.60000610351562,144.6999969482422,143.4600067138672,143.5800018310547,120.97863006591797,22659200
2021-10-06,144.22999572753906,144.72000122070312,144.02999877929688,144.38999938964844,121.66117858886719,18696500
2021-10-07,143.19000244140625,143.33999633789062,142.58999633789062,142.8800048828125,120.3887939453125,14856000
2021-10-08,142.25999450683594,142.35000610351562,141.52999877929688,141.8800048828125,119.54624938964844,17257800
2021-10-11,141.60000610351562,141.89999389648438,141.4499969482422,141.52000427246094,119.24288940429688,7213400
2021-10-12,142.6300048828125,144.00999450683594,142.47999572753906,143.94000244140625,121.28202819824219,17968700
2021-10-13,144.61000061035156,145.52999877929688,144.5800018310547,145.33999633789062,122.4615707397461,23584600
2021-10-14,145.3699951171875,145.9600067138672,144.9499969482422,145.8800048828125,122.9166488647461,12946400
2021-10-15,145.0,145.13999938964844,144.47000122070312,145.02999877929688,122.2003402709961,11811500
2021-10-18,145.0,146.0,144.52000427246094,145.7100067138672,122.77339172363281,12115900
2021-10-19,144.66000366210938,144.72999572753906,143.64999389648438,143.6999969482422,121.07976531982422,12156300
2021-10-20,143.25,143.67999267578125,142.50999450683594,142.72999572753906,120.26240539550781,12782500
2021-10-21,143.0,143.14999389648438,142.22999572753906,142.55999755859375,120.11921691894531,13660000
2021-10-22,143.4499969482422,144.39999389648438,143.2100067138672,144.1300048828125,121.44206237792969,13740000
2021-10-25,143.6699981689453,144.3000030517578,143.6300048828125,143.91000366210938,121.2567367553711,8137900
2021-10-26,144.6199951171875,145.10000610351562,143.74000549316406,145.10000610351562,122.25935363769531,13671000
2021-10-27,146.39999389648438,148.17999267578125,145.92999267578125,147.74000549316406,124.48383331298828,22092300
2021-10-28,147.7899932861328,148.3300018310547,146.83999633789062,147.24000549316406,124.0625,17497600
2021-10-29,146.47000122070312,148.0,146.32000732421875,147.69000244140625,124.44166564941406,19087300
2021-11-01,145.8000030517578,146.75999450683594,145.6999969482422,146.44000244140625,123.54574584960938,18035500
2021-11-02,146.5,147.57000732421875,146.5,147.08999633789062,124.09405517578125,9836700
2021-11-03,147.82000732421875,147.97999572753906,145.52999877929688,145.57000732421875,122.81173706054688,20639400
2021-11-04,145.8699951171875,147.36000061035156,145.85000610351562,147.10000610351562,124.10250091552734,15922400
2021-11-05,148.52000427246094,149.5800018310547,148.1300048828125,149.3000030517578,125.95856475830078,21513000
2021-11-08,148.9600067138672,149.27999877929688,148.50999450683594,149.02000427246094,125.72235870361328,12083800
2021-11-09,150.8000030517578,151.77000427246094,150.63999938964844,150.9600067138672,127.35902404785156,23430200
2021-11-10,150.8300018310547,150.92999267578125,147.02999877929688,148.1999969482422,125.03053283691406,28170600
2021-11-11,148.50999450683594,148.66000366210938,147.88999938964844,147.97999572753906,124.84490203857422,5552500
2021-11-12,148.0,148.50999450683594,146.75999450683594,147.3300018310547,124.29647827148438,12712000
2021-11-15,146.88999938964844,146.9600067138672,145.22000122070312,145.47999572753906,122.73577880859375,15232700
2021-11-16,145.69000244140625,146.3800048828125,144.85000610351562,145.11000061035156,122.42362213134766,12998700
2021-11-17,144.57000732421875,146.2899932861328,144.4600067138672,146.25999450683594,123.39378356933594,14239900
2021-11-18,145.99000549316406,146.89999389648438,145.9499969482422,146.80999755859375,123.85784912109375,11054600
2021-11-19,147.5800018310547,148.60000610351562,147.5800018310547,148.36000061035156,125.16554260253906,14022100
2021-11-22,147.39999389648438,147.63999938964844,146.1300048828125,146.6199951171875,123.69754028320312,15266000
2021-11-23,145.92999267578125,146.11000061035156,144.5,144.5,121.90898132324219,15318500
2021-11-24,144.94000244140625,146.82000732421875,144.7899932861328,146.82000732421875,123.86627960205078,13769700
2021-11-26,148.8300018310547,150.67999267578125,148.6699981689453,150.52999877929688,126.99626922607422,20064800
2021-11-29,148.30999755859375,149.63999938964844,148.1699981689453,149.32000732421875,125.97552490234375,23234200
2021-11-30,150.8300018310547,152.07000732421875,150.25,151.58999633789062,127.89054870605469,31481100
2021-12-01,150.49000549316406,152.41000366210938,149.7899932861328,152.33999633789062,128.6795196533203,30826500
2021-12-02,152.92999267578125,152.99000549316406,150.75999450683594,152.52999877929688,128.83998107910156,17754200
2021-12-03,151.67999267578125,155.1199951171875,151.35000610351562,154.35000610351562,130.3773193359375,34427100
2021-12-06,154.0500030517578,154.35000610351562,151.92999267578125,152.22999572753906,128.58657836914062,30924200
2021-12-07,151.72000122070312,152.52999877929688,150.86000061035156,151.0,127.5475845336914,22115900
2021-12-08,150.47000122070312,150.47999572753906,148.36000061035156,148.38999938964844,125.34300994873047,33633900
2021-12-09,149.33999633789062,149.83999633789062,148.47999572753906,149.22000122070312,126.04407501220703,17544900
2021-12-10,149.9199981689453,150.24000549316406,148.80999755859375,148.86000061035156,125.74002075195312,14298700
2021-12-13,150.38999938964844,151.30999755859375,150.30999755859375,151.05999755859375,127.59830474853516,17860500
2021-12-14,150.3699951171875,150.92999267578125,149.30999755859375,150.6999969482422,127.29422760009766,14015500
2021-12-15,149.61000061035156,150.7899932861328,149.1300048828125,149.25,126.06941986083984,25383900
2021-12-16,148.75,149.8800048828125,148.72999572753906,149.13999938964844,126.11849212646484,18677900
2021-12-17,150.33999633789062,150.97999572753906,150.16000366210938,150.8300018310547,127.54756927490234,18093500
2021-12-20,150.75,151.02000427246094,149.60000610351562,149.6999969482422,126.59207916259766,17147300
2021-12-21,148.13999938964844,149.1999969482422,147.6199951171875,149.1300048828125,126.11003875732422,16598200
2021-12-22,149.72999572753906,149.86000061035156,149.02000427246094,149.82000732421875,126.69342803955078,12253900
2021-12-23,149.58999633789062,149.60000610351562,148.02999877929688,148.52000427246094,125.59414672851562,11642500
2021-12-27,148.4600067138672,149.00999450683594,148.32000732421875,148.8800048828125,125.89856719970703,7821800
2021-12-28,149.60000610351562,149.77999877929688,148.00999450683594,148.2899932861328,125.3996353149414,9174600
2021-12-29,146.91000366210938,147.30999755859375,146.41000366210938,146.6699981689453,124.02973937988281,11771200
2021-12-30,147.25,147.97000122070312,146.4499969482422,147.89999389648438,125.06989288330078,10355000
2021-12-31,147.80999755859375,149.02999877929688,147.42999267578125,148.19000244140625,125.31510925292969,13402300
2022-01-03,146.41000366210938,146.94000244140625,144.27999877929688,144.3000030517578,122.02560424804688,33860400
2022-01-04,143.61000061035156,144.1300048828125,142.74000549316406,143.6999969482422,121.51822662353516,21996400
2022-01-05,144.13999938964844,144.16000366210938,142.7100067138672,142.9199981689453,120.85855102539062,20911700
2022-01-06,142.58999633789062,143.44000244140625,142.2899932861328,143.2899932861328,121.1714859008789,18996400
2022-01-07,143.1300048828125,143.24000549316406,141.55999755859375,142.25999450683594,120.3004379272461,18756800
2022-01-10,141.64999389648438,142.80999755859375,141.36000061035156,142.61000061035156,120.59644317626953,13775800
2022-01-11,142.8800048828125,143.6300048828125,142.6999969482422,143.55999755859375,121.3998031616211,24388700
2022-01-12,143.89999389648438,144.00999450683594,143.0,143.00999450683594,120.93470001220703,14440600
2022-01-13,143.38999938964844,144.4199981689453,143.02999877929688,144.27999877929688,122.00861358642578,15166000
2022-01-14,143.4199981689453,143.4600067138672,141.7899932861328,142.10000610351562,120.16519165039062,22997500
2022-01-18,140.9600067138672,141.30999755859375,140.02000427246094,140.10000610351562,118.4738998413086,21171700
2022-01-19,140.52999877929688,141.7100067138672,140.30999755859375,141.07000732421875,119.29422760009766,17930500
2022-01-20,141.3699951171875,141.99000549316406,141.08999633789062,141.94000244140625,120.02989196777344,13959000
2022-01-21,143.39999389648438,144.10000610351562,142.6699981689453,143.6300048828125,121.45901489257812,28916600
2022-01-24,144.3000030517578,144.3699951171875,142.42999267578125,142.4499969482422,120.46112060546875,25001600
2022-01-25,143.11000061035156,143.7100067138672,141.8000030517578,142.22000122070312,120.26663208007812,15599000
2022-01-26,142.25999450683594,142.57000732421875,140.49000549316406,140.5,118.8121109008789,23655500
2022-01-27,142.41000366210938,143.3699951171875,142.3300018310547,143.0800018310547,120.993896484375,21501800
2022-01-28,142.08999633789062,143.4600067138672,141.85000610351562,143.1300048828125,121.03617858886719,12826500
2022-01-31,142.17999267578125,142.9499969482422,141.9600067138672,142.38999938964844,120.41038513183594,13998400
2022-02-01,142.27999877929688,142.36000061035156,141.05999755859375,141.72000122070312,120.01067352294922,20806100
2022-02-02,141.9499969482422,143.57000732421875,141.92999267578125,142.1999969482422,120.41717529296875,18404600
2022-02-03,140.44000244140625,141.47999572753906,140.17999267578125,141.08999633789062,119.47721862792969,17234100
2022-02-04,139.85000610351562,140.13999938964844,138.77999877929688,139.00999450683594,117.71585083007812,23609800
2022-02-07,138.91000366210938,139.30999755859375,138.5500030517578,139.10000610351562,117.79203033447266,12962400
2022-02-08,138.2100067138672,138.5800018310547,137.82000732421875,138.1699981689453,117.00450897216797,16269200
2022-02-09,138.72000122070312,139.3699951171875,138.19000244140625,138.42999267578125,117.22468566894531,14349100
2022-02-10,137.66000366210938,137.8300018310547,135.83999633789062,136.22999572753906,115.36167907714844,30896200
2022-02-11,136.8699951171875,138.50999450683594,135.36000061035156,138.25,117.07222747802734,43210300
2022-02-14,137.1300048828125,137.74000549316406,135.97000122070312,136.52999877929688,115.6157455444336,23157400
2022-02-15,135.60000610351562,135.83999633789062,134.94000244140625,134.97999572753906,114.30316162109375,18198500
2022-02-16,135.9499969482422,136.07000732421875,134.50999450683594,135.77999877929688,114.98059844970703,16473700
2022-02-17,136.4499969482422,137.57000732421875,135.89999389648438,136.7899932861328,115.83589172363281,24508200
2022-02-18,137.52000427246094,138.3699951171875,137.16000366210938,138.22999572753906,117.0553207397461,17522600
2022-02-22,137.69000244140625,138.6699981689453,137.47000122070312,138.58999633789062,117.36018371582031,19534000
2022-02-23,137.67999267578125,137.85000610351562,136.57000732421875,136.67999267578125,115.74272918701172,17757800
2022-02-24,139.10000610351562,139.3699951171875,136.25,136.77000427246094,115.81896209716797,28150400
2022-02-25,136.86000061035156,137.30999755859375,136.17999267578125,136.8699951171875,115.90369415283203,15025400
2022-02-28,138.42999267578125,140.0399932861328,138.32000732421875,139.8699951171875,118.44407653808594,25817700
2022-03-01,140.36000061035156,142.3300018310547,140.0,141.3000030517578,119.81353759765625,35664400
2022-03-02,139.83999633789062,140.4199981689453,136.41000366210938,136.47000122070312,115.71795654296875,30397400
2022-03-03,137.49000549316406,138.6999969482422,137.02000427246094,137.86000061035156,116.89659881591797,20649100
2022-03-04,140.36000061035156,140.82000732421875,139.30999755859375,140.24000549316406,118.91473388671875,25853100
2022-03-07,139.1199951171875,140.63999938964844,138.77000427246094,139.1699981689453,118.00741577148438,23710900
2022-03-08,137.50999450683594,138.25,137.25,137.77000427246094,116.82030487060547,28331300
2022-03-09,137.07000732421875,137.33999633789062,136.1300048828125,136.4199981689453,115.67558288574219,18819200
2022-03-10,134.8300018310547,135.1699981689453,133.72000122070312,134.4600067138672,114.01361083984375,26868900
2022-03-11,134.3300018310547,135.4499969482422,134.2100067138672,134.91000366210938,114.39521026611328,15583800
2022-03-14,132.6999969482422,132.88999938964844,131.72000122070312,131.75999450683594,111.72419738769531,24385000
2022-03-15,132.86000061035156,133.14999389648438,131.19000244140625,131.52999877929688,111.5291748046875,17518800
2022-03-16,131.8300018310547,133.1300048828125,130.32000732421875,132.82000732421875,112.62299346923828,25857700
2022-03-17,132.82000732421875,133.33999633789062,131.07000732421875,131.8300018310547,111.78355407714844,19330600
2022-03-18,132.57000732421875,133.5399932861328,132.57000732421875,133.44000244140625,113.14872741699219,55891700
2022-03-21,131.27999877929688,131.6699981689453,129.75,130.35000610351562,110.52862548828125,26122000
2022-03-22,128.9600067138672,129.33999633789062,128.33999633789062,128.67999267578125,109.11256408691406,21830900
2022-03-23,129.3699951171875,131.60000610351562,128.86000061035156,131.5,111.50370788574219,21266100
2022-03-24,129.64999389648438,131.17999267578125,129.60000610351562,130.47000122070312,110.6303482055664,17141600
2022-03-25,129.5,129.52000427246094,127.6500015258789,128.66000366210938,109.0955810546875,25684500
2022-03-28,129.38999938964844,130.55999755859375,129.0399932861328,129.75999450683594,110.02835083007812,17657800
2022-03-29,130.55999755859375,131.5500030517578,129.74000549316406,130.74000549316406,110.85929870605469,19319700
2022-03-30,130.07000732421875,132.00999450683594,129.99000549316406,131.75999450683594,111.72419738769531,16310200
2022-03-31,131.97999572753906,132.6699981689453,131.66000366210938,132.0800018310547,111.99555206298828,19901000
2022-04-01,130.00999450683594,132.9600067138672,129.7100067138672,132.3800048828125,112.42185974121094,23489700
2022-04-04,131.92999267578125,131.97999572753906,130.7100067138672,131.4600067138672,111.64055633544922,13609900
2022-04-05,130.75999450683594,130.77999877929688,128.2899932861328,128.49000549316406,109.11831665039062,25196900
2022-04-06,126.43000030517578,128.3000030517578,126.4000015258789,127.44999694824219,108.2351303100586,22952000
2022-04-07,126.11000061035156,126.66999816894531,125.41000366210938,126.48999786376953,107.41986083984375,23458800
2022-04-08,125.44999694824219,125.83000183105469,124.26000213623047,125.12000274658203,106.25640106201172,26859200
2022-04-11,123.91999816894531,124.19000244140625,122.55999755859375,123.13999938964844,104.57489776611328,30020700
2022-04-12,124.05000305175781,124.16000366210938,122.66999816894531,122.97000122070312,104.43053436279297,23124200
2022-04-13,123.05000305175781,124.30000305175781,122.88999938964844,123.22000122070312,104.64282989501953,17189500
2022-04-14,122.86000061035156,122.93000030517578,120.37999725341797,120.75,102.54524230957031,34274500
2022-04-18,120.87000274658203,121.08000183105469,119.69000244140625,120.1500015258789,102.03570556640625,18784300
2022-04-19,119.1500015258789,119.72000122070312,118.66999816894531,119.25,101.27139282226562,26012300
2022-04-20,120.22000122070312,121.97000122070312,119.91999816894531,121.6500015258789,103.30956268310547,31423200
2022-04-21,120.83000183105469,120.91000366210938,119.16999816894531,120.75,102.54524230957031,23323200
2022-04-22,120.06999969482422,121.44000244140625,119.80999755859375,119.98999786376953,101.89981079101562,19773400
2022-04-25,121.37999725341797,122.19000244140625,121.12999725341797,121.19000244140625,102.91890716552734,25418900
2022-04-26,122.44000244140625,123.02999877929688,121.76000213623047,122.41000366210938,103.9549560546875,26931300
2022-04-27,122.19000244140625,122.31999969482422,120.7699966430664,120.83999633789062,102.62165069580078,14560500
2022-04-28,120.38999938964844,121.06999969482422,120.01000213623047,121.0199966430664,102.7745361328125,16892500
2022-04-29,119.30999755859375,120.97000122070312,119.11000061035156,119.44999694824219,101.44123077392578,26153400
2022-05-02,117.86000061035156,118.2699966430664,116.93000030517578,117.18000030517578,99.68286895751953,29233900
2022-05-03,119.04000091552734,119.30999755859375,117.88999938964844,117.97000122070312,100.35488891601562,21256700
2022-05-04,117.97000122070312,118.97000122070312,117.3499984741211,118.62000274658203,100.9078598022461,25575700
2022-05-05,116.3499984741211,116.47000122070312,114.0199966430664,115.37000274658203,98.14314270019531,48384500
2022-05-06,114.13999938964844,115.04000091552734,113.30999755859375,113.66999816894531,96.69695281982422,32790500
2022-05-09,112.86000061035156,114.70999908447266,112.62000274658203,114.66999816894531,97.54766082763672,26773000
2022-05-10,115.88999938964844,116.95999908447266,115.4800033569336,115.70999908447266,98.43238067626953,33640800
2022-05-11,114.73999786376953,117.94000244140625,114.44000244140625,117.94000244140625,100.32938385009766,34173600
2022-05-12,118.0199966430664,118.88999938964844,117.66000366210938,117.72000122070312,100.14224243164062,26405700
2022-05-13,116.9800033569336,117.1500015258789,115.9000015258789,115.9800033569336,98.66206359863281,20782700
2022-05-16,116.20999908447266,116.94000244140625,115.8499984741211,115.86000061035156,98.5599594116211,11050600
2022-05-17,114.70999908447266,115.3499984741211,114.36000061035156,114.45999908447266,97.36902618408203,15040800
2022-05-18,114.72000122070312,117.0,114.61000061035156,116.9000015258789,99.44465637207031,21337300
2022-05-19,118.63999938964844,118.72000122070312,116.8499984741211,117.18000030517578,99.68286895751953,21937500
2022-05-20,117.08999633789062,119.0199966430664,117.05999755859375,118.51000213623047,100.81426239013672,22780900
2022-05-23,117.70999908447266,118.25,116.54000091552734,116.55999755859375,99.15545654296875,15925200
2022-05-24,117.9000015258789,119.63999938964844,117.86000061035156,118.86000061035156,101.11201477050781,23388200
2022-05-25,119.61000061035156,119.62000274658203,118.58999633789062,119.33000183105469,101.5118179321289,14410800
2022-05-26,119.0199966430664,119.08999633789062,117.80000305175781,118.79000091552734,101.05248260498047,14912900
2022-05-27,119.36000061035156,119.73999786376953,118.73999786376953,119.08000183105469,101.2991714477539,11190400
2022-05-31,117.18000030517578,117.2300033569336,115.93000030517578,116.55999755859375,99.15545654296875,28393700
2022-06-01,117.02999877929688,117.33999633789062,115.69000244140625,116.22000122070312,99.04212188720703,15544800
2022-06-02,116.62999725341797,116.70999908447266,115.45999908447266,116.27999877929688,99.09325408935547,9832000
2022-06-03,115.08999633789062,116.05999755859375,114.87000274658203,116.02999877929688,98.88020324707031,15330400
2022-06-06,115.1500015258789,115.51000213623047,113.80999755859375,113.88999938964844,97.05651092529297,20815400
2022-06-07,114.61000061035156,115.77999877929688,114.58000183105469,115.12000274658203,98.10466003417969,14278700
2022-06-08,114.68000030517578,115.12999725341797,114.08000183105469,114.0999984741211,97.23540496826172,11476100
2022-06-09,113.83999633789062,114.70999908447266,113.68000030517578,114.4800033569336,97.55928802490234,15527300
2022-06-10,114.36000061035156,114.61000061035156,112.97000122070312,113.7699966430664,96.9542236328125,21917100
2022-06-13,111.48999786376953,111.66999816894531,109.23999786376953,110.19999694824219,93.91189575195312,36968300
2022-06-14,110.52999877929688,110.9800033569336,108.58999633789062,108.80999755859375,92.7273178100586,21865900
2022-06-15,110.08999633789062,110.98999786376953,109.02999877929688,110.83999633789062,94.45731353759766,25202800
2022-06-16,108.44999694824219,111.72000122070312,108.12000274658203,111.72000122070312,95.20722198486328,26067300
2022-06-17,112.01000213623047,112.83000183105469,110.95999908447266,112.08000183105469,95.51402282714844,21614300
2022-06-21,110.08999633789062,111.0199966430664,109.80999755859375,110.18000030517578,93.89485168457031,17663800
2022-06-22,112.69000244140625,113.30999755859375,112.37999725341797,113.20999908447266,96.47698211669922,23703800
2022-06-23,113.9000015258789,115.16999816894531,113.48999786376953,114.13999938964844,97.26954650878906,20669200
2022-06-24,113.45999908447266,114.16999816894531,112.5,112.55999755859375,95.92308807373047,18161300
2022-06-27,111.22000122070312,112.22000122070312,111.16000366210938,111.5999984741211,95.10496520996094,12053000
2022-06-28,111.29000091552734,112.18000030517578,110.87000274658203,112.12000274658203,95.54813385009766,13706600
2022-06-29,112.37999725341797,113.9000015258789,112.16999816894531,113.87000274658203,97.03943634033203,12925400
2022-06-30,114.86000061035156,115.7699966430664,114.75,114.87000274658203,97.89165496826172,25802100
2022-07-01,115.9000015258789,117.58999633789062,115.22000122070312,115.81999969482422,98.89665222167969,21858800
2022-07-05,116.88999938964844,117.75,116.16999816894531,116.7300033569336,99.67371368408203,16689700
2022-07-06,117.38999938964844,117.54000091552734,114.7699966430664,114.7699966430664,98.00006866455078,20205400
2022-07-07,115.0999984741211,115.16999816894531,113.51000213623047,113.76000213623047,97.13768768310547,13088000
2022-07-08,113.5,113.5,112.05000305175781,112.5,96.0617904663086,15320000
2022-07-11,113.79000091552734,114.79000091552734,113.69999694824219,114.44000244140625,97.71831512451172,13639900
2022-07-12,115.51000213623047,116.2300033569336,114.97000122070312,115.12000274658203,98.29891967773438,18547300
2022-07-13,113.7699966430664,116.6500015258789,113.44999694824219,116.44000244140625,99.42604064941406,20594800
2022-07-14,115.08000183105469,116.16000366210938,114.47000122070312,115.48999786376953,98.61488342285156,15665000
2022-07-15,115.83999633789062,116.81999969482422,115.5999984741211,116.13999938964844,99.16991424560547,16022600
2022-07-18,115.25,115.31999969482422,114.18000030517578,114.93000030517578,98.1366958618164,15838300
2022-07-19,114.91000366210938,115.1500015258789,113.66000366210938,114.30999755859375,97.6072998046875,9276800
2022-07-20,115.4800033569336,115.55000305175781,114.05000305175781,114.61000061035156,97.86346435546875,9117300
2022-07-21,115.19000244140625,116.72000122070312,115.01000213623047,116.58999633789062,99.5541763305664,14754900
2022-07-22,118.29000091552734,119.2699966430664,117.97000122070312,118.55000305175781,101.2277603149414,17715300
2022-07-25,116.70999908447266,117.54000091552734,116.47000122070312,117.38999938964844,100.23726654052734,24868100
2022-07-26,118.86000061035156,119.23999786376953,117.4000015258789,117.4800033569336,100.31411743164062,13536000
2022-07-27,118.01000213623047,118.48999786376953,116.70999908447266,116.81999969482422,99.75054168701172,15725600
2022-07-28,118.05000305175781,118.91999816894531,117.31999969482422,117.75,100.54466247558594,16637900
2022-07-29,117.69999694824219,119.30999755859375,117.33000183105469,117.43000030517578,100.27141571044922,16655900
2022-08-01,118.25,120.0999984741211,118.08000183105469,120.04000091552734,102.68631744384766,17974600
2022-08-02,120.1500015258789,120.69000244140625,117.29000091552734,117.5,100.51350402832031,17896300
2022-08-03,117.16999816894531,119.48999786376953,116.33000183105469,119.3499984741211,102.0960464477539,16731200
2022-08-04,118.9800033569336,119.55000305175781,118.54000091552734,119.30999755859375,102.06182861328125,11003000
2022-08-05,117.06999969482422,117.11000061035156,115.88999938964844,116.47000122070312,99.6324234008789,19492300
2022-08-08,117.63999938964844,118.52999877929688,117.55999755859375,118.3499984741211,101.24063110351562,17476300
2022-08-09,117.7300033569336,118.36000061035156,117.45999908447266,117.88999938964844,100.84712219238281,8223200
2022-08-10,117.7300033569336,118.91000366210938,116.7300033569336,117.12000274658203,100.18844604492188,14665300
2022-08-11,116.87000274658203,117.05999755859375,114.08999633789062,114.38999938964844,97.85308837890625,20663800
2022-08-12,115.0999984741211,115.56999969482422,114.43000030517578,115.55000305175781,98.84540557861328,12178400
2022-08-15,116.33000183105469,116.75,115.44999694824219,115.44999694824219,98.75985717773438,9031800
2022-08-16,115.25,116.0199966430664,114.23999786376953,115.93000030517578,99.17044067382812,11066000
2022-08-17,115.05999755859375,115.0999984741211,114.30999755859375,114.72000122070312,98.1353988647461,14131300
2022-08-18,114.97000122070312,115.63999938964844,114.58999633789062,114.88999938964844,98.28080749511719,10738200
2022-08-19,113.2300033569336,113.33999633789062,112.73999786376953,113.04000091552734,96.69823455810547,16330900
2022-08-22,112.86000061035156,112.95999908447266,112.12999725341797,112.66000366210938,96.37322235107422,10457200
2022-08-23,112.19000244140625,113.4800033569336,111.73999786376953,112.04000091552734,95.84282684326172,17813200
2022-08-24,111.48999786376953,111.87000274658203,110.86000061035156,111.22000122070312,95.14137268066406,13971600
2022-08-25,111.31999969482422,113.08999633789062,110.98999786376953,112.7699966430664,96.4673080444336,21429700
2022-08-26,112.30000305175781,113.98999786376953,112.01000213623047,113.62000274658203,97.19440460205078,18764400
2022-08-29,112.94000244140625,113.01000213623047,112.12999725341797,112.68000030517578,96.39031219482422,14278300
2022-08-30,112.62000274658203,113.51000213623047,112.20999908447266,112.95999908447266,96.62980651855469,14346600
2022-08-31,112.69000244140625,113.33999633789062,111.58000183105469,111.87999725341797,95.70594787597656,13623500
2022-09-01,109.87000274658203,110.25,108.94000244140625,109.5999984741211,93.95374298095703,22490400
2022-09-02,109.68000030517578,110.55999755859375,109.47000122070312,110.22000122070312,94.48526000976562,13024400
2022-09-06,108.9000015258789,108.97000122070312,107.41999816894531,107.48999786376953,92.14498138427734,24648500
2022-09-07,108.31999969482422,109.4800033569336,108.20999908447266,109.19000244140625,93.60230255126953,17050100
2022-09-08,108.83999633789062,109.5199966430664,108.05000305175781,108.06999969482422,92.64217376708984,14671400
2022-09-09,108.33000183105469,108.80000305175781,107.62999725341797,108.30999755859375,92.847900390625,12529800
2022-09-12,108.62999725341797,108.88999938964844,106.91999816894531,107.41999816894531,92.0849838256836,14806900
2022-09-13,106.55999755859375,107.73999786376953,106.23999786376953,107.66999816894531,92.2992935180664,22158900
2022-09-14,107.33999633789062,108.20999908447266,107.12000274658203,108.04000091552734,92.61644744873047,13077800
2022-09-15,107.8499984741211,108.19000244140625,107.58000183105469,107.97000122070312,92.55648040771484,10260200
2022-09-16,107.02999877929688,108.05000305175781,106.7699966430664,107.06999969482422,91.78491973876953,18903800
2022-09-19,106.95999908447266,107.81999969482422,106.80000305175781,107.31999969482422,91.9992446899414,11084400
2022-09-20,105.69000244140625,106.83999633789062,105.4000015258789,106.25,91.08198547363281,20133800
2022-09-21,106.69999694824219,108.04000091552734,105.97000122070312,108.02999877929688,92.60789489746094,23132900
2022-09-22,105.79000091552734,105.95999908447266,104.7300033569336,105.2699966430664,90.24191284179688,29030600
2022-09-23,105.33999633789062,106.43000030517578,104.55999755859375,105.69999694824219,90.61051177978516,23042200
2022-09-26,105.36000061035156,105.41000366210938,103.22000122070312,103.68000030517578,88.8788833618164,25104600
2022-09-27,102.70999908447266,102.9800033569336,100.9000015258789,100.94999694824219,86.53856658935547,34609500
2022-09-28,103.12999725341797,104.44999694824219,102.4800033569336,104.33000183105469,89.43609619140625,39283100
2022-09-29,102.9000015258789,104.2300033569336,102.80000305175781,103.79000091552734,88.97317504882812,19127100
2022-09-30,104.2699966430664,104.86000061035156,102.2300033569336,102.44999694824219,87.82447814941406,26485700
2022-10-03,103.8499984741211,104.68000030517578,103.1500015258789,103.83000183105469,89.21996307373047,27192200
2022-10-04,104.1500015258789,104.6500015258789,103.30000305175781,103.54000091552734,88.97076416015625,13788700
2022-10-05,102.7300033569336,102.83999633789062,101.58000183105469,102.55000305175781,88.12007904052734,20522100
2022-10-06,102.58999633789062,102.83999633789062,101.52999877929688,101.9800033569336,87.63027954101562,13965700
2022-10-07,100.80999755859375,101.62000274658203,100.47000122070312,100.98999786376953,86.7795639038086,14814800
2022-10-10,100.5,100.51000213623047,98.80000305175781,99.41999816894531,85.43048095703125,15652600
2022-10-11,99.73999786376953,100.9000015258789,98.98999786376953,99.86000061035156,85.80858612060547,33246700
2022-10-12,99.27999877929688,100.54000091552734,99.19000244140625,100.3499984741211,86.22962951660156,21447600
2022-10-13,98.36000061035156,100.37999725341797,98.33999633789062,99.38999938964844,85.40470886230469,30292500
2022-10-14,100.19000244140625,100.19000244140625,98.25,98.56999969482422,84.70010375976562,18728200
2022-10-17,99.29000091552734,99.66000366210938,97.94000244140625,98.08999633789062,84.28761291503906,18969900
2022-10-18,97.94999694824219,98.45999908447266,96.87000274658203,98.31999969482422,84.48529052734375,16931500
2022-10-19,97.19000244140625,97.41999816894531,96.31999969482422,96.52999877929688,82.94715118408203,25431600
2022-10-20,95.93000030517578,96.33000183105469,94.73999786376953,94.87999725341797,81.52934265136719,25434900
2022-10-21,93.0199966430664,93.93000030517578,92.26000213623047,93.16999816894531,80.0599136352539,46280300
2022-10-24,92.81999969482422,93.55000305175781,91.8499984741211,92.4000015258789,79.39830780029297,31332600
2022-10-25,94.58000183105469,95.2300033569336,94.44000244140625,95.08999633789062,81.70977020263672,31213100
2022-10-26,95.7699966430664,96.69000244140625,95.7699966430664,96.45999908447266,82.88700103759766,24843900
2022-10-27,96.9800033569336,97.9000015258789,96.22000122070312,97.47000122070312,83.7548599243164,20270000
2022-10-28,96.86000061035156,97.62999725341797,96.41000366210938,96.80000305175781,83.17914581298828,22244100
2022-10-31,96.36000061035156,96.62000274658203,95.02999877929688,96.11000061035156,82.58623504638672,23956700
2022-11-01,97.37999725341797,97.41999816894531,96.20999908447266,96.7699966430664,83.35806274414062,17585100
2022-11-02,96.91000366210938,97.62999725341797,95.95999908447266,96.3499984741211,82.99629211425781,25010500
2022-11-03,95.16999816894531,96.37999725341797,95.08999633789062,95.83000183105469,82.5483627319336,29097500
2022-11-04,95.0999984741211,95.66000366210938,94.22000122070312,94.22000122070312,81.1614761352539,23561400
2022-11-07,94.80000305175781,94.86000061035156,93.23999786376953,93.27999877929688,80.35175323486328,14522800
2022-11-08,93.80000305175781,94.95999908447266,93.7699966430664,94.30000305175781,81.23039245605469,20360600
2022-11-09,93.81999969482422,95.0199966430664,93.69000244140625,94.61000061035156,81.49742889404297,15637500
2022-11-10,96.7300033569336,98.43000030517578,96.63999938964844,98.25,84.63294219970703,45380900
2022-11-11,97.56999969482422,98.37000274658203,97.54000091552734,97.88999938964844,84.3228530883789,15943100
2022-11-14,97.91000366210938,97.98999786376953,97.08999633789062,97.6500015258789,84.1160888671875,13741100
2022-11-15,98.25,99.30000305175781,98.11000061035156,99.2300033569336,85.47713470458984,26608200
2022-11-16,100.0199966430664,101.44999694824219,99.73999786376953,101.4000015258789,87.34636688232422,28507700
2022-11-17,100.19999694824219,100.56999969482422,99.77999877929688,100.33000183105469,86.42467498779297,24528900
2022-11-18,100.5999984741211,100.88999938964844,99.55000305175781,99.63999938964844,85.83031463623047,14941300
2022-11-21,100.69000244140625,100.81999969482422,99.80000305175781,100.05999755859375,86.19207000732422,15534000
2022-11-22,100.6500015258789,101.62000274658203,100.52999877929688,101.4800033569336,87.4153060913086,18103100
2022-11-23,102.13999938964844,103.25,102.08000183105469,103.25,88.9399642944336,23234600
2022-11-25,102.61000061035156,102.93000030517578,102.43000030517578,102.9000015258789,88.63847351074219,9486100
2022-11-28,103.61000061035156,103.80999755859375,102.69000244140625,103.19000244140625,88.8882827758789,14563200
2022-11-29,102.1500015258789,102.95999908447266,101.91000366210938,101.9800033569336,87.84598541259766,16576400
2022-11-30,101.62000274658203,102.7300033569336,101.37000274658203,102.7300033569336,88.49201202392578,21581700
2022-12-01,103.1500015258789,105.80999755859375,103.0999984741211,105.76000213623047,91.31898498535156,53156800
2022-12-02,105.30000305175781,107.0999984741211,104.61000061035156,107.08999633789062,92.46735382080078,24479500
2022-12-05,105.83999633789062,105.98999786376953,104.9000015258789,105.58999633789062,91.17219543457031,20159700
2022-12-06,106.5,107.38999938964844,106.19000244140625,106.94999694824219,92.34648132324219,21754500
2022-12-07,108.37000274658203,109.68000030517578,108.19999694824219,109.47000122070312,94.52243041992188,30546700
2022-12-08,108.69999694824219,109.44999694824219,108.47000122070312,109.16999816894531,94.26334381103516,13377300
2022-12-09,107.94000244140625,108.16999816894531,106.2699966430664,106.33000183105469,91.81114959716797,25872200
2022-12-12,107.86000061035156,108.11000061035156,106.26000213623047,106.66999816894531,92.104736328125,16897100
2022-12-13,109.04000091552734,109.08000183105469,107.45999908447266,107.69999694824219,92.99408721923828,23854700
2022-12-14,107.66000366210938,108.31999969482422,106.88999938964844,108.16000366210938,93.39128875732422,19517500
2022-12-15,108.38999938964844,109.12000274658203,108.16000366210938,108.31999969482422,93.75567626953125,20246200
2022-12-16,106.5999984741211,107.83000183105469,106.30999755859375,107.11000061035156,92.70836639404297,20838300
2022-12-19,105.83000183105469,105.83999633789062,104.9800033569336,105.30999755859375,91.15038299560547,26126800
2022-12-20,103.37999725341797,103.80999755859375,103.0999984741211,103.44000244140625,89.53182220458984,28869000
2022-12-21,104.29000091552734,104.4000015258789,102.95999908447266,103.69999694824219,89.7568588256836,15894100
2022-12-22,103.66999816894531,104.12000274658203,103.37999725341797,103.68000030517578,89.73954772949219,11322500
2022-12-23,102.58000183105469,102.80999755859375,102.0199966430664,102.16000366210938,88.42391967773438,15408900
2022-12-27,100.48999786376953,101.06999969482422,100.01000213623047,100.13999938964844,86.67552947998047,26475700
2022-12-28,100.6500015258789,100.77999877929688,99.3499984741211,99.55000305175781,86.16487121582031,17302900
2022-12-29,99.86000061035156,100.98999786376953,99.79000091552734,100.68000030517578,87.14291381835938,16593000
2022-12-30,99.87000274658203,100.55000305175781,99.37000274658203,99.55999755859375,86.17350006103516,20810200
2023-01-03,102.19999694824219,102.33999633789062,100.83999633789062,101.45999908447266,87.81803131103516,25313200
2023-01-04,103.22000122070312,103.4800033569336,102.20999908447266,102.8499984741211,89.02115631103516,21678200
2023-01-05,101.87000274658203,103.29000091552734,101.77999877929688,103.27999877929688,89.3933334350586,14771100
2023-01-06,102.69999694824219,105.30000305175781,102.63999938964844,105.18000030517578,91.03785705566406,27473700
2023-01-09,104.41000366210938,105.93000030517578,104.2699966430664,105.73999786376953,91.52256774902344,21472200
2023-01-10,104.52999877929688,104.81999969482422,103.5,103.98999786376953,90.00786590576172,20545200
2023-01-11,104.97000122070312,105.72000122070312,104.69999694824219,105.68000030517578,91.47063446044922,18794000
2023-01-12,105.81999969482422,107.80999755859375,104.55999755859375,107.76000213623047,93.27098083496094,32029600
2023-01-13,107.0999984741211,107.80000305175781,106.37999725341797,106.75,92.39678955078125,17750800
2023-01-17,105.66999816894531,106.66000366210938,105.6500015258789,106.05999755859375,91.79953002929688,13911700
2023-01-18,108.45999908447266,108.7699966430664,107.12000274658203,108.62999725341797,94.02397918701172,35497200
2023-01-19,108.0999984741211,108.37000274658203,107.44000244140625,107.94999694824219,93.43541717529297,17194700
2023-01-20,106.95999908447266,107.23999786376953,106.11000061035156,106.19999694824219,91.92071533203125,22754100
2023-01-23,105.56999969482422,106.19999694824219,105.48999786376953,105.69999694824219,91.48796081542969,12961500
2023-01-24,106.12000274658203,107.44999694824219,105.38999938964844,107.22000122070312,92.80358123779297,16417200
2023-01-25,107.37000274658203,107.91000366210938,106.63999938964844,107.4800033569336,93.02862548828125,11906500
2023-01-26,107.13999938964844,107.6500015258789,106.48999786376953,106.9800033569336,92.59583282470703,15549400
2023-01-27,106.19000244140625,106.95999908447266,106.11000061035156,106.70999908447266,92.36213684082031,11845500
2023-01-30,106.45999908447266,107.16000366210938,106.19000244140625,106.31999969482422,92.02459716796875,11459700
2023-01-31,106.9800033569336,107.27999877929688,105.87000274658203,107.16999816894531,92.76029205322266,13705300
2023-02-01,107.55000305175781,108.58999633789062,106.41999816894531,108.18000030517578,93.87538146972656,25305800
2023-02-02,108.91999816894531,109.3499984741211,108.08999633789062,108.31999969482422,93.99687957763672,19548400
2023-02-03,106.7699966430664,107.11000061035156,106.08000183105469,106.69999694824219,92.59107208251953,20619500
2023-02-06,105.75,106.30999755859375,105.68000030517578,105.91000366210938,91.90554809570312,15182400
2023-02-07,105.33000183105469,106.2300033569336,105.0,105.05999755859375,91.16795349121094,18290300
2023-02-08,105.04000091552734,105.58000183105469,104.38999938964844,105.55999755859375,91.60182189941406,13530700
2023-02-09,106.47000122070312,106.62000274658203,104.38999938964844,104.55999755859375,90.73405456542969,20469900
2023-02-10,104.4000015258789,104.44000244140625,103.12000274658203,103.38999938964844,89.71875762939453,16598300
2023-02-13,103.70999908447266,104.41999816894531,103.58000183105469,104.26000213623047,90.47370910644531,13134300
2023-02-14,104.19999694824219,104.83000183105469,103.13999938964844,104.0199966430664,90.26547241210938,15440300
2023-02-15,103.55000305175781,103.94999694824219,102.5,103.05000305175781,89.42373657226562,15246900
2023-02-16,102.06999969482422,102.22000122070312,101.33000183105469,101.58999633789062,88.15675354003906,19267300
2023-02-17,101.0999984741211,102.37999725341797,100.97000122070312,102.37999725341797,88.8423080444336,19560900
2023-02-21,101.01000213623047,101.19999694824219,100.27999877929688,100.38999938964844,87.11544799804688,22728000
2023-02-22,100.98999786376953,101.69000244140625,100.94999694824219,101.30999755859375,87.9138412475586,15165400
2023-02-23,101.54000091552734,102.58999633789062,101.47000122070312,102.30000305175781,88.77291107177734,15829100
2023-02-24,101.44000244140625,101.80000305175781,100.55999755859375,100.97000122070312,87.6187744140625,21403600
2023-02-27,101.29000091552734,101.69999694824219,100.91000366210938,101.25,87.86174774169922,14209200
2023-02-28,100.56999969482422,101.72000122070312,100.27999877929688,101.70999908447266,88.26089477539062,14955700
2023-03-01,100.81999969482422,101.02999877929688,99.95999908447266,100.37000274658203,87.312744140625,19000000
2023-03-02,99.05999755859375,99.6500015258789,98.87999725341797,99.4800033569336,86.53846740722656,23763600
2023-03-03,100.93000030517578,101.9000015258789,100.56999969482422,101.88999938964844,88.63497161865234,30877300
2023-03-06,102.22000122070312,102.33999633789062,100.98999786376953,101.0999984741211,87.94776916503906,16631900
2023-03-07,101.45999908447266,102.37000274658203,100.87999725341797,101.72000122070312,88.48707580566406,23096500
2023-03-08,102.4000015258789,102.97000122070312,101.41999816894531,101.81999969482422,88.57408142089844,20252400
2023-03-09,101.55000305175781,102.5199966430664,101.33000183105469,102.06999969482422,88.79155731201172,21550400
2023-03-10,104.02999877929688,105.69000244140625,104.0,105.58999633789062,91.85364532470703,43921500
2023-03-13,108.19999694824219,109.0999984741211,105.04000091552734,105.83000183105469,92.06241607666016,51502500
2023-03-14,105.13999938964844,105.61000061035156,103.75,104.08999633789062,90.54876708984375,38417800
2023-03-15,106.77999877929688,107.70999908447266,105.3499984741211,106.0999984741211,92.2972640991211,45164100
2023-03-16,107.37999725341797,108.02999877929688,105.04000091552734,105.2699966430664,91.57525634765625,43089300
2023-03-17,106.6500015258789,107.7300033569336,106.45999908447266,106.8499984741211,92.94971466064453,38129000
2023-03-20,106.87999725341797,106.95999908447266,105.72000122070312,105.91000366210938,92.13201904296875,24242800
2023-03-21,105.08000183105469,105.41999816894531,104.54000091552734,105.0,91.34037780761719,18934900
2023-03-22,104.66000366210938,106.44999694824219,104.44000244140625,106.4000015258789,92.55825805664062,26388500
2023-03-23,105.36000061035156,106.55000305175781,104.81999969482422,106.4000015258789,92.55825805664062,25475100
2023-03-24,107.08999633789062,107.43000030517578,106.26000213623047,106.8499984741211,92.94971466064453,23652700
2023-03-27,105.05000305175781,105.76000213623047,104.33000183105469,104.33999633789062,90.76622009277344,22224500
2023-03-28,104.23999786376953,104.68000030517578,104.0199966430664,104.52999877929688,90.9315414428711,17794300
2023-03-29,103.69999694824219,104.44999694824219,103.5999984741211,104.31999969482422,90.74885559082031,16804400
2023-03-30,104.45999908447266,105.05000305175781,104.2699966430664,104.80000305175781,91.16641998291016,14315800
2023-03-31,105.3499984741211,106.55999755859375,105.08000183105469,106.37000274658203,92.53217315673828,25396700
2023-04-03,105.87999725341797,107.0999984741211,105.69999694824219,106.5999984741211,92.96735382080078,18234800
2023-04-04,105.77999877929688,107.80000305175781,105.75,107.12999725341797,93.4295654296875,18052400
2023-04-05,107.7699966430664,108.37000274658203,107.41000366210938,108.25,94.40631103515625,23047700
2023-04-06,108.41999816894531,108.87000274658203,108.38999938964844,108.52999877929688,94.65052795410156,16447300
2023-04-10,107.63999938964844,107.76000213623047,106.55999755859375,106.77999877929688,93.12432861328125,19134400
2023-04-11,107.05000305175781,107.08999633789062,106.51000213623047,107.0,93.31620788574219,13971200
2023-04-12,107.05000305175781,107.16999816894531,105.87999725341797,106.88999938964844,93.22026824951172,20563000
2023-04-13,107.05000305175781,107.38999938964844,105.87999725341797,106.05000305175781,92.48766326904297,22079400
2023-04-14,105.38999938964844,105.55000305175781,104.7699966430664,105.08000183105469,91.6417236328125,19801900
2023-04-17,104.41999816894531,104.58999633789062,103.70999908447266,103.83000183105469,90.55158996582031,19528800
2023-04-18,103.80999755859375,104.58999633789062,103.80000305175781,104.19999694824219,90.874267578125,15922600
2023-04-19,103.91000366210938,104.23999786376953,103.4800033569336,104.0999984741211,90.78706359863281,16093900
2023-04-20,104.83000183105469,105.27999877929688,104.75,104.98999786376953,91.563232421875,16450100
2023-04-21,105.30000305175781,105.45999908447266,104.2699966430664,104.4000015258789,91.0487060546875,15244700
2023-04-24,104.95999908447266,105.48999786376953,104.83999633789062,105.41000366210938,91.92953491210938,17034300
2023-04-25,106.33000183105469,107.12999725341797,106.27999877929688,106.95999908447266,93.28129577636719,21899900
2023-04-26,106.79000091552734,107.23999786376953,105.66999816894531,105.81999969482422,92.28711700439453,19610400
2023-04-27,105.19999694824219,105.2699966430664,104.61000061035156,104.7699966430664,91.37138366699219,20247600
2023-04-28,106.20999908447266,106.76000213623047,105.86000061035156,106.45999908447266,92.8452377319336,26954100
2023-05-01,105.2699966430664,105.41999816894531,102.83999633789062,103.12999725341797,90.1680908203125,32487300
2023-05-02,104.0,105.69999694824219,103.88999938964844,105.69999694824219,92.41507720947266,30057800
2023-05-03,106.0,106.5999984741211,105.27999877929688,106.29000091552734,92.93093872070312,23656200
2023-05-04,105.22000122070312,106.44999694824219,105.1500015258789,105.23999786376953,92.01289367675781,25110500
2023-05-05,104.3499984741211,104.9000015258789,104.11000061035156,104.88999938964844,91.70690155029297,15096500
2023-05-08,103.5199966430664,103.87000274658203,103.31999969482422,103.41999816894531,90.42163848876953,20587000
2023-05-09,103.5,103.63999938964844,103.0,103.05000305175781,90.09812927246094,19182500
2023-05-10,103.66999816894531,104.23999786376953,103.63999938964844,104.05000305175781,90.97248077392578,22886800
2023-05-11,105.30000305175781,105.5199966430664,104.72000122070312,105.1500015258789,91.93421936035156,19147200
2023-05-12,105.05000305175781,105.25,104.25,104.2699966430664,91.16484069824219,14198500
2023-05-15,103.38999938964844,103.47000122070312,103.12000274658203,103.19000244140625,90.2205581665039,20085300
2023-05-16,102.4000015258789,102.9000015258789,102.11000061035156,102.87999725341797,89.94952392578125,29251700
2023-05-17,103.08000183105469,103.16000366210938,102.3499984741211,102.58000183105469,89.68721771240234,21340900
2023-05-18,102.19999694824219,102.26000213623047,101.75,101.81999969482422,89.02275848388672,25536600
2023-05-19,101.26000213623047,101.86000061035156,100.93000030517578,101.0999984741211,88.39323425292969,29038000
2023-05-22,101.25,101.70999908447266,100.66999816894531,100.73999786376953,88.07848358154297,20131100
2023-05-23,100.43000030517578,101.25,100.27999877929688,101.02999877929688,88.33204650878906,21749500
2023-05-24,101.27999877929688,101.36000061035156,100.52999877929688,100.52999877929688,87.8948745727539,18473400
2023-05-25,100.69999694824219,100.80000305175781,100.02999877929688,100.27999877929688,87.6762924194336,22492800
2023-05-26,100.12000274658203,101.16999816894531,100.0,101.08999633789062,88.38451385498047,17030300
2023-05-30,101.4000015258789,102.23999786376953,101.25,102.0999984741211,89.26756286621094,23125200
2023-05-31,101.98999786376953,103.18000030517578,101.87000274658203,102.98999786376953,90.04570007324219,23787000
2023-06-01,103.27999877929688,103.62999725341797,102.62999725341797,103.12000274658203,90.39897155761719,21040400
2023-06-02,103.0,103.06999969482422,101.94000244140625,101.98999786376953,89.40838623046875,19136500
2023-06-05,101.3499984741211,102.44000244140625,101.20999908447266,101.80000305175781,89.2418212890625,14433200
2023-06-06,101.83999633789062,102.47000122070312,101.38999938964844,102.4000015258789,89.76780700683594,14332100
2023-06-07,102.16999816894531,102.43000030517578,100.77999877929688,100.87999725341797,88.435302734375,25251100
2023-06-08,100.87000274658203,102.13999938964844,100.80000305175781,102.05999755859375,89.46974182128906,23845100
2023-06-09,101.5999984741211,102.2699966430664,101.33999633789062,101.91999816894531,89.34701538085938,22147400
2023-06-12,102.23999786376953,102.30000305175781,101.12000274658203,102.22000122070312,89.6100082397461,19010300
2023-06-13,102.11000061035156,102.33000183105469,100.97000122070312,101.20999908447266,88.72462463378906,25910800
2023-06-14,101.62999725341797,102.29000091552734,101.45999908447266,102.0199966430664,89.43467712402344,29094200
2023-06-15,103.02999877929688,103.62999725341797,102.5999984741211,103.0,90.29378509521484,25732000
2023-06-16,102.44000244140625,102.83000183105469,102.02999877929688,102.5999984741211,89.94313049316406,16759100
2023-06-20,103.11000061035156,103.66000366210938,103.11000061035156,103.30999755859375,90.56556701660156,17162900
2023-06-21,102.80999755859375,103.6500015258789,102.33999633789062,103.55999755859375,90.78472137451172,19720100
2023-06-22,102.80000305175781,103.25,102.19999694824219,102.30999755859375,89.68890380859375,23630700
2023-06-23,103.83000183105469,103.94999694824219,102.9800033569336,103.33000183105469,90.58306884765625,22901900
2023-06-26,103.62000274658203,103.80000305175781,103.16000366210938,103.44000244140625,90.67951202392578,12894900
2023-06-27,103.58999633789062,103.94999694824219,102.76000213623047,103.16999816894531,90.44281005859375,18105700
2023-06-28,103.41000366210938,103.83999633789062,102.83000183105469,103.61000061035156,90.82852935791016,23826800
2023-06-29,102.16999816894531,102.33999633789062,101.44999694824219,101.73999786376953,89.1892318725586,41091600
2023-06-30,102.05999755859375,103.05999755859375,101.87000274658203,102.94000244140625,90.2411880493164,32024900
2023-07-03,102.83999633789062,103.26000213623047,102.05999755859375,102.08000183105469,89.7296142578125,16011800
2023-07-05,101.88999938964844,102.0,100.73999786376953,101.11000061035156,88.87696838378906,28170300
2023-07-06,100.19999694824219,100.37999725341797,99.47000122070312,99.68000030517578,87.61998748779297,41375700
2023-07-07,99.18000030517578,99.5999984741211,98.98999786376953,99.08000183105469,87.09256744384766,28996500
2023-07-10,98.86000061035156,99.52999877929688,98.8499984741211,99.20999908447266,87.20685577392578,24665200
2023-07-11,99.56999969482422,99.97000122070312,99.29000091552734,99.72000122070312,87.65512084960938,20485500
2023-07-12,100.0999984741211,101.12000274658203,99.7699966430664,100.83000183105469,88.63084411621094,31928000
2023-07-13,101.30999755859375,101.97000122070312,101.02999877929688,101.88999938964844,89.56257629394531,32441500
2023-07-14,101.72000122070312,101.94000244140625,101.23999786376953,101.29000091552734,89.03520965576172,18569000
2023-07-17,101.2300033569336,101.48999786376953,100.91999816894531,101.33999633789062,89.07913970947266,18822000
2023-07-18,101.80000305175781,102.06999969482422,101.56999969482422,101.80000305175781,89.48347473144531,15407400
2023-07-19,102.0,102.9800033569336,101.7300033569336,102.94999694824219,90.49436950683594,27192500
2023-07-20,102.22000122070312,102.30999755859375,101.27999877929688,101.69999694824219,89.39556121826172,56951200
2023-07-21,102.16000366210938,102.3499984741211,101.62999725341797,101.7300033569336,89.42195892333984,20657500
2023-07-24,101.98999786376953,102.1500015258789,101.30000305175781,101.36000061035156,89.09672546386719,17546700
2023-07-25,100.83000183105469,101.5,100.80000305175781,101.16999816894531,88.92969512939453,17160600
2023-07-26,101.68000030517578,101.69000244140625,100.93000030517578,101.2699966430664,89.01759338378906,19310700
2023-07-27,100.70999908447266,100.93000030517578,98.91000366210938,99.30000305175781,87.28594970703125,44794400
2023-07-28,99.4000015258789,99.86000061035156,99.1500015258789,99.80999755859375,87.73421478271484,27434000
2023-07-31,99.6500015258789,100.33000183105469,99.62000274658203,100.05000305175781,87.9452133178711,28663800
2023-08-01,98.83999633789062,98.91999816894531,97.9000015258789,98.13999938964844,86.50403594970703,34943400
2023-08-02,97.04000091552734,97.23999786376953,96.41000366210938,97.08999633789062,85.57855224609375,38121300
2023-08-03,95.19000244140625,95.31999969482422,94.54000091552734,94.8499984741211,83.6041488647461,59394800
2023-08-04,95.1500015258789,96.68000030517578,95.12999725341797,96.52999877929688,85.0849609375,42071800
2023-08-07,96.11000061035156,96.19999694824219,95.5,95.58000183105469,84.24755859375,35862900
2023-08-08,96.86000061035156,97.37000274658203,96.44000244140625,96.69000244140625,85.22598266601562,24010500
2023-08-09,96.87999725341797,97.29000091552734,96.83999633789062,97.19000244140625,85.66670989990234,20151100
2023-08-10,97.04000091552734,97.36000061035156,95.58999633789062,95.58999633789062,84.25639343261719,37253200
2023-08-11,95.30000305175781,95.87000274658203,95.19999694824219,95.37000274658203,84.06246185302734,26753500
2023-08-14,95.20999908447266,95.93000030517578,94.9000015258789,95.16000366210938,83.87738037109375,19072000
2023-08-15,94.80000305175781,95.19999694824219,94.55999755859375,94.58000183105469,83.36614990234375,24125000
2023-08-16,94.27999877929688,94.79000091552734,93.72000122070312,93.83999633789062,82.71390533447266,23076700
2023-08-17,93.5,93.61000061035156,93.0199966430664,93.44000244140625,82.36132049560547,32244900
2023-08-18,93.43000030517578,94.19000244140625,93.30000305175781,93.7699966430664,82.65219116210938,24181700
2023-08-21,92.66000366210938,92.76000213623047,92.2300033569336,92.5199966430664,81.5503921508789,29254100
2023-08-22,92.63999938964844,93.27999877929688,92.45999908447266,93.2300033569336,82.17623138427734,21308700
2023-08-23,94.30000305175781,95.55000305175781,94.2300033569336,95.54000091552734,84.21232604980469,38294700
2023-08-24,95.12999725341797,95.55000305175781,94.88999938964844,94.91000366210938,83.65702819824219,22300800
2023-08-25,94.66000366210938,95.51000213623047,94.51000213623047,95.22000122070312,83.93026733398438,23865200
2023-08-28,95.6500015258789,95.66000366210938,94.88999938964844,95.31999969482422,84.01841735839844,16037300
2023-08-29,94.97000122070312,96.51000213623047,94.94000244140625,96.30999755859375,84.89103698730469,28478100
2023-08-30,96.16000366210938,96.4000015258789,95.87999725341797,96.20999908447266,84.80287170410156,17550100
2023-08-31,96.54000091552734,97.05000305175781,96.43000030517578,96.63999938964844,85.18190002441406,26959700
2023-09-01,95.80000305175781,95.81999969482422,94.62000274658203,94.8499984741211,83.85491180419922,32469700
2023-09-05,94.27999877929688,94.29000091552734,93.48999786376953,93.5199966430664,82.67906951904297,29435900
2023-09-06,94.08999633789062,94.11000061035156,93.45999908447266,93.75,82.88240814208984,23636300
2023-09-07,94.0,94.06999969482422,93.68000030517578,94.01000213623047,83.1122817993164,18091500
2023-09-08,94.37999725341797,94.9000015258789,94.16999816894531,94.37000274658203,83.4305419921875,17052100
2023-09-11,93.69999694824219,93.9800033569336,93.55000305175781,93.69000244140625,82.8293685913086,17061500
2023-09-12,93.88999938964844,94.23999786376953,93.58000183105469,94.2300033569336,83.30677032470703,20034300
2023-09-13,93.91999816894531,94.52999877929688,93.81999969482422,94.20999908447266,83.2890853881836,23332300
2023-09-14,93.94000244140625,94.20999908447266,93.4000015258789,93.52999877929688,82.68791961669922,27800600
2023-09-15,93.45999908447266,93.4800033569336,92.95999908447266,92.95999908447266,82.18396759033203,25642900
2023-09-18,92.8499984741211,93.52999877929688,92.81999969482422,93.48999786376953,82.65254211425781,17963400
2023-09-19,93.08000183105469,93.43000030517578,92.80000305175781,92.80000305175781,82.04253387451172,24941800
2023-09-20,93.29000091552734,93.5999984741211,93.04000091552734,93.08999633789062,82.29890441894531,29451200
2023-09-21,91.29000091552734,91.37000274658203,90.69000244140625,90.69999694824219,80.18594360351562,59958700
2023-09-22,90.80999755859375,91.61000061035156,90.66999816894531,91.43000030517578,80.83135223388672,29524500
2023-09-25,89.66000366210938,90.04000091552734,89.1500015258789,89.18000030517578,78.84217071533203,45587900
2023-09-26,89.43000030517578,89.62000274658203,88.70999908447266,88.87000274658203,78.5681381225586,38104100
2023-09-27,89.54000091552734,89.62000274658203,88.08999633789062,88.41000366210938,78.16145324707031,47111200
2023-09-28,87.62000274658203,88.7300033569336,87.0999984741211,88.68000030517578,78.40011596679688,60238000
2023-09-29,89.2699966430664,89.48999786376953,88.12999725341797,88.69000244140625,78.40900421142578,49010100
2023-10-02,87.81999969482422,87.93000030517578,86.70999908447266,86.93000030517578,77.09636688232422,44704300
2023-10-03,86.30999755859375,86.6500015258789,84.88999938964844,85.05999755859375,75.43792724609375,71362600
2023-10-04,85.7699966430664,86.30999755859375,85.37000274658203,86.26000213623047,76.50218200683594,56281600
2023-10-05,86.11000061035156,86.19000244140625,85.63999938964844,85.83000183105469,76.12083435058594,35758800
2023-10-06,84.19999694824219,85.69000244140625,84.05999755859375,84.79000091552734,75.1984634399414,62787900
2023-10-09,85.5,86.80000305175781,84.94999694824219,86.77999877929688,76.9633560180664,29424900
2023-10-10,85.8499984741211,87.16999816894531,85.5199966430664,86.66000366210938,76.8569564819336,54743900
2023-10-11,87.8499984741211,88.47000122070312,87.5999984741211,88.47000122070312,78.46221160888672,58517700
2023-10-12,88.05000305175781,88.19000244140625,85.93000030517578,86.06999969482422,76.33367156982422,66986700
2023-10-13,87.5999984741211,87.83000183105469,87.16999816894531,87.61000061035156,77.69947052001953,44183800
2023-10-16,86.19000244140625,86.37000274658203,85.9000015258789,86.19999694824219,76.44896697998047,38309800
2023-10-17,84.88999938964844,85.62999725341797,84.5,85.25,75.60643005371094,52949100
2023-10-18,84.37999725341797,84.72000122070312,83.8499984741211,84.5,74.94127655029297,63724600
2023-10-19,83.87999725341797,84.56999969482422,82.73999786376953,82.7699966430664,73.40696716308594,87696900
2023-10-20,82.98999786376953,83.54000091552734,82.7699966430664,83.23999786376953,73.82380676269531,52188800
2023-10-23,82.80999755859375,84.86000061035156,82.41999816894531,84.23999786376953,74.710693359375,70890400
2023-10-24,84.44000244140625,85.3499984741211,84.08999633789062,85.3499984741211,75.69512939453125,46267700
2023-10-25,84.0199966430664,84.12999725341797,83.12999725341797,83.44999694824219,74.01006317138672,60737200
2023-10-26,83.4800033569336,84.81999969482422,83.4000015258789,84.7300033569336,75.14527130126953,49704100
2023-10-27,84.19000244140625,84.97000122070312,83.73999786376953,84.37000274658203,74.82599639892578,32362300
2023-10-30,83.80999755859375,84.5,83.23999786376953,83.98999786376953,74.48897552490234,45026900
2023-10-31,84.37000274658203,84.7699966430664,83.55000305175781,83.58000183105469,74.12535095214844,37269200
2023-11-01,84.04000091552734,85.12000274658203,84.0199966430664,85.0999984741211,75.73255920410156,72308500
2023-11-02,86.68000030517578,87.30999755859375,86.22000122070312,87.04000091552734,77.45897674560547,69739400
2023-11-03,88.80999755859375,89.05000305175781,87.58000183105469,87.62999725341797,77.98403930664062,77692300
2023-11-06,87.06999969482422,87.19999694824219,86.5999984741211,86.77999877929688,77.22761535644531,41341900
2023-11-07,87.61000061035156,88.5,87.58999633789062,88.05999755859375,78.3667221069336,37834200
2023-11-08,88.4800033569336,89.62000274658203,88.44999694824219,89.55999755859375,79.70159912109375,53893400
2023-11-09,88.94000244140625,89.02999877929688,86.73999786376953,87.5,77.86837768554688,88975100
2023-11-10,88.2300033569336,88.43000030517578,87.7699966430664,87.98999786376953,78.30445861816406,36516400
2023-11-13,87.22000122070312,87.94000244140625,86.9000015258789,87.79000091552734,78.1264419555664,25661500
2023-11-14,90.0,90.1500015258789,89.29000091552734,89.77999877929688,79.89740753173828,65666800
2023-11-15,89.01000213623047,89.13999938964844,88.30999755859375,88.5199966430664,78.77608489990234,56205300
2023-11-16,89.30000305175781,89.95999908447266,89.25,89.62000274658203,79.75501251220703,49473900
2023-11-17,90.16000366210938,90.43000030517578,89.63999938964844,90.04000091552734,80.12875366210938,44091400
2023-11-20,89.62000274658203,90.66000366210938,89.61000061035156,90.58999633789062,80.61823272705078,40477800
2023-11-21,90.5,90.80000305175781,89.88999938964844,90.55000305175781,80.5826187133789,27721000
2023-11-22,91.12000274658203,91.31999969482422,90.37999725341797,90.87000274658203,80.867431640625,31197500
2023-11-24,90.0999984741211,90.26000213623047,89.79000091552734,89.80000305175781,79.91520690917969,20199600
2023-11-27,90.30000305175781,91.33999633789062,90.20999908447266,91.30000305175781,81.2500991821289,39804400
2023-11-28,90.91000366210938,91.52999877929688,90.79000091552734,91.4800033569336,81.4102783203125,44989300
2023-11-29,92.11000061035156,92.69999694824219,91.77999877929688,92.62999725341797,82.43366241455078,61647800
2023-11-30,91.97000122070312,92.29000091552734,91.16000366210938,91.55999755859375,81.48143768310547,60520900
2023-12-01,91.30999755859375,93.05999755859375,91.12999725341797,92.98999786376953,83.01610565185547,64172200
2023-12-04,92.48999786376953,92.83000183105469,92.08999633789062,92.62000274658203,82.685791015625,33766300
2023-12-05,93.62999725341797,94.62000274658203,93.56999969482422,94.61000061035156,84.46231079101562,73588600
2023-12-06,95.08000183105469,96.05000305175781,94.87000274658203,95.87000274658203,85.58721160888672,61606100
2023-12-07,95.18000030517578,96.08000183105469,95.05999755859375,95.31999969482422,85.09617614746094,47970200
2023-12-08,94.41999816894531,94.72000122070312,93.91000366210938,94.54000091552734,84.39983367919922,44809200
2023-12-11,94.01000213623047,94.44000244140625,93.52999877929688,94.33999633789062,84.22129821777344,33909700
2023-12-12,94.1500015258789,94.69999694824219,93.9000015258789,94.62000274658203,84.47126007080078,36996900
2023-12-13,95.16999816894531,96.9800033569336,95.0199966430664,96.83999633789062,86.45316314697266,70828500
2023-12-14,97.66000366210938,99.04000091552734,97.41999816894531,99.04000091552734,88.70204162597656,87798600
2023-12-15,98.69000244140625,99.3499984741211,98.58000183105469,99.1500015258789,88.80057525634766,59941300
2023-12-18,98.5,98.5,98.0199966430664,98.36000061035156,88.09304809570312,34746000
2023-12-19,98.86000061035156,99.26000213623047,98.66000366210938,98.88999938964844,88.56770324707031,30018400
2023-12-20,99.11000061035156,99.69000244140625,98.58000183105469,99.55999755859375,89.16777038574219,51229400
2023-12-21,99.73999786376953,99.83999633789062,98.75,98.93000030517578,88.60353088378906,65231200
2023-12-22,99.37999725341797,99.37999725341797,98.23999786376953,98.4800033569336,88.20050811767578,29244200
2023-12-26,98.54000091552734,98.87000274658203,98.4800033569336,98.76000213623047,88.45125579833984,24019700
2023-12-27,99.77999877929688,100.52999877929688,99.5,100.51000213623047,90.01861572265625,45082800
2023-12-28,100.08999633789062,100.56999969482422,99.55999755859375,99.77999877929688,89.36479187011719,36213000
2023-12-29,99.12999725341797,99.81999969482422,98.80000305175781,98.87999725341797,88.55875396728516,41616200
2024-01-02,98.2300033569336,98.6500015258789,98.0,98.30999755859375,88.04824829101562,47797400
2024-01-03,97.37999725341797,98.8499984741211,97.1500015258789,98.72000122070312,88.41546630859375,58159500
2024-01-04,97.41999816894531,97.63999938964844,97.06999969482422,97.22000122070312,87.07200622558594,52604500
2024-01-05,96.5,97.68000030517578,96.20999908447266,96.29000091552734,86.23912811279297,45894800
2024-01-08,96.2300033569336,97.37999725341797,96.08999633789062,97.23999786376953,87.08993530273438,39485800
2024-01-09,96.63999938964844,97.16999816894531,96.58999633789062,96.62000274658203,86.53465270996094,34374000
2024-01-10,96.91999816894531,97.05000305175781,96.12000274658203,96.16999816894531,86.1316146850586,48227800
2024-01-11,96.16999816894531,96.83000183105469,95.70999908447266,96.70999908447266,86.61524963378906,78858900
2024-01-12,96.77999877929688,97.2699966430664,96.2699966430664,96.5199966430664,86.44508361816406,38883900
2024-01-16,95.62000274658203,95.79000091552734,94.51000213623047,94.81999969482422,84.92254638671875,61716700
2024-01-17,94.5999984741211,95.0,94.16000366210938,94.66999816894531,84.78819274902344,55506800
2024-01-18,94.45999908447266,94.58000183105469,93.51000213623047,93.79000091552734,84.00005340576172,77339100
2024-01-19,93.70999908447266,94.16999816894531,93.26000213623047,94.08999633789062,84.26874542236328,47030900
2024-01-22,94.81999969482422,95.08000183105469,94.38999938964844,94.6500015258789,84.77027893066406,35756400
2024-01-23,93.88999938964844,93.98999786376953,93.43000030517578,93.9000015258789,84.09857940673828,35786700
2024-01-24,94.51000213623047,94.54000091552734,93.0999984741211,93.3499984741211,83.60597229003906,54574900
2024-01-25,94.0,94.22000122070312,93.56999969482422,93.95999908447266,84.15231323242188,57019400
2024-01-26,93.93000030517578,94.06999969482422,93.48999786376953,93.77999877929688,83.9910888671875,29276900
2024-01-29,94.30999755859375,95.16999816894531,94.12000274658203,94.86000061035156,84.9583740234375,38243600
2024-01-30,95.4800033569336,95.83999633789062,94.73999786376953,95.72000122070312,85.72858428955078,40151400
2024-01-31,96.22000122070312,96.91000366210938,96.0,96.66000366210938,86.57048797607422,80646700
2024-02-01,97.41999816894531,98.66999816894531,97.19000244140625,98.23999786376953,88.26863861083984,84291200
2024-02-02,96.2699966430664,96.62000274658203,95.69000244140625,96.06999969482422,86.31890869140625,63823300
2024-02-05,94.62999725341797,94.8499984741211,94.0199966430664,94.12999725341797,84.57581329345703,53827400
2024-02-06,94.23999786376953,95.1500015258789,94.20999908447266,95.05000305175781,85.40242004394531,33411500
2024-02-07,94.56999969482422,95.2300033569336,94.5199966430664,94.58999633789062,84.98912048339844,40120200
2024-02-08,94.0199966430664,94.30000305175781,93.66000366210938,94.04000091552734,84.49494171142578,50087700
2024-02-09,93.76000213623047,94.01000213623047,93.66000366210938,93.8499984741211,84.32423400878906,27951300
2024-02-12,93.9000015258789,94.13999938964844,93.5,93.95999908447266,84.42306518554688,27890300
2024-02-13,92.86000061035156,93.05999755859375,92.33000183105469,92.3499984741211,82.9764633178711,49768500
2024-02-14,92.30000305175781,93.05000305175781,92.2300033569336,92.81999969482422,83.3987808227539,44191600
2024-02-15,93.55999755859375,93.72000122070312,93.0,93.30000305175781,83.83003997802734,49598500
2024-02-16,92.4800033569336,92.8499984741211,92.33999633789062,92.76000213623047,83.3448715209961,33116800
2024-02-20,92.79000091552734,93.19000244140625,92.72000122070312,92.83999633789062,83.4167251586914,24469300
2024-02-21,92.83000183105469,92.9000015258789,92.01000213623047,92.18000030517578,82.82374572753906,36343100
2024-02-22,92.33000183105469,92.76000213623047,92.2699966430664,92.62999725341797,83.22805786132812,45190700
2024-02-23,92.75,94.0,92.75,93.87000274658203,84.34219360351562,38406700
2024-02-26,94.0,94.02999877929688,93.19000244140625,93.58999633789062,84.09062194824219,27855000
2024-02-27,93.23999786376953,93.47000122070312,92.8499984741211,92.93000030517578,83.49761962890625,30242000
2024-02-28,93.08000183105469,93.5999984741211,92.9000015258789,93.5199966430664,84.0277328491211,34574200
2024-02-29,93.81999969482422,94.30000305175781,93.77999877929688,94.18000030517578,84.62073516845703,51038600
2024-03-01,93.44000244140625,94.51000213623047,93.01000213623047,94.47000122070312,85.14801025390625,45832800
2024-03-04,93.69999694824219,94.16000366210938,93.68000030517578,94.08999633789062,84.80551147460938,23864200
2024-03-05,95.2300033569336,95.68000030517578,94.97000122070312,95.43000030517578,86.0132827758789,37721900
2024-03-06,95.48999786376953,96.16999816894531,95.41000366210938,95.98999786376953,86.51802825927734,40571600
2024-03-07,96.36000061035156,96.4000015258789,95.4800033569336,95.9000015258789,86.43689727783203,39075000
2024-03-08,95.80000305175781,96.05000305175781,95.4800033569336,95.7300033569336,86.2836685180664,25023200
2024-03-11,95.95999908447266,96.01000213623047,95.37000274658203,95.68000030517578,86.23860168457031,17787900
2024-03-12,95.04000091552734,95.20999908447266,94.69000244140625,94.87999725341797,85.51753997802734,29566000
2024-03-13,94.5,94.73999786376953,94.20999908447266,94.41999816894531,85.10293579101562,38270100
2024-03-14,93.7300033569336,93.75,92.86000061035156,92.97000122070312,83.7960205078125,58365600
2024-03-15,93.05999755859375,93.19000244140625,92.79000091552734,92.94000244140625,83.76896667480469,34997700
2024-03-18,92.7300033569336,92.98999786376953,92.5,92.66000366210938,83.51663208007812,29519500
2024-03-19,92.8499984741211,93.2699966430664,92.69000244140625,92.91999816894531,83.75096893310547,26953100
2024-03-20,93.0999984741211,93.79000091552734,92.29000091552734,92.88999938964844,83.72392272949219,43460100
2024-03-21,93.2699966430664,93.43000030517578,92.7300033569336,93.08999633789062,83.9041748046875,34276600
2024-03-22,94.19000244140625,94.20999908447266,93.77999877929688,93.9800033569336,84.70635986328125,30262300
2024-03-25,93.70999908447266,93.75,93.30000305175781,93.51000213623047,84.2827377319336,24011800
2024-03-26,93.51000213623047,93.87000274658203,93.27999877929688,93.7699966430664,84.51708984375,34423000
2024-03-27,93.98999786376953,94.69999694824219,93.94000244140625,94.69999694824219,85.35531616210938,50157800
2024-03-28,94.48999786376953,95.0199966430664,94.31999969482422,94.62000274658203,85.283203125,34540400
2024-04-01,93.29000091552734,93.30000305175781,92.45999908447266,92.55000305175781,83.69342803955078,48945400
2024-04-02,91.56999969482422,92.19999694824219,91.33999633789062,92.04000091552734,83.23224639892578,43086300
2024-04-03,91.26000213623047,92.05000305175781,91.05000305175781,92.0199966430664,83.21414947509766,45494400
2024-04-04,92.62999725341797,92.76000213623047,92.04000091552734,92.68000030517578,83.81099700927734,47957400
2024-04-05,91.69000244140625,92.18000030517578,91.37999725341797,91.38999938964844,82.64444732666016,42495900
2024-04-08,91.2300033569336,91.58999633789062,91.12999725341797,91.37999725341797,82.63539123535156,37879800
2024-04-09,91.87000274658203,92.36000061035156,91.83999633789062,92.2300033569336,83.404052734375,32522000
2024-04-10,91.19999694824219,91.30000305175781,90.05000305175781,90.22000122070312,81.58638000488281,74368900
2024-04-11,90.37999725341797,90.44000244140625,89.51000213623047,89.80999755859375,81.21566009521484,65751200
2024-04-12,90.63999938964844,90.94999694824219,90.27999877929688,90.29000091552734,81.64969635009766,47900100
2024-04-15,89.22000122070312,89.26000213623047,88.5199966430664,88.88999938964844,80.3836898803711,55993100
2024-04-16,88.05000305175781,88.58000183105469,87.79000091552734,88.30000305175781,79.85014343261719,45103200
2024-04-17,88.87000274658203,89.37999725341797,88.45999908447266,89.27999877929688,80.73634338378906,57947000
2024-04-18,89.23999786376953,89.2699966430664,88.58999633789062,88.83000183105469,80.32942199707031,43839500
2024-04-19,89.38999938964844,89.38999938964844,88.91000366210938,89.1500015258789,80.6187973022461,44826800
2024-04-22,88.68000030517578,89.12000274658203,88.6500015258789,89.0,80.483154296875,24969000
2024-04-23,88.7300033569336,89.54000091552734,88.55000305175781,89.02999877929688,80.51028442382812,27222700
2024-04-24,88.55999755859375,88.62999725341797,87.5,88.4000015258789,79.94056701660156,48986800
2024-04-25,87.45999908447266,87.9000015258789,87.33999633789062,87.77999877929688,79.3799057006836,49282600
2024-04-26,88.25,88.61000061035156,88.05000305175781,88.23999786376953,79.7958755493164,31589800
2024-04-29,88.66000366210938,89.0199966430664,88.4800033569336,88.9800033569336,80.4650650024414,39228600
2024-04-30,88.41999816894531,88.7300033569336,88.0999984741211,88.22000122070312,79.77777099609375,41054700
2024-05-01,88.5999984741211,89.20999908447266,88.23999786376953,88.55999755859375,80.36580657958984,59679500
2024-05-02,88.20999908447266,89.01000213623047,88.02999877929688,88.94000244140625,80.7106704711914,58925400
2024-05-03,89.93000030517578,90.12000274658203,89.2699966430664,89.83999633789062,81.52740478515625,50066100
2024-05-06,89.87000274658203,90.25,89.66999816894531,90.19000244140625,81.84503173828125,23868200
2024-05-07,90.9000015258789,91.23999786376953,90.61000061035156,90.73999786376953,82.34413146972656,30525800
2024-05-08,90.30999755859375,90.45999908447266,90.16000366210938,90.19000244140625,81.84503173828125,31171700
2024-05-09,89.87000274658203,90.7699966430664,89.81999969482422,90.62999725341797,82.24432373046875,39606700
2024-05-10,90.27999877929688,90.37999725341797,89.95999908447266,90.12000274658203,81.78148651123047,21913800
2024-05-13,90.55000305175781,90.61000061035156,90.30999755859375,90.3499984741211,81.99020385742188,23157500
2024-05-14,90.6500015258789,90.91999816894531,90.41999816894531,90.86000061035156,82.45303344726562,25746400
2024-05-15,91.87000274658203,92.26000213623047,91.62999725341797,92.0999984741211,83.57830047607422,65142900
2024-05-16,92.38999938964844,92.41999816894531,91.94000244140625,92.01000213623047,83.49662780761719,37902400
2024-05-17,91.63999938964844,91.80000305175781,91.33999633789062,91.38999938964844,82.93399047851562,24755000
2024-05-20,91.08000183105469,91.31999969482422,91.01000213623047,91.12000274658203,82.68897247314453,17922800
2024-05-21,91.7300033569336,91.7699966430664,91.43000030517578,91.58999633789062,83.11549377441406,15334400
2024-05-22,91.2699966430664,91.77999877929688,91.26000213623047,91.69999694824219,83.21529388427734,38073700
2024-05-23,91.80000305175781,91.80000305175781,90.81999969482422,91.11000061035156,82.67989349365234,51294700
2024-05-24,90.97000122070312,91.47000122070312,90.9000015258789,91.37999725341797,82.9249038696289,19164400
2024-05-28,91.33000183105469,91.36000061035156,90.02999877929688,90.06999969482422,81.73613739013672,45973700
2024-05-29,89.33999633789062,89.4000015258789,88.68000030517578,88.9800033569336,80.74697875976562,45508400
2024-05-30,89.5999984741211,89.97000122070312,89.44000244140625,89.83999633789062,81.52740478515625,29548600
2024-05-31,90.4800033569336,90.66000366210938,90.25,90.44999694824219,82.08096313476562,41308800
2024-06-03,90.63999938964844,91.66999816894531,90.61000061035156,91.5999984741211,83.4085693359375,42272100
2024-06-04,92.19999694824219,92.80000305175781,91.98999786376953,92.66999816894531,84.38289642333984,42581500
2024-06-05,93.0,93.3499984741211,92.38999938964844,93.3499984741211,85.00208282470703,43153900
2024-06-06,92.91999816894531,93.43000030517578,92.86000061035156,93.20999908447266,84.87460327148438,22891900
2024-06-07,91.83000183105469,91.83000183105469,91.4000015258789,91.5,83.31751251220703,35240500
2024-06-10,91.0,91.05999755859375,90.6500015258789,90.88999938964844,82.76207733154297,20586500
2024-06-11,91.02999877929688,91.87000274658203,90.91999816894531,91.83000183105469,83.61802673339844,30329200
2024-06-12,93.0199966430664,93.56999969482422,92.48999786376953,92.5199966430664,84.24629974365234,42554600
2024-06-13,93.22000122070312,93.98999786376953,92.94999694824219,93.87999725341797,85.48469543457031,33093800
2024-06-14,94.41999816894531,94.83999633789062,94.23999786376953,94.66999816894531,86.20404052734375,28776700
2024-06-17,93.5199966430664,93.80999755859375,93.27999877929688,93.7300033569336,85.34811401367188,31040200
2024-06-18,93.88999938964844,94.5999984741211,93.7300033569336,94.58999633789062,86.13121032714844,26881000
2024-06-20,93.41000366210938,94.0,93.33999633789062,93.95999908447266,85.55752563476562,30246300
2024-06-21,94.23999786376953,94.4800033569336,93.58999633789062,93.95999908447266,85.55752563476562,22596400
2024-06-24,94.05000305175781,94.33999633789062,93.73999786376953,94.33999633789062,85.90357208251953,56939100
2024-06-25,94.06999969482422,94.55000305175781,94.04000091552734,94.5,86.04925537109375,22890200
2024-06-26,93.27999877929688,93.47000122070312,93.11000061035156,93.1500015258789,84.81995391845703,38489100
2024-06-27,93.5199966430664,93.70999908447266,93.41999816894531,93.5199966430664,85.15687561035156,23140800
2024-06-28,93.7300033569336,93.7699966430664,91.77999877929688,91.77999877929688,83.57247161865234,55119600
2024-07-01,90.41999816894531,91.08000183105469,89.81999969482422,89.91000366210938,82.13011932373047,49735400
2024-07-02,90.68000030517578,90.80999755859375,90.08000183105469,90.61000061035156,82.7695541381836,34204700
2024-07-03,91.16999816894531,91.88999938964844,91.08999633789062,91.80000305175781,83.8565673828125,35563300
2024-07-05,92.2699966430664,92.7300033569336,91.9000015258789,92.55999755859375,84.5508041381836,34895500
2024-07-08,92.54000091552734,92.8499984741211,92.22000122070312,92.76000213623047,84.7334976196289,16095700
2024-07-09,92.47000122070312,92.68000030517578,91.87000274658203,92.3499984741211,84.3589859008789,30289800
2024-07-10,92.44999694824219,92.68000030517578,92.26000213623047,92.63999938964844,84.62390899658203,23572500
2024-07-11,93.68000030517578,94.13999938964844,93.47000122070312,93.54000091552734,85.44599914550781,49761800
2024-07-12,93.52999877929688,93.94000244140625,93.33999633789062,93.94000244140625,85.81138610839844,27796500
2024-07-15,93.0,93.30000305175781,92.77999877929688,92.86000061035156,84.82484436035156,37918900
2024-07-16,93.52999877929688,94.20999908447266,93.38999938964844,94.16999816894531,86.02149200439453,36383700
2024-07-17,93.91999816894531,94.4000015258789,93.69000244140625,94.19000244140625,86.0397720336914,29036800
2024-07-18,93.68000030517578,94.13999938964844,93.37999725341797,93.47000122070312,85.38208770751953,34553100
2024-07-19,93.04000091552734,93.16000366210938,92.81999969482422,92.91999816894531,84.8796615600586,32164700
2024-07-22,93.4000015258789,93.5199966430664,92.30000305175781,92.6500015258789,84.63302612304688,36160400
2024-07-23,92.80999755859375,93.02999877929688,92.48999786376953,92.5199966430664,84.51425170898438,23498000
2024-07-24,92.58999633789062,92.8499984741211,91.47000122070312,91.5199966430664,83.6008071899414,50757100
2024-07-25,92.02999877929688,92.86000061035156,91.95999908447266,92.2699966430664,84.28591918945312,44999100
2024-07-26,92.94999694824219,93.1500015258789,92.70999908447266,92.98999786376953,84.94361114501953,34423800
2024-07-29,93.66999816894531,93.69000244140625,93.22000122070312,93.48999786376953,85.40034484863281,25801300
2024-07-30,93.75,94.05000305175781,93.30000305175781,93.8499984741211,85.72917175292969,28169800
2024-07-31,94.52999877929688,94.83999633789062,94.23999786376953,94.80999755859375,86.60611724853516,47445300
2024-08-01,95.13999938964844,95.91000366210938,95.12000274658203,95.30999755859375,87.35305786132812,77254200
2024-08-02,97.0,98.37000274658203,96.88999938964844,98.27999877929688,90.07511901855469,91912900
2024-08-05,99.69000244140625,99.94000244140625,97.9000015258789,98.80000305175781,90.55171203613281,90686300
2024-08-06,98.1500015258789,98.41000366210938,96.58999633789062,96.58999633789062,88.52623748779297,61316900
2024-08-07,95.94999694824219,96.44999694824219,95.5,95.91000366210938,87.90298461914062,51337100
2024-08-08,95.12000274658203,95.4000015258789,94.83999633789062,95.31999969482422,87.36223602294922,37815800
2024-08-09,96.51000213623047,96.54000091552734,96.08999633789062,96.26000213623047,88.2237548828125,32141800
2024-08-12,96.02999877929688,96.81999969482422,95.87999725341797,96.61000061035156,88.54454040527344,24261400
2024-08-13,97.30000305175781,97.36000061035156,96.9800033569336,97.27999877929688,89.15860748291016,30366900
2024-08-14,97.55000305175781,98.16000366210938,97.51000213623047,97.88999938964844,89.71769714355469,31334100
2024-08-15,96.41000366210938,97.0999984741211,96.20999908447266,97.0999984741211,88.99362182617188,38723700
2024-08-16,97.44000244140625,97.54000091552734,97.01000213623047,97.44000244140625,89.30526733398438,28541000
2024-08-19,97.41999816894531,98.16000366210938,97.41000366210938,97.88999938964844,89.71769714355469,25322100
2024-08-20,98.31999969482422,98.86000061035156,98.12000274658203,98.66999816894531,90.43255615234375,25239300
2024-08-21,98.66999816894531,99.19999694824219,98.20999908447266,98.7300033569336,90.48755645751953,29230000
2024-08-22,98.2300033569336,98.30000305175781,97.43000030517578,97.75,89.58939361572266,33453800
2024-08-23,98.19000244140625,98.66999816894531,97.95999908447266,98.38999938964844,90.17594909667969,32005100
2024-08-26,98.69000244140625,98.69999694824219,98.08000183105469,98.13999938964844,89.94680786132812,23198700
2024-08-27,97.48999786376953,98.08000183105469,97.41000366210938,97.97000122070312,89.79100036621094,21507700
2024-08-28,98.01000213623047,98.19999694824219,97.7300033569336,97.8499984741211,89.6810302734375,18501400
2024-08-29,97.37000274658203,97.63999938964844,97.12999725341797,97.52999877929688,89.38774108886719,24988200
2024-08-30,97.68000030517578,97.98999786376953,96.47000122070312,96.48999786376953,88.43456268310547,42896200
2024-09-03,97.55999755859375,98.05999755859375,97.41999816894531,97.75,89.88093566894531,48947900
2024-09-04,97.87999725341797,99.02999877929688,97.80999755859375,99.01000213623047,91.03951263427734,40885200
2024-09-05,99.33999633789062,99.68000030517578,98.77999877929688,99.56999969482422,91.55442810058594,47450900
2024-09-06,99.55000305175781,100.77999877929688,99.19000244140625,99.55999755859375,91.54521942138672,57406400
2024-09-09,99.4000015258789,100.0999984741211,99.16000366210938,99.98999786376953,91.94059753417969,26961400
2024-09-10,99.87000274658203,100.91000366210938,99.81999969482422,100.69000244140625,92.58425903320312,31703400
2024-09-11,100.48999786376953,101.23999786376953,100.3499984741211,100.61000061035156,92.5107192993164,39497100
2024-09-12,100.36000061035156,100.55000305175781,99.69000244140625,100.13999938964844,92.07852935791016,41618700
2024-09-13,100.45999908447266,100.61000061035156,100.0199966430664,100.41000366210938,92.3268051147461,25722100
2024-09-16,100.62999725341797,101.37000274658203,100.41000366210938,101.33000183105469,93.17274475097656,30866300
2024-09-17,101.47000122070312,101.63999938964844,100.73999786376953,100.83999633789062,92.72217559814453,31699400
2024-09-18,100.23999786376953,100.7300033569336,99.54000091552734,99.58999633789062,91.57279968261719,48897000
2024-09-19,98.91999816894531,99.30999755859375,98.7699966430664,99.26000213623047,91.26937103271484,39979800
2024-09-20,98.98999786376953,99.25,98.72000122070312,98.87999725341797,90.91996765136719,37067600
2024-09-23,98.5,99.08999633789062,98.0199966430664,98.66999816894531,90.72687530517578,35703900
2024-09-24,98.0,98.88999938964844,97.8499984741211,98.6500015258789,90.70848083496094,31005400
2024-09-25,98.26000213623047,98.31999969482422,97.79000091552734,97.83000183105469,89.95448303222656,36738200
2024-09-26,98.06999969482422,98.25,97.41999816894531,98.05999755859375,90.16596984863281,33332300
2024-09-27,98.54000091552734,98.76000213623047,98.20999908447266,98.56999969482422,90.63493347167969,28317600
2024-09-30,98.63999938964844,98.70999908447266,97.87999725341797,98.0999984741211,90.20277404785156,34175500
2024-10-01,98.80000305175781,99.33000183105469,98.38999938964844,98.48999786376953,90.8540267944336,45254200
2024-10-02,97.36000061035156,97.7300033569336,97.05999755859375,97.66000366210938,90.08837890625,35810800
2024-10-03,97.33999633789062,97.51000213623047,96.73999786376953,96.73999786376953,89.23970031738281,39677800
2024-10-04,95.44000244140625,95.95999908447266,95.4000015258789,95.55000305175781,88.14196014404297,56954100
2024-10-07,94.9800033569336,95.2699966430664,94.76000213623047,94.83000183105469,87.477783203125,42606600
2024-10-08,94.38999938964844,95.02999877929688,94.33999633789062,94.98999786376953,87.6253890991211,33709600
2024-10-09,94.66999816894531,94.91000366210938,94.2300033569336,94.44999694824219,87.12724304199219,35807700
2024-10-10,93.87999725341797,94.08999633789062,93.41000366210938,94.08000183105469,86.78594970703125,53667400
2024-10-11,93.4800033569336,94.06999969482422,93.41999816894531,93.69999694824219,86.43538665771484,27406400
2024-10-14,93.04000091552734,93.77999877929688,92.9800033569336,93.7699966430664,86.49996185302734,28795300
2024-10-15,94.45999908447266,95.0,94.37000274658203,94.91000366210938,87.55158233642578,46429100
2024-10-16,95.38999938964844,95.62000274658203,95.13999938964844,95.30999755859375,87.92057037353516,32281500
2024-10-17,94.29000091552734,94.44000244140625,93.66999816894531,93.80000305175781,86.52765655517578,43427200
2024-10-18,94.05000305175781,94.27999877929688,93.86000061035156,93.87000274658203,86.59220886230469,25258600
2024-10-21,93.0199966430664,93.08999633789062,92.2300033569336,92.2300033569336,85.0793685913086,49504700
2024-10-22,92.6500015258789,92.76000213623047,92.08999633789062,92.31999969482422,85.16238403320312,32096900
2024-10-23,91.83999633789062,92.37000274658203,91.66000366210938,92.06999969482422,84.9317626953125,33354200
2024-10-24,92.2300033569336,93.0,91.95999908447266,92.66000366210938,85.47603607177734,32507400
2024-10-25,92.98999786376953,93.04000091552734,92.0199966430664,92.13999938964844,84.99635314941406,28667100
2024-10-28,92.2699966430664,92.29000091552734,91.41999816894531,91.88999938964844,84.76573181152344,33156500
2024-10-29,91.16999816894531,92.05999755859375,90.9800033569336,92.02999877929688,84.89485931396484,46545200
2024-10-30,92.83999633789062,93.29000091552734,92.16000366210938,92.30000305175781,85.14392852783203,41951100
2024-10-31,92.19999694824219,92.94000244140625,91.87000274658203,92.44999694824219,85.28231811523438,52173800
2024-11-01,92.26000213623047,92.5199966430664,90.80000305175781,90.83999633789062,84.0799560546875,80402000
2024-11-04,92.27999877929688,92.56999969482422,91.62999725341797,92.25,85.38504028320312,49747600
2024-11-05,92.02999877929688,92.9000015258789,91.5999984741211,92.73999786376953,85.83857727050781,46986000
2024-11-06,89.63999938964844,90.72000122070312,89.55000305175781,90.19999694824219,83.48759460449219,98895700
2024-11-07,90.75,91.62000274658203,90.6500015258789,91.33000183105469,84.53350830078125,56221400
2024-11-08,92.0,92.5999984741211,91.83999633789062,92.48999786376953,85.607177734375,56756200
2024-11-11,92.25,92.30000305175781,91.62000274658203,92.04000091552734,85.190673828125,22369200
2024-11-12,91.37000274658203,91.8499984741211,90.51000213623047,90.66000366210938,83.91337585449219,57908400
2024-11-13,91.5199966430664,91.54000091552734,89.72000122070312,89.80000305175781,83.11737823486328,49009100
2024-11-14,90.55999755859375,91.02999877929688,90.2699966430664,90.31999969482422,83.59867858886719,53328300
2024-11-15,89.91999816894531,90.6500015258789,89.51000213623047,90.08000183105469,83.37653350830078,73722400
2024-11-18,89.66000366210938,90.58999633789062,89.41999816894531,90.23999786376953,83.52462005615234,36010600
2024-11-19,90.81999969482422,91.06999969482422,90.62000274658203,90.69999694824219,83.95038604736328,29585100
2024-11-20,90.1500015258789,90.83000183105469,90.11000061035156,90.41000366210938,83.68199157714844,27755400
2024-11-21,90.44999694824219,90.8499984741211,90.0,90.33999633789062,83.61717224121094,28365700
2024-11-22,90.51000213623047,90.69999694824219,90.1500015258789,90.38999938964844,83.66344451904297,21547500
2024-11-25,92.19999694824219,92.77999877929688,91.98999786376953,92.7300033569336,85.82933807373047,56858000
2024-11-26,92.16000366210938,92.44000244140625,91.80999755859375,92.37000274658203,85.49612426757812,31122200
2024-11-27,93.04000091552734,93.37999725341797,92.66999816894531,93.01000213623047,86.08849334716797,39442200
2024-11-29,93.77999877929688,93.98999786376953,93.44000244140625,93.97000122070312,86.97704315185547,31905700
2024-12-02,93.2699966430664,94.1500015258789,93.0,93.87000274658203,87.18603515625,39406000
2024-12-03,93.93000030517578,94.02999877929688,92.98999786376953,93.05999755859375,86.43370056152344,32768900
2024-12-04,92.61000061035156,94.19000244140625,92.54000091552734,94.05999755859375,87.36249542236328,35851100
2024-12-05,93.72000122070312,94.38999938964844,93.66000366210938,94.25,87.53897094726562,23695800
2024-12-06,94.72000122070312,94.8499984741211,94.0199966430664,94.38999938964844,87.66900634765625,31761500
2024-12-09,93.98999786376953,94.04000091552734,93.47000122070312,93.5199966430664,86.86095428466797,30509600
2024-12-10,93.0199966430664,93.30000305175781,92.91000366210938,93.08000183105469,86.4522933959961,28706500
2024-12-11,93.06999969482422,93.29000091552734,92.11000061035156,92.19999694824219,85.63493347167969,38748400
2024-12-12,91.63999938964844,91.75,91.0,91.08000183105469,84.59469604492188,45368400
2024-12-13,90.80000305175781,90.8499984741211,90.08000183105469,90.1500015258789,83.73091125488281,39486000
2024-12-16,90.55000305175781,90.62000274658203,90.05000305175781,90.41999816894531,83.98168182373047,23482300
2024-12-17,90.5199966430664,90.98999786376953,90.45999908447266,90.63999938964844,84.18601989746094,23839900
2024-12-18,89.97000122070312,90.37000274658203,89.13999938964844,89.16000366210938,83.13334655761719,61328400
2024-12-19,88.06999969482422,88.38999938964844,87.51000213623047,87.80999755859375,81.87458801269531,99083300
2024-12-20,88.52999877929688,88.91000366210938,88.29000091552734,88.30999755859375,82.3407974243164,45542400
2024-12-23,88.16000366210938,88.2300033569336,87.44000244140625,87.5,81.58553314208984,32764600
2024-12-24,87.04000091552734,87.88999938964844,86.9800033569336,87.87000274658203,81.93052673339844,22377600
2024-12-26,87.20999908447266,87.95999908447266,87.19999694824219,87.81999969482422,81.8839111328125,19981800
2024-12-27,87.4800033569336,87.77999877929688,87.05999755859375,87.0999984741211,81.21257781982422,27262300
2024-12-30,87.83000183105469,88.04000091552734,87.66999816894531,87.80000305175781,81.86527252197266,48519600
2024-12-31,88.12999725341797,88.27999877929688,87.26000213623047,87.33000183105469,81.4270248413086,31917300
2025-01-02,87.80000305175781,88.12000274658203,87.20999908447266,87.56999969482422,81.65081024169922,27841300
2025-01-03,87.72000122070312,87.87999725341797,87.18000030517578,87.29000091552734,81.3897476196289,21962200
2025-01-06,87.05000305175781,87.2300033569336,86.66999816894531,86.9000015258789,81.02609252929688,30231500
2025-01-07,86.5999984741211,86.7699966430664,85.79000091552734,85.91999816894531,80.11233520507812,41757200
2025-01-08,85.47000122070312,86.19999694824219,85.33999633789062,86.02999877929688,80.21491241455078,44590800
2025-01-10,85.27999877929688,85.8499984741211,85.16000366210938,85.45999908447266,79.68344116210938,47115800
2025-01-13,85.52999877929688,85.66000366210938,85.04000091552734,85.43000030517578,79.65547180175781,33258900
2025-01-14,85.2300033569336,85.36000061035156,84.88999938964844,85.29000091552734,79.52493286132812,33412900
2025-01-15,86.69999694824219,86.9800033569336,86.4000015258789,86.76000213623047,80.89554595947266,54120700
2025-01-16,86.63999938964844,87.4000015258789,86.27999877929688,87.04000091552734,81.1566390991211,34651100
2025-01-17,87.43000030517578,87.4800033569336,87.04000091552734,87.19000244140625,81.29650115966797,29875600
2025-01-21,87.88999938964844,88.16999816894531,87.62999725341797,87.97000122070312,82.02376556396484,30548600
2025-01-22,87.87000274658203,87.9800033569336,87.31999969482422,87.51000213623047,81.59485626220703,25278400
2025-01-23,86.63999938964844,86.98999786376953,86.52999877929688,86.83000183105469,80.96083068847656,31949000
2025-01-24,86.72000122070312,87.27999877929688,86.5999984741211,87.22000122070312,81.32445526123047,21110400
2025-01-27,88.16000366210938,88.43000030517578,87.8499984741211,88.25,82.28484344482422,42864200
2025-01-28,87.83999633789062,88.19999694824219,87.66000366210938,88.19000244140625,82.22889709472656,25519100
2025-01-29,88.43000030517578,88.62000274658203,87.62999725341797,88.01000213623047,82.06106567382812,25342800
2025-01-30,88.41000366210938,88.70999908447266,88.16999816894531,88.33999633789062,82.36875915527344,25094900
2025-01-31,88.37999725341797,88.66000366210938,87.43000030517578,87.76000213623047,81.82796478271484,48790100
2025-02-03,88.58000183105469,89.0999984741211,87.80000305175781,88.16000366210938,82.49421691894531,70657200
2025-02-04,87.55000305175781,88.44999694824219,87.4800033569336,88.43000030517578,82.74687194824219,33414000
2025-02-05,89.44999694824219,90.18000030517578,89.38999938964844,89.88999938964844,84.11300659179688,48331200
2025-02-06,89.86000061035156,90.1500015258789,89.55000305175781,89.8499984741211,84.07559967041016,22509900
2025-02-07,89.23999786376953,89.44999694824219,88.94000244140625,89.2699966430664,83.5328598022461,31171200
2025-02-10,89.26000213623047,89.52999877929688,88.8499984741211,89.0,83.28022003173828,22736100
2025-02-11,88.52999877929688,88.68000030517578,88.37999725341797,88.43000030517578,82.74687194824219,21513000
2025-02-12,87.29000091552734,87.5999984741211,86.86000061035156,87.2300033569336,81.62398529052734,48536200
2025-02-13,88.08999633789062,88.88999938964844,88.06999969482422,88.68000030517578,82.98079681396484,42718100
2025-02-14,89.37999725341797,89.68000030517578,89.12000274658203,89.1500015258789,83.42059326171875,27460700
2025-02-18,88.54000091552734,88.83999633789062,88.04000091552734,88.0999984741211,82.43807220458984,29429200
2025-02-19,87.94999694824219,88.44999694824219,87.88999938964844,88.20999908447266,82.54098510742188,20584300
2025-02-20,88.44999694824219,88.76000213623047,88.44999694824219,88.54000091552734,82.84980010986328,27913400
2025-02-21,88.87000274658203,89.93000030517578,88.81999969482422,89.61000061035156,83.85103607177734,46912300
2025-02-24,89.33000183105469,90.05999755859375,89.26000213623047,89.87000274658203,84.09431457519531,26218000
2025-02-25,90.97000122070312,91.5,90.80000305175781,91.41999816894531,85.54469299316406,50125100
2025-02-26,91.41999816894531,92.05999755859375,91.19999694824219,91.95999908447266,86.04998779296875,32220200
2025-02-27,91.30999755859375,91.79000091552734,91.13999938964844,91.30999755859375,85.4417724609375,53373600
2025-02-28,91.8499984741211,92.4800033569336,91.47000122070312,92.43000030517578,86.48978424072266,49388600
2025-03-03,91.41000366210938,92.70999908447266,91.37000274658203,92.56999969482422,86.8934326171875,42904200
2025-03-04,92.44000244140625,92.79000091552734,91.2699966430664,91.43000030517578,85.82333374023438,56722000
2025-03-05,91.55999755859375,91.80000305175781,90.61000061035156,90.69999694824219,85.13807678222656,50215900
2025-03-06,90.4800033569336,90.80000305175781,89.7300033569336,90.4000015258789,84.85649871826172,42827500
2025-03-07,91.13999938964844,91.16000366210938,89.98999786376953,90.11000061035156,84.58425903320312,36903600
2025-03-10,91.08000183105469,91.62999725341797,90.91000366210938,91.05000305175781,85.46662902832031,41440800
2025-03-11,90.97000122070312,91.48999786376953,90.13999938964844,90.4000015258789,84.85649871826172,40555700
2025-03-12,90.0,90.37999725341797,89.77999877929688,89.86000061035156,84.34960174560547,32734600
2025-03-13,89.58000183105469,90.70999908447266,89.37999725341797,90.6500015258789,85.09117126464844,38675400
2025-03-14,90.01000213623047,90.41000366210938,89.86000061035156,90.16999816894531,84.64060974121094,24658000
2025-03-17,90.80000305175781,91.18000030517578,90.37999725341797,90.62000274658203,85.06299591064453,26700300
2025-03-18,90.13999938964844,91.0199966430664,90.12000274658203,90.70999908447266,85.1474838256836,23654700
2025-03-19,90.68000030517578,91.22000122070312,90.37999725341797,91.18000030517578,85.58866119384766,31378700
2025-03-20,92.19999694824219,92.23999786376953,91.16000366210938,91.23999786376953,85.64496612548828,35645800
2025-03-21,91.33000183105469,91.44000244140625,90.62000274658203,90.69999694824219,85.13807678222656,29192100
2025-03-24,90.19999694824219,90.26000213623047,89.69999694824219,89.7699966430664,84.26512145996094,27985600
2025-03-25,89.56999969482422,90.08000183105469,89.51000213623047,89.76000213623047,84.25572967529297,22333800
2025-03-26,89.38999938964844,89.5999984741211,89.08999633789062,89.16999816894531,83.70191955566406,25095600
2025-03-27,88.8499984741211,89.02999877929688,88.62999725341797,88.91000366210938,83.4578628540039,23674500
2025-03-28,89.87999725341797,90.33999633789062,89.80999755859375,90.13999938964844,84.61244201660156,39869400
2025-03-31,91.2300033569336,91.33999633789062,90.36000061035156,91.02999877929688,85.44786834716797,38824300
2025-04-01,91.25,91.91000366210938,91.20999908447266,91.48999786376953,86.18830108642578,39800100
2025-04-02,92.37000274658203,92.37000274658203,90.66000366210938,91.43000030517578,86.13179779052734,43488400
2025-04-03,92.5199966430664,92.7300033569336,91.83999633789062,91.8499984741211,86.5274429321289,57467400
2025-04-04,93.6500015258789,94.08999633789062,92.81999969482422,92.8499984741211,87.46949768066406,92794200
2025-04-07,91.87999725341797,92.19000244140625,89.80000305175781,90.05000305175781,84.83177185058594,124987600
2025-04-08,89.27999877929688,90.19999694824219,88.22000122070312,88.3499984741211,83.23027038574219,73861900
2025-04-09,87.2699966430664,88.91000366210938,85.88999938964844,88.87000274658203,83.72013092041016,131353500
2025-04-10,87.73999786376953,88.18000030517578,86.3499984741211,86.41999816894531,81.41210174560547,78592000
2025-04-11,85.87000274658203,87.30000305175781,85.0,86.88999938964844,81.85486602783203,94814100
2025-04-14,87.4000015258789,87.70999908447266,86.81999969482422,87.51000213623047,82.43893432617188,37596400
2025-04-15,87.1500015258789,88.19000244140625,87.04000091552734,87.81999969482422,82.73097229003906,22553900
2025-04-16,87.80000305175781,88.5,87.47000122070312,88.30999755859375,83.19258117675781,35607300
2025-04-17,88.04000091552734,88.19999694824219,87.2300033569336,87.52999877929688,82.4577865600586,31758400
2025-04-21,86.5999984741211,87.06999969482422,85.9800033569336,86.0,81.01644897460938,39343200
2025-04-22,86.81999969482422,87.0199966430664,86.4000015258789,86.4800033569336,81.4686279296875,32552100
2025-04-23,88.87999725341797,89.05999755859375,87.16999816894531,87.31999969482422,82.25997924804688,44082200
2025-04-24,88.02999877929688,88.3499984741211,87.76000213623047,88.23999786376953,83.12664031982422,24190800
2025-04-25,88.9000015258789,89.11000061035156,88.5999984741211,88.88999938964844,83.73897552490234,22513900
2025-04-28,88.66000366210938,89.52999877929688,88.61000061035156,89.44999694824219,84.26651000976562,20130500
2025-04-29,89.31999969482422,90.20999908447266,89.30000305175781,90.19999694824219,84.97305297851562,22129500
2025-04-30,89.77999877929688,90.05000305175781,89.33000183105469,89.47000122070312,84.28536224365234,42630600
2025-05-01,89.26000213623047,89.27999877929688,88.30000305175781,88.69000244140625,83.85798645019531,29932800
2025-05-02,87.70999908447266,88.06999969482422,87.54000091552734,87.7300033569336,82.95030212402344,32090400
2025-05-05,87.3499984741211,87.41000366210938,86.83000183105469,87.23999786376953,82.48698425292969,22862800
2025-05-06,86.80000305175781,87.52999877929688,86.63999938964844,87.52999877929688,82.76119232177734,21095200
2025-05-07,87.91999816894531,88.20999908447266,87.81999969482422,87.9000015258789,83.11102294921875,23161600
2025-05-08,88.0199966430664,88.05999755859375,86.88999938964844,86.91999816894531,82.18441772460938,25483700
2025-05-09,87.0,87.30999755859375,86.91999816894531,87.05000305175781,82.3073501586914,17007900
2025-05-12,86.37999725341797,86.77999877929688,86.19000244140625,86.23999786376953,81.54147338867188,32115000
2025-05-13,86.12999725341797,86.29000091552734,85.5,85.88999938964844,81.21054077148438,53912200
2025-05-14,85.75,85.87000274658203,85.19999694824219,85.31999969482422,80.67158508300781,42119800
2025-05-15,85.62999725341797,86.31999969482422,85.4800033569336,86.06999969482422,81.3807373046875,59448000
2025-05-16,86.87000274658203,86.88999938964844,86.19999694824219,86.30000305175781,81.59821319580078,31778200
2025-05-19,84.91000366210938,86.12000274658203,84.83000183105469,86.05000305175781,81.36183166503906,49361900
2025-05-20,85.43000030517578,85.5999984741211,85.05999755859375,85.43000030517578,80.7756118774414,35493100
2025-05-21,84.68000030517578,85.05999755859375,83.76000213623047,83.97000122070312,79.39515686035156,77053100
2025-05-22,83.5199966430664,84.43000030517578,83.30000305175781,84.41000366210938,79.81117248535156,61747900
2025-05-23,84.7699966430664,84.81999969482422,84.30999755859375,84.55000305175781,79.94355010986328,47139200
2025-05-27,85.3499984741211,86.02999877929688,85.1500015258789,85.7300033569336,81.05928039550781,56773400
2025-05-28,85.41000366210938,85.54000091552734,84.97000122070312,85.36000061035156,80.70940399169922,34806800
2025-05-29,85.7699966430664,86.26000213623047,85.63999938964844,86.1500015258789,81.45638275146484,38933200
2025-05-30,86.08999633789062,86.47000122070312,85.87999725341797,86.27999877929688,81.57928466796875,49042100
2025-06-02,85.29000091552734,85.47000122070312,84.79000091552734,85.16000366210938,80.82007598876953,46213100
2025-06-03,85.44000244140625,85.73999786376953,84.88999938964844,85.01000213623047,80.6777114868164,33731300
2025-06-04,85.79000091552734,86.6500015258789,85.6500015258789,86.38999938964844,81.98738098144531,57441500
2025-06-05,86.68000030517578,86.93000030517578,86.22000122070312,86.44999694824219,82.04430389404297,37664700
2025-06-06,85.79000091552734,85.93000030517578,85.27999877929688,85.3499984741211,81.00037384033203,38130100
2025-06-09,85.04000091552734,85.63999938964844,85.04000091552734,85.44000244140625,81.08580780029297,26560800
2025-06-10,86.0999984741211,86.18000030517578,85.5199966430664,85.87999725341797,81.50336456298828,24857000
2025-06-11,85.80999755859375,86.4000015258789,85.70999908447266,86.13999938964844,81.7501220703125,36334800
2025-06-12,86.88999938964844,87.19999694824219,86.5999984741211,87.16999816894531,82.72761535644531,43017800
2025-06-13,86.7300033569336,86.87999725341797,85.77999877929688,86.33000183105469,81.9304428100586,49374000
2025-06-16,86.08000183105469,86.43000030517578,85.45999908447266,85.45999908447266,81.10476684570312,36496600
2025-06-17,86.0,86.66000366210938,85.75,86.5,82.09176635742188,34521600
2025-06-18,86.87999725341797,87.08999633789062,86.3499984741211,86.6500015258789,82.234130859375,38589000
2025-06-20,86.13999938964844,86.79000091552734,85.94999694824219,86.48999786376953,82.08226776123047,26001900
2025-06-23,86.93000030517578,87.44000244140625,86.7699966430664,86.7699966430664,82.34800720214844,36851800
2025-06-24,86.47000122070312,87.58999633789062,86.43000030517578,87.4000015258789,82.94591522216797,32959100
2025-06-25,87.11000061035156,87.51000213623047,86.80000305175781,87.51000213623047,83.05029296875,26345300
2025-06-26,87.58999633789062,87.94999694824219,87.19999694824219,87.94999694824219,83.46786499023438,30467500
2025-06-27,87.56999969482422,88.16000366210938,87.23999786376953,87.38999938964844,82.93640899658203,74993500
2025-06-30,87.86000061035156,88.44000244140625,87.61000061035156,88.25,83.7525863647461,53695200
2025-07-01,88.12999725341797,88.30999755859375,87.66000366210938,88.13999938964844,83.96025085449219,38960600
2025-07-02,87.19000244140625,87.58999633789062,87.0999984741211,87.58000183105469,83.42681121826172,39382200
2025-07-03,87.16999816894531,87.29000091552734,86.8499984741211,86.97000122070312,82.84574127197266,26729100
2025-07-07,86.54000091552734,86.55999755859375,85.91999816894531,86.13999938964844,82.05508422851562,38314700
2025-07-08,85.56999969482422,86.04000091552734,85.44000244140625,86.02999877929688,81.95030212402344,31407000
2025-07-09,86.19000244140625,86.93000030517578,86.18000030517578,86.93000030517578,82.80763244628906,29821900
2025-07-10,86.83000183105469,87.05999755859375,86.48999786376953,86.98999786376953,82.86479187011719,24525500
2025-07-11,86.2300033569336,86.2699966430664,85.63999938964844,85.79000091552734,81.72169494628906,40764800
2025-07-14,85.54000091552734,85.87999725341797,85.31999969482422,85.61000061035156,81.55023193359375,24609500
2025-07-15,85.88999938964844,85.91000366210938,84.9000015258789,85.01000213623047,80.97866821289062,40455000
2025-07-16,85.27999877929688,85.66000366210938,84.19000244140625,85.12999725341797,81.09297943115234,65987700
2025-07-17,85.22000122070312,85.48999786376953,84.98999786376953,85.11000061035156,81.07392120361328,31875500
2025-07-18,85.43000030517578,85.45999908447266,85.0999984741211,85.23999786376953,81.19776916503906,27534900
2025-07-21,86.22000122070312,86.51000213623047,85.95999908447266,86.0,81.9217300415039,40019500
2025-07-22,86.16999816894531,86.7699966430664,86.11000061035156,86.5199966430664,82.41705322265625,35190300
2025-07-23,86.05000305175781,86.19999694824219,85.79000091552734,86.04000091552734,81.9598388671875,31008500
2025-07-24,85.55000305175781,86.23999786376953,85.51000213623047,85.88999938964844,81.81695556640625,25164800
2025-07-25,85.80000305175781,86.44000244140625,85.72000122070312,86.43000030517578,82.33134460449219,27196200
2025-07-28,85.98999786376953,86.19999694824219,85.83000183105469,85.87000274658203,81.79790496826172,26812500
2025-07-29,86.2300033569336,87.33999633789062,86.19999694824219,87.31999969482422,83.17913055419922,47828300
2025-07-30,86.7699966430664,86.95999908447266,86.55999755859375,86.87000274658203,82.75047302246094,40670900
2025-07-31,87.12999725341797,87.41000366210938,86.83999633789062,86.91999816894531,82.79810333251953,49814100
2025-08-01,87.55999755859375,87.93000030517578,87.5199966430664,87.81999969482422,83.9752197265625,63434500
2025-08-04,87.95999908447266,88.1500015258789,87.6500015258789,88.05999755859375,84.20470428466797,36425200
2025-08-05,87.8499984741211,88.44999694824219,87.77999877929688,88.33000183105469,84.462890625,28586100
2025-08-06,87.83999633789062,88.05000305175781,86.91999816894531,87.81999969482422,83.9752197265625,42589300
2025-08-07,87.91999816894531,88.25,87.58999633789062,87.66999816894531,83.8317642211914,29213100
2025-08-08,87.36000061035156,87.38999938964844,87.1500015258789,87.29000091552734,83.46842193603516,21596300
2025-08-11,87.54000091552734,87.66999816894531,87.27999877929688,87.38999938964844,83.56402587890625,20100900
2025-08-12,86.9000015258789,86.97000122070312,86.55000305175781,86.94999694824219,83.14330291748047,41052300
2025-08-13,87.44000244140625,87.80999755859375,87.43000030517578,87.66999816894531,83.8317642211914,30817500
2025-08-14,87.51000213623047,87.51000213623047,86.88999938964844,87.0199966430664,83.21022033691406,33397400
2025-08-15,86.66000366210938,86.77999877929688,86.25,86.4000015258789,82.61737823486328,36343600
2025-08-18,86.5,86.54000091552734,85.98999786376953,86.1500015258789,82.37831115722656,26777500
2025-08-19,86.44999694824219,86.75,86.44999694824219,86.6500015258789,82.8564453125,28780600
2025-08-20,86.58999633789062,86.97000122070312,86.55999755859375,86.83999633789062,83.0381088256836,25912500
2025-08-21,86.55999755859375,86.68000030517578,86.11000061035156,86.41000366210938,82.62694549560547,28643900
2025-08-22,86.83000183105469,87.30000305175781,86.72000122070312,87.05000305175781,83.23892211914062,49871900
2025-08-25,86.7300033569336,87.05000305175781,86.6500015258789,86.80000305175781,82.99987030029297,27011900
2025-08-26,86.51000213623047,86.79000091552734,86.22000122070312,86.75,82.9520492553711,30259300
2025-08-27,86.11000061035156,86.66000366210938,86.0,86.6500015258789,82.8564453125,38142800
2025-08-28,86.77999877929688,87.26000213623047,86.66000366210938,87.22000122070312,83.40148162841797,32205900
2025-08-29,86.76000213623047,86.86000061035156,86.44000244140625,86.5999984741211,82.80860900878906,41686400
2025-09-02,85.62999725341797,85.83999633789062,85.4800033569336,85.62999725341797,82.19239044189453,48760600
2025-09-03,85.93000030517578,86.80999755859375,85.88999938964844,86.56999969482422,83.09465789794922,52499500
2025-09-04,87.0199966430664,87.23999786376953,86.58000183105469,87.2300033569336,83.72815704345703,40501600
2025-09-05,88.22000122070312,88.61000061035156,88.13999938964844,88.55999755859375,85.00477600097656,69668000
2025-09-08,89.16999816894531,89.76000213623047,89.12000274658203,89.73999786376953,86.13739776611328,54538700
2025-09-09,89.4000015258789,89.55000305175781,88.98999786376953,89.2300033569336,85.64787292480469,37126400
2025-09-10,89.4000015258789,90.06999969482422,89.19000244140625,89.73999786376953,86.13739776611328,40713600
2025-09-11,89.91000366210938,90.4800033569336,89.9000015258789,90.33999633789062,86.71329498291016,46694400
2025-09-12,89.83000183105469,89.9800033569336,89.48999786376953,89.94999694824219,86.3389663696289,32968600
2025-09-15,90.1500015258789,90.45999908447266,90.06999969482422,90.16000366210938,86.54053497314453,24820100
2025-09-16,90.08999633789062,90.5,90.04000091552734,90.3499984741211,86.72290802001953,26794200
2025-09-17,90.70999908447266,91.04000091552734,89.87000274658203,90.12000274658203,86.50215148925781,49121800
2025-09-18,89.26000213623047,89.47000122070312,88.9000015258789,89.19000244140625,85.60946655273438,55717900
2025-09-19,89.06999969482422,89.2300033569336,88.79000091552734,89.0199966430664,85.44630432128906,32509200
2025-09-22,88.81999969482422,88.91000366210938,88.54000091552734,88.69999694824219,85.13914489746094,24758200
2025-09-23,88.97000122070312,89.36000061035156,88.75,89.31999969482422,85.7342529296875,26689000
2025-09-24,89.08000183105469,89.16000366210938,88.69999694824219,88.9800033569336,85.40792846679688,28098000
2025-09-25,88.8499984741211,89.02999877929688,88.45999908447266,88.9800033569336,85.40792846679688,29882500
2025-09-26,88.98999786376953,89.47000122070312,88.69000244140625,88.9000015258789,85.33112335205078,30955100
2025-09-29,89.29000091552734,89.73999786376953,89.26000213623047,89.62999725341797,86.03181457519531,32286200
2025-09-30,89.66000366210938,90.04000091552734,89.20999908447266,89.37000274658203,85.78226470947266,38584000
2025-10-01,89.44999694824219,89.63999938964844,89.08999633789062,89.29000091552734,86.00379180908203,39408900
2025-10-02,89.30999755859375,89.69000244140625,89.19000244140625,89.55000305175781,86.25422668457031,23208300
2025-10-03,89.62999725341797,89.72000122070312,89.2699966430664,89.37999725341797,86.0904769897461,25884500
2025-10-06,88.70999908447266,89.16000366210938,88.6500015258789,88.66999816894531,85.4065933227539,28371000
2025-10-07,88.97000122070312,89.37999725341797,88.80999755859375,89.18000030517578,85.89783477783203,29103300
2025-10-08,89.5999984741211,89.62000274658203,89.12999725341797,89.25,85.96526336669922,22506200
2025-10-09,89.16999816894531,89.29000091552734,89.01000213623047,89.18000030517578,85.89783477783203,21578700
2025-10-10,89.9800033569336,90.72000122070312,89.9000015258789,90.62000274658203,87.28484344482422,59389400
2025-10-13,90.27999877929688,90.58000183105469,89.86000061035156,90.56999969482422,87.23666381835938,28035500
2025-10-14,90.6500015258789,90.91999816894531,90.43000030517578,90.86000061035156,87.51599884033203,29800000
2025-10-15,90.95999908447266,91.30000305175781,90.47000122070312,90.66000366210938,87.3233642578125,31333900
2025-10-16,90.5199966430664,91.5,90.44999694824219,91.33999633789062,87.97833251953125,39631200
2025-10-17,91.25,91.29000091552734,90.9000015258789,91.19999694824219,87.84349060058594,40240400
2025-10-20,91.45999908447266,91.55999755859375,91.27999877929688,91.55000305175781,88.18061065673828,28429300
2025-10-21,91.98999786376953,92.19000244140625,91.91000366210938,92.0,88.61405181884766,24514300
2025-10-22,91.98999786376953,92.18000030517578,91.81999969482422,92.05999755859375,88.67183685302734,30496200
2025-10-23,91.61000061035156,91.79000091552734,91.29000091552734,91.43000030517578,88.06502532958984,28275100
2025-10-24,91.58999633789062,91.5999984741211,91.16000366210938,91.47000122070312,88.10355377197266,28266000
2025-10-27,91.31999969482422,91.79000091552734,91.08999633789062,91.77999877929688,88.40215301513672,30033600
2025-10-28,91.8499984741211,92.18000030517578,91.80999755859375,92.0199966430664,88.63331604003906,23564500
2025-10-29,91.87999725341797,91.88999938964844,91.0199966430664,91.08999633789062,87.7375259399414,39551600
2025-10-30,90.38999938964844,90.97000122070312,90.3499984741211,90.55999755859375,87.22705078125,42649200
2025-10-31,90.55999755859375,90.66000366210938,90.19999694824219,90.29000091552734,86.96697998046875,38247300
2025-11-03,89.62000274658203,89.81999969482422,89.41999816894531,89.73999786376953,86.74948120117188,40752300
2025-11-04,89.77999877929688,90.05999755859375,89.73999786376953,89.94000244140625,86.94281768798828,26383800
2025-11-05,89.51000213623047,89.55000305175781,88.87999725341797,88.95999908447266,85.9954605102539,44643400
2025-11-06,89.55999755859375,89.8499984741211,89.52999877929688,89.76000213623047,86.7688217163086,33027400
2025-11-07,89.36000061035156,89.87000274658203,89.36000061035156,89.56999969482422,86.58515167236328,28530100
2025-11-10,89.48999786376953,89.66999816894531,89.38999938964844,89.55000305175781,86.5658187866211,24093500
2025-11-11,89.94999694824219,90.06999969482422,89.77999877929688,89.95999908447266,86.962158203125,18942300
2025-11-12,89.94999694824219,90.31999969482422,89.87999725341797,90.12000274658203,87.11681365966797,23594900
2025-11-13,89.80000305175781,89.94000244140625,89.37999725341797,89.37999725341797,86.40147399902344,33825900
2025-11-14,89.79000091552734,89.83999633789062,88.87000274658203,88.87000274658203,85.90847778320312,38550500
2025-11-17,89.08000183105469,89.30000305175781,88.9800033569336,89.08999633789062,86.12113952636719,25605800
2025-11-18,89.3499984741211,89.44999694824219,88.80000305175781,89.05999755859375,86.0921401977539,31967400
2025-11-19,89.2300033569336,89.30999755859375,88.8499984741211,88.87999725341797,85.91814422607422,25782400
2025-11-20,88.98999786376953,89.41999816894531,88.98999786376953,89.2300033569336,86.25648498535156,32945000
2025-11-21,89.6500015258789,89.66999816894531,89.19999694824219,89.5,86.5174789428711,41938600
2025-11-24,89.94999694824219,90.06999969482422,89.77999877929688,90.01000213623047,87.0104751586914,30865700
2025-11-25,90.30999755859375,90.58999633789062,90.12999725341797,90.23999786376953,87.2328109741211,36503300
2025-11-26,90.1500015258789,90.63999938964844,89.83000183105469,90.63999938964844,87.61949157714844,34099000
2025-11-28,90.45999908447266,90.52999877929688,89.94999694824219,90.20999908447266,87.20381164550781,40704300
2025-12-01,88.8499984741211,88.98999786376953,88.70999908447266,88.7699966430664,86.11824035644531,47086600
2025-12-02,88.58000183105469,88.95999908447266,88.45999908447266,88.80999755859375,86.15704345703125,27605700
2025-12-03,88.91999816894531,89.16000366210938,88.73999786376953,89.05999755859375,86.39958190917969,23278600
2025-12-04,88.91000366210938,88.93000030517578,88.4800033569336,88.58000183105469,85.93392944335938,25541500
2025-12-05,88.55000305175781,88.55000305175781,88.05000305175781,88.16999816894531,85.53616333007812,32808100
2025-12-08,88.19000244140625,88.19999694824219,87.55999755859375,87.87999725341797,85.25482940673828,32255200
2025-12-09,88.33999633789062,88.3499984741211,87.83999633789062,87.97000122070312,85.3421401977539,25771800
2025-12-10,88.0,88.5199966430664,87.86000061035156,88.30999755859375,85.6719970703125,46833500
2025-12-11,88.69000244140625,88.83000183105469,88.16000366210938,88.19000244140625,85.55558013916016,26778700
2025-12-12,87.37999725341797,87.5,87.19000244140625,87.33999633789062,84.73096466064453,47030100
2025-12-15,87.72000122070312,87.87999725341797,87.38999938964844,87.4000015258789,84.78917694091797,28611800
2025-12-16,87.19000244140625,87.91999816894531,87.16999816894531,87.87999725341797,85.25482940673828,41018700
2025-12-17,87.62999725341797,87.98999786376953,87.58000183105469,87.80000305175781,85.1772232055664,24668300
2025-12-18,88.12999725341797,88.37999725341797,88.06999969482422,88.22000122070312,85.58467864990234,39048900
2025-12-19,87.61000061035156,87.76000213623047,87.41000366210938,87.55000305175781,85.26524353027344,37858100
2025-12-22,87.41999816894531,87.45999908447266,87.25,87.36000061035156,85.0802001953125,25547100
2025-12-23,87.06999969482422,87.58000183105469,87.02999877929688,87.5,85.21653747558594,33624100
2025-12-24,87.76000213623047,88.08000183105469,87.6500015258789,88.02999877929688,85.73269653320312,25942000
2025-12-26,88.0999984741211,88.16999816894531,87.5999984741211,87.73999786376953,85.45027923583984,26522700
2025-12-29,87.94999694824219,88.06999969482422,87.79000091552734,88.06999969482422,85.77165985107422,29399800
2025-12-30,87.73999786376953,88.04000091552734,87.66999816894531,87.86000061035156,85.567138671875,25106800
2025-12-31,87.68000030517578,87.91000366210938,87.12999725341797,87.16000366210938,84.88541412353516,36500000
2026-01-02,87.4000015258789,87.41000366210938,87.0199966430664,87.02999877929688,84.75879669189453,40731300
2026-01-05,87.18000030517578,87.5199966430664,87.11000061035156,87.45999908447266,85.17758178710938,30178000
2026-01-06,87.1500015258789,87.33999633789062,86.9000015258789,87.27999877929688,85.00227355957031,39015200
2026-01-07,87.83999633789062,88.01000213623047,87.4800033569336,87.79000091552734,85.49897003173828,39930900
2026-01-08,87.33000183105469,87.55000305175781,87.25,87.3499984741211,85.0704574584961,28204900
2026-01-09,87.30000305175781,88.0,87.12000274658203,87.93000030517578,85.63532257080078,57348800
2026-01-12,87.5,87.91000366210938,87.41000366210938,87.66999816894531,85.3821029663086,36103100
2026-01-13,87.87999725341797,87.91000366210938,87.54000091552734,87.81999969482422,85.52818298339844,30451400
2026-01-14,87.91000366210938,88.43000030517578,87.88999938964844,88.33000183105469,86.02488708496094,39233500
2026-01-15,88.63999938964844,88.66000366210938,88.30999755859375,88.30999755859375,86.00540924072266,37988900
2026-01-16,88.12999725341797,88.31999969482422,87.70999908447266,87.80000305175781,85.50871276855469,46382400
2026-01-20,86.62999725341797,87.02999877929688,86.54000091552734,86.6500015258789,84.38873291015625,66009500
2026-01-21,86.80000305175781,87.4800033569336,86.62000274658203,87.30999755859375,85.03150177001953,51220100
2026-01-22,87.2699966430664,87.76000213623047,87.13999938964844,87.69000244140625,85.4015884399414,42419300
2026-01-23,87.83000183105469,88.02999877929688,87.5,87.93000030517578,85.63532257080078,35968800
2026-01-26,88.4000015258789,88.48999786376953,88.19999694824219,88.3499984741211,86.04435729980469,38882400
2026-01-27,88.11000061035156,88.25,87.68000030517578,87.80000305175781,85.50871276855469,35180100
2026-01-28,87.51000213623047,87.69999694824219,87.29000091552734,87.5999984741211,85.31392669677734,38750300
2026-01-29,87.1500015258789,87.73999786376953,87.08000183105469,87.62000274658203,85.33341979980469,43855000
2026-01-30,87.37999725341797,87.55999755859375,87.12999725341797,87.12999725341797,84.856201171875,45832200
2026-02-02,87.0199966430664,87.05999755859375,86.55000305175781,86.55000305175781,84.6137466430664,38171400
2026-02-03,86.48999786376953,86.77999877929688,86.43000030517578,86.76000213623047,84.81904602050781,27438200
2026-02-04,86.62999725341797,86.77999877929688,86.45999908447266,86.54000091552734,84.60397338867188,37872900
2026-02-05,86.93000030517578,87.4800033569336,86.75,87.4800033569336,85.52294921875,50268900
2026-02-06,87.44999694824219,87.54000091552734,87.19999694824219,87.54000091552734,85.58160400390625,33461800
2026-02-09,87.19999694824219,87.58000183105469,87.02999877929688,87.5199966430664,85.56204986572266,24708900
2026-02-10,88.23999786376953,88.52999877929688,88.22000122070312,88.52999877929688,86.54945373535156,37253700
2026-02-11,88.04000091552734,88.4800033569336,87.94000244140625,88.05999755859375,86.08995056152344,37014000
2026-02-12,88.36000061035156,89.27999877929688,88.3499984741211,89.2300033569336,87.2337875366211,48454900
2026-02-13,89.62999725341797,89.80999755859375,89.5199966430664,89.72000122070312,87.71282958984375,56785200
2026-02-17,89.93000030517578,90.12000274658203,89.76000213623047,89.87000274658203,87.8594741821289,32356700
2026-02-18,89.69000244140625,89.86000061035156,89.47000122070312,89.52999877929688,87.52708435058594,35415400
2026-02-19,89.4000015258789,89.72000122070312,89.37000274658203,89.62000274658203,87.61506652832031,28658600
2026-02-20,89.69999694824219,89.73999786376953,88.93000030517578,89.41000366210938,87.40977478027344,49610800
2026-02-23,89.55000305175781,90.0,89.52999877929688,89.73999786376953,87.73236846923828,33614600
2026-02-24,89.94999694824219,90.05000305175781,89.76000213623047,89.9000015258789,87.88880920410156,24933900
2026-02-25,89.70999908447266,90.08000183105469,89.70999908447266,89.91000366210938,87.89857482910156,23625800
2026-02-26,90.05999755859375,90.31999969482422,90.05000305175781,90.2699966430664,88.25052642822266,29447100
2026-02-27,90.69000244140625,90.86000061035156,90.55000305175781,90.81999969482422,88.78822326660156,51272000
2026-03-02,89.9800033569336,89.98999786376953,89.36000061035156,89.61000061035156,87.89659881591797,55465500
2026-03-03,88.9800033569336,89.66999816894531,88.94000244140625,89.43000030517578,87.72004699707031,51850400
2026-03-04,89.2699966430664,89.44000244140625,89.0999984741211,89.1500015258789,87.44540405273438,47069500
2026-03-05,88.62999725341797,88.94000244140625,88.51000213623047,88.79000091552734,87.09227752685547,45768900
2026-03-06,88.31999969482422,88.94000244140625,88.0199966430664,88.45999908447266,86.76858520507812,58136900
2026-03-09,88.30000305175781,89.31999969482422,88.20999908447266,89.2300033569336,87.52386474609375,52478700
2026-03-10,88.80000305175781,88.94999694824219,88.2699966430664,88.27999877929688,86.59202575683594,48651500
2026-03-11,87.75,87.80999755859375,87.08000183105469,87.13999938964844,85.47382354736328,54679900
2026-03-12,86.91000366210938,87.25,86.77999877929688,86.97000122070312,85.30708312988281,48977000
2026-03-13,86.93000030517578,87.1500015258789,86.47000122070312,86.54000091552734,84.88529205322266,43460000
2026-03-16,87.18000030517578,87.33999633789062,86.95999908447266,87.20999908447266,85.54248046875,37341500
2026-03-17,87.36000061035156,87.56999969482422,87.31999969482422,87.44999694824219,85.77789306640625,19578100
2026-03-18,87.36000061035156,87.4800033569336,86.93000030517578,86.95999908447266,85.29727935791016,37596600
2026-03-19,87.05999755859375,87.7300033569336,86.97000122070312,87.48999786376953,85.81713104248047,60307400
2026-03-20,86.80999755859375,86.86000061035156,85.76000213623047,85.83000183105469,84.18887329101562,78948500
2026-03-23,86.18000030517578,86.72000122070312,85.94000244140625,86.38999938964844,84.73816680908203,69686700
2026-03-24,85.72000122070312,86.29000091552734,85.55999755859375,86.01000213623047,84.36544036865234,51799400
2026-03-25,86.75,86.87999725341797,86.4800033569336,86.83999633789062,85.1795654296875,37861000
2026-03-26,86.33999633789062,86.61000061035156,85.93000030517578,86.11000061035156,84.4635238647461,39537000
2026-03-27,85.5,86.0999984741211,85.44999694824219,85.63999938964844,84.00251007080078,39928900
2026-03-30,86.62999725341797,86.94999694824219,86.48999786376953,86.77999877929688,85.12071228027344,36473200
2026-03-31,86.93000030517578,87.16000366210938,86.56999969482422,86.69000244140625,85.03243255615234,47112200
2026-04-01,86.27999877929688,86.70999908447266,86.2300033569336,86.26000213623047,84.94872283935547,31157600
2026-04-02,86.20999908447266,86.8499984741211,86.1500015258789,86.79000091552734,85.47066497802734,33310600
2026-04-06,86.5,86.8499984741211,86.38999938964844,86.6500015258789,85.3327865600586,14660300
2026-04-07,86.5199966430664,86.68000030517578,85.91000366210938,86.63999938964844,85.32293701171875,22747200
2026-04-08,87.36000061035156,87.37000274658203,86.7300033569336,86.91999816894531,85.59869384765625,22244900
2026-04-09,86.69000244140625,87.12999725341797,86.38999938964844,86.69999694824219,85.38202667236328,18909100
2026-04-10,86.5999984741211,86.68000030517578,86.33000183105469,86.48999786376953,85.17521667480469,13247700
2026-04-13,86.44000244140625,86.80000305175781,86.25,86.75,85.43126678466797,12719700
2026-04-14,86.69999694824219,87.23999786376953,86.62999725341797,87.20999908447266,85.88427734375,16606900
2026-04-15,87.0199966430664,87.06999969482422,86.7300033569336,86.83000183105469,85.51006317138672,15119600
2026-04-16,86.91999816894531,86.97000122070312,86.19999694824219,86.27999877929688,84.96842193603516,20001000
2026-04-17,87.05000305175781,87.20999908447266,86.88999938964844,87.06999969482422,85.74641418457031,29604100
2026-04-20,87.11000061035156,87.12999725341797,86.70999908447266,87.05000305175781,85.7267074584961,14623500
2026-04-21,86.97000122070312,87.08999633789062,86.52999877929688,86.56999969482422,85.25401306152344,19798700
2026-04-22,87.05000305175781,87.16000366210938,86.70999908447266,86.73999786376953,85.42141723632812,13676800
2026-04-23,86.83000183105469,87.04000091552734,86.23999786376953,86.55000305175781,85.23432159423828,21106700
2026-04-24,86.45999908447266,86.81999969482422,86.25,86.70999908447266,85.39188385009766,22285700
2026-04-27,86.48999786376953,86.62000274658203,86.19000244140625,86.27999877929688,84.96842193603516,19250100
2026-04-28,86.12000274658203,86.37000274658203,85.94000244140625,86.37000274658203,85.05705261230469,14553600
2026-04-29,85.98999786376953,85.98999786376953,85.55000305175781,85.69999694824219,84.39723205566406,29020800
2026-04-30,85.88999938964844,85.9000015258789,85.38999938964844,85.62000274658203,84.31845092773438,28516200
2026-05-01,85.5,86.0,85.33999633789062,85.61000061035156,84.61992645263672,21281000
2026-05-04,85.3499984741211,85.36000061035156,84.76000213623047,84.95999908447266,83.9774398803711,27226000
2026-05-05,85.1500015258789,85.48999786376953,85.08999633789062,85.43000030517578,84.44200897216797,18226500
2026-05-06,86.05000305175781,86.16999816894531,85.91999816894531,86.08000183105469,85.08448791503906,22530700
2026-05-07,86.27999877929688,86.29000091552734,85.5999984741211,85.6500015258789,84.65946960449219,21178300
2026-05-08,86.05999755859375,86.27999877929688,85.98999786376953,86.08000183105469,85.08448791503906,30797600
2026-05-11,85.87999725341797,85.91999816894531,85.48999786376953,85.55999755859375,84.57050323486328,17713700
2026-05-12,85.19000244140625,85.19999694824219,84.91999816894531,84.98999786376953,84.00709533691406,27680600
2026-05-13,84.94000244140625,85.05000305175781,84.58999633789062,84.80000305175781,83.81929779052734,26295100
2026-05-14,85.26000213623047,85.37999725341797,84.91000366210938,84.91999816894531,83.93790435791016,25247200
2026-05-15,83.87000274658203,83.97000122070312,83.58999633789062,83.66000366210938,82.69247436523438,50796000
2026-05-18,83.69999694824219,83.91999816894531,83.31999969482422,83.55999755859375,82.5936279296875,26166200
2026-05-19,82.95999908447266,83.2300033569336,82.7699966430664,83.0199966430664,82.05987548828125,35346600
2026-05-20,83.05999755859375,84.0,83.04000091552734,83.91000366210938,82.93959045410156,44498000
2026-05-21,83.62000274658203,84.26000213623047,83.33000183105469,84.22000122070312,83.24600219726562,24887000
2026-05-22,84.61000061035156,84.68000030517578,84.13999938964844,84.68000030517578,83.70067596435547,27987700
2026-05-26,85.33999633789062,85.37999725341797,84.9000015258789,85.0999984741211,84.1158218383789,22531200
2026-05-27,85.25,85.4800033569336,85.1500015258789,85.30000305175781,84.31350708007812,23589600
2026-05-28,85.36000061035156,85.8499984741211,85.2699966430664,85.73999786376953,84.74842071533203,25417300
2026-05-29,85.80999755859375,85.95999908447266,85.55000305175781,85.76000213623047,84.76819610595703,33118600
2026-06-01,84.93000030517578,85.54000091552734,84.80000305175781,85.47000122070312,84.81383514404297,26322400
2026-06-02,85.80000305175781,85.81999969482422,85.5,85.6500015258789,84.99246215820312,20319000
2026-06-03,85.29000091552734,85.43000030517578,85.0999984741211,85.30999755859375,84.65506744384766,15372000
2026-06-04,85.61000061035156,85.70999908447266,85.41999816894531,85.5,84.8436050415039,15866500
2026-06-05,84.98999786376953,85.3499984741211,84.91999816894531,85.05999755859375,84.406982421875,26461200
2026-06-08,85.2300033569336,85.33000183105469,84.62000274658203,84.62000274658203,83.97036743164062,22922700
2026-06-09,84.97000122070312,85.18000030517578,84.77999877929688,85.12000274658203,84.4665298461914,22617700
2026-06-10,85.12000274658203,85.30000305175781,84.69999694824219,84.87999725341797,84.22836303710938,21258300
2026-06-11,85.16999816894531,86.04000091552734,85.04000091552734,85.9800033569336,85.3199234008789,35190500
2026-06-12,85.63999938964844,85.83000183105469,85.41000366210938,85.7699966430664,85.11153411865234,23092600
2026-06-15,85.95999908447266,86.11000061035156,85.66999816894531,85.72000122070312,85.06192016601562,17632700
2026-06-16,85.95999908447266,86.37999725341797,85.93000030517578,86.19000244140625,85.52831268310547,26472500
2026-06-17,86.33000183105469,86.58999633789062,85.93000030517578,86.33000183105469,85.66724395751953,34507500
2026-06-18,87.06999969482422,87.18000030517578,86.6500015258789,86.75,86.08401489257812,32350900
2026-06-22,86.30000305175781,86.33000183105469,85.97000122070312,86.08999633789062,85.42906951904297,28595100
2026-06-23,86.12000274658203,86.43000030517578,86.0999984741211,86.19999694824219,85.5382308959961,19145500
2026-06-24,87.1500015258789,87.47000122070312,87.12000274658203,87.37999725341797,86.70916748046875,41837000
2026-06-25,87.58000183105469,87.79000091552734,87.29000091552734,87.3499984741211,86.67940521240234,28380000
2026-06-26,87.01000213623047,87.37000274658203,87.0,87.36000061035156,86.6893310546875,21650800
2026-06-29,87.36000061035156,87.54000091552734,87.30000305175781,87.44999694824219,86.77863311767578,19457200
2026-06-30,87.1500015258789,87.18000030517578,86.37999725341797,86.41999816894531,85.75653839111328,31079500
2026-07-01,85.4800033569336,85.79000091552734,85.43000030517578,85.5199966430664,85.1768798828125,28109800
2026-07-02,85.37999725341797,85.77999877929688,85.37000274658203,85.51000213623047,85.16692352294922,20816300
2026-07-06,85.43000030517578,85.4800033569336,85.18000030517578,85.44999694824219,85.1071548461914,17940900
2026-07-07,85.12000274658203,85.16999816894531,84.54000091552734,84.55000305175781,84.21077728271484,24816400
2026-07-08,84.30999755859375,84.44999694824219,84.05999755859375,84.36000061035156,84.02153778076172,25806600
2026-07-09,84.27999877929688,84.68000030517578,84.26000213623047,84.48999786376953,84.15100860595703,18625300
2026-07-10,84.51000213623047,84.62999725341797,84.27999877929688,84.47000122070312,84.13109588623047,14454100
2026-07-13,84.19000244140625,84.27999877929688,83.93000030517578,83.97000122070312,83.63310241699219,18742500
2026-07-14,84.18000030517578,84.5,84.04000091552734,84.08000183105469,83.74266052246094,23793500
2026-07-15,84.08000183105469,84.41000366210938,84.08000183105469,84.23999786376953,83.90201568603516,17837800
2026-07-16,83.83999633789062,84.22000122070312,83.79000091552734,84.20999908447266,83.87213134765625,20817800
2026-07-17,84.62000274658203,84.81999969482422,84.48999786376953,84.5199966430664,84.1808853149414,22065600
2026-07-20,84.30999755859375,84.33999633789062,83.81999969482422,83.88999938964844,83.55342102050781,24289000
2026-07-21,83.73999786376953,83.7699966430664,83.43000030517578,83.66000366210938,83.32434844970703,14287500
2026-07-22,83.61000061035156,83.69999694824219,83.37999725341797,83.44000244140625,83.105224609375,15988400
2026-07-23,82.98999786376953,83.25,82.95999908447266,83.16999816894531,82.8363037109375,29152800
2026-07-24,83.30999755859375,83.66000366210938,83.2300033569336,83.25,82.91598510742188,15106000
2026-07-27,83.7300033569336,83.87000274658203,83.5199966430664,83.75,83.41397857666016,23816200
2026-07-28,83.86000061035156,84.33999633789062,83.8499984741211,84.23999786376953,83.90201568603516,25366900
2026-07-29,84.0999984741211,84.1500015258789,82.69999694824219,82.8499984741211,82.51759338378906,41445200
2026-07-30,82.80999755859375,82.9000015258789,82.5199966430664,82.80000305175781,82.4677963256836,40407300
2026-07-31,82.44999694824219,82.44999694824219,81.88999938964844,82.25,81.91999816894531,50359800
2026-08-03,82.23999786376953,82.3499984741211,82.01000213623047,82.19000244140625,82.19000244140625,32050800
2026-08-04,82.6500015258789,82.83999633789062,82.56999969482422,82.81999969482422,82.81999969482422,38408600
2026-08-05,82.94999694824219,83.1500015258789,82.80000305175781,83.0,83.0,29465800
2026-08-06,82.7699966430664,82.91999816894531,82.4000015258789,82.5199966430664,82.5199966430664,27510400
