observation_date,available_date,usd_broad
2006-01-02,2019-02-04,100.0
2006-01-03,2019-02-04,99.3494
2006-01-04,2019-02-04,98.8309
2006-01-05,2019-02-04,98.8987
2006-01-06,2019-02-04,98.6261
2006-01-09,2019-02-04,98.7783
2006-01-10,2019-02-04,98.7439
2006-01-11,2019-02-04,98.4754
2006-01-12,2019-02-04,98.6651
2006-01-13,2019-02-04,98.5705
2006-01-16,2019-02-04,98.5743
2006-01-17,2019-02-04,98.8435
2006-01-18,2019-02-04,99.0035
2006-01-19,2019-02-04,98.7844
2006-01-20,2019-02-04,98.5065
2006-01-23,2019-02-04,97.991
2006-01-24,2019-02-04,97.9566
2006-01-25,2019-02-04,97.9619
2006-01-26,2019-02-04,98.092
2006-01-27,2019-02-04,98.2544
2006-01-30,2019-02-04,98.3249
2006-01-31,2019-02-04,98.0454
2006-02-01,2019-02-04,98.2253
2006-02-02,2019-02-04,98.4013
2006-02-03,2019-02-04,98.723
2006-02-06,2019-02-04,98.7426
2006-02-07,2019-02-04,98.7799
2006-02-08,2019-02-04,99.0873
2006-02-09,2019-02-04,98.8165
2006-02-10,2019-02-04,98.9232
2006-02-13,2019-02-04,98.996
2006-02-14,2019-02-04,98.9991
2006-02-15,2019-02-04,99.0492
2006-02-16,2019-02-04,99.1175
2006-02-17,2019-02-04,98.9431
2006-02-20,2019-02-04,98.9475
2006-02-21,2019-02-04,98.84
2006-02-22,2019-02-04,98.9911
2006-02-23,2019-02-04,98.8
2006-02-24,2019-02-04,98.8625
2006-02-27,2019-02-04,98.6783
2006-02-28,2019-02-04,98.3806
2006-03-01,2019-02-04,98.4459
2006-03-02,2019-02-04,98.2115
2006-03-03,2019-02-04,98.3153
2006-03-06,2019-02-04,98.5925
2006-03-07,2019-02-04,99.1629
2006-03-08,2019-02-04,99.4501
2006-03-09,2019-02-04,99.3671
2006-03-10,2019-02-04,99.5501
2006-03-13,2019-02-04,99.4516
2006-03-14,2019-02-04,98.9151
2006-03-15,2019-02-04,98.8164
2006-03-16,2019-02-04,98.5144
2006-03-17,2019-02-04,98.4696
2006-03-20,2019-02-04,98.6539
2006-03-21,2019-02-04,99.0701
2006-03-22,2019-02-04,99.0943
2006-03-23,2019-02-04,99.4194
2006-03-24,2019-02-04,99.3722
2006-03-27,2019-02-04,99.4279
2006-03-28,2019-02-04,99.3923
2006-03-29,2019-02-04,99.6367
2006-03-30,2019-02-04,99.1678
2006-03-31,2019-02-04,99.1578
2006-04-03,2019-02-04,99.2178
2006-04-04,2019-02-04,98.7369
2006-04-05,2019-02-04,98.6854
2006-04-06,2019-02-04,98.7638
2006-04-07,2019-02-04,99.0219
2006-04-10,2019-02-04,99.0123
2006-04-11,2019-02-04,98.8954
2006-04-12,2019-02-04,98.9635
2006-04-13,2019-02-04,99.0785
2006-04-14,2019-02-04,99.0724
2006-04-17,2019-02-04,98.4839
2006-04-18,2019-02-04,98.2895
2006-04-19,2019-02-04,97.9665
2006-04-20,2019-02-04,98.1147
2006-04-21,2019-02-04,98.0528
2006-04-24,2019-02-04,97.7381
2006-04-25,2019-02-04,97.5926
2006-04-26,2019-02-04,97.5168
2006-04-27,2019-02-04,97.1464
2006-04-28,2019-02-04,96.7785
2006-05-01,2019-02-04,96.5495
2006-05-02,2019-02-04,96.3024
2006-05-03,2019-02-04,96.2037
2006-05-04,2019-02-04,96.136
2006-05-05,2019-02-04,95.9093
2006-05-08,2019-02-04,95.8442
2006-05-09,2019-02-04,95.612
2006-05-10,2019-02-04,95.2973
2006-05-11,2019-02-04,95.1979
2006-05-12,2019-02-04,95.5322
2006-05-15,2019-02-04,96.0045
2006-05-16,2019-02-04,95.8446
2006-05-17,2019-02-04,96.116
2006-05-18,2019-02-04,96.3437
2006-05-19,2019-02-04,96.5703
2006-05-22,2019-02-04,96.5747
2006-05-23,2019-02-04,96.3451
2006-05-24,2019-02-04,97.0232
2006-05-25,2019-02-04,96.482
2006-05-26,2019-02-04,96.5393
2006-05-29,2019-02-04,96.5334
2006-05-30,2019-02-04,96.2324
2006-05-31,2019-02-04,96.4119
2006-06-01,2019-02-04,96.415
2006-06-02,2019-02-04,96.1994
2006-06-05,2019-02-04,96.0156
2006-06-06,2019-02-04,96.7801
2006-06-07,2019-02-04,96.7996
2006-06-08,2019-02-04,97.5547
2006-06-09,2019-02-04,97.1778
2006-06-12,2019-02-04,97.1812
2006-06-13,2019-02-04,97.5459
2006-06-14,2019-02-04,97.4604
2006-06-15,2019-02-04,97.5104
2006-06-16,2019-02-04,97.5372
2006-06-19,2019-02-04,97.7666
2006-06-20,2019-02-04,97.6357
2006-06-21,2019-02-04,97.1865
2006-06-22,2019-02-04,97.7092
2006-06-23,2019-02-04,98.0396
2006-06-26,2019-02-04,97.9829
2006-06-27,2019-02-04,97.8409
2006-06-28,2019-02-04,98.0109
2006-06-29,2019-02-04,97.8385
2006-06-30,2019-02-04,96.8846
2006-07-03,2019-02-04,96.6766
2006-07-04,2019-02-04,96.6617
2006-07-05,2019-02-04,96.9435
2006-07-06,2019-02-04,96.776
2006-07-07,2019-02-04,96.3934
2006-07-10,2019-02-04,96.6189
2006-07-11,2019-02-04,96.8468
2006-07-12,2019-02-04,97.1502
2006-07-13,2019-02-04,97.1881
2006-07-14,2019-02-04,97.3105
2006-07-17,2019-02-04,97.6997
2006-07-18,2019-02-04,97.7565
2006-07-19,2019-02-04,97.5516
2006-07-20,2019-02-04,97.2314
2006-07-21,2019-02-04,97.1524
2006-07-24,2019-02-04,97.4058
2006-07-25,2019-02-04,97.5628
2006-07-26,2019-02-04,97.3693
2006-07-27,2019-02-04,96.8627
2006-07-28,2019-02-04,96.6911
2006-07-31,2019-02-04,96.6371
2006-08-01,2019-02-04,96.807
2006-08-02,2019-02-04,96.5826
2006-08-03,2019-02-04,96.7072
2006-08-04,2019-02-04,96.2447
2006-08-07,2019-02-04,96.1551
2006-08-08,2019-02-04,96.2961
2006-08-09,2019-02-04,96.0873
2006-08-10,2019-02-04,96.5286
2006-08-11,2019-02-04,96.4287
2006-08-14,2019-02-04,96.6077
2006-08-15,2019-02-04,96.4468
2006-08-16,2019-02-04,96.0391
2006-08-17,2019-02-04,95.9986
2006-08-18,2019-02-04,96.4008
2006-08-21,2019-02-04,96.035
2006-08-22,2019-02-04,96.2547
2006-08-23,2019-02-04,96.2209
2006-08-24,2019-02-04,96.4381
2006-08-25,2019-02-04,96.5267
2006-08-28,2019-02-04,96.4911
2006-08-29,2019-02-04,96.4198
2006-08-30,2019-02-04,96.2274
2006-08-31,2019-02-04,96.2914
2006-09-01,2019-02-04,96.1578
2006-09-04,2019-02-04,96.1479
2006-09-05,2019-02-04,96.0883
2006-09-06,2019-02-04,96.2561
2006-09-07,2019-02-04,96.4544
2006-09-08,2019-02-04,96.8491
2006-09-11,2019-02-04,97.0195
2006-09-12,2019-02-04,96.9151
2006-09-13,2019-02-04,96.8157
2006-09-14,2019-02-04,96.6499
2006-09-15,2019-02-04,96.8478
2006-09-18,2019-02-04,96.7724
2006-09-19,2019-02-04,96.8076
2006-09-20,2019-02-04,96.7921
2006-09-21,2019-02-04,96.5854
2006-09-22,2019-02-04,96.5073
2006-09-25,2019-02-04,96.6292
2006-09-26,2019-02-04,96.6934
2006-09-27,2019-02-04,96.6499
2006-09-28,2019-02-04,96.6778
2006-09-29,2019-02-04,96.7441
2006-10-02,2019-02-04,96.5662
2006-10-03,2019-02-04,96.7644
2006-10-04,2019-02-04,97.0017
2006-10-05,2019-02-04,96.9122
2006-10-06,2019-02-04,97.1927
2006-10-09,2019-02-04,97.2011
2006-10-10,2019-02-04,97.5391
2006-10-11,2019-02-04,97.5408
2006-10-12,2019-02-04,97.4583
2006-10-13,2019-02-04,97.4274
2006-10-16,2019-02-04,97.3386
2006-10-17,2019-02-04,97.1661
2006-10-18,2019-02-04,97.2466
2006-10-19,2019-02-04,96.9249
2006-10-20,2019-02-04,96.8008
2006-10-23,2019-02-04,97.0822
2006-10-24,2019-02-04,96.9844
2006-10-25,2019-02-04,96.8434
2006-10-26,2019-02-04,96.5324
2006-10-27,2019-02-04,96.1391
2006-10-30,2019-02-04,96.2127
2006-10-31,2019-02-04,96.0382
2006-11-01,2019-02-04,96.1401
2006-11-02,2019-02-04,96.2983
2006-11-03,2019-02-04,96.3636
2006-11-06,2019-02-04,96.4484
2006-11-07,2019-02-04,96.0923
2006-11-08,2019-02-04,96.2249
2006-11-09,2019-02-04,96.1503
2006-11-10,2019-02-04,96.1099
2006-11-13,2019-02-04,96.4311
2006-11-14,2019-02-04,96.3885
2006-11-15,2019-02-04,96.4765
2006-11-16,2019-02-04,96.4505
2006-11-17,2019-02-04,96.6229
2006-11-20,2019-02-04,96.6623
2006-11-21,2019-02-04,96.658
2006-11-22,2019-02-04,96.1753
2006-11-23,2019-02-04,96.1753
2006-11-24,2019-02-04,95.7166
2006-11-27,2019-02-04,95.6505
2006-11-28,2019-02-04,95.497
2006-11-29,2019-02-04,95.511
2006-11-30,2019-02-04,95.2346
2006-12-01,2019-02-04,95.1167
2006-12-04,2019-02-04,95.0902
2006-12-05,2019-02-04,94.8696
2006-12-06,2019-02-04,94.9434
2006-12-07,2019-02-04,94.9797
2006-12-08,2019-02-04,95.2674
2006-12-11,2019-02-04,95.3202
2006-12-12,2019-02-04,95.3658
2006-12-13,2019-02-04,95.3834
2006-12-14,2019-02-04,95.447
2006-12-15,2019-02-04,95.6354
2006-12-18,2019-02-04,95.8036
2006-12-19,2019-02-04,95.5827
2006-12-20,2019-02-04,95.4304
2006-12-21,2019-02-04,95.5664
2006-12-22,2019-02-04,95.7599
2006-12-25,2019-02-04,95.7709
2006-12-26,2019-02-04,95.8264
2006-12-27,2019-02-04,95.8545
2006-12-28,2019-02-04,95.7148
2006-12-29,2019-02-04,95.6808
2007-01-01,2019-02-04,95.6819
2007-01-02,2019-02-04,95.3892
2007-01-03,2019-02-04,95.7744
2007-01-04,2019-02-04,96.165
2007-01-05,2019-02-04,96.4159
2007-01-08,2019-02-04,96.424
2007-01-09,2019-02-04,96.5981
2007-01-10,2019-02-04,96.7264
2007-01-11,2019-02-04,96.7176
2007-01-12,2019-02-04,96.557
2007-01-15,2019-02-04,96.556
2007-01-16,2019-02-04,96.6161
2007-01-17,2019-02-04,96.389
2007-01-18,2019-02-04,96.4656
2007-01-19,2019-02-04,96.3263
2007-01-22,2019-02-04,96.4648
2007-01-23,2019-02-04,96.4498
2007-01-24,2019-02-04,96.5432
2007-01-25,2019-02-04,96.476
2007-01-26,2019-02-04,96.7805
2007-01-29,2019-02-04,96.8377
2007-01-30,2019-02-04,96.7837
2007-01-31,2019-02-04,96.599
2007-02-01,2019-02-04,96.3489
2007-02-02,2019-02-04,96.6083
2007-02-05,2019-02-04,96.5049
2007-02-06,2019-02-04,96.3725
2007-02-07,2019-02-04,96.3612
2007-02-08,2019-02-04,96.4529
2007-02-09,2019-02-04,96.3457
2007-02-12,2019-02-04,96.5755
2007-02-13,2019-02-04,96.3451
2007-02-14,2019-02-04,95.9237
2007-02-15,2019-02-04,95.8055
2007-02-16,2019-02-04,95.8105
2007-02-19,2019-02-04,95.8012
2007-02-20,2019-02-04,95.9658
2007-02-21,2019-02-04,95.9166
2007-02-22,2019-02-04,95.9132
2007-02-23,2019-02-04,95.8245
2007-02-26,2019-02-04,95.8763
2007-02-27,2019-02-04,95.7373
2007-02-28,2019-02-04,95.8846
2007-03-01,2019-02-04,95.9794
2007-03-02,2019-02-04,96.0116
2007-03-05,2019-02-04,96.3078
2007-03-06,2019-02-04,96.1515
2007-03-07,2019-02-04,96.0959
2007-03-08,2019-02-04,96.2117
2007-03-09,2019-02-04,96.0972
2007-03-12,2019-02-04,95.9452
2007-03-13,2019-02-04,95.8652
2007-03-14,2019-02-04,95.9192
2007-03-15,2019-02-04,95.8921
2007-03-16,2019-02-04,95.6887
2007-03-19,2019-02-04,95.7539
2007-03-20,2019-02-04,95.4511
2007-03-21,2019-02-04,95.2749
2007-03-22,2019-02-04,95.0483
2007-03-23,2019-02-04,95.2221
2007-03-26,2019-02-04,95.2059
2007-03-27,2019-02-04,95.1138
2007-03-28,2019-02-04,95.1459
2007-03-29,2019-02-04,95.164
2007-03-30,2019-02-04,94.9789
2007-04-02,2019-02-04,94.9782
2007-04-03,2019-02-04,95.0376
2007-04-04,2019-02-04,95.0246
2007-04-05,2019-02-04,94.783
2007-04-06,2019-02-04,94.915
2007-04-09,2019-02-04,94.9545
2007-04-10,2019-02-04,94.7829
2007-04-11,2019-02-04,94.696
2007-04-12,2019-02-04,94.4704
2007-04-13,2019-02-04,94.3829
2007-04-16,2019-02-04,94.2292
2007-04-17,2019-02-04,94.0614
2007-04-18,2019-02-04,93.9895
2007-04-19,2019-02-04,93.9506
2007-04-20,2019-02-04,93.8508
2007-04-23,2019-02-04,93.8644
2007-04-24,2019-02-04,93.8422
2007-04-25,2019-02-04,93.5361
2007-04-26,2019-02-04,93.847
2007-04-27,2019-02-04,93.6949
2007-04-30,2019-02-04,93.5247
2007-05-01,2019-02-04,93.6892
2007-05-02,2019-02-04,93.72
2007-05-03,2019-02-04,93.7017
2007-05-04,2019-02-04,93.5982
2007-05-07,2019-02-04,93.3812
2007-05-08,2019-02-04,93.5513
2007-05-09,2019-02-04,93.4807
2007-05-10,2019-02-04,93.6357
2007-05-11,2019-02-04,93.6871
2007-05-14,2019-02-04,93.5134
2007-05-15,2019-02-04,93.2496
2007-05-16,2019-02-04,93.5022
2007-05-17,2019-02-04,93.522
2007-05-18,2019-02-04,93.3489
2007-05-21,2019-02-04,93.3938
2007-05-22,2019-02-04,93.2677
2007-05-23,2019-02-04,93.1505
2007-05-24,2019-02-04,93.3932
2007-05-25,2019-02-04,93.196
2007-05-28,2019-02-04,93.1894
2007-05-29,2019-02-04,93.0497
2007-05-30,2019-02-04,93.2418
2007-05-31,2019-02-04,93.0189
2007-06-01,2019-02-04,92.8331
2007-06-04,2019-02-04,92.7001
2007-06-05,2019-02-04,92.7012
2007-06-06,2019-02-04,92.8223
2007-06-07,2019-02-04,93.0509
2007-06-08,2019-02-04,93.4513
2007-06-11,2019-02-04,93.3507
2007-06-12,2019-02-04,93.3912
2007-06-13,2019-02-04,93.5902
2007-06-14,2019-02-04,93.5923
2007-06-15,2019-02-04,93.3166
2007-06-18,2019-02-04,93.2423
2007-06-19,2019-02-04,93.0214
2007-06-20,2019-02-04,93.0602
2007-06-21,2019-02-04,93.3012
2007-06-22,2019-02-04,93.1341
2007-06-25,2019-02-04,93.2059
2007-06-26,2019-02-04,93.164
2007-06-27,2019-02-04,93.2571
2007-06-28,2019-02-04,92.9396
2007-06-29,2019-02-04,92.8409
2007-07-02,2019-02-04,92.3437
2007-07-03,2019-02-04,92.405
2007-07-04,2019-02-04,92.4045
2007-07-05,2019-02-04,92.4731
2007-07-06,2019-02-04,92.2877
2007-07-09,2019-02-04,92.2645
2007-07-10,2019-02-04,92.049
2007-07-11,2019-02-04,92.024
2007-07-12,2019-02-04,91.8391
2007-07-13,2019-02-04,91.7338
2007-07-16,2019-02-04,91.6316
2007-07-17,2019-02-04,91.632
2007-07-18,2019-02-04,91.5202
2007-07-19,2019-02-04,91.4584
2007-07-20,2019-02-04,91.4426
2007-07-23,2019-02-04,91.3839
2007-07-24,2019-02-04,91.2329
2007-07-25,2019-02-04,91.6396
2007-07-26,2019-02-04,91.8355
2007-07-27,2019-02-04,92.2576
2007-07-30,2019-02-04,92.2997
2007-07-31,2019-02-04,92.1378
2007-08-01,2019-02-04,92.1135
2007-08-02,2019-02-04,92.0184
2007-08-03,2019-02-04,91.8214
2007-08-06,2019-02-04,91.8281
2007-08-07,2019-02-04,92.0306
2007-08-08,2019-02-04,91.8179
2007-08-09,2019-02-04,92.153
2007-08-10,2019-02-04,92.2324
2007-08-13,2019-02-04,92.313
2007-08-14,2019-02-04,92.7434
2007-08-15,2019-02-04,93.1944
2007-08-16,2019-02-04,93.5906
2007-08-17,2019-02-04,93.0152
2007-08-20,2019-02-04,92.9116
2007-08-21,2019-02-04,92.9652
2007-08-22,2019-02-04,92.7999
2007-08-23,2019-02-04,92.6859
2007-08-24,2019-02-04,92.3949
2007-08-27,2019-02-04,92.3207
2007-08-28,2019-02-04,92.5436
2007-08-29,2019-02-04,92.4246
2007-08-30,2019-02-04,92.4398
2007-08-31,2019-02-04,92.3754
2007-09-03,2019-02-04,92.377
2007-09-04,2019-02-04,92.3527
2007-09-05,2019-02-04,92.2558
2007-09-06,2019-02-04,92.1588
2007-09-07,2019-02-04,92.0075
2007-09-10,2019-02-04,91.9497
2007-09-11,2019-02-04,91.6453
2007-09-12,2019-02-04,91.3646
2007-09-13,2019-02-04,91.3442
2007-09-14,2019-02-04,91.4335
2007-09-17,2019-02-04,91.5462
2007-09-18,2019-02-04,91.3851
2007-09-19,2019-02-04,90.8884
2007-09-20,2019-02-04,90.1675
2007-09-21,2019-02-04,90.2309
2007-09-24,2019-02-04,90.1479
2007-09-25,2019-02-04,90.0865
2007-09-26,2019-02-04,90.1796
2007-09-27,2019-02-04,90.0977
2007-09-28,2019-02-04,89.6987
2007-10-01,2019-02-04,89.6364
2007-10-02,2019-02-04,89.8716
2007-10-03,2019-02-04,89.8562
2007-10-04,2019-02-04,89.9147
2007-10-05,2019-02-04,89.4993
2007-10-08,2019-02-04,89.508
2007-10-09,2019-02-04,89.6183
2007-10-10,2019-02-04,89.4762
2007-10-11,2019-02-04,89.2553
2007-10-12,2019-02-04,89.358
2007-10-15,2019-02-04,89.3028
2007-10-16,2019-02-04,89.4726
2007-10-17,2019-02-04,89.2792
2007-10-18,2019-02-04,89.0757
2007-10-19,2019-02-04,88.8722
2007-10-22,2019-02-04,89.4369
2007-10-23,2019-02-04,88.9588
2007-10-24,2019-02-04,88.9939
2007-10-25,2019-02-04,88.7642
2007-10-26,2019-02-04,88.4283
2007-10-29,2019-02-04,88.1939
2007-10-30,2019-02-04,88.1086
2007-10-31,2019-02-04,87.926
2007-11-01,2019-02-04,87.9492
2007-11-02,2019-02-04,87.6842
2007-11-05,2019-02-04,87.6768
2007-11-06,2019-02-04,87.2924
2007-11-07,2019-02-04,86.8689
2007-11-08,2019-02-04,87.0644
2007-11-09,2019-02-04,87.2578
2007-11-12,2019-02-04,87.2612
2007-11-13,2019-02-04,87.8853
2007-11-14,2019-02-04,87.7539
2007-11-15,2019-02-04,88.219
2007-11-16,2019-02-04,88.0986
2007-11-19,2019-02-04,88.3021
2007-11-20,2019-02-04,88.0423
2007-11-21,2019-02-04,88.113
2007-11-22,2019-02-04,88.1047
2007-11-23,2019-02-04,88.017
2007-11-26,2019-02-04,87.9247
2007-11-27,2019-02-04,88.1831
2007-11-28,2019-02-04,88.1959
2007-11-29,2019-02-04,88.1447
2007-11-30,2019-02-04,88.3929
2007-12-03,2019-02-04,88.4119
2007-12-04,2019-02-04,88.4367
2007-12-05,2019-02-04,88.6416
2007-12-06,2019-02-04,88.6929
2007-12-07,2019-02-04,88.5101
2007-12-10,2019-02-04,88.4519
2007-12-11,2019-02-04,88.488
2007-12-12,2019-02-04,88.5054
2007-12-13,2019-02-04,88.9001
2007-12-14,2019-02-04,89.1934
2007-12-17,2019-02-04,89.2941
2007-12-18,2019-02-04,89.3177
2007-12-19,2019-02-04,89.3716
2007-12-20,2019-02-04,89.2291
2007-12-21,2019-02-04,89.129
2007-12-24,2019-02-04,88.944
2007-12-25,2019-02-04,88.9437
2007-12-26,2019-02-04,88.6923
2007-12-27,2019-02-04,88.4577
2007-12-28,2019-02-04,88.1842
2007-12-31,2019-02-04,88.4023
2008-01-01,2019-02-04,88.4017
2008-01-02,2019-02-04,88.1267
2008-01-03,2019-02-04,88.0081
2008-01-04,2019-02-04,88.0222
2008-01-07,2019-02-04,88.342
2008-01-08,2019-02-04,88.1146
2008-01-09,2019-02-04,88.4494
2008-01-10,2019-02-04,88.3924
2008-01-11,2019-02-04,88.2923
2008-01-14,2019-02-04,88.0495
2008-01-15,2019-02-04,87.9308
2008-01-16,2019-02-04,88.4363
2008-01-17,2019-02-04,88.4147
2008-01-18,2019-02-04,88.662
2008-01-21,2019-02-04,88.6886
2008-01-22,2019-02-04,88.6038
2008-01-23,2019-02-04,88.6758
2008-01-24,2019-02-04,87.9791
2008-01-25,2019-02-04,87.9943
2008-01-28,2019-02-04,87.7356
2008-01-29,2019-02-04,87.6165
2008-01-30,2019-02-04,87.5284
2008-01-31,2019-02-04,87.4393
2008-02-01,2019-02-04,87.2699
2008-02-04,2019-02-04,87.2664
2008-02-05,2019-02-04,87.8529
2008-02-06,2019-02-04,87.7769
2008-02-07,2019-02-04,88.1927
2008-02-08,2019-02-04,87.9981
2008-02-11,2019-02-04,87.9903
2008-02-12,2019-02-04,87.7348
2008-02-13,2019-02-04,87.9162
2008-02-14,2019-02-04,87.6873
2008-02-15,2019-02-04,87.6819
2008-02-18,2019-02-04,87.6817
2008-02-19,2019-02-04,87.7418
2008-02-20,2019-02-04,88.0319
2008-02-21,2019-02-04,87.4999
2008-02-22,2019-02-04,87.491
2008-02-25,2019-02-04,87.3251
2008-02-26,2019-02-04,86.8949
2008-02-27,2019-02-04,86.1421
2008-02-28,2019-02-04,85.8478
2008-02-29,2019-02-04,85.9746
2008-03-03,2019-02-04,86.0462
2008-03-04,2019-02-04,86.1093
2008-03-05,2019-02-04,85.9448
2008-03-06,2019-02-04,85.7242
2008-03-07,2019-02-04,85.9361
2008-03-10,2019-02-04,85.9541
2008-03-11,2019-02-04,85.9855
2008-03-12,2019-02-04,85.5448
2008-03-13,2019-02-04,85.2108
2008-03-14,2019-02-04,85.2511
2008-03-17,2019-02-04,85.1626
2008-03-18,2019-02-04,84.9436
2008-03-19,2019-02-04,85.3921
2008-03-20,2019-02-04,86.1303
2008-03-21,2019-02-04,86.0142
2008-03-24,2019-02-04,86.1125
2008-03-25,2019-02-04,85.6429
2008-03-26,2019-02-04,85.3652
2008-03-27,2019-02-04,85.275
2008-03-28,2019-02-04,85.4506
2008-03-31,2019-02-04,85.5007
2008-04-01,2019-02-04,85.835
2008-04-02,2019-02-04,85.6997
2008-04-03,2019-02-04,85.4581
2008-04-04,2019-02-04,85.3286
2008-04-07,2019-02-04,85.42
2008-04-08,2019-02-04,85.5514
2008-04-09,2019-02-04,85.3931
2008-04-10,2019-02-04,85.3306
2008-04-11,2019-02-04,85.319
2008-04-14,2019-02-04,85.1673
2008-04-15,2019-02-04,85.2872
2008-04-16,2019-02-04,84.731
2008-04-17,2019-02-04,84.9311
2008-04-18,2019-02-04,85.3462
2008-04-21,2019-02-04,85.12
2008-04-22,2019-02-04,84.7552
2008-04-23,2019-02-04,85.2043
2008-04-24,2019-02-04,85.5308
2008-04-25,2019-02-04,85.6466
2008-04-28,2019-02-04,85.5775
2008-04-29,2019-02-04,85.685
2008-04-30,2019-02-04,85.7029
2008-05-01,2019-02-04,85.9423
2008-05-02,2019-02-04,86.0379
2008-05-05,2019-02-04,85.8733
2008-05-06,2019-02-04,85.6612
2008-05-07,2019-02-04,86.1499
2008-05-08,2019-02-04,86.2622
2008-05-09,2019-02-04,86.0611
2008-05-12,2019-02-04,85.8533
2008-05-13,2019-02-04,85.9459
2008-05-14,2019-02-04,86.1755
2008-05-15,2019-02-04,85.9946
2008-05-16,2019-02-04,85.6033
2008-05-19,2019-02-04,85.6401
2008-05-20,2019-02-04,85.3839
2008-05-21,2019-02-04,84.9874
2008-05-22,2019-02-04,85.1478
2008-05-23,2019-02-04,85.0193
2008-05-26,2019-02-04,85.0169
2008-05-27,2019-02-04,85.2684
2008-05-28,2019-02-04,85.3167
2008-05-29,2019-02-04,85.3825
2008-05-30,2019-02-04,85.3705
2008-06-02,2019-02-04,85.4496
2008-06-03,2019-02-04,85.6503
2008-06-04,2019-02-04,85.9098
2008-06-05,2019-02-04,85.9078
2008-06-06,2019-02-04,85.6187
2008-06-09,2019-02-04,85.724
2008-06-10,2019-02-04,86.2762
2008-06-11,2019-02-04,86.0161
2008-06-12,2019-02-04,86.4219
2008-06-13,2019-02-04,86.563
2008-06-16,2019-02-04,86.1981
2008-06-17,2019-02-04,86.0199
2008-06-18,2019-02-04,85.9976
2008-06-19,2019-02-04,85.8941
2008-06-20,2019-02-04,85.7184
2008-06-23,2019-02-04,86.0262
2008-06-24,2019-02-04,85.7805
2008-06-25,2019-02-04,85.866
2008-06-26,2019-02-04,85.4973
2008-06-27,2019-02-04,85.4609
2008-06-30,2019-02-04,85.5776
2008-07-01,2019-02-04,85.6586
2008-07-02,2019-02-04,85.2987
2008-07-03,2019-02-04,85.6988
2008-07-04,2019-02-04,85.6925
2008-07-07,2019-02-04,85.7756
2008-07-08,2019-02-04,85.7906
2008-07-09,2019-02-04,85.353
2008-07-10,2019-02-04,85.3322
2008-07-11,2019-02-04,85.0455
2008-07-14,2019-02-04,84.9348
2008-07-15,2019-02-04,84.7035
2008-07-16,2019-02-04,84.7575
2008-07-17,2019-02-04,84.7681
2008-07-18,2019-02-04,84.9007
2008-07-21,2019-02-04,84.8439
2008-07-22,2019-02-04,85.0167
2008-07-23,2019-02-04,85.0898
2008-07-24,2019-02-04,85.2229
2008-07-25,2019-02-04,85.212
2008-07-28,2019-02-04,85.2862
2008-07-29,2019-02-04,85.6314
2008-07-30,2019-02-04,85.6301
2008-07-31,2019-02-04,85.6697
2008-08-01,2019-02-04,85.6389
2008-08-04,2019-02-04,85.8701
2008-08-05,2019-02-04,86.1316
2008-08-06,2019-02-04,86.3996
2008-08-07,2019-02-04,86.6681
2008-08-08,2019-02-04,87.672
2008-08-11,2019-02-04,87.8106
2008-08-12,2019-02-04,87.9653
2008-08-13,2019-02-04,88.093
2008-08-14,2019-02-04,88.1397
2008-08-15,2019-02-04,88.4914
2008-08-18,2019-02-04,88.3658
2008-08-19,2019-02-04,88.415
2008-08-20,2019-02-04,88.4651
2008-08-21,2019-02-04,87.6928
2008-08-22,2019-02-04,88.0142
2008-08-25,2019-02-04,88.0848
2008-08-26,2019-02-04,88.47
2008-08-27,2019-02-04,88.4125
2008-08-28,2019-02-04,88.5906
2008-08-29,2019-02-04,88.82
2008-09-01,2019-02-04,88.843
2008-09-02,2019-02-04,89.5969
2008-09-03,2019-02-04,89.5826
2008-09-04,2019-02-04,89.9098
2008-09-05,2019-02-04,90.0846
2008-09-08,2019-02-04,90.3997
2008-09-09,2019-02-04,90.3159
2008-09-10,2019-02-04,90.8576
2008-09-11,2019-02-04,91.2131
2008-09-12,2019-02-04,90.2113
2008-09-15,2019-02-04,90.493
2008-09-16,2019-02-04,90.7903
2008-09-17,2019-02-04,90.8256
2008-09-18,2019-02-04,90.447
2008-09-19,2019-02-04,89.7506
2008-09-22,2019-02-04,88.8761
2008-09-23,2019-02-04,88.8867
2008-09-24,2019-02-04,89.2196
2008-09-25,2019-02-04,89.2248
2008-09-26,2019-02-04,89.444
2008-09-29,2019-02-04,90.1409
2008-09-30,2019-02-04,91.1053
2008-10-01,2019-02-04,91.2364
2008-10-02,2019-02-04,92.0885
2008-10-03,2019-02-04,92.2484
2008-10-06,2019-02-04,93.8397
2008-10-07,2019-02-04,94.1639
2008-10-08,2019-02-04,95.6198
2008-10-09,2019-02-04,95.1701
2008-10-10,2019-02-04,96.6248
2008-10-13,2019-02-04,96.5954
2008-10-14,2019-02-04,94.9102
2008-10-15,2019-02-04,95.8438
2008-10-16,2019-02-04,96.9923
2008-10-17,2019-02-04,96.3611
2008-10-20,2019-02-04,96.7875
2008-10-21,2019-02-04,98.0278
2008-10-22,2019-02-04,99.7874
2008-10-23,2019-02-04,99.6821
2008-10-24,2019-02-04,100.401
2008-10-27,2019-02-04,100.8896
2008-10-28,2019-02-04,100.9743
2008-10-29,2019-02-04,98.6902
2008-10-30,2019-02-04,98.0547
2008-10-31,2019-02-04,98.36
2008-11-03,2019-02-04,98.0371
2008-11-04,2019-02-04,96.6267
2008-11-05,2019-02-04,96.7231
2008-11-06,2019-02-04,98.1404
2008-11-07,2019-02-04,97.9999
2008-11-10,2019-02-04,98.1911
2008-11-11,2019-02-04,98.2055
2008-11-12,2019-02-04,99.7684
2008-11-13,2019-02-04,100.3405
2008-11-14,2019-02-04,99.5513
2008-11-17,2019-02-04,99.6821
2008-11-18,2019-02-04,99.9727
2008-11-19,2019-02-04,100.446
2008-11-20,2019-02-04,101.8142
2008-11-21,2019-02-04,102.1632
2008-11-24,2019-02-04,100.0785
2008-11-25,2019-02-04,99.3858
2008-11-26,2019-02-04,99.8324
2008-11-27,2019-02-04,99.8321
2008-11-28,2019-02-04,100.2164
2008-12-01,2019-02-04,100.7349
2008-12-02,2019-02-04,100.5521
2008-12-03,2019-02-04,100.9794
2008-12-04,2019-02-04,100.632
2008-12-05,2019-02-04,102.0225
2008-12-08,2019-02-04,100.2873
2008-12-09,2019-02-04,100.2973
2008-12-10,2019-02-04,99.8608
2008-12-11,2019-02-04,98.1094
2008-12-12,2019-02-04,98.9041
2008-12-15,2019-02-04,97.7049
2008-12-16,2019-02-04,97.092
2008-12-17,2019-02-04,95.4644
2008-12-18,2019-02-04,95.4875
2008-12-19,2019-02-04,96.7459
2008-12-22,2019-02-04,96.786
2008-12-23,2019-02-04,96.8932
2008-12-24,2019-02-04,96.8484
2008-12-25,2019-02-04,96.8654
2008-12-26,2019-02-04,96.8829
2008-12-29,2019-02-04,96.5648
2008-12-30,2019-02-04,97.0041
2008-12-31,2019-02-04,97.2683
2009-01-01,2019-02-04,97.2627
2009-01-02,2019-02-04,97.2194
2009-01-05,2019-02-04,97.5323
2009-01-06,2019-02-04,97.4033
2009-01-07,2019-02-04,96.7208
2009-01-08,2019-02-04,96.9487
2009-01-09,2019-02-04,97.4919
2009-01-12,2019-02-04,98.202
2009-01-13,2019-02-04,98.9454
2009-01-14,2019-02-04,99.3342
2009-01-15,2019-02-04,100.0336
2009-01-16,2019-02-04,99.2933
2009-01-19,2019-02-04,99.3303
2009-01-20,2019-02-04,100.357
2009-01-21,2019-02-04,100.6476
2009-01-22,2019-02-04,100.3979
2009-01-23,2019-02-04,100.6592
2009-01-26,2019-02-04,99.5501
2009-01-27,2019-02-04,99.7436
2009-01-28,2019-02-04,99.1322
2009-01-29,2019-02-04,99.9122
2009-01-30,2019-02-04,100.6766
2009-02-02,2019-02-04,101.06
2009-02-03,2019-02-04,100.4174
2009-02-04,2019-02-04,100.4708
2009-02-05,2019-02-04,100.5182
2009-02-06,2019-02-04,100.317
2009-02-09,2019-02-04,99.5509
2009-02-10,2019-02-04,100.2811
2009-02-11,2019-02-04,100.8016
2009-02-12,2019-02-04,101.1524
2009-02-13,2019-02-04,100.8586
2009-02-16,2019-02-04,100.9039
2009-02-17,2019-02-04,102.3005
2009-02-18,2019-02-04,102.5743
2009-02-19,2019-02-04,102.3071
2009-02-20,2019-02-04,102.5631
2009-02-23,2019-02-04,102.2874
2009-02-24,2019-02-04,102.5279
2009-02-25,2019-02-04,102.849
2009-02-26,2019-02-04,102.7275
2009-02-27,2019-02-04,103.4608
2009-03-02,2019-02-04,104.476
2009-03-03,2019-02-04,104.5383
2009-03-04,2019-02-04,103.9813
2009-03-05,2019-02-04,104.3247
2009-03-06,2019-02-04,103.9187
2009-03-09,2019-02-04,104.5314
2009-03-10,2019-02-04,103.6434
2009-03-11,2019-02-04,103.38
2009-03-12,2019-02-04,103.4195
2009-03-13,2019-02-04,102.6531
2009-03-16,2019-02-04,101.7567
2009-03-17,2019-02-04,101.7852
2009-03-18,2019-02-04,101.5585
2009-03-19,2019-02-04,98.999
2009-03-20,2019-02-04,99.6522
2009-03-23,2019-02-04,99.699
2009-03-24,2019-02-04,99.6313
2009-03-25,2019-02-04,99.5673
2009-03-26,2019-02-04,99.6943
2009-03-27,2019-02-04,100.4208
2009-03-30,2019-02-04,101.313
2009-03-31,2019-02-04,100.9493
2009-04-01,2019-02-04,100.7005
2009-04-02,2019-02-04,99.4723
2009-04-03,2019-02-04,99.2457
2009-04-06,2019-02-04,99.5391
2009-04-07,2019-02-04,99.5769
2009-04-08,2019-02-04,99.4909
2009-04-09,2019-02-04,99.3939
2009-04-10,2019-02-04,99.3548
2009-04-13,2019-02-04,98.7452
2009-04-14,2019-02-04,98.5198
2009-04-15,2019-02-04,98.7566
2009-04-16,2019-02-04,98.6593
2009-04-17,2019-02-04,99.1685
2009-04-20,2019-02-04,100.0277
2009-04-21,2019-02-04,99.7655
2009-04-22,2019-02-04,99.7001
2009-04-23,2019-02-04,99.5954
2009-04-24,2019-02-04,98.6301
2009-04-27,2019-02-04,99.3205
2009-04-28,2019-02-04,99.8995
2009-04-29,2019-02-04,98.6107
2009-04-30,2019-02-04,98.7129
2009-05-01,2019-02-04,98.6173
2009-05-04,2019-02-04,97.7585
2009-05-05,2019-02-04,97.4813
2009-05-06,2019-02-04,97.5319
2009-05-07,2019-02-04,97.1856
2009-05-08,2019-02-04,96.7687
2009-05-11,2019-02-04,96.3937
2009-05-12,2019-02-04,96.4721
2009-05-13,2019-02-04,96.6683
2009-05-14,2019-02-04,96.7672
2009-05-15,2019-02-04,96.7444
2009-05-18,2019-02-04,96.5824
2009-05-19,2019-02-04,95.9355
2009-05-20,2019-02-04,95.2354
2009-05-21,2019-02-04,95.2694
2009-05-22,2019-02-04,94.5577
2009-05-25,2019-02-04,94.5568
2009-05-26,2019-02-04,94.6672
2009-05-27,2019-02-04,94.6424
2009-05-28,2019-02-04,94.811
2009-05-29,2019-02-04,93.9627
2009-06-01,2019-02-04,93.5144
2009-06-02,2019-02-04,93.3636
2009-06-03,2019-02-04,93.7749
2009-06-04,2019-02-04,93.9882
2009-06-05,2019-02-04,94.7248
2009-06-08,2019-02-04,95.3292
2009-06-09,2019-02-04,94.6415
2009-06-10,2019-02-04,94.8137
2009-06-11,2019-02-04,94.1967
2009-06-12,2019-02-04,94.5275
2009-06-15,2019-02-04,95.4252
2009-06-16,2019-02-04,94.9422
2009-06-17,2019-02-04,95.3138
2009-06-18,2019-02-04,94.8327
2009-06-19,2019-02-04,94.7194
2009-06-22,2019-02-04,95.5527
2009-06-23,2019-02-04,95.1965
2009-06-24,2019-02-04,94.9189
2009-06-25,2019-02-04,95.3817
2009-06-26,2019-02-04,94.8762
2009-06-29,2019-02-04,94.9243
2009-06-30,2019-02-04,95.0553
2009-07-01,2019-02-04,94.3501
2009-07-02,2019-02-04,95.0002
2009-07-03,2019-02-04,95.1454
2009-07-06,2019-02-04,95.2902
2009-07-07,2019-02-04,95.3051
2009-07-08,2019-02-04,95.6841
2009-07-09,2019-02-04,95.2946
2009-07-10,2019-02-04,95.7471
2009-07-13,2019-02-04,95.669
2009-07-14,2019-02-04,95.3354
2009-07-15,2019-02-04,94.4919
2009-07-16,2019-02-04,94.4156
2009-07-17,2019-02-04,94.2966
2009-07-20,2019-02-04,93.7923
2009-07-21,2019-02-04,93.757
2009-07-22,2019-02-04,93.5707
2009-07-23,2019-02-04,93.2439
2009-07-24,2019-02-04,93.4125
2009-07-27,2019-02-04,93.3745
2009-07-28,2019-02-04,93.2691
2009-07-29,2019-02-04,93.8669
2009-07-30,2019-02-04,93.6015
2009-07-31,2019-02-04,92.9688
2009-08-03,2019-02-04,92.3617
2009-08-04,2019-02-04,92.4554
2009-08-05,2019-02-04,92.5109
2009-08-06,2019-02-04,92.6585
2009-08-07,2019-02-04,93.1836
2009-08-10,2019-02-04,93.3189
2009-08-11,2019-02-04,93.5731
2009-08-12,2019-02-04,93.2518
2009-08-13,2019-02-04,92.9549
2009-08-14,2019-02-04,93.1845
2009-08-17,2019-02-04,93.8008
2009-08-18,2019-02-04,93.8098
2009-08-19,2019-02-04,93.1195
2009-08-20,2019-02-04,93.061
2009-08-21,2019-02-04,92.7285
2009-08-24,2019-02-04,92.6534
2009-08-25,2019-02-04,92.6266
2009-08-26,2019-02-04,93.5697
2009-08-27,2019-02-04,93.4992
2009-08-28,2019-02-04,93.1606
2009-08-31,2019-02-04,93.3286
2009-09-01,2019-02-04,93.9185
2009-09-02,2019-02-04,93.8566
2009-09-03,2019-02-04,93.6623
2009-09-04,2019-02-04,93.2905
2009-09-07,2019-02-04,93.2932
2009-09-08,2019-02-04,92.456
2009-09-09,2019-02-04,92.4166
2009-09-10,2019-02-04,92.4197
2009-09-11,2019-02-04,92.0513
2009-09-14,2019-02-04,92.3446
2009-09-15,2019-02-04,92.1696
2009-09-16,2019-02-04,91.6425
2009-09-17,2019-02-04,91.566
2009-09-18,2019-02-04,91.8542
2009-09-21,2019-02-04,92.0828
2009-09-22,2019-02-04,91.6029
2009-09-23,2019-02-04,91.7139
2009-09-24,2019-02-04,92.1956
2009-09-25,2019-02-04,92.2749
2009-09-28,2019-02-04,92.1888
2009-09-29,2019-02-04,92.4953
2009-09-30,2019-02-04,91.9174
2009-10-01,2019-02-04,92.3192
2009-10-02,2019-02-04,92.3941
2009-10-05,2019-02-04,92.0596
2009-10-06,2019-02-04,91.3535
2009-10-07,2019-02-04,91.5245
2009-10-08,2019-02-04,90.9484
2009-10-09,2019-02-04,91.0382
2009-10-12,2019-02-04,91.0247
2009-10-13,2019-02-04,90.5753
2009-10-14,2019-02-04,90.2577
2009-10-15,2019-02-04,90.1939
2009-10-16,2019-02-04,90.408
2009-10-19,2019-02-04,90.199
2009-10-20,2019-02-04,90.5518
2009-10-21,2019-02-04,90.1404
2009-10-22,2019-02-04,90.3648
2009-10-23,2019-02-04,90.4882
2009-10-26,2019-02-04,90.8489
2009-10-27,2019-02-04,91.2759
2009-10-28,2019-02-04,91.5514
2009-10-29,2019-02-04,91.2139
2009-10-30,2019-02-04,91.359
2009-11-02,2019-02-04,91.1913
2009-11-03,2019-02-04,91.6378
2009-11-04,2019-02-04,91.1177
2009-11-05,2019-02-04,91.0891
2009-11-06,2019-02-04,91.1288
2009-11-09,2019-02-04,90.4428
2009-11-10,2019-02-04,90.4224
2009-11-11,2019-02-04,90.4097
2009-11-12,2019-02-04,90.6978
2009-11-13,2019-02-04,90.3315
2009-11-16,2019-02-04,89.9568
2009-11-17,2019-02-04,90.4954
2009-11-18,2019-02-04,90.011
2009-11-19,2019-02-04,90.535
2009-11-20,2019-02-04,90.7388
2009-11-23,2019-02-04,90.2438
2009-11-24,2019-02-04,90.3085
2009-11-25,2019-02-04,89.731
2009-11-26,2019-02-04,89.7766
2009-11-27,2019-02-04,90.2809
2009-11-30,2019-02-04,90.1264
2009-12-01,2019-02-04,89.5977
2009-12-02,2019-02-04,89.6548
2009-12-03,2019-02-04,89.679
2009-12-04,2019-02-04,90.1374
2009-12-07,2019-02-04,90.2951
2009-12-08,2019-02-04,90.6974
2009-12-09,2019-02-04,90.7589
2009-12-10,2019-02-04,90.7532
2009-12-11,2019-02-04,91.0354
2009-12-14,2019-02-04,90.7747
2009-12-15,2019-02-04,91.1019
2009-12-16,2019-02-04,90.8922
2009-12-17,2019-02-04,91.9499
2009-12-18,2019-02-04,91.8879
2009-12-21,2019-02-04,91.7441
2009-12-22,2019-02-04,92.0138
2009-12-23,2019-02-04,91.659
2009-12-24,2019-02-04,91.5994
2009-12-25,2019-02-04,91.6004
2009-12-28,2019-02-04,91.4329
2009-12-29,2019-02-04,91.6157
2009-12-30,2019-02-04,91.8166
2009-12-31,2019-02-04,91.6453
2010-01-01,2019-02-04,91.6403
2010-01-04,2019-02-04,91.0972
2010-01-05,2019-02-04,90.9648
2010-01-06,2019-02-04,90.838
2010-01-07,2019-02-04,91.1077
2010-01-08,2019-02-04,90.8914
2010-01-11,2019-02-04,90.3521
2010-01-12,2019-02-04,90.4512
2010-01-13,2019-02-04,90.478
2010-01-14,2019-02-04,90.3389
2010-01-15,2019-02-04,90.5155
2010-01-18,2019-02-04,90.5224
2010-01-19,2019-02-04,90.7065
2010-01-20,2019-02-04,91.4101
2010-01-21,2019-02-04,91.3956
2010-01-22,2019-02-04,91.6719
2010-01-25,2019-02-04,91.6395
2010-01-26,2019-02-04,92.0513
2010-01-27,2019-02-04,92.0054
2010-01-28,2019-02-04,91.9856
2010-01-29,2019-02-04,92.4771
2010-02-01,2019-02-04,92.4452
2010-02-02,2019-02-04,92.1314
2010-02-03,2019-02-04,92.341
2010-02-04,2019-02-04,92.844
2010-02-05,2019-02-04,93.3175
2010-02-08,2019-02-04,93.0529
2010-02-09,2019-02-04,92.7391
2010-02-10,2019-02-04,92.8787
2010-02-11,2019-02-04,92.7202
2010-02-12,2019-02-04,92.704
2010-02-15,2019-02-04,92.7044
2010-02-16,2019-02-04,92.1971
2010-02-17,2019-02-04,92.4278
2010-02-18,2019-02-04,92.5827
2010-02-19,2019-02-04,92.6622
2010-02-22,2019-02-04,92.449
2010-02-23,2019-02-04,92.6837
2010-02-24,2019-02-04,92.6819
2010-02-25,2019-02-04,93.075
2010-02-26,2019-02-04,92.3681
2010-03-01,2019-02-04,92.5016
2010-03-02,2019-02-04,92.1966
2010-03-03,2019-02-04,91.7039
2010-03-04,2019-02-04,92.1181
2010-03-05,2019-02-04,91.9763
2010-03-08,2019-02-04,91.9586
2010-03-09,2019-02-04,91.908
2010-03-10,2019-02-04,91.759
2010-03-11,2019-02-04,91.77
2010-03-12,2019-02-04,91.385
2010-03-15,2019-02-04,91.6816
2010-03-16,2019-02-04,91.3189
2010-03-17,2019-02-04,91.171
2010-03-18,2019-02-04,91.4654
2010-03-19,2019-02-04,91.7551
2010-03-22,2019-02-04,91.8466
2010-03-23,2019-02-04,91.721
2010-03-24,2019-02-04,92.3504
2010-03-25,2019-02-04,92.2931
2010-03-26,2019-02-04,92.3908
2010-03-29,2019-02-04,92.006
2010-03-30,2019-02-04,91.9738
2010-03-31,2019-02-04,91.6162
2010-04-01,2019-02-04,91.3883
2010-04-02,2019-02-04,91.6234
2010-04-05,2019-02-04,91.3861
2010-04-06,2019-02-04,91.4566
2010-04-07,2019-02-04,91.4642
2010-04-08,2019-02-04,91.4403
2010-04-09,2019-02-04,91.2012
2010-04-12,2019-02-04,90.9714
2010-04-13,2019-02-04,90.9969
2010-04-14,2019-02-04,90.6641
2010-04-15,2019-02-04,90.9318
2010-04-16,2019-02-04,91.2481
2010-04-19,2019-02-04,91.5752
2010-04-20,2019-02-04,91.158
2010-04-21,2019-02-04,91.1718
2010-04-22,2019-02-04,91.4467
2010-04-23,2019-02-04,91.3828
2010-04-26,2019-02-04,91.2417
2010-04-27,2019-02-04,91.8077
2010-04-28,2019-02-04,92.192
2010-04-29,2019-02-04,91.6175
2010-04-30,2019-02-04,91.5601
2010-05-03,2019-02-04,91.9459
2010-05-04,2019-02-04,92.5145
2010-05-05,2019-02-04,93.0885
2010-05-06,2019-02-04,93.9783
2010-05-07,2019-02-04,93.9691
2010-05-10,2019-02-04,93.0002
2010-05-11,2019-02-04,93.1179
2010-05-12,2019-02-04,93.2354
2010-05-13,2019-02-04,93.1899
2010-05-14,2019-02-04,94.0427
2010-05-17,2019-02-04,94.6368
2010-05-18,2019-02-04,94.284
2010-05-19,2019-02-04,95.157
2010-05-20,2019-02-04,95.5909
2010-05-21,2019-02-04,94.9456
2010-05-24,2019-02-04,95.2912
2010-05-25,2019-02-04,96.1815
2010-05-26,2019-02-04,95.8257
2010-05-27,2019-02-04,95.0142
2010-05-28,2019-02-04,94.9599
2010-05-31,2019-02-04,94.9678
2010-06-01,2019-02-04,95.2619
2010-06-02,2019-02-04,95.2637
2010-06-03,2019-02-04,95.1116
2010-06-04,2019-02-04,95.8061
2010-06-07,2019-02-04,96.1347
2010-06-08,2019-02-04,95.9762
2010-06-09,2019-02-04,95.5357
2010-06-10,2019-02-04,95.1368
2010-06-11,2019-02-04,95.2087
2010-06-14,2019-02-04,94.4696
2010-06-15,2019-02-04,94.3681
2010-06-16,2019-02-04,94.2326
2010-06-17,2019-02-04,94.1642
2010-06-18,2019-02-04,93.9674
2010-06-21,2019-02-04,93.5264
2010-06-22,2019-02-04,93.7885
2010-06-23,2019-02-04,94.1519
2010-06-24,2019-02-04,94.2835
2010-06-25,2019-02-04,94.1249
2010-06-28,2019-02-04,93.9396
2010-06-29,2019-02-04,94.6772
2010-06-30,2019-02-04,94.6505
2010-07-01,2019-02-04,94.4648
2010-07-02,2019-02-04,94.3017
2010-07-05,2019-02-04,94.298
2010-07-06,2019-02-04,93.7828
2010-07-07,2019-02-04,93.8533
2010-07-08,2019-02-04,93.4545
2010-07-09,2019-02-04,93.3646
2010-07-12,2019-02-04,93.6364
2010-07-13,2019-02-04,93.0726
2010-07-14,2019-02-04,93.0135
2010-07-15,2019-02-04,92.891
2010-07-16,2019-02-04,93.1933
2010-07-19,2019-02-04,93.2879
2010-07-20,2019-02-04,93.229
2010-07-21,2019-02-04,93.1371
2010-07-22,2019-02-04,92.8075
2010-07-23,2019-02-04,92.8372
2010-07-26,2019-02-04,92.4567
2010-07-27,2019-02-04,92.4593
2010-07-28,2019-02-04,92.452
2010-07-29,2019-02-04,92.3044
2010-07-30,2019-02-04,91.988
2010-08-02,2019-02-04,91.5096
2010-08-03,2019-02-04,91.3467
2010-08-04,2019-02-04,91.4495
2010-08-05,2019-02-04,91.3594
2010-08-06,2019-02-04,91.3135
2010-08-09,2019-02-04,91.393
2010-08-10,2019-02-04,91.9303
2010-08-11,2019-02-04,92.478
2010-08-12,2019-02-04,92.5889
2010-08-13,2019-02-04,92.7413
2010-08-16,2019-02-04,92.4903
2010-08-17,2019-02-04,92.1292
2010-08-18,2019-02-04,92.0782
2010-08-19,2019-02-04,92.4149
2010-08-20,2019-02-04,92.9002
2010-08-23,2019-02-04,93.0205
2010-08-24,2019-02-04,93.1246
2010-08-25,2019-02-04,93.4217
2010-08-26,2019-02-04,93.0438
2010-08-27,2019-02-04,93.0384
2010-08-30,2019-02-04,93.2808
2010-08-31,2019-02-04,93.4062
2010-09-01,2019-02-04,92.8113
2010-09-02,2019-02-04,92.782
2010-09-03,2019-02-04,92.3981
2010-09-06,2019-02-04,92.3959
2010-09-07,2019-02-04,92.7378
2010-09-08,2019-02-04,92.4791
2010-09-09,2019-02-04,92.4043
2010-09-10,2019-02-04,92.3776
2010-09-13,2019-02-04,91.7873
2010-09-14,2019-02-04,91.3365
2010-09-15,2019-02-04,91.6461
2010-09-16,2019-02-04,91.6259
2010-09-17,2019-02-04,91.6558
2010-09-20,2019-02-04,91.4662
2010-09-21,2019-02-04,91.3862
2010-09-22,2019-02-04,90.793
2010-09-23,2019-02-04,90.7523
2010-09-24,2019-02-04,90.3358
2010-09-27,2019-02-04,90.2181
2010-09-28,2019-02-04,90.0895
2010-09-29,2019-02-04,89.906
2010-09-30,2019-02-04,90.0816
2010-10-01,2019-02-04,89.5849
2010-10-04,2019-02-04,89.7479
2010-10-05,2019-02-04,89.3157
2010-10-06,2019-02-04,88.9013
2010-10-07,2019-02-04,89.0442
2010-10-08,2019-02-04,88.8733
2010-10-11,2019-02-04,88.8747
2010-10-12,2019-02-04,88.9774
2010-10-13,2019-02-04,88.5424
2010-10-14,2019-02-04,88.2918
2010-10-15,2019-02-04,88.4475
2010-10-18,2019-02-04,88.6111
2010-10-19,2019-02-04,89.3001
2010-10-20,2019-02-04,88.9021
2010-10-21,2019-02-04,88.895
2010-10-22,2019-02-04,89.1588
2010-10-25,2019-02-04,88.6924
2010-10-26,2019-02-04,89.0369
2010-10-27,2019-02-04,89.5501
2010-10-28,2019-02-04,88.997
2010-10-29,2019-02-04,88.8515
2010-11-01,2019-02-04,88.7903
2010-11-02,2019-02-04,88.4499
2010-11-03,2019-02-04,88.4734
2010-11-04,2019-02-04,87.7613
2010-11-05,2019-02-04,88.0169
2010-11-08,2019-02-04,88.3387
2010-11-09,2019-02-04,88.3239
2010-11-10,2019-02-04,88.6658
2010-11-11,2019-02-04,88.6788
2010-11-12,2019-02-04,88.9267
2010-11-15,2019-02-04,89.1851
2010-11-16,2019-02-04,89.8511
2010-11-17,2019-02-04,89.6721
2010-11-18,2019-02-04,89.3979
2010-11-19,2019-02-04,89.4466
2010-11-22,2019-02-04,89.45
2010-11-23,2019-02-04,90.1668
2010-11-24,2019-02-04,89.956
2010-11-25,2019-02-04,89.9573
2010-11-26,2019-02-04,90.5437
2010-11-29,2019-02-04,90.921
2010-11-30,2019-02-04,90.8701
2010-12-01,2019-02-04,90.4085
2010-12-02,2019-02-04,90.0005
2010-12-03,2019-02-04,89.6217
2010-12-06,2019-02-04,89.7564
2010-12-07,2019-02-04,89.7149
2010-12-08,2019-02-04,90.074
2010-12-09,2019-02-04,90.1273
2010-12-10,2019-02-04,90.0205
2010-12-13,2019-02-04,89.6283
2010-12-14,2019-02-04,89.5099
2010-12-15,2019-02-04,89.8335
2010-12-16,2019-02-04,90.1123
2010-12-17,2019-02-04,90.2863
2010-12-20,2019-02-04,90.3698
2010-12-21,2019-02-04,90.25
2010-12-22,2019-02-04,90.1603
2010-12-23,2019-02-04,90.0344
2010-12-24,2019-02-04,90.0307
2010-12-27,2019-02-04,89.9306
2010-12-28,2019-02-04,89.7217
2010-12-29,2019-02-04,89.508
2010-12-30,2019-02-04,89.2594
2010-12-31,2019-02-04,89.2519
2011-01-03,2019-02-04,88.7059
2011-01-04,2019-02-04,89.0746
2011-01-05,2019-02-04,89.3131
2011-01-06,2019-02-04,89.6498
2011-01-07,2019-02-04,89.7364
2011-01-10,2019-02-04,89.766
2011-01-11,2019-02-04,89.581
2011-01-12,2019-02-04,89.1557
2011-01-13,2019-02-04,88.6558
2011-01-14,2019-02-04,88.7974
2011-01-17,2019-02-04,88.7998
2011-01-18,2019-02-04,88.5761
2011-01-19,2019-02-04,88.4524
2011-01-20,2019-02-04,88.8821
2011-01-21,2019-02-04,88.478
2011-01-24,2019-02-04,88.2983
2011-01-25,2019-02-04,88.4854
2011-01-26,2019-02-04,88.27
2011-01-27,2019-02-04,88.3333
2011-01-28,2019-02-04,88.5762
2011-01-31,2019-02-04,88.4545
2011-02-01,2019-02-04,87.9125
2011-02-02,2019-02-04,87.8429
2011-02-03,2019-02-04,88.0186
2011-02-04,2019-02-04,88.1544
2011-02-07,2019-02-04,88.1192
2011-02-08,2019-02-04,87.891
2011-02-09,2019-02-04,88.1801
2011-02-10,2019-02-04,88.387
2011-02-11,2019-02-04,88.6346
2011-02-14,2019-02-04,88.6112
2011-02-15,2019-02-04,88.6437
2011-02-16,2019-02-04,88.465
2011-02-17,2019-02-04,88.1747
2011-02-18,2019-02-04,87.9652
2011-02-21,2019-02-04,87.9655
2011-02-22,2019-02-04,88.2254
2011-02-23,2019-02-04,88.1835
2011-02-24,2019-02-04,88.0025
2011-02-25,2019-02-04,87.9353
2011-02-28,2019-02-04,87.7116
2011-03-01,2019-02-04,87.6047
2011-03-02,2019-02-04,87.5074
2011-03-03,2019-02-04,87.4138
2011-03-04,2019-02-04,87.2686
2011-03-07,2019-02-04,87.2987
2011-03-08,2019-02-04,87.4212
2011-03-09,2019-02-04,87.3099
2011-03-10,2019-02-04,87.6414
2011-03-11,2019-02-04,87.4657
2011-03-14,2019-02-04,87.2965
2011-03-15,2019-02-04,87.5579
2011-03-16,2019-02-04,87.7488
2011-03-17,2019-02-04,87.4313
2011-03-18,2019-02-04,87.3006
2011-03-21,2019-02-04,86.9866
2011-03-22,2019-02-04,86.8523
2011-03-23,2019-02-04,87.114
2011-03-24,2019-02-04,86.8446
2011-03-25,2019-02-04,86.9547
2011-03-28,2019-02-04,87.0868
2011-03-29,2019-02-04,87.1781
2011-03-30,2019-02-04,87.0114
2011-03-31,2019-02-04,86.8147
2011-04-01,2019-02-04,86.5874
2011-04-04,2019-02-04,86.6278
2011-04-05,2019-02-04,86.5373
2011-04-06,2019-02-04,86.2842
2011-04-07,2019-02-04,86.3242
2011-04-08,2019-02-04,85.9476
2011-04-11,2019-02-04,85.8937
2011-04-12,2019-02-04,86.091
2011-04-13,2019-02-04,86.0075
2011-04-14,2019-02-04,85.8804
2011-04-15,2019-02-04,85.8061
2011-04-18,2019-02-04,86.3009
2011-04-19,2019-02-04,85.8789
2011-04-20,2019-02-04,85.3724
2011-04-21,2019-02-04,85.0389
2011-04-22,2019-02-04,85.1853
2011-04-25,2019-02-04,85.2139
2011-04-26,2019-02-04,85.0713
2011-04-27,2019-02-04,85.0652
2011-04-28,2019-02-04,84.6622
2011-04-29,2019-02-04,84.4239
2011-05-02,2019-02-04,84.3451
2011-05-03,2019-02-04,84.4588
2011-05-04,2019-02-04,84.7112
2011-05-05,2019-02-04,85.3177
2011-05-06,2019-02-04,85.2673
2011-05-09,2019-02-04,85.6383
2011-05-10,2019-02-04,85.4581
2011-05-11,2019-02-04,85.5246
2011-05-12,2019-02-04,85.8766
2011-05-13,2019-02-04,86.2118
2011-05-16,2019-02-04,86.1273
2011-05-17,2019-02-04,86.4221
2011-05-18,2019-02-04,86.0916
2011-05-19,2019-02-04,86.0606
2011-05-20,2019-02-04,86.1004
2011-05-23,2019-02-04,86.6806
2011-05-24,2019-02-04,86.4523
2011-05-25,2019-02-04,86.4049
2011-05-26,2019-02-04,86.3514
2011-05-27,2019-02-04,85.7553
2011-05-30,2019-02-04,85.7494
2011-05-31,2019-02-04,85.4627
2011-06-01,2019-02-04,85.4041
2011-06-02,2019-02-04,85.6474
2011-06-03,2019-02-04,85.2342
2011-06-06,2019-02-04,85.2771
2011-06-07,2019-02-04,85.1751
2011-06-08,2019-02-04,85.3804
2011-06-09,2019-02-04,85.3998
2011-06-10,2019-02-04,85.8434
2011-06-13,2019-02-04,85.8596
2011-06-14,2019-02-04,85.4848
2011-06-15,2019-02-04,86.131
2011-06-16,2019-02-04,86.4828
2011-06-17,2019-02-04,86.0165
2011-06-20,2019-02-04,85.99
2011-06-21,2019-02-04,85.661
2011-06-22,2019-02-04,85.6111
2011-06-23,2019-02-04,86.2489
2011-06-24,2019-02-04,86.295
2011-06-27,2019-02-04,86.3163
2011-06-28,2019-02-04,86.0163
2011-06-29,2019-02-04,85.6061
2011-06-30,2019-02-04,85.2881
2011-07-01,2019-02-04,85.1723
2011-07-04,2019-02-04,85.1724
2011-07-05,2019-02-04,85.235
2011-07-06,2019-02-04,85.4881
2011-07-07,2019-02-04,85.2908
2011-07-08,2019-02-04,85.4215
2011-07-11,2019-02-04,85.9002
2011-07-12,2019-02-04,85.9686
2011-07-13,2019-02-04,85.3782
2011-07-14,2019-02-04,85.3326
2011-07-15,2019-02-04,85.3263
2011-07-18,2019-02-04,85.7574
2011-07-19,2019-02-04,85.2491
2011-07-20,2019-02-04,85.092
2011-07-21,2019-02-04,84.6578
2011-07-22,2019-02-04,84.6816
2011-07-25,2019-02-04,84.6211
2011-07-26,2019-02-04,84.2951
2011-07-27,2019-02-04,84.5349
2011-07-28,2019-02-04,84.6449
2011-07-29,2019-02-04,84.5509
2011-08-01,2019-02-04,84.8564
2011-08-02,2019-02-04,84.8709
2011-08-03,2019-02-04,84.8886
2011-08-04,2019-02-04,85.7345
2011-08-05,2019-02-04,85.9107
2011-08-08,2019-02-04,85.989
2011-08-09,2019-02-04,86.1914
2011-08-10,2019-02-04,86.1788
2011-08-11,2019-02-04,86.1216
2011-08-12,2019-02-04,85.9786
2011-08-15,2019-02-04,85.5599
2011-08-16,2019-02-04,85.5203
2011-08-17,2019-02-04,85.3637
2011-08-18,2019-02-04,85.9304
2011-08-19,2019-02-04,85.6365
2011-08-22,2019-02-04,85.8796
2011-08-23,2019-02-04,85.7074
2011-08-24,2019-02-04,85.9353
2011-08-25,2019-02-04,86.0326
2011-08-26,2019-02-04,85.88
2011-08-29,2019-02-04,85.6515
2011-08-30,2019-02-04,85.8067
2011-08-31,2019-02-04,85.5828
2011-09-01,2019-02-04,85.6585
2011-09-02,2019-02-04,85.9825
2011-09-05,2019-02-04,86.0056
2011-09-06,2019-02-04,86.9506
2011-09-07,2019-02-04,86.7592
2011-09-08,2019-02-04,86.9031
2011-09-09,2019-02-04,87.7247
2011-09-12,2019-02-04,87.9889
2011-09-13,2019-02-04,88.0358
2011-09-14,2019-02-04,88.1868
2011-09-15,2019-02-04,87.8382
2011-09-16,2019-02-04,87.8832
2011-09-19,2019-02-04,88.6937
2011-09-20,2019-02-04,88.6384
2011-09-21,2019-02-04,89.0991
2011-09-22,2019-02-04,90.8016
2011-09-23,2019-02-04,90.4235
2011-09-26,2019-02-04,90.5048
2011-09-27,2019-02-04,89.6439
2011-09-28,2019-02-04,89.7656
2011-09-29,2019-02-04,90.0424
2011-09-30,2019-02-04,90.7277
2011-10-03,2019-02-04,91.2318
2011-10-04,2019-02-04,91.6621
2011-10-05,2019-02-04,91.0218
2011-10-06,2019-02-04,90.6923
2011-10-07,2019-02-04,89.9842
2011-10-10,2019-02-04,89.9536
2011-10-11,2019-02-04,89.6598
2011-10-12,2019-02-04,89.0911
2011-10-13,2019-02-04,89.4091
2011-10-14,2019-02-04,88.9679
2011-10-17,2019-02-04,89.0206
2011-10-18,2019-02-04,89.3406
2011-10-19,2019-02-04,89.086
2011-10-20,2019-02-04,89.8464
2011-10-21,2019-02-04,89.0364
2011-10-24,2019-02-04,88.6198
2011-10-25,2019-02-04,88.7147
2011-10-26,2019-02-04,88.843
2011-10-27,2019-02-04,87.5688
2011-10-28,2019-02-04,87.4203
2011-10-31,2019-02-04,87.9783
2011-11-01,2019-02-04,89.4797
2011-11-02,2019-02-04,89.0008
2011-11-03,2019-02-04,89.0518
2011-11-04,2019-02-04,89.0709
2011-11-07,2019-02-04,89.1373
2011-11-08,2019-02-04,88.9297
2011-11-09,2019-02-04,89.4482
2011-11-10,2019-02-04,89.6057
2011-11-11,2019-02-04,89.5843
2011-11-14,2019-02-04,89.4708
2011-11-15,2019-02-04,89.8508
2011-11-16,2019-02-04,89.866
2011-11-17,2019-02-04,89.9241
2011-11-18,2019-02-04,90.1073
2011-11-21,2019-02-04,90.7288
2011-11-22,2019-02-04,90.75
2011-11-23,2019-02-04,91.465
2011-11-24,2019-02-04,91.4608
2011-11-25,2019-02-04,91.8585
2011-11-28,2019-02-04,91.2213
2011-11-29,2019-02-04,90.9435
2011-11-30,2019-02-04,90.2114
2011-12-01,2019-02-04,89.9683
2011-12-02,2019-02-04,90.0911
2011-12-05,2019-02-04,89.8515
2011-12-06,2019-02-04,90.0214
2011-12-07,2019-02-04,89.9742
2011-12-08,2019-02-04,90.4026
2011-12-09,2019-02-04,90.3477
2011-12-12,2019-02-04,91.0623
2011-12-13,2019-02-04,91.2669
2011-12-14,2019-02-04,91.9285
2011-12-15,2019-02-04,91.6021
2011-12-16,2019-02-04,91.5415
2011-12-19,2019-02-04,91.5835
2011-12-20,2019-02-04,91.1547
2011-12-21,2019-02-04,91.247
2011-12-22,2019-02-04,91.1115
2011-12-23,2019-02-04,91.1129
2011-12-26,2019-02-04,91.1095
2011-12-27,2019-02-04,91.1371
2011-12-28,2019-02-04,91.5534
2011-12-29,2019-02-04,91.4573
2011-12-30,2019-02-04,91.1485
2012-01-02,2019-02-04,91.1489
2012-01-03,2019-02-04,90.4888
2012-01-04,2019-02-04,90.7634
2012-01-05,2019-02-04,91.2965
2012-01-06,2019-02-04,91.4346
2012-01-09,2019-02-04,91.4577
2012-01-10,2019-02-04,90.9694
2012-01-11,2019-02-04,91.2717
2012-01-12,2019-02-04,90.9511
2012-01-13,2019-02-04,91.2561
2012-01-16,2019-02-04,91.2485
2012-01-17,2019-02-04,90.7399
2012-01-18,2019-02-04,90.4248
2012-01-19,2019-02-04,90.068
2012-01-20,2019-02-04,90.1028
2012-01-23,2019-02-04,89.729
2012-01-24,2019-02-04,89.92
2012-01-25,2019-02-04,90.0145
2012-01-26,2019-02-04,89.148
2012-01-27,2019-02-04,89.0099
2012-01-30,2019-02-04,89.2265
2012-01-31,2019-02-04,89.3019
2012-02-01,2019-02-04,88.8525
2012-02-02,2019-02-04,88.6351
2012-02-03,2019-02-04,88.6072
2012-02-06,2019-02-04,88.5502
2012-02-07,2019-02-04,88.3598
2012-02-08,2019-02-04,88.4172
2012-02-09,2019-02-04,88.3872
2012-02-10,2019-02-04,88.8569
2012-02-13,2019-02-04,88.6469
2012-02-14,2019-02-04,88.944
2012-02-15,2019-02-04,88.945
2012-02-16,2019-02-04,89.0621
2012-02-17,2019-02-04,88.9819
2012-02-20,2019-02-04,88.9687
2012-02-21,2019-02-04,88.7668
2012-02-22,2019-02-04,88.998
2012-02-23,2019-02-04,88.8642
2012-02-24,2019-02-04,88.6681
2012-02-27,2019-02-04,88.7208
2012-02-28,2019-02-04,88.5702
2012-02-29,2019-02-04,88.5085
2012-03-01,2019-02-04,88.5411
2012-03-02,2019-02-04,88.888
2012-03-05,2019-02-04,89.0264
2012-03-06,2019-02-04,89.5667
2012-03-07,2019-02-04,89.4288
2012-03-08,2019-02-04,89.0116
2012-03-09,2019-02-04,89.1804
2012-03-12,2019-02-04,89.4078
2012-03-13,2019-02-04,89.2818
2012-03-14,2019-02-04,89.671
2012-03-15,2019-02-04,89.5282
2012-03-16,2019-02-04,89.2712
2012-03-19,2019-02-04,89.0425
2012-03-20,2019-02-04,89.3521
2012-03-21,2019-02-04,89.4203
2012-03-22,2019-02-04,89.5649
2012-03-23,2019-02-04,89.3619
2012-03-26,2019-02-04,89.0777
2012-03-27,2019-02-04,89.0307
2012-03-28,2019-02-04,89.3488
2012-03-29,2019-02-04,89.473
2012-03-30,2019-02-04,89.2077
2012-04-02,2019-02-04,88.9991
2012-04-03,2019-02-04,88.9446
2012-04-04,2019-02-04,89.5702
2012-04-05,2019-02-04,89.6191
2012-04-06,2019-02-04,89.6788
2012-04-09,2019-02-04,89.7034
2012-04-10,2019-02-04,90.0096
2012-04-11,2019-02-04,89.9155
2012-04-12,2019-02-04,89.5148
2012-04-13,2019-02-04,89.7962
2012-04-16,2019-02-04,89.9739
2012-04-17,2019-02-04,89.5115
2012-04-18,2019-02-04,89.6757
2012-04-19,2019-02-04,89.8247
2012-04-20,2019-02-04,89.5528
2012-04-23,2019-02-04,89.8212
2012-04-24,2019-02-04,89.5619
2012-04-25,2019-02-04,89.5035
2012-04-26,2019-02-04,89.3926
2012-04-27,2019-02-04,89.0813
2012-04-30,2019-02-04,89.1164
2012-05-01,2019-02-04,89.0761
2012-05-02,2019-02-04,89.3635
2012-05-03,2019-02-04,89.4324
2012-05-04,2019-02-04,89.7929
2012-05-07,2019-02-04,89.8175
2012-05-08,2019-02-04,90.1484
2012-05-09,2019-02-04,90.4961
2012-05-10,2019-02-04,90.4415
2012-05-11,2019-02-04,90.4638
2012-05-14,2019-02-04,90.9752
2012-05-15,2019-02-04,91.2443
2012-05-16,2019-02-04,91.6179
2012-05-17,2019-02-04,91.6768
2012-05-18,2019-02-04,91.8498
2012-05-21,2019-02-04,91.8059
2012-05-22,2019-02-04,91.8221
2012-05-23,2019-02-04,92.585
2012-05-24,2019-02-04,92.5036
2012-05-25,2019-02-04,92.6472
2012-05-28,2019-02-04,92.6413
2012-05-29,2019-02-04,92.5748
2012-05-30,2019-02-04,92.9955
2012-05-31,2019-02-04,93.3743
2012-06-01,2019-02-04,93.386
2012-06-04,2019-02-04,93.2094
2012-06-05,2019-02-04,93.3078
2012-06-06,2019-02-04,92.735
2012-06-07,2019-02-04,92.477
2012-06-08,2019-02-04,92.8984
2012-06-11,2019-02-04,92.7363
2012-06-12,2019-02-04,92.768
2012-06-13,2019-02-04,92.5337
2012-06-14,2019-02-04,92.5186
2012-06-15,2019-02-04,92.2285
2012-06-18,2019-02-04,92.3494
2012-06-19,2019-02-04,91.7684
2012-06-20,2019-02-04,91.8754
2012-06-21,2019-02-04,92.3443
2012-06-22,2019-02-04,92.623
2012-06-25,2019-02-04,92.8744
2012-06-26,2019-02-04,92.6871
2012-06-27,2019-02-04,92.5744
2012-06-28,2019-02-04,92.719
2012-06-29,2019-02-04,91.6258
2012-07-02,2019-02-04,91.6661
2012-07-03,2019-02-04,91.3694
2012-07-04,2019-02-04,91.3741
2012-07-05,2019-02-04,91.93
2012-07-06,2019-02-04,92.4106
2012-07-09,2019-02-04,92.4002
2012-07-10,2019-02-04,92.2591
2012-07-11,2019-02-04,92.3019
2012-07-12,2019-02-04,92.6284
2012-07-13,2019-02-04,92.256
2012-07-16,2019-02-04,92.0823
2012-07-17,2019-02-04,92.0555
2012-07-18,2019-02-04,91.8092
2012-07-19,2019-02-04,91.7574
2012-07-20,2019-02-04,92.0734
2012-07-23,2019-02-04,92.6301
2012-07-24,2019-02-04,92.9596
2012-07-25,2019-02-04,92.7558
2012-07-26,2019-02-04,92.0703
2012-07-27,2019-02-04,91.6504
2012-07-30,2019-02-04,91.7671
2012-07-31,2019-02-04,91.5598
2012-08-01,2019-02-04,91.6071
2012-08-02,2019-02-04,92.1348
2012-08-03,2019-02-04,91.3262
2012-08-06,2019-02-04,91.1577
2012-08-07,2019-02-04,91.2353
2012-08-08,2019-02-04,91.2626
2012-08-09,2019-02-04,91.3257
2012-08-10,2019-02-04,91.2345
2012-08-13,2019-02-04,91.3164
2012-08-14,2019-02-04,91.3354
2012-08-15,2019-02-04,91.403
2012-08-16,2019-02-04,91.2948
2012-08-17,2019-02-04,91.4293
2012-08-20,2019-02-04,91.3459
2012-08-21,2019-02-04,91.0307
2012-08-22,2019-02-04,91.1598
2012-08-23,2019-02-04,90.8351
2012-08-24,2019-02-04,91.0047
2012-08-27,2019-02-04,91.0391
2012-08-28,2019-02-04,90.931
2012-08-29,2019-02-04,91.1077
2012-08-30,2019-02-04,91.3455
2012-08-31,2019-02-04,90.8962
2012-09-03,2019-02-04,90.8914
2012-09-04,2019-02-04,90.8861
2012-09-05,2019-02-04,90.855
2012-09-06,2019-02-04,90.6294
2012-09-07,2019-02-04,90.0884
2012-09-10,2019-02-04,90.052
2012-09-11,2019-02-04,89.8039
2012-09-12,2019-02-04,89.7943
2012-09-13,2019-02-04,89.7115
2012-09-14,2019-02-04,88.9023
2012-09-17,2019-02-04,89.0403
2012-09-18,2019-02-04,89.2562
2012-09-19,2019-02-04,89.2186
2012-09-20,2019-02-04,89.5121
2012-09-21,2019-02-04,89.2861
2012-09-24,2019-02-04,89.5736
2012-09-25,2019-02-04,89.3582
2012-09-26,2019-02-04,89.7472
2012-09-27,2019-02-04,89.5017
2012-09-28,2019-02-04,89.5795
2012-10-01,2019-02-04,89.448
2012-10-02,2019-02-04,89.3918
2012-10-03,2019-02-04,89.6157
2012-10-04,2019-02-04,89.242
2012-10-05,2019-02-04,89.037
2012-10-08,2019-02-04,89.0446
2012-10-09,2019-02-04,89.6136
2012-10-10,2019-02-04,89.6266
2012-10-11,2019-02-04,89.4891
2012-10-12,2019-02-04,89.4296
2012-10-15,2019-02-04,89.3879
2012-10-16,2019-02-04,89.3064
2012-10-17,2019-02-04,88.9849
2012-10-18,2019-02-04,89.1324
2012-10-19,2019-02-04,89.5557
2012-10-22,2019-02-04,89.5358
2012-10-23,2019-02-04,89.834
2012-10-24,2019-02-04,89.8673
2012-10-25,2019-02-04,89.7614
2012-10-26,2019-02-04,89.881
2012-10-29,2019-02-04,90.0675
2012-10-30,2019-02-04,89.8281
2012-10-31,2019-02-04,89.9006
2012-11-01,2019-02-04,89.8621
2012-11-02,2019-02-04,90.0176
2012-11-05,2019-02-04,90.2122
2012-11-06,2019-02-04,90.028
2012-11-07,2019-02-04,90.1859
2012-11-08,2019-02-04,90.2709
2012-11-09,2019-02-04,90.4181
2012-11-12,2019-02-04,90.4279
2012-11-13,2019-02-04,90.4656
2012-11-14,2019-02-04,90.5229
2012-11-15,2019-02-04,90.611
2012-11-16,2019-02-04,90.7348
2012-11-19,2019-02-04,90.2977
2012-11-20,2019-02-04,90.2883
2012-11-21,2019-02-04,90.3949
2012-11-22,2019-02-04,90.3883
2012-11-23,2019-02-04,89.9993
2012-11-26,2019-02-04,90.0163
2012-11-27,2019-02-04,89.9982
2012-11-28,2019-02-04,90.0669
2012-11-29,2019-02-04,89.9481
2012-11-30,2019-02-04,89.8425
2012-12-03,2019-02-04,89.7496
2012-12-04,2019-02-04,89.7171
2012-12-05,2019-02-04,89.6844
2012-12-06,2019-02-04,89.8029
2012-12-07,2019-02-04,89.7835
2012-12-10,2019-02-04,89.7042
2012-12-11,2019-02-04,89.5838
2012-12-12,2019-02-04,89.5156
2012-12-13,2019-02-04,89.5208
2012-12-14,2019-02-04,89.4619
2012-12-17,2019-02-04,89.3675
2012-12-18,2019-02-04,89.266
2012-12-19,2019-02-04,89.2397
2012-12-20,2019-02-04,89.3487
2012-12-21,2019-02-04,89.7026
2012-12-24,2019-02-04,89.7768
2012-12-25,2019-02-04,89.7776
2012-12-26,2019-02-04,89.8017
2012-12-27,2019-02-04,89.8439
2012-12-28,2019-02-04,89.783
2012-12-31,2019-02-04,89.8241
2013-01-01,2019-02-04,89.8244
2013-01-02,2019-02-04,89.4399
2013-01-03,2019-02-04,89.5535
2013-01-04,2019-02-04,89.8418
2013-01-07,2019-02-04,89.7269
2013-01-08,2019-02-04,89.7972
2013-01-09,2019-02-04,89.7493
2013-01-10,2019-02-04,89.3887
2013-01-11,2019-02-04,89.283
2013-01-14,2019-02-04,89.2415
2013-01-15,2019-02-04,89.2663
2013-01-16,2019-02-04,89.3416
2013-01-17,2019-02-04,89.2859
2013-01-18,2019-02-04,89.6097
2013-01-21,2019-02-04,89.5992
2013-01-22,2019-02-04,89.5308
2013-01-23,2019-02-04,89.5781
2013-01-24,2019-02-04,89.6501
2013-01-25,2019-02-04,89.8236
2013-01-28,2019-02-04,89.9706
2013-01-29,2019-02-04,89.6803
2013-01-30,2019-02-04,89.6243
2013-01-31,2019-02-04,89.5406
2013-02-01,2019-02-04,89.4359
2013-02-04,2019-02-04,89.7168
2013-02-05,2019-02-04,89.621
2013-02-06,2019-02-04,89.7558
2013-02-07,2019-02-04,90.0254
2013-02-08,2019-02-04,90.0401
2013-02-11,2019-02-04,90.1771
2013-02-12,2019-02-04,90.0126
2013-02-13,2019-02-04,90.0054
2013-02-14,2019-02-04,90.0988
2013-02-15,2019-02-04,90.1863
2013-02-18,2019-02-04,90.189
2013-02-19,2019-02-04,90.2375
2013-02-20,2019-02-04,90.3956
2013-02-21,2019-02-04,90.7608
2013-02-22,2019-02-04,90.8394
2013-02-25,2019-02-04,90.9151
2013-02-26,2019-02-04,91.139
2013-02-27,2019-02-04,90.951
2013-02-28,2019-02-04,91.0111
2013-03-01,2019-02-04,91.3283
2013-03-04,2019-02-04,91.3421
2013-03-05,2019-02-04,91.2091
2013-03-06,2019-02-04,91.3125
2013-03-07,2019-02-04,91.2578
2013-03-08,2019-02-04,91.3344
2013-03-11,2019-02-04,91.2453
2013-03-12,2019-02-04,91.0973
2013-03-13,2019-02-04,91.1814
2013-03-14,2019-02-04,91.1808
2013-03-15,2019-02-04,90.845
2013-03-18,2019-02-04,91.0512
2013-03-19,2019-02-04,91.2362
2013-03-20,2019-02-04,91.1257
2013-03-21,2019-02-04,91.0454
2013-03-22,2019-02-04,90.9208
2013-03-25,2019-02-04,91.0217
2013-03-26,2019-02-04,90.9472
2013-03-27,2019-02-04,91.1576
2013-03-28,2019-02-04,90.9692
2013-03-29,2019-02-04,91.0157
2013-04-01,2019-02-04,90.8847
2013-04-02,2019-02-04,90.8591
2013-04-03,2019-02-04,90.821
2013-04-04,2019-02-04,91.1027
2013-04-05,2019-02-04,90.8219
2013-04-08,2019-02-04,90.9468
2013-04-09,2019-02-04,90.6862
2013-04-10,2019-02-04,90.6789
2013-04-11,2019-02-04,90.4208
2013-04-12,2019-02-04,90.5188
2013-04-15,2019-02-04,90.6649
2013-04-16,2019-02-04,90.565
2013-04-17,2019-02-04,90.852
2013-04-18,2019-02-04,90.8901
2013-04-19,2019-02-04,90.9295
2013-04-22,2019-02-04,91.0703
2013-04-23,2019-02-04,91.0942
2013-04-24,2019-02-04,91.1674
2013-04-25,2019-02-04,90.7554
2013-04-26,2019-02-04,90.6201
2013-04-29,2019-02-04,90.3765
2013-04-30,2019-02-04,90.1017
2013-05-01,2019-02-04,90.16
2013-05-02,2019-02-04,90.3405
2013-05-03,2019-02-04,90.2337
2013-05-06,2019-02-04,90.3618
2013-05-07,2019-02-04,90.2442
2013-05-08,2019-02-04,89.9137
2013-05-09,2019-02-04,90.0303
2013-05-10,2019-02-04,90.9645
2013-05-13,2019-02-04,90.9828
2013-05-14,2019-02-04,91.0793
2013-05-15,2019-02-04,91.4725
2013-05-16,2019-02-04,91.3656
2013-05-17,2019-02-04,91.8584
2013-05-20,2019-02-04,91.7345
2013-05-21,2019-02-04,91.6658
2013-05-22,2019-02-04,92.0033
2013-05-23,2019-02-04,91.9078
2013-05-24,2019-02-04,91.9723
2013-05-27,2019-02-04,91.984
2013-05-28,2019-02-04,92.2754
2013-05-29,2019-02-04,92.2231
2013-05-30,2019-02-04,92.117
2013-05-31,2019-02-04,92.2994
2013-06-03,2019-02-04,91.8631
2013-06-04,2019-02-04,92.0032
2013-06-05,2019-02-04,91.9728
2013-06-06,2019-02-04,91.5161
2013-06-07,2019-02-04,91.3147
2013-06-10,2019-02-04,91.6783
2013-06-11,2019-02-04,91.508
2013-06-12,2019-02-04,91.1913
2013-06-13,2019-02-04,91.061
2013-06-14,2019-02-04,90.906
2013-06-17,2019-02-04,91.0486
2013-06-18,2019-02-04,91.2561
2013-06-19,2019-02-04,91.1894
2013-06-20,2019-02-04,92.8132
2013-06-21,2019-02-04,93.1072
2013-06-24,2019-02-04,93.2526
2013-06-25,2019-02-04,93.0127
2013-06-26,2019-02-04,93.0649
2013-06-27,2019-02-04,92.9278
2013-06-28,2019-02-04,92.9869
2013-07-01,2019-02-04,92.7848
2013-07-02,2019-02-04,93.0852
2013-07-03,2019-02-04,93.1564
2013-07-04,2019-02-04,93.157
2013-07-05,2019-02-04,93.7329
2013-07-08,2019-02-04,93.6658
2013-07-09,2019-02-04,93.6165
2013-07-10,2019-02-04,93.4327
2013-07-11,2019-02-04,92.6359
2013-07-12,2019-02-04,92.6888
2013-07-15,2019-02-04,92.6589
2013-07-16,2019-02-04,92.216
2013-07-17,2019-02-04,92.242
2013-07-18,2019-02-04,92.3714
2013-07-19,2019-02-04,92.1698
2013-07-22,2019-02-04,91.9237
2013-07-23,2019-02-04,91.8626
2013-07-24,2019-02-04,92.0097
2013-07-25,2019-02-04,91.9839
2013-07-26,2019-02-04,91.8697
2013-07-29,2019-02-04,91.8666
2013-07-30,2019-02-04,92.0942
2013-07-31,2019-02-04,92.264
2013-08-01,2019-02-04,92.4865
2013-08-02,2019-02-04,92.2716
2013-08-05,2019-02-04,92.2006
2013-08-06,2019-02-04,92.0166
2013-08-07,2019-02-04,91.9638
2013-08-08,2019-02-04,91.5538
2013-08-09,2019-02-04,91.5451
2013-08-12,2019-02-04,91.6224
2013-08-13,2019-02-04,92.1718
2013-08-14,2019-02-04,92.0796
2013-08-15,2019-02-04,92.2017
2013-08-16,2019-02-04,92.123
2013-08-19,2019-02-04,92.3574
2013-08-20,2019-02-04,92.2507
2013-08-21,2019-02-04,92.7265
2013-08-22,2019-02-04,92.9667
2013-08-23,2019-02-04,92.6374
2013-08-26,2019-02-04,92.8734
2013-08-27,2019-02-04,93.0804
2013-08-28,2019-02-04,93.1007
2013-08-29,2019-02-04,93.3224
2013-08-30,2019-02-04,93.4343
2013-09-02,2019-02-04,93.4452
2013-09-03,2019-02-04,93.6365
2013-09-04,2019-02-04,93.2592
2013-09-05,2019-02-04,93.5695
2013-09-06,2019-02-04,92.9386
2013-09-09,2019-02-04,92.6949
2013-09-10,2019-02-04,92.632
2013-09-11,2019-02-04,92.4086
2013-09-12,2019-02-04,92.2896
2013-09-13,2019-02-04,92.3643
2013-09-16,2019-02-04,91.9909
2013-09-17,2019-02-04,91.928
2013-09-18,2019-02-04,91.9616
2013-09-19,2019-02-04,91.1247
2013-09-20,2019-02-04,91.3185
2013-09-23,2019-02-04,91.3276
2013-09-24,2019-02-04,91.4815
2013-09-25,2019-02-04,91.4798
2013-09-26,2019-02-04,91.7176
2013-09-27,2019-02-04,91.6844
2013-09-30,2019-02-04,91.6319
2013-10-01,2019-02-04,91.662
2013-10-02,2019-02-04,91.4857
2013-10-03,2019-02-04,91.4602
2013-10-04,2019-02-04,91.3614
2013-10-07,2019-02-04,91.3869
2013-10-08,2019-02-04,91.4692
2013-10-09,2019-02-04,91.7906
2013-10-10,2019-02-04,91.5686
2013-10-11,2019-02-04,91.5645
2013-10-14,2019-02-04,91.5378
2013-10-15,2019-02-04,91.4757
2013-10-16,2019-02-04,91.3946
2013-10-17,2019-02-04,90.7479
2013-10-18,2019-02-04,90.723
2013-10-21,2019-02-04,90.9704
2013-10-22,2019-02-04,90.6817
2013-10-23,2019-02-04,90.8171
2013-10-24,2019-02-04,90.9076
2013-10-25,2019-02-04,90.8826
2013-10-28,2019-02-04,90.9071
2013-10-29,2019-02-04,91.0187
2013-10-30,2019-02-04,91.0233
2013-10-31,2019-02-04,91.4423
2013-11-01,2019-02-04,91.8593
2013-11-04,2019-02-04,91.6439
2013-11-05,2019-02-04,91.9152
2013-11-06,2019-02-04,91.8008
2013-11-07,2019-02-04,92.1016
2013-11-08,2019-02-04,92.3586
2013-11-11,2019-02-04,92.3778
2013-11-12,2019-02-04,92.4607
2013-11-13,2019-02-04,92.1847
2013-11-14,2019-02-04,92.1329
2013-11-15,2019-02-04,91.9879
2013-11-18,2019-02-04,91.6896
2013-11-19,2019-02-04,91.7708
2013-11-20,2019-02-04,91.9537
2013-11-21,2019-02-04,92.2625
2013-11-22,2019-02-04,92.1206
2013-11-25,2019-02-04,92.252
2013-11-26,2019-02-04,92.2217
2013-11-27,2019-02-04,92.3828
2013-11-28,2019-02-04,92.3876
2013-11-29,2019-02-04,92.3264
2013-12-02,2019-02-04,92.5788
2013-12-03,2019-02-04,92.5194
2013-12-04,2019-02-04,92.5915
2013-12-05,2019-02-04,92.1939
2013-12-06,2019-02-04,92.104
2013-12-09,2019-02-04,91.8473
2013-12-10,2019-02-04,91.7737
2013-12-11,2019-02-04,91.7888
2013-12-12,2019-02-04,92.1283
2013-12-13,2019-02-04,92.0571
2013-12-16,2019-02-04,91.9201
2013-12-17,2019-02-04,92.0031
2013-12-18,2019-02-04,92.1203
2013-12-19,2019-02-04,92.4314
2013-12-20,2019-02-04,92.4159
2013-12-23,2019-02-04,92.2696
2013-12-24,2019-02-04,92.3696
2013-12-25,2019-02-04,92.3711
2013-12-26,2019-02-04,92.4614
2013-12-27,2019-02-04,92.3982
2013-12-30,2019-02-04,92.1863
2013-12-31,2019-02-04,92.2562
2014-01-01,2019-02-04,92.256
2014-01-02,2019-02-04,92.5127
2014-01-03,2019-02-04,92.5463
2014-01-06,2019-02-04,92.6033
2014-01-07,2019-02-04,92.7296
2014-01-08,2019-02-04,92.9047
2014-01-09,2019-02-04,93.0146
2014-01-10,2019-02-04,92.6934
2014-01-13,2019-02-04,92.5892
2014-01-14,2019-02-04,92.7188
2014-01-15,2019-02-04,93.0248
2014-01-16,2019-02-04,93.2315
2014-01-17,2019-02-04,93.2647
2014-01-20,2019-02-04,93.2759
2014-01-21,2019-02-04,93.3586
2014-01-22,2019-02-04,93.5251
2014-01-23,2019-02-04,93.5202
2014-01-24,2019-02-04,93.5345
2014-01-27,2019-02-04,93.5848
2014-01-28,2019-02-04,93.5583
2014-01-29,2019-02-04,93.5405
2014-01-30,2019-02-04,93.8033
2014-01-31,2019-02-04,93.8506
2014-02-03,2019-02-04,93.9188
2014-02-04,2019-02-04,93.7182
2014-02-05,2019-02-04,93.7027
2014-02-06,2019-02-04,93.3969
2014-02-07,2019-02-04,93.4255
2014-02-10,2019-02-04,93.3989
2014-02-11,2019-02-04,93.3192
2014-02-12,2019-02-04,93.3031
2014-02-13,2019-02-04,93.2002
2014-02-14,2019-02-04,92.9598
2014-02-17,2019-02-04,92.953
2014-02-18,2019-02-04,92.8838
2014-02-19,2019-02-04,93.0674
2014-02-20,2019-02-04,93.3398
2014-02-21,2019-02-04,93.3188
2014-02-24,2019-02-04,93.0912
2014-02-25,2019-02-04,93.1602
2014-02-26,2019-02-04,93.457
2014-02-27,2019-02-04,93.3558
2014-02-28,2019-02-04,93.0766
2014-03-03,2019-02-04,93.2776
2014-03-04,2019-02-04,93.3406
2014-03-05,2019-02-04,93.1549
2014-03-06,2019-02-04,92.6803
2014-03-07,2019-02-04,92.9429
2014-03-10,2019-02-04,93.0604
2014-03-11,2019-02-04,93.0741
2014-03-12,2019-02-04,93.1481
2014-03-13,2019-02-04,92.8781
2014-03-14,2019-02-04,92.9329
2014-03-17,2019-02-04,92.8836
2014-03-18,2019-02-04,92.9531
2014-03-19,2019-02-04,93.0634
2014-03-20,2019-02-04,93.6779
2014-03-21,2019-02-04,93.5364
2014-03-24,2019-02-04,93.4411
2014-03-25,2019-02-04,93.3219
2014-03-26,2019-02-04,93.2146
2014-03-27,2019-02-04,93.0221
2014-03-28,2019-02-04,93.0583
2014-03-31,2019-02-04,92.9352
2014-04-01,2019-02-04,92.8174
2014-04-02,2019-02-04,93.0006
2014-04-03,2019-02-04,93.1991
2014-04-04,2019-02-04,92.9107
2014-04-07,2019-02-04,92.7825
2014-04-08,2019-02-04,92.3596
2014-04-09,2019-02-04,92.3732
2014-04-10,2019-02-04,92.2169
2014-04-11,2019-02-04,92.3416
2014-04-14,2019-02-04,92.5045
2014-04-15,2019-02-04,92.6459
2014-04-16,2019-02-04,92.6433
2014-04-17,2019-02-04,92.5914
2014-04-18,2019-02-04,92.6594
2014-04-21,2019-02-04,92.7296
2014-04-22,2019-02-04,92.776
2014-04-23,2019-02-04,92.8438
2014-04-24,2019-02-04,92.8251
2014-04-25,2019-02-04,92.8575
2014-04-28,2019-02-04,92.8328
2014-04-29,2019-02-04,92.7265
2014-04-30,2019-02-04,92.5891
2014-05-01,2019-02-04,92.5704
2014-05-02,2019-02-04,92.5184
2014-05-05,2019-02-04,92.4345
2014-05-06,2019-02-04,92.1386
2014-05-07,2019-02-04,92.1397
2014-05-08,2019-02-04,92.076
2014-05-09,2019-02-04,92.3632
2014-05-12,2019-02-04,92.3557
2014-05-13,2019-02-04,92.3767
2014-05-14,2019-02-04,92.2982
2014-05-15,2019-02-04,92.4064
2014-05-16,2019-02-04,92.3087
2014-05-19,2019-02-04,92.2048
2014-05-20,2019-02-04,92.3702
2014-05-21,2019-02-04,92.4615
2014-05-22,2019-02-04,92.3938
2014-05-23,2019-02-04,92.4032
2014-05-26,2019-02-04,92.4005
2014-05-27,2019-02-04,92.5392
2014-05-28,2019-02-04,92.576
2014-05-29,2019-02-04,92.3968
2014-05-30,2019-02-04,92.4598
2014-06-02,2019-02-04,92.6958
2014-06-03,2019-02-04,92.7483
2014-06-04,2019-02-04,92.8173
2014-06-05,2019-02-04,92.669
2014-06-06,2019-02-04,92.6035
2014-06-09,2019-02-04,92.6586
2014-06-10,2019-02-04,92.7577
2014-06-11,2019-02-04,92.6702
2014-06-12,2019-02-04,92.5137
2014-06-13,2019-02-04,92.614
2014-06-16,2019-02-04,92.5633
2014-06-17,2019-02-04,92.7789
2014-06-18,2019-02-04,92.7489
2014-06-19,2019-02-04,92.4533
2014-06-20,2019-02-04,92.4607
2014-06-23,2019-02-04,92.3319
2014-06-24,2019-02-04,92.4115
2014-06-25,2019-02-04,92.2898
2014-06-26,2019-02-04,92.2523
2014-06-27,2019-02-04,92.1055
2014-06-30,2019-02-04,91.9162
2014-07-01,2019-02-04,91.8485
2014-07-02,2019-02-04,91.958
2014-07-03,2019-02-04,92.024
2014-07-04,2019-02-04,92.0238
2014-07-07,2019-02-04,92.0882
2014-07-08,2019-02-04,92.0313
2014-07-09,2019-02-04,91.9374
2014-07-10,2019-02-04,92.0234
2014-07-11,2019-02-04,92.1235
2014-07-14,2019-02-04,92.1167
2014-07-15,2019-02-04,92.2836
2014-07-16,2019-02-04,92.3024
2014-07-17,2019-02-04,92.3612
2014-07-18,2019-02-04,92.3631
2014-07-21,2019-02-04,92.31
2014-07-22,2019-02-04,92.3327
2014-07-23,2019-02-04,92.2972
2014-07-24,2019-02-04,92.3844
2014-07-25,2019-02-04,92.5272
2014-07-28,2019-02-04,92.5284
2014-07-29,2019-02-04,92.7387
2014-07-30,2019-02-04,93.0364
2014-07-31,2019-02-04,93.1351
2014-08-01,2019-02-04,93.1637
2014-08-04,2019-02-04,93.1365
2014-08-05,2019-02-04,93.3601
2014-08-06,2019-02-04,93.2951
2014-08-07,2019-02-04,93.3222
2014-08-08,2019-02-04,93.2879
2014-08-11,2019-02-04,93.1636
2014-08-12,2019-02-04,93.2074
2014-08-13,2019-02-04,93.1544
2014-08-14,2019-02-04,93.0385
2014-08-15,2019-02-04,92.9826
2014-08-18,2019-02-04,92.941
2014-08-19,2019-02-04,93.121
2014-08-20,2019-02-04,93.2768
2014-08-21,2019-02-04,93.355
2014-08-22,2019-02-04,93.4808
2014-08-25,2019-02-04,93.5939
2014-08-26,2019-02-04,93.5401
2014-08-27,2019-02-04,93.3674
2014-08-28,2019-02-04,93.3763
2014-08-29,2019-02-04,93.407
2014-09-01,2019-02-04,93.4123
2014-09-02,2019-02-04,93.739
2014-09-03,2019-02-04,93.5493
2014-09-04,2019-02-04,93.9354
2014-09-05,2019-02-04,93.8919
2014-09-08,2019-02-04,94.0839
2014-09-09,2019-02-04,94.5408
2014-09-10,2019-02-04,94.5249
2014-09-11,2019-02-04,94.5786
2014-09-12,2019-02-04,94.7325
2014-09-15,2019-02-04,94.7773
2014-09-16,2019-02-04,94.5112
2014-09-17,2019-02-04,94.5725
2014-09-18,2019-02-04,94.7878
2014-09-19,2019-02-04,94.9969
2014-09-22,2019-02-04,95.1158
2014-09-23,2019-02-04,95.1634
2014-09-24,2019-02-04,95.3067
2014-09-25,2019-02-04,95.5447
2014-09-26,2019-02-04,95.8487
2014-09-29,2019-02-04,95.9922
2014-09-30,2019-02-04,96.1623
2014-10-01,2019-02-04,96.1748
2014-10-02,2019-02-04,95.9451
2014-10-03,2019-02-04,96.6117
2014-10-06,2019-02-04,96.1863
2014-10-07,2019-02-04,96.0829
2014-10-08,2019-02-04,96.131
2014-10-09,2019-02-04,95.8123
2014-10-10,2019-02-04,96.0516
2014-10-13,2019-02-04,96.0491
2014-10-14,2019-02-04,96.031
2014-10-15,2019-02-04,95.9906
2014-10-16,2019-02-04,95.9262
2014-10-17,2019-02-04,95.9458
2014-10-20,2019-02-04,95.9268
2014-10-21,2019-02-04,95.8887
2014-10-22,2019-02-04,96.0955
2014-10-23,2019-02-04,96.2388
2014-10-24,2019-02-04,96.1142
2014-10-27,2019-02-04,96.178
2014-10-28,2019-02-04,95.8591
2014-10-29,2019-02-04,95.6599
2014-10-30,2019-02-04,96.0932
2014-10-31,2019-02-04,96.7437
2014-11-03,2019-02-04,97.1545
2014-11-04,2019-02-04,97.1778
2014-11-05,2019-02-04,97.4259
2014-11-06,2019-02-04,97.7436
2014-11-07,2019-02-04,97.6369
2014-11-10,2019-02-04,97.545
2014-11-11,2019-02-04,97.5684
2014-11-12,2019-02-04,97.5053
2014-11-13,2019-02-04,97.716
2014-11-14,2019-02-04,97.704
2014-11-17,2019-02-04,97.8287
2014-11-18,2019-02-04,97.6315
2014-11-19,2019-02-04,97.8526
2014-11-20,2019-02-04,97.8657
2014-11-21,2019-02-04,97.8995
2014-11-24,2019-02-04,98.0307
2014-11-25,2019-02-04,97.8943
2014-11-26,2019-02-04,97.8029
2014-11-27,2019-02-04,97.8317
2014-11-28,2019-02-04,98.6711
2014-12-01,2019-02-04,98.5002
2014-12-02,2019-02-04,99.043
2014-12-03,2019-02-04,99.1636
2014-12-04,2019-02-04,98.9904
2014-12-05,2019-02-04,99.6843
2014-12-08,2019-02-04,99.8928
2014-12-09,2019-02-04,99.4008
2014-12-10,2019-02-04,99.6093
2014-12-11,2019-02-04,100.0272
2014-12-12,2019-02-04,99.9583
2014-12-15,2019-02-04,100.2553
2014-12-16,2019-02-04,100.1106
2014-12-17,2019-02-04,100.1343
2014-12-18,2019-02-04,100.3325
2014-12-19,2019-02-04,100.6226
2014-12-22,2019-02-04,100.5679
2014-12-23,2019-02-04,100.9157
2014-12-24,2019-02-04,100.8711
2014-12-25,2019-02-04,100.843
2014-12-26,2019-02-04,100.8626
2014-12-29,2019-02-04,100.9452
2014-12-30,2019-02-04,100.6739
2014-12-31,2019-02-04,100.8537
2015-01-01,2019-02-04,100.8468
2015-01-02,2019-02-04,101.461
2015-01-05,2019-02-04,102.0467
2015-01-06,2019-02-04,101.8446
2015-01-07,2019-02-04,102.1759
2015-01-08,2019-02-04,101.8283
2015-01-09,2019-02-04,101.6713
2015-01-12,2019-02-04,101.785
2015-01-13,2019-02-04,101.8165
2015-01-14,2019-02-04,101.6388
2015-01-15,2019-02-04,101.6391
2015-01-16,2019-02-04,101.7757
2015-01-19,2019-02-04,101.7621
2015-01-20,2019-02-04,102.0738
2015-01-21,2019-02-04,102.3297
2015-01-22,2019-02-04,102.4666
2015-01-23,2019-02-04,102.8991
2015-01-26,2019-02-04,103.0127
2015-01-27,2019-02-04,102.6997
2015-01-28,2019-02-04,103.0043
2015-01-29,2019-02-04,103.7929
2015-01-30,2019-02-04,104.1002
2015-02-02,2019-02-04,103.7238
2015-02-03,2019-02-04,103.1341
2015-02-04,2019-02-04,103.3105
2015-02-05,2019-02-04,103.0227
2015-02-06,2019-02-04,103.6503
2015-02-09,2019-02-04,103.5132
2015-02-10,2019-02-04,103.8095
2015-02-11,2019-02-04,104.3019
2015-02-12,2019-02-04,103.4645
2015-02-13,2019-02-04,103.3718
2015-02-16,2019-02-04,103.3688
2015-02-17,2019-02-04,103.4743
2015-02-18,2019-02-04,103.7714
2015-02-19,2019-02-04,103.6621
2015-02-20,2019-02-04,103.8574
2015-02-23,2019-02-04,104.0512
2015-02-24,2019-02-04,104.0612
2015-02-25,2019-02-04,103.573
2015-02-26,2019-02-04,104.0163
2015-02-27,2019-02-04,104.1114
2015-03-02,2019-02-04,104.3247
2015-03-03,2019-02-04,104.0697
2015-03-04,2019-02-04,104.6382
2015-03-05,2019-02-04,104.9719
2015-03-06,2019-02-04,105.9154
2015-03-09,2019-02-04,106.0011
2015-03-10,2019-02-04,106.5886
2015-03-11,2019-02-04,106.9863
2015-03-12,2019-02-04,106.6422
2015-03-13,2019-02-04,107.3735
2015-03-16,2019-02-04,107.1025
2015-03-17,2019-02-04,107.0411
2015-03-18,2019-02-04,106.8703
2015-03-19,2019-02-04,106.6482
2015-03-20,2019-02-04,105.6511
2015-03-23,2019-02-04,104.9969
2015-03-24,2019-02-04,104.9355
2015-03-25,2019-02-04,104.7618
2015-03-26,2019-02-04,105.0519
2015-03-27,2019-02-04,105.3803
2015-03-30,2019-02-04,105.8731
2015-03-31,2019-02-04,105.9175
2015-04-01,2019-02-04,105.5434
2015-04-02,2019-02-04,105.1632
2015-04-03,2019-02-04,104.3883
2015-04-06,2019-02-04,104.2915
2015-04-07,2019-02-04,104.9423
2015-04-08,2019-02-04,104.9166
2015-04-09,2019-02-04,105.5143
2015-04-10,2019-02-04,105.9267
2015-04-13,2019-02-04,106.221
2015-04-14,2019-02-04,105.5361
2015-04-15,2019-02-04,105.6655
2015-04-16,2019-02-04,104.7729
2015-04-17,2019-02-04,104.8264
2015-04-20,2019-02-04,104.9863
2015-04-21,2019-02-04,105.0532
2015-04-22,2019-02-04,105.0751
2015-04-23,2019-02-04,104.6672
2015-04-24,2019-02-04,104.4112
2015-04-27,2019-02-04,104.2002
2015-04-28,2019-02-04,103.6436
2015-04-29,2019-02-04,103.0957
2015-04-30,2019-02-04,103.8322
2015-05-01,2019-02-04,104.153
2015-05-04,2019-02-04,104.1831
2015-05-05,2019-02-04,103.7617
2015-05-06,2019-02-04,103.2253
2015-05-07,2019-02-04,103.718
2015-05-08,2019-02-04,103.3723
2015-05-11,2019-02-04,103.8318
2015-05-12,2019-02-04,103.4251
2015-05-13,2019-02-04,102.9019
2015-05-14,2019-02-04,102.7782
2015-05-15,2019-02-04,102.5645
2015-05-18,2019-02-04,103.1404
2015-05-19,2019-02-04,103.865
2015-05-20,2019-02-04,104.078
2015-05-21,2019-02-04,103.9019
2015-05-22,2019-02-04,104.3603
2015-05-25,2019-02-04,104.3623
2015-05-26,2019-02-04,105.2273
2015-05-27,2019-02-04,105.403
2015-05-28,2019-02-04,105.4153
2015-05-29,2019-02-04,105.2372
2015-06-01,2019-02-04,105.7135
2015-06-02,2019-02-04,104.9547
2015-06-03,2019-02-04,104.6535
2015-06-04,2019-02-04,104.9782
2015-06-05,2019-02-04,105.6283
2015-06-08,2019-02-04,105.2712
2015-06-09,2019-02-04,104.7352
2015-06-10,2019-02-04,104.3211
2015-06-11,2019-02-04,104.6062
2015-06-12,2019-02-04,104.4187
2015-06-15,2019-02-04,104.5133
2015-06-16,2019-02-04,104.5614
2015-06-17,2019-02-04,104.5731
2015-06-18,2019-02-04,103.6323
2015-06-19,2019-02-04,103.9743
2015-06-22,2019-02-04,103.9102
2015-06-23,2019-02-04,104.483
2015-06-24,2019-02-04,104.7624
2015-06-25,2019-02-04,104.6643
2015-06-26,2019-02-04,104.921
2015-06-29,2019-02-04,104.8887
2015-06-30,2019-02-04,105.0249
2015-07-01,2019-02-04,105.507
2015-07-02,2019-02-04,105.4086
2015-07-03,2019-02-04,105.4125
2015-07-06,2019-02-04,105.6287
2015-07-07,2019-02-04,106.2673
2015-07-08,2019-02-04,105.9598
2015-07-09,2019-02-04,106.0446
2015-07-10,2019-02-04,105.7049
2015-07-13,2019-02-04,106.0706
2015-07-14,2019-02-04,105.9722
2015-07-15,2019-02-04,106.4939
2015-07-16,2019-02-04,106.6487
2015-07-17,2019-02-04,107.0077
2015-07-20,2019-02-04,107.163
2015-07-21,2019-02-04,106.862
2015-07-22,2019-02-04,107.2494
2015-07-23,2019-02-04,107.2249
2015-07-24,2019-02-04,107.4822
2015-07-27,2019-02-04,107.1638
2015-07-28,2019-02-04,107.1599
2015-07-29,2019-02-04,107.0768
2015-07-30,2019-02-04,107.893
2015-07-31,2019-02-04,107.2519
2015-08-03,2019-02-04,107.677
2015-08-04,2019-02-04,107.687
2015-08-05,2019-02-04,108.2954
2015-08-06,2019-02-04,108.1772
2015-08-07,2019-02-04,107.8962
2015-08-10,2019-02-04,107.6561
2015-08-11,2019-02-04,108.4015
2015-08-12,2019-02-04,107.9325
2015-08-13,2019-02-04,108.3622
2015-08-14,2019-02-04,108.3764
2015-08-17,2019-02-04,108.6001
2015-08-18,2019-02-04,108.7062
2015-08-19,2019-02-04,108.8862
2015-08-20,2019-02-04,108.5683
2015-08-21,2019-02-04,108.6056
2015-08-24,2019-02-04,108.3959
2015-08-25,2019-02-04,108.7953
2015-08-26,2019-02-04,109.0312
2015-08-27,2019-02-04,108.9337
2015-08-28,2019-02-04,109.1184
2015-08-31,2019-02-04,109.0108
2015-09-01,2019-02-04,108.9016
2015-09-02,2019-02-04,109.2419
2015-09-03,2019-02-04,109.2999
2015-09-04,2019-02-04,109.5414
2015-09-07,2019-02-04,109.5675
2015-09-08,2019-02-04,109.2409
2015-09-09,2019-02-04,109.3677
2015-09-10,2019-02-04,109.084
2015-09-11,2019-02-04,109.0616
2015-09-14,2019-02-04,108.9524
2015-09-15,2019-02-04,109.0882
2015-09-16,2019-02-04,108.5607
2015-09-17,2019-02-04,108.579
2015-09-18,2019-02-04,108.2797
2015-09-21,2019-02-04,109.0914
2015-09-22,2019-02-04,109.6375
2015-09-23,2019-02-04,110.0628
2015-09-24,2019-02-04,109.8828
2015-09-25,2019-02-04,109.8089
2015-09-28,2019-02-04,109.8278
2015-09-29,2019-02-04,109.9561
2015-09-30,2019-02-04,109.7658
2015-10-01,2019-02-04,109.4852
2015-10-02,2019-02-04,109.1482
2015-10-05,2019-02-04,108.8947
2015-10-06,2019-02-04,108.5928
2015-10-07,2019-02-04,108.2755
2015-10-08,2019-02-04,108.1071
2015-10-09,2019-02-04,107.5481
2015-10-12,2019-02-04,107.5595
2015-10-13,2019-02-04,107.8777
2015-10-14,2019-02-04,107.5957
2015-10-15,2019-02-04,107.1442
2015-10-16,2019-02-04,107.4682
2015-10-19,2019-02-04,107.8531
2015-10-20,2019-02-04,107.8049
2015-10-21,2019-02-04,108.2359
2015-10-22,2019-02-04,108.4901
2015-10-23,2019-02-04,108.8812
2015-10-26,2019-02-04,108.6604
2015-10-27,2019-02-04,108.9343
2015-10-28,2019-02-04,108.6841
2015-10-29,2019-02-04,109.2513
2015-10-30,2019-02-04,108.6606
2015-11-02,2019-02-04,108.6711
2015-11-03,2019-02-04,108.6949
2015-11-04,2019-02-04,109.1574
2015-11-05,2019-02-04,109.2709
2015-11-06,2019-02-04,110.1853
2015-11-09,2019-02-04,110.3368
2015-11-10,2019-02-04,110.4154
2015-11-11,2019-02-04,110.4118
2015-11-12,2019-02-04,110.2236
2015-11-13,2019-02-04,110.4499
2015-11-16,2019-02-04,110.6398
2015-11-17,2019-02-04,110.7323
2015-11-18,2019-02-04,110.783
2015-11-19,2019-02-04,110.0041
2015-11-20,2019-02-04,110.2038
2015-11-23,2019-02-04,110.5315
2015-11-24,2019-02-04,110.1877
2015-11-25,2019-02-04,110.3157
2015-11-26,2019-02-04,110.3232
2015-11-27,2019-02-04,110.6987
2015-11-30,2019-02-04,110.7558
2015-12-01,2019-02-04,110.5324
2015-12-02,2019-02-04,110.7863
2015-12-03,2019-02-04,110.0699
2015-12-04,2019-02-04,109.9767
2015-12-07,2019-02-04,110.7246
2015-12-08,2019-02-04,110.9639
2015-12-09,2019-02-04,110.6142
2015-12-10,2019-02-04,110.6886
2015-12-11,2019-02-04,111.1312
2015-12-14,2019-02-04,111.167
2015-12-15,2019-02-04,111.2721
2015-12-16,2019-02-04,111.3959
2015-12-17,2019-02-04,112.2159
2015-12-18,2019-02-04,111.6903
2015-12-21,2019-02-04,111.8189
2015-12-22,2019-02-04,111.6183
2015-12-23,2019-02-04,111.592
2015-12-24,2019-02-04,111.4607
2015-12-25,2019-02-04,111.4584
2015-12-28,2019-02-04,111.4567
2015-12-29,2019-02-04,111.5746
2015-12-30,2019-02-04,111.8762
2015-12-31,2019-02-04,111.7475
2016-01-01,2019-02-04,111.7492
2016-01-04,2019-02-04,112.5536
2016-01-05,2019-02-04,112.6564
2016-01-06,2019-02-04,113.0045
2016-01-07,2019-02-04,113.0395
2016-01-08,2019-02-04,113.392
2016-01-11,2019-02-04,113.3955
2016-01-12,2019-02-04,113.6879
2016-01-13,2019-02-04,113.5198
2016-01-14,2019-02-04,113.7577
2016-01-15,2019-02-04,114.1076
2016-01-18,2019-02-04,114.1143
2016-01-19,2019-02-04,114.1804
2016-01-20,2019-02-04,114.7087
2016-01-21,2019-02-04,114.352
2016-01-22,2019-02-04,114.1384
2016-01-25,2019-02-04,114.3766
2016-01-26,2019-02-04,114.0204
2016-01-27,2019-02-04,113.8848
2016-01-28,2019-02-04,113.6035
2016-01-29,2019-02-04,113.9465
2016-02-01,2019-02-04,113.7121
2016-02-02,2019-02-04,113.9301
2016-02-03,2019-02-04,113.0081
2016-02-04,2019-02-04,112.0102
2016-02-05,2019-02-04,112.6912
2016-02-08,2019-02-04,112.8306
2016-02-09,2019-02-04,112.5294
2016-02-10,2019-02-04,112.6854
2016-02-11,2019-02-04,112.5866
2016-02-12,2019-02-04,112.7011
2016-02-15,2019-02-04,112.6845
2016-02-16,2019-02-04,112.8868
2016-02-17,2019-02-04,112.2691
2016-02-18,2019-02-04,112.2953
2016-02-19,2019-02-04,112.3606
2016-02-22,2019-02-04,112.2278
2016-02-23,2019-02-04,112.5759
2016-02-24,2019-02-04,112.5705
2016-02-25,2019-02-04,112.3268
2016-02-26,2019-02-04,112.7697
2016-02-29,2019-02-04,112.6425
2016-03-01,2019-02-04,112.3318
2016-03-02,2019-02-04,112.2029
2016-03-03,2019-02-04,111.6621
2016-03-04,2019-02-04,111.0603
2016-03-07,2019-02-04,111.0455
2016-03-08,2019-02-04,111.2659
2016-03-09,2019-02-04,110.8525
2016-03-10,2019-02-04,110.8436
2016-03-11,2019-02-04,110.1757
2016-03-14,2019-02-04,110.5959
2016-03-15,2019-02-04,110.9761
2016-03-16,2019-02-04,111.194
2016-03-17,2019-02-04,108.9004
2016-03-18,2019-02-04,108.8556
2016-03-21,2019-02-04,109.1857
2016-03-22,2019-02-04,109.2343
2016-03-23,2019-02-04,109.9831
2016-03-24,2019-02-04,110.2477
2016-03-25,2019-02-04,110.2016
2016-03-28,2019-02-04,109.7969
2016-03-29,2019-02-04,109.8138
2016-03-30,2019-02-04,108.6879
2016-03-31,2019-02-04,108.38
2016-04-01,2019-02-04,108.7521
2016-04-04,2019-02-04,108.8534
2016-04-05,2019-02-04,109.3934
2016-04-06,2019-02-04,108.9875
2016-04-07,2019-02-04,109.3335
2016-04-08,2019-02-04,108.8745
2016-04-11,2019-02-04,108.4356
2016-04-12,2019-02-04,108.2799
2016-04-13,2019-02-04,108.6028
2016-04-14,2019-02-04,108.626
2016-04-15,2019-02-04,108.6505
2016-04-18,2019-02-04,108.4507
2016-04-19,2019-02-04,107.752
2016-04-20,2019-02-04,107.8646
2016-04-21,2019-02-04,108.3185
2016-04-22,2019-02-04,108.695
2016-04-25,2019-02-04,108.6497
2016-04-26,2019-02-04,108.2196
2016-04-27,2019-02-04,108.3162
2016-04-28,2019-02-04,107.6915
2016-04-29,2019-02-04,107.3103
2016-05-02,2019-02-04,107.1575
2016-05-03,2019-02-04,107.8369
2016-05-04,2019-02-04,108.4595
2016-05-05,2019-02-04,108.7025
2016-05-06,2019-02-04,108.8375
2016-05-09,2019-02-04,109.3962
2016-05-10,2019-02-04,109.2723
2016-05-11,2019-02-04,108.7387
2016-05-12,2019-02-04,109.1466
2016-05-13,2019-02-04,109.6961
2016-05-16,2019-02-04,109.5676
2016-05-17,2019-02-04,109.5339
2016-05-18,2019-02-04,109.9426
2016-05-19,2019-02-04,110.6649
2016-05-20,2019-02-04,110.6124
2016-05-23,2019-02-04,110.7124
2016-05-24,2019-02-04,110.721
2016-05-25,2019-02-04,110.6322
2016-05-26,2019-02-04,110.3354
2016-05-27,2019-02-04,110.5169
2016-05-30,2019-02-04,110.5227
2016-05-31,2019-02-04,110.8561
2016-06-01,2019-02-04,110.8895
2016-06-02,2019-02-04,110.884
2016-06-03,2019-02-04,109.8887
2016-06-06,2019-02-04,109.6762
2016-06-07,2019-02-04,109.2911
2016-06-08,2019-02-04,108.6536
2016-06-09,2019-02-04,109.0719
2016-06-10,2019-02-04,109.5514
2016-06-13,2019-02-04,109.9465
2016-06-14,2019-02-04,110.4191
2016-06-15,2019-02-04,110.2047
2016-06-16,2019-02-04,110.6638
2016-06-17,2019-02-04,109.975
2016-06-20,2019-02-04,109.3232
2016-06-21,2019-02-04,109.4598
2016-06-22,2019-02-04,109.2235
2016-06-23,2019-02-04,108.7257
2016-06-24,2019-02-04,110.5648
2016-06-27,2019-02-04,111.5414
2016-06-28,2019-02-04,111.1692
2016-06-29,2019-02-04,110.2883
2016-06-30,2019-02-04,110.5836
2016-07-01,2019-02-04,110.0822
2016-07-04,2019-02-04,110.0815
2016-07-05,2019-02-04,110.8426
2016-07-06,2019-02-04,110.9602
2016-07-07,2019-02-04,110.9937
2016-07-08,2019-02-04,110.8125
2016-07-11,2019-02-04,110.94
2016-07-12,2019-02-04,110.5331
2016-07-13,2019-02-04,110.4513
2016-07-14,2019-02-04,110.1977
2016-07-15,2019-02-04,110.7037
2016-07-18,2019-02-04,110.668
2016-07-19,2019-02-04,111.0529
2016-07-20,2019-02-04,111.0883
2016-07-21,2019-02-04,111.039
2016-07-22,2019-02-04,111.3961
2016-07-25,2019-02-04,111.5831
2016-07-26,2019-02-04,111.4648
2016-07-27,2019-02-04,111.6195
2016-07-28,2019-02-04,111.1501
2016-07-29,2019-02-04,110.2991
2016-08-01,2019-02-04,110.3982
2016-08-02,2019-02-04,110.1396
2016-08-03,2019-02-04,110.3661
2016-08-04,2019-02-04,110.3376
2016-08-05,2019-02-04,110.7725
2016-08-08,2019-02-04,110.5611
2016-08-09,2019-02-04,110.1426
2016-08-10,2019-02-04,109.7503
2016-08-11,2019-02-04,109.6245
2016-08-12,2019-02-04,109.6088
2016-08-15,2019-02-04,109.354
2016-08-16,2019-02-04,108.8712
2016-08-17,2019-02-04,109.3821
2016-08-18,2019-02-04,108.761
2016-08-19,2019-02-04,109.2559
2016-08-22,2019-02-04,109.4365
2016-08-23,2019-02-04,109.3792
2016-08-24,2019-02-04,109.7292
2016-08-25,2019-02-04,109.607
2016-08-26,2019-02-04,109.6365
2016-08-29,2019-02-04,110.3005
2016-08-30,2019-02-04,110.7094
2016-08-31,2019-02-04,110.8177
2016-09-01,2019-02-04,110.5923
2016-09-02,2019-02-04,110.4236
2016-09-05,2019-02-04,110.4195
2016-09-06,2019-02-04,109.4008
2016-09-07,2019-02-04,109.4101
2016-09-08,2019-02-04,109.6953
2016-09-09,2019-02-04,110.4118
2016-09-12,2019-02-04,110.5741
2016-09-13,2019-02-04,110.9365
2016-09-14,2019-02-04,110.8847
2016-09-15,2019-02-04,110.8933
2016-09-16,2019-02-04,111.5828
2016-09-19,2019-02-04,111.3122
2016-09-20,2019-02-04,111.5895
2016-09-21,2019-02-04,111.3921
2016-09-22,2019-02-04,110.6791
2016-09-23,2019-02-04,111.1281
2016-09-26,2019-02-04,111.1234
2016-09-27,2019-02-04,110.964
2016-09-28,2019-02-04,111.0397
2016-09-29,2019-02-04,110.7064
2016-09-30,2019-02-04,110.6976
2016-10-03,2019-02-04,110.9198
2016-10-04,2019-02-04,111.0664
2016-10-05,2019-02-04,111.2012
2016-10-06,2019-02-04,111.4089
2016-10-07,2019-02-04,111.6868
2016-10-10,2019-02-04,111.6778
2016-10-11,2019-02-04,111.8389
2016-10-12,2019-02-04,112.1323
2016-10-13,2019-02-04,112.0143
2016-10-14,2019-02-04,112.1012
2016-10-17,2019-02-04,111.9413
2016-10-18,2019-02-04,111.5371
2016-10-19,2019-02-04,111.4522
2016-10-20,2019-02-04,111.7946
2016-10-21,2019-02-04,112.2844
2016-10-24,2019-02-04,112.2396
2016-10-25,2019-02-04,112.065
2016-10-26,2019-02-04,112.1976
2016-10-27,2019-02-04,112.5791
2016-10-28,2019-02-04,112.474
2016-10-31,2019-02-04,112.4009
2016-11-01,2019-02-04,112.3764
2016-11-02,2019-02-04,112.3083
2016-11-03,2019-02-04,112.1567
2016-11-04,2019-02-04,111.9763
2016-11-07,2019-02-04,111.9356
2016-11-08,2019-02-04,111.6967
2016-11-09,2019-02-04,113.0739
2016-11-10,2019-02-04,114.302
2016-11-11,2019-02-04,114.3445
2016-11-14,2019-02-04,115.5727
2016-11-15,2019-02-04,115.126
2016-11-16,2019-02-04,115.1603
2016-11-17,2019-02-04,115.2473
2016-11-18,2019-02-04,115.9336
2016-11-21,2019-02-04,115.8201
2016-11-22,2019-02-04,115.7944
2016-11-23,2019-02-04,116.3726
2016-11-24,2019-02-04,116.3901
2016-11-25,2019-02-04,116.3573
2016-11-28,2019-02-04,116.0695
2016-11-29,2019-02-04,115.9877
2016-11-30,2019-02-04,116.105
2016-12-01,2019-02-04,116.0113
2016-12-02,2019-02-04,115.6644
2016-12-05,2019-02-04,115.4573
2016-12-06,2019-02-04,115.2813
2016-12-07,2019-02-04,115.0332
2016-12-08,2019-02-04,115.388
2016-12-09,2019-02-04,115.636
2016-12-12,2019-02-04,115.2746
2016-12-13,2019-02-04,115.1632
2016-12-14,2019-02-04,115.0951
2016-12-15,2019-02-04,117.1342
2016-12-16,2019-02-04,116.6931
2016-12-19,2019-02-04,116.7202
2016-12-20,2019-02-04,116.9591
2016-12-21,2019-02-04,116.9103
2016-12-22,2019-02-04,117.146
2016-12-23,2019-02-04,117.1083
2016-12-26,2019-02-04,117.1097
2016-12-27,2019-02-04,117.2712
2016-12-28,2019-02-04,117.5469
2016-12-29,2019-02-04,116.9891
2016-12-30,2019-02-04,116.6787
2017-01-02,2019-02-04,116.6812
2017-01-03,2019-02-04,117.4108
2017-01-04,2019-02-04,117.209
2017-01-05,2019-02-04,116.3441
2017-01-06,2019-02-04,116.6872
2017-01-09,2019-02-04,116.7465
2017-01-10,2019-02-04,116.873
2017-01-11,2019-02-04,117.3494
2017-01-12,2019-02-04,116.1467
2017-01-13,2019-02-04,116.3313
2017-01-16,2019-02-04,116.3448
2017-01-17,2019-02-04,115.6223
2017-01-18,2019-02-04,116.074
2017-01-19,2019-02-04,116.6591
2017-01-20,2019-02-04,116.6425
2017-01-23,2019-02-04,115.6055
2017-01-24,2019-02-04,115.4135
2017-01-25,2019-02-04,115.3014
2017-01-26,2019-02-04,115.6359
2017-01-27,2019-02-04,115.4334
2017-01-30,2019-02-04,115.0942
2017-01-31,2019-02-04,114.5971
2017-02-01,2019-02-04,114.7615
2017-02-02,2019-02-04,114.2773
2017-02-03,2019-02-04,114.0008
2017-02-06,2019-02-04,114.4167
2017-02-07,2019-02-04,114.7709
2017-02-08,2019-02-04,114.5048
2017-02-09,2019-02-04,114.6679
2017-02-10,2019-02-04,114.5118
2017-02-13,2019-02-04,114.7031
2017-02-14,2019-02-04,114.7516
2017-02-15,2019-02-04,114.5755
2017-02-16,2019-02-04,114.3715
2017-02-17,2019-02-04,114.7623
2017-02-20,2019-02-04,114.765
2017-02-21,2019-02-04,114.9468
2017-02-22,2019-02-04,114.5694
2017-02-23,2019-02-04,114.0171
2017-02-24,2019-02-04,114.1763
2017-02-27,2019-02-04,114.0401
2017-02-28,2019-02-04,114.3613
2017-03-01,2019-02-04,114.7863
2017-03-02,2019-02-04,115.1838
2017-03-03,2019-02-04,114.9855
2017-03-06,2019-02-04,114.7757
2017-03-07,2019-02-04,114.7738
2017-03-08,2019-02-04,115.2114
2017-03-09,2019-02-04,115.3326
2017-03-10,2019-02-04,114.9578
2017-03-13,2019-02-04,114.7463
2017-03-14,2019-02-04,114.9065
2017-03-15,2019-02-04,114.7021
2017-03-16,2019-02-04,113.808
2017-03-17,2019-02-04,113.6393
2017-03-20,2019-02-04,113.4051
2017-03-21,2019-02-04,113.1813
2017-03-22,2019-02-04,113.163
2017-03-23,2019-02-04,113.1594
2017-03-24,2019-02-04,113.0065
2017-03-27,2019-02-04,112.6109
2017-03-28,2019-02-04,112.7918
2017-03-29,2019-02-04,113.0811
2017-03-30,2019-02-04,112.8924
2017-03-31,2019-02-04,113.1589
2017-04-03,2019-02-04,113.2343
2017-04-04,2019-02-04,113.3631
2017-04-05,2019-02-04,113.3099
2017-04-06,2019-02-04,113.378
2017-04-07,2019-02-04,113.4109
2017-04-10,2019-02-04,113.4667
2017-04-11,2019-02-04,113.3691
2017-04-12,2019-02-04,113.2775
2017-04-13,2019-02-04,112.8718
2017-04-14,2019-02-04,112.9022
2017-04-17,2019-02-04,112.6988
2017-04-18,2019-02-04,112.6327
2017-04-19,2019-02-04,113.1625
2017-04-20,2019-02-04,112.9941
2017-04-21,2019-02-04,113.1814
2017-04-24,2019-02-04,112.741
2017-04-25,2019-02-04,112.8866
2017-04-26,2019-02-04,113.3181
2017-04-27,2019-02-04,113.3648
2017-04-28,2019-02-04,113.1606
2017-05-01,2019-02-04,112.9664
2017-05-02,2019-02-04,113.0514
2017-05-03,2019-02-04,113.0367
2017-05-04,2019-02-04,113.2788
2017-05-05,2019-02-04,113.1476
2017-05-08,2019-02-04,113.4581
2017-05-09,2019-02-04,113.7565
2017-05-10,2019-02-04,113.4805
2017-05-11,2019-02-04,113.4315
2017-05-12,2019-02-04,113.1163
2017-05-15,2019-02-04,112.7252
2017-05-16,2019-02-04,112.3743
2017-05-17,2019-02-04,112.1386
2017-05-18,2019-02-04,112.655
2017-05-19,2019-02-04,112.093
2017-05-22,2019-02-04,111.9397
2017-05-23,2019-02-04,112.08
2017-05-24,2019-02-04,112.067
2017-05-25,2019-02-04,111.7675
2017-05-26,2019-02-04,111.8739
2017-05-29,2019-02-04,111.8727
2017-05-30,2019-02-04,111.9469
2017-05-31,2019-02-04,111.6909
2017-06-01,2019-02-04,111.6955
2017-06-02,2019-02-04,111.5881
2017-06-05,2019-02-04,111.3738
2017-06-06,2019-02-04,111.1113
2017-06-07,2019-02-04,111.2189
2017-06-08,2019-02-04,111.2338
2017-06-09,2019-02-04,111.3498
2017-06-12,2019-02-04,111.3765
2017-06-13,2019-02-04,111.0268
2017-06-14,2019-02-04,110.4817
2017-06-15,2019-02-04,111.267
2017-06-16,2019-02-04,111.0156
2017-06-19,2019-02-04,111.1556
2017-06-20,2019-02-04,111.6598
2017-06-21,2019-02-04,111.7229
2017-06-22,2019-02-04,111.5586
2017-06-23,2019-02-04,111.264
2017-06-26,2019-02-04,111.1617
2017-06-27,2019-02-04,110.9554
2017-06-28,2019-02-04,110.4916
2017-06-29,2019-02-04,110.4192
2017-06-30,2019-02-04,110.4113
2017-07-03,2019-02-04,110.843
2017-07-04,2019-02-04,110.8498
2017-07-05,2019-02-04,111.0667
2017-07-06,2019-02-04,110.8387
2017-07-07,2019-02-04,110.7316
2017-07-10,2019-02-04,110.577
2017-07-11,2019-02-04,110.5613
2017-07-12,2019-02-04,110.0152
2017-07-13,2019-02-04,109.962
2017-07-14,2019-02-04,109.3441
2017-07-17,2019-02-04,109.367
2017-07-18,2019-02-04,108.8799
2017-07-19,2019-02-04,108.8783
2017-07-20,2019-02-04,108.6993
2017-07-21,2019-02-04,108.6411
2017-07-24,2019-02-04,108.6518
2017-07-25,2019-02-04,108.7348
2017-07-26,2019-02-04,108.83
2017-07-27,2019-02-04,108.6651
2017-07-28,2019-02-04,108.3769
2017-07-31,2019-02-04,108.2784
2017-08-01,2019-02-04,108.3083
2017-08-02,2019-02-04,108.2111
2017-08-03,2019-02-04,108.2922
2017-08-04,2019-02-04,108.7295
2017-08-07,2019-02-04,108.8206
2017-08-08,2019-02-04,108.8405
2017-08-09,2019-02-04,108.8142
2017-08-10,2019-02-04,108.6374
2017-08-11,2019-02-04,108.4945
2017-08-14,2019-02-04,108.5442
2017-08-15,2019-02-04,108.9264
2017-08-16,2019-02-04,108.8813
2017-08-17,2019-02-04,108.6153
2017-08-18,2019-02-04,108.4907
2017-08-21,2019-02-04,108.1897
2017-08-22,2019-02-04,108.2892
2017-08-23,2019-02-04,108.2603
2017-08-24,2019-02-04,108.2049
2017-08-25,2019-02-04,107.8016
2017-08-28,2019-02-04,107.6461
2017-08-29,2019-02-04,107.5626
2017-08-30,2019-02-04,107.8644
2017-08-31,2019-02-04,107.8279
2017-09-01,2019-02-04,107.5152
2017-09-04,2019-02-04,107.5224
2017-09-05,2019-02-04,107.3364
2017-09-06,2019-02-04,106.9677
2017-09-07,2019-02-04,106.4082
2017-09-08,2019-02-04,106.2981
2017-09-11,2019-02-04,106.636
2017-09-12,2019-02-04,106.8068
2017-09-13,2019-02-04,107.1387
2017-09-14,2019-02-04,107.0971
2017-09-15,2019-02-04,106.8024
2017-09-18,2019-02-04,107.1216
2017-09-19,2019-02-04,107.0973
2017-09-20,2019-02-04,106.9191
2017-09-21,2019-02-04,107.4057
2017-09-22,2019-02-04,107.2347
2017-09-25,2019-02-04,107.8024
2017-09-26,2019-02-04,108.2425
2017-09-27,2019-02-04,108.5341
2017-09-28,2019-02-04,108.7032
2017-09-29,2019-02-04,108.5487
2017-10-02,2019-02-04,108.8243
2017-10-03,2019-02-04,108.7843
2017-10-04,2019-02-04,108.6995
2017-10-05,2019-02-04,109.0315
2017-10-06,2019-02-04,109.2318
2017-10-09,2019-02-04,109.2369
2017-10-10,2019-02-04,108.7599
2017-10-11,2019-02-04,108.7609
2017-10-12,2019-02-04,108.7721
2017-10-13,2019-02-04,108.7267
2017-10-16,2019-02-04,109.0001
2017-10-17,2019-02-04,109.3633
2017-10-18,2019-02-04,109.1736
2017-10-19,2019-02-04,108.9139
2017-10-20,2019-02-04,109.4838
2017-10-23,2019-02-04,109.6578
2017-10-24,2019-02-04,109.8434
2017-10-25,2019-02-04,109.8315
2017-10-26,2019-02-04,110.0757
2017-10-27,2019-02-04,110.5743
2017-10-30,2019-02-04,110.3315
2017-10-31,2019-02-04,110.2363
2017-11-01,2019-02-04,110.2226
2017-11-02,2019-02-04,109.9775
2017-11-03,2019-02-04,110.3643
2017-11-06,2019-02-04,110.149
2017-11-07,2019-02-04,110.3716
2017-11-08,2019-02-04,110.123
2017-11-09,2019-02-04,109.9968
2017-11-10,2019-02-04,110.0019
2017-11-13,2019-02-04,110.2145
2017-11-14,2019-02-04,109.9462
2017-11-15,2019-02-04,109.9171
2017-11-16,2019-02-04,109.6947
2017-11-17,2019-02-04,109.442
2017-11-20,2019-02-04,109.696
2017-11-21,2019-02-04,109.4211
2017-11-22,2019-02-04,109.0086
2017-11-23,2019-02-04,109.0095
2017-11-24,2019-02-04,108.4793
2017-11-27,2019-02-04,108.5651
2017-11-28,2019-02-04,108.7475
2017-11-29,2019-02-04,108.7737
2017-11-30,2019-02-04,108.9124
2017-12-01,2019-02-04,108.5962
2017-12-04,2019-02-04,108.8464
2017-12-05,2019-02-04,108.9388
2017-12-06,2019-02-04,109.3133
2017-12-07,2019-02-04,109.4581
2017-12-08,2019-02-04,109.663
2017-12-11,2019-02-04,109.5211
2017-12-12,2019-02-04,109.9536
2017-12-13,2019-02-04,109.7126
2017-12-14,2019-02-04,109.5304
2017-12-15,2019-02-04,109.5666
2017-12-18,2019-02-04,109.3521
2017-12-19,2019-02-04,109.566
2017-12-20,2019-02-04,109.2818
2017-12-21,2019-02-04,109.325
2017-12-22,2019-02-04,109.5436
2017-12-25,2019-02-04,109.5391
2017-12-26,2019-02-04,109.4223
2017-12-27,2019-02-04,109.3057
2017-12-28,2019-02-04,108.9722
2017-12-29,2019-02-04,108.5423
2018-01-01,2019-02-04,108.5402
2018-01-02,2019-02-04,108.1165
2018-01-03,2019-02-04,108.1468
2018-01-04,2019-02-04,107.9551
2018-01-05,2019-02-04,107.828
2018-01-08,2019-02-04,108.0425
2018-01-09,2019-02-04,108.37
2018-01-10,2019-02-04,108.0972
2018-01-11,2019-02-04,107.9625
2018-01-12,2019-02-04,107.3891
2018-01-15,2019-02-04,107.3833
2018-01-16,2019-02-04,106.824
2018-01-17,2019-02-04,106.6606
2018-01-18,2019-02-04,106.5752
2018-01-19,2019-02-04,106.4546
2018-01-22,2019-02-04,106.6161
2018-01-23,2019-02-04,106.5115
2018-01-24,2019-02-04,105.6137
2018-01-25,2019-02-04,105.046
2018-01-26,2019-02-04,105.2241
2018-01-29,2019-02-04,105.6377
2018-01-30,2019-02-04,105.6321
2018-01-31,2019-02-04,105.3007
2018-02-01,2019-02-04,105.0287
2018-02-02,2019-02-04,105.6452
2018-02-05,2019-02-04,105.8546
2018-02-06,2019-02-04,106.038
2018-02-07,2019-02-04,106.2276
2018-02-08,2019-02-04,106.806
2018-02-09,2019-02-04,106.7559
2018-02-12,2019-02-04,106.5423
2018-02-13,2019-02-04,106.2747
2018-02-14,2019-02-04,105.9916
2018-02-15,2019-02-04,105.5189
2018-02-16,2019-02-04,105.5668
2018-02-19,2019-02-04,105.5658
2018-02-20,2019-02-04,106.143
2018-02-21,2019-02-04,106.381
2018-02-22,2019-02-04,106.3811
2018-02-23,2019-02-04,106.1954
2018-02-26,2019-02-04,106.2474
2018-02-27,2019-02-04,106.6773
2018-02-28,2019-02-04,106.8873
2018-03-01,2019-02-04,107.0328
2018-03-02,2019-02-04,106.7823
2018-03-05,2019-02-04,106.8668
2018-03-06,2019-02-04,106.3097
2018-03-07,2019-02-04,106.6017
2018-03-08,2019-02-04,106.7738
2018-03-09,2019-02-04,106.4346
2018-03-12,2019-02-04,106.4554
2018-03-13,2019-02-04,106.2583
2018-03-14,2019-02-04,106.3786
2018-03-15,2019-02-04,106.7145
2018-03-16,2019-02-04,106.9387
2018-03-19,2019-02-04,106.8258
2018-03-20,2019-02-04,107.0023
2018-03-21,2019-02-04,106.6595
2018-03-22,2019-02-04,106.5117
2018-03-23,2019-02-04,106.2723
2018-03-26,2019-02-04,105.7176
2018-03-27,2019-02-04,105.8688
2018-03-28,2019-02-04,106.1015
2018-03-29,2019-02-04,106.1871
2018-03-30,2019-02-04,106.0024
2018-04-02,2019-02-04,106.2216
2018-04-03,2019-02-04,106.0851
2018-04-04,2019-02-04,106.1607
2018-04-05,2019-02-04,106.2486
2018-04-06,2019-02-04,106.3112
2018-04-09,2019-02-04,106.0631
2018-04-10,2019-02-04,105.8991
2018-04-11,2019-02-04,105.6606
2018-04-12,2019-02-04,105.8281
2018-04-13,2019-02-04,105.7761
2018-04-16,2019-02-04,105.6046
2018-04-17,2019-02-04,105.5777
2018-04-18,2019-02-04,105.6511
2018-04-19,2019-02-04,106.0516
2018-04-20,2019-02-04,106.6957
2018-04-23,2019-02-04,107.436
2018-04-24,2019-02-04,107.298
2018-04-25,2019-02-04,107.842
2018-04-26,2019-02-04,107.8619
2018-04-27,2019-02-04,107.6698
2018-04-30,2019-02-04,107.8281
2018-05-01,2019-02-04,108.225
2018-05-02,2019-02-04,108.6382
2018-05-03,2019-02-04,108.6572
2018-05-04,2019-02-04,108.7214
2018-05-07,2019-02-04,109.0387
2018-05-08,2019-02-04,109.5193
2018-05-09,2019-02-04,109.3416
2018-05-10,2019-02-04,108.8706
2018-05-11,2019-02-04,108.757
2018-05-14,2019-02-04,108.8859
2018-05-15,2019-02-04,109.6885
2018-05-16,2019-02-04,109.7624
2018-05-17,2019-02-04,109.8109
2018-05-18,2019-02-04,110.1663
2018-05-21,2019-02-04,110.0887
2018-05-22,2019-02-04,109.6493
2018-05-23,2019-02-04,110.1358
2018-05-24,2019-02-04,109.937
2018-05-25,2019-02-04,110.0304
2018-05-28,2019-02-04,110.0337
2018-05-29,2019-02-04,110.6451
2018-05-30,2019-02-04,110.12
2018-05-31,2019-02-04,110.4287
2018-06-01,2019-02-04,110.2733
2018-06-04,2019-02-04,110.2689
2018-06-05,2019-02-04,110.7005
2018-06-06,2019-02-04,110.2025
2018-06-07,2019-02-04,110.5209
2018-06-08,2019-02-04,110.5498
2018-06-11,2019-02-04,110.5561
2018-06-12,2019-02-04,110.6571
2018-06-13,2019-02-04,110.7023
2018-06-14,2019-02-04,111.2931
2018-06-15,2019-02-04,111.7695
2018-06-18,2019-02-04,111.9161
2018-06-19,2019-02-04,112.0632
2018-06-20,2019-02-04,111.9075
2018-06-21,2019-02-04,112.0411
2018-06-22,2019-02-04,111.7424
2018-06-25,2019-02-04,111.7278
2018-06-26,2019-02-04,111.7475
2018-06-27,2019-02-04,112.3315
2018-06-28,2019-02-04,112.279
2018-06-29,2019-02-04,111.7137
2018-07-02,2019-02-04,112.6036
2018-07-03,2019-02-04,111.7755
2018-07-04,2019-02-04,111.7817
2018-07-05,2019-02-04,111.4415
2018-07-06,2019-02-04,111.1169
2018-07-09,2019-02-04,111.1123
2018-07-10,2019-02-04,111.0527
2018-07-11,2019-02-04,111.3316
2018-07-12,2019-02-04,111.2543
2018-07-13,2019-02-04,111.5425
2018-07-16,2019-02-04,111.3204
2018-07-17,2019-02-04,111.6217
2018-07-18,2019-02-04,111.8014
2018-07-19,2019-02-04,112.4039
2018-07-20,2019-02-04,111.7895
2018-07-23,2019-02-04,111.8926
2018-07-24,2019-02-04,111.6757
2018-07-25,2019-02-04,111.3941
2018-07-26,2019-02-04,111.3924
2018-07-27,2019-02-04,111.2895
2018-07-30,2019-02-04,111.0872
2018-07-31,2019-02-04,111.2103
2018-08-01,2019-02-04,111.3676
2018-08-02,2019-02-04,111.6388
2018-08-03,2019-02-04,111.4823
2018-08-06,2019-02-04,111.6951
2018-08-07,2019-02-04,111.4458
2018-08-08,2019-02-04,111.6087
2018-08-09,2019-02-04,111.8427
2018-08-10,2019-02-04,112.7442
2018-08-13,2019-02-04,113.2859
2018-08-14,2019-02-04,113.0931
2018-08-15,2019-02-04,113.5806
2018-08-16,2019-02-04,113.0776
2018-08-17,2019-02-04,112.9719
2018-08-20,2019-02-04,112.7914
2018-08-21,2019-02-04,112.3167
2018-08-22,2019-02-04,112.1285
2018-08-23,2019-02-04,112.553
2018-08-24,2019-02-04,112.0648
2018-08-27,2019-02-04,111.7466
2018-08-28,2019-02-04,111.8165
2018-08-29,2019-02-04,112.122
2018-08-30,2019-02-04,112.5671
2018-08-31,2019-02-04,112.7405
2018-09-03,2019-02-04,112.7805
2018-09-04,2019-02-04,113.3155
2018-09-05,2019-02-04,113.2078
2018-09-06,2019-02-04,113.1083
2018-09-07,2019-02-04,113.0406
2018-09-10,2019-02-04,113.1425
2018-09-11,2019-02-04,113.1703
2018-09-12,2019-02-04,112.6933
2018-09-13,2019-02-04,112.4144
2018-09-14,2019-02-04,112.5521
2018-09-17,2019-02-04,112.4054
2018-09-18,2019-02-04,112.2663
2018-09-19,2019-02-04,112.145
2018-09-20,2019-02-04,111.9945
2018-09-21,2019-02-04,111.999
2018-09-24,2019-02-04,112.0224
2018-09-25,2019-02-04,112.2132
2018-09-26,2019-02-04,112.1689
2018-09-27,2019-02-04,112.4683
2018-09-28,2019-02-04,112.2988
2018-10-01,2019-02-04,112.3067
2018-10-02,2019-02-04,112.371
2018-10-03,2019-02-04,112.626
2018-10-04,2019-02-04,113.1481
2018-10-05,2019-02-04,113.0249
2018-10-08,2019-02-04,113.0328
2018-10-09,2019-02-04,113.1183
2018-10-10,2019-02-04,113.072
2018-10-11,2019-02-04,112.8729
2018-10-12,2019-02-04,112.8372
2018-10-15,2019-02-04,112.5179
2018-10-16,2019-02-04,112.3717
2018-10-17,2019-02-04,112.644
2018-10-18,2019-02-04,113.272
2018-10-19,2019-02-04,113.3119
2018-10-22,2019-02-04,113.6242
2018-10-23,2019-02-04,113.6117
2018-10-24,2019-02-04,113.8134
2018-10-25,2019-02-04,113.9171
2018-10-26,2019-02-04,113.9064
2018-10-29,2019-02-04,114.3205
2018-10-30,2019-02-04,114.653
2018-10-31,2019-02-04,114.937
2018-11-01,2019-02-04,114.2877
2018-11-02,2019-02-04,114.066
2018-11-05,2019-02-04,114.1315
2018-11-06,2019-02-04,113.9969
2018-11-07,2019-02-04,113.6955
2018-11-08,2019-02-04,114.0825
2018-11-09,2019-02-04,114.8935
2018-11-12,2019-02-04,114.9134
2018-11-13,2019-02-04,115.0835
2018-11-14,2019-02-04,114.9154
2018-11-15,2019-02-04,114.7987
2018-11-16,2019-02-04,114.3495
2018-11-19,2019-02-04,114.4102
2018-11-20,2019-02-04,114.6556
2018-11-21,2019-02-04,114.5142
2018-11-22,2019-02-04,114.521
2018-11-23,2019-02-04,114.8887
2018-11-26,2019-02-04,115.0387
2018-11-27,2019-02-04,115.3116
2018-11-28,2019-02-04,115.2483
2018-11-29,2019-02-04,114.6222
2018-11-30,2019-02-04,114.8343
2018-12-03,2019-02-04,114.3254
2018-12-04,2019-02-04,114.4169
2018-12-05,2019-02-04,114.4234
2018-12-06,2019-02-04,114.8177
2018-12-07,2019-02-04,114.5068
2018-12-10,2019-02-04,115.0843
2018-12-11,2019-02-04,115.1629
2018-12-12,2019-02-04,114.6389
2018-12-13,2019-02-04,114.8129
2018-12-14,2019-02-04,115.1982
2018-12-17,2019-02-04,114.8697
2018-12-18,2019-02-04,114.8329
2018-12-19,2019-02-04,114.4948
2018-12-20,2019-02-04,114.445
2018-12-21,2019-02-04,114.6471
2018-12-24,2019-02-04,114.6428
2018-12-25,2019-02-04,114.6432
2018-12-26,2019-02-04,114.5429
2018-12-27,2019-02-04,114.4195
2018-12-28,2019-02-04,114.156
2018-12-31,2019-02-04,114.0042
2019-01-01,2019-02-04,114.0048
2019-01-02,2019-02-04,114.1697
2019-01-03,2019-02-04,113.8737
2019-01-04,2019-02-04,113.4053
2019-01-07,2019-02-04,112.9964
2019-01-08,2019-02-04,113.1557
2019-01-09,2019-02-04,112.5725
2019-01-10,2019-02-04,112.472
2019-01-11,2019-02-04,112.4477
2019-01-14,2019-02-04,112.4519
2019-01-15,2019-02-04,112.7272
2019-01-16,2019-02-04,112.5321
2019-01-17,2019-02-04,112.8095
2019-01-18,2019-02-04,112.9478
2019-01-21,2019-02-04,112.9638
2019-01-22,2019-02-04,113.1561
2019-01-23,2019-02-04,112.9828
2019-01-24,2019-02-04,113.0076
2019-01-25,2019-02-04,112.4209
2019-01-28,2019-02-04,112.4547
2019-01-29,2019-02-04,112.4212
2019-01-30,2019-02-04,112.4498
2019-01-31,2019-02-04,111.9371
2019-02-01,2019-02-04,112.1594
2019-02-04,2019-02-11,112.3238
2019-02-05,2019-02-11,112.3238
2019-02-06,2019-02-11,112.3238
2019-02-07,2019-02-11,112.3238
2019-02-08,2019-02-11,112.3238
2019-02-11,2019-02-19,113.4003
2019-02-12,2019-02-19,113.1036
2019-02-13,2019-02-19,113.2992
2019-02-14,2019-02-19,113.4614
2019-02-15,2019-02-19,113.3531
2019-02-19,2019-02-25,112.951
2019-02-20,2019-03-04,112.9423
2019-02-21,2019-02-25,112.8775
2019-02-22,2019-02-25,112.6429
2019-02-25,2019-03-04,112.5066
2019-02-26,2019-03-04,112.4462
2019-02-27,2019-03-04,112.4066
2019-02-28,2019-03-04,112.5741
2019-03-01,2019-03-04,112.911
2019-03-04,2019-03-11,113.0597
2019-03-05,2019-03-11,113.1653
2019-03-06,2019-03-11,113.3405
2019-03-07,2019-03-11,113.8374
2019-03-08,2019-03-11,113.7129
2019-03-11,2019-03-18,113.6481
2019-03-12,2019-03-18,113.3008
2019-03-13,2019-03-18,113.1097
2019-03-14,2019-03-18,113.1684
2019-03-15,2019-03-18,112.9627
2019-03-18,2019-03-25,112.8254
2019-03-19,2019-03-25,112.6255
2019-03-20,2019-03-25,112.5411
2019-03-21,2019-03-25,112.5625
2019-03-22,2019-03-25,113.0745
2019-03-25,2019-04-01,112.8118
2019-03-26,2019-04-01,113.028
2019-03-27,2019-04-01,113.5052
2019-03-28,2019-04-01,113.6354
2019-03-29,2019-04-01,113.4983
2019-04-01,2019-04-08,113.3004
2019-04-02,2019-04-08,113.4782
2019-04-03,2019-04-08,113.0972
2019-04-04,2019-04-08,113.3392
2019-04-05,2019-04-08,113.3413
2019-04-08,2019-04-15,113.0727
2019-04-09,2019-04-15,112.9186
2019-04-10,2019-04-15,112.8145
2019-04-11,2019-04-15,113.0157
2019-04-12,2019-04-15,112.7403
2019-04-15,2019-04-22,112.8791
2019-04-16,2019-04-22,113.055
2019-04-17,2019-04-22,112.8876
2019-04-18,2019-04-22,113.0775
2019-04-19,2019-04-22,113.0675
2019-04-22,2019-04-29,113.1406
2019-04-23,2019-04-29,113.5188
2019-04-24,2019-04-29,113.7777
2019-04-25,2019-04-29,114.1225
2019-04-26,2019-04-29,113.8177
2019-04-29,2019-05-06,113.8736
2019-04-30,2019-05-06,113.6922
2019-05-01,2019-05-06,113.3825
2019-05-02,2019-05-06,113.9224
2019-05-03,2019-05-06,113.6325
2019-05-06,2019-05-13,113.7595
2019-05-07,2019-05-13,113.9852
2019-05-08,2019-05-13,113.8914
2019-05-09,2019-05-13,114.229
2019-05-10,2019-05-13,113.9365
2019-05-13,2019-05-20,114.3282
2019-05-14,2019-05-20,114.3473
2019-05-15,2019-05-20,114.2672
2019-05-16,2019-05-20,114.4416
2019-05-17,2019-05-20,114.8531
2019-05-20,2019-05-28,114.7141
2019-05-21,2019-05-28,114.6814
2019-05-22,2019-05-28,114.6377
2019-05-23,2019-05-28,114.6389
2019-05-24,2019-05-28,114.4847
2019-05-28,2019-06-03,114.7125
2019-05-29,2019-06-03,114.935
2019-05-30,2019-06-03,114.7794
2019-05-31,2019-06-03,115.0969
2019-06-03,2019-06-10,114.8602
2019-06-04,2019-06-10,114.4905
2019-06-05,2019-06-10,114.4336
2019-06-06,2019-06-10,114.3896
2019-06-07,2019-06-10,114.1559
2019-06-10,2019-06-17,113.9393
2019-06-11,2019-06-17,113.8167
2019-06-12,2019-06-17,113.872
2019-06-13,2019-06-17,114.0545
2019-06-14,2019-06-17,114.3196
2019-06-17,2019-06-24,116.0019
2019-06-18,2019-06-24,115.8974
2019-06-19,2019-06-24,115.8114
2019-06-20,2019-06-24,114.8251
2019-06-21,2019-06-24,114.8703
2019-06-24,2019-07-01,114.7015
2019-06-25,2019-07-01,114.6794
2019-06-26,2019-07-01,114.6046
2019-06-27,2019-07-01,114.7048
2019-06-28,2019-07-01,114.6159
2019-07-01,2019-07-08,114.7422
2019-07-02,2019-07-08,114.856
2019-07-03,2019-07-08,114.8405
2019-07-05,2019-07-08,115.1315
2019-07-08,2019-07-15,115.0396
2019-07-09,2019-07-15,115.1203
2019-07-10,2019-07-15,115.1056
2019-07-11,2019-07-15,114.8555
2019-07-12,2019-07-15,114.7921
2019-07-15,2019-07-22,114.7072
2019-07-16,2019-07-22,115.0234
2019-07-17,2019-07-22,114.8976
2019-07-18,2019-07-22,114.892
2019-07-19,2019-07-22,114.8838
2019-07-22,2019-07-29,115.0154
2019-07-23,2019-07-29,115.3024
2019-07-24,2019-07-29,115.2439
2019-07-25,2019-07-29,115.302
2019-07-26,2019-07-29,115.5427
2019-07-29,2019-08-05,115.5931
2019-07-30,2019-08-05,115.6203
2019-07-31,2019-08-05,115.4933
2019-08-01,2019-08-05,116.0408
2019-08-02,2019-08-05,116.1995
2019-08-05,2019-08-12,116.651
2019-08-06,2019-08-12,116.7462
2019-08-07,2019-08-12,116.8831
2019-08-08,2019-08-12,116.5481
2019-08-09,2019-08-12,116.5241
2019-08-12,2019-08-19,116.8645
2019-08-13,2019-08-19,116.821
2019-08-14,2019-08-19,117.1813
2019-08-15,2019-08-19,117.3099
2019-08-16,2019-08-19,117.1631
2019-08-19,2019-08-26,117.4695
2019-08-20,2019-08-26,117.4589
2019-08-21,2019-08-26,117.2656
2019-08-22,2019-08-26,117.4528
2019-08-23,2019-08-26,117.4142
2019-08-26,2019-09-03,117.7944
2019-08-27,2019-09-03,117.8813
2019-08-28,2019-09-03,118.0092
2019-08-29,2019-09-03,118.1827
2019-08-30,2019-09-03,118.2715
2019-09-03,2019-09-09,118.4218
2019-09-04,2019-09-09,117.785
2019-09-05,2019-09-09,117.5978
2019-09-06,2019-09-09,117.2366
2019-09-09,2019-09-16,117.1739
2019-09-10,2019-09-16,117.1971
2019-09-11,2019-09-16,117.4143
2019-09-12,2019-09-16,116.9421
2019-09-13,2019-09-16,116.8755
2019-09-16,2019-09-23,117.113
2019-09-17,2019-09-23,117.0933
2019-09-18,2019-09-23,117.0889
2019-09-19,2019-09-23,117.1991
2019-09-20,2019-09-23,117.2874
2019-09-23,2019-09-30,117.413
2019-09-24,2019-09-30,117.3379
2019-09-25,2019-09-30,117.7617
2019-09-26,2019-09-30,117.8301
2019-09-27,2019-09-30,117.822
2019-09-30,2019-10-07,118.0471
2019-10-01,2019-10-07,118.0627
2019-10-02,2019-10-07,118.0771
2019-10-03,2019-10-07,117.7816
2019-10-04,2019-10-07,117.6461
2019-10-07,2019-10-15,117.6737
2019-10-08,2019-10-15,117.8486
2019-10-09,2019-10-15,117.7938
2019-10-10,2019-10-15,117.3973
2019-10-11,2019-10-15,116.9439
2019-10-15,2019-10-21,116.9318
2019-10-16,2019-10-21,116.7786
2019-10-17,2019-10-21,116.4023
2019-10-18,2019-10-21,116.2838
2019-10-21,2019-10-28,116.1894
2019-10-22,2019-10-28,116.1276
2019-10-23,2019-10-28,116.1903
2019-10-24,2019-10-28,116.2566
2019-10-25,2019-10-28,116.2042
2019-10-28,2019-11-04,116.1508
2019-10-29,2019-11-04,116.1113
2019-10-30,2019-11-04,116.294
2019-10-31,2019-11-04,116.0431
2019-11-01,2019-11-04,115.8655
2019-11-04,2019-11-12,115.987
2019-11-05,2019-11-12,116.2131
2019-11-06,2019-11-12,116.1987
2019-11-07,2019-11-12,116.2023
2019-11-08,2019-11-12,116.4324
2019-11-12,2019-11-18,116.6742
2019-11-13,2019-11-18,116.9297
2019-11-14,2019-11-18,116.8944
2019-11-15,2019-11-18,116.5391
2019-11-18,2019-11-25,116.4729
2019-11-19,2019-11-25,116.6475
2019-11-20,2019-11-25,116.9371
2019-11-21,2019-11-25,116.8519
2019-11-22,2019-11-25,117.0172
2019-11-25,2019-12-02,117.1089
2019-11-26,2019-12-02,117.1497
2019-11-27,2019-12-02,117.2214
2019-11-29,2019-12-02,117.2188
2019-12-02,2019-12-09,117.08
2019-12-03,2019-12-09,117.0199
2019-12-04,2019-12-09,116.819
2019-12-05,2019-12-09,116.5185
2019-12-06,2019-12-09,116.66
2019-12-09,2019-12-16,116.3758
2019-12-10,2019-12-16,116.3039
2019-12-11,2019-12-16,116.1994
2019-12-12,2019-12-16,115.9127
2019-12-13,2019-12-16,115.7393
2019-12-16,2019-12-23,115.5991
2019-12-17,2019-12-23,115.6004
2019-12-18,2019-12-23,115.7037
2019-12-19,2019-12-23,115.6457
2019-12-20,2019-12-23,115.7975
2019-12-23,2019-12-30,115.846
2019-12-24,2019-12-30,115.8267
2019-12-26,2019-12-30,115.6713
2019-12-27,2019-12-30,115.2705
2019-12-30,2020-01-06,115.0184
2019-12-31,2020-01-06,114.7189
2020-01-02,2020-01-06,115.0172
2020-01-03,2020-01-06,115.0302
2020-01-06,2020-01-13,115.0017
2020-01-07,2020-01-13,115.1884
2020-01-08,2020-01-13,115.1644
2020-01-09,2020-01-13,115.2741
2020-01-10,2020-01-13,115.1065
2020-01-13,2020-01-21,115.0895
2020-01-14,2020-01-21,115.0761
2020-01-15,2020-01-21,115.0121
2020-01-16,2020-01-21,115.0525
2020-01-17,2020-01-21,115.1083
2020-01-21,2020-01-27,115.2412
2020-01-22,2020-01-27,115.2775
2020-01-23,2020-01-27,115.606
2020-01-24,2020-01-27,115.6041
2020-01-27,2020-02-03,115.8557
2020-01-28,2020-02-03,115.7662
2020-01-29,2020-02-03,115.7404
2020-01-30,2020-02-03,115.8519
2020-01-31,2020-02-03,115.785
2020-02-03,2020-02-10,116.1883
2020-02-04,2020-02-10,115.9917
2020-02-05,2020-02-10,116.057
2020-02-06,2020-02-10,116.1986
2020-02-07,2020-02-10,116.5604
2020-02-10,2020-02-18,116.6148
2020-02-11,2020-02-18,116.4031
2020-02-12,2020-02-18,116.3209
2020-02-13,2020-02-18,116.4325
2020-02-14,2020-02-18,116.4479
2020-02-18,2020-02-24,116.6347
2020-02-19,2020-02-24,116.8161
2020-02-20,2020-02-24,117.2903
2020-02-21,2020-02-24,117.0919
2020-02-24,2020-03-02,117.4522
2020-02-25,2020-03-02,117.2881
2020-02-26,2020-03-02,117.4714
2020-02-27,2020-03-02,117.4579
2020-02-28,2020-03-02,117.7687
2020-03-02,2020-03-09,116.9457
2020-03-03,2020-03-09,116.6209
2020-03-04,2020-03-09,116.913
2020-03-05,2020-03-09,116.9531
2020-03-06,2020-03-09,116.8982
2020-03-09,2020-03-16,117.4214
2020-03-10,2020-03-16,118.1461
2020-03-11,2020-03-16,118.491
2020-03-12,2020-03-16,120.7762
2020-03-13,2020-03-16,120.7065
2020-03-16,2020-03-23,121.2512
2020-03-17,2020-03-23,122.8034
2020-03-18,2020-03-23,124.5085
2020-03-19,2020-03-23,125.3882
2020-03-20,2020-03-23,125.2308
2020-03-23,2020-03-30,126.4719
2020-03-24,2020-03-30,125.8206
2020-03-25,2020-03-30,125.1112
2020-03-26,2020-03-30,122.7052
2020-03-27,2020-03-30,122.7064
2020-03-30,2020-04-06,123.6056
2020-03-31,2020-04-06,122.8238
2020-04-01,2020-04-06,124.1096
2020-04-02,2020-04-06,123.8881
2020-04-03,2020-04-06,124.7315
2020-04-06,2020-04-13,124.4784
2020-04-07,2020-04-13,123.398
2020-04-08,2020-04-13,123.5074
2020-04-09,2020-04-13,122.7555
2020-04-10,2020-04-13,122.4423
2020-04-13,2020-04-20,122.8102
2020-04-14,2020-04-20,122.4022
2020-04-15,2020-04-20,123.3932
2020-04-16,2020-04-20,123.7698
2020-04-17,2020-04-20,123.1802
2020-04-20,2020-04-27,123.4179
2020-04-21,2020-04-27,124.2482
2020-04-22,2020-04-27,124.2571
2020-04-23,2020-04-27,124.077
2020-04-24,2020-04-27,124.5055
2020-04-27,2020-05-04,124.2336
2020-04-28,2020-05-04,123.715
2020-04-29,2020-05-04,123.0849
2020-04-30,2020-05-04,122.6682
2020-05-01,2020-05-04,123.5227
2020-05-04,2020-05-11,123.568
2020-05-05,2020-05-11,123.1291
2020-05-06,2020-05-11,123.9628
2020-05-07,2020-05-11,123.4691
2020-05-08,2020-05-11,122.8787
2020-05-11,2020-05-18,123.6025
2020-05-12,2020-05-18,123.432
2020-05-13,2020-05-18,123.9303
2020-05-14,2020-05-18,124.0247
2020-05-15,2020-05-18,123.9765
2020-05-18,2020-05-26,123.1583
2020-05-19,2020-05-26,122.9283
2020-05-20,2020-05-26,122.4641
2020-05-21,2020-05-26,122.4415
2020-05-22,2020-05-26,122.6609
2020-05-26,2020-06-01,122.6609
2020-05-27,2020-06-01,122.6609
2020-05-28,2020-06-01,122.6609
2020-05-29,2020-06-01,121.2796
2020-06-01,2020-06-08,120.5865
2020-06-02,2020-06-08,119.9804
2020-06-03,2020-06-08,119.5411
2020-06-04,2020-06-08,119.6058
2020-06-05,2020-06-08,119.0893
2020-06-08,2020-06-15,118.9331
2020-06-09,2020-06-15,118.8847
2020-06-10,2020-06-15,118.8287
2020-06-11,2020-06-15,119.5789
2020-06-12,2020-06-15,119.9954
2020-06-15,2020-06-22,120.3066
2020-06-16,2020-06-22,119.9021
2020-06-17,2020-06-22,120.2563
2020-06-18,2020-06-22,120.5811
2020-06-19,2020-06-22,120.5752
2020-06-22,2020-06-29,120.1008
2020-06-23,2020-06-29,119.6702
2020-06-24,2020-06-29,120.3455
2020-06-25,2020-06-29,120.6748
2020-06-26,2020-06-29,120.923
2020-06-29,2020-07-06,121.0683
2020-06-30,2020-07-06,120.8643
2020-07-01,2020-07-06,120.4595
2020-07-02,2020-07-06,120.2176
2020-07-06,2020-07-13,119.6429
2020-07-07,2020-07-13,119.9416
2020-07-08,2020-07-13,119.9255
2020-07-09,2020-07-13,119.8738
2020-07-10,2020-07-13,119.7092
2020-07-13,2020-07-20,119.5504
2020-07-14,2020-07-20,119.7717
2020-07-15,2020-07-20,119.3883
2020-07-16,2020-07-20,119.2841
2020-07-17,2020-07-20,119.4937
2020-07-20,2020-07-27,119.4123
2020-07-21,2020-07-27,118.7542
2020-07-22,2020-07-27,118.4914
2020-07-23,2020-07-27,118.4277
2020-07-24,2020-07-27,118.5106
2020-07-27,2020-08-03,117.7614
2020-07-28,2020-08-03,117.6941
2020-07-29,2020-08-03,117.5939
2020-07-30,2020-08-03,117.7955
2020-07-31,2020-08-03,117.601
2020-08-03,2020-08-10,118.2115
2020-08-04,2020-08-10,118.1935
2020-08-05,2020-08-10,117.281
2020-08-06,2020-08-10,117.4495
2020-08-07,2020-08-10,118.0417
2020-08-10,2020-08-17,117.9937
2020-08-11,2020-08-17,117.7813
2020-08-12,2020-08-17,117.6711
2020-08-13,2020-08-17,117.5273
2020-08-14,2020-08-17,117.3451
2020-08-17,2020-08-24,117.161
2020-08-18,2020-08-24,116.9742
2020-08-19,2020-08-24,116.9715
2020-08-20,2020-08-24,117.2289
2020-08-21,2020-08-24,117.4606
2020-08-24,2020-08-31,117.321
2020-08-25,2020-08-31,117.2333
2020-08-26,2020-08-31,117.0289
2020-08-27,2020-08-31,117.0536
2020-08-28,2020-08-31,116.3198
2020-08-31,2020-09-08,116.1421
2020-09-01,2020-09-08,115.9291
2020-09-02,2020-09-08,116.39
2020-09-03,2020-09-08,116.4248
2020-09-04,2020-09-08,116.3822
2020-09-08,2020-09-14,116.8275
2020-09-09,2020-09-14,116.4856
2020-09-10,2020-09-14,116.251
2020-09-11,2020-09-14,116.4578
2020-09-14,2020-09-21,116.0054
2020-09-15,2020-09-21,115.9435
2020-09-16,2020-09-21,115.692
2020-09-17,2020-09-21,115.7819
2020-09-18,2020-09-21,115.5932
2020-09-21,2020-09-28,116.7602
2020-09-22,2020-09-28,116.9191
2020-09-23,2020-09-28,117.6486
2020-09-24,2020-09-28,117.9406
2020-09-25,2020-09-28,118.265
2020-09-28,2020-10-05,118.0243
2020-09-29,2020-10-05,117.9481
2020-09-30,2020-10-05,117.3485
2020-10-01,2020-10-05,117.1284
2020-10-02,2020-10-05,117.1309
2020-10-05,2020-10-13,116.576
2020-10-06,2020-10-13,116.6628
2020-10-07,2020-10-13,116.7486
2020-10-08,2020-10-13,116.5623
2020-10-09,2020-10-13,115.6479
2020-10-13,2020-10-19,116.2954
2020-10-14,2020-10-19,116.0637
2020-10-15,2020-10-19,116.4836
2020-10-16,2020-10-19,116.1411
2020-10-19,2020-10-26,115.7777
2020-10-20,2020-10-26,115.6263
2020-10-21,2020-10-26,115.2845
2020-10-22,2020-10-26,115.4884
2020-10-23,2020-10-26,115.39
2020-10-26,2020-11-02,115.6661
2020-10-27,2020-11-02,115.3966
2020-10-28,2020-11-02,116.2068
2020-10-29,2020-11-02,116.7098
2020-10-30,2020-11-02,116.5267
2020-11-02,2020-11-09,116.6265
2020-11-03,2020-11-09,115.8616
2020-11-04,2020-11-09,115.5316
2020-11-05,2020-11-09,114.8062
2020-11-06,2020-11-09,114.3423
2020-11-09,2020-11-16,114.4203
2020-11-10,2020-11-16,114.4026
2020-11-12,2020-11-16,114.6245
2020-11-13,2020-11-16,114.5851
2020-11-16,2020-11-23,114.1589
2020-11-17,2020-11-23,114.0029
2020-11-18,2020-11-23,113.7735
2020-11-19,2020-11-23,114.0082
2020-11-20,2020-11-23,113.7996
2020-11-23,2020-11-30,114.0759
2020-11-24,2020-11-30,113.7523
2020-11-25,2020-11-30,113.4966
2020-11-30,2020-12-07,113.5564
2020-12-01,2020-12-07,113.1315
2020-12-02,2020-12-07,112.9435
2020-12-03,2020-12-07,112.3404
2020-12-04,2020-12-07,112.0953
2020-12-07,2020-12-14,112.1516
2020-12-08,2020-12-14,112.1757
2020-12-09,2020-12-14,112.3495
2020-12-10,2020-12-14,112.2972
2020-12-11,2020-12-14,112.4621
2020-12-14,2020-12-21,112.5051
2020-12-15,2020-12-21,112.1856
2020-12-16,2020-12-21,112.0378
2020-12-17,2020-12-21,111.5399
2020-12-18,2020-12-21,111.9337
2020-12-21,2020-12-28,112.2814
2020-12-22,2020-12-28,112.5295
2020-12-23,2020-12-28,112.3138
2020-12-28,2021-01-04,112.3219
2020-12-29,2021-01-04,111.8543
2020-12-30,2021-01-04,111.6476
2020-12-31,2021-01-04,111.6505
2021-01-04,2021-01-11,111.5465
2021-01-05,2021-01-11,111.2901
2021-01-06,2021-01-11,111.1898
2021-01-07,2021-01-11,111.6501
2021-01-08,2021-01-11,111.6291
2021-01-11,2021-01-19,112.171
2021-01-12,2021-01-19,111.8774
2021-01-13,2021-01-19,111.6821
2021-01-14,2021-01-19,111.4736
2021-01-15,2021-01-19,111.838
2021-01-19,2021-01-25,111.783
2021-01-21,2021-01-25,111.5276
2021-01-22,2021-01-25,111.8936
2021-01-25,2021-02-01,112.1432
2021-01-26,2021-02-01,111.922
2021-01-27,2021-02-01,112.3536
2021-01-28,2021-02-01,112.2838
2021-01-29,2021-02-01,112.2376
2021-02-01,2021-02-08,112.7125
2021-02-02,2021-02-08,112.5858
2021-02-03,2021-02-08,112.5538
2021-02-04,2021-02-08,113.0481
2021-02-05,2021-02-08,112.5293
2021-02-08,2021-02-16,112.3336
2021-02-09,2021-02-16,112.0517
2021-02-10,2021-02-16,111.8678
2021-02-11,2021-02-16,111.8156
2021-02-12,2021-02-16,111.7773
2021-02-16,2021-02-22,112.0858
2021-02-17,2021-02-22,112.319
2021-02-18,2021-02-22,112.4486
2021-02-19,2021-02-22,111.9853
2021-02-22,2021-03-01,112.1879
2021-02-23,2021-03-01,112.1664
2021-02-24,2021-03-01,112.1664
2021-02-25,2021-03-01,112.1997
2021-02-26,2021-03-01,113.1231
2021-03-01,2021-03-08,112.8227
2021-03-02,2021-03-08,112.8288
2021-03-03,2021-03-08,113.0643
2021-03-04,2021-03-08,112.9995
2021-03-05,2021-03-08,114.0709
2021-03-08,2021-03-15,114.5852
2021-03-09,2021-03-15,114.2364
2021-03-10,2021-03-15,113.8857
2021-03-11,2021-03-15,113.2101
2021-03-12,2021-03-22,113.3192
2021-03-15,2021-03-22,113.496
2021-03-16,2021-03-22,113.2819
2021-03-17,2021-03-22,113.4619
2021-03-18,2021-03-22,113.0637
2021-03-19,2021-03-22,113.2648
2021-03-22,2021-03-29,113.2952
2021-03-23,2021-03-29,113.5831
2021-03-24,2021-03-29,113.9564
2021-03-25,2021-03-29,114.3067
2021-03-26,2021-03-29,114.047
2021-03-29,2021-04-05,114.2415
2021-03-30,2021-04-05,114.522
2021-03-31,2021-04-05,114.1436
2021-04-01,2021-04-05,114.0522
2021-04-02,2021-04-05,114.0476
2021-04-05,2021-04-12,113.6831
2021-04-06,2021-04-12,113.4387
2021-04-07,2021-04-12,113.539
2021-04-08,2021-04-12,113.3783
2021-04-09,2021-04-12,113.4969
2021-04-12,2021-04-19,113.4737
2021-04-13,2021-04-19,113.3255
2021-04-14,2021-04-19,113.0666
2021-04-15,2021-04-19,112.9025
2021-04-16,2021-04-19,112.7637
2021-04-19,2021-04-26,112.4497
2021-04-20,2021-04-26,112.5009
2021-04-21,2021-04-26,112.4472
2021-04-22,2021-04-26,112.5029
2021-04-23,2021-04-26,112.3566
2021-04-26,2021-05-03,112.0805
2021-04-27,2021-05-03,112.1862
2021-04-28,2021-05-03,112.0658
2021-04-29,2021-05-03,112.0222
2021-04-30,2021-05-03,112.3765
2021-05-03,2021-05-10,112.2829
2021-05-04,2021-05-10,112.5783
2021-05-05,2021-05-10,112.4315
2021-05-06,2021-05-10,112.1162
2021-05-07,2021-05-10,111.2857
2021-05-10,2021-05-17,111.0522
2021-05-11,2021-05-17,111.1432
2021-05-12,2021-05-17,111.8296
2021-05-13,2021-05-17,111.8665
2021-05-14,2021-05-17,111.3976
2021-05-17,2021-05-24,111.3277
2021-05-18,2021-05-24,111.0794
2021-05-19,2021-05-24,111.1253
2021-05-20,2021-05-24,111.1039
2021-05-21,2021-05-24,111.3116
2021-05-24,2021-06-01,111.1643
2021-05-25,2021-06-01,111.0967
2021-05-26,2021-06-01,111.1343
2021-05-27,2021-06-01,111.1401
2021-05-28,2021-06-01,111.0328
2021-06-01,2021-06-07,110.7742
2021-06-02,2021-06-07,110.8458
2021-06-03,2021-06-07,111.4565
2021-06-04,2021-06-07,111.0165
2021-06-07,2021-06-14,110.7733
2021-06-08,2021-06-14,110.9145
2021-06-09,2021-06-14,110.8415
2021-06-10,2021-06-14,110.8153
2021-06-11,2021-06-14,111.3778
2021-06-14,2021-06-21,111.2451
2021-06-15,2021-06-21,111.6357
2021-06-16,2021-06-21,111.3923
2021-06-17,2021-06-21,112.865
2021-06-18,2021-06-21,113.3338
2021-06-21,2021-06-28,113.1156
2021-06-22,2021-06-28,113.1898
2021-06-23,2021-06-28,112.6483
2021-06-24,2021-06-28,112.5972
2021-06-25,2021-06-28,112.2401
2021-06-28,2021-07-06,112.2977
2021-06-29,2021-07-06,112.5359
2021-06-30,2021-07-06,112.8458
2021-07-01,2021-07-06,113.0361
2021-07-02,2021-07-06,112.8352
2021-07-06,2021-07-12,113.2447
2021-07-07,2021-07-12,113.4002
2021-07-08,2021-07-12,113.3602
2021-07-09,2021-07-12,113.12
2021-07-12,2021-07-19,113.0385
2021-07-13,2021-07-19,113.2899
2021-07-14,2021-07-19,113.1537
2021-07-15,2021-07-19,113.2859
2021-07-16,2021-07-19,113.3233
2021-07-19,2021-07-26,113.8301
2021-07-20,2021-07-26,114.0437
2021-07-21,2021-07-26,113.6826
2021-07-22,2021-07-26,113.7583
2021-07-23,2021-07-26,113.7272
2021-07-26,2021-08-02,113.499
2021-07-27,2021-08-02,113.4836
2021-07-28,2021-08-02,113.4514
2021-07-29,2021-08-02,112.7446
2021-07-30,2021-08-02,112.9415
2021-08-02,2021-08-09,112.9353
2021-08-03,2021-08-09,113.0927
2021-08-04,2021-08-09,113.1738
2021-08-05,2021-08-09,113.0441
2021-08-06,2021-08-09,113.594
2021-08-09,2021-08-16,113.7412
2021-08-10,2021-08-16,113.7842
2021-08-11,2021-08-16,113.5692
2021-08-12,2021-08-16,113.5594
2021-08-13,2021-08-16,113.337
2021-08-16,2021-08-23,113.4456
2021-08-17,2021-08-23,113.9052
2021-08-18,2021-08-23,113.9951
2021-08-19,2021-08-23,114.4147
2021-08-20,2021-08-23,114.8068
2021-08-23,2021-08-30,114.2443
2021-08-24,2021-08-30,113.9792
2021-08-25,2021-08-30,113.9342
2021-08-26,2021-08-30,114.0895
2021-08-27,2021-08-30,113.6387
2021-08-30,2021-09-07,113.5495
2021-08-31,2021-09-07,113.418
2021-09-01,2021-09-07,113.1796
2021-09-02,2021-09-07,113.0849
2021-09-03,2021-09-07,112.8415
2021-09-07,2021-09-13,113.2783
2021-09-08,2021-09-13,113.5378
2021-09-09,2021-09-13,113.3395
2021-09-10,2021-09-13,113.2421
2021-09-13,2021-09-20,113.3292
2021-09-14,2021-09-20,113.3008
2021-09-15,2021-09-20,113.2758
2021-09-16,2021-09-20,113.6034
2021-09-17,2021-09-20,113.901
2021-09-20,2021-09-27,114.2439
2021-09-21,2021-09-27,114.1207
2021-09-22,2021-09-27,113.9245
2021-09-23,2021-09-27,113.8194
2021-09-24,2021-09-27,114.0776
2021-09-27,2021-10-04,114.0633
2021-09-28,2021-10-04,114.582
2021-09-29,2021-10-04,115.0563
2021-09-30,2021-10-04,114.99
2021-10-01,2021-10-04,114.7126
2021-10-04,2021-10-12,114.6048
2021-10-05,2021-10-12,114.6972
2021-10-06,2021-10-12,115.0597
2021-10-07,2021-10-12,114.84
2021-10-08,2021-10-12,114.9364
2021-10-12,2021-10-18,115.1098
2021-10-13,2021-10-18,114.8292
2021-10-14,2021-10-18,114.5597
2021-10-15,2021-10-18,114.4451
2021-10-18,2021-10-25,114.3448
2021-10-19,2021-10-25,114.0104
2021-10-20,2021-10-25,113.868
2021-10-21,2021-10-25,113.9801
2021-10-22,2021-10-25,114.0413
2021-10-25,2021-11-01,113.9752
2021-10-26,2021-11-01,114.0509
2021-10-27,2021-11-01,113.9904
2021-10-28,2021-11-01,113.8
2021-10-29,2021-11-01,114.5145
2021-11-01,2021-11-08,114.5876
2021-11-02,2021-11-08,114.6689
2021-11-03,2021-11-08,114.7359
2021-11-04,2021-11-08,114.7403
2021-11-05,2021-11-08,114.4564
2021-11-08,2021-11-15,114.2049
2021-11-09,2021-11-15,114.1433
2021-11-10,2021-11-15,114.5473
2021-11-12,2021-11-15,114.9199
2021-11-15,2021-11-22,114.9939
2021-11-16,2021-11-22,115.5542
2021-11-17,2021-11-22,115.4402
2021-11-18,2021-11-22,115.4789
2021-11-19,2021-11-22,115.6317
2021-11-22,2021-11-29,116.0779
2021-11-23,2021-11-29,116.4478
2021-11-24,2021-11-29,116.7141
2021-11-26,2021-11-29,116.926
2021-11-29,2021-12-06,117.0066
2021-11-30,2021-12-06,116.6408
2021-12-01,2021-12-06,116.3109
2021-12-02,2021-12-06,116.4411
2021-12-03,2021-12-06,116.6656
2021-12-06,2021-12-13,116.5733
2021-12-07,2021-12-13,116.2761
2021-12-08,2021-12-13,115.8633
2021-12-09,2021-12-13,116.1994
2021-12-10,2021-12-13,115.9847
2021-12-13,2021-12-20,116.263
2021-12-14,2021-12-20,116.6665
2021-12-15,2021-12-20,116.8498
2021-12-16,2021-12-20,116.128
2021-12-17,2021-12-20,116.2114
2021-12-20,2021-12-27,116.4291
2021-12-21,2021-12-27,116.5379
2021-12-22,2021-12-27,116.1662
2021-12-23,2021-12-27,115.9533
2021-12-27,2022-01-03,115.4964
2021-12-28,2022-01-03,115.4497
2021-12-29,2022-01-03,115.3964
2021-12-30,2022-01-03,115.3163
2022-01-03,2022-01-10,115.4344
2022-01-04,2022-01-10,115.3509
2022-01-05,2022-01-10,115.1831
2022-01-06,2022-01-10,115.451
2022-01-07,2022-01-10,115.0949
2022-01-10,2022-01-18,115.2634
2022-01-11,2022-01-18,114.889
2022-01-12,2022-01-18,114.4078
2022-01-13,2022-01-18,114.2313
2022-01-14,2022-01-18,114.4295
2022-01-18,2022-01-24,114.7828
2022-01-19,2022-01-24,114.6541
2022-01-20,2022-01-24,114.5125
2022-01-21,2022-01-24,114.6534
2022-01-24,2022-01-31,115.2276
2022-01-25,2022-01-31,115.1907
2022-01-26,2022-01-31,115.1264
2022-01-27,2022-01-31,116.0127
2022-01-28,2022-01-31,116.0637
2022-01-31,2022-02-07,115.611
2022-02-01,2022-02-07,115.4098
2022-02-02,2022-02-07,115.1917
2022-02-03,2022-02-07,114.9501
2022-02-04,2022-02-07,115.1732
2022-02-07,2022-02-14,115.0495
2022-02-08,2022-02-14,115.1317
2022-02-09,2022-02-14,114.8719
2022-02-10,2022-02-14,114.6087
2022-02-11,2022-02-14,114.8964
2022-02-14,2022-02-22,115.2428
2022-02-15,2022-02-22,114.9784
2022-02-16,2022-02-22,114.7394
2022-02-17,2022-02-22,114.7266
2022-02-18,2022-02-22,114.8487
2022-02-22,2022-02-28,114.7578
2022-02-23,2022-02-28,114.729
2022-02-24,2022-02-28,115.987
2022-02-25,2022-02-28,115.3149
2022-02-28,2022-03-07,115.313
2022-03-01,2022-03-07,115.8932
2022-03-02,2022-03-07,115.8498
2022-03-03,2022-03-07,116.0419
2022-03-04,2022-03-07,116.7313
2022-03-07,2022-03-14,117.4421
2022-03-08,2022-03-14,117.6898
2022-03-09,2022-03-14,116.716
2022-03-10,2022-03-14,116.8566
2022-03-11,2022-03-14,117.1415
2022-03-14,2022-03-21,117.2681
2022-03-15,2022-03-21,117.3366
2022-03-16,2022-03-21,116.9088
2022-03-17,2022-03-21,116.1617
2022-03-18,2022-03-21,116.2705
2022-03-21,2022-03-28,116.0795
2022-03-22,2022-03-28,116.2307
2022-03-23,2022-03-28,116.1466
2022-03-24,2022-03-28,116.1156
2022-03-25,2022-03-28,115.958
2022-03-28,2022-04-04,116.344
2022-03-29,2022-04-04,115.7168
2022-03-30,2022-04-04,115.2245
2022-03-31,2022-04-04,115.3456
2022-04-01,2022-04-04,115.6251
2022-04-04,2022-04-11,115.5679
2022-04-05,2022-04-11,115.8748
2022-04-06,2022-04-11,116.1355
2022-04-07,2022-04-11,116.4626
2022-04-08,2022-04-11,116.5353
2022-04-11,2022-04-18,116.679
2022-04-12,2022-04-18,116.5305
2022-04-13,2022-04-18,116.4239
2022-04-14,2022-04-18,116.8916
2022-04-15,2022-04-18,116.8441
2022-04-18,2022-04-25,116.9885
2022-04-19,2022-04-25,117.2858
2022-04-20,2022-04-25,116.8998
2022-04-21,2022-04-25,117.3118
2022-04-22,2022-04-25,118.1736
2022-04-25,2022-05-02,118.7683
2022-04-26,2022-05-02,119.0919
2022-04-27,2022-05-02,119.6006
2022-04-28,2022-05-02,120.2144
2022-04-29,2022-05-02,119.6421
2022-05-02,2022-05-09,120.0229
2022-05-03,2022-05-09,119.8435
2022-05-04,2022-05-09,119.6936
2022-05-05,2022-05-09,120.1389
2022-05-06,2022-05-09,120.0159
2022-05-09,2022-05-16,120.6525
2022-05-10,2022-05-16,120.9284
2022-05-11,2022-05-16,120.5382
2022-05-12,2022-05-16,121.4119
2022-05-13,2022-05-16,120.9998
2022-05-16,2022-05-23,120.8458
2022-05-17,2022-05-23,120.0502
2022-05-18,2022-05-23,120.18
2022-05-19,2022-05-23,119.562
2022-05-20,2022-05-23,119.502
2022-05-23,2022-05-31,118.8381
2022-05-24,2022-05-31,118.7258
2022-05-25,2022-05-31,119.0878
2022-05-26,2022-05-31,118.9273
2022-05-27,2022-05-31,118.4545
2022-05-31,2022-06-06,118.2429
2022-06-01,2022-06-06,118.8763
2022-06-02,2022-06-06,118.2531
2022-06-03,2022-06-06,118.4066
2022-06-06,2022-06-13,118.4867
2022-06-07,2022-06-13,118.6308
2022-06-08,2022-06-13,118.6011
2022-06-09,2022-06-13,119.1061
2022-06-10,2022-06-13,120.1624
2022-06-13,2022-06-21,121.2877
2022-06-14,2022-06-21,121.7973
2022-06-15,2022-06-21,121.7546
2022-06-16,2022-06-21,120.7654
2022-06-17,2022-06-21,121.3486
2022-06-21,2022-06-27,120.7491
2022-06-22,2022-06-27,120.6333
2022-06-23,2022-06-27,120.8609
2022-06-24,2022-06-27,120.5844
2022-06-27,2022-07-05,120.2774
2022-06-28,2022-07-05,120.7207
2022-06-29,2022-07-05,121.0481
2022-06-30,2022-07-05,121.054
2022-07-01,2022-07-05,121.5779
2022-07-05,2022-07-11,122.699
2022-07-06,2022-07-11,123.0661
2022-07-07,2022-07-11,122.8011
2022-07-08,2022-07-11,122.5503
2022-07-11,2022-07-18,123.3678
2022-07-12,2022-07-18,123.4954
2022-07-13,2022-07-18,123.3349
2022-07-14,2022-07-18,124.1127
2022-07-15,2022-07-18,123.5454
2022-07-18,2022-07-25,122.8542
2022-07-19,2022-07-25,122.5571
2022-07-20,2022-07-25,122.6759
2022-07-21,2022-07-25,122.9741
2022-07-22,2022-07-25,122.5116
2022-07-25,2022-08-01,122.5253
2022-07-26,2022-08-01,122.8323
2022-07-27,2022-08-01,122.894
2022-07-28,2022-08-01,122.1894
2022-07-29,2022-08-01,121.8526
2022-08-01,2022-08-08,121.5001
2022-08-02,2022-08-08,122.0121
2022-08-03,2022-08-08,122.4589
2022-08-04,2022-08-08,121.916
2022-08-05,2022-08-08,122.4107
2022-08-08,2022-08-15,121.9674
2022-08-09,2022-08-15,121.9555
2022-08-10,2022-08-15,120.8527
2022-08-11,2022-08-15,120.8212
2022-08-12,2022-08-15,121.1306
2022-08-15,2022-08-22,121.5445
2022-08-16,2022-08-22,121.8022
2022-08-17,2022-08-22,122.1803
2022-08-18,2022-08-22,122.4603
2022-08-19,2022-08-22,123.1541
2022-08-22,2022-08-29,123.7166
2022-08-23,2022-08-29,123.172
2022-08-24,2022-08-29,123.2385
2022-08-25,2022-08-29,123.1836
2022-08-26,2022-08-29,123.2019
2022-08-29,2022-09-06,123.6185
2022-08-30,2022-09-06,123.8334
2022-08-31,2022-09-06,123.6748
2022-09-01,2022-09-06,124.5364
2022-09-02,2022-09-06,123.9261
2022-09-06,2022-09-12,124.9312
2022-09-07,2022-09-12,125.0185
2022-09-08,2022-09-12,124.756
2022-09-09,2022-09-12,123.9551
2022-09-12,2022-09-19,123.5084
2022-09-13,2022-09-19,124.5838
2022-09-14,2022-09-19,124.6123
2022-09-15,2022-09-19,125.0439
2022-09-16,2022-09-19,125.0338
2022-09-19,2022-09-26,125.174
2022-09-20,2022-09-26,125.2921
2022-09-21,2022-09-26,125.9083
2022-09-22,2022-09-26,126.3149
2022-09-23,2022-09-26,127.4232
2022-09-26,2022-10-03,128.5773
2022-09-27,2022-10-03,128.58
2022-09-28,2022-10-03,128.2291
2022-09-29,2022-10-03,127.6627
2022-09-30,2022-10-03,127.6413
2022-10-03,2022-10-11,127.6413
2022-10-04,2022-10-11,127.6413
2022-10-05,2022-10-11,127.0138
2022-10-06,2022-10-11,127.3968
2022-10-07,2022-10-11,127.4628
2022-10-11,2022-10-17,127.8368
2022-10-12,2022-10-17,128.3203
2022-10-13,2022-10-17,127.9007
2022-10-14,2022-10-17,128.4973
2022-10-17,2022-10-24,127.8162
2022-10-18,2022-10-24,128.0829
2022-10-19,2022-10-24,128.5655
2022-10-20,2022-10-24,128.1747
2022-10-21,2022-10-24,127.8337
2022-10-24,2022-10-31,128.1976
2022-10-25,2022-10-31,127.5509
2022-10-26,2022-10-31,126.6202
2022-10-27,2022-10-31,126.8694
2022-10-28,2022-10-31,127.3892
2022-10-31,2022-11-07,127.8126
2022-11-01,2022-11-07,127.5861
2022-11-02,2022-11-07,127.4997
2022-11-03,2022-11-07,128.3657
2022-11-04,2022-11-07,127.3506
2022-11-07,2022-11-14,126.4947
2022-11-08,2022-11-14,125.836
2022-11-09,2022-11-14,126.191
2022-11-10,2022-11-14,124.8818
2022-11-14,2022-11-21,123.5788
2022-11-15,2022-11-21,123.1759
2022-11-16,2022-11-21,123.4178
2022-11-17,2022-11-21,124.1229
2022-11-18,2022-11-21,123.9828
2022-11-21,2022-11-28,124.8448
2022-11-22,2022-11-28,124.3777
2022-11-23,2022-11-28,123.8988
2022-11-25,2022-11-28,123.4863
2022-11-28,2022-12-05,123.7593
2022-11-29,2022-12-05,123.8068
2022-11-30,2022-12-05,123.6502
2022-12-01,2022-12-05,122.1324
2022-12-02,2022-12-05,122.1251
2022-12-05,2022-12-12,122.727
2022-12-06,2022-12-12,123.1031
2022-12-07,2022-12-12,122.8464
2022-12-08,2022-12-12,122.5098
2022-12-09,2022-12-12,122.5047
2022-12-12,2022-12-19,122.8596
2022-12-13,2022-12-19,121.9363
2022-12-14,2022-12-19,121.9111
2022-12-15,2022-12-19,122.6533
2022-12-16,2022-12-19,122.7419
2022-12-19,2022-12-27,122.6367
2022-12-20,2022-12-27,122.2122
2022-12-21,2022-12-27,122.3811
2022-12-22,2022-12-27,122.3367
2022-12-23,2022-12-27,122.0889
2022-12-27,2023-01-03,121.8653
2022-12-28,2023-01-03,122.1301
2022-12-29,2023-01-03,121.7775
2022-12-30,2023-01-03,121.5147
2023-01-03,2023-01-09,122.1578
2023-01-04,2023-01-09,121.5901
2023-01-05,2023-01-09,122.1643
2023-01-06,2023-01-09,121.1711
2023-01-09,2023-01-17,120.2094
2023-01-10,2023-01-17,120.323
2023-01-11,2023-01-17,120.2437
2023-01-12,2023-01-17,119.5014
2023-01-13,2023-01-17,119.2232
2023-01-17,2023-01-23,119.3143
2023-01-18,2023-01-23,119.1686
2023-01-19,2023-01-23,119.677
2023-01-20,2023-01-23,119.4619
2023-01-23,2023-01-30,119.2856
2023-01-24,2023-01-30,119.237
2023-01-25,2023-01-30,119.1106
2023-01-26,2023-01-30,119.1674
2023-01-27,2023-01-30,119.0724
2023-01-30,2023-02-06,118.8786
2023-01-31,2023-02-06,118.9619
2023-02-01,2023-02-06,118.6101
2023-02-02,2023-02-06,118.3164
2023-02-03,2023-02-06,119.4642
2023-02-06,2023-02-13,120.461
2023-02-07,2023-02-13,120.2808
2023-02-08,2023-02-13,120.101
2023-02-09,2023-02-13,119.9425
2023-02-10,2023-02-13,120.1228
2023-02-13,2023-02-21,119.9952
2023-02-14,2023-02-21,119.9426
2023-02-15,2023-02-21,120.4772
2023-02-16,2023-02-21,120.4938
2023-02-17,2023-02-21,120.5898
2023-02-21,2023-02-27,120.6705
2023-02-22,2023-02-27,120.8904
2023-02-23,2023-02-27,121.1348
2023-02-24,2023-02-27,121.6304
2023-02-27,2023-03-06,121.4665
2023-02-28,2023-03-06,121.4065
2023-03-01,2023-03-06,120.6963
2023-03-02,2023-03-06,121.1967
2023-03-03,2023-03-06,120.8531
2023-03-06,2023-03-13,120.5949
2023-03-07,2023-03-13,121.5364
2023-03-08,2023-03-13,121.5306
2023-03-09,2023-03-13,121.5307
2023-03-10,2023-03-13,121.2924
2023-03-13,2023-03-20,120.8944
2023-03-14,2023-03-20,121.0358
2023-03-15,2023-03-20,122.0832
2023-03-16,2023-03-20,121.7344
2023-03-17,2023-03-20,121.5752
2023-03-20,2023-03-27,121.0546
2023-03-21,2023-03-27,120.9481
2023-03-22,2023-03-27,120.6877
2023-03-23,2023-03-27,119.809
2023-03-24,2023-03-27,120.503
2023-03-27,2023-04-03,120.3227
2023-03-28,2023-04-03,119.8059
2023-03-29,2023-04-03,119.8398
2023-03-30,2023-04-03,119.5304
2023-03-31,2023-04-03,119.4828
2023-04-03,2023-04-10,119.4623
2023-04-04,2023-04-10,119.2988
2023-04-05,2023-04-10,119.4385
2023-04-06,2023-04-10,119.4597
2023-04-07,2023-04-10,119.5033
2023-04-10,2023-04-17,119.9292
2023-04-11,2023-04-17,119.6822
2023-04-12,2023-04-17,119.1829
2023-04-13,2023-04-17,118.5922
2023-04-14,2023-04-17,119.0301
2023-04-17,2023-04-24,119.4406
2023-04-18,2023-04-24,119.2797
2023-04-19,2023-04-24,119.4828
2023-04-20,2023-04-24,119.2958
2023-04-21,2023-04-24,119.4921
2023-04-24,2023-05-01,119.3979
2023-04-25,2023-05-01,119.8047
2023-04-26,2023-05-01,119.5323
2023-04-27,2023-05-01,119.6293
2023-04-28,2023-05-01,119.4312
2023-05-01,2023-05-08,119.6311
2023-05-02,2023-05-08,119.8009
2023-05-03,2023-05-08,119.3301
2023-05-04,2023-05-08,119.2332
2023-05-05,2023-05-08,118.7707
2023-05-08,2023-05-15,118.7938
2023-05-09,2023-05-15,119.0325
2023-05-10,2023-05-15,118.8055
2023-05-11,2023-05-15,119.2363
2023-05-12,2023-05-15,119.568
2023-05-15,2023-05-22,119.3891
2023-05-16,2023-05-22,119.4266
2023-05-17,2023-05-22,119.8524
2023-05-18,2023-05-22,120.3327
2023-05-19,2023-05-22,120.0134
2023-05-22,2023-05-30,120.3282
2023-05-23,2023-05-30,120.558
2023-05-24,2023-05-30,120.7176
2023-05-25,2023-05-30,121.0812
2023-05-26,2023-05-30,120.8713
2023-05-30,2023-06-05,120.8136
2023-05-31,2023-06-05,121.2284
2023-06-01,2023-06-05,120.3486
2023-06-02,2023-06-05,120.2952
2023-06-05,2023-06-12,120.3057
2023-06-06,2023-06-12,120.2859
2023-06-07,2023-06-12,120.1906
2023-06-08,2023-06-12,119.9089
2023-06-09,2023-06-12,119.7892
2023-06-12,2023-06-20,120.0069
2023-06-13,2023-06-20,119.5948
2023-06-14,2023-06-20,119.1992
2023-06-15,2023-06-20,118.981
2023-06-16,2023-06-20,118.8586
2023-06-20,2023-06-26,119.3937
2023-06-21,2023-06-26,119.1943
2023-06-22,2023-06-26,119.2259
2023-06-23,2023-06-26,119.6068
2023-06-26,2023-07-03,119.5728
2023-06-27,2023-07-03,119.3992
2023-06-28,2023-07-03,119.8396
2023-06-29,2023-07-03,120.0324
2023-06-30,2023-07-03,119.8885
2023-07-03,2023-07-10,119.7385
2023-07-05,2023-07-10,119.873
2023-07-06,2023-07-10,120.325
2023-07-07,2023-07-10,119.6019
2023-07-10,2023-07-17,119.4908
2023-07-11,2023-07-17,119.2556
2023-07-12,2023-07-17,118.1838
2023-07-13,2023-07-17,117.7307
2023-07-14,2023-07-17,117.5952
2023-07-17,2023-07-24,117.6944
2023-07-18,2023-07-24,117.5985
2023-07-19,2023-07-24,117.9361
2023-07-20,2023-07-24,118.1357
2023-07-21,2023-07-24,118.4822
2023-07-24,2023-07-31,118.3569
2023-07-25,2023-07-31,118.3581
2023-07-26,2023-07-31,118.273
2023-07-27,2023-07-31,118.4167
2023-07-28,2023-07-31,118.311
2023-07-31,2023-08-07,118.3389
2023-08-01,2023-08-07,119.0768
2023-08-02,2023-08-07,119.6214
2023-08-03,2023-08-07,119.859
2023-08-04,2023-08-07,119.3321
2023-08-07,2023-08-14,119.5933
2023-08-08,2023-08-14,120.1516
2023-08-09,2023-08-14,119.9972
2023-08-10,2023-08-14,119.7033
2023-08-11,2023-08-14,120.1754
2023-08-14,2023-08-21,120.6118
2023-08-15,2023-08-21,120.7552
2023-08-16,2023-08-21,120.888
2023-08-17,2023-08-21,121.0475
2023-08-18,2023-08-21,120.9433
2023-08-21,2023-08-28,120.979
2023-08-22,2023-08-28,120.8849
2023-08-23,2023-08-28,120.5617
2023-08-24,2023-08-28,120.754
2023-08-25,2023-08-28,121.0314
2023-08-28,2023-09-05,120.8465
2023-08-29,2023-09-05,120.7971
2023-08-30,2023-09-05,120.3571
2023-08-31,2023-09-05,120.7427
2023-09-01,2023-09-05,121.2476
2023-09-05,2023-09-11,121.9307
2023-09-06,2023-09-11,122.3531
2023-09-07,2023-09-11,122.4381
2023-09-08,2023-09-11,122.4476
2023-09-11,2023-09-18,121.8185
2023-09-12,2023-09-18,121.7721
2023-09-13,2023-09-18,121.5454
2023-09-14,2023-09-18,121.7192
2023-09-15,2023-09-18,121.6815
2023-09-18,2023-09-25,121.6895
2023-09-19,2023-09-25,121.6672
2023-09-20,2023-09-25,121.4705
2023-09-21,2023-09-25,122.039
2023-09-22,2023-09-25,122.0164
2023-09-25,2023-10-02,122.5803
2023-09-26,2023-10-02,122.9224
2023-09-27,2023-10-02,123.4153
2023-09-28,2023-10-02,122.9827
2023-09-29,2023-10-02,122.7675
2023-10-02,2023-10-10,123.482
2023-10-03,2023-10-10,124.1715
2023-10-04,2023-10-10,123.9977
2023-10-05,2023-10-10,124.2799
2023-10-06,2023-10-10,123.776
2023-10-10,2023-10-16,123.3705
2023-10-11,2023-10-16,123.2255
2023-10-12,2023-10-16,123.6265
2023-10-13,2023-10-16,123.9889
2023-10-16,2023-10-23,123.7393
2023-10-17,2023-10-23,123.5584
2023-10-18,2023-10-23,124.211
2023-10-19,2023-10-23,124.1967
2023-10-20,2023-10-23,124.0137
2023-10-23,2023-10-30,123.7081
2023-10-24,2023-10-30,124.0275
2023-10-25,2023-10-30,124.17
2023-10-26,2023-10-30,124.3841
2023-10-27,2023-10-30,124.0232
2023-10-30,2023-11-06,123.8098
2023-10-31,2023-11-06,124.2261
2023-11-01,2023-11-06,124.1819
2023-11-02,2023-11-06,123.3192
2023-11-03,2023-11-06,122.2337
2023-11-06,2023-11-13,122.0962
2023-11-07,2023-11-13,122.51
2023-11-08,2023-11-13,122.5279
2023-11-09,2023-11-13,122.5677
2023-11-13,2023-11-20,122.8593
2023-11-14,2023-11-20,121.8173
2023-11-15,2023-11-20,121.5318
2023-11-16,2023-11-20,121.6194
2023-11-17,2023-11-20,121.2886
2023-11-20,2023-11-27,120.682
2023-11-21,2023-11-27,120.6244
2023-11-22,2023-11-27,121.083
2023-11-24,2023-11-27,120.6465
2023-11-27,2023-12-04,120.6074
2023-11-28,2023-12-04,120.0411
2023-11-29,2023-12-04,120.238
2023-11-30,2023-12-04,120.6511
2023-12-01,2023-12-04,120.3697
2023-12-04,2023-12-11,120.8737
2023-12-05,2023-12-11,121.1713
2023-12-06,2023-12-11,120.9488
2023-12-07,2023-12-11,120.998
2023-12-08,2023-12-11,121.1516
2023-12-11,2023-12-18,121.2212
2023-12-12,2023-12-18,120.9825
2023-12-13,2023-12-18,121.4667
2023-12-14,2023-12-18,119.8952
2023-12-15,2023-12-18,120.062
2023-12-18,2023-12-26,120.2386
2023-12-19,2023-12-26,119.8116
2023-12-20,2023-12-26,119.8872
2023-12-21,2023-12-26,119.6721
2023-12-22,2023-12-26,119.4214
2023-12-26,2024-01-02,119.2551
2023-12-27,2024-01-02,118.8525
2023-12-28,2024-01-02,118.762
2023-12-29,2024-01-02,118.7686
2024-01-02,2024-01-08,119.6165
2024-01-03,2024-01-08,120.0407
2024-01-04,2024-01-08,119.9775
2024-01-05,2024-01-08,119.7474
2024-01-08,2024-01-16,119.6237
2024-01-09,2024-01-16,120.0296
2024-01-10,2024-01-16,120.1258
2024-01-11,2024-01-16,120.2516
2024-01-12,2024-01-16,119.9009
2024-01-16,2024-01-22,120.9213
2024-01-17,2024-01-22,121.3823
2024-01-18,2024-01-22,121.2366
2024-01-19,2024-01-22,120.9947
2024-01-22,2024-01-29,120.9687
2024-01-23,2024-01-29,121.4244
2024-01-24,2024-01-29,120.8336
2024-01-25,2024-01-29,121.167
2024-01-26,2024-01-29,120.9665
2024-01-29,2024-02-05,121.1888
2024-01-30,2024-02-05,120.9442
2024-01-31,2024-02-05,120.7727
2024-02-01,2024-02-05,120.6832
2024-02-02,2024-02-05,121.2438
2024-02-05,2024-02-12,121.6831
2024-02-06,2024-02-12,121.3021
2024-02-07,2024-02-12,121.2518
2024-02-08,2024-02-12,121.4226
2024-02-09,2024-02-12,121.3851
2024-02-12,2024-02-20,121.2839
2024-02-13,2024-02-20,121.8558
2024-02-14,2024-02-20,121.7411
2024-02-15,2024-02-20,121.5567
2024-02-16,2024-02-20,121.4984
2024-02-20,2024-02-26,121.3769
2024-02-21,2024-02-26,121.3918
2024-02-22,2024-02-26,121.4589
2024-02-23,2024-02-26,121.3991
2024-02-26,2024-03-04,121.4197
2024-02-27,2024-03-04,121.3297
2024-02-28,2024-03-04,121.4886
2024-02-29,2024-03-04,121.5385
2024-03-01,2024-03-04,121.3741
2024-03-04,2024-03-11,121.2454
2024-03-05,2024-03-11,121.2575
2024-03-06,2024-03-11,120.8481
2024-03-07,2024-03-11,120.5744
2024-03-08,2024-03-11,120.3612
2024-03-11,2024-03-18,120.4205
2024-03-12,2024-03-18,120.5468
2024-03-13,2024-03-18,120.3533
2024-03-14,2024-03-18,120.6272
2024-03-15,2024-03-18,120.7884
2024-03-18,2024-03-25,120.9572
2024-03-19,2024-03-25,121.3111
2024-03-20,2024-03-25,121.3092
2024-03-21,2024-03-25,121.1869
2024-03-22,2024-03-25,121.5694
2024-03-25,2024-04-01,121.4143
2024-03-26,2024-04-01,121.4613
2024-03-27,2024-04-01,121.4048
2024-03-28,2024-04-01,121.4498
2024-03-29,2024-04-01,121.4062
2024-04-01,2024-04-08,121.8884
2024-04-02,2024-04-08,121.6881
2024-04-03,2024-04-08,121.4129
2024-04-04,2024-04-08,121.1646
2024-04-05,2024-04-08,121.3671
2024-04-08,2024-04-15,121.1487
2024-04-09,2024-04-15,121.1215
2024-04-10,2024-04-15,121.9628
2024-04-11,2024-04-15,122.003
2024-04-12,2024-04-15,122.6566
2024-04-15,2024-04-22,122.7932
2024-04-16,2024-04-22,123.4732
2024-04-17,2024-04-22,123.375
2024-04-18,2024-04-22,123.3481
2024-04-19,2024-04-22,123.4459
2024-04-22,2024-04-29,123.4011
2024-04-23,2024-04-29,123.0779
2024-04-24,2024-04-29,123.2398
2024-04-25,2024-04-29,123.1916
2024-04-26,2024-04-29,123.3004
2024-04-29,2024-05-06,122.9074
2024-04-30,2024-05-06,123.3446
2024-05-01,2024-05-06,123.3776
2024-05-02,2024-05-06,122.8047
2024-05-03,2024-05-06,122.5056
2024-05-06,2024-05-13,122.2529
2024-05-07,2024-05-13,122.4588
2024-05-08,2024-05-13,122.5562
2024-05-09,2024-05-13,122.5322
2024-05-10,2024-05-13,122.3898
2024-05-13,2024-05-20,122.4068
2024-05-14,2024-05-20,122.3094
2024-05-15,2024-05-20,121.7471
2024-05-16,2024-05-20,121.6189
2024-05-17,2024-05-20,121.638
2024-05-20,2024-05-28,121.6377
2024-05-21,2024-05-28,121.7864
2024-05-22,2024-05-28,121.9514
2024-05-23,2024-05-28,122.1493
2024-05-24,2024-05-28,122.0215
2024-05-28,2024-06-03,121.8382
2024-05-29,2024-06-03,122.5535
2024-05-30,2024-06-03,122.356
2024-05-31,2024-06-03,122.4845
2024-06-03,2024-06-10,122.7156
2024-06-04,2024-06-10,123.0715
2024-06-05,2024-06-10,122.9014
2024-06-06,2024-06-10,122.7416
2024-06-07,2024-06-10,123.8707
2024-06-10,2024-06-17,124.2232
2024-06-11,2024-06-17,124.345
2024-06-12,2024-06-17,124.1411
2024-06-13,2024-06-17,124.3287
2024-06-14,2024-06-17,124.4755
2024-06-17,2024-06-24,124.5427
2024-06-18,2024-06-24,124.2835
2024-06-20,2024-06-24,124.496
2024-06-21,2024-06-24,124.4247
2024-06-24,2024-07-01,124.0379
2024-06-25,2024-07-01,124.26
2024-06-26,2024-07-01,124.5696
2024-06-27,2024-07-01,124.6406
2024-06-28,2024-07-01,124.5172
2024-07-01,2024-07-08,124.7723
2024-07-02,2024-07-08,124.608
2024-07-03,2024-07-08,124.1096
2024-07-05,2024-07-08,123.8192
2024-07-08,2024-07-15,123.706
2024-07-09,2024-07-15,123.7559
2024-07-10,2024-07-15,123.5508
2024-07-11,2024-07-15,123.1267
2024-07-12,2024-07-15,122.8093
2024-07-15,2024-07-22,123.0059
2024-07-16,2024-07-22,123.1024
2024-07-17,2024-07-22,122.892
2024-07-18,2024-07-22,123.1548
2024-07-19,2024-07-22,123.5033
2024-07-22,2024-07-29,123.5735
2024-07-23,2024-07-29,123.7296
2024-07-24,2024-07-29,123.8784
2024-07-25,2024-07-29,123.8341
2024-07-26,2024-07-29,123.9862
2024-07-29,2024-08-05,124.4412
2024-07-30,2024-08-05,124.576
2024-07-31,2024-08-05,123.9223
2024-08-01,2024-08-05,124.1551
2024-08-02,2024-08-05,123.7169
2024-08-05,2024-08-12,123.7919
2024-08-06,2024-08-12,123.8794
2024-08-07,2024-08-12,123.8126
2024-08-08,2024-08-12,123.6961
2024-08-09,2024-08-12,123.1964
2024-08-12,2024-08-19,123.4942
2024-08-13,2024-08-19,123.2819
2024-08-14,2024-08-19,122.7057
2024-08-15,2024-08-19,122.8791
2024-08-16,2024-08-19,122.6944
2024-08-19,2024-08-26,122.1762
2024-08-20,2024-08-26,122.0677
2024-08-21,2024-08-26,122.1407
2024-08-22,2024-08-26,122.6371
2024-08-23,2024-08-26,121.7525
2024-08-26,2024-09-03,121.9678
2024-08-27,2024-09-03,122.1318
2024-08-28,2024-09-03,122.1586
2024-08-29,2024-09-03,122.4706
2024-08-30,2024-09-03,122.5582
2024-09-03,2024-09-09,123.0052
2024-09-04,2024-09-09,122.7434
2024-09-05,2024-09-09,122.6747
2024-09-06,2024-09-09,122.7145
2024-09-09,2024-09-16,122.9408
2024-09-10,2024-09-16,123.2266
2024-09-11,2024-09-16,123.0007
2024-09-12,2024-09-16,122.684
2024-09-13,2024-09-16,121.9128
2024-09-16,2024-09-23,121.7684
2024-09-17,2024-09-23,121.8724
2024-09-18,2024-09-23,121.8295
2024-09-19,2024-09-23,121.5773
2024-09-20,2024-09-23,121.6673
2024-09-23,2024-09-30,121.687
2024-09-24,2024-09-30,121.3868
2024-09-25,2024-09-30,121.6868
2024-09-26,2024-09-30,121.3274
2024-09-27,2024-09-30,121.356
2024-09-30,2024-10-07,121.5298
2024-10-01,2024-10-07,121.9152
2024-10-02,2024-10-07,121.8154
2024-10-03,2024-10-07,122.3469
2024-10-04,2024-10-07,122.4533
2024-10-07,2024-10-15,122.6545
2024-10-08,2024-10-15,122.9111
2024-10-09,2024-10-15,123.1373
2024-10-10,2024-10-15,123.3431
2024-10-11,2024-10-15,123.2275
2024-10-15,2024-10-21,123.773
2024-10-16,2024-10-21,124.1606
2024-10-17,2024-10-21,124.3466
2024-10-18,2024-10-21,124.1511
2024-10-21,2024-10-28,124.7004
2024-10-22,2024-10-28,124.6396
2024-10-23,2024-10-28,124.9181
2024-10-24,2024-10-28,124.743
2024-10-25,2024-10-28,124.8418
2024-10-28,2024-11-04,125.0385
2024-10-29,2024-11-04,125.0952
2024-10-30,2024-11-04,125.0444
2024-10-31,2024-11-04,125.0247
2024-11-01,2024-11-04,125.0403
2024-11-04,2024-11-12,124.8168
2024-11-05,2024-11-12,124.7803
2024-11-06,2024-11-12,125.9311
2024-11-07,2024-11-12,125.016
2024-11-08,2024-11-12,125.8066
2024-11-12,2024-11-18,126.987
2024-11-13,2024-11-18,127.1591
2024-11-14,2024-11-18,127.2123
2024-11-15,2024-11-18,127.1021
2024-11-18,2024-11-25,126.8336
2024-11-19,2024-11-25,126.6361
2024-11-20,2024-11-25,127.1023
2024-11-21,2024-11-25,127.3063
2024-11-22,2024-11-25,127.6683
2024-11-25,2024-12-02,127.211
2024-11-26,2024-12-02,127.6435
2024-11-27,2024-12-02,127.0601
2024-11-29,2024-12-02,126.8114
2024-12-02,2024-12-09,127.3499
2024-12-03,2024-12-09,127.1983
2024-12-04,2024-12-09,126.9956
2024-12-05,2024-12-09,126.6638
2024-12-06,2024-12-09,126.9271
2024-12-09,2024-12-16,126.8394
2024-12-10,2024-12-16,127.1884
2024-12-11,2024-12-16,127.095
2024-12-12,2024-12-16,127.2039
2024-12-13,2024-12-16,127.5569
2024-12-16,2024-12-23,127.5235
2024-12-17,2024-12-23,127.7565
2024-12-18,2024-12-23,127.8936
2024-12-19,2024-12-23,128.8598
2024-12-20,2024-12-23,128.1411
2024-12-23,2024-12-30,128.5356
2024-12-24,2024-12-30,128.5651
2024-12-26,2024-12-30,128.5679
2024-12-27,2024-12-30,128.6972
2024-12-30,2025-01-06,129.0474
2024-12-31,2025-01-06,129.488
2025-01-02,2025-01-06,129.6666
2025-01-03,2025-01-06,129.6721
2025-01-06,2025-01-13,128.7878
2025-01-07,2025-01-13,128.8574
2025-01-08,2025-01-13,129.3038
2025-01-09,2025-01-13,129.4927
2025-01-10,2025-01-13,130.0513
2025-01-13,2025-01-21,130.2142
2025-01-14,2025-01-21,129.5812
2025-01-15,2025-01-21,129.4107
2025-01-16,2025-01-21,129.6284
2025-01-17,2025-01-21,129.6771
2025-01-21,2025-01-27,128.61
2025-01-22,2025-01-27,128.5428
2025-01-23,2025-01-27,128.4336
2025-01-24,2025-01-27,127.6833
2025-01-27,2025-02-03,128.2856
2025-01-28,2025-02-03,128.471
2025-01-29,2025-02-03,128.5324
2025-01-30,2025-02-03,128.2958
2025-01-31,2025-02-03,128.6686
2025-02-03,2025-02-10,129.2815
2025-02-04,2025-02-10,128.2993
2025-02-05,2025-02-10,128.1725
2025-02-06,2025-02-10,128.3958
2025-02-07,2025-02-10,128.6144
2025-02-10,2025-02-18,128.8215
2025-02-11,2025-02-18,128.629
2025-02-12,2025-02-18,128.5321
2025-02-13,2025-02-18,128.0821
2025-02-14,2025-02-18,127.3505
2025-02-18,2025-02-24,127.501
2025-02-19,2025-02-24,127.9207
2025-02-20,2025-02-24,127.3057
2025-02-21,2025-02-24,127.3285
2025-02-24,2025-03-03,127.3749
2025-02-25,2025-03-03,127.5544
2025-02-26,2025-03-03,127.4762
2025-02-27,2025-03-03,128.1589
2025-02-28,2025-03-03,128.4646
2025-03-03,2025-03-10,127.9558
2025-03-04,2025-03-10,128.1864
2025-03-05,2025-03-10,126.7441
2025-03-06,2025-03-10,126.3526
2025-03-07,2025-03-10,126.2243
2025-03-10,2025-03-17,126.5199
2025-03-11,2025-03-17,126.2896
2025-03-12,2025-03-17,126.1251
2025-03-13,2025-03-17,126.2551
2025-03-14,2025-03-17,125.9538
2025-03-17,2025-03-24,125.6291
2025-03-18,2025-03-24,125.7402
2025-03-19,2025-03-24,126.0515
2025-03-20,2025-03-24,126.237
2025-03-21,2025-03-24,126.509
2025-03-24,2025-03-31,126.4403
2025-03-25,2025-03-31,126.3075
2025-03-26,2025-03-31,126.4839
2025-03-27,2025-03-31,126.6098
2025-03-28,2025-03-31,126.6599
2025-03-31,2025-04-07,126.9402
2025-04-01,2025-04-07,126.6783
2025-04-02,2025-04-07,126.6284
2025-04-03,2025-04-07,125.0254
2025-04-04,2025-04-07,126.0693
2025-04-07,2025-04-14,127.0629
2025-04-08,2025-04-14,127.1122
2025-04-09,2025-04-14,126.8819
2025-04-10,2025-04-14,125.3694
2025-04-11,2025-04-14,124.3156
2025-04-14,2025-04-21,123.9908
2025-04-15,2025-04-21,124.1129
2025-04-16,2025-04-21,123.6167
2025-04-17,2025-04-21,123.4733
2025-04-18,2025-04-21,123.3365
2025-04-21,2025-04-28,122.677
2025-04-22,2025-04-28,122.7879
2025-04-23,2025-04-28,123.375
2025-04-24,2025-04-28,123.285
2025-04-25,2025-04-28,123.2454
2025-04-28,2025-05-05,123.0856
2025-04-29,2025-05-05,122.9514
2025-04-30,2025-05-05,122.944
2025-05-01,2025-05-05,123.4811
2025-05-02,2025-05-05,122.859
2025-05-05,2025-05-12,122.6335
2025-05-06,2025-05-12,122.3907
2025-05-07,2025-05-12,122.4652
2025-05-08,2025-05-12,123.1019
2025-05-09,2025-05-12,122.879
2025-05-12,2025-05-19,123.7948
2025-05-13,2025-05-19,123.2905
2025-05-14,2025-05-19,123.0145
2025-05-15,2025-05-19,123.1492
2025-05-16,2025-05-19,123.3969
2025-05-19,2025-05-27,122.7649
2025-05-20,2025-05-27,122.673
2025-05-21,2025-05-27,122.1012
2025-05-22,2025-05-27,122.3865
2025-05-23,2025-05-27,121.7283
2025-05-27,2025-06-02,121.9634
2025-05-28,2025-06-02,122.3295
2025-05-29,2025-06-02,121.9108
2025-05-30,2025-06-02,122.1112
2025-06-02,2025-06-09,121.549
2025-06-03,2025-06-09,121.808
2025-06-04,2025-06-09,121.4093
2025-06-05,2025-06-09,121.3178
2025-06-06,2025-06-09,121.5217
2025-06-09,2025-06-16,121.2757
2025-06-10,2025-06-16,121.4134
2025-06-11,2025-06-16,120.9763
2025-06-12,2025-06-16,120.565
2025-06-13,2025-06-16,120.7131
2025-06-16,2025-06-23,120.5449
2025-06-17,2025-06-23,120.8862
2025-06-18,2025-06-23,121.1093
2025-06-20,2025-06-23,121.411
2025-06-23,2025-06-30,121.5412
2025-06-24,2025-06-30,120.7549
2025-06-25,2025-06-30,120.7333
2025-06-26,2025-06-30,120.0587
2025-06-27,2025-06-30,120.0786
2025-06-30,2025-07-07,119.8269
2025-07-01,2025-07-07,119.7678
2025-07-02,2025-07-07,119.7289
2025-07-03,2025-07-07,119.6678
2025-07-07,2025-07-14,120.0481
2025-07-08,2025-07-14,120.2589
2025-07-09,2025-07-14,120.1608
2025-07-10,2025-07-14,120.253
2025-07-11,2025-07-14,120.3354
2025-07-14,2025-07-21,120.6252
2025-07-15,2025-07-21,120.9095
2025-07-16,2025-07-21,120.8232
2025-07-17,2025-07-21,121.0417
2025-07-18,2025-07-21,120.7674
2025-07-21,2025-07-28,120.4157
2025-07-22,2025-07-28,120.1036
2025-07-23,2025-07-28,119.9888
2025-07-24,2025-07-28,119.9892
2025-07-25,2025-07-28,120.4082
2025-07-28,2025-08-04,121.0228
2025-07-29,2025-08-04,121.3652
2025-07-30,2025-08-04,121.7944
2025-07-31,2025-08-04,122.1088
2025-08-01,2025-08-04,121.6148
2025-08-04,2025-08-11,121.3757
2025-08-05,2025-08-11,121.3068
2025-08-06,2025-08-11,120.9198
2025-08-07,2025-08-11,120.9142
2025-08-08,2025-08-11,120.7562
2025-08-11,2025-08-18,121.1021
2025-08-12,2025-08-18,120.6964
2025-08-13,2025-08-18,120.5533
2025-08-14,2025-08-18,121.0518
2025-08-15,2025-08-18,120.7606
2025-08-18,2025-08-25,120.9792
2025-08-19,2025-08-25,121.137
2025-08-20,2025-08-25,121.1828
2025-08-21,2025-08-25,121.485
2025-08-22,2025-08-25,120.6974
2025-08-25,2025-09-02,120.8298
2025-08-26,2025-09-02,120.9304
2025-08-27,2025-09-02,121.1236
2025-08-28,2025-09-02,120.6537
2025-08-29,2025-09-02,120.6028
2025-09-02,2025-09-08,121.0716
2025-09-03,2025-09-08,120.9032
2025-09-04,2025-09-08,121.1565
2025-09-05,2025-09-08,120.5394
2025-09-08,2025-09-15,120.5152
2025-09-09,2025-09-15,120.5746
2025-09-10,2025-09-15,120.5447
2025-09-11,2025-09-15,120.381
2025-09-12,2025-09-15,120.4905
2025-09-15,2025-09-22,120.0042
2025-09-16,2025-09-22,119.586
2025-09-17,2025-09-22,119.6063
2025-09-18,2025-09-22,120.0986
2025-09-19,2025-09-22,120.2166
2025-09-22,2025-09-29,120.2461
2025-09-23,2025-09-29,120.0568
2025-09-24,2025-09-29,120.6024
2025-09-25,2025-09-29,120.9635
2025-09-26,2025-09-29,120.8615
2025-09-29,2025-10-06,120.5403
2025-09-30,2025-10-06,120.5624
2025-10-01,2025-10-06,120.5782
2025-10-02,2025-10-06,120.844
2025-10-03,2025-10-06,120.5163
2025-10-06,2025-10-14,120.7028
2025-10-07,2025-10-14,120.9097
2025-10-08,2025-10-14,121.1884
2025-10-09,2025-10-14,121.4965
2025-10-10,2025-10-14,121.5217
2025-10-14,2025-10-20,121.5815
2025-10-15,2025-10-20,121.2669
2025-10-16,2025-10-20,121.0834
2025-10-17,2025-10-20,121.1218
2025-10-20,2025-10-27,121.0394
2025-10-21,2025-10-27,121.302
2025-10-22,2025-10-27,121.3075
2025-10-23,2025-10-27,121.3633
2025-10-24,2025-10-27,121.342
2025-10-27,2025-11-03,121.2002
2025-10-28,2025-11-03,121.0349
2025-10-29,2025-11-03,120.929
2025-10-30,2025-11-03,121.665
2025-10-31,2025-11-03,121.7715
2025-11-03,2025-11-10,121.8422
2025-11-04,2025-11-10,122.2066
2025-11-05,2025-11-10,122.2295
2025-11-06,2025-11-10,122.0788
2025-11-07,2025-11-10,121.7835
2025-11-10,2025-11-17,121.6932
2025-11-12,2025-11-17,121.4459
2025-11-13,2025-11-17,121.1756
2025-11-14,2025-11-17,121.363
2025-11-17,2025-11-24,121.5131
2025-11-18,2025-11-24,121.6042
2025-11-19,2025-11-24,121.8845
2025-11-20,2025-11-24,122.0735
2025-11-21,2025-11-24,122.235
2025-11-24,2025-12-01,122.2833
2025-11-25,2025-12-01,122.0044
2025-11-26,2025-12-01,121.6225
2025-11-28,2025-12-01,121.4288
2025-12-01,2025-12-08,121.3615
2025-12-02,2025-12-08,121.5149
2025-12-03,2025-12-08,121.1131
2025-12-04,2025-12-08,121.0614
2025-12-05,2025-12-08,121.0615
2025-12-08,2025-12-15,121.1478
2025-12-09,2025-12-15,121.0601
2025-12-10,2025-12-15,121.0557
2025-12-11,2025-12-15,120.3821
2025-12-12,2025-12-15,120.5383
2025-12-15,2025-12-22,120.3501
2025-12-16,2025-12-22,120.283
2025-12-17,2025-12-22,120.5451
2025-12-18,2025-12-22,120.4409
2025-12-19,2025-12-22,120.5571
2025-12-22,2025-12-29,120.3816
2025-12-23,2025-12-29,120.098
2025-12-24,2025-12-29,119.8262
2025-12-26,2025-12-29,119.8529
2025-12-29,2026-01-05,119.9679
2025-12-30,2026-01-05,119.8754
2025-12-31,2026-01-05,120.1166
2026-01-02,2026-01-05,119.9876
2026-01-05,2026-01-12,120.0032
2026-01-06,2026-01-12,120.1587
2026-01-07,2026-01-12,120.2573
2026-01-08,2026-01-12,120.4604
2026-01-09,2026-01-12,120.5856
2026-01-12,2026-01-20,120.3658
2026-01-13,2026-01-20,120.5098
2026-01-14,2026-01-20,120.3239
2026-01-15,2026-01-20,120.3629
2026-01-16,2026-01-20,120.4478
2026-01-20,2026-01-26,119.8255
2026-01-21,2026-01-26,119.724
2026-01-22,2026-01-26,119.5823
2026-01-23,2026-01-26,119.2855
2026-01-26,2026-02-02,118.0525
2026-01-27,2026-02-02,117.4523
2026-01-28,2026-02-02,117.5117
2026-01-29,2026-02-02,117.4396
2026-01-30,2026-02-02,117.8996
2026-02-02,2026-02-09,118.3609
2026-02-03,2026-02-09,117.9764
2026-02-04,2026-02-09,118.2602
2026-02-05,2026-02-09,118.5034
2026-02-06,2026-02-09,118.2407
2026-02-09,2026-02-17,117.6392
2026-02-10,2026-02-17,117.5216
2026-02-11,2026-02-17,117.4601
2026-02-12,2026-02-17,117.5376
2026-02-13,2026-02-17,117.5258
2026-02-17,2026-02-23,117.7375
2026-02-18,2026-02-23,117.8426
2026-02-19,2026-02-23,118.2354
2026-02-20,2026-02-23,117.9917
2026-02-23,2026-03-02,117.9395
2026-02-24,2026-03-02,117.9463
2026-02-25,2026-03-02,117.769
2026-02-26,2026-03-02,117.9042
2026-02-27,2026-03-02,117.8223
2026-03-02,2026-03-09,118.667
2026-03-03,2026-03-09,119.4341
2026-03-04,2026-03-09,119.0705
2026-03-05,2026-03-09,119.5683
2026-03-06,2026-03-09,119.491
2026-03-09,2026-03-16,119.5151
2026-03-10,2026-03-16,118.7255
2026-03-11,2026-03-16,119.2885
2026-03-12,2026-03-16,119.8227
2026-03-13,2026-03-16,120.5518
2026-03-16,2026-03-23,120.097
2026-03-17,2026-03-23,119.8328
2026-03-18,2026-03-23,119.9276
2026-03-19,2026-03-23,120.1802
2026-03-20,2026-03-23,120.2757
2026-03-23,2026-03-30,119.9371
2026-03-24,2026-03-30,120.1295
2026-03-25,2026-03-30,120.1282
2026-03-26,2026-03-30,120.389
2026-03-27,2026-03-30,120.8851
2026-03-30,2026-04-06,121.2851
2026-03-31,2026-04-06,121.035
2026-04-01,2026-04-06,120.1198
2026-04-02,2026-04-06,120.503
2026-04-03,2026-04-06,120.6565
2026-04-06,2026-04-13,120.4302
2026-04-07,2026-04-13,120.32
2026-04-08,2026-04-13,119.0596
2026-04-09,2026-04-13,118.8998
2026-04-10,2026-04-13,118.8552
2026-04-13,2026-04-20,118.9916
2026-04-14,2026-04-20,118.3581
2026-04-15,2026-04-20,118.3623
2026-04-16,2026-04-20,118.3616
2026-04-17,2026-04-20,118.0795
2026-04-20,2026-04-27,118.2374
2026-04-21,2026-04-27,118.4331
2026-04-22,2026-04-27,118.6004
2026-04-23,2026-04-27,118.7155
2026-04-24,2026-04-27,118.7294
2026-04-27,2026-05-04,118.5458
2026-04-28,2026-05-04,118.7717
2026-04-29,2026-05-04,119.0975
2026-04-30,2026-05-04,118.671
2026-05-01,2026-05-04,118.3926
2026-05-04,2026-05-11,118.8264
2026-05-05,2026-05-11,118.6207
2026-05-06,2026-05-11,118.0982
2026-05-07,2026-05-11,118.0116
2026-05-08,2026-05-11,118.0392
2026-05-11,2026-05-18,118.0562
2026-05-12,2026-05-18,118.5238
2026-05-13,2026-05-18,118.4737
2026-05-14,2026-05-18,118.6696
2026-05-15,2026-05-18,119.2825
2026-05-18,2026-05-26,119.0574
2026-05-19,2026-05-26,119.451
2026-05-20,2026-05-26,119.1624
2026-05-21,2026-05-26,119.369
2026-05-22,2026-05-26,119.2868
2026-05-26,2026-06-01,119.1696
2026-05-27,2026-06-01,119.1829
2026-05-28,2026-06-01,119.0318
2026-05-29,2026-06-01,118.8783
2026-06-01,2026-06-08,119.1653
2026-06-02,2026-06-08,119.0359
2026-06-03,2026-06-08,119.3848
2026-06-04,2026-06-08,119.3615
2026-06-05,2026-06-08,120.0831
2026-06-08,2026-06-15,120.034
2026-06-09,2026-06-15,119.9617
2026-06-10,2026-06-15,119.9134
2026-06-11,2026-06-15,120.1174
2026-06-12,2026-06-15,119.5073
2026-06-15,2026-06-22,119.3158
2026-06-16,2026-06-22,119.256
2026-06-17,2026-06-22,119.3871
2026-06-18,2026-06-22,120.3958
2026-06-22,2026-06-29,120.5463
2026-06-23,2026-06-29,121.0552
2026-06-24,2026-06-29,121.412
2026-06-25,2026-06-29,121.0559
2026-06-26,2026-06-29,120.8866
2026-06-29,2026-07-06,120.9525
2026-06-30,2026-07-06,120.9248
2026-07-01,2026-07-06,121.1455
2026-07-02,2026-07-06,120.6902
2026-07-06,2026-07-13,120.835
2026-07-07,2026-07-13,120.8145
2026-07-08,2026-07-13,121.1307
2026-07-09,2026-07-13,120.753
2026-07-10,2026-07-13,120.5046
2026-07-13,2026-07-20,120.7413
2026-07-14,2026-07-20,120.4728
2026-07-15,2026-07-20,120.3088
2026-07-16,2026-07-20,120.331
2026-07-17,2026-07-20,120.5315
2026-07-20,2026-07-27,120.5401
2026-07-21,2026-07-27,120.5779
2026-07-22,2026-07-27,120.5736
2026-07-23,2026-07-27,120.9075
2026-07-24,2026-07-27,120.7105
2026-07-27,2026-08-03,120.7739
2026-07-28,2026-08-03,120.6247
2026-07-29,2026-08-03,120.7892
2026-07-30,2026-08-03,119.6753
2026-07-31,2026-08-03,119.7034
2026-08-03,2026-08-10,120.7739
2026-08-04,2026-08-10,119.5977
2026-08-05,2026-08-10,119.3881
2026-08-06,2026-08-10,119.5113
2026-08-07,2026-08-10,119.0649
2026-08-10,2026-08-17,119.1187
2026-08-11,2026-08-17,119.179
2026-08-12,2026-08-17,119.1179
2026-08-13,2026-08-17,119.1848
2026-08-14,2026-08-17,118.9028
2026-08-17,2026-08-24,118.814
2026-08-18,2026-08-24,118.9831
2026-08-19,2026-08-24,118.3328
2026-08-20,2026-08-24,118.2548
2026-08-21,2026-08-24,118.0628
