observation_date,available_date,usd_afe
2006-01-02,2019-02-04,100.0
2006-01-03,2019-02-04,98.9291
2006-01-04,2019-02-04,98.2956
2006-01-05,2019-02-04,98.5083
2006-01-06,2019-02-04,98.1391
2006-01-09,2019-02-04,98.5777
2006-01-10,2019-02-04,98.4204
2006-01-11,2019-02-04,97.9476
2006-01-12,2019-02-04,98.4615
2006-01-13,2019-02-04,98.1716
2006-01-16,2019-02-04,98.1716
2006-01-17,2019-02-04,98.5985
2006-01-18,2019-02-04,98.7488
2006-01-19,2019-02-04,98.4674
2006-01-20,2019-02-04,98.1444
2006-01-23,2019-02-04,97.3145
2006-01-24,2019-02-04,97.3429
2006-01-25,2019-02-04,97.4279
2006-01-26,2019-02-04,97.6621
2006-01-27,2019-02-04,98.0561
2006-01-30,2019-02-04,98.1931
2006-01-31,2019-02-04,97.7754
2006-02-01,2019-02-04,98.0398
2006-02-02,2019-02-04,98.1493
2006-02-03,2019-02-04,98.7206
2006-02-06,2019-02-04,98.9594
2006-02-07,2019-02-04,98.9245
2006-02-08,2019-02-04,99.301
2006-02-09,2019-02-04,98.9787
2006-02-10,2019-02-04,99.2041
2006-02-13,2019-02-04,99.2812
2006-02-14,2019-02-04,99.3399
2006-02-15,2019-02-04,99.3874
2006-02-16,2019-02-04,99.5438
2006-02-17,2019-02-04,99.3532
2006-02-20,2019-02-04,99.3532
2006-02-21,2019-02-04,99.1924
2006-02-22,2019-02-04,99.2464
2006-02-23,2019-02-04,99.001
2006-02-24,2019-02-04,99.1874
2006-02-27,2019-02-04,98.8806
2006-02-28,2019-02-04,98.4472
2006-03-01,2019-02-04,98.5871
2006-03-02,2019-02-04,98.0982
2006-03-03,2019-02-04,98.1399
2006-03-06,2019-02-04,98.5239
2006-03-07,2019-02-04,99.2168
2006-03-08,2019-02-04,99.4592
2006-03-09,2019-02-04,99.4911
2006-03-10,2019-02-04,99.8672
2006-03-13,2019-02-04,99.6756
2006-03-14,2019-02-04,98.873
2006-03-15,2019-02-04,98.8261
2006-03-16,2019-02-04,98.4002
2006-03-17,2019-02-04,98.2291
2006-03-20,2019-02-04,98.4999
2006-03-21,2019-02-04,99.0612
2006-03-22,2019-02-04,98.924
2006-03-23,2019-02-04,99.4998
2006-03-24,2019-02-04,99.3543
2006-03-27,2019-02-04,99.3034
2006-03-28,2019-02-04,99.194
2006-03-29,2019-02-04,99.6072
2006-03-30,2019-02-04,98.8889
2006-03-31,2019-02-04,99.0337
2006-04-03,2019-02-04,99.2566
2006-04-04,2019-02-04,98.5197
2006-04-05,2019-02-04,98.3871
2006-04-06,2019-02-04,98.3068
2006-04-07,2019-02-04,98.5961
2006-04-10,2019-02-04,98.7083
2006-04-11,2019-02-04,98.5092
2006-04-12,2019-02-04,98.5846
2006-04-13,2019-02-04,98.667
2006-04-14,2019-02-04,98.7102
2006-04-17,2019-02-04,97.753
2006-04-18,2019-02-04,97.6236
2006-04-19,2019-02-04,97.1364
2006-04-20,2019-02-04,97.3281
2006-04-21,2019-02-04,97.1424
2006-04-24,2019-02-04,96.7636
2006-04-25,2019-02-04,96.4579
2006-04-26,2019-02-04,96.1347
2006-04-27,2019-02-04,95.6843
2006-04-28,2019-02-04,95.1252
2006-05-01,2019-02-04,94.8181
2006-05-02,2019-02-04,94.5099
2006-05-03,2019-02-04,94.5014
2006-05-04,2019-02-04,94.3332
2006-05-05,2019-02-04,94.0241
2006-05-08,2019-02-04,94.0694
2006-05-09,2019-02-04,93.658
2006-05-10,2019-02-04,93.3489
2006-05-11,2019-02-04,93.0014
2006-05-12,2019-02-04,93.1723
2006-05-15,2019-02-04,93.5351
2006-05-16,2019-02-04,93.4663
2006-05-17,2019-02-04,93.8221
2006-05-18,2019-02-04,93.868
2006-05-19,2019-02-04,94.2674
2006-05-22,2019-02-04,93.8153
2006-05-23,2019-02-04,93.7617
2006-05-24,2019-02-04,94.4567
2006-05-25,2019-02-04,93.7874
2006-05-26,2019-02-04,94.0768
2006-05-29,2019-02-04,94.0768
2006-05-30,2019-02-04,93.2868
2006-05-31,2019-02-04,93.5647
2006-06-01,2019-02-04,93.5878
2006-06-02,2019-02-04,93.1454
2006-06-05,2019-02-04,93.0686
2006-06-06,2019-02-04,94.1422
2006-06-07,2019-02-04,94.1605
2006-06-08,2019-02-04,95.111
2006-06-09,2019-02-04,94.6185
2006-06-12,2019-02-04,94.5674
2006-06-13,2019-02-04,95.0116
2006-06-14,2019-02-04,94.89
2006-06-15,2019-02-04,95.1271
2006-06-16,2019-02-04,95.253
2006-06-19,2019-02-04,95.4923
2006-06-20,2019-02-04,95.2795
2006-06-21,2019-02-04,94.5975
2006-06-22,2019-02-04,95.4644
2006-06-23,2019-02-04,95.9298
2006-06-26,2019-02-04,95.8674
2006-06-27,2019-02-04,95.6319
2006-06-28,2019-02-04,95.9601
2006-06-29,2019-02-04,95.7082
2006-06-30,2019-02-04,94.5221
2006-07-03,2019-02-04,94.475
2006-07-04,2019-02-04,94.475
2006-07-05,2019-02-04,94.8163
2006-07-06,2019-02-04,94.6316
2006-07-07,2019-02-04,94.237
2006-07-10,2019-02-04,94.8137
2006-07-11,2019-02-04,95.0653
2006-07-12,2019-02-04,95.4585
2006-07-13,2019-02-04,95.4208
2006-07-14,2019-02-04,95.5272
2006-07-17,2019-02-04,96.1976
2006-07-18,2019-02-04,96.3476
2006-07-19,2019-02-04,96.1124
2006-07-20,2019-02-04,95.7534
2006-07-21,2019-02-04,95.5835
2006-07-24,2019-02-04,95.9551
2006-07-25,2019-02-04,96.2518
2006-07-26,2019-02-04,95.8769
2006-07-27,2019-02-04,95.2165
2006-07-28,2019-02-04,94.911
2006-07-31,2019-02-04,94.8309
2006-08-01,2019-02-04,94.8699
2006-08-02,2019-02-04,94.5641
2006-08-03,2019-02-04,94.7101
2006-08-04,2019-02-04,94.1131
2006-08-07,2019-02-04,94.0319
2006-08-08,2019-02-04,94.2127
2006-08-09,2019-02-04,94.0567
2006-08-10,2019-02-04,94.7549
2006-08-11,2019-02-04,94.6689
2006-08-14,2019-02-04,94.9205
2006-08-15,2019-02-04,94.6199
2006-08-16,2019-02-04,94.1422
2006-08-17,2019-02-04,94.1408
2006-08-18,2019-02-04,94.6516
2006-08-21,2019-02-04,94.122
2006-08-22,2019-02-04,94.4962
2006-08-23,2019-02-04,94.3271
2006-08-24,2019-02-04,94.4641
2006-08-25,2019-02-04,94.5046
2006-08-28,2019-02-04,94.504
2006-08-29,2019-02-04,94.5059
2006-08-30,2019-02-04,94.2564
2006-08-31,2019-02-04,94.3101
2006-09-01,2019-02-04,94.1406
2006-09-04,2019-02-04,94.1406
2006-09-05,2019-02-04,94.2593
2006-09-06,2019-02-04,94.3293
2006-09-07,2019-02-04,94.5334
2006-09-08,2019-02-04,95.1751
2006-09-11,2019-02-04,95.2766
2006-09-12,2019-02-04,95.1767
2006-09-13,2019-02-04,95.0937
2006-09-14,2019-02-04,94.8606
2006-09-15,2019-02-04,95.2998
2006-09-18,2019-02-04,95.2019
2006-09-19,2019-02-04,95.2462
2006-09-20,2019-02-04,95.2421
2006-09-21,2019-02-04,94.862
2006-09-22,2019-02-04,94.5206
2006-09-25,2019-02-04,94.641
2006-09-26,2019-02-04,94.9189
2006-09-27,2019-02-04,94.9638
2006-09-28,2019-02-04,94.9621
2006-09-29,2019-02-04,95.1628
2006-10-02,2019-02-04,94.884
2006-10-03,2019-02-04,95.1191
2006-10-04,2019-02-04,95.4944
2006-10-05,2019-02-04,95.4313
2006-10-06,2019-02-04,95.8504
2006-10-09,2019-02-04,95.8504
2006-10-10,2019-02-04,96.3794
2006-10-11,2019-02-04,96.4355
2006-10-12,2019-02-04,96.455
2006-10-13,2019-02-04,96.6324
2006-10-16,2019-02-04,96.5118
2006-10-17,2019-02-04,96.2046
2006-10-18,2019-02-04,96.4345
2006-10-19,2019-02-04,95.9035
2006-10-20,2019-02-04,95.646
2006-10-23,2019-02-04,96.0788
2006-10-24,2019-02-04,95.9583
2006-10-25,2019-02-04,95.7929
2006-10-26,2019-02-04,95.4543
2006-10-27,2019-02-04,94.8976
2006-10-30,2019-02-04,94.9916
2006-10-31,2019-02-04,94.6902
2006-11-01,2019-02-04,94.9526
2006-11-02,2019-02-04,95.0823
2006-11-03,2019-02-04,95.2781
2006-11-06,2019-02-04,95.3204
2006-11-07,2019-02-04,94.8087
2006-11-08,2019-02-04,94.9682
2006-11-09,2019-02-04,94.8569
2006-11-10,2019-02-04,94.7414
2006-11-13,2019-02-04,95.232
2006-11-14,2019-02-04,95.2477
2006-11-15,2019-02-04,95.3378
2006-11-16,2019-02-04,95.3526
2006-11-17,2019-02-04,95.3965
2006-11-20,2019-02-04,95.511
2006-11-21,2019-02-04,95.4441
2006-11-22,2019-02-04,94.6867
2006-11-23,2019-02-04,94.6867
2006-11-24,2019-02-04,93.886
2006-11-27,2019-02-04,93.7342
2006-11-28,2019-02-04,93.5105
2006-11-29,2019-02-04,93.6957
2006-11-30,2019-02-04,93.3139
2006-12-01,2019-02-04,93.1689
2006-12-04,2019-02-04,93.1821
2006-12-05,2019-02-04,93.0502
2006-12-06,2019-02-04,93.2846
2006-12-07,2019-02-04,93.3804
2006-12-08,2019-02-04,93.8395
2006-12-11,2019-02-04,93.8696
2006-12-12,2019-02-04,93.9915
2006-12-13,2019-02-04,94.0696
2006-12-14,2019-02-04,94.2835
2006-12-15,2019-02-04,94.613
2006-12-18,2019-02-04,94.759
2006-12-19,2019-02-04,94.2404
2006-12-20,2019-02-04,94.1396
2006-12-21,2019-02-04,94.2989
2006-12-22,2019-02-04,94.6366
2006-12-25,2019-02-04,94.6366
2006-12-26,2019-02-04,94.7001
2006-12-27,2019-02-04,94.7468
2006-12-28,2019-02-04,94.6091
2006-12-29,2019-02-04,94.6728
2007-01-01,2019-02-04,94.6728
2007-01-02,2019-02-04,94.2867
2007-01-03,2019-02-04,94.9916
2007-01-04,2019-02-04,95.3937
2007-01-05,2019-02-04,95.6396
2007-01-08,2019-02-04,95.5764
2007-01-09,2019-02-04,95.7949
2007-01-10,2019-02-04,95.9748
2007-01-11,2019-02-04,96.0986
2007-01-12,2019-02-04,95.7983
2007-01-15,2019-02-04,95.7983
2007-01-16,2019-02-04,95.9421
2007-01-17,2019-02-04,95.7464
2007-01-18,2019-02-04,95.9055
2007-01-19,2019-02-04,95.7147
2007-01-22,2019-02-04,95.8741
2007-01-23,2019-02-04,95.7585
2007-01-24,2019-02-04,95.9981
2007-01-25,2019-02-04,95.8567
2007-01-26,2019-02-04,96.2562
2007-01-29,2019-02-04,96.2243
2007-01-30,2019-02-04,96.1768
2007-01-31,2019-02-04,95.9068
2007-02-01,2019-02-04,95.6553
2007-02-02,2019-02-04,96.1014
2007-02-05,2019-02-04,96.0736
2007-02-06,2019-02-04,95.9193
2007-02-07,2019-02-04,95.8869
2007-02-08,2019-02-04,95.9827
2007-02-09,2019-02-04,95.8648
2007-02-12,2019-02-04,96.0764
2007-02-13,2019-02-04,95.6863
2007-02-14,2019-02-04,95.1536
2007-02-15,2019-02-04,94.9667
2007-02-16,2019-02-04,94.94
2007-02-19,2019-02-04,94.94
2007-02-20,2019-02-04,95.1942
2007-02-21,2019-02-04,95.1003
2007-02-22,2019-02-04,95.1083
2007-02-23,2019-02-04,94.8693
2007-02-26,2019-02-04,94.8792
2007-02-27,2019-02-04,94.4506
2007-02-28,2019-02-04,94.6462
2007-03-01,2019-02-04,94.767
2007-03-02,2019-02-04,94.8213
2007-03-05,2019-02-04,95.2691
2007-03-06,2019-02-04,95.1378
2007-03-07,2019-02-04,95.0484
2007-03-08,2019-02-04,95.2924
2007-03-09,2019-02-04,95.1744
2007-03-12,2019-02-04,94.8407
2007-03-13,2019-02-04,94.699
2007-03-14,2019-02-04,94.7026
2007-03-15,2019-02-04,94.737
2007-03-16,2019-02-04,94.4146
2007-03-19,2019-02-04,94.5455
2007-03-20,2019-02-04,94.1786
2007-03-21,2019-02-04,94.0446
2007-03-22,2019-02-04,93.8243
2007-03-23,2019-02-04,94.0827
2007-03-26,2019-02-04,94.0196
2007-03-27,2019-02-04,93.8657
2007-03-28,2019-02-04,93.8454
2007-03-29,2019-02-04,93.9271
2007-03-30,2019-02-04,93.6401
2007-04-02,2019-02-04,93.6612
2007-04-03,2019-02-04,93.8935
2007-04-04,2019-02-04,93.8956
2007-04-05,2019-02-04,93.5432
2007-04-06,2019-02-04,93.795
2007-04-09,2019-02-04,93.8879
2007-04-10,2019-02-04,93.4721
2007-04-11,2019-02-04,93.3982
2007-04-12,2019-02-04,93.0
2007-04-13,2019-02-04,92.9508
2007-04-16,2019-02-04,92.697
2007-04-17,2019-02-04,92.4066
2007-04-18,2019-02-04,92.305
2007-04-19,2019-02-04,92.2355
2007-04-20,2019-02-04,92.1398
2007-04-23,2019-02-04,92.1696
2007-04-24,2019-02-04,92.0754
2007-04-25,2019-02-04,91.7849
2007-04-26,2019-02-04,92.2796
2007-04-27,2019-02-04,92.0116
2007-04-30,2019-02-04,91.6709
2007-05-01,2019-02-04,91.942
2007-05-02,2019-02-04,92.0248
2007-05-03,2019-02-04,92.1101
2007-05-04,2019-02-04,92.0175
2007-05-07,2019-02-04,91.7785
2007-05-08,2019-02-04,92.0808
2007-05-09,2019-02-04,92.0349
2007-05-10,2019-02-04,92.2823
2007-05-11,2019-02-04,92.4169
2007-05-14,2019-02-04,92.2005
2007-05-15,2019-02-04,91.741
2007-05-16,2019-02-04,92.2351
2007-05-17,2019-02-04,92.2646
2007-05-18,2019-02-04,91.9334
2007-05-21,2019-02-04,92.0977
2007-05-22,2019-02-04,92.0215
2007-05-23,2019-02-04,91.808
2007-05-24,2019-02-04,92.0301
2007-05-25,2019-02-04,91.8802
2007-05-28,2019-02-04,91.8802
2007-05-29,2019-02-04,91.6163
2007-05-30,2019-02-04,91.8748
2007-05-31,2019-02-04,91.6385
2007-06-01,2019-02-04,91.4341
2007-06-04,2019-02-04,91.1284
2007-06-05,2019-02-04,91.0511
2007-06-06,2019-02-04,91.0395
2007-06-07,2019-02-04,91.2889
2007-06-08,2019-02-04,91.697
2007-06-11,2019-02-04,91.6882
2007-06-12,2019-02-04,91.8145
2007-06-13,2019-02-04,92.072
2007-06-14,2019-02-04,92.1784
2007-06-15,2019-02-04,92.0349
2007-06-18,2019-02-04,92.0382
2007-06-19,2019-02-04,91.6969
2007-06-20,2019-02-04,91.6641
2007-06-21,2019-02-04,91.9735
2007-06-22,2019-02-04,91.7293
2007-06-25,2019-02-04,91.7759
2007-06-26,2019-02-04,91.6196
2007-06-27,2019-02-04,91.7053
2007-06-28,2019-02-04,91.3753
2007-06-29,2019-02-04,91.2705
2007-07-02,2019-02-04,90.5618
2007-07-03,2019-02-04,90.7239
2007-07-04,2019-02-04,90.7239
2007-07-05,2019-02-04,90.7755
2007-07-06,2019-02-04,90.4953
2007-07-09,2019-02-04,90.4806
2007-07-10,2019-02-04,90.1785
2007-07-11,2019-02-04,90.1291
2007-07-12,2019-02-04,89.882
2007-07-13,2019-02-04,89.7786
2007-07-16,2019-02-04,89.6266
2007-07-17,2019-02-04,89.6624
2007-07-18,2019-02-04,89.4869
2007-07-19,2019-02-04,89.5
2007-07-20,2019-02-04,89.3506
2007-07-23,2019-02-04,89.4278
2007-07-24,2019-02-04,89.0949
2007-07-25,2019-02-04,89.5565
2007-07-26,2019-02-04,89.609
2007-07-27,2019-02-04,90.1212
2007-07-30,2019-02-04,90.3154
2007-07-31,2019-02-04,90.1558
2007-08-01,2019-02-04,89.9747
2007-08-02,2019-02-04,89.8952
2007-08-03,2019-02-04,89.5046
2007-08-06,2019-02-04,89.464
2007-08-07,2019-02-04,89.7963
2007-08-08,2019-02-04,89.5424
2007-08-09,2019-02-04,89.9359
2007-08-10,2019-02-04,89.8669
2007-08-13,2019-02-04,90.0684
2007-08-14,2019-02-04,90.5725
2007-08-15,2019-02-04,91.1085
2007-08-16,2019-02-04,91.0983
2007-08-17,2019-02-04,90.4798
2007-08-20,2019-02-04,90.4443
2007-08-21,2019-02-04,90.4637
2007-08-22,2019-02-04,90.3948
2007-08-23,2019-02-04,90.2044
2007-08-24,2019-02-04,89.8518
2007-08-27,2019-02-04,89.7915
2007-08-28,2019-02-04,90.0055
2007-08-29,2019-02-04,89.8605
2007-08-30,2019-02-04,89.9149
2007-08-31,2019-02-04,89.9303
2007-09-03,2019-02-04,89.9303
2007-09-04,2019-02-04,89.8873
2007-09-05,2019-02-04,89.58
2007-09-06,2019-02-04,89.577
2007-09-07,2019-02-04,89.1802
2007-09-10,2019-02-04,89.0719
2007-09-11,2019-02-04,88.7223
2007-09-12,2019-02-04,88.4067
2007-09-13,2019-02-04,88.4725
2007-09-14,2019-02-04,88.5724
2007-09-17,2019-02-04,88.6259
2007-09-18,2019-02-04,88.4671
2007-09-19,2019-02-04,88.0251
2007-09-20,2019-02-04,86.9579
2007-09-21,2019-02-04,87.1156
2007-09-24,2019-02-04,87.0124
2007-09-25,2019-02-04,86.8608
2007-09-26,2019-02-04,87.1118
2007-09-27,2019-02-04,87.0198
2007-09-28,2019-02-04,86.4429
2007-10-01,2019-02-04,86.4016
2007-10-02,2019-02-04,86.7923
2007-10-03,2019-02-04,86.8628
2007-10-04,2019-02-04,86.896
2007-10-05,2019-02-04,86.3514
2007-10-08,2019-02-04,86.3514
2007-10-09,2019-02-04,86.666
2007-10-10,2019-02-04,86.3884
2007-10-11,2019-02-04,86.121
2007-10-12,2019-02-04,86.2229
2007-10-15,2019-02-04,86.1158
2007-10-16,2019-02-04,86.2973
2007-10-17,2019-02-04,86.0352
2007-10-18,2019-02-04,85.675
2007-10-19,2019-02-04,85.4057
2007-10-22,2019-02-04,86.2002
2007-10-23,2019-02-04,85.4833
2007-10-24,2019-02-04,85.5256
2007-10-25,2019-02-04,85.2752
2007-10-26,2019-02-04,84.8682
2007-10-29,2019-02-04,84.6624
2007-10-30,2019-02-04,84.5549
2007-10-31,2019-02-04,84.3443
2007-11-01,2019-02-04,84.3809
2007-11-02,2019-02-04,83.8683
2007-11-05,2019-02-04,83.8095
2007-11-06,2019-02-04,83.2934
2007-11-07,2019-02-04,82.578
2007-11-08,2019-02-04,82.8286
2007-11-09,2019-02-04,83.0239
2007-11-12,2019-02-04,83.0239
2007-11-13,2019-02-04,83.9506
2007-11-14,2019-02-04,83.8595
2007-11-15,2019-02-04,84.4686
2007-11-16,2019-02-04,84.253
2007-11-19,2019-02-04,84.4527
2007-11-20,2019-02-04,84.1085
2007-11-21,2019-02-04,84.0336
2007-11-22,2019-02-04,84.0336
2007-11-23,2019-02-04,83.9711
2007-11-26,2019-02-04,83.7994
2007-11-27,2019-02-04,84.2332
2007-11-28,2019-02-04,84.4106
2007-11-29,2019-02-04,84.4037
2007-11-30,2019-02-04,84.9624
2007-12-03,2019-02-04,84.9081
2007-12-04,2019-02-04,84.9246
2007-12-05,2019-02-04,85.4673
2007-12-06,2019-02-04,85.5454
2007-12-07,2019-02-04,85.3524
2007-12-10,2019-02-04,85.2899
2007-12-11,2019-02-04,85.3832
2007-12-12,2019-02-04,85.412
2007-12-13,2019-02-04,86.0244
2007-12-14,2019-02-04,86.4118
2007-12-17,2019-02-04,86.3897
2007-12-18,2019-02-04,86.4463
2007-12-19,2019-02-04,86.5552
2007-12-20,2019-02-04,86.3257
2007-12-21,2019-02-04,86.2866
2007-12-24,2019-02-04,86.057
2007-12-25,2019-02-04,86.057
2007-12-26,2019-02-04,85.6614
2007-12-27,2019-02-04,85.299
2007-12-28,2019-02-04,84.8247
2007-12-31,2019-02-04,85.242
2008-01-01,2019-02-04,85.242
2008-01-02,2019-02-04,84.7926
2008-01-03,2019-02-04,84.7594
2008-01-04,2019-02-04,84.7211
2008-01-07,2019-02-04,85.2558
2008-01-08,2019-02-04,84.9859
2008-01-09,2019-02-04,85.4628
2008-01-10,2019-02-04,85.3868
2008-01-11,2019-02-04,85.3768
2008-01-14,2019-02-04,85.0725
2008-01-15,2019-02-04,84.8934
2008-01-16,2019-02-04,85.5991
2008-01-17,2019-02-04,85.5347
2008-01-18,2019-02-04,85.8084
2008-01-21,2019-02-04,85.8084
2008-01-22,2019-02-04,85.6963
2008-01-23,2019-02-04,85.7181
2008-01-24,2019-02-04,84.8087
2008-01-25,2019-02-04,84.9444
2008-01-28,2019-02-04,84.5524
2008-01-29,2019-02-04,84.4812
2008-01-30,2019-02-04,84.3407
2008-01-31,2019-02-04,84.3286
2008-02-01,2019-02-04,84.119
2008-02-04,2019-02-04,84.1361
2008-02-05,2019-02-04,85.0125
2008-02-06,2019-02-04,84.921
2008-02-07,2019-02-04,85.6251
2008-02-08,2019-02-04,85.311
2008-02-11,2019-02-04,85.2629
2008-02-12,2019-02-04,84.9372
2008-02-13,2019-02-04,85.1939
2008-02-14,2019-02-04,84.8693
2008-02-15,2019-02-04,84.884
2008-02-18,2019-02-04,84.884
2008-02-19,2019-02-04,85.1204
2008-02-20,2019-02-04,85.5075
2008-02-21,2019-02-04,84.7296
2008-02-22,2019-02-04,84.7799
2008-02-25,2019-02-04,84.43
2008-02-26,2019-02-04,83.8977
2008-02-27,2019-02-04,82.8498
2008-02-28,2019-02-04,82.5129
2008-02-29,2019-02-04,82.5253
2008-03-03,2019-02-04,82.6172
2008-03-04,2019-02-04,82.7275
2008-03-05,2019-02-04,82.5286
2008-03-06,2019-02-04,82.0692
2008-03-07,2019-02-04,82.2212
2008-03-10,2019-02-04,82.1881
2008-03-11,2019-02-04,82.4034
2008-03-12,2019-02-04,81.7564
2008-03-13,2019-02-04,81.1439
2008-03-14,2019-02-04,81.1316
2008-03-17,2019-02-04,80.8129
2008-03-18,2019-02-04,80.7384
2008-03-19,2019-02-04,81.5651
2008-03-20,2019-02-04,82.6531
2008-03-21,2019-02-04,82.5777
2008-03-24,2019-02-04,82.7809
2008-03-25,2019-02-04,82.0996
2008-03-26,2019-02-04,81.6111
2008-03-27,2019-02-04,81.4995
2008-03-28,2019-02-04,81.749
2008-03-31,2019-02-04,81.9228
2008-04-01,2019-02-04,82.612
2008-04-02,2019-02-04,82.4537
2008-04-03,2019-02-04,81.9691
2008-04-04,2019-02-04,81.7923
2008-04-07,2019-02-04,82.0404
2008-04-08,2019-02-04,82.2287
2008-04-09,2019-02-04,82.0029
2008-04-10,2019-02-04,82.0643
2008-04-11,2019-02-04,82.0024
2008-04-14,2019-02-04,81.8454
2008-04-15,2019-02-04,81.98
2008-04-16,2019-02-04,81.1414
2008-04-17,2019-02-04,81.5088
2008-04-18,2019-02-04,82.1299
2008-04-21,2019-02-04,81.6768
2008-04-22,2019-02-04,81.1426
2008-04-23,2019-02-04,81.9851
2008-04-24,2019-02-04,82.4572
2008-04-25,2019-02-04,82.5647
2008-04-28,2019-02-04,82.4927
2008-04-29,2019-02-04,82.4825
2008-04-30,2019-02-04,82.5534
2008-05-01,2019-02-04,83.0406
2008-05-02,2019-02-04,83.2465
2008-05-05,2019-02-04,82.9643
2008-05-06,2019-02-04,82.5022
2008-05-07,2019-02-04,83.0427
2008-05-08,2019-02-04,83.0977
2008-05-09,2019-02-04,82.7042
2008-05-12,2019-02-04,82.4916
2008-05-13,2019-02-04,82.5996
2008-05-14,2019-02-04,82.8768
2008-05-15,2019-02-04,82.6673
2008-05-16,2019-02-04,82.2094
2008-05-19,2019-02-04,82.3792
2008-05-20,2019-02-04,81.8467
2008-05-21,2019-02-04,81.368
2008-05-22,2019-02-04,81.6089
2008-05-23,2019-02-04,81.3618
2008-05-26,2019-02-04,81.3618
2008-05-27,2019-02-04,81.724
2008-05-28,2019-02-04,81.9599
2008-05-29,2019-02-04,82.2059
2008-05-30,2019-02-04,82.2763
2008-06-02,2019-02-04,82.4135
2008-06-03,2019-02-04,82.8268
2008-06-04,2019-02-04,83.0592
2008-06-05,2019-02-04,83.0838
2008-06-06,2019-02-04,82.5335
2008-06-09,2019-02-04,82.7247
2008-06-10,2019-02-04,83.5515
2008-06-11,2019-02-04,83.0676
2008-06-12,2019-02-04,83.7941
2008-06-13,2019-02-04,84.0116
2008-06-16,2019-02-04,83.5614
2008-06-17,2019-02-04,83.4637
2008-06-18,2019-02-04,83.4448
2008-06-19,2019-02-04,83.2193
2008-06-20,2019-02-04,82.9771
2008-06-23,2019-02-04,83.3707
2008-06-24,2019-02-04,83.0069
2008-06-25,2019-02-04,83.1396
2008-06-26,2019-02-04,82.5208
2008-06-27,2019-02-04,82.3271
2008-06-30,2019-02-04,82.5125
2008-07-01,2019-02-04,82.4779
2008-07-02,2019-02-04,82.057
2008-07-03,2019-02-04,82.7475
2008-07-04,2019-02-04,82.7475
2008-07-07,2019-02-04,82.9697
2008-07-08,2019-02-04,83.0201
2008-07-09,2019-02-04,82.4957
2008-07-10,2019-02-04,82.4236
2008-07-11,2019-02-04,81.9584
2008-07-14,2019-02-04,81.8217
2008-07-15,2019-02-04,81.447
2008-07-16,2019-02-04,81.6365
2008-07-17,2019-02-04,81.7279
2008-07-18,2019-02-04,81.9612
2008-07-21,2019-02-04,81.8303
2008-07-22,2019-02-04,82.2108
2008-07-23,2019-02-04,82.4945
2008-07-24,2019-02-04,82.759
2008-07-25,2019-02-04,82.845
2008-07-28,2019-02-04,82.768
2008-07-29,2019-02-04,83.377
2008-07-30,2019-02-04,83.4006
2008-07-31,2019-02-04,83.3946
2008-08-01,2019-02-04,83.4086
2008-08-04,2019-02-04,83.8091
2008-08-05,2019-02-04,84.2689
2008-08-06,2019-02-04,84.6923
2008-08-07,2019-02-04,84.957
2008-08-08,2019-02-04,86.2831
2008-08-11,2019-02-04,86.5066
2008-08-12,2019-02-04,86.6192
2008-08-13,2019-02-04,86.7341
2008-08-14,2019-02-04,86.8351
2008-08-15,2019-02-04,87.2954
2008-08-18,2019-02-04,87.1343
2008-08-19,2019-02-04,87.0697
2008-08-20,2019-02-04,87.3052
2008-08-21,2019-02-04,86.1526
2008-08-22,2019-02-04,86.6583
2008-08-25,2019-02-04,86.5515
2008-08-26,2019-02-04,87.164
2008-08-27,2019-02-04,87.1351
2008-08-28,2019-02-04,87.2365
2008-08-29,2019-02-04,87.5016
2008-09-01,2019-02-04,87.5016
2008-09-02,2019-02-04,88.2711
2008-09-03,2019-02-04,88.0734
2008-09-04,2019-02-04,88.4777
2008-09-05,2019-02-04,88.635
2008-09-08,2019-02-04,89.3668
2008-09-09,2019-02-04,89.053
2008-09-10,2019-02-04,89.7705
2008-09-11,2019-02-04,90.0394
2008-09-12,2019-02-04,88.7991
2008-09-15,2019-02-04,88.7384
2008-09-16,2019-02-04,88.9785
2008-09-17,2019-02-04,88.9151
2008-09-18,2019-02-04,88.0323
2008-09-19,2019-02-04,87.607
2008-09-22,2019-02-04,86.3709
2008-09-23,2019-02-04,86.1266
2008-09-24,2019-02-04,86.3833
2008-09-25,2019-02-04,86.4744
2008-09-26,2019-02-04,86.5933
2008-09-29,2019-02-04,87.329
2008-09-30,2019-02-04,88.9173
2008-10-01,2019-02-04,88.9999
2008-10-02,2019-02-04,89.9856
2008-10-03,2019-02-04,90.2007
2008-10-06,2019-02-04,91.3938
2008-10-07,2019-02-04,91.0724
2008-10-08,2019-02-04,91.4538
2008-10-09,2019-02-04,92.201
2008-10-10,2019-02-04,93.7701
2008-10-13,2019-02-04,93.7701
2008-10-14,2019-02-04,92.5164
2008-10-15,2019-02-04,93.2951
2008-10-16,2019-02-04,94.0717
2008-10-17,2019-02-04,93.6394
2008-10-20,2019-02-04,94.5923
2008-10-21,2019-02-04,95.8193
2008-10-22,2019-02-04,97.4976
2008-10-23,2019-02-04,97.403
2008-10-24,2019-02-04,98.2711
2008-10-27,2019-02-04,99.5982
2008-10-28,2019-02-04,99.7373
2008-10-29,2019-02-04,96.6257
2008-10-30,2019-02-04,96.4917
2008-10-31,2019-02-04,97.0866
2008-11-03,2019-02-04,96.4547
2008-11-04,2019-02-04,94.6737
2008-11-05,2019-02-04,94.6235
2008-11-06,2019-02-04,96.1804
2008-11-07,2019-02-04,96.22
2008-11-10,2019-02-04,96.6258
2008-11-11,2019-02-04,96.6258
2008-11-12,2019-02-04,98.2937
2008-11-13,2019-02-04,98.7158
2008-11-14,2019-02-04,97.8725
2008-11-17,2019-02-04,97.8151
2008-11-18,2019-02-04,98.0284
2008-11-19,2019-02-04,98.5831
2008-11-20,2019-02-04,100.0941
2008-11-21,2019-02-04,100.1386
2008-11-24,2019-02-04,97.3447
2008-11-25,2019-02-04,96.545
2008-11-26,2019-02-04,97.5786
2008-11-27,2019-02-04,97.5786
2008-11-28,2019-02-04,97.9184
2008-12-01,2019-02-04,98.2459
2008-12-02,2019-02-04,98.0119
2008-12-03,2019-02-04,98.6093
2008-12-04,2019-02-04,97.9088
2008-12-05,2019-02-04,99.7115
2008-12-08,2019-02-04,97.6245
2008-12-09,2019-02-04,97.7481
2008-12-10,2019-02-04,97.3828
2008-12-11,2019-02-04,95.4301
2008-12-12,2019-02-04,95.9659
2008-12-15,2019-02-04,94.4383
2008-12-16,2019-02-04,93.6112
2008-12-17,2019-02-04,91.1762
2008-12-18,2019-02-04,91.5776
2008-12-19,2019-02-04,93.628
2008-12-22,2019-02-04,93.3052
2008-12-23,2019-02-04,93.3076
2008-12-24,2019-02-04,93.2854
2008-12-25,2019-02-04,93.2854
2008-12-26,2019-02-04,93.1945
2008-12-29,2019-02-04,92.5072
2008-12-30,2019-02-04,93.2157
2008-12-31,2019-02-04,93.6003
2009-01-01,2019-02-04,93.6003
2009-01-02,2019-02-04,93.2872
2009-01-05,2019-02-04,94.1917
2009-01-06,2019-02-04,94.343
2009-01-07,2019-02-04,93.0421
2009-01-08,2019-02-04,93.0345
2009-01-09,2019-02-04,93.5844
2009-01-12,2019-02-04,94.559
2009-01-13,2019-02-04,95.8046
2009-01-14,2019-02-04,96.0462
2009-01-15,2019-02-04,96.9353
2009-01-16,2019-02-04,96.2532
2009-01-19,2019-02-04,96.2532
2009-01-20,2019-02-04,97.9059
2009-01-21,2019-02-04,98.3623
2009-01-22,2019-02-04,97.8654
2009-01-23,2019-02-04,98.0341
2009-01-26,2019-02-04,96.3195
2009-01-27,2019-02-04,96.2533
2009-01-28,2019-02-04,95.3886
2009-01-29,2019-02-04,96.583
2009-01-30,2019-02-04,97.5606
2009-02-02,2019-02-04,97.8344
2009-02-03,2019-02-04,96.6839
2009-02-04,2019-02-04,97.0181
2009-02-05,2019-02-04,97.2693
2009-02-06,2019-02-04,97.3094
2009-02-09,2019-02-04,96.0137
2009-02-10,2019-02-04,96.8596
2009-02-11,2019-02-04,97.5114
2009-02-12,2019-02-04,97.9628
2009-02-13,2019-02-04,97.6874
2009-02-16,2019-02-04,97.6874
2009-02-17,2019-02-04,99.3983
2009-02-18,2019-02-04,99.6845
2009-02-19,2019-02-04,99.2286
2009-02-20,2019-02-04,99.0278
2009-02-23,2019-02-04,98.6824
2009-02-24,2019-02-04,99.0447
2009-02-25,2019-02-04,99.4651
2009-02-26,2019-02-04,99.2142
2009-02-27,2019-02-04,100.119
2009-03-02,2019-02-04,101.0258
2009-03-03,2019-02-04,101.3108
2009-03-04,2019-02-04,100.7486
2009-03-05,2019-02-04,101.0533
2009-03-06,2019-02-04,100.5634
2009-03-09,2019-02-04,101.4706
2009-03-10,2019-02-04,100.3893
2009-03-11,2019-02-04,100.302
2009-03-12,2019-02-04,100.5765
2009-03-13,2019-02-04,99.7797
2009-03-16,2019-02-04,99.2647
2009-03-17,2019-02-04,99.4943
2009-03-18,2019-02-04,98.9477
2009-03-19,2019-02-04,94.9841
2009-03-20,2019-02-04,95.9867
2009-03-23,2019-02-04,95.9328
2009-03-24,2019-02-04,95.8173
2009-03-25,2019-02-04,95.802
2009-03-26,2019-02-04,96.0989
2009-03-27,2019-02-04,97.1061
2009-03-30,2019-02-04,98.1731
2009-03-31,2019-02-04,97.9019
2009-04-01,2019-02-04,97.9913
2009-04-02,2019-02-04,96.4466
2009-04-03,2019-02-04,96.3715
2009-04-06,2019-02-04,97.0011
2009-04-07,2019-02-04,97.0196
2009-04-08,2019-02-04,97.0097
2009-04-09,2019-02-04,97.3564
2009-04-10,2019-02-04,97.3284
2009-04-13,2019-02-04,96.3034
2009-04-14,2019-02-04,96.0573
2009-04-15,2019-02-04,96.2431
2009-04-16,2019-02-04,96.3188
2009-04-17,2019-02-04,97.156
2009-04-20,2019-02-04,98.1423
2009-04-21,2019-02-04,97.86
2009-04-22,2019-02-04,97.7871
2009-04-23,2019-02-04,97.3597
2009-04-24,2019-02-04,95.9526
2009-04-27,2019-02-04,96.3748
2009-04-28,2019-02-04,97.0056
2009-04-29,2019-02-04,95.4814
2009-04-30,2019-02-04,95.7867
2009-05-01,2019-02-04,95.5679
2009-05-04,2019-02-04,94.9212
2009-05-05,2019-02-04,94.7057
2009-05-06,2019-02-04,94.7921
2009-05-07,2019-02-04,94.5192
2009-05-08,2019-02-04,93.8813
2009-05-11,2019-02-04,93.2944
2009-05-12,2019-02-04,93.2539
2009-05-13,2019-02-04,93.3325
2009-05-14,2019-02-04,93.3922
2009-05-15,2019-02-04,93.5688
2009-05-18,2019-02-04,93.5042
2009-05-19,2019-02-04,92.8145
2009-05-20,2019-02-04,91.8069
2009-05-21,2019-02-04,91.5797
2009-05-22,2019-02-04,90.4029
2009-05-25,2019-02-04,90.4029
2009-05-26,2019-02-04,90.3849
2009-05-27,2019-02-04,90.3206
2009-05-28,2019-02-04,90.5703
2009-05-29,2019-02-04,89.3565
2009-06-01,2019-02-04,88.868
2009-06-02,2019-02-04,88.4113
2009-06-03,2019-02-04,89.0749
2009-06-04,2019-02-04,89.4053
2009-06-05,2019-02-04,90.6257
2009-06-08,2019-02-04,91.2539
2009-06-09,2019-02-04,90.0865
2009-06-10,2019-02-04,90.297
2009-06-11,2019-02-04,89.4842
2009-06-12,2019-02-04,90.1569
2009-06-15,2019-02-04,91.4956
2009-06-16,2019-02-04,90.8267
2009-06-17,2019-02-04,91.081
2009-06-18,2019-02-04,90.5067
2009-06-19,2019-02-04,90.3154
2009-06-22,2019-02-04,91.5137
2009-06-23,2019-02-04,90.923
2009-06-24,2019-02-04,90.6672
2009-06-25,2019-02-04,91.3547
2009-06-26,2019-02-04,90.6743
2009-06-29,2019-02-04,90.8372
2009-06-30,2019-02-04,91.1687
2009-07-01,2019-02-04,90.212
2009-07-02,2019-02-04,91.1092
2009-07-03,2019-02-04,91.2763
2009-07-06,2019-02-04,91.3481
2009-07-07,2019-02-04,91.3787
2009-07-08,2019-02-04,91.595
2009-07-09,2019-02-04,90.823
2009-07-10,2019-02-04,91.2135
2009-07-13,2019-02-04,90.8761
2009-07-14,2019-02-04,90.4944
2009-07-15,2019-02-04,89.6064
2009-07-16,2019-02-04,89.5276
2009-07-17,2019-02-04,89.6329
2009-07-20,2019-02-04,89.0566
2009-07-21,2019-02-04,88.9944
2009-07-22,2019-02-04,88.7237
2009-07-23,2019-02-04,88.364
2009-07-24,2019-02-04,88.5503
2009-07-27,2019-02-04,88.5445
2009-07-28,2019-02-04,88.3441
2009-07-29,2019-02-04,89.2019
2009-07-30,2019-02-04,88.9243
2009-07-31,2019-02-04,87.9573
2009-08-03,2019-02-04,87.1735
2009-08-04,2019-02-04,87.3524
2009-08-05,2019-02-04,87.4027
2009-08-06,2019-02-04,87.7653
2009-08-07,2019-02-04,88.7558
2009-08-10,2019-02-04,88.9449
2009-08-11,2019-02-04,89.138
2009-08-12,2019-02-04,88.647
2009-08-13,2019-02-04,88.3438
2009-08-14,2019-02-04,88.6744
2009-08-17,2019-02-04,89.3727
2009-08-18,2019-02-04,89.4564
2009-08-19,2019-02-04,88.4159
2009-08-20,2019-02-04,88.3934
2009-08-21,2019-02-04,87.99
2009-08-24,2019-02-04,87.8304
2009-08-25,2019-02-04,87.6853
2009-08-26,2019-02-04,88.8016
2009-08-27,2019-02-04,88.5313
2009-08-28,2019-02-04,87.9808
2009-08-31,2019-02-04,88.1302
2009-09-01,2019-02-04,88.7678
2009-09-02,2019-02-04,88.6499
2009-09-03,2019-02-04,88.4415
2009-09-04,2019-02-04,88.0996
2009-09-07,2019-02-04,88.0996
2009-09-08,2019-02-04,87.0157
2009-09-09,2019-02-04,86.7945
2009-09-10,2019-02-04,86.8355
2009-09-11,2019-02-04,86.3737
2009-09-14,2019-02-04,86.7304
2009-09-15,2019-02-04,86.5935
2009-09-16,2019-02-04,86.0843
2009-09-17,2019-02-04,85.8795
2009-09-18,2019-02-04,86.3869
2009-09-21,2019-02-04,86.6616
2009-09-22,2019-02-04,85.9516
2009-09-23,2019-02-04,86.1893
2009-09-24,2019-02-04,86.833
2009-09-25,2019-02-04,86.8915
2009-09-28,2019-02-04,86.7832
2009-09-29,2019-02-04,87.1948
2009-09-30,2019-02-04,86.4669
2009-10-01,2019-02-04,86.9324
2009-10-02,2019-02-04,86.9889
2009-10-05,2019-02-04,86.5774
2009-10-06,2019-02-04,85.7494
2009-10-07,2019-02-04,86.0773
2009-10-08,2019-02-04,85.4051
2009-10-09,2019-02-04,85.5974
2009-10-12,2019-02-04,85.5974
2009-10-13,2019-02-04,84.9759
2009-10-14,2019-02-04,84.7012
2009-10-15,2019-02-04,84.5692
2009-10-16,2019-02-04,84.917
2009-10-19,2019-02-04,84.5101
2009-10-20,2019-02-04,85.0965
2009-10-21,2019-02-04,84.5086
2009-10-22,2019-02-04,84.7469
2009-10-23,2019-02-04,84.9444
2009-10-26,2019-02-04,85.4477
2009-10-27,2019-02-04,85.8505
2009-10-28,2019-02-04,86.1558
2009-10-29,2019-02-04,85.7818
2009-10-30,2019-02-04,86.0589
2009-11-02,2019-02-04,85.8454
2009-11-03,2019-02-04,86.2004
2009-11-04,2019-02-04,85.5651
2009-11-05,2019-02-04,85.4615
2009-11-06,2019-02-04,85.5606
2009-11-09,2019-02-04,84.6817
2009-11-10,2019-02-04,84.6715
2009-11-11,2019-02-04,84.6715
2009-11-12,2019-02-04,85.0615
2009-11-13,2019-02-04,84.7773
2009-11-16,2019-02-04,84.326
2009-11-17,2019-02-04,85.0667
2009-11-18,2019-02-04,84.4446
2009-11-19,2019-02-04,85.0202
2009-11-20,2019-02-04,85.3372
2009-11-23,2019-02-04,84.7099
2009-11-24,2019-02-04,84.891
2009-11-25,2019-02-04,84.0663
2009-11-26,2019-02-04,84.0663
2009-11-27,2019-02-04,84.6918
2009-11-30,2019-02-04,84.4426
2009-12-01,2019-02-04,83.7699
2009-12-02,2019-02-04,83.9944
2009-12-03,2019-02-04,84.2874
2009-12-04,2019-02-04,85.0019
2009-12-07,2019-02-04,85.1598
2009-12-08,2019-02-04,85.5246
2009-12-09,2019-02-04,85.4105
2009-12-10,2019-02-04,85.3692
2009-12-11,2019-02-04,85.9746
2009-12-14,2019-02-04,85.7586
2009-12-15,2019-02-04,86.3943
2009-12-16,2019-02-04,86.0096
2009-12-17,2019-02-04,87.2748
2009-12-18,2019-02-04,87.3023
2009-12-21,2019-02-04,87.0727
2009-12-22,2019-02-04,87.3703
2009-12-23,2019-02-04,86.8791
2009-12-24,2019-02-04,86.8656
2009-12-25,2019-02-04,86.8656
2009-12-28,2019-02-04,86.5873
2009-12-29,2019-02-04,86.689
2009-12-30,2019-02-04,87.0849
2009-12-31,2019-02-04,86.8566
2010-01-01,2019-02-04,86.8566
2010-01-04,2019-02-04,86.334
2010-01-05,2019-02-04,86.2775
2010-01-06,2019-02-04,86.2836
2010-01-07,2019-02-04,86.7225
2010-01-08,2019-02-04,86.455
2010-01-11,2019-02-04,85.7214
2010-01-12,2019-02-04,85.7652
2010-01-13,2019-02-04,85.7071
2010-01-14,2019-02-04,85.4981
2010-01-15,2019-02-04,85.8407
2010-01-18,2019-02-04,85.8407
2010-01-19,2019-02-04,86.1752
2010-01-20,2019-02-04,87.1033
2010-01-21,2019-02-04,87.0003
2010-01-22,2019-02-04,87.1148
2010-01-25,2019-02-04,87.1369
2010-01-26,2019-02-04,87.6003
2010-01-27,2019-02-04,87.5019
2010-01-28,2019-02-04,87.5231
2010-01-29,2019-02-04,88.2186
2010-02-01,2019-02-04,88.24
2010-02-02,2019-02-04,87.9235
2010-02-03,2019-02-04,88.189
2010-02-04,2019-02-04,88.7491
2010-02-05,2019-02-04,89.2497
2010-02-08,2019-02-04,88.8753
2010-02-09,2019-02-04,88.5965
2010-02-10,2019-02-04,88.8314
2010-02-11,2019-02-04,88.5691
2010-02-12,2019-02-04,88.6691
2010-02-15,2019-02-04,88.6691
2010-02-16,2019-02-04,88.076
2010-02-17,2019-02-04,88.5187
2010-02-18,2019-02-04,88.8297
2010-02-19,2019-02-04,88.9812
2010-02-22,2019-02-04,88.7055
2010-02-23,2019-02-04,88.9582
2010-02-24,2019-02-04,88.9549
2010-02-25,2019-02-04,89.5511
2010-02-26,2019-02-04,88.5729
2010-03-01,2019-02-04,88.9209
2010-03-02,2019-02-04,88.5003
2010-03-03,2019-02-04,87.7573
2010-03-04,2019-02-04,88.397
2010-03-05,2019-02-04,88.3479
2010-03-08,2019-02-04,88.3637
2010-03-09,2019-02-04,88.3013
2010-03-10,2019-02-04,88.1981
2010-03-11,2019-02-04,88.1681
2010-03-12,2019-02-04,87.6446
2010-03-15,2019-02-04,88.0724
2010-03-16,2019-02-04,87.5055
2010-03-17,2019-02-04,87.3642
2010-03-18,2019-02-04,87.8326
2010-03-19,2019-02-04,88.1918
2010-03-22,2019-02-04,88.1912
2010-03-23,2019-02-04,88.1482
2010-03-24,2019-02-04,89.2533
2010-03-25,2019-02-04,89.1621
2010-03-26,2019-02-04,89.2733
2010-03-29,2019-02-04,88.8271
2010-03-30,2019-02-04,88.8927
2010-03-31,2019-02-04,88.4819
2010-04-01,2019-02-04,88.1486
2010-04-02,2019-02-04,88.6255
2010-04-05,2019-02-04,88.2982
2010-04-06,2019-02-04,88.4808
2010-04-07,2019-02-04,88.5438
2010-04-08,2019-02-04,88.4583
2010-04-09,2019-02-04,88.2266
2010-04-12,2019-02-04,87.8133
2010-04-13,2019-02-04,87.7457
2010-04-14,2019-02-04,87.3279
2010-04-15,2019-02-04,87.8207
2010-04-16,2019-02-04,88.2377
2010-04-19,2019-02-04,88.5788
2010-04-20,2019-02-04,88.0754
2010-04-21,2019-02-04,88.2292
2010-04-22,2019-02-04,88.5431
2010-04-23,2019-02-04,88.575
2010-04-26,2019-02-04,88.4964
2010-04-27,2019-02-04,89.2236
2010-04-28,2019-02-04,89.5927
2010-04-29,2019-02-04,88.9847
2010-04-30,2019-02-04,88.9843
2010-05-03,2019-02-04,89.4876
2010-05-04,2019-02-04,90.2134
2010-05-05,2019-02-04,90.7458
2010-05-06,2019-02-04,91.6514
2010-05-07,2019-02-04,91.5629
2010-05-10,2019-02-04,90.7417
2010-05-11,2019-02-04,90.9212
2010-05-12,2019-02-04,91.2245
2010-05-13,2019-02-04,91.3738
2010-05-14,2019-02-04,92.4506
2010-05-17,2019-02-04,93.0716
2010-05-18,2019-02-04,92.7224
2010-05-19,2019-02-04,93.4051
2010-05-20,2019-02-04,93.5356
2010-05-21,2019-02-04,92.6361
2010-05-24,2019-02-04,93.2288
2010-05-25,2019-02-04,94.1377
2010-05-26,2019-02-04,93.918
2010-05-27,2019-02-04,92.9399
2010-05-28,2019-02-04,93.0227
2010-05-31,2019-02-04,93.0227
2010-06-01,2019-02-04,93.2098
2010-06-02,2019-02-04,93.3747
2010-06-03,2019-02-04,93.435
2010-06-04,2019-02-04,94.3656
2010-06-07,2019-02-04,94.5933
2010-06-08,2019-02-04,94.3315
2010-06-09,2019-02-04,93.7109
2010-06-10,2019-02-04,93.1641
2010-06-11,2019-02-04,93.4609
2010-06-14,2019-02-04,92.4501
2010-06-15,2019-02-04,92.2703
2010-06-16,2019-02-04,92.1325
2010-06-17,2019-02-04,92.0493
2010-06-18,2019-02-04,91.8966
2010-06-21,2019-02-04,91.6976
2010-06-22,2019-02-04,91.8294
2010-06-23,2019-02-04,92.1742
2010-06-24,2019-02-04,92.2779
2010-06-25,2019-02-04,91.9373
2010-06-28,2019-02-04,91.7536
2010-06-29,2019-02-04,92.5685
2010-06-30,2019-02-04,92.5879
2010-07-01,2019-02-04,91.8866
2010-07-02,2019-02-04,91.62
2010-07-05,2019-02-04,91.62
2010-07-06,2019-02-04,90.9568
2010-07-07,2019-02-04,91.0916
2010-07-08,2019-02-04,90.67
2010-07-09,2019-02-04,90.6303
2010-07-12,2019-02-04,91.0166
2010-07-13,2019-02-04,90.1629
2010-07-14,2019-02-04,90.1147
2010-07-15,2019-02-04,89.7628
2010-07-16,2019-02-04,90.027
2010-07-19,2019-02-04,90.0759
2010-07-20,2019-02-04,90.1425
2010-07-21,2019-02-04,90.1303
2010-07-22,2019-02-04,89.6112
2010-07-23,2019-02-04,89.6972
2010-07-26,2019-02-04,89.1594
2010-07-27,2019-02-04,89.4033
2010-07-28,2019-02-04,89.2901
2010-07-29,2019-02-04,88.9765
2010-07-30,2019-02-04,88.5973
2010-08-02,2019-02-04,88.0115
2010-08-03,2019-02-04,87.7278
2010-08-04,2019-02-04,87.9684
2010-08-05,2019-02-04,87.8352
2010-08-06,2019-02-04,87.6396
2010-08-09,2019-02-04,87.8692
2010-08-10,2019-02-04,88.6124
2010-08-11,2019-02-04,89.3977
2010-08-12,2019-02-04,89.5389
2010-08-13,2019-02-04,89.7764
2010-08-16,2019-02-04,89.4102
2010-08-17,2019-02-04,89.0395
2010-08-18,2019-02-04,88.9802
2010-08-19,2019-02-04,89.3493
2010-08-20,2019-02-04,90.153
2010-08-23,2019-02-04,90.1538
2010-08-24,2019-02-04,90.1354
2010-08-25,2019-02-04,90.4705
2010-08-26,2019-02-04,89.9551
2010-08-27,2019-02-04,89.9115
2010-08-30,2019-02-04,90.1224
2010-08-31,2019-02-04,90.2343
2010-09-01,2019-02-04,89.5061
2010-09-02,2019-02-04,89.5185
2010-09-03,2019-02-04,89.0956
2010-09-06,2019-02-04,89.0956
2010-09-07,2019-02-04,89.5026
2010-09-08,2019-02-04,89.1887
2010-09-09,2019-02-04,89.1745
2010-09-10,2019-02-04,89.2922
2010-09-13,2019-02-04,88.4668
2010-09-14,2019-02-04,87.7935
2010-09-15,2019-02-04,88.3698
2010-09-16,2019-02-04,88.2637
2010-09-17,2019-02-04,88.4615
2010-09-20,2019-02-04,88.2401
2010-09-21,2019-02-04,88.1258
2010-09-22,2019-02-04,87.2632
2010-09-23,2019-02-04,87.2554
2010-09-24,2019-02-04,86.7325
2010-09-27,2019-02-04,86.7008
2010-09-28,2019-02-04,86.4898
2010-09-29,2019-02-04,86.2986
2010-09-30,2019-02-04,86.4479
2010-10-01,2019-02-04,85.7666
2010-10-04,2019-02-04,85.967
2010-10-05,2019-02-04,85.3688
2010-10-06,2019-02-04,84.8311
2010-10-07,2019-02-04,85.0083
2010-10-08,2019-02-04,84.8105
2010-10-11,2019-02-04,84.8105
2010-10-12,2019-02-04,84.9756
2010-10-13,2019-02-04,84.4606
2010-10-14,2019-02-04,84.0852
2010-10-15,2019-02-04,84.417
2010-10-18,2019-02-04,84.5901
2010-10-19,2019-02-04,85.5884
2010-10-20,2019-02-04,84.9795
2010-10-21,2019-02-04,84.9662
2010-10-22,2019-02-04,85.3554
2010-10-25,2019-02-04,84.7575
2010-10-26,2019-02-04,85.179
2010-10-27,2019-02-04,85.7946
2010-10-28,2019-02-04,84.9308
2010-10-29,2019-02-04,84.8696
2010-11-01,2019-02-04,84.7648
2010-11-02,2019-02-04,84.3265
2010-11-03,2019-02-04,84.396
2010-11-04,2019-02-04,83.4198
2010-11-05,2019-02-04,83.9392
2010-11-08,2019-02-04,84.2315
2010-11-09,2019-02-04,84.4042
2010-11-10,2019-02-04,84.9755
2010-11-11,2019-02-04,84.9755
2010-11-12,2019-02-04,85.1849
2010-11-15,2019-02-04,85.4977
2010-11-16,2019-02-04,86.4201
2010-11-17,2019-02-04,86.1597
2010-11-18,2019-02-04,85.9722
2010-11-19,2019-02-04,85.9996
2010-11-22,2019-02-04,86.0295
2010-11-23,2019-02-04,86.7095
2010-11-24,2019-02-04,86.528
2010-11-25,2019-02-04,86.528
2010-11-26,2019-02-04,87.2631
2010-11-29,2019-02-04,87.8081
2010-11-30,2019-02-04,87.8991
2010-12-01,2019-02-04,87.3819
2010-12-02,2019-02-04,86.7414
2010-12-03,2019-02-04,86.1792
2010-12-06,2019-02-04,86.4397
2010-12-07,2019-02-04,86.3985
2010-12-08,2019-02-04,86.833
2010-12-09,2019-02-04,86.8765
2010-12-10,2019-02-04,86.7027
2010-12-13,2019-02-04,86.0779
2010-12-14,2019-02-04,86.0433
2010-12-15,2019-02-04,86.4389
2010-12-16,2019-02-04,86.7924
2010-12-17,2019-02-04,87.1848
2010-12-20,2019-02-04,87.2558
2010-12-21,2019-02-04,87.2369
2010-12-22,2019-02-04,87.2328
2010-12-23,2019-02-04,87.0153
2010-12-24,2019-02-04,87.0153
2010-12-27,2019-02-04,86.8927
2010-12-28,2019-02-04,86.5793
2010-12-29,2019-02-04,86.3002
2010-12-30,2019-02-04,86.0652
2010-12-31,2019-02-04,86.0652
2011-01-03,2019-02-04,85.4267
2011-01-04,2019-02-04,85.9067
2011-01-05,2019-02-04,86.4349
2011-01-06,2019-02-04,86.8122
2011-01-07,2019-02-04,86.9143
2011-01-10,2019-02-04,86.8522
2011-01-11,2019-02-04,86.8097
2011-01-12,2019-02-04,86.396
2011-01-13,2019-02-04,85.4677
2011-01-14,2019-02-04,85.7295
2011-01-17,2019-02-04,85.7295
2011-01-18,2019-02-04,85.4343
2011-01-19,2019-02-04,85.1568
2011-01-20,2019-02-04,85.7329
2011-01-21,2019-02-04,85.0991
2011-01-24,2019-02-04,84.811
2011-01-25,2019-02-04,85.0562
2011-01-26,2019-02-04,84.8007
2011-01-27,2019-02-04,84.8809
2011-01-28,2019-02-04,85.0789
2011-01-31,2019-02-04,84.7576
2011-02-01,2019-02-04,84.1583
2011-02-02,2019-02-04,84.1479
2011-02-03,2019-02-04,84.4204
2011-02-04,2019-02-04,84.7336
2011-02-07,2019-02-04,84.8067
2011-02-08,2019-02-04,84.4888
2011-02-09,2019-02-04,84.7184
2011-02-10,2019-02-04,84.9556
2011-02-11,2019-02-04,85.27
2011-02-14,2019-02-04,85.2579
2011-02-15,2019-02-04,85.2224
2011-02-16,2019-02-04,85.012
2011-02-17,2019-02-04,84.6218
2011-02-18,2019-02-04,84.3909
2011-02-21,2019-02-04,84.3909
2011-02-22,2019-02-04,84.5403
2011-02-23,2019-02-04,84.3242
2011-02-24,2019-02-04,83.9419
2011-02-25,2019-02-04,83.9616
2011-02-28,2019-02-04,83.6196
2011-03-01,2019-02-04,83.5355
2011-03-02,2019-02-04,83.3317
2011-03-03,2019-02-04,83.3754
2011-03-04,2019-02-04,83.2082
2011-03-07,2019-02-04,83.2726
2011-03-08,2019-02-04,83.4814
2011-03-09,2019-02-04,83.3949
2011-03-10,2019-02-04,83.8345
2011-03-11,2019-02-04,83.552
2011-03-14,2019-02-04,83.2832
2011-03-15,2019-02-04,83.4658
2011-03-16,2019-02-04,83.7252
2011-03-17,2019-02-04,83.0959
2011-03-18,2019-02-04,83.0209
2011-03-21,2019-02-04,82.6703
2011-03-22,2019-02-04,82.5073
2011-03-23,2019-02-04,82.9089
2011-03-24,2019-02-04,82.5533
2011-03-25,2019-02-04,82.8571
2011-03-28,2019-02-04,83.0076
2011-03-29,2019-02-04,83.1787
2011-03-30,2019-02-04,83.0952
2011-03-31,2019-02-04,82.8429
2011-04-01,2019-02-04,82.7
2011-04-04,2019-02-04,82.8116
2011-04-05,2019-02-04,82.7025
2011-04-06,2019-02-04,82.3762
2011-04-07,2019-02-04,82.4533
2011-04-08,2019-02-04,81.9847
2011-04-11,2019-02-04,81.8155
2011-04-12,2019-02-04,81.9643
2011-04-13,2019-02-04,81.8844
2011-04-14,2019-02-04,81.7812
2011-04-15,2019-02-04,81.7848
2011-04-18,2019-02-04,82.4678
2011-04-19,2019-02-04,81.8714
2011-04-20,2019-02-04,81.234
2011-04-21,2019-02-04,80.8257
2011-04-22,2019-02-04,81.0187
2011-04-25,2019-02-04,80.9595
2011-04-26,2019-02-04,80.7801
2011-04-27,2019-02-04,80.8773
2011-04-28,2019-02-04,80.2755
2011-04-29,2019-02-04,80.0323
2011-05-02,2019-02-04,79.9194
2011-05-03,2019-02-04,79.9532
2011-05-04,2019-02-04,80.2144
2011-05-05,2019-02-04,81.0501
2011-05-06,2019-02-04,81.1441
2011-05-09,2019-02-04,81.7335
2011-05-10,2019-02-04,81.5076
2011-05-11,2019-02-04,81.6099
2011-05-12,2019-02-04,81.9755
2011-05-13,2019-02-04,82.4143
2011-05-16,2019-02-04,82.1513
2011-05-17,2019-02-04,82.6085
2011-05-18,2019-02-04,82.2129
2011-05-19,2019-02-04,82.2549
2011-05-20,2019-02-04,82.4393
2011-05-23,2019-02-04,83.0764
2011-05-24,2019-02-04,82.7986
2011-05-25,2019-02-04,82.6864
2011-05-26,2019-02-04,82.6863
2011-05-27,2019-02-04,81.8917
2011-05-30,2019-02-04,81.8917
2011-05-31,2019-02-04,81.6046
2011-06-01,2019-02-04,81.4514
2011-06-02,2019-02-04,81.7759
2011-06-03,2019-02-04,81.1531
2011-06-06,2019-02-04,81.155
2011-06-07,2019-02-04,80.9152
2011-06-08,2019-02-04,81.181
2011-06-09,2019-02-04,81.2195
2011-06-10,2019-02-04,81.7908
2011-06-13,2019-02-04,81.7503
2011-06-14,2019-02-04,81.2938
2011-06-15,2019-02-04,82.2392
2011-06-16,2019-02-04,82.6141
2011-06-17,2019-02-04,81.973
2011-06-20,2019-02-04,81.9551
2011-06-21,2019-02-04,81.5988
2011-06-22,2019-02-04,81.5967
2011-06-23,2019-02-04,82.4896
2011-06-24,2019-02-04,82.5241
2011-06-27,2019-02-04,82.4624
2011-06-28,2019-02-04,82.102
2011-06-29,2019-02-04,81.6124
2011-06-30,2019-02-04,81.2444
2011-07-01,2019-02-04,81.2255
2011-07-04,2019-02-04,81.2255
2011-07-05,2019-02-04,81.341
2011-07-06,2019-02-04,81.755
2011-07-07,2019-02-04,81.5943
2011-07-08,2019-02-04,81.7788
2011-07-11,2019-02-04,82.3714
2011-07-12,2019-02-04,82.3012
2011-07-13,2019-02-04,81.4903
2011-07-14,2019-02-04,81.4647
2011-07-15,2019-02-04,81.4005
2011-07-18,2019-02-04,81.9568
2011-07-19,2019-02-04,81.2897
2011-07-20,2019-02-04,81.1318
2011-07-21,2019-02-04,80.4898
2011-07-22,2019-02-04,80.62
2011-07-25,2019-02-04,80.4541
2011-07-26,2019-02-04,80.0363
2011-07-27,2019-02-04,80.3481
2011-07-28,2019-02-04,80.5147
2011-07-29,2019-02-04,80.2589
2011-08-01,2019-02-04,80.8183
2011-08-02,2019-02-04,80.7238
2011-08-03,2019-02-04,80.5953
2011-08-04,2019-02-04,81.7158
2011-08-05,2019-02-04,81.8157
2011-08-08,2019-02-04,81.6023
2011-08-09,2019-02-04,81.5765
2011-08-10,2019-02-04,81.6128
2011-08-11,2019-02-04,81.5974
2011-08-12,2019-02-04,81.5861
2011-08-15,2019-02-04,80.9791
2011-08-16,2019-02-04,81.0216
2011-08-17,2019-02-04,80.8308
2011-08-18,2019-02-04,81.3929
2011-08-19,2019-02-04,81.0012
2011-08-22,2019-02-04,81.2906
2011-08-23,2019-02-04,81.0554
2011-08-24,2019-02-04,81.2493
2011-08-25,2019-02-04,81.3438
2011-08-26,2019-02-04,81.0854
2011-08-29,2019-02-04,80.8532
2011-08-30,2019-02-04,81.0566
2011-08-31,2019-02-04,80.9935
2011-09-01,2019-02-04,81.2123
2011-09-02,2019-02-04,81.5159
2011-09-05,2019-02-04,81.5159
2011-09-06,2019-02-04,82.7742
2011-09-07,2019-02-04,82.5369
2011-09-08,2019-02-04,82.7177
2011-09-09,2019-02-04,83.8004
2011-09-12,2019-02-04,83.9019
2011-09-13,2019-02-04,83.6046
2011-09-14,2019-02-04,83.5822
2011-09-15,2019-02-04,83.0546
2011-09-16,2019-02-04,83.1149
2011-09-19,2019-02-04,83.7537
2011-09-20,2019-02-04,83.6483
2011-09-21,2019-02-04,83.8373
2011-09-22,2019-02-04,85.697
2011-09-23,2019-02-04,85.3175
2011-09-26,2019-02-04,85.4344
2011-09-27,2019-02-04,84.7151
2011-09-28,2019-02-04,84.7827
2011-09-29,2019-02-04,85.0708
2011-09-30,2019-02-04,85.7923
2011-10-03,2019-02-04,86.4134
2011-10-04,2019-02-04,86.9705
2011-10-05,2019-02-04,86.4193
2011-10-06,2019-02-04,86.146
2011-10-07,2019-02-04,85.4448
2011-10-10,2019-02-04,85.4448
2011-10-11,2019-02-04,84.9359
2011-10-12,2019-02-04,84.1889
2011-10-13,2019-02-04,84.5356
2011-10-14,2019-02-04,83.9696
2011-10-17,2019-02-04,84.1508
2011-10-18,2019-02-04,84.3767
2011-10-19,2019-02-04,84.0877
2011-10-20,2019-02-04,84.6039
2011-10-21,2019-02-04,83.4807
2011-10-24,2019-02-04,83.1477
2011-10-25,2019-02-04,83.4167
2011-10-26,2019-02-04,83.5856
2011-10-27,2019-02-04,82.1238
2011-10-28,2019-02-04,82.144
2011-10-31,2019-02-04,82.9438
2011-11-01,2019-02-04,84.5619
2011-11-02,2019-02-04,83.9758
2011-11-03,2019-02-04,84.1231
2011-11-04,2019-02-04,84.2329
2011-11-07,2019-02-04,84.2935
2011-11-08,2019-02-04,84.0267
2011-11-09,2019-02-04,84.6929
2011-11-10,2019-02-04,84.7177
2011-11-11,2019-02-04,84.7177
2011-11-14,2019-02-04,84.559
2011-11-15,2019-02-04,85.0333
2011-11-16,2019-02-04,85.0409
2011-11-17,2019-02-04,85.0478
2011-11-18,2019-02-04,85.1482
2011-11-21,2019-02-04,85.594
2011-11-22,2019-02-04,85.6372
2011-11-23,2019-02-04,86.4746
2011-11-24,2019-02-04,86.4746
2011-11-25,2019-02-04,86.8353
2011-11-28,2019-02-04,86.1414
2011-11-29,2019-02-04,85.9172
2011-11-30,2019-02-04,85.2078
2011-12-01,2019-02-04,85.085
2011-12-02,2019-02-04,85.4355
2011-12-05,2019-02-04,85.0782
2011-12-06,2019-02-04,85.281
2011-12-07,2019-02-04,85.1932
2011-12-08,2019-02-04,85.6235
2011-12-09,2019-02-04,85.512
2011-12-12,2019-02-04,86.2893
2011-12-13,2019-02-04,86.6
2011-12-14,2019-02-04,87.3959
2011-12-15,2019-02-04,87.0062
2011-12-16,2019-02-04,87.0301
2011-12-19,2019-02-04,87.0322
2011-12-20,2019-02-04,86.4969
2011-12-21,2019-02-04,86.6565
2011-12-22,2019-02-04,86.4528
2011-12-23,2019-02-04,86.4864
2011-12-26,2019-02-04,86.4864
2011-12-27,2019-02-04,86.2837
2011-12-28,2019-02-04,86.9188
2011-12-29,2019-02-04,86.783
2011-12-30,2019-02-04,86.374
2012-01-02,2019-02-04,86.374
2012-01-03,2019-02-04,85.7765
2012-01-04,2019-02-04,86.2649
2012-01-05,2019-02-04,87.0358
2012-01-06,2019-02-04,87.2931
2012-01-09,2019-02-04,87.304
2012-01-10,2019-02-04,86.8356
2012-01-11,2019-02-04,87.2978
2012-01-12,2019-02-04,86.919
2012-01-13,2019-02-04,87.4674
2012-01-16,2019-02-04,87.4674
2012-01-17,2019-02-04,86.913
2012-01-18,2019-02-04,86.6669
2012-01-19,2019-02-04,86.2555
2012-01-20,2019-02-04,86.265
2012-01-23,2019-02-04,85.8174
2012-01-24,2019-02-04,86.1004
2012-01-25,2019-02-04,86.3055
2012-01-26,2019-02-04,85.2584
2012-01-27,2019-02-04,85.0942
2012-01-30,2019-02-04,85.271
2012-01-31,2019-02-04,85.4822
2012-02-01,2019-02-04,84.8601
2012-02-02,2019-02-04,84.908
2012-02-03,2019-02-04,85.0383
2012-02-06,2019-02-04,84.9733
2012-02-07,2019-02-04,84.6788
2012-02-08,2019-02-04,84.7579
2012-02-09,2019-02-04,84.6422
2012-02-10,2019-02-04,85.2329
2012-02-13,2019-02-04,85.065
2012-02-14,2019-02-04,85.4117
2012-02-15,2019-02-04,85.4597
2012-02-16,2019-02-04,85.4347
2012-02-17,2019-02-04,85.4498
2012-02-20,2019-02-04,85.4498
2012-02-21,2019-02-04,85.208
2012-02-22,2019-02-04,85.5035
2012-02-23,2019-02-04,85.2676
2012-02-24,2019-02-04,84.8818
2012-02-27,2019-02-04,84.9303
2012-02-28,2019-02-04,84.7338
2012-02-29,2019-02-04,84.7973
2012-03-01,2019-02-04,84.8552
2012-03-02,2019-02-04,85.4005
2012-03-05,2019-02-04,85.4622
2012-03-06,2019-02-04,85.9913
2012-03-07,2019-02-04,85.8625
2012-03-08,2019-02-04,85.3946
2012-03-09,2019-02-04,85.9789
2012-03-12,2019-02-04,86.0062
2012-03-13,2019-02-04,85.9915
2012-03-14,2019-02-04,86.4982
2012-03-15,2019-02-04,86.3028
2012-03-16,2019-02-04,85.882
2012-03-19,2019-02-04,85.5642
2012-03-20,2019-02-04,85.869
2012-03-21,2019-02-04,85.9524
2012-03-22,2019-02-04,86.0131
2012-03-23,2019-02-04,85.7012
2012-03-26,2019-02-04,85.3841
2012-03-27,2019-02-04,85.4157
2012-03-28,2019-02-04,85.6875
2012-03-29,2019-02-04,85.7255
2012-03-30,2019-02-04,85.4828
2012-04-02,2019-02-04,85.2347
2012-04-03,2019-02-04,85.2308
2012-04-04,2019-02-04,86.0743
2012-04-05,2019-02-04,86.1197
2012-04-06,2019-02-04,86.0162
2012-04-09,2019-02-04,85.9909
2012-04-10,2019-02-04,86.1695
2012-04-11,2019-02-04,86.0559
2012-04-12,2019-02-04,85.575
2012-04-13,2019-02-04,85.9698
2012-04-16,2019-02-04,86.0508
2012-04-17,2019-02-04,85.497
2012-04-18,2019-02-04,85.6128
2012-04-19,2019-02-04,85.6828
2012-04-20,2019-02-04,85.3892
2012-04-23,2019-02-04,85.6389
2012-04-24,2019-02-04,85.2824
2012-04-25,2019-02-04,85.1872
2012-04-26,2019-02-04,84.9852
2012-04-27,2019-02-04,84.7632
2012-04-30,2019-02-04,84.9358
2012-05-01,2019-02-04,84.8961
2012-05-02,2019-02-04,85.248
2012-05-03,2019-02-04,85.2544
2012-05-04,2019-02-04,85.5926
2012-05-07,2019-02-04,85.6284
2012-05-08,2019-02-04,85.9123
2012-05-09,2019-02-04,86.1267
2012-05-10,2019-02-04,86.1381
2012-05-11,2019-02-04,86.1199
2012-05-14,2019-02-04,86.5019
2012-05-15,2019-02-04,86.8523
2012-05-16,2019-02-04,87.2496
2012-05-17,2019-02-04,87.3722
2012-05-18,2019-02-04,87.4992
2012-05-21,2019-02-04,87.4088
2012-05-22,2019-02-04,87.5261
2012-05-23,2019-02-04,88.2033
2012-05-24,2019-02-04,88.1644
2012-05-25,2019-02-04,88.4251
2012-05-28,2019-02-04,88.4251
2012-05-29,2019-02-04,88.3939
2012-05-30,2019-02-04,88.727
2012-05-31,2019-02-04,88.9809
2012-06-01,2019-02-04,88.9039
2012-06-04,2019-02-04,88.791
2012-06-05,2019-02-04,89.013
2012-06-06,2019-02-04,88.3904
2012-06-07,2019-02-04,88.1859
2012-06-08,2019-02-04,88.718
2012-06-11,2019-02-04,88.4537
2012-06-12,2019-02-04,88.459
2012-06-13,2019-02-04,88.0937
2012-06-14,2019-02-04,87.9993
2012-06-15,2019-02-04,87.7228
2012-06-18,2019-02-04,87.9673
2012-06-19,2019-02-04,87.338
2012-06-20,2019-02-04,87.4416
2012-06-21,2019-02-04,88.1211
2012-06-22,2019-02-04,88.3541
2012-06-25,2019-02-04,88.5314
2012-06-26,2019-02-04,88.3948
2012-06-27,2019-02-04,88.5114
2012-06-28,2019-02-04,88.7336
2012-06-29,2019-02-04,87.5939
2012-07-02,2019-02-04,87.7708
2012-07-03,2019-02-04,87.5153
2012-07-04,2019-02-04,87.5153
2012-07-05,2019-02-04,88.3238
2012-07-06,2019-02-04,88.8068
2012-07-09,2019-02-04,88.7862
2012-07-10,2019-02-04,88.8367
2012-07-11,2019-02-04,88.8707
2012-07-12,2019-02-04,89.0895
2012-07-13,2019-02-04,88.71
2012-07-16,2019-02-04,88.5025
2012-07-17,2019-02-04,88.5894
2012-07-18,2019-02-04,88.3512
2012-07-19,2019-02-04,88.163
2012-07-20,2019-02-04,88.5379
2012-07-23,2019-02-04,88.9304
2012-07-24,2019-02-04,89.1805
2012-07-25,2019-02-04,88.9285
2012-07-26,2019-02-04,88.1259
2012-07-27,2019-02-04,87.7675
2012-07-30,2019-02-04,87.9746
2012-07-31,2019-02-04,87.7172
2012-08-01,2019-02-04,87.8346
2012-08-02,2019-02-04,88.4697
2012-08-03,2019-02-04,87.5123
2012-08-06,2019-02-04,87.3624
2012-08-07,2019-02-04,87.3745
2012-08-08,2019-02-04,87.4373
2012-08-09,2019-02-04,87.6741
2012-08-10,2019-02-04,87.4946
2012-08-13,2019-02-04,87.4575
2012-08-14,2019-02-04,87.5122
2012-08-15,2019-02-04,87.5757
2012-08-16,2019-02-04,87.3913
2012-08-17,2019-02-04,87.5978
2012-08-20,2019-02-04,87.5057
2012-08-21,2019-02-04,87.0218
2012-08-22,2019-02-04,87.1638
2012-08-23,2019-02-04,86.6741
2012-08-24,2019-02-04,86.8726
2012-08-27,2019-02-04,86.8702
2012-08-28,2019-02-04,86.6175
2012-08-29,2019-02-04,86.7562
2012-08-30,2019-02-04,87.0298
2012-08-31,2019-02-04,86.5365
2012-09-03,2019-02-04,86.5365
2012-09-04,2019-02-04,86.6086
2012-09-05,2019-02-04,86.6214
2012-09-06,2019-02-04,86.424
2012-09-07,2019-02-04,85.6245
2012-09-10,2019-02-04,85.6049
2012-09-11,2019-02-04,85.2034
2012-09-12,2019-02-04,85.1883
2012-09-13,2019-02-04,85.0758
2012-09-14,2019-02-04,84.4004
2012-09-17,2019-02-04,84.5685
2012-09-18,2019-02-04,84.7998
2012-09-19,2019-02-04,84.7372
2012-09-20,2019-02-04,85.1281
2012-09-21,2019-02-04,84.9183
2012-09-24,2019-02-04,85.2382
2012-09-25,2019-02-04,85.0363
2012-09-26,2019-02-04,85.5341
2012-09-27,2019-02-04,85.2916
2012-09-28,2019-02-04,85.5182
2012-10-01,2019-02-04,85.3925
2012-10-02,2019-02-04,85.2637
2012-10-03,2019-02-04,85.6776
2012-10-04,2019-02-04,85.2247
2012-10-05,2019-02-04,84.9401
2012-10-08,2019-02-04,84.9401
2012-10-09,2019-02-04,85.5432
2012-10-10,2019-02-04,85.4878
2012-10-11,2019-02-04,85.3891
2012-10-12,2019-02-04,85.3352
2012-10-15,2019-02-04,85.352
2012-10-16,2019-02-04,85.3152
2012-10-17,2019-02-04,84.8159
2012-10-18,2019-02-04,85.0048
2012-10-19,2019-02-04,85.6397
2012-10-22,2019-02-04,85.6423
2012-10-23,2019-02-04,85.9445
2012-10-24,2019-02-04,85.9804
2012-10-25,2019-02-04,85.9167
2012-10-26,2019-02-04,86.0391
2012-10-29,2019-02-04,86.2281
2012-10-30,2019-02-04,85.9172
2012-10-31,2019-02-04,86.0166
2012-11-01,2019-02-04,86.0256
2012-11-02,2019-02-04,86.3685
2012-11-05,2019-02-04,86.5032
2012-11-06,2019-02-04,86.3494
2012-11-07,2019-02-04,86.5403
2012-11-08,2019-02-04,86.6013
2012-11-09,2019-02-04,86.7359
2012-11-12,2019-02-04,86.7359
2012-11-13,2019-02-04,86.7539
2012-11-14,2019-02-04,86.8507
2012-11-15,2019-02-04,86.9177
2012-11-16,2019-02-04,87.1407
2012-11-19,2019-02-04,86.6448
2012-11-20,2019-02-04,86.7276
2012-11-21,2019-02-04,86.8499
2012-11-22,2019-02-04,86.8499
2012-11-23,2019-02-04,86.2279
2012-11-26,2019-02-04,86.2367
2012-11-27,2019-02-04,86.2923
2012-11-28,2019-02-04,86.2599
2012-11-29,2019-02-04,86.2184
2012-11-30,2019-02-04,86.1515
2012-12-03,2019-02-04,85.9157
2012-12-04,2019-02-04,85.8112
2012-12-05,2019-02-04,85.8656
2012-12-06,2019-02-04,86.1368
2012-12-07,2019-02-04,86.1849
2012-12-10,2019-02-04,86.1427
2012-12-11,2019-02-04,85.9626
2012-12-12,2019-02-04,85.8884
2012-12-13,2019-02-04,85.8286
2012-12-14,2019-02-04,85.7043
2012-12-17,2019-02-04,85.5543
2012-12-18,2019-02-04,85.4559
2012-12-19,2019-02-04,85.4495
2012-12-20,2019-02-04,85.5799
2012-12-21,2019-02-04,85.926
2012-12-24,2019-02-04,85.9712
2012-12-25,2019-02-04,85.9712
2012-12-26,2019-02-04,86.0479
2012-12-27,2019-02-04,86.1322
2012-12-28,2019-02-04,86.1268
2012-12-31,2019-02-04,86.2507
2013-01-01,2019-02-04,86.2507
2013-01-02,2019-02-04,86.0074
2013-01-03,2019-02-04,86.2427
2013-01-04,2019-02-04,86.6732
2013-01-07,2019-02-04,86.4417
2013-01-08,2019-02-04,86.532
2013-01-09,2019-02-04,86.5791
2013-01-10,2019-02-04,86.1459
2013-01-11,2019-02-04,85.9222
2013-01-14,2019-02-04,85.9418
2013-01-15,2019-02-04,85.9495
2013-01-16,2019-02-04,86.1238
2013-01-17,2019-02-04,86.142
2013-01-18,2019-02-04,86.6464
2013-01-21,2019-02-04,86.6464
2013-01-22,2019-02-04,86.4191
2013-01-23,2019-02-04,86.5434
2013-01-24,2019-02-04,86.7493
2013-01-25,2019-02-04,86.8356
2013-01-28,2019-02-04,86.836
2013-01-29,2019-02-04,86.5742
2013-01-30,2019-02-04,86.3983
2013-01-31,2019-02-04,86.2235
2013-02-01,2019-02-04,86.1632
2013-02-04,2019-02-04,86.543
2013-02-05,2019-02-04,86.5949
2013-02-06,2019-02-04,86.7089
2013-02-07,2019-02-04,87.1159
2013-02-08,2019-02-04,87.1014
2013-02-11,2019-02-04,87.2848
2013-02-12,2019-02-04,87.0581
2013-02-13,2019-02-04,87.1181
2013-02-14,2019-02-04,87.3614
2013-02-15,2019-02-04,87.5334
2013-02-18,2019-02-04,87.5334
2013-02-19,2019-02-04,87.6239
2013-02-20,2019-02-04,87.9331
2013-02-21,2019-02-04,88.3424
2013-02-22,2019-02-04,88.5774
2013-02-25,2019-02-04,88.7691
2013-02-26,2019-02-04,88.8515
2013-02-27,2019-02-04,88.7037
2013-02-28,2019-02-04,88.8957
2013-03-01,2019-02-04,89.4081
2013-03-04,2019-02-04,89.3832
2013-03-05,2019-02-04,89.2814
2013-03-06,2019-02-04,89.5073
2013-03-07,2019-02-04,89.3666
2013-03-08,2019-02-04,89.808
2013-03-11,2019-02-04,89.7457
2013-03-12,2019-02-04,89.6603
2013-03-13,2019-02-04,89.8898
2013-03-14,2019-02-04,89.732
2013-03-15,2019-02-04,89.083
2013-03-18,2019-02-04,89.4126
2013-03-19,2019-02-04,89.7319
2013-03-20,2019-02-04,89.6305
2013-03-21,2019-02-04,89.5136
2013-03-22,2019-02-04,89.1687
2013-03-25,2019-02-04,89.4836
2013-03-26,2019-02-04,89.3976
2013-03-27,2019-02-04,89.6788
2013-03-28,2019-02-04,89.3698
2013-03-29,2019-02-04,89.5186
2013-04-01,2019-02-04,89.236
2013-04-02,2019-02-04,89.3213
2013-04-03,2019-02-04,89.1606
2013-04-04,2019-02-04,89.58
2013-04-05,2019-02-04,89.2326
2013-04-08,2019-02-04,89.6198
2013-04-09,2019-02-04,89.2484
2013-04-10,2019-02-04,89.3588
2013-04-11,2019-02-04,88.9833
2013-04-12,2019-02-04,89.1092
2013-04-15,2019-02-04,89.2829
2013-04-16,2019-02-04,89.1585
2013-04-17,2019-02-04,89.561
2013-04-18,2019-02-04,89.5407
2013-04-19,2019-02-04,89.7366
2013-04-22,2019-02-04,89.79
2013-04-23,2019-02-04,89.9388
2013-04-24,2019-02-04,90.0345
2013-04-25,2019-02-04,89.6768
2013-04-26,2019-02-04,89.3194
2013-04-29,2019-02-04,89.0499
2013-04-30,2019-02-04,88.535
2013-05-01,2019-02-04,88.4625
2013-05-02,2019-02-04,88.9397
2013-05-03,2019-02-04,88.9085
2013-05-06,2019-02-04,89.1039
2013-05-07,2019-02-04,89.0184
2013-05-08,2019-02-04,88.6176
2013-05-09,2019-02-04,88.9094
2013-05-10,2019-02-04,90.1106
2013-05-13,2019-02-04,90.0394
2013-05-14,2019-02-04,90.2795
2013-05-15,2019-02-04,90.7403
2013-05-16,2019-02-04,90.495
2013-05-17,2019-02-04,91.2528
2013-05-20,2019-02-04,91.0128
2013-05-21,2019-02-04,90.916
2013-05-22,2019-02-04,91.5011
2013-05-23,2019-02-04,90.8858
2013-05-24,2019-02-04,90.8803
2013-05-27,2019-02-04,90.8803
2013-05-28,2019-02-04,91.3851
2013-05-29,2019-02-04,90.9512
2013-05-30,2019-02-04,90.4637
2013-05-31,2019-02-04,90.6945
2013-06-03,2019-02-04,89.8609
2013-06-04,2019-02-04,90.2886
2013-06-05,2019-02-04,90.079
2013-06-06,2019-02-04,89.0205
2013-06-07,2019-02-04,88.9521
2013-06-10,2019-02-04,89.1449
2013-06-11,2019-02-04,88.7468
2013-06-12,2019-02-04,88.2599
2013-06-13,2019-02-04,88.1287
2013-06-14,2019-02-04,88.1059
2013-06-17,2019-02-04,88.1695
2013-06-18,2019-02-04,88.1756
2013-06-19,2019-02-04,88.0892
2013-06-20,2019-02-04,89.7436
2013-06-21,2019-02-04,90.2239
2013-06-24,2019-02-04,90.4555
2013-06-25,2019-02-04,90.4529
2013-06-26,2019-02-04,90.5165
2013-06-27,2019-02-04,90.7282
2013-06-28,2019-02-04,90.9825
2013-07-01,2019-02-04,90.8163
2013-07-02,2019-02-04,91.2039
2013-07-03,2019-02-04,91.0926
2013-07-04,2019-02-04,91.0926
2013-07-05,2019-02-04,92.1091
2013-07-08,2019-02-04,92.052
2013-07-09,2019-02-04,92.2409
2013-07-10,2019-02-04,91.7904
2013-07-11,2019-02-04,90.5759
2013-07-12,2019-02-04,90.6859
2013-07-15,2019-02-04,90.8636
2013-07-16,2019-02-04,90.3296
2013-07-17,2019-02-04,90.5647
2013-07-18,2019-02-04,90.6769
2013-07-19,2019-02-04,90.2968
2013-07-22,2019-02-04,89.9053
2013-07-23,2019-02-04,89.8004
2013-07-24,2019-02-04,89.8151
2013-07-25,2019-02-04,89.6908
2013-07-26,2019-02-04,89.397
2013-07-29,2019-02-04,89.2943
2013-07-30,2019-02-04,89.5199
2013-07-31,2019-02-04,89.574
2013-08-01,2019-02-04,90.0657
2013-08-02,2019-02-04,89.9186
2013-08-05,2019-02-04,89.8767
2013-08-06,2019-02-04,89.5997
2013-08-07,2019-02-04,89.3462
2013-08-08,2019-02-04,88.8512
2013-08-09,2019-02-04,88.9084
2013-08-12,2019-02-04,89.02
2013-08-13,2019-02-04,89.6008
2013-08-14,2019-02-04,89.4594
2013-08-15,2019-02-04,89.4342
2013-08-16,2019-02-04,89.1936
2013-08-19,2019-02-04,89.1267
2013-08-20,2019-02-04,88.9119
2013-08-21,2019-02-04,89.3518
2013-08-22,2019-02-04,89.72
2013-08-23,2019-02-04,89.6356
2013-08-26,2019-02-04,89.7225
2013-08-27,2019-02-04,89.5063
2013-08-28,2019-02-04,89.6925
2013-08-29,2019-02-04,90.2093
2013-08-30,2019-02-04,90.3543
2013-09-02,2019-02-04,90.3543
2013-09-03,2019-02-04,90.4584
2013-09-04,2019-02-04,90.125
2013-09-05,2019-02-04,90.5505
2013-09-06,2019-02-04,89.9376
2013-09-09,2019-02-04,89.606
2013-09-10,2019-02-04,89.6566
2013-09-11,2019-02-04,89.4165
2013-09-12,2019-02-04,89.2216
2013-09-13,2019-02-04,89.3991
2013-09-16,2019-02-04,89.0014
2013-09-17,2019-02-04,88.9416
2013-09-18,2019-02-04,88.9663
2013-09-19,2019-02-04,88.229
2013-09-20,2019-02-04,88.4059
2013-09-23,2019-02-04,88.3025
2013-09-24,2019-02-04,88.437
2013-09-25,2019-02-04,88.2632
2013-09-26,2019-02-04,88.5591
2013-09-27,2019-02-04,88.2106
2013-09-30,2019-02-04,88.1365
2013-10-01,2019-02-04,88.2116
2013-10-02,2019-02-04,87.9594
2013-10-03,2019-02-04,87.7909
2013-10-04,2019-02-04,87.9838
2013-10-07,2019-02-04,87.9858
2013-10-08,2019-02-04,87.9967
2013-10-09,2019-02-04,88.4922
2013-10-10,2019-02-04,88.4897
2013-10-11,2019-02-04,88.4896
2013-10-14,2019-02-04,88.4896
2013-10-15,2019-02-04,88.6308
2013-10-16,2019-02-04,88.6512
2013-10-17,2019-02-04,87.6996
2013-10-18,2019-02-04,87.6038
2013-10-21,2019-02-04,87.7458
2013-10-22,2019-02-04,87.3827
2013-10-23,2019-02-04,87.553
2013-10-24,2019-02-04,87.6023
2013-10-25,2019-02-04,87.7519
2013-10-28,2019-02-04,87.8112
2013-10-29,2019-02-04,87.9817
2013-10-30,2019-02-04,87.9918
2013-10-31,2019-02-04,88.3982
2013-11-01,2019-02-04,88.9003
2013-11-04,2019-02-04,88.6896
2013-11-05,2019-02-04,88.8492
2013-11-06,2019-02-04,88.5897
2013-11-07,2019-02-04,89.0358
2013-11-08,2019-02-04,89.3878
2013-11-11,2019-02-04,89.3878
2013-11-12,2019-02-04,89.3946
2013-11-13,2019-02-04,89.1163
2013-11-14,2019-02-04,89.2155
2013-11-15,2019-02-04,89.0822
2013-11-18,2019-02-04,88.8559
2013-11-19,2019-02-04,88.9521
2013-11-20,2019-02-04,89.0771
2013-11-21,2019-02-04,89.3391
2013-11-22,2019-02-04,89.2245
2013-11-25,2019-02-04,89.497
2013-11-26,2019-02-04,89.2795
2013-11-27,2019-02-04,89.4615
2013-11-28,2019-02-04,89.4615
2013-11-29,2019-02-04,89.2985
2013-12-02,2019-02-04,89.6162
2013-12-03,2019-02-04,89.4186
2013-12-04,2019-02-04,89.725
2013-12-05,2019-02-04,89.192
2013-12-06,2019-02-04,89.3062
2013-12-09,2019-02-04,89.1595
2013-12-10,2019-02-04,88.9183
2013-12-11,2019-02-04,88.7832
2013-12-12,2019-02-04,89.1815
2013-12-13,2019-02-04,89.1493
2013-12-16,2019-02-04,88.9574
2013-12-17,2019-02-04,89.0809
2013-12-18,2019-02-04,89.1235
2013-12-19,2019-02-04,89.6203
2013-12-20,2019-02-04,89.5881
2013-12-23,2019-02-04,89.3057
2013-12-24,2019-02-04,89.4383
2013-12-25,2019-02-04,89.4383
2013-12-26,2019-02-04,89.5186
2013-12-27,2019-02-04,89.434
2013-12-30,2019-02-04,89.1081
2013-12-31,2019-02-04,89.2051
2014-01-01,2019-02-04,89.2051
2014-01-02,2019-02-04,89.5426
2014-01-03,2019-02-04,89.6161
2014-01-06,2019-02-04,89.6591
2014-01-07,2019-02-04,89.9661
2014-01-08,2019-02-04,90.2307
2014-01-09,2019-02-04,90.3247
2014-01-10,2019-02-04,90.1588
2014-01-13,2019-02-04,90.0236
2014-01-14,2019-02-04,90.1248
2014-01-15,2019-02-04,90.4827
2014-01-16,2019-02-04,90.5191
2014-01-17,2019-02-04,90.6829
2014-01-20,2019-02-04,90.6829
2014-01-21,2019-02-04,90.6478
2014-01-22,2019-02-04,90.8921
2014-01-23,2019-02-04,90.5625
2014-01-24,2019-02-04,90.3199
2014-01-27,2019-02-04,90.3276
2014-01-28,2019-02-04,90.565
2014-01-29,2019-02-04,90.4894
2014-01-30,2019-02-04,90.9989
2014-01-31,2019-02-04,90.9554
2014-02-03,2019-02-04,90.707
2014-02-04,2019-02-04,90.7316
2014-02-05,2019-02-04,90.7825
2014-02-06,2019-02-04,90.4745
2014-02-07,2019-02-04,90.3538
2014-02-10,2019-02-04,90.3209
2014-02-11,2019-02-04,90.2287
2014-02-12,2019-02-04,90.2443
2014-02-13,2019-02-04,89.9431
2014-02-14,2019-02-04,89.777
2014-02-17,2019-02-04,89.777
2014-02-18,2019-02-04,89.5989
2014-02-19,2019-02-04,89.8063
2014-02-20,2019-02-04,90.2161
2014-02-21,2019-02-04,90.2432
2014-02-24,2019-02-04,89.9448
2014-02-25,2019-02-04,89.938
2014-02-26,2019-02-04,90.3071
2014-02-27,2019-02-04,90.1425
2014-02-28,2019-02-04,89.7191
2014-03-03,2019-02-04,89.8031
2014-03-04,2019-02-04,90.0843
2014-03-05,2019-02-04,89.8868
2014-03-06,2019-02-04,89.4106
2014-03-07,2019-02-04,89.7123
2014-03-10,2019-02-04,89.7704
2014-03-11,2019-02-04,89.7502
2014-03-12,2019-02-04,89.7281
2014-03-13,2019-02-04,89.3501
2014-03-14,2019-02-04,89.3761
2014-03-17,2019-02-04,89.2807
2014-03-18,2019-02-04,89.408
2014-03-19,2019-02-04,89.6331
2014-03-20,2019-02-04,90.3515
2014-03-21,2019-02-04,90.2048
2014-03-24,2019-02-04,90.2414
2014-03-25,2019-02-04,90.1636
2014-03-26,2019-02-04,90.0024
2014-03-27,2019-02-04,89.8066
2014-03-28,2019-02-04,89.9356
2014-03-31,2019-02-04,89.8025
2014-04-01,2019-02-04,89.7511
2014-04-02,2019-02-04,89.9335
2014-04-03,2019-02-04,90.1558
2014-04-04,2019-02-04,89.9304
2014-04-07,2019-02-04,89.7453
2014-04-08,2019-02-04,89.2489
2014-04-09,2019-02-04,89.1261
2014-04-10,2019-02-04,88.8636
2014-04-11,2019-02-04,89.0101
2014-04-14,2019-02-04,89.2509
2014-04-15,2019-02-04,89.3411
2014-04-16,2019-02-04,89.4631
2014-04-17,2019-02-04,89.3547
2014-04-18,2019-02-04,89.5061
2014-04-21,2019-02-04,89.585
2014-04-22,2019-02-04,89.5313
2014-04-23,2019-02-04,89.5379
2014-04-24,2019-02-04,89.4804
2014-04-25,2019-02-04,89.4542
2014-04-28,2019-02-04,89.4549
2014-04-29,2019-02-04,89.3919
2014-04-30,2019-02-04,89.111
2014-05-01,2019-02-04,89.1498
2014-05-02,2019-02-04,89.204
2014-05-05,2019-02-04,89.0688
2014-05-06,2019-02-04,88.6533
2014-05-07,2019-02-04,88.7168
2014-05-08,2019-02-04,88.7506
2014-05-09,2019-02-04,89.2093
2014-05-12,2019-02-04,89.2219
2014-05-13,2019-02-04,89.3881
2014-05-14,2019-02-04,89.3324
2014-05-15,2019-02-04,89.3223
2014-05-16,2019-02-04,89.3058
2014-05-19,2019-02-04,89.22
2014-05-20,2019-02-04,89.3612
2014-05-21,2019-02-04,89.5953
2014-05-22,2019-02-04,89.5547
2014-05-23,2019-02-04,89.5895
2014-05-26,2019-02-04,89.5895
2014-05-27,2019-02-04,89.6582
2014-05-28,2019-02-04,89.724
2014-05-29,2019-02-04,89.5652
2014-05-30,2019-02-04,89.5524
2014-06-02,2019-02-04,89.8008
2014-06-03,2019-02-04,89.8166
2014-06-04,2019-02-04,89.9051
2014-06-05,2019-02-04,89.8288
2014-06-06,2019-02-04,89.776
2014-06-09,2019-02-04,89.847
2014-06-10,2019-02-04,89.9892
2014-06-11,2019-02-04,89.8158
2014-06-12,2019-02-04,89.6524
2014-06-13,2019-02-04,89.7666
2014-06-16,2019-02-04,89.5107
2014-06-17,2019-02-04,89.6886
2014-06-18,2019-02-04,89.6774
2014-06-19,2019-02-04,89.3184
2014-06-20,2019-02-04,89.3228
2014-06-23,2019-02-04,89.1727
2014-06-24,2019-02-04,89.2721
2014-06-25,2019-02-04,89.03
2014-06-26,2019-02-04,89.038
2014-06-27,2019-02-04,88.8715
2014-06-30,2019-02-04,88.6338
2014-07-01,2019-02-04,88.5837
2014-07-02,2019-02-04,88.7229
2014-07-03,2019-02-04,88.8688
2014-07-04,2019-02-04,88.8688
2014-07-07,2019-02-04,88.9273
2014-07-08,2019-02-04,88.8836
2014-07-09,2019-02-04,88.7918
2014-07-10,2019-02-04,88.845
2014-07-11,2019-02-04,89.0256
2014-07-14,2019-02-04,89.0141
2014-07-15,2019-02-04,89.2345
2014-07-16,2019-02-04,89.3308
2014-07-17,2019-02-04,89.3011
2014-07-18,2019-02-04,89.3308
2014-07-21,2019-02-04,89.3038
2014-07-22,2019-02-04,89.4999
2014-07-23,2019-02-04,89.4952
2014-07-24,2019-02-04,89.5623
2014-07-25,2019-02-04,89.8537
2014-07-28,2019-02-04,89.7827
2014-07-29,2019-02-04,90.0769
2014-07-30,2019-02-04,90.4503
2014-07-31,2019-02-04,90.3632
2014-08-01,2019-02-04,90.2954
2014-08-04,2019-02-04,90.3481
2014-08-05,2019-02-04,90.6424
2014-08-06,2019-02-04,90.5244
2014-08-07,2019-02-04,90.462
2014-08-08,2019-02-04,90.4933
2014-08-11,2019-02-04,90.4672
2014-08-12,2019-02-04,90.5717
2014-08-13,2019-02-04,90.5911
2014-08-14,2019-02-04,90.4965
2014-08-15,2019-02-04,90.4191
2014-08-18,2019-02-04,90.4857
2014-08-19,2019-02-04,90.7976
2014-08-20,2019-02-04,90.9969
2014-08-21,2019-02-04,91.0821
2014-08-22,2019-02-04,91.2481
2014-08-25,2019-02-04,91.4033
2014-08-26,2019-02-04,91.4046
2014-08-27,2019-02-04,91.2135
2014-08-28,2019-02-04,91.1371
2014-08-29,2019-02-04,91.2482
2014-09-01,2019-02-04,91.2482
2014-09-02,2019-02-04,91.6951
2014-09-03,2019-02-04,91.5142
2014-09-04,2019-02-04,92.1997
2014-09-05,2019-02-04,92.1699
2014-09-08,2019-02-04,92.5157
2014-09-09,2019-02-04,92.9744
2014-09-10,2019-02-04,92.8883
2014-09-11,2019-02-04,92.9722
2014-09-12,2019-02-04,93.0827
2014-09-15,2019-02-04,93.0289
2014-09-16,2019-02-04,92.7008
2014-09-17,2019-02-04,92.7549
2014-09-18,2019-02-04,92.9734
2014-09-19,2019-02-04,93.3541
2014-09-22,2019-02-04,93.4698
2014-09-23,2019-02-04,93.4952
2014-09-24,2019-02-04,93.812
2014-09-25,2019-02-04,93.9968
2014-09-26,2019-02-04,94.46
2014-09-29,2019-02-04,94.3572
2014-09-30,2019-02-04,94.8157
2014-10-01,2019-02-04,94.7188
2014-10-02,2019-02-04,94.3867
2014-10-03,2019-02-04,95.493
2014-10-06,2019-02-04,94.911
2014-10-07,2019-02-04,94.6871
2014-10-08,2019-02-04,94.5454
2014-10-09,2019-02-04,94.3649
2014-10-10,2019-02-04,94.6096
2014-10-13,2019-02-04,94.6096
2014-10-14,2019-02-04,94.6807
2014-10-15,2019-02-04,94.2805
2014-10-16,2019-02-04,94.0432
2014-10-17,2019-02-04,94.253
2014-10-20,2019-02-04,94.2147
2014-10-21,2019-02-04,94.2352
2014-10-22,2019-02-04,94.5549
2014-10-23,2019-02-04,94.7285
2014-10-24,2019-02-04,94.5457
2014-10-27,2019-02-04,94.469
2014-10-28,2019-02-04,94.1915
2014-10-29,2019-02-04,94.0346
2014-10-30,2019-02-04,94.8153
2014-10-31,2019-02-04,95.7153
2014-11-03,2019-02-04,96.2229
2014-11-04,2019-02-04,96.1339
2014-11-05,2019-02-04,96.4761
2014-11-06,2019-02-04,96.9514
2014-11-07,2019-02-04,96.7409
2014-11-10,2019-02-04,96.684
2014-11-11,2019-02-04,96.684
2014-11-12,2019-02-04,96.4858
2014-11-13,2019-02-04,96.6788
2014-11-14,2019-02-04,96.6113
2014-11-17,2019-02-04,96.8073
2014-11-18,2019-02-04,96.5397
2014-11-19,2019-02-04,96.7388
2014-11-20,2019-02-04,96.7627
2014-11-21,2019-02-04,96.9442
2014-11-24,2019-02-04,97.0191
2014-11-25,2019-02-04,96.8057
2014-11-26,2019-02-04,96.539
2014-11-27,2019-02-04,96.539
2014-11-28,2019-02-04,97.4699
2014-12-01,2019-02-04,96.9578
2014-12-02,2019-02-04,97.6313
2014-12-03,2019-02-04,97.8747
2014-12-04,2019-02-04,97.4671
2014-12-05,2019-02-04,98.3097
2014-12-08,2019-02-04,98.4225
2014-12-09,2019-02-04,97.5942
2014-12-10,2019-02-04,97.6888
2014-12-11,2019-02-04,98.02
2014-12-12,2019-02-04,97.6007
2014-12-15,2019-02-04,97.8978
2014-12-16,2019-02-04,97.6733
2014-12-17,2019-02-04,98.1243
2014-12-18,2019-02-04,98.5601
2014-12-19,2019-02-04,98.9647
2014-12-22,2019-02-04,98.9824
2014-12-23,2019-02-04,99.3543
2014-12-24,2019-02-04,99.2653
2014-12-25,2019-02-04,99.2653
2014-12-26,2019-02-04,99.2653
2014-12-29,2019-02-04,99.3423
2014-12-30,2019-02-04,99.068
2014-12-31,2019-02-04,99.3991
2015-01-01,2019-02-04,99.3991
2015-01-02,2019-02-04,100.2332
2015-01-05,2019-02-04,100.7697
2015-01-06,2019-02-04,100.6211
2015-01-07,2019-02-04,101.4189
2015-01-08,2019-02-04,101.2975
2015-01-09,2019-02-04,101.1977
2015-01-12,2019-02-04,101.3279
2015-01-13,2019-02-04,101.5506
2015-01-14,2019-02-04,101.2664
2015-01-15,2019-02-04,101.3073
2015-01-16,2019-02-04,101.54
2015-01-19,2019-02-04,101.54
2015-01-20,2019-02-04,101.8985
2015-01-21,2019-02-04,102.4163
2015-01-22,2019-02-04,103.0828
2015-01-23,2019-02-04,103.7549
2015-01-26,2019-02-04,103.8855
2015-01-27,2019-02-04,103.4358
2015-01-28,2019-02-04,103.6918
2015-01-29,2019-02-04,104.6161
2015-01-30,2019-02-04,104.7517
2015-02-02,2019-02-04,104.2528
2015-02-03,2019-02-04,103.4723
2015-02-04,2019-02-04,103.8026
2015-02-05,2019-02-04,103.3468
2015-02-06,2019-02-04,104.1939
2015-02-09,2019-02-04,104.0412
2015-02-10,2019-02-04,104.289
2015-02-11,2019-02-04,104.7873
2015-02-12,2019-02-04,103.6755
2015-02-13,2019-02-04,103.6419
2015-02-16,2019-02-04,103.6419
2015-02-17,2019-02-04,103.6315
2015-02-18,2019-02-04,103.9902
2015-02-19,2019-02-04,103.826
2015-02-20,2019-02-04,103.9307
2015-02-23,2019-02-04,104.2162
2015-02-24,2019-02-04,104.4736
2015-02-25,2019-02-04,103.7008
2015-02-26,2019-02-04,104.5824
2015-02-27,2019-02-04,104.6871
2015-03-02,2019-02-04,104.9045
2015-03-03,2019-02-04,104.5225
2015-03-04,2019-02-04,105.1791
2015-03-05,2019-02-04,105.6732
2015-03-06,2019-02-04,106.8648
2015-03-09,2019-02-04,106.8691
2015-03-10,2019-02-04,107.5999
2015-03-11,2019-02-04,108.6456
2015-03-12,2019-02-04,108.2478
2015-03-13,2019-02-04,109.0326
2015-03-16,2019-02-04,108.712
2015-03-17,2019-02-04,108.6592
2015-03-18,2019-02-04,108.4693
2015-03-19,2019-02-04,108.4388
2015-03-20,2019-02-04,107.0399
2015-03-23,2019-02-04,106.1593
2015-03-24,2019-02-04,106.2408
2015-03-25,2019-02-04,105.857
2015-03-26,2019-02-04,106.0522
2015-03-27,2019-02-04,106.435
2015-03-30,2019-02-04,107.2505
2015-03-31,2019-02-04,107.4944
2015-04-01,2019-02-04,107.1864
2015-04-02,2019-02-04,106.6942
2015-04-03,2019-02-04,105.7388
2015-04-06,2019-02-04,105.6148
2015-04-07,2019-02-04,106.6108
2015-04-08,2019-02-04,106.6454
2015-04-09,2019-02-04,107.6515
2015-04-10,2019-02-04,108.0942
2015-04-13,2019-02-04,108.196
2015-04-14,2019-02-04,107.2322
2015-04-15,2019-02-04,107.3073
2015-04-16,2019-02-04,106.0254
2015-04-17,2019-02-04,105.8824
2015-04-20,2019-02-04,105.9755
2015-04-21,2019-02-04,106.1468
2015-04-22,2019-02-04,106.2561
2015-04-23,2019-02-04,105.6109
2015-04-24,2019-02-04,105.1789
2015-04-27,2019-02-04,104.9196
2015-04-28,2019-02-04,104.213
2015-04-29,2019-02-04,103.0956
2015-04-30,2019-02-04,103.8882
2015-05-01,2019-02-04,104.1307
2015-05-04,2019-02-04,104.1141
2015-05-05,2019-02-04,103.656
2015-05-06,2019-02-04,102.7762
2015-05-07,2019-02-04,103.4346
2015-05-08,2019-02-04,103.3163
2015-05-11,2019-02-04,103.6994
2015-05-12,2019-02-04,102.8877
2015-05-13,2019-02-04,102.0961
2015-05-14,2019-02-04,102.221
2015-05-15,2019-02-04,102.0967
2015-05-18,2019-02-04,102.8627
2015-05-19,2019-02-04,104.0495
2015-05-20,2019-02-04,104.4023
2015-05-21,2019-02-04,104.0505
2015-05-22,2019-02-04,104.858
2015-05-25,2019-02-04,104.858
2015-05-26,2019-02-04,106.1167
2015-05-27,2019-02-04,106.3588
2015-05-28,2019-02-04,106.3203
2015-05-29,2019-02-04,105.9506
2015-06-01,2019-02-04,106.6608
2015-06-02,2019-02-04,105.2669
2015-06-03,2019-02-04,104.6628
2015-06-04,2019-02-04,104.9079
2015-06-05,2019-02-04,105.8015
2015-06-08,2019-02-04,105.085
2015-06-09,2019-02-04,104.3895
2015-06-10,2019-02-04,103.8873
2015-06-11,2019-02-04,104.4235
2015-06-12,2019-02-04,104.0687
2015-06-15,2019-02-04,104.2175
2015-06-16,2019-02-04,104.2791
2015-06-17,2019-02-04,104.2567
2015-06-18,2019-02-04,103.0543
2015-06-19,2019-02-04,103.4755
2015-06-22,2019-02-04,103.4573
2015-06-23,2019-02-04,104.4135
2015-06-24,2019-02-04,104.8142
2015-06-25,2019-02-04,104.4693
2015-06-26,2019-02-04,104.6996
2015-06-29,2019-02-04,104.4312
2015-06-30,2019-02-04,104.7612
2015-07-01,2019-02-04,105.4903
2015-07-02,2019-02-04,105.52
2015-07-03,2019-02-04,105.52
2015-07-06,2019-02-04,105.6792
2015-07-07,2019-02-04,106.5891
2015-07-08,2019-02-04,105.9607
2015-07-09,2019-02-04,106.2279
2015-07-10,2019-02-04,105.769
2015-07-13,2019-02-04,106.4725
2015-07-14,2019-02-04,106.3739
2015-07-15,2019-02-04,107.1086
2015-07-16,2019-02-04,107.396
2015-07-17,2019-02-04,107.768
2015-07-20,2019-02-04,107.7842
2015-07-21,2019-02-04,107.3808
2015-07-22,2019-02-04,107.7111
2015-07-23,2019-02-04,107.4
2015-07-24,2019-02-04,107.5327
2015-07-27,2019-02-04,106.7557
2015-07-28,2019-02-04,106.8263
2015-07-29,2019-02-04,106.8789
2015-07-30,2019-02-04,107.7512
2015-07-31,2019-02-04,107.2278
2015-08-03,2019-02-04,107.7793
2015-08-04,2019-02-04,107.7305
2015-08-05,2019-02-04,108.374
2015-08-06,2019-02-04,108.1416
2015-08-07,2019-02-04,107.9289
2015-08-10,2019-02-04,107.6083
2015-08-11,2019-02-04,107.7296
2015-08-12,2019-02-04,106.4294
2015-08-13,2019-02-04,106.9872
2015-08-14,2019-02-04,107.0843
2015-08-17,2019-02-04,107.2545
2015-08-18,2019-02-04,107.3884
2015-08-19,2019-02-04,107.4341
2015-08-20,2019-02-04,106.5482
2015-08-21,2019-02-04,105.8997
2015-08-24,2019-02-04,104.8069
2015-08-25,2019-02-04,105.8818
2015-08-26,2019-02-04,106.0622
2015-08-27,2019-02-04,106.6726
2015-08-28,2019-02-04,107.1934
2015-08-31,2019-02-04,107.0489
2015-09-01,2019-02-04,106.5602
2015-09-02,2019-02-04,107.0052
2015-09-03,2019-02-04,107.3584
2015-09-04,2019-02-04,107.4416
2015-09-07,2019-02-04,107.4416
2015-09-08,2019-02-04,106.91
2015-09-09,2019-02-04,107.1859
2015-09-10,2019-02-04,106.6758
2015-09-11,2019-02-04,106.5381
2015-09-14,2019-02-04,106.4915
2015-09-15,2019-02-04,106.8143
2015-09-16,2019-02-04,106.3052
2015-09-17,2019-02-04,106.3476
2015-09-18,2019-02-04,105.8281
2015-09-21,2019-02-04,106.849
2015-09-22,2019-02-04,107.2837
2015-09-23,2019-02-04,107.4351
2015-09-24,2019-02-04,107.0743
2015-09-25,2019-02-04,107.4482
2015-09-28,2019-02-04,107.2395
2015-09-29,2019-02-04,107.325
2015-09-30,2019-02-04,107.6649
2015-10-01,2019-02-04,107.0718
2015-10-02,2019-02-04,106.6446
2015-10-05,2019-02-04,106.7746
2015-10-06,2019-02-04,106.3252
2015-10-07,2019-02-04,106.232
2015-10-08,2019-02-04,106.0397
2015-10-09,2019-02-04,105.5411
2015-10-12,2019-02-04,105.5411
2015-10-13,2019-02-04,105.5653
2015-10-14,2019-02-04,105.1177
2015-10-15,2019-02-04,104.8317
2015-10-16,2019-02-04,105.3375
2015-10-19,2019-02-04,105.6304
2015-10-20,2019-02-04,105.452
2015-10-21,2019-02-04,105.8878
2015-10-22,2019-02-04,106.7664
2015-10-23,2019-02-04,107.5891
2015-10-26,2019-02-04,107.32
2015-10-27,2019-02-04,107.5689
2015-10-28,2019-02-04,107.3579
2015-10-29,2019-02-04,107.9572
2015-10-30,2019-02-04,107.2286
2015-11-02,2019-02-04,107.3224
2015-11-03,2019-02-04,107.7573
2015-11-04,2019-02-04,108.2979
2015-11-05,2019-02-04,108.4154
2015-11-06,2019-02-04,109.6448
2015-11-09,2019-02-04,109.3951
2015-11-10,2019-02-04,109.7484
2015-11-11,2019-02-04,109.7484
2015-11-12,2019-02-04,109.345
2015-11-13,2019-02-04,109.6343
2015-11-16,2019-02-04,109.7684
2015-11-17,2019-02-04,110.0696
2015-11-18,2019-02-04,110.1549
2015-11-19,2019-02-04,109.2409
2015-11-20,2019-02-04,109.8713
2015-11-23,2019-02-04,110.2738
2015-11-24,2019-02-04,109.8957
2015-11-25,2019-02-04,110.0318
2015-11-26,2019-02-04,110.0318
2015-11-27,2019-02-04,110.4
2015-11-30,2019-02-04,110.4757
2015-12-01,2019-02-04,110.2403
2015-12-02,2019-02-04,110.5813
2015-12-03,2019-02-04,109.0268
2015-12-04,2019-02-04,108.9985
2015-12-07,2019-02-04,109.6117
2015-12-08,2019-02-04,109.6761
2015-12-09,2019-02-04,108.9498
2015-12-10,2019-02-04,109.0131
2015-12-11,2019-02-04,108.9489
2015-12-14,2019-02-04,108.9449
2015-12-15,2019-02-04,109.6636
2015-12-16,2019-02-04,109.7397
2015-12-17,2019-02-04,110.9744
2015-12-18,2019-02-04,110.3044
2015-12-21,2019-02-04,110.2509
2015-12-22,2019-02-04,109.8989
2015-12-23,2019-02-04,110.1442
2015-12-24,2019-02-04,109.6017
2015-12-25,2019-02-04,109.6017
2015-12-28,2019-02-04,109.6473
2015-12-29,2019-02-04,109.9026
2015-12-30,2019-02-04,109.9783
2015-12-31,2019-02-04,110.1841
2016-01-01,2019-02-04,110.1841
2016-01-04,2019-02-04,110.7021
2016-01-05,2019-02-04,111.012
2016-01-06,2019-02-04,111.1543
2016-01-07,2019-02-04,110.6582
2016-01-08,2019-02-04,110.7693
2016-01-11,2019-02-04,110.8545
2016-01-12,2019-02-04,111.4149
2016-01-13,2019-02-04,111.3018
2016-01-14,2019-02-04,111.5388
2016-01-15,2019-02-04,111.4281
2016-01-18,2019-02-04,111.4281
2016-01-19,2019-02-04,111.826
2016-01-20,2019-02-04,111.8693
2016-01-21,2019-02-04,111.5121
2016-01-22,2019-02-04,111.4054
2016-01-25,2019-02-04,111.6396
2016-01-26,2019-02-04,111.0906
2016-01-27,2019-02-04,111.0313
2016-01-28,2019-02-04,110.6392
2016-01-29,2019-02-04,111.6148
2016-02-01,2019-02-04,111.0616
2016-02-02,2019-02-04,110.9404
2016-02-03,2019-02-04,109.4055
2016-02-04,2019-02-04,108.3081
2016-02-05,2019-02-04,109.0951
2016-02-08,2019-02-04,108.8906
2016-02-09,2019-02-04,108.0285
2016-02-10,2019-02-04,108.4889
2016-02-11,2019-02-04,107.5598
2016-02-12,2019-02-04,108.0059
2016-02-15,2019-02-04,108.0059
2016-02-16,2019-02-04,108.7429
2016-02-17,2019-02-04,108.3606
2016-02-18,2019-02-04,108.5525
2016-02-19,2019-02-04,108.4163
2016-02-22,2019-02-04,108.83
2016-02-23,2019-02-04,109.0245
2016-02-24,2019-02-04,108.9145
2016-02-25,2019-02-04,108.6433
2016-02-26,2019-02-04,109.2235
2016-02-29,2019-02-04,109.2403
2016-03-01,2019-02-04,109.1861
2016-03-02,2019-02-04,109.1744
2016-03-03,2019-02-04,108.4389
2016-03-04,2019-02-04,108.0026
2016-03-07,2019-02-04,107.8831
2016-03-08,2019-02-04,107.8787
2016-03-09,2019-02-04,107.5711
2016-03-10,2019-02-04,107.2842
2016-03-11,2019-02-04,106.743
2016-03-14,2019-02-04,107.3182
2016-03-15,2019-02-04,107.4971
2016-03-16,2019-02-04,107.843
2016-03-17,2019-02-04,105.2596
2016-03-18,2019-02-04,105.344
2016-03-21,2019-02-04,105.7853
2016-03-22,2019-02-04,106.0424
2016-03-23,2019-02-04,106.8255
2016-03-24,2019-02-04,107.034
2016-03-25,2019-02-04,107.0863
2016-03-28,2019-02-04,106.6243
2016-03-29,2019-02-04,106.5512
2016-03-30,2019-02-04,105.3641
2016-03-31,2019-02-04,105.1093
2016-04-01,2019-02-04,105.4093
2016-04-04,2019-02-04,105.2416
2016-04-05,2019-02-04,105.6114
2016-04-06,2019-02-04,105.0328
2016-04-07,2019-02-04,105.299
2016-04-08,2019-02-04,104.8467
2016-04-11,2019-02-04,104.4572
2016-04-12,2019-02-04,104.3076
2016-04-13,2019-02-04,104.8629
2016-04-14,2019-02-04,105.0805
2016-04-15,2019-02-04,104.8972
2016-04-18,2019-02-04,104.638
2016-04-19,2019-02-04,103.9734
2016-04-20,2019-02-04,104.1596
2016-04-21,2019-02-04,104.5434
2016-04-22,2019-02-04,104.9402
2016-04-25,2019-02-04,104.6763
2016-04-26,2019-02-04,104.2665
2016-04-27,2019-02-04,104.4092
2016-04-28,2019-02-04,103.7908
2016-04-29,2019-02-04,103.1032
2016-05-02,2019-02-04,102.7057
2016-05-03,2019-02-04,103.1935
2016-05-04,2019-02-04,103.9091
2016-05-05,2019-02-04,104.2158
2016-05-06,2019-02-04,104.3079
2016-05-09,2019-02-04,104.8097
2016-05-10,2019-02-04,104.8674
2016-05-11,2019-02-04,104.2184
2016-05-12,2019-02-04,104.5911
2016-05-13,2019-02-04,105.2653
2016-05-16,2019-02-04,104.9526
2016-05-17,2019-02-04,104.8442
2016-05-18,2019-02-04,105.2021
2016-05-19,2019-02-04,105.9627
2016-05-20,2019-02-04,106.2174
2016-05-23,2019-02-04,106.2441
2016-05-24,2019-02-04,106.2642
2016-05-25,2019-02-04,106.1239
2016-05-26,2019-02-04,105.695
2016-05-27,2019-02-04,105.9664
2016-05-30,2019-02-04,105.9664
2016-05-31,2019-02-04,106.4048
2016-06-01,2019-02-04,106.2024
2016-06-02,2019-02-04,106.1046
2016-06-03,2019-02-04,104.7165
2016-06-06,2019-02-04,104.4881
2016-06-07,2019-02-04,104.1864
2016-06-08,2019-02-04,103.6751
2016-06-09,2019-02-04,104.0993
2016-06-10,2019-02-04,104.4754
2016-06-13,2019-02-04,104.5832
2016-06-14,2019-02-04,105.0289
2016-06-15,2019-02-04,105.0152
2016-06-16,2019-02-04,105.5041
2016-06-17,2019-02-04,104.5569
2016-06-20,2019-02-04,103.8407
2016-06-21,2019-02-04,104.0993
2016-06-22,2019-02-04,103.9932
2016-06-23,2019-02-04,103.5423
2016-06-24,2019-02-04,105.4976
2016-06-27,2019-02-04,106.5512
2016-06-28,2019-02-04,106.5539
2016-06-29,2019-02-04,105.8524
2016-06-30,2019-02-04,106.4656
2016-07-01,2019-02-04,105.6588
2016-07-04,2019-02-04,105.6588
2016-07-05,2019-02-04,106.1603
2016-07-06,2019-02-04,106.301
2016-07-07,2019-02-04,106.2613
2016-07-08,2019-02-04,106.5487
2016-07-11,2019-02-04,106.883
2016-07-12,2019-02-04,106.5583
2016-07-13,2019-02-04,106.2369
2016-07-14,2019-02-04,106.1666
2016-07-15,2019-02-04,106.6903
2016-07-18,2019-02-04,106.6045
2016-07-19,2019-02-04,107.1558
2016-07-20,2019-02-04,107.2403
2016-07-21,2019-02-04,107.1206
2016-07-22,2019-02-04,107.7636
2016-07-25,2019-02-04,107.7476
2016-07-26,2019-02-04,107.5365
2016-07-27,2019-02-04,107.7337
2016-07-28,2019-02-04,106.9601
2016-07-29,2019-02-04,105.8272
2016-08-01,2019-02-04,105.9755
2016-08-02,2019-02-04,105.4338
2016-08-03,2019-02-04,105.728
2016-08-04,2019-02-04,105.864
2016-08-05,2019-02-04,106.6184
2016-08-08,2019-02-04,106.7314
2016-08-09,2019-02-04,106.4349
2016-08-10,2019-02-04,105.9335
2016-08-11,2019-02-04,105.8558
2016-08-12,2019-02-04,105.689
2016-08-15,2019-02-04,105.579
2016-08-16,2019-02-04,104.8644
2016-08-17,2019-02-04,105.0156
2016-08-18,2019-02-04,104.3004
2016-08-19,2019-02-04,104.697
2016-08-22,2019-02-04,104.8387
2016-08-23,2019-02-04,104.723
2016-08-24,2019-02-04,105.0247
2016-08-25,2019-02-04,105.0158
2016-08-26,2019-02-04,105.288
2016-08-29,2019-02-04,105.9089
2016-08-30,2019-02-04,106.3264
2016-08-31,2019-02-04,106.479
2016-09-01,2019-02-04,106.0873
2016-09-02,2019-02-04,106.0839
2016-09-05,2019-02-04,106.0839
2016-09-06,2019-02-04,104.9602
2016-09-07,2019-02-04,105.0622
2016-09-08,2019-02-04,105.1592
2016-09-09,2019-02-04,105.7909
2016-09-12,2019-02-04,105.6462
2016-09-13,2019-02-04,105.9727
2016-09-14,2019-02-04,105.8912
2016-09-15,2019-02-04,105.8586
2016-09-16,2019-02-04,106.519
2016-09-19,2019-02-04,106.3056
2016-09-20,2019-02-04,106.4843
2016-09-21,2019-02-04,106.2377
2016-09-22,2019-02-04,105.5143
2016-09-23,2019-02-04,106.0002
2016-09-26,2019-02-04,105.7578
2016-09-27,2019-02-04,106.1107
2016-09-28,2019-02-04,106.1548
2016-09-29,2019-02-04,105.767
2016-09-30,2019-02-04,105.7915
2016-10-03,2019-02-04,106.174
2016-10-04,2019-02-04,106.5159
2016-10-05,2019-02-04,106.7158
2016-10-06,2019-02-04,107.1208
2016-10-07,2019-02-04,107.4845
2016-10-10,2019-02-04,107.4845
2016-10-11,2019-02-04,107.9374
2016-10-12,2019-02-04,108.4041
2016-10-13,2019-02-04,108.0317
2016-10-14,2019-02-04,108.1954
2016-10-17,2019-02-04,108.0216
2016-10-18,2019-02-04,107.8031
2016-10-19,2019-02-04,107.8748
2016-10-20,2019-02-04,108.3624
2016-10-21,2019-02-04,109.0131
2016-10-24,2019-02-04,109.0884
2016-10-25,2019-02-04,108.9964
2016-10-26,2019-02-04,108.9035
2016-10-27,2019-02-04,109.2148
2016-10-28,2019-02-04,109.1518
2016-10-31,2019-02-04,108.9492
2016-11-01,2019-02-04,108.4267
2016-11-02,2019-02-04,107.8154
2016-11-03,2019-02-04,107.7882
2016-11-04,2019-02-04,107.6166
2016-11-07,2019-02-04,108.2474
2016-11-08,2019-02-04,108.2255
2016-11-09,2019-02-04,108.6403
2016-11-10,2019-02-04,109.3344
2016-11-11,2019-02-04,109.3344
2016-11-14,2019-02-04,110.5829
2016-11-15,2019-02-04,110.4638
2016-11-16,2019-02-04,110.4745
2016-11-17,2019-02-04,110.7801
2016-11-18,2019-02-04,111.5281
2016-11-21,2019-02-04,111.2829
2016-11-22,2019-02-04,111.2326
2016-11-23,2019-02-04,111.7365
2016-11-24,2019-02-04,111.7365
2016-11-25,2019-02-04,111.7412
2016-11-28,2019-02-04,111.4919
2016-11-29,2019-02-04,111.317
2016-11-30,2019-02-04,111.7916
2016-12-01,2019-02-04,111.185
2016-12-02,2019-02-04,110.7902
2016-12-05,2019-02-04,110.4999
2016-12-06,2019-02-04,110.5281
2016-12-07,2019-02-04,110.3031
2016-12-08,2019-02-04,110.9443
2016-12-09,2019-02-04,111.29
2016-12-12,2019-02-04,110.8708
2016-12-13,2019-02-04,110.6641
2016-12-14,2019-02-04,110.5253
2016-12-15,2019-02-04,113.2934
2016-12-16,2019-02-04,112.6246
2016-12-19,2019-02-04,112.7141
2016-12-20,2019-02-04,113.1559
2016-12-21,2019-02-04,113.0452
2016-12-22,2019-02-04,113.1018
2016-12-23,2019-02-04,113.3116
2016-12-26,2019-02-04,113.3116
2016-12-27,2019-02-04,113.3568
2016-12-28,2019-02-04,113.7235
2016-12-29,2019-02-04,112.8976
2016-12-30,2019-02-04,112.3889
2017-01-02,2019-02-04,112.3889
2017-01-03,2019-02-04,113.2468
2017-01-04,2019-02-04,112.5283
2017-01-05,2019-02-04,111.3728
2017-01-06,2019-02-04,111.8461
2017-01-09,2019-02-04,111.8066
2017-01-10,2019-02-04,111.7603
2017-01-11,2019-02-04,112.2084
2017-01-12,2019-02-04,110.7741
2017-01-13,2019-02-04,111.1411
2017-01-16,2019-02-04,111.1411
2017-01-17,2019-02-04,110.1695
2017-01-18,2019-02-04,110.6192
2017-01-19,2019-02-04,111.472
2017-01-20,2019-02-04,111.472
2017-01-23,2019-02-04,110.3727
2017-01-24,2019-02-04,110.0776
2017-01-25,2019-02-04,109.836
2017-01-26,2019-02-04,110.4028
2017-01-27,2019-02-04,110.4156
2017-01-30,2019-02-04,110.2834
2017-01-31,2019-02-04,109.3693
2017-02-01,2019-02-04,109.7011
2017-02-02,2019-02-04,109.28
2017-02-03,2019-02-04,109.3214
2017-02-06,2019-02-04,109.9071
2017-02-07,2019-02-04,110.1575
2017-02-08,2019-02-04,109.9263
2017-02-09,2019-02-04,110.3724
2017-02-10,2019-02-04,110.2412
2017-02-13,2019-02-04,110.5313
2017-02-14,2019-02-04,110.8104
2017-02-15,2019-02-04,110.6498
2017-02-16,2019-02-04,110.1722
2017-02-17,2019-02-04,110.5164
2017-02-20,2019-02-04,110.5164
2017-02-21,2019-02-04,110.9357
2017-02-22,2019-02-04,111.0306
2017-02-23,2019-02-04,110.489
2017-02-24,2019-02-04,110.5099
2017-02-27,2019-02-04,110.3055
2017-02-28,2019-02-04,110.7103
2017-03-01,2019-02-04,111.5133
2017-03-02,2019-02-04,112.0325
2017-03-03,2019-02-04,111.9989
2017-03-06,2019-02-04,111.7405
2017-03-07,2019-02-04,111.805
2017-03-08,2019-02-04,112.2766
2017-03-09,2019-02-04,112.1793
2017-03-10,2019-02-04,111.7896
2017-03-13,2019-02-04,111.5628
2017-03-14,2019-02-04,111.7603
2017-03-15,2019-02-04,111.7414
2017-03-16,2019-02-04,110.5099
2017-03-17,2019-02-04,110.5699
2017-03-20,2019-02-04,110.4733
2017-03-21,2019-02-04,109.9557
2017-03-22,2019-02-04,109.9457
2017-03-23,2019-02-04,109.9526
2017-03-24,2019-02-04,109.9955
2017-03-27,2019-02-04,109.4714
2017-03-28,2019-02-04,109.6662
2017-03-29,2019-02-04,110.2939
2017-03-30,2019-02-04,110.1648
2017-03-31,2019-02-04,110.3704
2017-04-03,2019-02-04,110.7315
2017-04-04,2019-02-04,110.7796
2017-04-05,2019-02-04,110.8075
2017-04-06,2019-02-04,110.8363
2017-04-07,2019-02-04,111.0281
2017-04-10,2019-02-04,110.9759
2017-04-11,2019-02-04,110.6836
2017-04-12,2019-02-04,110.5722
2017-04-13,2019-02-04,110.3036
2017-04-14,2019-02-04,110.3505
2017-04-17,2019-02-04,110.0173
2017-04-18,2019-02-04,109.8931
2017-04-19,2019-02-04,110.1858
2017-04-20,2019-02-04,109.9748
2017-04-21,2019-02-04,110.314
2017-04-24,2019-02-04,109.7964
2017-04-25,2019-02-04,109.7201
2017-04-26,2019-02-04,110.0726
2017-04-27,2019-02-04,110.1794
2017-04-28,2019-02-04,110.0553
2017-05-01,2019-02-04,109.9927
2017-05-02,2019-02-04,110.2133
2017-05-03,2019-02-04,110.1614
2017-05-04,2019-02-04,110.1285
2017-05-05,2019-02-04,109.8515
2017-05-08,2019-02-04,110.2591
2017-05-09,2019-02-04,110.729
2017-05-10,2019-02-04,110.5703
2017-05-11,2019-02-04,110.6793
2017-05-12,2019-02-04,110.4076
2017-05-15,2019-02-04,110.0011
2017-05-16,2019-02-04,109.4228
2017-05-17,2019-02-04,108.8919
2017-05-18,2019-02-04,108.7614
2017-05-19,2019-02-04,108.4444
2017-05-22,2019-02-04,108.1382
2017-05-23,2019-02-04,108.3368
2017-05-24,2019-02-04,108.457
2017-05-25,2019-02-04,108.2092
2017-05-26,2019-02-04,108.5065
2017-05-29,2019-02-04,108.5065
2017-05-30,2019-02-04,108.3274
2017-05-31,2019-02-04,108.1421
2017-06-01,2019-02-04,108.311
2017-06-02,2019-02-04,107.9763
2017-06-05,2019-02-04,107.9828
2017-06-06,2019-02-04,107.6833
2017-06-07,2019-02-04,107.9313
2017-06-08,2019-02-04,108.0485
2017-06-09,2019-02-04,108.2813
2017-06-12,2019-02-04,108.2073
2017-06-13,2019-02-04,107.7183
2017-06-14,2019-02-04,107.1096
2017-06-15,2019-02-04,108.0786
2017-06-16,2019-02-04,107.7908
2017-06-19,2019-02-04,107.9523
2017-06-20,2019-02-04,108.3874
2017-06-21,2019-02-04,108.4193
2017-06-22,2019-02-04,108.1726
2017-06-23,2019-02-04,107.9384
2017-06-26,2019-02-04,107.8855
2017-06-27,2019-02-04,107.3957
2017-06-28,2019-02-04,106.6539
2017-06-29,2019-02-04,106.3014
2017-06-30,2019-02-04,106.2743
2017-07-03,2019-02-04,106.67
2017-07-04,2019-02-04,106.67
2017-07-05,2019-02-04,106.8204
2017-07-06,2019-02-04,106.3708
2017-07-07,2019-02-04,106.4483
2017-07-10,2019-02-04,106.4809
2017-07-11,2019-02-04,106.4912
2017-07-12,2019-02-04,106.0061
2017-07-13,2019-02-04,106.0213
2017-07-14,2019-02-04,105.3015
2017-07-17,2019-02-04,105.2908
2017-07-18,2019-02-04,104.6993
2017-07-19,2019-02-04,104.7128
2017-07-20,2019-02-04,104.3027
2017-07-21,2019-02-04,104.0864
2017-07-24,2019-02-04,103.9926
2017-07-25,2019-02-04,103.9836
2017-07-26,2019-02-04,104.1805
2017-07-27,2019-02-04,104.1075
2017-07-28,2019-02-04,103.4041
2017-07-31,2019-02-04,103.1406
2017-08-01,2019-02-04,103.3462
2017-08-02,2019-02-04,103.1457
2017-08-03,2019-02-04,103.1816
2017-08-04,2019-02-04,103.9887
2017-08-07,2019-02-04,104.0007
2017-08-08,2019-02-04,104.2288
2017-08-09,2019-02-04,104.0998
2017-08-10,2019-02-04,103.9949
2017-08-11,2019-02-04,103.693
2017-08-14,2019-02-04,103.9198
2017-08-15,2019-02-04,104.4285
2017-08-16,2019-02-04,104.5022
2017-08-17,2019-02-04,104.036
2017-08-18,2019-02-04,103.8085
2017-08-21,2019-02-04,103.4731
2017-08-22,2019-02-04,103.7443
2017-08-23,2019-02-04,103.6175
2017-08-24,2019-02-04,103.5441
2017-08-25,2019-02-04,103.0861
2017-08-28,2019-02-04,102.6766
2017-08-29,2019-02-04,102.4727
2017-08-30,2019-02-04,103.2493
2017-08-31,2019-02-04,103.1713
2017-09-01,2019-02-04,102.8214
2017-09-04,2019-02-04,102.8214
2017-09-05,2019-02-04,102.451
2017-09-06,2019-02-04,101.9058
2017-09-07,2019-02-04,101.3353
2017-09-08,2019-02-04,101.09
2017-09-11,2019-02-04,101.6179
2017-09-12,2019-02-04,101.7038
2017-09-13,2019-02-04,102.1992
2017-09-14,2019-02-04,102.1492
2017-09-15,2019-02-04,101.6738
2017-09-18,2019-02-04,102.0448
2017-09-19,2019-02-04,101.9341
2017-09-20,2019-02-04,101.8214
2017-09-21,2019-02-04,102.3171
2017-09-22,2019-02-04,102.1744
2017-09-25,2019-02-04,102.6958
2017-09-26,2019-02-04,103.1806
2017-09-27,2019-02-04,103.4379
2017-09-28,2019-02-04,103.457
2017-09-29,2019-02-04,103.4256
2017-10-02,2019-02-04,103.7928
2017-10-03,2019-02-04,103.755
2017-10-04,2019-02-04,103.6958
2017-10-05,2019-02-04,104.1913
2017-10-06,2019-02-04,104.1446
2017-10-09,2019-02-04,104.1446
2017-10-10,2019-02-04,103.5607
2017-10-11,2019-02-04,103.4742
2017-10-12,2019-02-04,103.4417
2017-10-13,2019-02-04,103.3137
2017-10-16,2019-02-04,103.4838
2017-10-17,2019-02-04,103.9754
2017-10-18,2019-02-04,103.7645
2017-10-19,2019-02-04,103.4678
2017-10-20,2019-02-04,104.2188
2017-10-23,2019-02-04,104.3219
2017-10-24,2019-02-04,104.471
2017-10-25,2019-02-04,104.5692
2017-10-26,2019-02-04,105.0842
2017-10-27,2019-02-04,105.7358
2017-10-30,2019-02-04,105.3262
2017-10-31,2019-02-04,105.3612
2017-11-01,2019-02-04,105.5564
2017-11-02,2019-02-04,105.2736
2017-11-03,2019-02-04,105.4801
2017-11-06,2019-02-04,105.3389
2017-11-07,2019-02-04,105.5496
2017-11-08,2019-02-04,105.337
2017-11-09,2019-02-04,104.9902
2017-11-10,2019-02-04,104.9902
2017-11-13,2019-02-04,105.1461
2017-11-14,2019-02-04,104.6919
2017-11-15,2019-02-04,104.6523
2017-11-16,2019-02-04,104.5634
2017-11-17,2019-02-04,104.4409
2017-11-20,2019-02-04,104.7438
2017-11-21,2019-02-04,104.662
2017-11-22,2019-02-04,104.197
2017-11-23,2019-02-04,104.197
2017-11-24,2019-02-04,103.5469
2017-11-27,2019-02-04,103.6756
2017-11-28,2019-02-04,104.0385
2017-11-29,2019-02-04,104.1406
2017-11-30,2019-02-04,104.0945
2017-12-01,2019-02-04,103.5313
2017-12-04,2019-02-04,103.939
2017-12-05,2019-02-04,104.0236
2017-12-06,2019-02-04,104.4044
2017-12-07,2019-02-04,104.5344
2017-12-08,2019-02-04,104.8841
2017-12-11,2019-02-04,104.6447
2017-12-12,2019-02-04,105.0703
2017-12-13,2019-02-04,104.7865
2017-12-14,2019-02-04,104.5135
2017-12-15,2019-02-04,104.6471
2017-12-18,2019-02-04,104.4274
2017-12-19,2019-02-04,104.5825
2017-12-20,2019-02-04,104.2412
2017-12-21,2019-02-04,104.0304
2017-12-22,2019-02-04,104.1886
2017-12-25,2019-02-04,104.1886
2017-12-26,2019-02-04,103.9336
2017-12-27,2019-02-04,103.6654
2017-12-28,2019-02-04,103.2049
2017-12-29,2019-02-04,102.6919
2018-01-01,2019-02-04,102.6919
2018-01-02,2019-02-04,102.4463
2018-01-03,2019-02-04,102.6647
2018-01-04,2019-02-04,102.5561
2018-01-05,2019-02-04,102.3746
2018-01-08,2019-02-04,102.6643
2018-01-09,2019-02-04,102.9395
2018-01-10,2019-02-04,102.7131
2018-01-11,2019-02-04,102.4693
2018-01-12,2019-02-04,101.9818
2018-01-15,2019-02-04,101.9818
2018-01-16,2019-02-04,101.1829
2018-01-17,2019-02-04,101.2366
2018-01-18,2019-02-04,101.1399
2018-01-19,2019-02-04,101.1727
2018-01-22,2019-02-04,101.2248
2018-01-23,2019-02-04,100.9461
2018-01-24,2019-02-04,99.9089
2018-01-25,2019-02-04,99.3322
2018-01-26,2019-02-04,99.5588
2018-01-29,2019-02-04,100.045
2018-01-30,2019-02-04,99.8286
2018-01-31,2019-02-04,99.5844
2018-02-01,2019-02-04,99.3627
2018-02-02,2019-02-04,99.9906
2018-02-05,2019-02-04,100.3528
2018-02-06,2019-02-04,100.5574
2018-02-07,2019-02-04,101.0534
2018-02-08,2019-02-04,101.2306
2018-02-09,2019-02-04,101.2793
2018-02-12,2019-02-04,101.1786
2018-02-13,2019-02-04,100.6032
2018-02-14,2019-02-04,100.2797
2018-02-15,2019-02-04,99.676
2018-02-16,2019-02-04,99.8135
2018-02-19,2019-02-04,99.8135
2018-02-20,2019-02-04,100.5613
2018-02-21,2019-02-04,100.9362
2018-02-22,2019-02-04,100.8614
2018-02-23,2019-02-04,100.7969
2018-02-26,2019-02-04,100.9482
2018-02-27,2019-02-04,101.385
2018-02-28,2019-02-04,101.6108
2018-03-01,2019-02-04,101.7697
2018-03-02,2019-02-04,101.3336
2018-03-05,2019-02-04,101.4843
2018-03-06,2019-02-04,100.9655
2018-03-07,2019-02-04,101.2706
2018-03-08,2019-02-04,101.5243
2018-03-09,2019-02-04,101.2547
2018-03-12,2019-02-04,101.2479
2018-03-13,2019-02-04,101.0972
2018-03-14,2019-02-04,101.2442
2018-03-15,2019-02-04,101.6369
2018-03-16,2019-02-04,101.9421
2018-03-19,2019-02-04,101.6427
2018-03-20,2019-02-04,101.9376
2018-03-21,2019-02-04,101.6071
2018-03-22,2019-02-04,101.2453
2018-03-23,2019-02-04,100.8258
2018-03-26,2019-02-04,100.5014
2018-03-27,2019-02-04,100.7126
2018-03-28,2019-02-04,101.1737
2018-03-29,2019-02-04,101.4589
2018-03-30,2019-02-04,101.3331
2018-04-02,2019-02-04,101.4953
2018-04-03,2019-02-04,101.364
2018-04-04,2019-02-04,101.2684
2018-04-05,2019-02-04,101.6242
2018-04-06,2019-02-04,101.3
2018-04-09,2019-02-04,100.9517
2018-04-10,2019-02-04,100.6757
2018-04-11,2019-02-04,100.382
2018-04-12,2019-02-04,100.6569
2018-04-13,2019-02-04,100.7188
2018-04-16,2019-02-04,100.3893
2018-04-17,2019-02-04,100.4496
2018-04-18,2019-02-04,100.6063
2018-04-19,2019-02-04,100.8342
2018-04-20,2019-02-04,101.4308
2018-04-23,2019-02-04,102.1135
2018-04-24,2019-02-04,102.0901
2018-04-25,2019-02-04,102.4513
2018-04-26,2019-02-04,102.7036
2018-04-27,2019-02-04,102.8004
2018-04-30,2019-02-04,102.8957
2018-05-01,2019-02-04,103.4842
2018-05-02,2019-02-04,103.5742
2018-05-03,2019-02-04,103.5543
2018-05-04,2019-02-04,103.6088
2018-05-07,2019-02-04,103.6637
2018-05-08,2019-02-04,104.2122
2018-05-09,2019-02-04,104.0132
2018-05-10,2019-02-04,103.7307
2018-05-11,2019-02-04,103.4047
2018-05-14,2019-02-04,103.2571
2018-05-15,2019-02-04,104.0866
2018-05-16,2019-02-04,104.27
2018-05-17,2019-02-04,104.2642
2018-05-18,2019-02-04,104.5116
2018-05-21,2019-02-04,104.4758
2018-05-22,2019-02-04,104.2004
2018-05-23,2019-02-04,104.7825
2018-05-24,2019-02-04,104.5485
2018-05-25,2019-02-04,104.9724
2018-05-28,2019-02-04,104.9724
2018-05-29,2019-02-04,105.5118
2018-05-30,2019-02-04,104.6532
2018-05-31,2019-02-04,104.8678
2018-06-01,2019-02-04,104.8403
2018-06-04,2019-02-04,104.7485
2018-06-05,2019-02-04,104.9905
2018-06-06,2019-02-04,104.3418
2018-06-07,2019-02-04,104.3902
2018-06-08,2019-02-04,104.4582
2018-06-11,2019-02-04,104.4701
2018-06-12,2019-02-04,104.5239
2018-06-13,2019-02-04,104.5569
2018-06-14,2019-02-04,105.4617
2018-06-15,2019-02-04,105.8532
2018-06-18,2019-02-04,106.0564
2018-06-19,2019-02-04,106.2693
2018-06-20,2019-02-04,106.257
2018-06-21,2019-02-04,106.2374
2018-06-22,2019-02-04,106.0772
2018-06-25,2019-02-04,105.7746
2018-06-26,2019-02-04,105.8757
2018-06-27,2019-02-04,106.3984
2018-06-28,2019-02-04,106.3844
2018-06-29,2019-02-04,105.6907
2018-07-02,2019-02-04,106.2218
2018-07-03,2019-02-04,105.7849
2018-07-04,2019-02-04,105.7849
2018-07-05,2019-02-04,105.5185
2018-07-06,2019-02-04,105.2313
2018-07-09,2019-02-04,105.3383
2018-07-10,2019-02-04,105.4249
2018-07-11,2019-02-04,105.552
2018-07-12,2019-02-04,105.8863
2018-07-13,2019-02-04,106.0334
2018-07-16,2019-02-04,105.7266
2018-07-17,2019-02-04,106.1862
2018-07-18,2019-02-04,106.3702
2018-07-19,2019-02-04,106.7922
2018-07-20,2019-02-04,105.8144
2018-07-23,2019-02-04,105.7836
2018-07-24,2019-02-04,105.8359
2018-07-25,2019-02-04,105.6756
2018-07-26,2019-02-04,105.7605
2018-07-27,2019-02-04,105.6498
2018-07-30,2019-02-04,105.2921
2018-07-31,2019-02-04,105.4659
2018-08-01,2019-02-04,105.5982
2018-08-02,2019-02-04,105.8562
2018-08-03,2019-02-04,105.7917
2018-08-06,2019-02-04,106.0914
2018-08-07,2019-02-04,105.9545
2018-08-08,2019-02-04,106.0988
2018-08-09,2019-02-04,106.1704
2018-08-10,2019-02-04,107.0996
2018-08-13,2019-02-04,107.1472
2018-08-14,2019-02-04,107.3017
2018-08-15,2019-02-04,107.5123
2018-08-16,2019-02-04,107.273
2018-08-17,2019-02-04,106.9774
2018-08-20,2019-02-04,106.8271
2018-08-21,2019-02-04,106.2622
2018-08-22,2019-02-04,105.9023
2018-08-23,2019-02-04,106.2974
2018-08-24,2019-02-04,105.954
2018-08-27,2019-02-04,105.5812
2018-08-28,2019-02-04,105.3032
2018-08-29,2019-02-04,105.422
2018-08-30,2019-02-04,105.6472
2018-08-31,2019-02-04,106.0378
2018-09-03,2019-02-04,106.0378
2018-09-04,2019-02-04,106.6022
2018-09-05,2019-02-04,106.3395
2018-09-06,2019-02-04,106.2461
2018-09-07,2019-02-04,106.4036
2018-09-10,2019-02-04,106.2094
2018-09-11,2019-02-04,106.2612
2018-09-12,2019-02-04,105.7681
2018-09-13,2019-02-04,105.5839
2018-09-14,2019-02-04,105.7352
2018-09-17,2019-02-04,105.4863
2018-09-18,2019-02-04,105.3886
2018-09-19,2019-02-04,105.3182
2018-09-20,2019-02-04,105.0099
2018-09-21,2019-02-04,105.1435
2018-09-24,2019-02-04,105.0474
2018-09-25,2019-02-04,105.1041
2018-09-26,2019-02-04,105.1956
2018-09-27,2019-02-04,105.867
2018-09-28,2019-02-04,105.8188
2018-10-01,2019-02-04,105.8699
2018-10-02,2019-02-04,105.9539
2018-10-03,2019-02-04,106.2228
2018-10-04,2019-02-04,106.4414
2018-10-05,2019-02-04,106.4792
2018-10-08,2019-02-04,106.4792
2018-10-09,2019-02-04,106.4774
2018-10-10,2019-02-04,106.1994
2018-10-11,2019-02-04,106.1797
2018-10-12,2019-02-04,106.1619
2018-10-15,2019-02-04,105.828
2018-10-16,2019-02-04,105.7763
2018-10-17,2019-02-04,106.1782
2018-10-18,2019-02-04,106.5871
2018-10-19,2019-02-04,106.6868
2018-10-22,2019-02-04,106.972
2018-10-23,2019-02-04,106.827
2018-10-24,2019-02-04,107.0725
2018-10-25,2019-02-04,107.3633
2018-10-26,2019-02-04,107.262
2018-10-29,2019-02-04,107.4667
2018-10-30,2019-02-04,107.6831
2018-10-31,2019-02-04,107.7754
2018-11-01,2019-02-04,107.2535
2018-11-02,2019-02-04,107.353
2018-11-05,2019-02-04,107.2508
2018-11-06,2019-02-04,107.2167
2018-11-07,2019-02-04,106.8643
2018-11-08,2019-02-04,107.1444
2018-11-09,2019-02-04,107.9027
2018-11-12,2019-02-04,107.9027
2018-11-13,2019-02-04,108.0224
2018-11-14,2019-02-04,107.9365
2018-11-15,2019-02-04,107.9634
2018-11-16,2019-02-04,107.4153
2018-11-19,2019-02-04,107.2119
2018-11-20,2019-02-04,107.6265
2018-11-21,2019-02-04,107.7562
2018-11-22,2019-02-04,107.7562
2018-11-23,2019-02-04,107.8565
2018-11-26,2019-02-04,107.9599
2018-11-27,2019-02-04,108.4631
2018-11-28,2019-02-04,108.4442
2018-11-29,2019-02-04,107.831
2018-11-30,2019-02-04,108.1055
2018-12-03,2019-02-04,107.7629
2018-12-04,2019-02-04,107.7756
2018-12-05,2019-02-04,107.7756
2018-12-06,2019-02-04,108.0769
2018-12-07,2019-02-04,107.8
2018-12-10,2019-02-04,108.2926
2018-12-11,2019-02-04,108.6472
2018-12-12,2019-02-04,108.1536
2018-12-13,2019-02-04,108.2704
2018-12-14,2019-02-04,108.6364
2018-12-17,2019-02-04,108.3883
2018-12-18,2019-02-04,108.3858
2018-12-19,2019-02-04,108.0199
2018-12-20,2019-02-04,108.1012
2018-12-21,2019-02-04,108.2962
2018-12-24,2019-02-04,108.2962
2018-12-25,2019-02-04,108.2962
2018-12-26,2019-02-04,108.2065
2018-12-27,2019-02-04,108.4557
2018-12-28,2019-02-04,108.1098
2018-12-31,2019-02-04,107.9452
2019-01-01,2019-02-04,107.9452
2019-01-02,2019-02-04,108.345
2019-01-03,2019-02-04,107.7661
2019-01-04,2019-02-04,107.4005
2019-01-07,2019-02-04,106.9383
2019-01-08,2019-02-04,107.0777
2019-01-09,2019-02-04,106.4678
2019-01-10,2019-02-04,106.5445
2019-01-11,2019-02-04,106.6879
2019-01-14,2019-02-04,106.6879
2019-01-15,2019-02-04,107.1985
2019-01-16,2019-02-04,107.0135
2019-01-17,2019-02-04,107.2043
2019-01-18,2019-02-04,107.3573
2019-01-21,2019-02-04,107.3573
2019-01-22,2019-02-04,107.4492
2019-01-23,2019-02-04,107.2931
2019-01-24,2019-02-04,107.6092
2019-01-25,2019-02-04,106.9097
2019-01-28,2019-02-04,106.7753
2019-01-29,2019-02-04,106.8793
2019-01-30,2019-02-04,106.835
2019-01-31,2019-02-04,106.3643
2019-02-01,2019-02-04,106.327
2019-02-04,2019-02-11,106.6498
2019-02-05,2019-02-11,106.6498
2019-02-06,2019-02-11,106.6498
2019-02-07,2019-02-11,106.6498
2019-02-08,2019-02-11,106.6498
2019-02-11,2019-02-19,107.9922
2019-02-12,2019-02-19,107.719
2019-02-13,2019-02-19,107.8298
2019-02-14,2019-02-19,108.0922
2019-02-15,2019-02-19,107.9793
2019-02-19,2019-02-25,107.5313
2019-02-20,2019-03-04,107.5313
2019-02-21,2019-02-25,107.3793
2019-02-22,2019-02-25,107.3138
2019-02-25,2019-03-04,107.3331
2019-02-26,2019-03-04,106.9919
2019-02-27,2019-03-04,106.9193
2019-02-28,2019-03-04,107.0252
2019-03-01,2019-03-04,107.4177
2019-03-04,2019-03-11,107.7283
2019-03-05,2019-03-11,107.9934
2019-03-06,2019-03-11,108.0971
2019-03-07,2019-03-11,108.5166
2019-03-08,2019-03-11,108.4184
2019-03-11,2019-03-18,108.4163
2019-03-12,2019-03-18,108.1242
2019-03-13,2019-03-18,107.6978
2019-03-14,2019-03-18,107.7445
2019-03-15,2019-03-18,107.6634
2019-03-18,2019-03-25,107.6431
2019-03-19,2019-03-25,107.4562
2019-03-20,2019-03-25,107.5631
2019-03-21,2019-03-25,107.6174
2019-03-22,2019-03-25,107.7539
2019-03-25,2019-04-01,107.6515
2019-03-26,2019-04-01,107.7922
2019-03-27,2019-04-01,108.0498
2019-03-28,2019-04-01,108.1929
2019-03-29,2019-04-01,108.1395
2019-04-01,2019-04-08,108.1582
2019-04-02,2019-04-08,108.4093
2019-04-03,2019-04-08,107.9495
2019-04-04,2019-04-08,108.272
2019-04-05,2019-04-08,108.4197
2019-04-08,2019-04-15,108.0059
2019-04-09,2019-04-15,107.9055
2019-04-10,2019-04-15,107.8894
2019-04-11,2019-04-15,108.1532
2019-04-12,2019-04-15,107.9136
2019-04-15,2019-04-22,107.9989
2019-04-16,2019-04-22,108.0485
2019-04-17,2019-04-22,108.0624
2019-04-18,2019-04-22,108.4
2019-04-19,2019-04-22,108.405
2019-04-22,2019-04-29,108.3172
2019-04-23,2019-04-29,108.7268
2019-04-24,2019-04-29,108.9136
2019-04-25,2019-04-29,109.2206
2019-04-26,2019-04-29,109.0387
2019-04-29,2019-05-06,109.005
2019-04-30,2019-05-06,108.6831
2019-05-01,2019-05-06,108.3735
2019-05-02,2019-05-06,108.8501
2019-05-03,2019-05-06,108.6255
2019-05-06,2019-05-13,108.631
2019-05-07,2019-05-13,108.7513
2019-05-08,2019-05-13,108.5987
2019-05-09,2019-05-13,108.5071
2019-05-10,2019-05-13,108.2719
2019-05-13,2019-05-20,108.4075
2019-05-14,2019-05-20,108.615
2019-05-15,2019-05-20,108.5651
2019-05-16,2019-05-20,108.8061
2019-05-17,2019-05-20,109.0486
2019-05-20,2019-05-28,108.9118
2019-05-21,2019-05-28,109.0293
2019-05-22,2019-05-28,109.0299
2019-05-23,2019-05-28,108.9696
2019-05-24,2019-05-28,108.7515
2019-05-28,2019-06-03,108.9461
2019-05-29,2019-06-03,109.2342
2019-05-30,2019-06-03,109.2313
2019-05-31,2019-06-03,109.0613
2019-06-03,2019-06-10,108.6525
2019-06-04,2019-06-10,108.3082
2019-06-05,2019-06-10,108.2177
2019-06-06,2019-06-10,107.9001
2019-06-07,2019-06-10,107.5589
2019-06-10,2019-06-17,107.6792
2019-06-11,2019-06-17,107.7153
2019-06-12,2019-06-17,107.7869
2019-06-13,2019-06-17,108.0252
2019-06-14,2019-06-17,108.4724
2019-06-17,2019-06-24,110.4266
2019-06-18,2019-06-24,110.5746
2019-06-19,2019-06-24,110.3309
2019-06-20,2019-06-24,109.4079
2019-06-21,2019-06-24,109.2412
2019-06-24,2019-07-01,108.8293
2019-06-25,2019-07-01,108.7222
2019-06-26,2019-07-01,108.7112
2019-06-27,2019-07-01,108.8271
2019-06-28,2019-07-01,108.7432
2019-07-01,2019-07-08,109.2929
2019-07-02,2019-07-08,109.2638
2019-07-03,2019-07-08,109.2434
2019-07-05,2019-07-08,109.7887
2019-07-08,2019-07-15,109.8092
2019-07-09,2019-07-15,109.9436
2019-07-10,2019-07-15,109.5656
2019-07-11,2019-07-15,109.4217
2019-07-12,2019-07-15,109.2997
2019-07-15,2019-07-22,109.2616
2019-07-16,2019-07-22,109.6639
2019-07-17,2019-07-22,109.5062
2019-07-18,2019-07-22,109.5204
2019-07-19,2019-07-22,109.509
2019-07-22,2019-07-29,109.6513
2019-07-23,2019-07-29,110.0167
2019-07-24,2019-07-29,110.0299
2019-07-25,2019-07-29,110.1314
2019-07-26,2019-07-29,110.5077
2019-07-29,2019-08-05,110.4978
2019-07-30,2019-08-05,110.598
2019-07-31,2019-08-05,110.5171
2019-08-01,2019-08-05,110.9932
2019-08-02,2019-08-05,110.576
2019-08-05,2019-08-12,110.0335
2019-08-06,2019-08-12,110.2823
2019-08-07,2019-08-12,110.1566
2019-08-08,2019-08-12,110.1172
2019-08-09,2019-08-12,109.9634
2019-08-12,2019-08-19,110.0554
2019-08-13,2019-08-19,110.3214
2019-08-14,2019-08-19,110.6173
2019-08-15,2019-08-19,110.767
2019-08-16,2019-08-19,110.7459
2019-08-19,2019-08-26,110.8332
2019-08-20,2019-08-26,110.8642
2019-08-21,2019-08-26,110.7413
2019-08-22,2019-08-26,110.7375
2019-08-23,2019-08-26,110.3487
2019-08-26,2019-09-03,110.5354
2019-08-27,2019-09-03,110.5354
2019-08-28,2019-09-03,110.6868
2019-08-29,2019-09-03,110.9615
2019-08-30,2019-09-03,111.2523
2019-09-03,2019-09-09,111.4235
2019-09-04,2019-09-09,110.8953
2019-09-05,2019-09-09,110.7846
2019-09-06,2019-09-09,110.5975
2019-09-09,2019-09-16,110.4758
2019-09-10,2019-09-16,110.5784
2019-09-11,2019-09-16,110.9719
2019-09-12,2019-09-16,110.6799
2019-09-13,2019-09-16,110.7333
2019-09-16,2019-09-23,110.9732
2019-09-17,2019-09-23,110.7396
2019-09-18,2019-09-23,110.873
2019-09-19,2019-09-23,110.8568
2019-09-20,2019-09-23,111.0464
2019-09-23,2019-09-30,111.072
2019-09-24,2019-09-30,110.9059
2019-09-25,2019-09-30,111.3834
2019-09-26,2019-09-30,111.422
2019-09-27,2019-09-30,111.4336
2019-09-30,2019-10-07,111.6264
2019-10-01,2019-10-07,111.5073
2019-10-02,2019-10-07,111.5071
2019-10-03,2019-10-07,111.2065
2019-10-04,2019-10-07,111.3778
2019-10-07,2019-10-15,111.2936
2019-10-08,2019-10-15,111.615
2019-10-09,2019-10-15,111.5378
2019-10-10,2019-10-15,111.1306
2019-10-11,2019-10-15,110.6214
2019-10-15,2019-10-21,110.6929
2019-10-16,2019-10-21,110.3858
2019-10-17,2019-10-21,109.927
2019-10-18,2019-10-21,109.7445
2019-10-21,2019-10-28,109.6397
2019-10-22,2019-10-28,109.6806
2019-10-23,2019-10-28,109.8522
2019-10-24,2019-10-28,109.9918
2019-10-25,2019-10-28,110.033
2019-10-28,2019-11-04,109.9985
2019-10-29,2019-11-04,109.8561
2019-10-30,2019-11-04,110.0826
2019-10-31,2019-11-04,109.6727
2019-11-01,2019-11-04,109.5927
2019-11-04,2019-11-12,109.803
2019-11-05,2019-11-12,110.3156
2019-11-06,2019-11-12,110.2718
2019-11-07,2019-11-12,110.4983
2019-11-08,2019-11-12,110.7324
2019-11-12,2019-11-18,110.6731
2019-11-13,2019-11-18,110.7174
2019-11-14,2019-11-18,110.6076
2019-11-15,2019-11-18,110.4759
2019-11-18,2019-11-25,110.1997
2019-11-19,2019-11-25,110.3221
2019-11-20,2019-11-25,110.6009
2019-11-21,2019-11-25,110.4776
2019-11-22,2019-11-25,110.7908
2019-11-25,2019-12-02,110.907
2019-11-26,2019-12-02,110.8799
2019-11-27,2019-12-02,110.9363
2019-11-29,2019-12-02,110.8564
2019-12-02,2019-12-09,110.5273
2019-12-03,2019-12-09,110.2908
2019-12-04,2019-12-09,110.1159
2019-12-05,2019-12-09,109.8307
2019-12-06,2019-12-09,110.2649
2019-12-09,2019-12-16,110.1319
2019-12-10,2019-12-16,110.0369
2019-12-11,2019-12-16,109.9284
2019-12-12,2019-12-16,109.8869
2019-12-13,2019-12-16,109.679
2019-12-16,2019-12-23,109.6024
2019-12-17,2019-12-23,109.7425
2019-12-18,2019-12-23,109.8397
2019-12-19,2019-12-23,109.7484
2019-12-20,2019-12-23,110.1076
2019-12-23,2019-12-30,110.1383
2019-12-24,2019-12-30,110.1
2019-12-26,2019-12-30,109.9291
2019-12-27,2019-12-30,109.3647
2019-12-30,2020-01-06,108.9868
2019-12-31,2020-01-06,108.5787
2020-01-02,2020-01-06,109.0416
2020-01-03,2020-01-06,108.9542
2020-01-06,2020-01-13,108.8501
2020-01-07,2020-01-13,109.2669
2020-01-08,2020-01-13,109.453
2020-01-09,2020-01-13,109.7493
2020-01-10,2020-01-13,109.6041
2020-01-13,2020-01-21,109.6305
2020-01-14,2020-01-21,109.6452
2020-01-15,2020-01-21,109.4374
2020-01-16,2020-01-21,109.562
2020-01-17,2020-01-21,109.858
2020-01-21,2020-01-27,109.798
2020-01-22,2020-01-27,109.9291
2020-01-23,2020-01-27,110.087
2020-01-24,2020-01-27,110.1851
2020-01-27,2020-02-03,110.2787
2020-01-28,2020-02-03,110.4277
2020-01-29,2020-02-03,110.4982
2020-01-30,2020-02-03,110.2661
2020-01-31,2020-02-03,109.9446
2020-02-03,2020-02-10,110.3947
2020-02-04,2020-02-10,110.4833
2020-02-05,2020-02-10,110.7777
2020-02-06,2020-02-10,110.9818
2020-02-07,2020-02-10,111.1866
2020-02-10,2020-02-18,111.3553
2020-02-11,2020-02-18,111.2402
2020-02-12,2020-02-18,111.1902
2020-02-13,2020-02-18,111.3323
2020-02-14,2020-02-18,111.3931
2020-02-18,2020-02-24,111.5428
2020-02-19,2020-02-24,111.8584
2020-02-20,2020-02-24,112.0769
2020-02-21,2020-02-24,111.596
2020-02-24,2020-03-02,111.6333
2020-02-25,2020-03-02,111.4771
2020-02-26,2020-03-02,111.5959
2020-02-27,2020-03-02,111.2865
2020-02-28,2020-03-02,111.1599
2020-03-02,2020-03-09,110.2259
2020-03-03,2020-03-09,110.031
2020-03-04,2020-03-09,110.378
2020-03-05,2020-03-09,109.8067
2020-03-06,2020-03-09,109.065
2020-03-09,2020-03-16,108.4191
2020-03-10,2020-03-16,109.6964
2020-03-11,2020-03-16,110.0764
2020-03-12,2020-03-16,111.8235
2020-03-13,2020-03-16,112.5503
2020-03-16,2020-03-23,112.117
2020-03-17,2020-03-23,113.9844
2020-03-18,2020-03-23,115.8997
2020-03-19,2020-03-23,116.7218
2020-03-20,2020-03-23,116.6651
2020-03-23,2020-03-30,117.0314
2020-03-24,2020-03-30,116.3219
2020-03-25,2020-03-30,115.8082
2020-03-26,2020-03-30,113.554
2020-03-27,2020-03-30,112.994
2020-03-30,2020-04-06,113.3548
2020-03-31,2020-04-06,113.1253
2020-04-01,2020-04-06,113.7338
2020-04-02,2020-04-06,113.9754
2020-04-03,2020-04-06,114.607
2020-04-06,2020-04-13,114.488
2020-04-07,2020-04-13,113.6584
2020-04-08,2020-04-13,113.7453
2020-04-09,2020-04-13,113.1979
2020-04-10,2020-04-13,113.03
2020-04-13,2020-04-20,113.0487
2020-04-14,2020-04-20,112.4417
2020-04-15,2020-04-20,113.3633
2020-04-16,2020-04-20,113.9005
2020-04-17,2020-04-20,113.3138
2020-04-20,2020-04-27,113.4944
2020-04-21,2020-04-27,114.1541
2020-04-22,2020-04-27,114.0469
2020-04-23,2020-04-27,113.7838
2020-04-24,2020-04-27,114.0371
2020-04-27,2020-05-04,113.625
2020-04-28,2020-05-04,113.3663
2020-04-29,2020-05-04,113.1421
2020-04-30,2020-05-04,112.568
2020-05-01,2020-05-04,112.816
2020-05-04,2020-05-11,113.2658
2020-05-05,2020-05-11,113.3538
2020-05-06,2020-05-11,113.853
2020-05-07,2020-05-11,113.4243
2020-05-08,2020-05-11,113.0004
2020-05-11,2020-05-18,113.738
2020-05-12,2020-05-18,113.4361
2020-05-13,2020-05-18,113.7895
2020-05-14,2020-05-18,114.0319
2020-05-15,2020-05-18,114.0747
2020-05-18,2020-05-26,113.262
2020-05-19,2020-05-26,112.9568
2020-05-20,2020-05-26,112.7217
2020-05-21,2020-05-26,113.0293
2020-05-22,2020-05-26,113.4962
2020-05-26,2020-06-01,113.4962
2020-05-27,2020-06-01,113.4962
2020-05-28,2020-06-01,113.4962
2020-05-29,2020-06-01,111.9067
2020-06-01,2020-06-08,111.1255
2020-06-02,2020-06-08,110.8008
2020-06-03,2020-06-08,110.3499
2020-06-04,2020-06-08,110.0859
2020-06-05,2020-06-08,109.9838
2020-06-08,2020-06-15,109.7209
2020-06-09,2020-06-15,109.4504
2020-06-10,2020-06-15,109.2135
2020-06-11,2020-06-15,109.5639
2020-06-12,2020-06-15,110.4061
2020-06-15,2020-06-22,110.386
2020-06-16,2020-06-22,110.2471
2020-06-17,2020-06-22,110.468
2020-06-18,2020-06-22,110.5902
2020-06-19,2020-06-22,110.7996
2020-06-22,2020-06-29,110.2477
2020-06-23,2020-06-29,109.7404
2020-06-24,2020-06-29,110.3491
2020-06-25,2020-06-29,110.765
2020-06-26,2020-06-29,110.9364
2020-06-29,2020-07-06,110.9733
2020-06-30,2020-07-06,110.6861
2020-07-01,2020-07-06,110.3637
2020-07-02,2020-07-06,110.4891
2020-07-06,2020-07-13,110.0458
2020-07-07,2020-07-13,110.0767
2020-07-08,2020-07-13,109.7969
2020-07-09,2020-07-13,109.9805
2020-07-10,2020-07-13,109.8242
2020-07-13,2020-07-20,109.6898
2020-07-14,2020-07-20,109.6639
2020-07-15,2020-07-20,109.4136
2020-07-16,2020-07-20,109.325
2020-07-17,2020-07-20,109.4268
2020-07-20,2020-07-27,109.2249
2020-07-21,2020-07-27,108.6211
2020-07-22,2020-07-27,108.2016
2020-07-23,2020-07-27,107.8932
2020-07-24,2020-07-27,107.8095
2020-07-27,2020-08-03,107.1046
2020-07-28,2020-08-03,107.0005
2020-07-29,2020-08-03,106.8439
2020-07-30,2020-08-03,106.8661
2020-07-31,2020-08-03,106.6284
2020-08-03,2020-08-10,107.1256
2020-08-04,2020-08-10,106.8938
2020-08-05,2020-08-10,105.9492
2020-08-06,2020-08-10,106.2002
2020-08-07,2020-08-10,106.9255
2020-08-10,2020-08-17,106.8651
2020-08-11,2020-08-17,106.8222
2020-08-12,2020-08-17,106.6257
2020-08-13,2020-08-17,106.4366
2020-08-14,2020-08-17,106.3837
2020-08-17,2020-08-24,106.0463
2020-08-18,2020-08-24,105.5794
2020-08-19,2020-08-24,105.7912
2020-08-20,2020-08-24,105.95
2020-08-21,2020-08-24,106.452
2020-08-24,2020-08-31,106.3923
2020-08-25,2020-08-31,106.272
2020-08-26,2020-08-31,106.0837
2020-08-27,2020-08-31,105.9434
2020-08-28,2020-08-31,105.3497
2020-08-31,2020-09-08,105.0275
2020-09-01,2020-09-08,105.0846
2020-09-02,2020-09-08,105.6619
2020-09-03,2020-09-08,105.9107
2020-09-04,2020-09-08,105.9588
2020-09-08,2020-09-14,106.4429
2020-09-09,2020-09-14,106.3115
2020-09-10,2020-09-14,106.1651
2020-09-11,2020-09-14,106.4541
2020-09-14,2020-09-21,106.1101
2020-09-15,2020-09-21,106.2669
2020-09-16,2020-09-21,106.0319
2020-09-17,2020-09-21,106.1963
2020-09-18,2020-09-21,105.9651
2020-09-21,2020-09-28,106.9305
2020-09-22,2020-09-28,107.2363
2020-09-23,2020-09-28,107.5441
2020-09-24,2020-09-28,107.6546
2020-09-25,2020-09-28,108.003
2020-09-28,2020-10-05,107.5599
2020-09-29,2020-10-05,107.4246
2020-09-30,2020-10-05,107.0834
2020-10-01,2020-10-05,106.8923
2020-10-02,2020-10-05,107.1137
2020-10-05,2020-10-13,106.6761
2020-10-06,2020-10-13,106.7441
2020-10-07,2020-10-13,106.8858
2020-10-08,2020-10-13,106.7646
2020-10-09,2020-10-13,106.1271
2020-10-13,2020-10-19,106.5273
2020-10-14,2020-10-19,106.3597
2020-10-15,2020-10-19,106.9563
2020-10-16,2020-10-19,106.7811
2020-10-19,2020-10-26,106.3379
2020-10-20,2020-10-26,106.1869
2020-10-21,2020-10-26,105.7003
2020-10-22,2020-10-26,105.9842
2020-10-23,2020-10-26,105.9628
2020-10-26,2020-11-02,106.245
2020-10-27,2020-11-02,105.9358
2020-10-28,2020-11-02,106.7143
2020-10-29,2020-11-02,107.375
2020-10-30,2020-11-02,107.2655
2020-11-02,2020-11-09,107.2156
2020-11-03,2020-11-09,106.3411
2020-11-04,2020-11-09,106.2544
2020-11-05,2020-11-09,105.579
2020-11-06,2020-11-09,105.1289
2020-11-09,2020-11-16,105.6771
2020-11-10,2020-11-16,105.6158
2020-11-12,2020-11-16,105.9045
2020-11-13,2020-11-16,105.9067
2020-11-16,2020-11-23,105.5605
2020-11-17,2020-11-23,105.4899
2020-11-18,2020-11-23,105.2027
2020-11-19,2020-11-23,105.4958
2020-11-20,2020-11-23,105.3408
2020-11-23,2020-11-30,105.6001
2020-11-24,2020-11-30,105.2113
2020-11-25,2020-11-30,104.9377
2020-11-30,2020-12-07,104.7971
2020-12-01,2020-12-07,104.3473
2020-12-02,2020-12-07,104.1198
2020-12-03,2020-12-07,103.5071
2020-12-04,2020-12-07,103.4307
2020-12-07,2020-12-14,103.5116
2020-12-08,2020-12-14,103.663
2020-12-09,2020-12-14,103.7151
2020-12-10,2020-12-14,103.4836
2020-12-11,2020-12-14,103.6346
2020-12-14,2020-12-21,103.4555
2020-12-15,2020-12-21,103.1236
2020-12-16,2020-12-21,103.0481
2020-12-17,2020-12-21,102.4915
2020-12-18,2020-12-21,102.8298
2020-12-21,2020-12-28,103.1334
2020-12-22,2020-12-28,103.581
2020-12-23,2020-12-28,103.1555
2020-12-28,2021-01-04,103.2709
2020-12-29,2021-01-04,102.8018
2020-12-30,2021-01-04,102.516
2020-12-31,2021-01-04,102.5898
2021-01-04,2021-01-11,102.6719
2021-01-05,2021-01-11,102.1761
2021-01-06,2021-01-11,102.2546
2021-01-07,2021-01-11,102.5577
2021-01-08,2021-01-11,102.5248
2021-01-11,2021-01-19,103.1075
2021-01-12,2021-01-19,102.9455
2021-01-13,2021-01-19,102.8716
2021-01-14,2021-01-19,102.6028
2021-01-15,2021-01-19,103.1046
2021-01-19,2021-01-25,103.0269
2021-01-21,2021-01-25,102.6228
2021-01-22,2021-01-25,102.7282
2021-01-25,2021-02-01,103.0467
2021-01-26,2021-02-01,102.8631
2021-01-27,2021-02-01,103.2918
2021-01-28,2021-02-01,103.2778
2021-01-29,2021-02-01,103.2183
2021-02-01,2021-02-08,103.698
2021-02-02,2021-02-08,103.9145
2021-02-03,2021-02-08,103.7654
2021-02-04,2021-02-08,104.1616
2021-02-05,2021-02-08,103.7495
2021-02-08,2021-02-16,103.5842
2021-02-09,2021-02-16,103.1131
2021-02-10,2021-02-16,102.8773
2021-02-11,2021-02-16,102.9558
2021-02-12,2021-02-16,102.9643
2021-02-16,2021-02-22,103.1101
2021-02-17,2021-02-22,103.4695
2021-02-18,2021-02-22,103.2123
2021-02-19,2021-02-22,102.6402
2021-02-22,2021-03-01,102.4828
2021-02-23,2021-03-01,102.5931
2021-02-24,2021-03-01,102.5931
2021-02-25,2021-03-01,102.2176
2021-02-26,2021-03-01,103.3733
2021-03-01,2021-03-08,103.4303
2021-03-02,2021-03-08,103.2247
2021-03-03,2021-03-08,103.2833
2021-03-04,2021-03-08,103.4376
2021-03-05,2021-03-08,104.4015
2021-03-08,2021-03-15,104.7762
2021-03-09,2021-03-15,104.4434
2021-03-10,2021-03-15,104.3529
2021-03-11,2021-03-15,103.7426
2021-03-12,2021-03-22,103.7648
2021-03-15,2021-03-22,104.0294
2021-03-16,2021-03-22,103.9641
2021-03-17,2021-03-22,104.0347
2021-03-18,2021-03-22,103.7698
2021-03-19,2021-03-22,104.0745
2021-03-22,2021-03-29,103.9731
2021-03-23,2021-03-29,104.364
2021-03-24,2021-03-29,104.644
2021-03-25,2021-03-29,105.0688
2021-03-26,2021-03-29,104.883
2021-03-29,2021-04-05,104.997
2021-03-30,2021-04-05,105.429
2021-03-31,2021-04-05,105.2237
2021-04-01,2021-04-05,105.0872
2021-04-02,2021-04-05,105.1274
2021-04-05,2021-04-12,104.6395
2021-04-06,2021-04-12,104.5383
2021-04-07,2021-04-12,104.6001
2021-04-08,2021-04-12,104.4025
2021-04-09,2021-04-12,104.3998
2021-04-12,2021-04-19,104.365
2021-04-13,2021-04-19,104.1691
2021-04-14,2021-04-19,103.8794
2021-04-15,2021-04-19,103.9505
2021-04-16,2021-04-19,103.75
2021-04-19,2021-04-26,103.417
2021-04-20,2021-04-26,103.4635
2021-04-21,2021-04-26,103.3317
2021-04-22,2021-04-26,103.5201
2021-04-23,2021-04-26,103.2825
2021-04-26,2021-05-03,102.9773
2021-04-27,2021-05-03,103.0256
2021-04-28,2021-05-03,102.8849
2021-04-29,2021-05-03,102.6865
2021-04-30,2021-05-03,103.1367
2021-05-03,2021-05-10,102.8845
2021-05-04,2021-05-10,103.2505
2021-05-05,2021-05-10,103.0918
2021-05-06,2021-05-10,102.7557
2021-05-07,2021-05-10,101.958
2021-05-10,2021-05-17,101.7054
2021-05-11,2021-05-17,101.7405
2021-05-12,2021-05-17,102.36
2021-05-13,2021-05-17,102.5032
2021-05-14,2021-05-17,102.0556
2021-05-17,2021-05-24,101.8678
2021-05-18,2021-05-24,101.5863
2021-05-19,2021-05-24,101.6129
2021-05-20,2021-05-24,101.4616
2021-05-21,2021-05-24,101.7298
2021-05-24,2021-06-01,101.6251
2021-05-25,2021-06-01,101.5474
2021-05-26,2021-06-01,101.7565
2021-05-27,2021-06-01,101.7623
2021-05-28,2021-06-01,101.8033
2021-06-01,2021-06-07,101.4352
2021-06-02,2021-06-07,101.5985
2021-06-03,2021-06-07,102.2949
2021-06-04,2021-06-07,101.8161
2021-06-07,2021-06-14,101.6208
2021-06-08,2021-06-14,101.8329
2021-06-09,2021-06-14,101.8554
2021-06-10,2021-06-14,101.8168
2021-06-11,2021-06-14,102.3395
2021-06-14,2021-06-21,102.2002
2021-06-15,2021-06-21,102.4448
2021-06-16,2021-06-21,102.2976
2021-06-17,2021-06-21,103.8428
2021-06-18,2021-06-21,104.2993
2021-06-21,2021-06-28,103.8987
2021-06-22,2021-06-28,103.946
2021-06-23,2021-06-28,103.5525
2021-06-24,2021-06-28,103.8267
2021-06-25,2021-06-28,103.6584
2021-06-28,2021-07-06,103.7241
2021-06-29,2021-07-06,104.0376
2021-06-30,2021-07-06,104.4379
2021-07-01,2021-07-06,104.5019
2021-07-02,2021-07-06,104.3235
2021-07-06,2021-07-12,104.6533
2021-07-07,2021-07-12,104.7985
2021-07-08,2021-07-12,104.6004
2021-07-09,2021-07-12,104.3618
2021-07-12,2021-07-19,104.3089
2021-07-13,2021-07-19,104.6463
2021-07-14,2021-07-19,104.5706
2021-07-15,2021-07-19,104.8083
2021-07-16,2021-07-19,104.8962
2021-07-19,2021-07-26,105.299
2021-07-20,2021-07-26,105.4938
2021-07-21,2021-07-26,104.928
2021-07-22,2021-07-26,105.0635
2021-07-23,2021-07-26,105.1674
2021-07-26,2021-08-02,104.7594
2021-07-27,2021-08-02,104.6354
2021-07-28,2021-08-02,104.7379
2021-07-29,2021-08-02,103.9821
2021-07-30,2021-08-02,104.207
2021-08-02,2021-08-09,104.2041
2021-08-03,2021-08-09,104.3228
2021-08-04,2021-08-09,104.4376
2021-08-05,2021-08-09,104.3244
2021-08-06,2021-08-09,104.9454
2021-08-09,2021-08-16,105.0705
2021-08-10,2021-08-16,105.1453
2021-08-11,2021-08-16,105.0002
2021-08-12,2021-08-16,105.0492
2021-08-13,2021-08-16,104.6637
2021-08-16,2021-08-23,104.8025
2021-08-17,2021-08-23,105.3331
2021-08-18,2021-08-23,105.4715
2021-08-19,2021-08-23,105.9157
2021-08-20,2021-08-23,106.1295
2021-08-23,2021-08-30,105.4182
2021-08-24,2021-08-30,105.2165
2021-08-25,2021-08-30,105.2304
2021-08-26,2021-08-30,105.3362
2021-08-27,2021-08-30,104.9807
2021-08-30,2021-09-07,105.015
2021-08-31,2021-09-07,105.0637
2021-09-01,2021-09-07,104.777
2021-09-02,2021-09-07,104.5869
2021-09-03,2021-09-07,104.3066
2021-09-07,2021-09-13,104.8204
2021-09-08,2021-09-13,105.1483
2021-09-09,2021-09-13,104.8595
2021-09-10,2021-09-13,104.8937
2021-09-13,2021-09-20,104.9752
2021-09-14,2021-09-20,104.9255
2021-09-15,2021-09-20,104.9332
2021-09-16,2021-09-20,105.2917
2021-09-17,2021-09-20,105.6355
2021-09-20,2021-09-27,105.8498
2021-09-21,2021-09-27,105.7537
2021-09-22,2021-09-27,105.5818
2021-09-23,2021-09-27,105.444
2021-09-24,2021-09-27,105.6802
2021-09-27,2021-10-04,105.6695
2021-09-28,2021-10-04,106.0857
2021-09-29,2021-10-04,106.674
2021-09-30,2021-10-04,106.5475
2021-10-01,2021-10-04,106.2367
2021-10-04,2021-10-12,105.886
2021-10-05,2021-10-12,105.947
2021-10-06,2021-10-12,106.3753
2021-10-07,2021-10-12,106.108
2021-10-08,2021-10-12,105.9884
2021-10-12,2021-10-18,106.222
2021-10-13,2021-10-18,106.048
2021-10-14,2021-10-18,105.6989
2021-10-15,2021-10-18,105.7746
2021-10-18,2021-10-25,105.6766
2021-10-19,2021-10-25,105.4796
2021-10-20,2021-10-25,105.3294
2021-10-21,2021-10-25,105.2963
2021-10-22,2021-10-25,105.4789
2021-10-25,2021-11-01,105.5365
2021-10-26,2021-11-01,105.7084
2021-10-27,2021-11-01,105.505
2021-10-28,2021-11-01,105.065
2021-10-29,2021-11-01,105.8867
2021-11-01,2021-11-08,105.6125
2021-11-02,2021-11-08,105.8808
2021-11-03,2021-11-08,105.8365
2021-11-04,2021-11-08,106.1877
2021-11-05,2021-11-08,106.0888
2021-11-08,2021-11-15,105.8536
2021-11-09,2021-11-15,105.885
2021-11-10,2021-11-15,106.3656
2021-11-12,2021-11-15,107.0031
2021-11-15,2021-11-22,106.9584
2021-11-16,2021-11-22,107.5786
2021-11-17,2021-11-22,107.6136
2021-11-18,2021-11-22,107.5301
2021-11-19,2021-11-22,107.6607
2021-11-22,2021-11-29,108.2053
2021-11-23,2021-11-29,108.336
2021-11-24,2021-11-29,108.6118
2021-11-26,2021-11-29,108.1591
2021-11-29,2021-12-06,108.4731
2021-11-30,2021-12-06,108.3754
2021-12-01,2021-12-06,108.0289
2021-12-02,2021-12-06,108.2295
2021-12-03,2021-12-06,108.3368
2021-12-06,2021-12-13,108.3918
2021-12-07,2021-12-13,108.2527
2021-12-08,2021-12-13,107.901
2021-12-09,2021-12-13,108.2238
2021-12-10,2021-12-13,107.9988
2021-12-13,2021-12-20,108.3197
2021-12-14,2021-12-20,108.6457
2021-12-15,2021-12-20,108.8362
2021-12-16,2021-12-20,108.1423
2021-12-17,2021-12-20,108.4641
2021-12-20,2021-12-27,108.6621
2021-12-21,2021-12-27,108.8036
2021-12-22,2021-12-27,108.2817
2021-12-23,2021-12-27,108.1654
2021-12-27,2022-01-03,108.0323
2021-12-28,2022-01-03,108.1098
2021-12-29,2022-01-03,107.9842
2021-12-30,2022-01-03,107.9758
2022-01-03,2022-01-10,108.1453
2022-01-04,2022-01-10,107.9715
2022-01-05,2022-01-10,107.7764
2022-01-06,2022-01-10,108.0279
2022-01-07,2022-01-10,107.5709
2022-01-10,2022-01-18,107.7881
2022-01-11,2022-01-18,107.4233
2022-01-12,2022-01-18,106.6846
2022-01-13,2022-01-18,106.3811
2022-01-14,2022-01-18,106.8119
2022-01-18,2022-01-24,107.2792
2022-01-19,2022-01-24,107.0648
2022-01-20,2022-01-24,106.9698
2022-01-21,2022-01-24,107.1433
2022-01-24,2022-01-31,107.7969
2022-01-25,2022-01-31,107.7704
2022-01-26,2022-01-31,107.7298
2022-01-27,2022-01-31,108.911
2022-01-28,2022-01-31,108.8907
2022-01-31,2022-02-07,108.4994
2022-02-01,2022-02-07,108.1908
2022-02-02,2022-02-07,107.8236
2022-02-03,2022-02-07,107.3438
2022-02-04,2022-02-07,107.5579
2022-02-07,2022-02-14,107.4427
2022-02-08,2022-02-14,107.603
2022-02-09,2022-02-14,107.4062
2022-02-10,2022-02-14,107.1025
2022-02-11,2022-02-14,107.5776
2022-02-14,2022-02-22,108.166
2022-02-15,2022-02-22,107.9113
2022-02-16,2022-02-22,107.6122
2022-02-17,2022-02-22,107.6115
2022-02-18,2022-02-22,107.9305
2022-02-22,2022-02-28,107.7847
2022-02-23,2022-02-28,107.8745
2022-02-24,2022-02-28,109.1235
2022-02-25,2022-02-28,108.4118
2022-02-28,2022-03-07,108.2188
2022-03-01,2022-03-07,108.892
2022-03-02,2022-03-07,108.8372
2022-03-03,2022-03-07,109.1023
2022-03-04,2022-03-07,109.8145
2022-03-07,2022-03-14,110.3303
2022-03-08,2022-03-14,110.6077
2022-03-09,2022-03-14,109.5477
2022-03-10,2022-03-14,109.7761
2022-03-11,2022-03-14,110.1579
2022-03-14,2022-03-21,110.2668
2022-03-15,2022-03-21,110.4289
2022-03-16,2022-03-21,110.1554
2022-03-17,2022-03-21,109.2844
2022-03-18,2022-03-21,109.5976
2022-03-21,2022-03-28,109.3983
2022-03-22,2022-03-28,109.6856
2022-03-23,2022-03-28,109.7101
2022-03-24,2022-03-28,109.7592
2022-03-25,2022-03-28,109.7831
2022-03-28,2022-04-04,110.1785
2022-03-29,2022-04-04,109.4142
2022-03-30,2022-04-04,108.9851
2022-03-31,2022-04-04,109.1683
2022-04-01,2022-04-04,109.6251
2022-04-04,2022-04-11,109.7863
2022-04-05,2022-04-11,110.0904
2022-04-06,2022-04-11,110.3294
2022-04-07,2022-04-11,110.6625
2022-04-08,2022-04-11,110.8154
2022-04-11,2022-04-18,111.0531
2022-04-12,2022-04-18,111.0579
2022-04-13,2022-04-18,110.9756
2022-04-14,2022-04-18,111.5269
2022-04-15,2022-04-18,111.4654
2022-04-18,2022-04-25,111.7161
2022-04-19,2022-04-25,111.9161
2022-04-20,2022-04-25,111.1461
2022-04-21,2022-04-25,111.4981
2022-04-22,2022-04-25,112.4386
2022-04-25,2022-05-02,113.0307
2022-04-26,2022-05-02,113.3309
2022-04-27,2022-05-02,114.1598
2022-04-28,2022-05-02,114.7866
2022-04-29,2022-05-02,114.3062
2022-05-02,2022-05-09,114.7156
2022-05-03,2022-05-09,114.5476
2022-05-04,2022-05-09,114.4948
2022-05-05,2022-05-09,114.9775
2022-05-06,2022-05-09,114.7541
2022-05-09,2022-05-16,115.1146
2022-05-10,2022-05-16,115.4461
2022-05-11,2022-05-16,115.1372
2022-05-12,2022-05-16,116.1623
2022-05-13,2022-05-16,115.7584
2022-05-16,2022-05-23,115.5701
2022-05-17,2022-05-23,114.672
2022-05-18,2022-05-23,114.7795
2022-05-19,2022-05-23,113.9891
2022-05-20,2022-05-23,114.2184
2022-05-23,2022-05-31,113.4272
2022-05-24,2022-05-31,113.0728
2022-05-25,2022-05-31,113.5733
2022-05-26,2022-05-31,113.0831
2022-05-27,2022-05-31,112.9454
2022-05-31,2022-06-06,112.7251
2022-06-01,2022-06-06,113.5502
2022-06-02,2022-06-06,112.7787
2022-06-03,2022-06-06,113.0156
2022-06-06,2022-06-13,113.1808
2022-06-07,2022-06-13,113.2308
2022-06-08,2022-06-13,113.1893
2022-06-09,2022-06-13,113.9729
2022-06-10,2022-06-13,115.1927
2022-06-13,2022-06-21,116.0155
2022-06-14,2022-06-21,116.6103
2022-06-15,2022-06-21,116.7225
2022-06-16,2022-06-21,115.0756
2022-06-17,2022-06-21,116.2231
2022-06-21,2022-06-27,115.5452
2022-06-22,2022-06-27,115.3599
2022-06-23,2022-06-27,115.7504
2022-06-24,2022-06-27,115.4065
2022-06-27,2022-07-05,114.969
2022-06-28,2022-07-05,115.5184
2022-06-29,2022-07-05,115.8048
2022-06-30,2022-07-05,115.7744
2022-07-01,2022-07-05,116.3231
2022-07-05,2022-07-11,117.656
2022-07-06,2022-07-11,118.0465
2022-07-07,2022-07-11,117.8957
2022-07-08,2022-07-11,117.704
2022-07-11,2022-07-18,118.5231
2022-07-12,2022-07-18,118.6077
2022-07-13,2022-07-18,118.458
2022-07-14,2022-07-18,119.3868
2022-07-15,2022-07-18,118.8047
2022-07-18,2022-07-25,117.9566
2022-07-19,2022-07-25,117.3381
2022-07-20,2022-07-25,117.4972
2022-07-21,2022-07-25,117.5911
2022-07-22,2022-07-25,117.068
2022-07-25,2022-08-01,117.1617
2022-07-26,2022-08-01,117.7201
2022-07-27,2022-08-01,117.8388
2022-07-28,2022-08-01,116.9661
2022-07-29,2022-08-01,116.4596
2022-08-01,2022-08-08,115.9154
2022-08-02,2022-08-08,116.5356
2022-08-03,2022-08-08,117.1603
2022-08-04,2022-08-08,116.5853
2022-08-05,2022-08-08,117.431
2022-08-08,2022-08-15,116.8252
2022-08-09,2022-08-15,116.8251
2022-08-10,2022-08-15,115.4887
2022-08-11,2022-08-15,115.4135
2022-08-12,2022-08-15,116.1259
2022-08-15,2022-08-22,116.7633
2022-08-16,2022-08-22,116.9808
2022-08-17,2022-08-22,117.4132
2022-08-18,2022-08-22,117.736
2022-08-19,2022-08-22,118.6326
2022-08-22,2022-08-29,119.4217
2022-08-23,2022-08-29,118.714
2022-08-24,2022-08-29,118.959
2022-08-25,2022-08-29,118.8889
2022-08-26,2022-08-29,118.914
2022-08-29,2022-09-06,119.1877
2022-08-30,2022-09-06,119.4529
2022-08-31,2022-09-06,119.2309
2022-09-01,2022-09-06,120.3328
2022-09-02,2022-09-06,119.6657
2022-09-06,2022-09-12,120.7358
2022-09-07,2022-09-12,120.914
2022-09-08,2022-09-12,120.5994
2022-09-09,2022-09-12,119.51
2022-09-12,2022-09-19,118.7695
2022-09-13,2022-09-19,120.2736
2022-09-14,2022-09-19,120.2071
2022-09-15,2022-09-19,120.5193
2022-09-16,2022-09-19,120.6247
2022-09-19,2022-09-26,120.7798
2022-09-20,2022-09-26,120.9495
2022-09-21,2022-09-26,121.845
2022-09-22,2022-09-26,122.2983
2022-09-23,2022-09-26,123.6939
2022-09-26,2022-10-03,125.121
2022-09-27,2022-10-03,125.0962
2022-09-28,2022-10-03,124.218
2022-09-29,2022-10-03,123.6903
2022-09-30,2022-10-03,123.7589
2022-10-03,2022-10-11,123.7589
2022-10-04,2022-10-11,123.7589
2022-10-05,2022-10-11,122.9295
2022-10-06,2022-10-11,123.6775
2022-10-07,2022-10-11,123.764
2022-10-11,2022-10-17,124.0616
2022-10-12,2022-10-17,124.834
2022-10-13,2022-10-17,123.9901
2022-10-14,2022-10-17,124.8946
2022-10-17,2022-10-24,123.6323
2022-10-18,2022-10-24,124.0033
2022-10-19,2022-10-24,124.5239
2022-10-20,2022-10-24,124.0177
2022-10-21,2022-10-24,123.3622
2022-10-24,2022-10-31,123.6327
2022-10-25,2022-10-31,122.6038
2022-10-26,2022-10-31,121.4703
2022-10-27,2022-10-31,121.8739
2022-10-28,2022-10-31,122.6183
2022-10-31,2022-11-07,123.1031
2022-11-01,2022-11-07,123.1696
2022-11-02,2022-11-07,122.9979
2022-11-03,2022-11-07,124.458
2022-11-04,2022-11-07,122.8776
2022-11-07,2022-11-14,121.9168
2022-11-08,2022-11-14,120.8262
2022-11-09,2022-11-14,121.5835
2022-11-10,2022-11-14,119.7127
2022-11-14,2022-11-21,118.3306
2022-11-15,2022-11-21,117.8273
2022-11-16,2022-11-21,117.9241
2022-11-17,2022-11-21,118.4743
2022-11-18,2022-11-21,118.3604
2022-11-21,2022-11-28,119.5525
2022-11-22,2022-11-28,118.9398
2022-11-23,2022-11-28,118.1061
2022-11-25,2022-11-28,117.6993
2022-11-28,2022-12-05,117.9642
2022-11-29,2022-12-05,118.626
2022-11-30,2022-12-05,118.6708
2022-12-01,2022-12-05,116.7655
2022-12-02,2022-12-05,116.5981
2022-12-05,2022-12-12,117.3909
2022-12-06,2022-12-12,117.5369
2022-12-07,2022-12-12,117.4524
2022-12-08,2022-12-12,116.9744
2022-12-09,2022-12-12,116.9156
2022-12-12,2022-12-19,117.2547
2022-12-13,2022-12-19,116.115
2022-12-14,2022-12-19,116.0133
2022-12-15,2022-12-19,116.9141
2022-12-16,2022-12-19,117.0707
2022-12-19,2022-12-27,116.8821
2022-12-20,2022-12-27,116.1956
2022-12-21,2022-12-27,116.5764
2022-12-22,2022-12-27,116.7792
2022-12-23,2022-12-27,116.5183
2022-12-27,2023-01-03,116.2064
2022-12-28,2023-01-03,116.6154
2022-12-29,2023-01-03,116.1229
2022-12-30,2023-01-03,115.79
2023-01-03,2023-01-09,116.8648
2023-01-04,2023-01-09,116.0841
2023-01-05,2023-01-09,117.2074
2023-01-06,2023-01-09,116.0432
2023-01-09,2023-01-17,114.8869
2023-01-10,2023-01-17,115.3194
2023-01-11,2023-01-17,115.4084
2023-01-12,2023-01-17,114.5641
2023-01-13,2023-01-17,114.4621
2023-01-17,2023-01-23,114.3573
2023-01-18,2023-01-23,114.191
2023-01-19,2023-01-23,114.4708
2023-01-20,2023-01-23,114.3743
2023-01-23,2023-01-30,114.2068
2023-01-24,2023-01-30,114.1044
2023-01-25,2023-01-30,113.9521
2023-01-26,2023-01-30,114.0497
2023-01-27,2023-01-30,113.9582
2023-01-30,2023-02-06,113.9815
2023-01-31,2023-02-06,113.9934
2023-02-01,2023-02-06,113.6268
2023-02-02,2023-02-06,113.5016
2023-02-03,2023-02-06,114.7053
2023-02-06,2023-02-13,115.5695
2023-02-07,2023-02-13,115.4339
2023-02-08,2023-02-13,115.1545
2023-02-09,2023-02-13,114.8929
2023-02-10,2023-02-13,115.3609
2023-02-13,2023-02-21,115.1052
2023-02-14,2023-02-21,115.1615
2023-02-15,2023-02-21,115.6968
2023-02-16,2023-02-21,115.8042
2023-02-17,2023-02-21,115.9801
2023-02-21,2023-02-27,116.096
2023-02-22,2023-02-27,116.3935
2023-02-23,2023-02-27,116.7427
2023-02-24,2023-02-27,117.3304
2023-02-27,2023-03-06,116.8654
2023-02-28,2023-03-06,116.8728
2023-03-01,2023-03-06,116.532
2023-03-02,2023-03-06,117.1789
2023-03-03,2023-03-06,116.8901
2023-03-06,2023-03-13,116.414
2023-03-07,2023-03-13,117.7265
2023-03-08,2023-03-13,117.9825
2023-03-09,2023-03-13,117.6485
2023-03-10,2023-03-13,116.964
2023-03-13,2023-03-20,115.9354
2023-03-14,2023-03-20,116.1038
2023-03-15,2023-03-20,117.3145
2023-03-16,2023-03-20,116.7875
2023-03-17,2023-03-20,116.4994
2023-03-20,2023-03-27,115.8164
2023-03-21,2023-03-27,115.8428
2023-03-22,2023-03-27,115.7094
2023-03-23,2023-03-27,114.7816
2023-03-24,2023-03-27,115.7211
2023-03-27,2023-04-03,115.4421
2023-03-28,2023-04-03,114.9189
2023-03-29,2023-04-03,115.1227
2023-03-30,2023-04-03,114.6089
2023-03-31,2023-04-03,114.689
2023-04-03,2023-04-10,114.2963
2023-04-04,2023-04-10,113.8823
2023-04-05,2023-04-10,113.9997
2023-04-06,2023-04-10,114.0938
2023-04-07,2023-04-10,114.3342
2023-04-10,2023-04-17,115.0076
2023-04-11,2023-04-17,114.4573
2023-04-12,2023-04-17,113.8559
2023-04-13,2023-04-17,113.06
2023-04-14,2023-04-17,113.799
2023-04-17,2023-04-24,114.3013
2023-04-18,2023-04-24,113.9659
2023-04-19,2023-04-24,114.1884
2023-04-20,2023-04-24,114.0017
2023-04-21,2023-04-24,114.2207
2023-04-24,2023-05-01,113.9593
2023-04-25,2023-05-01,114.4736
2023-04-26,2023-05-01,113.9403
2023-04-27,2023-05-01,114.2018
2023-04-28,2023-05-01,114.0118
2023-05-01,2023-05-08,114.536
2023-05-02,2023-05-08,114.5111
2023-05-03,2023-05-08,114.0152
2023-05-04,2023-05-08,113.9028
2023-05-05,2023-05-08,113.5226
2023-05-08,2023-05-15,113.3759
2023-05-09,2023-05-15,113.8466
2023-05-10,2023-05-15,113.6704
2023-05-11,2023-05-15,114.3216
2023-05-12,2023-05-15,114.8925
2023-05-15,2023-05-22,114.6221
2023-05-16,2023-05-22,114.7144
2023-05-17,2023-05-22,115.0707
2023-05-18,2023-05-22,115.5674
2023-05-19,2023-05-22,115.2032
2023-05-22,2023-05-30,115.4058
2023-05-23,2023-05-30,115.5528
2023-05-24,2023-05-30,116.0291
2023-05-25,2023-05-30,116.4218
2023-05-26,2023-05-30,116.4981
2023-05-30,2023-06-05,116.257
2023-05-31,2023-06-05,116.6358
2023-06-01,2023-06-05,115.5257
2023-06-02,2023-06-05,115.7784
2023-06-05,2023-06-12,115.75
2023-06-06,2023-06-12,115.8498
2023-06-07,2023-06-12,115.7375
2023-06-08,2023-06-12,115.1377
2023-06-09,2023-06-12,115.21
2023-06-12,2023-06-20,115.4755
2023-06-13,2023-06-20,114.9433
2023-06-14,2023-06-20,114.3808
2023-06-15,2023-06-20,113.9459
2023-06-16,2023-06-20,113.9775
2023-06-20,2023-06-26,114.3518
2023-06-21,2023-06-26,113.9718
2023-06-22,2023-06-26,114.0167
2023-06-23,2023-06-26,114.5446
2023-06-26,2023-07-03,114.2527
2023-06-27,2023-07-03,114.1197
2023-06-28,2023-07-03,114.7313
2023-06-29,2023-07-03,114.8939
2023-06-30,2023-07-03,114.5354
2023-07-03,2023-07-10,114.5876
2023-07-05,2023-07-10,114.9008
2023-07-06,2023-07-10,115.0377
2023-07-07,2023-07-10,114.0966
2023-07-10,2023-07-17,113.9036
2023-07-11,2023-07-17,113.6034
2023-07-12,2023-07-17,112.4039
2023-07-13,2023-07-17,111.7632
2023-07-14,2023-07-17,111.8465
2023-07-17,2023-07-24,111.8242
2023-07-18,2023-07-24,111.8841
2023-07-19,2023-07-24,112.2108
2023-07-20,2023-07-24,112.6787
2023-07-21,2023-07-24,112.9578
2023-07-24,2023-07-31,112.9341
2023-07-25,2023-07-31,113.0256
2023-07-26,2023-07-31,112.9142
2023-07-27,2023-07-31,113.3626
2023-07-28,2023-07-31,113.2738
2023-07-31,2023-08-07,113.3185
2023-08-01,2023-08-07,114.1621
2023-08-02,2023-08-07,114.4865
2023-08-03,2023-08-07,114.3558
2023-08-04,2023-08-07,113.7884
2023-08-07,2023-08-14,114.1375
2023-08-08,2023-08-14,114.6931
2023-08-09,2023-08-14,114.6149
2023-08-10,2023-08-14,114.3591
2023-08-11,2023-08-14,114.852
2023-08-14,2023-08-21,115.0736
2023-08-15,2023-08-21,115.0638
2023-08-16,2023-08-21,115.3448
2023-08-17,2023-08-21,115.5364
2023-08-18,2023-08-21,115.565
2023-08-21,2023-08-28,115.621
2023-08-22,2023-08-28,115.7085
2023-08-23,2023-08-28,115.4997
2023-08-24,2023-08-28,115.9432
2023-08-25,2023-08-28,116.4319
2023-08-28,2023-09-05,116.1978
2023-08-29,2023-09-05,115.8921
2023-08-30,2023-09-05,115.2348
2023-08-31,2023-09-05,115.7816
2023-09-01,2023-09-05,116.2623
2023-09-05,2023-09-11,116.7909
2023-09-06,2023-09-11,117.0767
2023-09-07,2023-09-11,117.1439
2023-09-08,2023-09-11,117.0417
2023-09-11,2023-09-18,116.5868
2023-09-12,2023-09-18,116.7208
2023-09-13,2023-09-18,116.6555
2023-09-14,2023-09-18,117.0141
2023-09-15,2023-09-18,117.0206
2023-09-18,2023-09-25,116.8445
2023-09-19,2023-09-25,116.8004
2023-09-20,2023-09-25,116.592
2023-09-21,2023-09-25,117.1338
2023-09-22,2023-09-25,117.2296
2023-09-25,2023-10-02,117.6911
2023-09-26,2023-10-02,117.9454
2023-09-27,2023-10-02,118.391
2023-09-28,2023-10-02,117.791
2023-09-29,2023-10-02,117.9212
2023-10-02,2023-10-10,118.8169
2023-10-03,2023-10-10,119.2593
2023-10-04,2023-10-10,118.8031
2023-10-05,2023-10-10,118.6835
2023-10-06,2023-10-10,118.0724
2023-10-10,2023-10-16,117.6492
2023-10-11,2023-10-16,117.7707
2023-10-12,2023-10-16,118.3794
2023-10-13,2023-10-16,118.6531
2023-10-16,2023-10-23,118.2604
2023-10-17,2023-10-23,118.0344
2023-10-18,2023-10-23,118.5872
2023-10-19,2023-10-23,118.4438
2023-10-20,2023-10-23,118.2422
2023-10-23,2023-10-30,117.8698
2023-10-24,2023-10-30,118.3543
2023-10-25,2023-10-30,118.5342
2023-10-26,2023-10-30,119.0365
2023-10-27,2023-10-30,118.7282
2023-10-30,2023-11-06,118.4404
2023-10-31,2023-11-06,119.1344
2023-11-01,2023-11-06,119.2309
2023-11-02,2023-11-06,118.4831
2023-11-03,2023-11-06,117.2644
2023-11-06,2023-11-13,117.1883
2023-11-07,2023-11-13,117.9364
2023-11-08,2023-11-13,117.8743
2023-11-09,2023-11-13,117.8762
2023-11-13,2023-11-20,118.0427
2023-11-14,2023-11-20,116.7198
2023-11-15,2023-11-20,116.6707
2023-11-16,2023-11-20,116.9454
2023-11-17,2023-11-20,116.6357
2023-11-20,2023-11-27,116.0249
2023-11-21,2023-11-27,115.9699
2023-11-22,2023-11-27,116.5665
2023-11-24,2023-11-27,115.8093
2023-11-27,2023-12-04,115.7708
2023-11-28,2023-12-04,114.9933
2023-11-29,2023-12-04,115.2719
2023-11-30,2023-12-04,115.59
2023-12-01,2023-12-04,115.3409
2023-12-04,2023-12-11,115.7807
2023-12-05,2023-12-11,116.149
2023-12-06,2023-12-11,116.1034
2023-12-07,2023-12-11,115.8367
2023-12-08,2023-12-11,116.2322
2023-12-11,2023-12-18,116.1979
2023-12-12,2023-12-18,115.9872
2023-12-13,2023-12-18,115.8648
2023-12-14,2023-12-18,113.8533
2023-12-15,2023-12-18,114.2967
2023-12-18,2023-12-26,114.4546
2023-12-19,2023-12-26,113.9338
2023-12-20,2023-12-26,114.0753
2023-12-21,2023-12-26,113.6702
2023-12-22,2023-12-26,113.4745
2023-12-26,2024-01-02,113.2251
2023-12-27,2024-01-02,112.6229
2023-12-28,2024-01-02,112.7493
2023-12-29,2024-01-02,112.8067
2024-01-02,2024-01-08,113.8027
2024-01-03,2024-01-08,114.3319
2024-01-04,2024-01-08,114.1376
2024-01-05,2024-01-08,114.0162
2024-01-08,2024-01-16,113.9093
2024-01-09,2024-01-16,114.2781
2024-01-10,2024-01-16,114.2622
2024-01-11,2024-01-16,114.5851
2024-01-12,2024-01-16,114.2413
2024-01-16,2024-01-22,115.1451
2024-01-17,2024-01-22,115.568
2024-01-18,2024-01-22,115.464
2024-01-19,2024-01-22,115.2847
2024-01-22,2024-01-29,115.1371
2024-01-23,2024-01-29,115.6591
2024-01-24,2024-01-29,115.0356
2024-01-25,2024-01-29,115.4709
2024-01-26,2024-01-29,115.2301
2024-01-29,2024-02-05,115.4687
2024-01-30,2024-02-05,115.2155
2024-01-31,2024-02-05,114.8968
2024-02-01,2024-02-05,114.8576
2024-02-02,2024-02-05,115.8013
2024-02-05,2024-02-12,116.3765
2024-02-06,2024-02-12,116.0725
2024-02-07,2024-02-12,115.9
2024-02-08,2024-02-12,115.9947
2024-02-09,2024-02-12,115.9961
2024-02-12,2024-02-20,115.9203
2024-02-13,2024-02-20,116.7425
2024-02-14,2024-02-20,116.6368
2024-02-15,2024-02-20,116.289
2024-02-16,2024-02-20,116.224
2024-02-20,2024-02-26,115.9807
2024-02-21,2024-02-26,115.9903
2024-02-22,2024-02-26,115.9985
2024-02-23,2024-02-26,115.8843
2024-02-26,2024-03-04,115.831
2024-02-27,2024-03-04,115.795
2024-02-28,2024-03-04,116.0346
2024-02-29,2024-03-04,116.1972
2024-03-01,2024-03-04,116.0484
2024-03-04,2024-03-11,115.9199
2024-03-05,2024-03-11,115.9329
2024-03-06,2024-03-11,115.3487
2024-03-07,2024-03-11,114.9471
2024-03-08,2024-03-11,114.8048
2024-03-11,2024-03-18,114.9414
2024-03-12,2024-03-18,115.1011
2024-03-13,2024-03-18,114.908
2024-03-14,2024-03-18,115.4198
2024-03-15,2024-03-18,115.5554
2024-03-18,2024-03-25,115.624
2024-03-19,2024-03-25,116.0235
2024-03-20,2024-03-25,116.1043
2024-03-21,2024-03-25,116.0998
2024-03-22,2024-03-25,116.5015
2024-03-25,2024-04-01,116.3347
2024-03-26,2024-04-01,116.4111
2024-03-27,2024-04-01,116.5024
2024-03-28,2024-04-01,116.4274
2024-03-29,2024-04-01,116.4889
2024-04-01,2024-04-08,117.0397
2024-04-02,2024-04-08,116.7968
2024-04-03,2024-04-08,116.3194
2024-04-04,2024-04-08,116.0248
2024-04-05,2024-04-08,116.3509
2024-04-08,2024-04-15,116.3195
2024-04-09,2024-04-15,116.2588
2024-04-10,2024-04-15,117.4116
2024-04-11,2024-04-15,117.5333
2024-04-12,2024-04-15,118.1133
2024-04-15,2024-04-22,118.2203
2024-04-16,2024-04-22,118.5509
2024-04-17,2024-04-22,118.4255
2024-04-18,2024-04-22,118.1934
2024-04-19,2024-04-22,118.2328
2024-04-22,2024-04-29,118.2692
2024-04-23,2024-04-29,117.8596
2024-04-24,2024-04-29,118.0509
2024-04-25,2024-04-29,117.7897
2024-04-26,2024-04-29,118.1126
2024-04-29,2024-05-06,117.7054
2024-04-30,2024-05-06,118.2928
2024-05-01,2024-05-06,118.3849
2024-05-02,2024-05-06,117.677
2024-05-03,2024-05-06,117.1353
2024-05-06,2024-05-13,117.0899
2024-05-07,2024-05-13,117.405
2024-05-08,2024-05-13,117.5982
2024-05-09,2024-05-13,117.4613
2024-05-10,2024-05-13,117.3678
2024-05-13,2024-05-20,117.294
2024-05-14,2024-05-20,117.1272
2024-05-15,2024-05-20,116.6006
2024-05-16,2024-05-20,116.5144
2024-05-17,2024-05-20,116.5983
2024-05-20,2024-05-28,116.6798
2024-05-21,2024-05-28,116.795
2024-05-22,2024-05-28,116.9843
2024-05-23,2024-05-28,117.1654
2024-05-24,2024-05-28,116.9316
2024-05-28,2024-06-03,116.6292
2024-05-29,2024-06-03,117.2904
2024-05-30,2024-06-03,116.8903
2024-05-31,2024-06-03,116.8375
2024-06-03,2024-06-10,116.3463
2024-06-04,2024-06-10,116.4336
2024-06-05,2024-06-10,116.6879
2024-06-06,2024-06-10,116.4972
2024-06-07,2024-06-10,117.1739
2024-06-10,2024-06-17,117.4584
2024-06-11,2024-06-17,117.6242
2024-06-12,2024-06-17,116.5965
2024-06-13,2024-06-17,117.3287
2024-06-14,2024-06-17,117.6732
2024-06-17,2024-06-24,117.6555
2024-06-18,2024-06-24,117.412
2024-06-20,2024-06-24,117.6688
2024-06-21,2024-06-24,117.8358
2024-06-24,2024-07-01,117.5627
2024-06-25,2024-07-01,117.6824
2024-06-26,2024-07-01,118.0379
2024-06-27,2024-07-01,117.8977
2024-06-28,2024-07-01,117.8828
2024-07-01,2024-07-08,118.0392
2024-07-02,2024-07-08,117.8514
2024-07-03,2024-07-08,117.2498
2024-07-05,2024-07-08,117.0028
2024-07-08,2024-07-15,116.9747
2024-07-09,2024-07-15,117.1677
2024-07-10,2024-07-15,117.0382
2024-07-11,2024-07-15,116.4663
2024-07-12,2024-07-15,116.2304
2024-07-15,2024-07-22,116.2856
2024-07-16,2024-07-22,116.5753
2024-07-17,2024-07-22,116.0512
2024-07-18,2024-07-22,116.2458
2024-07-19,2024-07-22,116.5519
2024-07-22,2024-07-29,116.6964
2024-07-23,2024-07-29,116.758
2024-07-24,2024-07-29,116.5331
2024-07-25,2024-07-29,116.6436
2024-07-26,2024-07-29,116.7332
2024-07-29,2024-08-05,117.017
2024-07-30,2024-08-05,117.0426
2024-07-31,2024-08-05,116.5345
2024-08-01,2024-08-05,116.7736
2024-08-02,2024-08-05,115.7969
2024-08-05,2024-08-12,115.2692
2024-08-06,2024-08-12,115.4877
2024-08-07,2024-08-12,115.6011
2024-08-08,2024-08-12,115.6288
2024-08-09,2024-08-12,115.4525
2024-08-12,2024-08-19,115.5797
2024-08-13,2024-08-19,115.3014
2024-08-14,2024-08-19,114.8845
2024-08-15,2024-08-19,115.2872
2024-08-16,2024-08-19,115.1139
2024-08-19,2024-08-26,114.3748
2024-08-20,2024-08-26,113.9886
2024-08-21,2024-08-26,113.5736
2024-08-22,2024-08-26,113.8286
2024-08-23,2024-08-26,113.1126
2024-08-26,2024-09-03,113.0716
2024-08-27,2024-09-03,112.9125
2024-08-28,2024-09-03,113.1006
2024-08-29,2024-09-03,113.3566
2024-08-30,2024-09-03,113.7213
2024-09-03,2024-09-09,113.9572
2024-09-04,2024-09-09,113.5525
2024-09-05,2024-09-09,113.356
2024-09-06,2024-09-09,113.4217
2024-09-09,2024-09-16,113.782
2024-09-10,2024-09-16,113.9132
2024-09-11,2024-09-16,113.9637
2024-09-12,2024-09-16,113.8263
2024-09-13,2024-09-16,113.3541
2024-09-16,2024-09-23,113.1577
2024-09-17,2024-09-23,113.3016
2024-09-18,2024-09-23,113.3047
2024-09-19,2024-09-23,113.0664
2024-09-20,2024-09-23,113.1163
2024-09-23,2024-09-30,112.9906
2024-09-24,2024-09-30,112.7953
2024-09-25,2024-09-30,112.955
2024-09-26,2024-09-30,112.6647
2024-09-27,2024-09-30,112.6696
2024-09-30,2024-10-07,112.8082
2024-10-01,2024-10-07,113.2783
2024-10-02,2024-10-07,113.5743
2024-10-03,2024-10-07,114.1054
2024-10-04,2024-10-07,114.6788
2024-10-07,2024-10-15,114.6448
2024-10-08,2024-10-15,114.8198
2024-10-09,2024-10-15,115.0685
2024-10-10,2024-10-15,115.2928
2024-10-11,2024-10-15,115.2736
2024-10-15,2024-10-21,115.603
2024-10-16,2024-10-21,115.8163
2024-10-17,2024-10-21,116.0411
2024-10-18,2024-10-21,115.9436
2024-10-21,2024-10-28,116.329
2024-10-22,2024-10-28,116.4061
2024-10-23,2024-10-28,116.746
2024-10-24,2024-10-28,116.5762
2024-10-25,2024-10-28,116.6079
2024-10-28,2024-11-04,116.7401
2024-10-29,2024-11-04,116.8864
2024-10-30,2024-11-04,116.5352
2024-10-31,2024-11-04,116.7212
2024-11-01,2024-11-04,116.7108
2024-11-04,2024-11-12,116.3636
2024-11-05,2024-11-12,116.0024
2024-11-06,2024-11-12,117.5023
2024-11-07,2024-11-12,116.7876
2024-11-08,2024-11-12,117.4017
2024-11-12,2024-11-18,118.4326
2024-11-13,2024-11-18,118.7569
2024-11-14,2024-11-18,118.9599
2024-11-15,2024-11-18,119.0895
2024-11-18,2024-11-25,118.7565
2024-11-19,2024-11-25,118.6091
2024-11-20,2024-11-25,119.0758
2024-11-21,2024-11-25,119.209
2024-11-22,2024-11-25,119.7688
2024-11-25,2024-12-02,119.2962
2024-11-26,2024-12-02,119.3663
2024-11-27,2024-12-02,118.4063
2024-11-29,2024-12-02,118.4652
2024-12-02,2024-12-09,118.9178
2024-12-03,2024-12-09,118.6767
2024-12-04,2024-12-09,118.7033
2024-12-05,2024-12-09,118.34
2024-12-06,2024-12-09,118.6243
2024-12-09,2024-12-16,118.581
2024-12-10,2024-12-16,119.1317
2024-12-11,2024-12-16,119.0946
2024-12-12,2024-12-16,119.2463
2024-12-13,2024-12-16,119.7453
2024-12-16,2024-12-23,119.6217
2024-12-17,2024-12-23,119.7655
2024-12-18,2024-12-23,120.0957
2024-12-19,2024-12-23,121.2649
2024-12-20,2024-12-23,120.6255
2024-12-23,2024-12-30,121.014
2024-12-24,2024-12-30,121.1533
2024-12-26,2024-12-30,121.0838
2024-12-27,2024-12-30,121.0966
2024-12-30,2025-01-06,121.1862
2024-12-31,2025-01-06,121.4512
2025-01-02,2025-01-06,122.1523
2025-01-03,2025-01-06,121.9692
2025-01-06,2025-01-13,121.0798
2025-01-07,2025-01-13,121.2639
2025-01-08,2025-01-13,121.8364
2025-01-09,2025-01-13,122.0159
2025-01-10,2025-01-13,122.5471
2025-01-13,2025-01-21,122.6927
2025-01-14,2025-01-21,122.121
2025-01-15,2025-01-21,121.9302
2025-01-16,2025-01-21,121.7617
2025-01-17,2025-01-21,122.1208
2025-01-21,2025-01-27,120.9067
2025-01-22,2025-01-27,121.1002
2025-01-23,2025-01-27,121.0157
2025-01-24,2025-01-27,120.2638
2025-01-27,2025-02-03,120.3996
2025-01-28,2025-02-03,120.9498
2025-01-29,2025-02-03,121.0867
2025-01-30,2025-02-03,120.9379
2025-01-31,2025-02-03,121.1957
2025-02-03,2025-02-10,122.2495
2025-02-04,2025-02-10,120.8578
2025-02-05,2025-02-10,120.2851
2025-02-06,2025-02-10,120.7114
2025-02-07,2025-02-10,120.9156
2025-02-10,2025-02-18,121.0559
2025-02-11,2025-02-18,120.8941
2025-02-12,2025-02-18,120.8043
2025-02-13,2025-02-18,120.2079
2025-02-14,2025-02-18,119.4799
2025-02-18,2025-02-24,119.7103
2025-02-19,2025-02-24,120.1277
2025-02-20,2025-02-24,119.3711
2025-02-21,2025-02-24,119.4551
2025-02-24,2025-03-03,119.4145
2025-02-25,2025-03-03,119.4187
2025-02-26,2025-03-03,119.4196
2025-02-27,2025-03-03,120.2768
2025-02-28,2025-03-03,120.5291
2025-03-03,2025-03-10,119.7621
2025-03-04,2025-03-10,119.6754
2025-03-05,2025-03-10,118.0575
2025-03-06,2025-03-10,117.4348
2025-03-07,2025-03-10,117.3504
2025-03-10,2025-03-17,117.5987
2025-03-11,2025-03-17,117.2462
2025-03-12,2025-03-17,117.1786
2025-03-13,2025-03-17,117.4909
2025-03-14,2025-03-17,117.4637
2025-03-17,2025-03-24,116.9313
2025-03-18,2025-03-24,116.9954
2025-03-19,2025-03-24,117.3631
2025-03-20,2025-03-24,117.4203
2025-03-21,2025-03-24,117.7831
2025-03-24,2025-03-31,117.8246
2025-03-25,2025-03-31,117.6524
2025-03-26,2025-03-31,117.7872
2025-03-27,2025-03-31,117.7782
2025-03-28,2025-03-31,117.5358
2025-03-31,2025-04-07,117.9708
2025-04-01,2025-04-07,117.6987
2025-04-02,2025-04-07,117.3522
2025-04-03,2025-04-07,115.2843
2025-04-04,2025-04-07,116.0575
2025-04-07,2025-04-14,117.0216
2025-04-08,2025-04-14,116.7871
2025-04-09,2025-04-14,115.9132
2025-04-10,2025-04-14,114.4109
2025-04-11,2025-04-14,113.2927
2025-04-14,2025-04-21,112.9371
2025-04-15,2025-04-21,113.355
2025-04-16,2025-04-21,112.6821
2025-04-17,2025-04-21,112.7059
2025-04-18,2025-04-21,112.5298
2025-04-21,2025-04-28,111.657
2025-04-22,2025-04-28,111.8649
2025-04-23,2025-04-28,112.9409
2025-04-24,2025-04-28,112.8156
2025-04-25,2025-04-28,112.7707
2025-04-28,2025-05-05,112.557
2025-04-29,2025-05-05,112.476
2025-04-30,2025-05-05,112.6273
2025-05-01,2025-05-05,113.4208
2025-05-02,2025-05-05,112.884
2025-05-05,2025-05-12,112.9178
2025-05-06,2025-05-12,112.5178
2025-05-07,2025-05-12,112.5793
2025-05-08,2025-05-12,113.627
2025-05-09,2025-05-12,113.512
2025-05-12,2025-05-19,114.8906
2025-05-13,2025-05-19,114.3128
2025-05-14,2025-05-19,114.0727
2025-05-15,2025-05-19,114.1235
2025-05-16,2025-05-19,114.4404
2025-05-19,2025-05-27,113.6678
2025-05-20,2025-05-27,113.5563
2025-05-21,2025-05-27,112.6613
2025-05-22,2025-05-27,113.0981
2025-05-23,2025-05-27,112.2973
2025-05-27,2025-06-02,112.6872
2025-05-28,2025-06-02,113.0543
2025-05-29,2025-06-02,112.5137
2025-05-30,2025-06-02,112.5057
2025-06-02,2025-06-09,111.7789
2025-06-03,2025-06-09,112.2791
2025-06-04,2025-06-09,111.7474
2025-06-05,2025-06-09,111.7661
2025-06-06,2025-06-09,112.1397
2025-06-09,2025-06-16,111.8986
2025-06-10,2025-06-16,112.031
2025-06-11,2025-06-16,111.6107
2025-06-12,2025-06-16,110.9788
2025-06-13,2025-06-16,111.0082
2025-06-16,2025-06-23,110.8585
2025-06-17,2025-06-23,111.2925
2025-06-18,2025-06-23,111.602
2025-06-20,2025-06-23,111.8933
2025-06-23,2025-06-30,111.8977
2025-06-24,2025-06-30,111.1217
2025-06-25,2025-06-30,111.2173
2025-06-26,2025-06-30,110.2687
2025-06-27,2025-06-30,110.3921
2025-06-30,2025-07-07,110.0028
2025-07-01,2025-07-07,110.0062
2025-07-02,2025-07-07,109.9656
2025-07-03,2025-07-07,110.0547
2025-07-07,2025-07-14,110.4647
2025-07-08,2025-07-14,110.7599
2025-07-09,2025-07-14,110.7613
2025-07-10,2025-07-14,110.8097
2025-07-11,2025-07-14,110.8856
2025-07-14,2025-07-21,111.139
2025-07-15,2025-07-21,111.5631
2025-07-16,2025-07-21,111.4367
2025-07-17,2025-07-21,111.7556
2025-07-18,2025-07-21,111.39
2025-07-21,2025-07-28,110.911
2025-07-22,2025-07-28,110.4211
2025-07-23,2025-07-28,110.3826
2025-07-24,2025-07-28,110.4711
2025-07-25,2025-07-28,110.9437
2025-07-28,2025-08-04,111.5937
2025-07-29,2025-08-04,112.1333
2025-07-30,2025-08-04,112.6453
2025-07-31,2025-08-04,113.0716
2025-08-01,2025-08-04,112.0957
2025-08-04,2025-08-11,111.9423
2025-08-05,2025-08-11,111.9067
2025-08-06,2025-08-11,111.4507
2025-08-07,2025-08-11,111.4586
2025-08-08,2025-08-11,111.396
2025-08-11,2025-08-18,111.7861
2025-08-12,2025-08-18,111.3232
2025-08-13,2025-08-18,111.025
2025-08-14,2025-08-18,111.5311
2025-08-15,2025-08-18,111.165
2025-08-18,2025-08-25,111.4585
2025-08-19,2025-08-25,111.6241
2025-08-20,2025-08-25,111.6882
2025-08-21,2025-08-25,112.0886
2025-08-22,2025-08-25,111.2124
2025-08-25,2025-09-02,111.4571
2025-08-26,2025-09-02,111.4728
2025-08-27,2025-09-02,111.7185
2025-08-28,2025-09-02,111.1624
2025-08-29,2025-09-02,110.9901
2025-09-02,2025-09-08,111.5362
2025-09-03,2025-09-08,111.3625
2025-09-04,2025-09-08,111.6736
2025-09-05,2025-09-08,110.8618
2025-09-08,2025-09-15,110.9131
2025-09-09,2025-09-15,111.0636
2025-09-10,2025-09-15,111.1114
2025-09-11,2025-09-15,110.9465
2025-09-12,2025-09-15,111.179
2025-09-15,2025-09-22,110.6594
2025-09-16,2025-09-22,110.097
2025-09-17,2025-09-22,110.1259
2025-09-18,2025-09-22,110.7659
2025-09-19,2025-09-22,110.8914
2025-09-22,2025-09-29,110.8753
2025-09-23,2025-09-29,110.7841
2025-09-24,2025-09-29,111.3104
2025-09-25,2025-09-29,111.8899
2025-09-26,2025-09-29,111.7773
2025-09-29,2025-10-06,111.4039
2025-09-30,2025-10-06,111.357
2025-10-01,2025-10-06,111.3828
2025-10-02,2025-10-06,111.6171
2025-10-03,2025-10-06,111.2425
2025-10-06,2025-10-14,111.6301
2025-10-07,2025-10-14,111.9235
2025-10-08,2025-10-14,112.4255
2025-10-09,2025-10-14,112.8917
2025-10-10,2025-10-14,112.5173
2025-10-14,2025-10-20,112.6395
2025-10-15,2025-10-20,112.3415
2025-10-16,2025-10-20,112.1887
2025-10-17,2025-10-20,112.0902
2025-10-20,2025-10-27,112.1318
2025-10-21,2025-10-27,112.4037
2025-10-22,2025-10-27,112.3733
2025-10-23,2025-10-27,112.5101
2025-10-24,2025-10-27,112.5359
2025-10-27,2025-11-03,112.4361
2025-10-28,2025-11-03,112.1293
2025-10-29,2025-11-03,112.0386
2025-10-30,2025-11-03,112.994
2025-10-31,2025-11-03,113.1643
2025-11-03,2025-11-10,113.3313
2025-11-04,2025-11-10,113.6555
2025-11-05,2025-11-10,113.7881
2025-11-06,2025-11-10,113.459
2025-11-07,2025-11-10,113.1072
2025-11-10,2025-11-17,113.2175
2025-11-12,2025-11-17,112.94
2025-11-13,2025-11-17,112.5793
2025-11-14,2025-11-17,112.831
2025-11-17,2025-11-24,112.9803
2025-11-18,2025-11-24,113.0721
2025-11-19,2025-11-24,113.5794
2025-11-20,2025-11-24,113.7757
2025-11-21,2025-11-24,113.837
2025-11-24,2025-12-01,113.8529
2025-11-25,2025-12-01,113.609
2025-11-26,2025-12-01,113.1982
2025-11-28,2025-12-01,112.9288
2025-12-01,2025-12-08,112.79
2025-12-02,2025-12-08,113.0107
2025-12-03,2025-12-08,112.4186
2025-12-04,2025-12-08,112.3666
2025-12-05,2025-12-08,112.3576
2025-12-08,2025-12-15,112.4456
2025-12-09,2025-12-15,112.4016
2025-12-10,2025-12-15,112.2742
2025-12-11,2025-12-15,111.4377
2025-12-12,2025-12-15,111.7305
2025-12-15,2025-12-22,111.5266
2025-12-16,2025-12-22,111.3474
2025-12-17,2025-12-22,111.638
2025-12-18,2025-12-22,111.6302
2025-12-19,2025-12-22,111.8648
2025-12-22,2025-12-29,111.5218
2025-12-23,2025-12-29,111.2315
2025-12-24,2025-12-29,111.05
2025-12-26,2025-12-29,111.1676
2025-12-29,2026-01-05,111.2135
2025-12-30,2026-01-05,111.2003
2025-12-31,2026-01-05,111.5056
2026-01-02,2026-01-05,111.4967
2026-01-05,2026-01-12,111.546
2026-01-06,2026-01-12,111.7977
2026-01-07,2026-01-12,111.9106
2026-01-08,2026-01-12,112.225
2026-01-09,2026-01-12,112.4978
2026-01-12,2026-01-20,112.2171
2026-01-13,2026-01-20,112.4845
2026-01-14,2026-01-20,112.321
2026-01-15,2026-01-20,112.6854
2026-01-16,2026-01-20,112.7357
2026-01-20,2026-01-26,111.7116
2026-01-21,2026-01-26,111.906
2026-01-22,2026-01-26,111.6464
2026-01-23,2026-01-26,111.1639
2026-01-26,2026-02-02,109.7855
2026-01-27,2026-02-02,108.9773
2026-01-28,2026-02-02,109.1437
2026-01-29,2026-02-02,108.9278
2026-01-30,2026-02-02,109.4427
2026-02-02,2026-02-09,110.2581
2026-02-03,2026-02-09,110.0384
2026-02-04,2026-02-09,110.2946
2026-02-05,2026-02-09,110.4375
2026-02-06,2026-02-09,110.2803
2026-02-09,2026-02-17,109.5435
2026-02-10,2026-02-17,109.3258
2026-02-11,2026-02-17,109.3643
2026-02-12,2026-02-17,109.5434
2026-02-13,2026-02-17,109.5407
2026-02-17,2026-02-23,109.9554
2026-02-18,2026-02-23,110.1605
2026-02-19,2026-02-23,110.571
2026-02-20,2026-02-23,110.4043
2026-02-23,2026-03-02,110.2366
2026-02-24,2026-03-02,110.4095
2026-02-25,2026-03-02,110.3145
2026-02-26,2026-03-02,110.4111
2026-02-27,2026-03-02,110.1581
2026-03-02,2026-03-09,111.1435
2026-03-03,2026-03-09,111.5389
2026-03-04,2026-03-09,111.2409
2026-03-05,2026-03-09,111.6796
2026-03-06,2026-03-09,111.2778
2026-03-09,2026-03-16,111.3146
2026-03-10,2026-03-16,110.8821
2026-03-11,2026-03-16,111.5092
2026-03-12,2026-03-16,111.8713
2026-03-13,2026-03-16,112.671
2026-03-16,2026-03-23,112.2613
2026-03-17,2026-03-23,112.0362
2026-03-18,2026-03-23,112.1698
2026-03-19,2026-03-23,112.1306
2026-03-20,2026-03-23,112.1405
2026-03-23,2026-03-30,111.821
2026-03-24,2026-03-30,112.0147
2026-03-25,2026-03-30,112.1597
2026-03-26,2026-03-30,112.4801
2026-03-27,2026-03-30,112.7767
2026-03-30,2026-04-06,113.2397
2026-03-31,2026-04-06,113.0345
2026-04-01,2026-04-06,112.1602
2026-04-02,2026-04-06,112.7288
2026-04-03,2026-04-06,112.9645
2026-04-06,2026-04-13,112.7505
2026-04-07,2026-04-13,112.6534
2026-04-08,2026-04-13,111.605
2026-04-09,2026-04-13,111.4404
2026-04-10,2026-04-13,111.4311
2026-04-13,2026-04-20,111.4743
2026-04-14,2026-04-20,110.789
2026-04-15,2026-04-20,110.7109
2026-04-16,2026-04-20,110.7475
2026-04-17,2026-04-20,110.4585
2026-04-20,2026-04-27,110.5327
2026-04-21,2026-04-27,110.7561
2026-04-22,2026-04-27,110.9953
2026-04-23,2026-04-27,111.1013
2026-04-24,2026-04-27,111.0095
2026-04-27,2026-05-04,110.7759
2026-04-28,2026-05-04,111.059
2026-04-29,2026-05-04,111.2489
2026-04-30,2026-05-04,110.5479
2026-05-01,2026-05-04,110.2913
2026-05-04,2026-05-11,110.7682
2026-05-05,2026-05-11,110.7037
2026-05-06,2026-05-11,110.3898
2026-05-07,2026-05-11,110.3497
2026-05-08,2026-05-11,110.4013
2026-05-11,2026-05-18,110.3395
2026-05-12,2026-05-18,110.8514
2026-05-13,2026-05-18,110.925
2026-05-14,2026-05-18,111.1852
2026-05-15,2026-05-18,111.7051
2026-05-18,2026-05-26,111.5095
2026-05-19,2026-05-26,111.8276
2026-05-20,2026-05-26,111.632
2026-05-21,2026-05-26,111.9292
2026-05-22,2026-05-26,111.8733
2026-05-26,2026-06-01,111.7727
2026-05-27,2026-06-01,111.811
2026-05-28,2026-06-01,111.6157
2026-05-29,2026-06-01,111.3756
2026-06-01,2026-06-08,111.8461
2026-06-02,2026-06-08,111.7033
2026-06-03,2026-06-08,112.1275
2026-06-04,2026-06-08,111.9921
2026-06-05,2026-06-08,112.6846
2026-06-08,2026-06-15,112.6851
2026-06-09,2026-06-15,112.6426
2026-06-10,2026-06-15,112.6386
2026-06-11,2026-06-15,113.0404
2026-06-12,2026-06-15,112.5589
2026-06-15,2026-06-22,112.4209
2026-06-16,2026-06-22,112.3447
2026-06-17,2026-06-22,112.5664
2026-06-18,2026-06-22,113.701
2026-06-22,2026-06-29,113.9645
2026-06-23,2026-06-29,114.3516
2026-06-24,2026-06-29,114.6741
2026-06-25,2026-06-29,114.3107
2026-06-26,2026-06-29,114.2065
2026-06-29,2026-07-06,114.1719
2026-06-30,2026-07-06,114.2259
2026-07-01,2026-07-06,114.3452
2026-07-02,2026-07-06,113.7579
2026-07-06,2026-07-13,114.0429
2026-07-07,2026-07-13,113.9974
2026-07-08,2026-07-13,114.2218
2026-07-09,2026-07-13,113.8469
2026-07-10,2026-07-13,113.6939
2026-07-13,2026-07-20,114.0382
2026-07-14,2026-07-20,113.7154
2026-07-15,2026-07-20,113.5007
2026-07-16,2026-07-20,113.4655
2026-07-17,2026-07-20,113.4919
2026-07-20,2026-07-27,113.7722
2026-07-21,2026-07-27,113.9513
2026-07-22,2026-07-27,113.913
2026-07-23,2026-07-27,114.2626
2026-07-24,2026-07-27,114.134
2026-07-27,2026-08-03,114.2972
2026-07-28,2026-08-03,114.123
2026-07-29,2026-08-03,114.2786
2026-07-30,2026-08-03,112.8453
2026-07-31,2026-08-03,112.8987
2026-08-03,2026-08-10,114.2972
2026-08-04,2026-08-10,112.8425
2026-08-05,2026-08-10,112.6323
2026-08-06,2026-08-10,112.8896
2026-08-07,2026-08-10,112.3595
2026-08-10,2026-08-17,112.4626
2026-08-11,2026-08-17,112.5499
2026-08-12,2026-08-17,112.5656
2026-08-13,2026-08-17,112.6745
2026-08-14,2026-08-17,112.2388
2026-08-17,2026-08-24,112.1597
2026-08-18,2026-08-24,112.3218
2026-08-19,2026-08-24,111.5655
2026-08-20,2026-08-24,111.4286
2026-08-21,2026-08-24,111.3552
